# Object Export From Tinkercad Server 2015

mtllib obj.mtl

o obj_0
v 610.5 		442.892 		0
v 609.015 		442.633 		0
v 818.847 		439.4 		0
v 818.996 		438.96 		0
v 818.905 		438.304 		0
v 607.4 		455.3 		0
v 818.497 		439.706 		0
v 608.204 		442.277 		0
v 818.99 		438.613 		0
v 818.1 		439.801 		0
v 811.764 		447.2357 		6.1256
v 811.806 		447.3618 		6.1256
v 811.6915 		447.0755 		6.1257
v 811.75 		447.194 		6.1257
v 811.672 		447.0357 		6.1257
v 811.574 		446.8888 		6.1258
v 811.457 		446.7567 		6.1258
v 811.324 		446.6397 		6.1258
v 811.177 		446.5417 		6.1258
v 767.802 		272.014 		16.001
v 810.153 		449.0147 		6.1251
v 810.326 		449.0497 		6.1251
v 810.502 		449.0608 		6.1251
v 810.679 		449.0497 		6.1251
v 810.852 		449.0147 		6.1251
v 811.019 		448.9578 		6.1251
v 769.1855 		272.014 		19.3532
v 811.177 		448.8798 		6.1251
v 811.324 		448.7817 		6.1252
v 769.052 		272.16 		19.786
v 811.457 		448.6657 		6.1252
v 811.574 		448.5327 		6.1253
v 803.5 		283.798 		0
v 803.5 		283.798 		0.001
v 768.8884 		272.014 		19.7228
v 768.9752 		272.014 		19.6144
v 803.5 		271.314 		0.001
v 768.7577 		272.014 		19.9524
v 803.5 		269.8 		0
v 803.5 		269.8 		1.515
v 544.196 		272.969 		21.681
v 544.125 		272.966 		21.715
v 769.137 		272.336 		20.244
v 544.26 		272.973 		21.641
v 544.316 		272.977 		21.595
v 544.363 		272.981 		21.544
v 768.801 		272.129 		20.151
v 768.6651 		272.014 		20.1144
v 768.5987 		272.014 		20.2998
v 544.713 		272.894 		21.969
v 771.034 		272.057 		18.282
v 771.0191 		272.014 		18.2578
v 770.9232 		272.014 		18.294
v 544.825 		272.902 		21.877
v 769.99 		272.02 		18.716
v 770.166 		272.239 		18.873
v 544.919 		272.911 		21.776
v 543.967 		272.871 		22.233
v 769.9867 		272.014 		18.7131
v 769.9761 		272.014 		18.7203
v 544.133 		272.873 		22.209
v 769.8808 		272.014 		18.7846
v 769.366 		272.189 		19.447
v 544.445 		272.881 		22.116
v 769.5841 		272.014 		18.9919
v 769.74 		272.216 		19.141
v 769.5526 		272.014 		19.014
v 769.2508 		272.014 		19.2927
v 771.145 		272.274 		18.467
v 544.294 		272.877 		22.17
v 770.637 		272.258 		18.647
v 544.755 		272.765 		22.504
v 544.586 		272.887 		22.049
v 770.492 		272.041 		18.475
v 770.4799 		272.014 		18.4609
v 770.4255 		272.014 		18.4886
v 544.994 		272.92 		21.667
v 545.048 		272.93 		21.552
v 769.366 		272.365 		19.909
v 545.455 		272.808 		22.001
v 770.649 		272.611 		19.312
v 545.566 		272.822 		21.84
v 607.264 		441.555 		0
v 606.683 		440.835 		0
v 545.646 		272.837 		21.67
v 605.908 		438.301 		0
v 605.952 		438.913 		0
v 819.285 		356.117 		20.911
v 606.167 		439.785 		0
v 819.285 		356.093 		20.547
v 604.496 		438.642 		0
v 604.41 		439.237 		0
v 603.775 		439.782 		0
v 603.6 		439.801 		0
v 604.45 		438.412 		0
v 604.154 		439.599 		0
v 604.168 		438.009 		0
v 604.379 		438.251 		0
v 603.889 		437.85 		0
v 603.6 		437.801 		0
v 605.7217 		434.176 		0
v 604.473 		430.528 		0
v 604.496 		430.96 		0
v 603.969 		431.716 		0
v 603.6 		431.801 		0
v 818.916 		354.946 		21.809
v 604.347 		431.4 		0
v 604.347 		430.203 		0
v 818.77 		354.451 		21.695
v 605.5352 		430.0476 		0
v 603.775 		429.821 		0
v 603.6 		429.801 		0
v 604.444 		422.431 		0
v 604.496 		422.961 		0
v 604.45 		423.191 		0
v 603.997 		423.707 		0
v 819.088 		354.919 		22.507
v 603.997 		421.897 		0
v 818.916 		354.538 		22.321
v 603.6 		423.802 		0
v 604.253 		422.091 		0
v 819.088 		355.182 		22.218
v 603.6 		421.802 		0
v 818.916 		354.764 		22.073
v 604.9817 		417.792 		0
v 603.6 		415.803 		0
v 604.473 		414.529 		0
v 603.6 		413.803 		0
v 603.889 		413.852 		0
v 604.168 		414.011 		0
v 604.496 		414.961 		0
v 604.345 		415.383 		0
v 604.347 		414.204 		0
v 818.916 		355.081 		21.534
v 604.7967 		413.696 		0
v 604.192 		407.578 		0
v 603.915 		407.741 		0
v 603.6 		407.803 		0
v 604.473 		406.53 		0
v 604.473 		407.077 		0
v 819.088 		355.55 		21.593
v 734 		272.014 		30.001
v 819.285 		355.549 		22.346
v 819.088 		355.394 		21.912
v 734 		283.798 		0.001
v 734 		271.314 		0.001
v 734 		269.8 		1.515
v 819.285 		355.786 		22.003
v 819.285 		355.962 		21.645
v 544.963 		272.773 		22.405
v 819.502 		355.858 		22.454
v 545.316 		272.795 		22.151
v 819.502 		356.309 		21.688
v 545.151 		272.784 		22.286
v 545.782 		272.658 		22.411
v 819.502 		356.117 		22.079
v 819.8 		356.2229 		22.4496
v 542.03 		272.248 		23.528
v 818.77 		352.77 		22.833
v 542.445 		272.235 		23.675
v 818.77 		353.08 		22.739
v 542.28 		272.016 		23.968
v 542.7592 		272.014 		24.0709
v 542.3694 		272.014 		23.9896
v 818.77 		352.45 		22.899
v 542.883 		272.226 		23.782
v 542.7765 		272.014 		24.0746
v 819.088 		353.016 		23.522
v 818.916 		352.899 		23.195
v 542.2788 		272.014 		23.9701
v 542.2832 		272.014 		23.9711
v 543.798 		272.219 		23.868
v 818.916 		353.276 		23.08
v 543.337 		272.22 		23.847
v 543.798 		272.014 		24.1607
v 818.916 		352.51 		23.275
v 543.2839 		272.014 		24.1388
v 543.2538 		272.014 		24.135
v 543.7629 		272.014 		24.1592
v 542.03 		272.643 		22.588
v 818.77 		353.374 		22.617
v 542.842 		272.61 		22.977
v 818.916 		353.635 		22.932
v 818.916 		353.968 		22.754
v 541.945 		272.459 		23.057
v 542.276 		272.63 		22.743
v 542.276 		272.445 		23.216
v 819.088 		353.454 		23.388
v 542.548 		272.619 		22.873
v 819.088 		354.258 		23.01
v 818.916 		354.271 		22.549
v 542.633 		272.434 		23.343
v 819.285 		354.077 		23.467
v 819.088 		353.87 		23.217
v 543.798 		272.749 		22.689
v 543.066 		272.758 		22.584
v 819.088 		352.564 		23.615
v 819.285 		353.119 		23.809
v 543.303 		272.753 		22.642
v 543.549 		272.75 		22.677
v 770.818 		272.454 		18.866
v 771.034 		272.627 		19.128
v 543.151 		272.603 		23.053
v 543.472 		272.599 		23.098
v 769.997 		272.415 		19.319
v 543.798 		272.42 		23.509
v 543.01 		272.427 		23.435
v 770.387 		272.437 		19.073
v 543.798 		272.598 		23.114
v 770.166 		272.702 		20.229
v 543.401 		272.422 		23.491
v 769.997 		272.57 		19.781
v 769.74 		272.546 		20.058
v 769.655 		272.391 		19.599
v 545.566 		272.248 		23.528
v 769.535 		272.521 		20.356
v 545.951 		272.264 		23.343
v 770.818 		272.847 		20.224
v 544.2807 		272.014 		24.1401
v 770.949 		272.758 		19.587
v 544.26 		272.22 		23.847
v 770.649 		272.741 		19.776
v 771.034 		272.862 		20.047
v 544.3122 		272.014 		24.1388
v 544.8014 		272.014 		24.077
v 544.713 		272.226 		23.782
v 544.8204 		272.014 		24.0746
v 770.637 		272.83 		20.419
v 545.151 		272.235 		23.675
v 770.302 		272.592 		19.532
v 770.387 		272.723 		19.991
v 545.316 		272.016 		23.968
v 545.2267 		272.014 		23.9896
v 545.3172 		272.014 		23.9701
v 545.3218 		272.014 		23.9686
v 545.782 		272.03 		23.803
v 545.7943 		272.014 		23.8188
v 545.8303 		272.014 		23.8035
v 496.515 		348.279 		21.06
v 544.294 		272.753 		22.642
v 544.531 		272.758 		22.584
v 496.515 		348.389 		20.694
v 544.125 		272.599 		23.098
v 544.048 		272.75 		22.677
v 496.515 		348.235 		21.428
v 544.196 		272.422 		23.491
v 544.586 		272.427 		23.435
v 544.445 		272.603 		23.053
v 496.712 		348.801 		20.746
v 544.755 		272.61 		22.977
v 496.712 		348.702 		21.072
v 496.712 		348.663 		21.4
v 545.32 		272.63 		22.743
v 496.515 		348.348 		22.145
v 545.566 		272.643 		22.588
v 544.963 		272.434 		23.343
v 545.32 		272.445 		23.216
v 545.048 		272.619 		22.873
v 496.712 		348.684 		21.724
v 496.515 		348.258 		21.792
v 496.712 		348.903 		22.338
v 496.515 		348.504 		22.481
v 545.651 		272.459 		23.057
v 545.951 		272.475 		22.869
v 496.712 		348.764 		22.039
v 609.114 		440.375 		2.51
v 609.698 		440.663 		2.51
v 803 		452.671 		3.097
v 803 		452.671 		6.124
v 803 		442.707 		3.0971
v 767.802 		454.601 		30
v 610.5 		440.801 		2.51
v 769.2389 		454.6002 		18.4132
v 770.0227 		454.6001 		17.9161
v 769.5524 		454.6002 		18.1832
v 769.9475 		454.6001 		17.9589
v 769.5221 		454.6002 		18.2053
v 610.4718 		440.7973 		3.0977
v 609.7047 		440.6653 		3.0977
v 609.6785 		440.6544 		3.0977
v 610.5 		440.801 		3.0977
v 609.1199 		440.379 		3.0977
v 769.1323 		454.6002 		18.4942
v 769.1433 		454.6002 		18.4858
v 768.7734 		454.6002 		18.8453
v 768.8237 		454.6002 		18.7962
v 609.0974 		440.3617 		3.0977
v 768.4782 		454.6002 		19.228
v 768.5555 		454.6002 		19.1275
v 608.732 		440.069 		2.51
v 608.021 		438.627 		2.51
v 608.335 		439.551 		2.51
v 608 		438.301 		2.51
v 608.19 		439.258 		2.51
v 768.2526 		454.6002 		19.6378
v 768.34 		454.6002 		19.4791
v 768.1004 		454.6003 		20.0677
v 768.1791 		454.6003 		19.8454
v 608.732 		440.069 		3.0977
v 768.0745 		454.6003 		20.2237
v 608.0201 		438.6128 		3.0977
v 608 		438.301 		3.0977
v 608.0224 		438.634 		3.0977
v 608.184 		439.2375 		3.0977
v 608.335 		439.551 		3.0977
v 608.19 		439.258 		3.0977
v 768.1309 		454.6004 		21.4087
v 768.1264 		454.6004 		21.3892
v 768.0966 		454.6004 		21.2628
v 768.0272 		454.6003 		20.5111
v 768.035 		454.6003 		20.9608
v 768.0291 		454.6003 		20.61
v 768.0429 		454.6004 		20.9998
v 768.3168 		454.6004 		21.8423
v 768.2841 		454.6004 		21.7662
v 768.5819 		454.6004 		22.2568
v 768.5018 		454.6004 		22.1318
v 768.7787 		454.6005 		22.4809
v 768.9226 		454.6005 		22.6441
v 769.115 		454.6005 		22.8086
v 604.347 		439.4 		0.8
v 604.496 		438.642 		0.8
v 604.496 		438.96 		0.8
v 603.6 		439.801 		0.8
v 603.944 		439.732 		0.8
v 819.285 		352.611 		23.914
v 769.3335 		454.6005 		22.9965
v 769.8077 		454.6005 		23.3072
v 769.5069 		454.6005 		23.1102
v 819.502 		352.651 		24.165
v 769.9526 		454.6005 		23.3795
v 819.737 		353.274 		24.243
v 819.502 		353.205 		24.051
v 819.8 		352.8458 		24.3696
v 768.97 		272.306 		20.597
v 768.509 		272.061 		20.935
v 768.869 		272.274 		20.962
v 768.619 		272.096 		20.536
v 768.5191 		272.014 		20.5195
v 768.4503 		272.014 		20.9311
v 768.4961 		272.014 		20.6536
v 818.95 		439.189 		0.8
v 818.905 		438.304 		0.8
v 818.692 		439.576 		0.8
v 818.497 		439.706 		0.8
v 768.472 		272.026 		21.341
v 818.1 		439.801 		0.8
v 768.835 		272.242 		21.334
v 818.996 		438.96 		0.8
v 818.983 		438.555 		0.8
v 819.737 		352.683 		24.365
v 818.1 		437.801 		0
v 819.8 		352.6888 		24.4018
v 819.285 		353.61 		23.659
v 819.502 		353.742 		23.887
v 819.502 		354.251 		23.677
v 818.497 		437.895 		0.8
v 818.1 		437.801 		0.8
v 819.8 		353.2867 		24.2786
v 819.8 		353.4386 		24.2323
v 818.792 		430.134 		0
v 819.737 		353.846 		24.069
v 818.522 		431.69 		0
v 818.775 		431.494 		0
v 818.973 		430.528 		0
v 819.8 		353.8653 		24.1025
v 819.8 		354.0099 		24.0428
v 768.457 		272.014 		21.3414
v 768.4514 		272.014 		21.0079
v 819.088 		354.609 		22.772
v 768.4609 		272.014 		21.3606
v 768.4847 		272.014 		21.4805
v 768.869 		272.21 		21.706
v 819.285 		354.512 		23.235
v 769.137 		272.148 		22.425
v 819.285 		355.254 		22.67
v 768.5468 		272.014 		21.7436
v 768.5389 		272.014 		21.7101
v 768.6753 		272.014 		22.0476
v 768.97 		272.179 		22.072
v 768.7091 		272.014 		22.1277
v 819.502 		354.726 		23.424
v 768.936 		272.014 		22.489
v 768.8606 		272.014 		22.3697
v 819.502 		355.156 		23.132
v 819.285 		354.906 		22.968
v 769.387 		272.381 		21.985
v 819.8 		355.0494 		23.5201
v 769.535 		272.354 		22.3
v 819.502 		355.536 		22.807
v 769.99 		272.68 		20.485
v 819.737 		356.104 		22.54
v 769.784 		272.633 		21.037
v 769.758 		272.608 		21.322
v 819.737 		355.76 		22.917
v 819.8 		355.8014 		22.9371
v 819.8 		355.8928 		22.837
v 819.8 		356.1495 		22.5557
v 769.387 		272.494 		20.67
v 769.862 		272.657 		20.756
v 819.737 		355.355 		23.264
v 769.266 		272.437 		21.328
v 819.8 		355.3918 		23.2881
v 819.8 		355.4993 		23.1959
v 769.296 		272.466 		20.996
v 819.737 		354.896 		23.575
v 819.737 		354.39 		23.845
v 771.145 		272.926 		20.626
v 819.8 		354.4156 		23.8757
v 819.8 		354.9275 		23.6027
v 819.8 		354.55 		23.8041
v 819.502 		356.452 		20.49
v 770.492 		272.812 		20.63
v 819.737 		356.765 		20.868
v 544.445 		453.193 		21.361
v 496.884 		349.152 		21.368
v 544.919 		453.222 		21.02
v 544.586 		453.198 		21.293
v 496.884 		349.27 		20.805
v 544.713 		453.205 		21.213
v 497.03 		349.9 		20.645
v 496.884 		349.405 		20.53
v 497.03 		349.789 		20.87
v 770.3368 		454.6006 		23.5707
v 770.9119 		454.6006 		23.781
v 770.4501 		454.6006 		23.612
v 497.03 		349.72 		21.101
v 770.9932 		454.6006 		23.8014
v 496.884 		349.185 		21.086
v 604.347 		438.202 		0.8
v 603.803 		437.83 		0.8
v 604.121 		437.974 		0.8
v 603.6 		437.801 		0.8
v 497.03 		349.692 		21.333
v 776.3648 		454.6002 		18.4132
v 776.0506 		454.6002 		18.1832
v 496.884 		349.239 		21.918
v 775.5813 		454.6001 		17.9161
v 776.0088 		454.6002 		18.1594
v 775.4838 		454.6001 		17.8733
v 496.884 		349.526 		22.417
v 497.03 		349.707 		21.562
v 496.884 		349.169 		21.647
v 604.473 		430.528 		0.8
v 604.496 		430.96 		0.8
v 603.775 		431.782 		0.8
v 604.347 		431.4 		0.8
v 496.884 		349.358 		22.176
v 603.6 		431.801 		0.8
v 604.347 		430.203 		0.8
v 497.03 		350.175 		22.374
v 777.1258 		454.6002 		19.228
v 777.204 		454.6002 		19.3699
v 776.8296 		454.6002 		18.8453
v 776.8834 		454.6002 		18.9149
v 497.03 		349.763 		21.784
v 776.4717 		454.6002 		18.4942
v 776.4838 		454.6002 		18.506
v 497.03 		349.862 		21.996
v 497.03 		349.999 		22.194
v 497.145 		350.349 		20.94
v 771.034 		272.913 		20.788
v 819.502 		356.478 		20.887
v 770.387 		272.792 		20.853
v 770.953 		272.898 		20.958
v 777.3514 		454.6002 		19.6378
v 819.8 		356.8181 		20.8647
v 777.503 		454.6003 		20.0677
v 777.5539 		454.6003 		20.3775
v 819.8 		356.811 		20.7522
v 770.905 		272.883 		21.134
v 777.4298 		454.6003 		19.8604
v 603.833 		429.832 		0.8
v 603.997 		429.896 		0.8
v 819.502 		356.43 		21.289
v 603.6 		429.802 		0.8
v 770.323 		272.773 		21.083
v 770.302 		272.752 		21.318
v 770.888 		272.867 		21.314
v 819.737 		356.714 		21.297
v 770.905 		272.852 		21.493
v 819.8 		356.7663 		21.2983
v 819.8 		356.7801 		21.1847
v 769.99 		272.536 		22.159
v 769.296 		272.409 		21.659
v 769.784 		272.584 		21.608
v 819.737 		356.38 		22.14
v 546.86 		272.216 		19.141
v 546.434 		272.239 		18.873
v 545.963 		272.258 		18.647
v 604.099 		423.649 		0.8
v 603.889 		423.752 		0.8
v 604.5 		422.902 		0.8
v 604.483 		422.556 		0.8
v 603.6 		423.802 		0.8
v 546.61 		272.02 		18.716
v 604.275 		423.494 		0.8
v 546.7192 		272.014 		18.7846
v 604.405 		423.299 		0.8
v 604.275 		422.11 		0.8
v 604.022 		421.913 		0.8
v 546.6133 		272.014 		18.7131
v 546.5989 		272.014 		18.7058
v 546.108 		272.041 		18.475
v 546.1201 		272.014 		18.4609
v 546.0505 		272.014 		18.4347
v 547.4837 		272.014 		19.4395
v 771.522 		454.6006 		23.9346
v 547.234 		272.189 		19.447
v 772.1559 		454.6006 		24.0272
v 771.5766 		454.6006 		23.9427
v 819.8 		356.4288 		22.1512
v 772.1925 		454.6006 		24.029
v 547.4145 		272.014 		19.3532
v 547.0815 		272.014 		19.0456
v 547.0474 		272.014 		19.014
v 547.463 		272.336 		20.244
v 772.8341 		454.6006 		24.0572
v 772.802 		454.6006 		24.0588
v 773.448 		454.6006 		24.0272
v 774.082 		454.6006 		23.9346
v 773.4854 		454.6006 		24.0217
v 774.1392 		454.6006 		23.9202
v 547.799 		272.129 		20.151
v 547.548 		272.16 		19.786
v 547.234 		272.365 		19.909
v 774.692 		454.6006 		23.781
v 775.2664 		454.6006 		23.5707
v 774.7788 		454.6006 		23.7493
v 819.8 		356.4829 		22.0404
v 547.9349 		272.014 		20.1144
v 819.737 		356.585 		21.723
v 777.0215 		454.6004 		22.2568
v 776.8871 		454.6005 		22.4094
v 547.799 		272.014 		19.8757
v 547.7116 		272.014 		19.7228
v 777.2872 		454.6004 		21.8423
v 777.2251 		454.6004 		21.9393
v 819.8 		356.6358 		21.7294
v 819.8 		356.6701 		21.6161
v 546.603 		272.415 		19.319
v 546.213 		272.437 		19.073
v 769.862 		272.56 		21.888
v 777.4731 		454.6004 		21.4087
v 777.4621 		454.6004 		21.4344
v 777.5071 		454.6004 		21.2628
v 777.5682 		454.6003 		20.9608
v 777.5758 		454.6003 		20.5111
v 777.5691 		454.6003 		20.9069
v 770.166 		272.514 		22.416
v 775.7963 		454.6005 		23.3072
v 775.3893 		454.6005 		23.5094
v 776.27 		454.6005 		22.9965
v 775.955 		454.6005 		23.2032
v 776.6809 		454.6005 		22.6441
v 776.4589 		454.6005 		22.8346
v 771.034 		272.822 		21.84
v 771.145 		272.808 		22.001
v 770.323 		272.732 		21.552
v 770.387 		272.712 		21.782
v 770.953 		272.837 		21.67
v 770.492 		272.693 		22.005
v 818.972 		431.045 		0
v 770.637 		272.675 		22.216
v 770.818 		272.658 		22.411
v 545.963 		272.83 		20.419
v 546.86 		272.546 		20.058
v 546.434 		272.702 		20.229
v 546.213 		272.723 		19.991
v 544.825 		453.213 		21.122
v 547.065 		272.521 		20.356
v 546.945 		272.391 		19.599
v 546.603 		272.57 		19.781
v 545.646 		453.315 		20.909
v 546.298 		272.592 		19.532
v 545.712 		453.345 		20.553
v 544.994 		453.231 		20.911
v 545.048 		453.241 		20.796
v 548.0171 		272.014 		20.3418
v 545.081 		453.252 		20.677
v 545.695 		453.33 		20.732
v 547.731 		272.274 		20.962
v 545.092 		453.262 		20.555
v 547.63 		272.306 		20.597
v 547.765 		272.242 		21.334
v 547.981 		272.096 		20.536
v 547.213 		272.381 		21.985
v 547.463 		272.148 		22.425
v 547.065 		272.354 		22.3
v 819.8 		347.208 		16.0006
v 547.731 		272.21 		21.706
v 822.761 		274.002 		16.001
v 822.467 		273.135 		16.001
v 547.664 		272.014 		22.489
v 547.8264 		272.014 		22.23
v 820.95 		270.864 		16.001
v 547.63 		272.179 		22.072
v 823 		275.814 		16.001
v 822.94 		274.9 		16.001
v 821.553 		271.553 		16.001
v 547.8909 		272.014 		22.1277
v 822.062 		272.314 		16.001
v 769.0925 		272.014 		22.6721
v 769.74 		272.328 		22.598
v 769.997 		272.304 		22.874
v 820.5 		275.813 		0.001
v 822.94 		274.9 		2.501
v 823 		275.813 		2.501
v 769.366 		272.119 		22.759
v 821.553 		271.552 		2.501
v 820.95 		270.864 		2.501
v 822.761 		274.002 		2.501
v 822.467 		273.135 		2.501
v 769.2208 		272.014 		22.8228
v 769.366 		272.014 		22.9542
v 769.655 		272.093 		23.069
v 769.5557 		272.014 		23.126
v 822.062 		272.314 		2.501
v 769.6812 		272.014 		23.2147
v 769.997 		272.069 		23.35
v 769.9361 		272.014 		23.3953
v 770.0335 		272.014 		23.4492
v 770.302 		272.283 		23.124
v 770.649 		272.264 		23.343
v 818 		275.814 		30.001
v 819.8 		275.814 		30.001
v 819.671 		274.831 		30.001
v 818.313 		272.8 		30.001
v 819.291 		273.914 		30.001
v 771.034 		272.248 		23.528
v 603.6 		421.802 		0.8
v 770.387 		272.048 		23.596
v 770.3549 		272.014 		23.6271
v 770.4205 		272.014 		23.6549
v 770.818 		272.03 		23.803
v 770.8057 		272.014 		23.8188
v 770.8388 		272.014 		23.8293
v 546.213 		272.792 		20.853
v 603.6 		415.803 		0.8
v 603.889 		415.753 		0.8
v 546.842 		272.608 		21.322
v 546.298 		272.752 		21.318
v 546.277 		272.773 		21.083
v 546.61 		272.68 		20.485
v 546.108 		272.812 		20.63
v 546.816 		272.633 		21.037
v 546.738 		272.657 		20.756
v 819.8 		275.814 		16.001
v 819.591 		274.595 		16.001
v 547.334 		272.437 		21.328
v 818.107 		272.661 		16.001
v 818.851 		273.314 		16.001
v 819.291 		273.914 		16.001
v 547.213 		272.494 		20.67
v 547.304 		272.466 		20.996
v 818.621 		431.629 		0.8
v 818.847 		430.203 		0.8
v 818.996 		430.643 		0.8
v 818.847 		431.4 		0.8
v 818.973 		431.075 		0.8
v 546.213 		272.712 		21.782
v 818.303 		431.773 		0.8
v 818.1 		431.801 		0
v 818.1 		431.801 		0.8
v 819.784 		430.0416 		0
v 818.303 		429.83 		0
v 818.1 		429.801 		0
v 546.434 		272.514 		22.416
v 545.963 		272.675 		22.216
v 546.61 		272.536 		22.159
v 546.108 		272.693 		22.005
v 819.5 		269.752 		16.001
v 818.679 		269.347 		16.001
v 546.816 		272.584 		21.608
v 820.261 		270.261 		16.001
v 546.277 		272.732 		21.552
v 818.739 		272.243 		0.001
v 820.157 		274.091 		0.001
v 819.376 		272.853 		0.001
v 546.738 		272.56 		21.888
v 547.304 		272.409 		21.659
v 820.261 		270.26 		2.501
v 819.5 		269.752 		2.501
v 548.128 		272.026 		21.341
v 548.1153 		272.014 		21.4805
v 548.143 		272.014 		21.3414
v 548.1434 		272.014 		21.3148
v 548.091 		272.061 		20.935
v 548.1497 		272.014 		20.9311
v 548.132 		272.014 		20.8272
v 818.679 		269.347 		2.501
v 548.0809 		272.014 		20.5195
v 548.0346 		272.014 		21.7876
v 548.0532 		272.014 		21.7436
v 546.603 		272.304 		22.874
v 818 		450.801 		30
v 546.298 		272.283 		23.124
v 818 		450.8 		16
v 546.945 		272.093 		23.069
v 818 		413.5 		21.598
v 818 		417.0605 		30.0002
v 818 		414.5362 		27.476
v 770.649 		272.475 		22.869
v 771.034 		272.643 		22.588
v 818 		366.225 		29.932
v 818 		366.2371 		30.0005
v 770.949 		272.459 		23.057
v 770.387 		272.494 		22.654
v 818 		275.814 		16.001
v 816 		268.814 		16.001
v 817.959 		275.5751 		30.001
v 816 		273.814 		30.001
v 816.883 		274.024 		30.001
v 816.9457 		274.066 		30.001
v 817.959 		274.066 		30.001
v 816 		272.014 		30.001
v 816.496 		272.047 		30.001
v 817.454 		272.304 		30.001
v 816.6415 		452.671 		30
v 816.636 		452.674 		30
v 817.454 		454.311 		30
v 816.74 		454.519 		30
v 817.959 		452.671 		30
v 818.497 		429.896 		0.8
v 818.1 		429.802 		0.8
v 819.8 		417.0605 		30.0002
v 772.237 		272.292 		18.257
v 771.071 		454.6001 		17.5176
v 770.5305 		454.6001 		17.6929
v 770.9098 		454.6001 		17.5699
v 770.4116 		454.6001 		17.7451
v 771.606 		272.069 		18.143
v 771.681 		272.285 		18.336
v 772.199 		272.077 		18.058
v 772.2145 		454.6001 		17.3138
v 772.1914 		272.014 		18.0199
v 771.6345 		454.6001 		17.3903
v 771.9936 		454.6001 		17.3432
v 771.5933 		272.014 		18.1104
v 772.0299 		272.014 		18.0441
v 771.4384 		454.6001 		17.4346
v 771.4594 		272.014 		18.1448
v 819.8 		413.5 		21.598
v 819.8 		414.5362 		27.476
v 772.802 		454.6001 		17.2883
v 773.1572 		454.6001 		17.3038
v 772.5677 		454.6001 		17.2983
v 816.6426 		452.671 		29.8037
v 773.9685 		454.6001 		17.3903
v 773.3895 		454.6001 		17.3138
v 773.751 		454.6001 		17.3614
v 817.959 		451.1719 		30
v 817.959 		451.1719 		29.3488
v 775.0728 		454.6001 		17.6929
v 774.5331 		454.6001 		17.5176
v 774.9258 		454.6001 		17.6453
v 774.3443 		454.6001 		17.475
v 770.166 		454.399 		18.057
v 769.74 		454.376 		18.325
v 770.637 		454.418 		17.831
v 770.387 		454.165 		18.271
v 771.034 		453.965 		18.339
v 816 		452.801 		30
v 770.818 		454.183 		18.064
v 816 		454.601 		30
v 545.566 		453.3 		21.079
v 819.5027 		421.888 		0
v 818.497 		423.707 		0
v 818.879 		423.352 		0
v 818.753 		422.091 		0
v 818.497 		421.897 		0
v 545.316 		453.273 		21.39
v 818.944 		422.431 		0
v 818.973 		423.076 		0
v 545.455 		453.286 		21.24
v 544.445 		453.311 		22.284
v 544.125 		453.307 		22.33
v 544.294 		453.231 		21.881
v 544.531 		453.236 		21.823
v 544.755 		453.317 		22.209
v 544.048 		453.228 		21.916
v 544.755 		453.243 		21.743
v 818.599 		423.649 		0.8
v 818.389 		423.752 		0.8
v 818.497 		421.897 		0.8
v 818.775 		422.11 		0.8
v 818.905 		423.299 		0.8
v 818.99 		422.99 		0.8
v 818.983 		422.556 		0.8
v 545.32 		453.441 		22.438
v 818.1 		423.802 		0.8
v 818.1 		423.802 		0
v 546.86 		272.328 		22.598
v 545.048 		453.326 		22.105
v 545.32 		453.338 		21.974
v 545.651 		453.455 		22.279
v 818.1 		421.802 		0
v 497.229 		351.171 		20.68
v 497.229 		351.075 		20.786
v 497.145 		350.549 		20.602
v 818.1 		421.802 		0.8
v 818.275 		415.783 		0
v 497.145 		350.434 		20.768
v 818.1 		415.803 		0
v 497.229 		350.998 		20.898
v 769.137 		454.593 		18.497
v 818.1 		415.803 		0.8
v 769.052 		454.32 		18.969
v 768.801 		454.562 		18.858
v 497.145 		350.296 		21.117
v 772.802 		272.079 		18.03
v 772.802 		272.294 		18.23
v 772.802 		272.014 		17.9901
v 773.2405 		272.014 		18.0114
v 497.229 		350.94 		21.015
v 772.6275 		272.014 		17.9987
v 497.229 		350.89 		21.254
v 497.145 		350.275 		21.294
v 497.229 		350.898 		21.373
v 497.145 		350.286 		21.47
v 771.637 		272.782 		19.302
v 771.28 		272.771 		19.428
v 497.229 		350.904 		21.134
v 771.887 		272.648 		18.874
v 772.014 		272.79 		19.21
v 771.449 		272.639 		18.981
v 497.229 		350.927 		21.488
v 771.775 		272.479 		18.581
v 497.229 		351.414 		20.496
v 771.284 		272.469 		18.701
v 497.28 		351.726 		20.874
v 497.229 		351.285 		20.583
v 497.28 		351.669 		20.923
v 497.28 		351.621 		20.976
v 546.603 		272.069 		23.35
v 546.6639 		272.014 		23.3953
v 497.28 		352.189 		20.709
v 546.7715 		272.014 		23.3193
v 497.28 		352.104 		20.718
v 497.28 		352.021 		20.735
v 545.951 		453.471 		22.091
v 497.28 		351.94 		20.76
v 545.782 		453.366 		21.642
v 497.28 		351.863 		20.792
v 604.473 		414.529 		0.8
v 604.49 		414.99 		0.8
v 604.405 		415.3 		0.8
v 603.803 		413.831 		0.8
v 497.28 		351.791 		20.83
v 604.121 		413.975 		0.8
v 544.963 		453.252 		21.643
v 545.566 		453.351 		21.819
v 545.151 		453.262 		21.525
v 497.28 		351.582 		21.033
v 497.28 		351.553 		21.091
v 497.28 		351.535 		21.152
v 818.217 		415.795 		0.8
v 497.28 		351.527 		21.212
v 819.2202 		413.696 		0
v 818.915 		415.272 		0
v 818.847 		414.204 		0
v 818.668 		414.011 		0
v 818.973 		414.529 		0
v 818.996 		414.961 		0
v 818.389 		413.852 		0
v 497.28 		351.531 		21.272
v 818.604 		415.632 		0
v 497.28 		351.546 		21.33
v 497.28 		351.572 		21.385
v 497.28 		351.608 		21.437
v 497.28 		351.653 		21.484
v 818.99 		414.99 		0.8
v 818.621 		413.975 		0.8
v 818.847 		414.204 		0.8
v 818.973 		414.529 		0.8
v 818.559 		415.667 		0.8
v 818.905 		415.3 		0.8
v 768.801 		454.289 		19.334
v 768.534 		454.528 		19.247
v 769.137 		454.064 		19.441
v 497.298 		352.176 		21.17
v 773.199 		272.795 		19.154
v 547.234 		272.119 		22.759
v 772.802 		272.796 		19.135
v 547.0442 		272.014 		23.126
v 547.182 		272.014 		23.0014
v 547.3792 		272.014 		22.8228
v 773.263 		272.654 		18.809
v 547.5382 		272.014 		22.6368
v 546.213 		272.048 		23.596
v 772.34 		272.654 		18.809
v 772.404 		272.795 		19.154
v 546.2451 		272.014 		23.6271
v 546.3173 		272.014 		23.5871
v 772.802 		272.487 		18.484
v 546.213 		272.494 		22.654
v 772.802 		272.656 		18.787
v 541.864 		272.014 		16.001
v 554.5 		274.066 		6.187
v 554.5 		274.066 		3.0988
v 772.284 		272.485 		18.508
v 554.5 		284.007 		3.0988
v 539.7537 		272.014 		19.9524
v 772.155 		272.902 		19.582
v 771.845 		272.895 		19.658
v 539.6616 		272.014 		20.1144
v 771.552 		272.886 		19.762
v 539.5952 		272.014 		20.2998
v 771.28 		272.875 		19.892
v 544.825 		453.734 		23.285
v 768.619 		454.256 		19.72
v 544.919 		453.928 		23.53
v 768.34 		454.493 		19.658
v 768.222 		454.456 		20.084
v 772.069 		272.977 		20.044
v 544.26 		453.559 		23.057
v 544.316 		453.727 		23.358
v 771.845 		272.97 		20.123
v 771.637 		272.961 		20.223
v 771.449 		272.951 		20.342
v 768.869 		454.003 		20.16
v 768.509 		454.221 		20.119
v 771.284 		272.939 		20.477
v 544.196 		453.418 		22.713
v 544.586 		453.423 		22.657
v 544.713 		453.564 		22.992
v 768.97 		454.034 		19.794
v 772.552 		272.985 		19.951
v 769.997 		454.144 		18.517
v 544.4441 		454.6006 		24.0272
v 544.4814 		454.6006 		24.0217
v 769.655 		454.12 		18.797
v 773.128 		272.906 		19.537
v 769.366 		454.349 		18.631
v 773.051 		272.985 		19.951
v 544.401 		454.136 		23.808
v 544.429 		454.369 		23.95
v 772.802 		272.986 		19.939
v 769.997 		453.908 		18.992
v 772.475 		272.906 		19.537
v 544.363 		453.921 		23.61
v 772.802 		272.907 		19.521
v 769.74 		453.885 		19.268
v 769.366 		454.093 		19.107
v 818.303 		413.831 		0.8
v 818.1 		413.803 		0.8
v 818.1 		413.803 		0
v 540.5811 		272.014 		18.9919
v 540.5495 		272.014 		19.014
v 540.2468 		272.014 		19.2927
v 540.1817 		272.014 		19.3532
v 818.692 		407.578 		0
v 818.1 		407.803 		0
v 770.166 		453.698 		19.451
v 540.877 		272.014 		18.7846
v 541.4768 		272.014 		18.4609
v 541.4225 		272.014 		18.4886
v 540.9827 		272.014 		18.7131
v 540.9721 		272.014 		18.7203
v 603.6 		413.803 		0.8
v 604.099 		415.649 		0.8
v 539.9722 		272.014 		19.6144
v 539.885 		272.014 		19.7228
v 604.347 		414.204 		0.8
v 539.5158 		272.014 		20.5195
v 545.455 		453.939 		23.4
v 539.4929 		272.014 		20.6536
v 539.4463 		272.014 		20.9311
v 539.4476 		272.014 		21.0079
v 539.4531 		272.014 		21.3414
v 539.4807 		272.014 		21.4805
v 545.782 		453.758 		23.001
v 539.4569 		272.014 		21.3606
v 545.151 		453.574 		22.886
v 545.316 		453.744 		23.165
v 539.5349 		272.014 		21.7101
v 539.5428 		272.014 		21.7436
v 539.6721 		272.014 		22.0476
v 539.7061 		272.014 		22.1277
v 770.302 		453.93 		18.742
v 544.963 		453.43 		22.565
v 545.566 		453.586 		22.739
v 770.949 		453.754 		18.809
v 770.649 		453.949 		18.523
v 545.951 		453.602 		22.554
v 818.415 		407.741 		0
v 545.048 		454.376 		23.861
v 545.078 		454.6006 		23.9346
v 545.1352 		454.6006 		23.9202
v 545.688 		454.6006 		23.781
v 545.7748 		454.6006 		23.7493
v 544.994 		454.143 		23.724
v 545.566 		454.155 		23.584
v 545.646 		454.389 		23.715
v 818.469 		407.718 		0.8
v 818.692 		407.578 		0.8
v 546.277 		453.44 		20.783
v 546.816 		453.58 		20.83
v 818.1 		407.803 		0.8
v 770.649 		453.737 		18.998
v 546.298 		453.46 		20.549
v 816.914 		457.74 		16
v 546.842 		453.604 		20.544
v 770.387 		453.719 		19.213
v 817.812 		457.561 		16
v 817.677 		454.201 		16
v 816.74 		454.519 		16
v 816.6806 		452.671 		16
v 818.973 		406.53 		0
v 816.642 		452.69 		16
v 772.633 		273.03 		20.389
v 818.847 		406.204 		0
v 772.467 		273.028 		20.413
v 818.973 		407.077 		0
v 771.034 		453.569 		19.279
v 770.818 		453.554 		19.455
v 772.306 		272.982 		19.986
v 772.306 		273.025 		20.452
v 817.959 		451.1123 		16
v 817.959 		450.7487 		16
v 773.137 		273.028 		20.413
v 816 		457.8 		16
v 816 		454.6 		16
v 816 		452.8 		16
v 769.535 		453.859 		19.566
v 816.261 		452.783 		16
v 769.862 		453.653 		19.978
v 769.387 		453.832 		19.881
v 772.971 		273.03 		20.389
v 769.784 		453.629 		20.259
v 769.296 		453.804 		20.207
v 817.959 		450.1543 		16
v 772.802 		273.031 		20.381
v 769.99 		453.676 		19.707
v 773.367 		272.292 		18.257
v 773.997 		272.069 		18.143
v 773.922 		272.285 		18.336
v 774.01 		272.014 		18.1104
v 773.8589 		272.014 		18.0878
v 773.405 		272.077 		18.058
v 773.4123 		272.014 		18.0199
v 546.61 		453.532 		21.381
v 546.738 		453.556 		21.11
v 545.963 		453.383 		21.447
v 546.108 		453.401 		21.236
v 546.213 		453.42 		21.014
v 547.981 		454.117 		21.33
v 547.731 		453.939 		20.904
v 547.765 		453.971 		20.532
v 547.63 		453.907 		21.27
v 547.334 		453.775 		20.539
v 547.213 		453.719 		21.196
v 497.145 		350.329 		21.64
v 547.304 		453.747 		20.87
v 497.145 		350.405 		21.802
v 497.145 		350.51 		21.953
v 546.945 		453.821 		22.267
v 497.229 		350.978 		21.597
v 546.298 		453.621 		22.335
v 497.229 		351.14 		21.793
v 546.86 		453.666 		21.809
v 546.213 		453.49 		21.876
v 546.603 		453.642 		22.085
v 497.229 		351.049 		21.7
v 546.434 		453.51 		21.638
v 497.145 		350.644 		22.091
v 547.8837 		454.6005 		22.4094
v 547.981 		454.516 		22.244
v 497.145 		351.192 		22.402
v 547.234 		454.023 		22.419
v 547.548 		454.052 		22.081
v 497.145 		350.804 		22.214
v 547.799 		454.276 		22.177
v 770.637 		453.537 		19.651
v 770.387 		453.5 		20.084
v 539.8576 		272.014 		22.3697
v 539.9326 		272.014 		22.489
v 540.0885 		272.014 		22.6721
v 540.2173 		272.014 		22.8228
v 771.145 		453.404 		19.865
v 540.363 		272.014 		22.9542
v 540.5521 		272.014 		23.126
v 771.034 		453.391 		20.027
v 540.6772 		272.014 		23.2147
v 770.492 		453.519 		19.862
v 770.905 		453.361 		20.373
v 770.323 		453.48 		20.314
v 540.9321 		272.014 		23.3953
v 541.0294 		272.014 		23.4492
v 604.192 		407.578 		0.8
v 603.969 		407.718 		0.8
v 541.3509 		272.014 		23.6271
v 603.6 		407.803 		0.8
v 541.4165 		272.014 		23.6549
v 541.8027 		272.014 		23.8188
v 541.8358 		272.014 		23.8293
v 497.145 		350.988 		22.318
v 818.95 		407.192 		0.8
v 818.847 		406.204 		0.8
v 818.621 		405.976 		0.8
v 818.996 		406.645 		0.8
v 818.275 		405.822 		0
v 818.1 		405.803 		0
v 539.798 		272.129 		20.151
v 818.1 		405.803 		0.8
v 497.229 		351.51 		22.003
v 774.57 		272.057 		18.282
v 770.953 		453.376 		20.197
v 774.5848 		272.014 		18.2578
v 774.4692 		272.014 		18.2281
v 774.967 		272.258 		18.647
v 774.459 		272.274 		18.467
v 497.28 		351.708 		21.526
v 768.137 		454.588 		21.408
v 497.229 		351.248 		21.876
v 497.229 		351.372 		21.946
v 768.222 		454.382 		20.951
v 768.182 		454.419 		20.517
v 497.28 		352.247 		21.621
v 497.28 		351.771 		21.561
v 497.28 		351.84 		21.59
v 768.835 		453.971 		20.532
v 768.472 		454.186 		20.525
v 818.847 		399.403 		0.001
v 768.509 		454.151 		20.931
v 547.234 		453.848 		21.957
v 768.869 		453.939 		20.904
v 818.497 		399.709 		0.001
v 818.1 		399.804 		0.001
v 540.363 		272.189 		19.447
v 540.736 		272.216 		19.141
v 768.619 		454.117 		21.33
v 768.34 		454.345 		21.376
v 818.648 		399.618 		0.801
v 818.469 		399.719 		0.801
v 818.1 		399.804 		0.801
v 775.111 		272.041 		18.475
v 775.1232 		272.014 		18.4609
v 818.973 		398.53 		0.001
v 818.973 		399.078 		0.001
v 775.0536 		272.014 		18.4347
v 541.489 		272.041 		18.475
v 541.633 		272.258 		18.647
v 540.986 		272.02 		18.716
v 541.162 		272.239 		18.873
v 818.905 		399.301 		0.801
v 818.99 		398.991 		0.801
v 818.95 		398.415 		0.801
v 774.155 		272.639 		18.981
v 773.967 		272.782 		19.302
v 818.497 		397.898 		0.001
v 818.847 		398.205 		0.001
v 773.59 		272.79 		19.21
v 540.133 		272.336 		20.244
v 818.497 		397.898 		0.801
v 818.769 		398.117 		0.801
v 497.28 		351.915 		21.612
v 497.28 		351.995 		21.626
v 540.363 		272.365 		19.909
v 773.828 		272.479 		18.581
v 497.28 		352.078 		21.632
v 773.717 		272.648 		18.874
v 497.28 		352.163 		21.631
v 540.048 		272.16 		19.786
v 773.32 		272.485 		18.508
v 541.646 		272.611 		19.312
v 547.463 		453.877 		21.623
v 547.799 		454.084 		21.716
v 541.815 		272.454 		18.866
v 774.324 		272.771 		19.428
v 774.954 		272.611 		19.312
v 540.993 		272.415 		19.319
v 547.065 		453.692 		21.511
v 541.383 		272.437 		19.073
v 775.217 		272.437 		19.073
v 774.785 		272.454 		18.866
v 774.57 		272.627 		19.128
v 548.4581 		454.6004 		21.4344
v 548.4691 		454.6004 		21.4087
v 548.463 		454.588 		21.408
v 548.378 		454.382 		20.951
v 774.32 		272.469 		18.701
v 768.97 		453.907 		21.27
v 548.5034 		454.6004 		21.2628
v 548.565 		454.6003 		20.9608
v 548.5728 		454.6003 		20.5111
v 548.5661 		454.6003 		20.9069
v 548.26 		454.345 		21.376
v 768.34 		454.551 		21.837
v 774.052 		272.886 		19.762
v 773.758 		272.895 		19.658
v 818.1 		397.804 		0.001
v 818.1 		397.804 		0.801
v 773.449 		272.902 		19.582
v 604.496 		406.645 		0.8
v 604.45 		407.192 		0.8
v 548.091 		454.151 		20.931
v 818.973 		391.5236 		0.001
v 818.847 		391.403 		0.001
v 818.595 		391.645 		0.001
v 548.128 		454.186 		20.525
v 548.418 		454.419 		20.517
v 818.1 		391.804 		0.001
v 604.347 		406.204 		0
v 818.497 		391.71 		0.801
v 603.775 		405.822 		0
v 818.847 		391.403 		0.801
v 603.6 		405.803 		0
v 818.1 		391.804 		0.801
v 548.0182 		454.6004 		22.2568
v 548.2212 		454.6004 		21.9393
v 548.2832 		454.6004 		21.8423
v 818.973 		390.531 		0.001
v 818.736 		390.068 		0.001
v 818.847 		390.206 		0.001
v 548.066 		454.31 		21.788
v 548.26 		454.551 		21.837
v 768.619 		454.516 		22.244
v 768.534 		454.31 		21.788
v 497.145 		351.647 		22.507
v 497.229 		351.66 		22.046
v 497.145 		351.413 		22.466
v 769.052 		454.052 		22.081
v 768.801 		454.276 		22.177
v 769.137 		453.877 		21.623
v 768.801 		454.084 		21.716
v 497.145 		351.889 		22.526
v 497.145 		352.137 		22.521
v 497.229 		351.818 		22.074
v 497.229 		352.15 		22.084
v 769.266 		453.775 		20.539
v 603.6 		405.803 		0.8
v 604.121 		405.976 		0.8
v 604.347 		406.204 		0.8
v 769.387 		453.719 		21.196
v 818.451 		389.895 		0.001
v 818.692 		390.029 		0.801
v 818.847 		390.206 		0.801
v 769.784 		453.58 		20.83
v 818.996 		390.646 		0.801
v 769.296 		453.747 		20.87
v 818.996 		390.963 		0.801
v 540.736 		272.546 		20.058
v 769.862 		453.556 		21.11
v 818.497 		389.899 		0.801
v 540.651 		272.391 		19.599
v 818.1 		389.805 		0.001
v 818.1 		389.805 		0.801
v 540.532 		272.521 		20.356
v 818.9686 		385.024 		0.001
v 818.967 		383.092 		0.001
v 769.758 		453.604 		20.544
v 818.415 		383.742 		0.001
v 818.753 		383.517 		0.001
v 541.815 		272.847 		20.224
v 816.9423 		274.066 		28.4372
v 769.99 		453.532 		21.381
v 770.302 		453.46 		20.549
v 604.347 		399.403 		0.001
v 770.888 		453.345 		20.553
v 770.323 		453.44 		20.783
v 770.953 		453.315 		20.909
v 603.997 		399.709 		0.001
v 603.6 		399.804 		0.001
v 770.905 		453.33 		20.732
v 770.387 		453.42 		21.014
v 604.148 		399.618 		0.801
v 603.969 		399.719 		0.801
v 603.6 		399.804 		0.801
v 770.492 		453.401 		21.236
v 770.637 		453.383 		21.447
v 771.034 		453.3 		21.079
v 604.473 		398.53 		0.001
v 604.473 		399.078 		0.001
v 604.49 		398.991 		0.801
v 771.145 		453.286 		21.24
v 604.405 		399.301 		0.801
v 604.45 		398.415 		0.801
v 603.6 		397.804 		0.001
v 604.347 		398.205 		0.001
v 769.655 		453.821 		22.267
v 769.366 		454.023 		22.419
v 603.997 		397.898 		0.001
v 603.997 		397.898 		0.801
v 603.6 		397.804 		0.801
v 604.269 		398.117 		0.801
v 769.535 		453.692 		21.511
v 769.366 		453.848 		21.957
v 770.166 		453.51 		21.638
v 769.74 		453.666 		21.809
v 769.997 		453.642 		22.085
v 816.9677 		274.066 		19.8631
v 817.959 		275.5751 		21.2192
v 569.5 		452.671 		6.124
v 569.5 		452.671 		3.0978
v 569.5 		442.707 		3.0978
v 817.959 		284.008 		6.184
v 817.959 		275.8857 		16.001
v 817.959 		275.5017 		16.001
v 816.765 		273.966 		16.001
v 816.9676 		274.066 		16.001
v 817.219 		272.223 		16.001
v 541.646 		272.741 		19.776
v 816 		272.014 		16.001
v 816 		273.814 		16.001
v 541.162 		272.702 		20.229
v 541.633 		272.83 		20.419
v 817.812 		269.053 		16.001
v 816.914 		268.874 		16.001
v 541.298 		272.592 		19.532
v 817.959 		274.066 		6.187
v 540.993 		272.57 		19.781
v 541.383 		272.723 		19.991
v 809.986 		277.7588 		6.1859
v 809.827 		277.8368 		6.1859
v 809.681 		277.9347 		6.1858
v 809.548 		278.0518 		6.1858
v 809.431 		278.1837 		6.1857
v 809.333 		278.3307 		6.1857
v 809.255 		278.4897 		6.1857
v 810.502 		277.6558 		6.1859
v 810.326 		277.6678 		6.1859
v 810.153 		277.7017 		6.1859
v 811.75 		278.4897 		6.1857
v 811.672 		278.3307 		6.1857
v 811.574 		278.1837 		6.1857
v 811.457 		278.0518 		6.1858
v 811.324 		277.9347 		6.1858
v 811.177 		277.8368 		6.1859
v 811.019 		277.7588 		6.1859
v 539.505 		272.061 		20.935
v 810.852 		277.7017 		6.1859
v 810.679 		277.6678 		6.1859
v 809.198 		278.6567 		6.1856
v 809.164 		278.8297 		6.1856
v 809.152 		279.0057 		6.1855
v 809.161 		279.1377 		6.1855
v 809.164 		279.182 		6.1855
v 809.1895 		279.3125 		6.1854
v 809.198 		279.3557 		6.1854
v 809.255 		279.5227 		6.1853
v 809.333 		279.6808 		6.1853
v 809.431 		279.8278 		6.1852
v 809.548 		279.9607 		6.1852
v 539.616 		272.096 		20.536
v 809.681 		280.0767 		6.1852
v 809.827 		280.1747 		6.1852
v 809.9462 		280.2332 		6.1851
v 809.986 		280.253 		6.1851
v 810.1112 		280.2957 		6.1851
v 811.75 		279.5227 		6.1853
v 811.806 		279.3557 		6.1854
v 811.8322 		279.2252 		6.1854
v 811.841 		279.182 		6.1855
v 811.8492 		279.05 		6.1855
v 811.852 		279.0057 		6.1855
v 811.841 		278.8297 		6.1856
v 539.468 		272.026 		21.341
v 811.806 		278.6567 		6.1856
v 810.153 		280.3097 		6.1851
v 810.326 		280.3448 		6.1851
v 810.502 		280.3557 		6.1851
v 810.679 		280.3448 		6.1851
v 810.852 		280.3097 		6.1851
v 810.9772 		280.267 		6.1851
v 811.019 		280.253 		6.1851
v 811.1375 		280.1945 		6.1851
v 811.177 		280.1747 		6.1852
v 811.324 		280.0767 		6.1852
v 811.457 		279.9607 		6.1852
v 811.574 		279.8278 		6.1852
v 811.672 		279.6808 		6.1853
v 539.967 		272.306 		20.597
v 539.865 		272.274 		20.962
v 539.831 		272.242 		21.334
v 817.959 		452.671 		6.124
v 817.959 		442.708 		6.127
v 540.383 		272.381 		21.985
v 539.865 		272.21 		21.706
v 540.133 		272.148 		22.425
v 540.532 		272.354 		22.3
v 774.155 		272.951 		20.342
v 539.967 		272.179 		22.072
v 773.297 		273.025 		20.452
v 773.297 		272.982 		19.986
v 540.754 		272.608 		21.322
v 770.302 		453.621 		22.335
v 773.967 		272.961 		20.223
v 540.78 		272.633 		21.037
v 770.387 		453.49 		21.876
v 773.758 		272.97 		20.123
v 540.263 		272.437 		21.328
v 770.949 		453.455 		22.279
v 770.818 		453.366 		21.642
v 770.649 		453.471 		22.091
v 497.229 		351.982 		22.087
v 604.473 		391.804 		0.001
v 604.347 		391.403 		0.001
v 604.095 		391.645 		0.001
v 496.298 		348.168 		22.601
v 603.6 		391.804 		0.001
v 496.2 		348.3013 		22.9926
v 496.2 		348.195 		22.8404
v 603.997 		391.71 		0.801
v 604.347 		391.403 		0.801
v 496.515 		348.723 		22.795
v 496.298 		348.406 		22.943
v 603.6 		391.804 		0.801
v 496.712 		349.098 		22.618
v 604.473 		390.531 		0.001
v 604.347 		390.206 		0.001
v 496.2 		348.4785 		23.1751
v 496.298 		348.71 		23.256
v 604.496 		390.646 		0.801
v 496.2 		348.6132 		23.314
v 604.496 		390.963 		0.801
v 496.2 		348.8243 		23.4749
v 496.515 		349 		23.081
v 604.347 		390.206 		0.801
v 496.298 		349.072 		23.532
v 604.236 		390.068 		0.001
v 603.6 		389.805 		0.001
v 603.951 		389.895 		0.001
v 604.192 		390.029 		0.801
v 603.6 		389.805 		0.801
v 496.515 		349.333 		23.334
v 496.515 		349.713 		23.55
v 603.997 		389.899 		0.801
v 496.712 		349.642 		23.098
v 604.4686 		385.024 		0.001
v 496.712 		349.346 		22.873
v 496.712 		349.981 		23.291
v 604.467 		383.092 		0.001
v 496.2 		348.9857 		23.5979
v 496.2 		349.2282 		23.7355
v 496.298 		349.488 		23.768
v 496.2 		349.4129 		23.8406
v 604.473 		383.079 		0.801
v 496.2 		349.8869 		24.0376
v 496.2 		349.6817 		23.9525
v 604.347 		383.404 		0.801
v 496.2 		350.1783 		24.1209
v 603.915 		383.742 		0.001
v 603.6 		383.805 		0.001
v 496.515 		350.136 		23.725
v 604.253 		383.517 		0.001
v 496.298 		349.949 		23.96
v 603.6 		383.805 		0.801
v 604.192 		383.58 		0.801
v 603.997 		383.71 		0.801
v 810.502 		446.3607 		6.1259
v 810.326 		446.3727 		6.1259
v 810.1963 		446.3982 		6.1259
v 810.153 		446.4067 		6.1259
v 771.034 		453.351 		21.819
v 810.0278 		446.4495 		6.1259
v 809.986 		446.4637 		6.1259
v 496.884 		349.739 		22.636
v 811.019 		446.4637 		6.1259
v 810.8937 		446.421 		6.1259
v 810.852 		446.4067 		6.1259
v 810.7223 		446.3813 		6.1259
v 810.679 		446.3727 		6.1259
v 496.884 		349.994 		22.83
v 809.827 		446.5417 		6.1258
v 809.681 		446.6397 		6.1258
v 809.548 		446.7567 		6.1258
v 809.431 		446.8888 		6.1258
v 809.333 		447.0357 		6.1257
v 809.2745 		447.1542 		6.1257
v 809.255 		447.194 		6.1257
v 769.137 		454.245 		22.538
v 768.97 		454.483 		22.622
v 809.2123 		447.32 		6.1256
v 809.198 		447.3618 		6.1256
v 809.164 		447.5348 		6.1255
v 809.152 		447.7107 		6.1255
v 809.164 		447.8867 		6.1254
v 809.198 		448.0608 		6.1254
v 496.712 		350.358 		23.448
v 818.497 		383.71 		0.801
v 818.692 		383.58 		0.801
v 818.847 		383.404 		0.801
v 818.973 		383.079 		0.801
v 818.1 		383.805 		0.001
v 818.1 		383.805 		0.801
v 818.9688 		382.5595 		0.001
v 818.99 		382.617 		0.001
v 818.1 		381.805 		0.001
v 818.599 		381.958 		0.001
v 818.84 		382.21 		0.001
v 769.387 		454.454 		22.963
v 818.95 		382.416 		0.801
v 818.775 		382.113 		0.801
v 818.996 		382.646 		0.801
v 818.599 		381.958 		0.801
v 818.1 		381.805 		0.801
v 769.862 		454.428 		23.262
v 818.9885 		376.832 		0.001
v 819.8 		366.2371 		30.0005
v 819.8 		366.225 		29.932
v 769.74 		453.997 		22.725
v 769.535 		454.217 		22.864
v 818.983 		375.051 		0.001
v 818.84 		375.4 		0.001
v 818.494 		375.704 		0.001
v 769.99 		454.193 		23.151
v 818.469 		375.721 		0.801
v 818.692 		375.581 		0.801
v 818.95 		375.194 		0.801
v 818.1 		375.806 		0.001
v 769.997 		453.797 		22.548
v 818.1 		375.806 		0.801
v 770.166 		453.974 		22.993
v 818.996 		374.647 		0.001
v 818.497 		373.9 		0.001
v 818.834 		374.215 		0.001
v 818.497 		373.9 		0.801
v 818.692 		374.031 		0.801
v 818.996 		374.647 		0.801
v 818.95 		374.417 		0.801
v 770.649 		453.602 		22.554
v 818.1 		373.806 		0.001
v 771.034 		453.586 		22.739
v 818.1 		373.806 		0.801
v 818.9654 		368.64 		0.001
v 818.995 		366.85 		0.001
v 818.84 		367.401 		0.001
v 818.573 		367.666 		0.001
v 818.1 		367.806 		0.001
v 770.492 		454.172 		23.392
v 770.387 		454.406 		23.515
v 818.1 		367.806 		0.801
v 818.444 		367.738 		0.801
v 818.775 		367.498 		0.801
v 818.981 		367.081 		0.801
v 818.1 		365.806 		0.001
v 818.599 		365.96 		0.001
v 818.905 		366.309 		0.001
v 770.387 		453.776 		22.793
v 818.847 		366.207 		0.801
v 818.469 		365.891 		0.801
v 818.973 		366.533 		0.801
v 818.1 		365.806 		0.801
v 496.712 		350.766 		23.565
v 496.515 		350.594 		23.857
v 496.712 		351.198 		23.641
v 496.515 		351.079 		23.943
v 819.8 		348.1284 		19.8894
v 819.8 		347.9225 		20.1878
v 819.8 		347.8681 		20.2986
v 496.298 		350.449 		24.103
v 496.2 		350.401 		24.1847
v 496.2 		350.9446 		24.2812
v 496.2 		350.7094 		24.2395
v 496.298 		350.978 		24.197
v 496.515 		351.582 		23.981
v 819.8 		348.9592 		19.0516
v 819.8 		348.8517 		19.1438
v 819.8 		348.5496 		19.4027
v 809.255 		448.2277 		6.1253
v 809.333 		448.3857 		6.1253
v 496.515 		352.096 		23.971
v 809.431 		448.5327 		6.1253
v 809.548 		448.6657 		6.1252
v 809.681 		448.7817 		6.1252
v 770.637 		453.954 		23.22
v 809.827 		448.8798 		6.1251
v 809.986 		448.9578 		6.1251
v 811.672 		448.3857 		6.1253
v 811.75 		448.2277 		6.1253
v 811.806 		448.0608 		6.1254
v 811.841 		447.8867 		6.1254
v 811.852 		447.7107 		6.1255
v 811.841 		447.5348 		6.1255
v 773.534 		272.977 		20.044
v 771.145 		453.939 		23.4
v 774.324 		272.875 		19.892
v 770.818 		453.758 		23.001
v 774.954 		272.741 		19.776
v 770.953 		454.389 		23.715
v 771.034 		454.155 		23.584
v 775.302 		272.592 		19.532
v 774.655 		272.758 		19.587
v 771.284 		454.197 		17.899
v 771.887 		453.987 		18.085
v 772.014 		453.786 		18.432
v 816 		268.814 		2.501
v 771.449 		453.977 		18.192
v 816.914 		457.74 		2.5
v 816.587 		455.261 		0
v 817.443 		455.052 		0
v 817.812 		457.561 		2.5
v 816 		457.799 		2.5
v 816 		455.3 		0
v 772.802 		453.994 		17.998
v 805.5 		442.892 		0
v 806.688 		442.736 		0
v 807.281 		442.531 		0
v 773.199 		453.791 		18.376
v 773.263 		453.992 		18.02
v 772.404 		453.791 		18.376
v 772.34 		453.992 		18.02
v 772.802 		453.792 		18.357
v 772.155 		453.609 		18.814
v 771.845 		453.603 		18.889
v 771.637 		453.778 		18.524
v 771.552 		453.594 		18.993
v 771.28 		453.767 		18.65
v 771.28 		453.583 		19.124
v 772.069 		453.455 		19.283
v 771.845 		453.448 		19.362
v 546.434 		453.974 		22.993
v 546.86 		453.997 		22.725
v 546.213 		453.776 		22.793
v 546.603 		453.797 		22.548
v 546.3861 		454.6005 		23.5094
v 546.738 		454.428 		23.262
v 546.7923 		454.6005 		23.3072
v 546.951 		454.6005 		23.2032
v 546.108 		454.172 		23.392
v 546.213 		454.406 		23.515
v 545.963 		453.954 		23.22
v 810.153 		446.405 		1.124
v 546.61 		454.193 		23.151
v 810.502 		446.359 		1.124
v 810.326 		446.371 		1.124
v 546.2632 		454.6006 		23.5707
v 810.852 		446.405 		1.124
v 810.679 		446.371 		1.124
v 547.213 		454.454 		22.963
v 547.2665 		454.6005 		22.9965
v 547.6775 		454.6005 		22.6441
v 547.4559 		454.6005 		22.8346
v 811.019 		446.462 		1.123
v 547.065 		454.217 		22.864
v 809.986 		446.462 		1.123
v 547.463 		454.245 		22.538
v 547.63 		454.483 		22.622
v 809.827 		446.54 		1.123
v 809.681 		446.638 		1.123
v 809.548 		446.755 		1.123
v 809.431 		446.887 		1.123
v 809.333 		447.034 		1.123
v 809.255 		447.192 		1.123
v 809.198 		447.36 		1.123
v 809.164 		447.533 		1.123
v 809.152 		447.709 		1.123
v 809.164 		447.885 		1.123
v 809.198 		448.059 		1.123
v 542.678 		454.445 		17.52
v 809.255 		448.226 		1.123
v 542.6315 		454.6001 		17.3903
v 809.333 		448.384 		1.123
v 542.435 		454.6001 		17.4346
v 542.067 		454.6001 		17.5176
v 809.431 		448.531 		1.123
v 809.548 		448.664 		1.123
v 541.9058 		454.6001 		17.5699
v 809.681 		448.78 		1.123
v 809.827 		448.878 		1.123
v 809.986 		448.956 		1.123
v 604.4688 		382.5595 		0.001
v 604.49 		382.617 		0.001
v 603.6 		381.805 		0.001
v 604.34 		382.21 		0.001
v 604.099 		381.958 		0.001
v 604.496 		382.646 		0.801
v 604.45 		382.416 		0.801
v 604.099 		381.958 		0.801
v 603.6 		381.805 		0.801
v 604.275 		382.113 		0.801
v 604.4885 		376.832 		0.001
v 811.806 		447.36 		1.123
v 774.785 		272.847 		20.224
v 774.32 		272.939 		20.477
v 496.712 		351.647 		23.676
v 496.712 		352.105 		23.667
v 774.967 		272.83 		20.419
v 775.217 		272.723 		19.991
v 496.2 		351.2653 		24.3057
v 496.2 		351.5101 		24.3245
v 496.2 		352.0865 		24.3131
v 496.298 		352.089 		24.228
v 496.2 		351.8371 		24.3181
v 774.57 		272.862 		20.047
v 604.483 		375.051 		0.001
v 604.099 		375.652 		0.001
v 603.6 		375.806 		0.001
v 775.438 		272.239 		18.873
v 604.45 		375.194 		0.801
v 603.969 		375.721 		0.801
v 603.6 		375.806 		0.801
v 604.347 		375.405 		0.801
v 775.614 		272.02 		18.716
v 775.723 		272.014 		18.7846
v 775.6173 		272.014 		18.7131
v 604.496 		374.647 		0.001
v 604.334 		374.215 		0.001
v 603.6 		373.806 		0.001
v 540.383 		272.494 		20.67
v 603.997 		373.9 		0.001
v 604.496 		374.647 		0.801
v 604.45 		374.417 		0.801
v 540.293 		272.466 		20.996
v 603.997 		373.9 		0.801
v 603.6 		373.806 		0.801
v 604.192 		374.031 		0.801
v 541.489 		272.812 		20.63
v 541.383 		272.792 		20.853
v 496.298 		351.528 		24.239
v 541.298 		272.752 		21.318
v 775.6029 		272.014 		18.7058
v 540.986 		272.68 		20.485
v 541.32 		272.773 		21.083
v 497.03 		350.384 		22.534
v 496.884 		350.286 		22.996
v 496.884 		350.611 		23.131
v 540.858 		272.657 		20.756
v 497.03 		351.179 		22.863
v 496.884 		350.962 		23.232
v 540.293 		272.409 		21.659
v 540.78 		272.584 		21.608
v 497.03 		350.624 		22.67
v 497.03 		350.89 		22.78
v 541.32 		272.732 		21.552
v 541.383 		272.712 		21.782
v 541.815 		272.658 		22.411
v 540.858 		272.56 		21.888
v 540.986 		272.536 		22.159
v 541.489 		272.693 		22.005
v 604.495 		366.85 		0.001
v 604.4951 		367.5411 		0.001
v 604.34 		367.401 		0.001
v 604.073 		367.666 		0.001
v 541.633 		272.675 		22.216
v 603.6 		367.806 		0.001
v 542.141 		454.434 		17.651
v 541.162 		272.514 		22.416
v 496.884 		351.72 		23.327
v 540.363 		272.119 		22.759
v 540.736 		272.328 		22.598
v 496.884 		351.334 		23.298
v 540.651 		272.093 		23.069
v 497.03 		352.125 		22.935
v 496.884 		352.114 		23.319
v 542.772 		454.207 		17.779
v 540.993 		272.304 		22.874
v 541.646 		272.264 		23.343
v 543.798 		454.6001 		17.2883
v 543.2105 		454.6001 		17.3138
v 543.233 		454.452 		17.44
v 543.5637 		454.6001 		17.2983
v 540.993 		272.069 		23.35
v 541.298 		272.283 		23.124
v 542.99 		454.6001 		17.3432
v 543.798 		454.216 		17.682
v 543.798 		454.454 		17.414
v 541.383 		272.048 		23.596
v 776.237 		272.189 		19.447
v 819.8 		349.9356 		18.464
v 772.802 		453.615 		18.753
v 819.8 		349.8012 		18.5356
v 819.8 		349.4238 		18.7371
v 819.8 		349.3016 		18.8196
v 541.815 		272.03 		23.803
v 773.128 		453.613 		18.768
v 819.8 		348.4584 		19.5028
v 819.8 		348.2018 		19.7832
v 541.646 		272.475 		22.869
v 819.8 		351.0645 		18.0604
v 819.8 		350.9124 		18.1069
v 819.8 		350.4857 		18.2375
v 772.552 		453.463 		19.19
v 772.475 		453.613 		18.768
v 819.8 		350.3414 		18.2969
v 772.306 		453.46 		19.225
v 819.8 		352.1107 		17.8872
v 819.8 		351.6631 		17.9372
v 819.8 		351.5062 		17.9694
v 773.051 		453.463 		19.19
v 819.8 		347.7159 		20.6096
v 772.802 		453.464 		19.178
v 819.8 		347.6816 		20.723
v 819.8 		347.5854 		21.0415
v 819.8 		347.5717 		21.1553
v 819.8 		347.5329 		21.4746
v 819.8 		347.5403 		21.5868
v 819.8 		347.5604 		21.9024
v 819.8 		347.5883 		22.0116
v 819.8 		347.6667 		22.3182
v 819.8 		347.7147 		22.4221
v 772.155 		453.331 		19.75
v 604.481 		367.081 		0.801
v 603.6 		367.806 		0.801
v 772.014 		453.325 		19.818
v 771.637 		453.439 		19.462
v 771.449 		453.429 		19.581
v 819.8 		347.8505 		22.7145
v 819.8 		347.9183 		22.8116
v 819.8 		348.1085 		23.0839
v 771.284 		453.417 		19.716
v 819.8 		348.1944 		23.1722
v 819.8 		348.4353 		23.4207
v 819.8 		348.538 		23.4989
v 819.8 		348.8266 		23.719
v 819.8 		348.9445 		23.786
v 771.887 		453.319 		19.898
v 819.8 		349.275 		23.974
v 819.8 		349.4055 		24.0281
v 819.8 		349.7725 		24.1803
v 771.681 		453.302 		20.091
v 819.8 		349.9143 		24.2212
v 819.8 		350.3126 		24.3353
v 819.8 		350.4625 		24.3618
v 819.8 		350.8833 		24.4363
v 819.8 		351.039 		24.4483
v 771.606 		453.293 		20.2
v 771.552 		453.283 		20.315
v 819.8 		351.4769 		24.4819
v 819.8 		351.6359 		24.4788
v 819.8 		352.082 		24.4699
v 771.519 		453.272 		20.434
v 819.8 		352.2413 		24.4518
v 819.8 		352.8749 		17.8572
v 819.8 		352.7161 		17.8602
v 819.8 		352.27 		17.8692
v 603.944 		367.738 		0.801
v 604.275 		367.498 		0.801
v 604.443 		366.42 		0.001
v 603.6 		365.806 		0.001
v 603.889 		365.856 		0.001
v 604.275 		366.114 		0.001
v 811.75 		447.192 		1.123
v 811.672 		447.034 		1.123
v 776.0846 		272.014 		19.0456
v 775.864 		272.216 		19.141
v 811.574 		446.887 		1.123
v 811.457 		446.755 		1.123
v 776.0505 		272.014 		19.014
v 819.8 		354.0393 		18.0039
v 819.8 		353.8892 		17.9773
v 819.8 		353.4677 		17.9027
v 776.4877 		272.014 		19.4395
v 776.4183 		272.014 		19.3532
v 819.8 		353.312 		17.8907
v 776.237 		272.365 		19.909
v 811.324 		446.638 		1.123
v 819.8 		355.0763 		18.366
v 819.8 		354.9455 		18.3116
v 819.8 		354.5784 		18.1587
v 819.8 		354.4369 		18.1181
v 776.802 		272.014 		19.8757
v 776.552 		272.16 		19.786
v 776.715 		272.014 		19.7228
v 819.8 		355.9159 		18.9183
v 819.8 		355.813 		18.8401
v 819.8 		355.5251 		18.62
v 604.473 		366.533 		0.801
v 776.802 		272.129 		20.151
v 603.6 		365.806 		0.801
v 776.467 		272.336 		20.244
v 603.969 		365.891 		0.801
v 604.347 		366.207 		0.801
v 819.8 		355.4075 		18.5532
v 777.0205 		272.014 		20.3418
v 776.9384 		272.014 		20.1144
v 819.8 		356.2435 		19.2552
v 819.8 		356.1576 		19.1668
v 776.068 		272.521 		20.356
v 775.864 		272.546 		20.058
v 775.438 		272.702 		20.229
v 819.8 		356.6363 		19.9169
v 819.8 		356.5005 		19.6252
v 819.8 		356.4329 		19.5282
v 543.28 		454.214 		17.706
v 544.919 		454.445 		17.52
v 544.3855 		454.6001 		17.3138
v 544.7476 		454.6001 		17.3614
v 544.1532 		454.6001 		17.3038
v 541.383 		272.494 		22.654
v 544.316 		454.214 		17.706
v 544.363 		454.452 		17.44
v 544.825 		454.207 		17.779
v 545.9226 		454.6001 		17.6453
v 545.455 		454.434 		17.651
v 545.529 		454.6001 		17.5176
v 544.9655 		454.6001 		17.3903
v 545.3406 		454.6001 		17.475
v 546.0695 		454.6001 		17.6929
v 554.5 		454.6 		16
v 554.5 		452.671 		3.0978
v 554.5 		452.671 		6.124
v 554.5 		442.707 		3.0979
v 498 		275.814 		30.001
v 496.2 		275.814 		30.001
v 497.03 		351.484 		22.917
v 496.329 		274.831 		30.001
v 498.068 		275.296 		30.001
v 497.03 		351.802 		22.942
v 498.254 		274.9516 		30.001
v 496.709 		273.914 		30.001
v 497.313 		273.127 		30.001
v 498.1 		272.523 		30.001
v 499.016 		272.144 		30.001
v 496.2 		353.0863 		18.0339
v 496.298 		352.824 		18.101
v 496.2 		352.8419 		18.0151
v 500 		272.014 		30.001
v 811.177 		446.54 		1.123
v 496.2 		352.5149 		18.0209
v 496.2 		352.2655 		18.0259
v 500 		273.814 		30.001
v 499.1462 		274.066 		30.001
v 499.359 		273.924 		30.001
v 496.515 		353.273 		18.396
v 496.515 		352.769 		18.358
v 496.298 		352.263 		18.111
v 498.254 		274.066 		30.001
v 810.502 		447.709 		1.123
v 811.672 		448.384 		1.123
v 811.75 		448.226 		1.123
v 811.806 		448.059 		1.123
v 496.298 		353.902 		18.236
v 496.2 		354.1726 		18.2181
v 496.2 		353.9504 		18.1543
v 496.2 		353.642 		18.0995
v 496.2 		353.4064 		18.0578
v 811.841 		447.885 		1.123
v 496.298 		353.373 		18.142
v 496.515 		354.215 		18.614
v 498.254 		274.8477 		16.981
v 496.515 		353.758 		18.482
v 496.712 		353.994 		18.892
v 499.0364 		274.066 		17.4187
v 496.712 		352.705 		18.664
v 496.712 		353.586 		18.774
v 493.06 		274.9 		16.001
v 493 		275.814 		16.001
v 496.712 		353.153 		18.698
v 496.2 		275.814 		16.001
v 496.409 		274.595 		16.001
v 496.409 		274.595 		16.001
v 498 		275.814 		16.001
v 775.949 		272.391 		19.599
v 775.607 		272.57 		19.781
v 775.607 		272.415 		19.319
v 811.852 		447.709 		1.123
v 811.841 		447.533 		1.123
v 496.409 		274.595 		16.001
v 498.254 		275.8544 		16.001
v 496.409 		274.595 		16.001
v 810.153 		449.013 		1.123
v 810.326 		449.048 		1.123
v 498.068 		275.296 		16.001
v 810.502 		449.059 		1.123
v 498.254 		274.8477 		16.001
v 810.679 		449.048 		1.123
v 772.155 		273.02 		20.506
v 500 		273.814 		16.001
v 499.482 		273.882 		16.001
v 499.0386 		274.066 		16.001
v 771.887 		273.007 		20.654
v 496.847 		273.707 		16.001
v 497.5 		272.963 		16.001
v 498.323 		272.413 		16.001
v 771.606 		272.981 		20.955
v 772.014 		273.014 		20.573
v 499.26 		272.095 		16.001
v 500 		272.014 		16.001
v 771.775 		272.999 		20.745
v 495.05 		270.864 		16.001
v 494.447 		271.553 		16.001
v 493.938 		272.314 		16.001
v 493.533 		273.135 		16.001
v 493.239 		274.002 		16.001
v 771.681 		272.991 		20.846
v 771.552 		272.971 		21.07
v 771.519 		272.94 		21.432
v 771.519 		272.961 		21.19
v 771.508 		272.951 		21.311
v 608.021 		292.986 		2.511
v 608.426 		291.926 		2.511
v 609.543 		291.002 		2.511
v 540.2352 		454.6002 		18.4132
v 541.0187 		454.6001 		17.9161
v 540.5494 		454.6002 		18.1832
v 540.9435 		454.6001 		17.9589
v 540.519 		454.6002 		18.2053
v 608 		293.312 		2.511
v 608 		293.312 		3.0985
v 539.7704 		454.6002 		18.8453
v 539.4742 		454.6002 		19.228
v 539.5517 		454.6002 		19.1275
v 539.2486 		454.6002 		19.6378
v 539.336 		454.6002 		19.4791
v 539.097 		454.6003 		20.0677
v 539.1751 		454.6003 		19.8454
v 608.732 		291.544 		2.511
v 539.0715 		454.6003 		20.2237
v 819.8 		356.7908 		20.4366
v 819.8 		356.7629 		20.3274
v 819.8 		356.6846 		20.0208
v 608.0201 		293.0002 		3.0985
v 608.0261 		292.9653 		3.0985
v 608.0347 		292.9458 		3.0985
v 540.1283 		454.6002 		18.4942
v 540.1393 		454.6002 		18.4858
v 539.8207 		454.6002 		18.7962
v 496.884 		354.065 		19.343
v 496.884 		353.389 		19.107
v 496.884 		353.017 		19.042
v 496.884 		353.741 		19.208
v 810.852 		449.013 		1.123
v 811.019 		448.956 		1.123
v 497.03 		352.867 		19.422
v 811.177 		448.878 		1.123
v 497.03 		352.55 		19.398
v 811.324 		448.78 		1.123
v 496.884 		352.631 		19.012
v 811.457 		448.664 		1.123
v 811.574 		448.531 		1.123
v 498.188 		269.053 		16.001
v 497.321 		269.347 		16.001
v 500 		268.814 		16.001
v 499.086 		268.874 		16.001
v 495.739 		270.261 		16.001
v 496.5 		269.752 		16.001
v 497.03 		353.173 		19.476
v 497.145 		353.16 		19.937
v 497.145 		352.705 		19.832
v 497.145 		352.462 		19.813
v 608.732 		291.544 		3.0986
v 608.7545 		291.5267 		3.0986
v 608.7673 		291.5204 		3.0986
v 609.543 		291.002 		3.0986
v 495.5 		275.813 		0.001
v 497.145 		352.939 		19.873
v 495.653 		274.649 		0.001
v 493 		275.813 		2.501
v 493.06 		274.9 		2.501
v 608.4393 		291.9094 		3.0986
v 608.422 		291.9319 		3.0986
v 497.229 		353.103 		20.464
v 609.5705 		290.9947 		3.0986
v 497.229 		352.979 		20.393
v 608.695 		289.094 		0.001
v 609.901 		288.76 		0.001
v 497.229 		352.841 		20.336
v 608.204 		289.336 		0.001
v 610.5 		288.721 		0.001
v 497.229 		352.692 		20.293
v 610.5 		290.812 		2.511
v 610.4858 		290.813 		3.0986
v 610.5 		290.812 		3.0986
v 605.908 		293.312 		0.001
v 607.236 		290.085 		0.001
v 606.065 		292.124 		0.001
v 606.27 		291.531 		0.001
v 606.842 		290.539 		0.001
v 539.127 		454.6004 		21.4087
v 539.1223 		454.6004 		21.3892
v 539.0242 		454.6003 		20.5111
v 539.0319 		454.6003 		20.9608
v 539.0259 		454.6003 		20.61
v 539.0929 		454.6004 		21.2628
v 539.0398 		454.6004 		20.9998
v 569.5 		274.066 		3.0988
v 569.5 		274.066 		6.187
v 569.5 		284.007 		3.0987
v 569.5 		284.008 		6.184
v 569.5 		442.708 		6.127
v 493 		450.8 		16
v 539.3128 		454.6004 		21.8423
v 539.2803 		454.6004 		21.7662
v 539.5785 		454.6004 		22.2568
v 539.4985 		454.6004 		22.1318
v 539.7752 		454.6005 		22.4809
v 493 		450.8 		2.5
v 539.9191 		454.6005 		22.6441
v 808.736 		441.555 		0
v 809.158 		441.074 		0
v 540.3301 		454.6005 		22.9965
v 540.111 		454.6005 		22.8086
v 540.8037 		454.6005 		23.3072
v 540.5036 		454.6005 		23.1102
v 811.05 		438.412 		0.8
v 811.004 		438.96 		0.8
v 811.101 		439.295 		0.8
v 811.352 		439.615 		0.8
v 811.45 		439.68 		0.8
v 811.783 		439.793 		0.8
v 811.9 		439.801 		0.8
v 811.05 		438.412 		0
v 811.004 		438.96 		0
v 811.9 		439.801 		0
v 811.101 		439.295 		0
v 811.308 		439.576 		0
v 810.092 		438.301 		0
v 540.9486 		454.6005 		23.3795
v 810.048 		438.913 		0
v 809.935 		439.489 		0
v 807.376 		439.946 		2.51
v 807.665 		439.551 		2.51
v 807.022 		440.284 		2.51
v 541.3336 		454.6006 		23.5707
v 541.4471 		454.6006 		23.612
v 805.5 		440.801 		2.51
v 806.603 		440.538 		2.51
v 807.81 		439.258 		2.51
v 771.775 		453.311 		19.989
v 808 		438.301 		2.51
v 772.199 		453.227 		20.378
v 811.153 		438.202 		0
v 811.9 		437.801 		0
v 811.611 		437.85 		0
v 772.171 		453.222 		20.436
v 772.237 		453.231 		20.323
v 811.9 		437.801 		0.8
v 811.611 		437.85 		0.8
v 811.153 		438.202 		0.8
v 772.633 		453.341 		19.634
v 811.186 		431.449 		0
v 811.031 		430.468 		0
v 811.004 		430.96 		0
v 811.202 		430.147 		0
v 811.45 		431.681 		0
v 811.9 		431.801 		0
v 772.467 		453.339 		19.657
v 772.306 		453.336 		19.696
v 541.5272 		454.6001 		17.6929
v 541.4083 		454.6001 		17.7451
v 811.225 		431.494 		0.8
v 811.028 		431.045 		0.8
v 811.004 		430.643 		0.8
v 811.506 		431.7 		0.8
v 811.05 		430.413 		0.8
v 811.9 		431.801 		0.8
v 811.506 		429.903 		0
v 811.9 		429.801 		0
v 541.162 		454.399 		18.057
v 541.815 		454.183 		18.064
v 541.633 		454.418 		17.831
v 541.383 		454.165 		18.271
v 540.736 		454.376 		18.325
v 497.229 		352.534 		20.265
v 772.149 		273.001 		21.309
v 772.155 		273.007 		21.248
v 497.229 		352.369 		20.252
v 772.199 		272.986 		21.489
v 772.237 		273.022 		21.075
v 497.03 		354.177 		19.965
v 500 		271.314 		0.001
v 498.835 		271.467 		0.001
v 497.03 		353.968 		19.806
v 497.75 		271.916 		0.001
v 496.818 		272.631 		0.001
v 497.03 		353.461 		19.559
v 498.254 		274.066 		3.099
v 496.103 		273.563 		0.001
v 539.798 		454.562 		18.858
v 772.199 		273.017 		21.13
v 539.218 		454.456 		20.084
v 772.171 		273.012 		21.188
v 539.798 		454.289 		19.334
v 539.53 		454.528 		19.247
v 497.03 		353.728 		19.669
v 772.155 		272.996 		21.371
v 819.737 		347.971 		20.199
v 772.171 		272.991 		21.431
v 497.145 		353.841 		20.386
v 497.145 		353.707 		20.248
v 497.145 		353.363 		20.021
v 493.938 		272.314 		2.501
v 772.717 		273.041 		20.844
v 493.533 		273.135 		2.501
v 497.145 		353.547 		20.126
v 494.447 		271.552 		2.501
v 495.05 		270.864 		2.501
v 772.475 		273.036 		20.903
v 493.239 		274.002 		2.501
v 496.2 		354.6693 		18.3875
v 496.298 		354.402 		18.38
v 496.2 		354.4641 		18.302
v 772.633 		273.04 		20.856
v 819.737 		348.996 		19.076
v 772.552 		273.039 		20.876
v 497.321 		269.347 		2.501
v 498.188 		269.052 		2.501
v 773.137 		453.339 		19.657
v 772.971 		453.341 		19.634
v 500 		268.814 		2.501
v 772.404 		273.033 		20.937
v 496.5 		269.752 		2.501
v 499.086 		268.874 		2.501
v 772.34 		273.03 		20.978
v 495.739 		270.26 		2.501
v 773.199 		273.033 		20.937
v 773.263 		273.03 		20.978
v 772.887 		273.041 		20.844
v 772.802 		453.342 		19.626
v 773.128 		273.036 		20.903
v 772.971 		273.04 		20.856
v 772.552 		453.249 		20.124
v 773.051 		273.039 		20.876
v 772.284 		453.236 		20.272
v 772.802 		273.042 		20.84
v 772.717 		453.251 		20.092
v 772.633 		453.25 		20.104
v 772.475 		453.246 		20.151
v 772.34 		453.24 		20.226
v 772.404 		453.243 		20.185
v 773.263 		453.24 		20.226
v 773.199 		453.243 		20.185
v 772.802 		453.252 		20.088
v 811.308 		430.026 		0.8
v 811.9 		429.802 		0.8
v 811.585 		429.864 		0.8
v 772.971 		453.25 		20.104
v 773.051 		453.249 		20.124
v 810.51 		423.936 		0
v 772.887 		453.251 		20.092
v 773.128 		453.246 		20.151
v 811.506 		421.904 		0
v 811.085 		423.271 		0
v 811.401 		423.649 		0
v 811.9 		423.802 		0
v 811.202 		422.148 		0
v 811.031 		422.469 		0
v 811.004 		422.961 		0
v 773.717 		453.987 		18.085
v 774.155 		453.977 		18.192
v 498.701 		455.08 		0
v 500 		455.3 		0
v 496.818 		453.982 		0
v 497.75 		454.697 		0
v 773.59 		453.786 		18.432
v 495.5 		450.8 		0
v 495.653 		451.964 		0
v 496.103 		453.05 		0
v 497.595 		438.304 		0
v 497.653 		439.4 		0
v 497.504 		438.96 		0
v 498.4 		439.801 		0
v 498.003 		439.706 		0
v 497.808 		439.576 		0
v 775.217 		454.165 		18.271
v 774.785 		454.183 		18.064
v 498.111 		437.85 		0
v 774.967 		454.418 		17.831
v 498.4 		437.801 		0
v 496.26 		434.176 		0
v 497.527 		430.528 		0
v 497.653 		430.203 		0
v 497.901 		431.648 		0
v 497.585 		431.271 		0
v 774.32 		454.197 		17.899
v 498.4 		431.801 		0
v 497.504 		430.96 		0
v 496.4472 		430.08 		0
v 498.003 		429.896 		0
v 774.57 		453.965 		18.339
v 498.4 		429.801 		0
v 497.595 		422.305 		0
v 497.517 		422.556 		0
v 498.003 		423.707 		0
v 497.595 		423.299 		0
v 497.517 		423.048 		0
v 773.967 		453.778 		18.524
v 498.4 		423.802 		0
v 498.111 		421.852 		0
v 498.4 		421.802 		0
v 497.0089 		417.792 		0
v 497.527 		414.529 		0
v 497.673 		414.182 		0
v 498.006 		413.904 		0
v 498.4 		413.803 		0
v 498.006 		415.701 		0
v 497.725 		415.495 		0
v 497.504 		414.961 		0
v 497.1913 		413.803 		0
v 498.4 		415.803 		0
v 498.4 		407.803 		0
v 773.758 		453.448 		19.362
v 774.052 		453.594 		18.993
v 773.758 		453.603 		18.889
v 773.297 		453.46 		19.225
v 773.449 		453.609 		18.814
v 811.308 		422.027 		0.8
v 811.05 		422.413 		0.8
v 811.044 		423.162 		0.8
v 811.231 		423.489 		0.8
v 811.503 		423.707 		0.8
v 811.725 		423.783 		0.8
v 811.9 		423.802 		0.8
v 773.534 		453.455 		19.283
v 810.6888 		417.792 		0
v 811.9 		421.802 		0
v 775.302 		453.93 		18.742
v 775.217 		453.719 		19.213
v 811.9 		421.802 		0.8
v 811.531 		421.887 		0.8
v 774.954 		453.949 		18.523
v 811.9 		415.803 		0
v 774.785 		453.554 		19.455
v 774.954 		453.737 		18.998
v 774.324 		453.583 		19.124
v 774.655 		453.754 		18.809
v 811.9 		415.803 		0.8
v 811.783 		415.795 		0.8
v 810.808 		413.696 		0
v 811.503 		413.897 		0
v 811.153 		414.204 		0
v 811.027 		414.529 		0
v 539.336 		454.493 		19.658
v 539.616 		454.256 		19.72
v 539.505 		454.221 		20.119
v 540.133 		454.593 		18.497
v 497.725 		407.495 		0
v 497.504 		406.962 		0
v 540.651 		454.12 		18.797
v 540.363 		454.349 		18.631
v 540.048 		454.32 		18.969
v 540.736 		453.885 		19.268
v 547.361 		454.6002 		18.4132
v 547.0476 		454.6002 		18.1832
v 546.5773 		454.6001 		17.9161
v 547.0057 		454.6002 		18.1594
v 546.4799 		454.6001 		17.8733
v 819.737 		348.591 		19.423
v 819.088 		350.094 		19.329
v 547.8266 		454.6002 		18.8453
v 547.8802 		454.6002 		18.9149
v 547.4677 		454.6002 		18.4942
v 547.4798 		454.6002 		18.506
v 772.284 		273.026 		21.024
v 548.4996 		454.6003 		20.0677
v 548.5506 		454.6003 		20.3775
v 548.3474 		454.6002 		19.6378
v 548.4262 		454.6003 		19.8604
v 548.1218 		454.6002 		19.228
v 548.2 		454.6002 		19.3699
v 541.908 		454.6006 		23.781
v 542.518 		454.6006 		23.9346
v 541.9892 		454.6006 		23.8014
v 542.5727 		454.6006 		23.9427
v 543.8301 		454.6006 		24.0572
v 543.798 		454.6006 		24.0588
v 543.152 		454.6006 		24.0272
v 543.1885 		454.6006 		24.029
v 772.802 		273.018 		21.309
v 811.085 		415.272 		0
v 811.401 		415.649 		0
v 819.285 		349.84 		19.104
v 811.9 		413.803 		0
v 811.004 		414.961 		0
v 819.285 		349.445 		19.371
v 540.363 		454.093 		19.107
v 540.133 		454.064 		19.441
v 811.9 		413.803 		0.8
v 811.503 		413.897 		0.8
v 811.153 		414.204 		0.8
v 811.027 		414.529 		0.8
v 811.044 		415.162 		0.8
v 811.231 		415.49 		0.8
v 811.45 		415.682 		0.8
v 774.324 		453.767 		18.65
v 540.993 		454.144 		18.517
v 774.57 		453.569 		19.279
v 541.646 		453.949 		18.523
v 541.298 		453.93 		18.742
v 541.646 		453.737 		18.998
v 774.155 		453.429 		19.581
v 541.383 		453.719 		19.213
v 540.993 		453.908 		18.992
v 773.967 		453.439 		19.462
v 773.717 		453.319 		19.898
v 773.59 		453.325 		19.818
v 773.297 		453.336 		19.696
v 496.298 		355.279 		18.807
v 496.2 		355.1238 		18.6035
v 496.2 		354.9387 		18.4989
v 496.515 		354.638 		18.789
v 496.298 		354.864 		18.571
v 496.712 		354.71 		19.241
v 496.515 		355.019 		19.005
v 496.712 		354.37 		19.048
v 819.502 		350.1 		18.662
v 819.502 		349.626 		18.915
v 819.737 		349.961 		18.495
v 819.737 		349.455 		18.765
v 811.9 		407.803 		0
v 811.503 		407.709 		0
v 811.308 		407.578 		0
v 819.502 		349.195 		19.207
v 496.298 		355.945 		19.396
v 496.2 		356.0501 		19.3464
v 496.2 		355.8734 		19.1645
v 496.2 		355.7383 		19.0256
v 496.2 		355.5267 		18.8641
v 496.2 		355.3657 		18.7411
v 819.088 		349.169 		20.121
v 496.515 		355.351 		19.259
v 496.298 		355.642 		19.084
v 819.285 		349.098 		19.669
v 819.285 		348.802 		19.993
v 819.285 		348.565 		20.337
v 819.088 		348.958 		20.427
v 496.2 		356.2953 		19.6984
v 496.2 		356.156 		19.499
v 496.298 		356.184 		19.738
v 496.515 		355.629 		19.545
v 496.712 		355.587 		20.3
v 496.515 		356.003 		20.194
v 496.515 		355.847 		19.858
v 496.712 		355.006 		19.466
v 496.712 		355.448 		20.001
v 496.712 		355.253 		19.721
v 496.884 		355.113 		20.421
v 496.884 		354.993 		20.163
v 496.884 		354.825 		19.923
v 497.03 		354.49 		20.343
v 496.884 		354.612 		19.703
v 496.884 		354.357 		19.509
v 497.03 		354.352 		20.145
v 773.449 		453.331 		19.75
v 773.405 		453.227 		20.378
v 773.32 		453.236 		20.272
v 773.432 		453.222 		20.436
v 773.367 		453.231 		20.323
v 774.085 		453.272 		20.434
v 774.052 		453.283 		20.315
v 773.997 		453.293 		20.2
v 773.922 		453.302 		20.091
v 773.828 		453.311 		19.989
v 775.111 		453.519 		19.862
v 774.967 		453.537 		19.651
v 774.459 		453.404 		19.865
v 774.32 		453.417 		19.716
v 775.217 		453.5 		20.084
v 774.699 		453.361 		20.373
v 775.28 		453.48 		20.314
v 774.57 		453.391 		20.027
v 774.65 		453.376 		20.197
v 775.864 		454.376 		18.325
v 775.438 		454.399 		18.057
v 541.815 		453.554 		19.455
v 541.162 		453.698 		19.451
v 776.237 		454.349 		18.631
v 776.237 		454.093 		19.107
v 539.967 		454.034 		19.794
v 775.949 		454.12 		18.797
v 539.865 		454.003 		20.16
v 540.532 		453.859 		19.566
v 775.864 		453.885 		19.268
v 540.293 		453.804 		20.207
v 775.607 		454.144 		18.517
v 540.383 		453.832 		19.881
v 540.78 		453.629 		20.259
v 775.438 		453.698 		19.451
v 775.607 		453.908 		18.992
v 811.611 		407.754 		0.8
v 811.9 		407.803 		0.8
v 496.2 		356.5713 		20.4712
v 496.2 		356.5141 		20.2468
v 496.2 		356.4703 		20.0754
v 811.017 		406.557 		0
v 496.2 		356.3712 		19.8614
v 819.502 		348.816 		19.532
v 811.004 		406.962 		0
v 496.298 		356.354 		20.105
v 811.101 		407.297 		0
v 497.28 		352.744 		20.902
v 497.28 		352.698 		20.855
v 819.502 		348.493 		19.885
v 497.28 		352.643 		20.814
v 497.28 		352.581 		20.778
v 819.502 		348.234 		20.26
v 777.07 		454.528 		19.247
v 554.5 		284.008 		6.184
v 497.28 		352.511 		20.749
v 776.802 		454.562 		18.858
v 554.5 		442.708 		6.127
v 497.28 		352.436 		20.727
v 558.248 		454.601 		30
v 497.28 		352.356 		20.713
v 776.802 		454.289 		19.334
v 497.28 		352.273 		20.707
v 776.467 		454.593 		18.497
v 540.858 		453.653 		19.978
v 541.633 		453.537 		19.651
v 776.467 		454.064 		19.441
v 776.552 		454.32 		18.969
v 561.998 		277.6558 		6.1859
v 561.821 		277.6678 		6.1859
v 540.986 		453.676 		19.707
v 541.383 		453.5 		20.084
v 776.068 		453.859 		19.566
v 541.489 		453.519 		19.862
v 775.82 		453.629 		20.259
v 776.307 		453.804 		20.207
v 776.217 		453.832 		19.881
v 541.32 		453.48 		20.314
v 775.742 		453.653 		19.978
v 539.179 		454.419 		20.517
v 775.614 		453.676 		19.707
v 539.133 		454.588 		21.408
v 539.218 		454.382 		20.951
v 777.095 		454.221 		20.119
v 539.616 		454.117 		21.33
v 777.382 		454.456 		20.084
v 539.336 		454.345 		21.376
v 776.984 		454.256 		19.72
v 777.264 		454.493 		19.658
v 539.468 		454.186 		20.525
v 539.505 		454.151 		20.931
v 776.735 		454.003 		20.16
v 539.336 		454.551 		21.837
v 776.633 		454.034 		19.794
v 539.616 		454.516 		22.244
v 539.53 		454.31 		21.788
v 539.798 		454.276 		22.177
v 539.798 		454.084 		21.716
v 771.508 		453.262 		20.555
v 539.831 		453.971 		20.532
v 771.519 		453.252 		20.677
v 540.263 		453.775 		20.539
v 771.552 		453.241 		20.796
v 771.606 		453.231 		20.911
v 772.155 		453.217 		20.496
v 772.149 		453.211 		20.557
v 772.155 		453.206 		20.618
v 497.28 		352.78 		20.954
v 772.199 		453.196 		20.737
v 772.237 		453.191 		20.792
v 497.229 		353.212 		20.546
v 772.171 		453.201 		20.678
v 497.28 		352.625 		21.465
v 497.28 		352.682 		21.416
v 771.284 		453.273 		21.39
v 497.28 		352.731 		21.363
v 771.681 		453.222 		21.02
v 772.014 		453.198 		21.293
v 772.155 		453.193 		21.361
v 771.775 		453.213 		21.122
v 771.887 		453.205 		21.213
v 497.28 		352.77 		21.307
v 497.28 		352.799 		21.248
v 497.28 		352.817 		21.188
v 497.28 		352.824 		21.127
v 539.865 		453.939 		20.904
v 539.967 		453.907 		21.27
v 540.754 		453.604 		20.544
v 540.78 		453.58 		20.83
v 540.293 		453.747 		20.87
v 540.383 		453.719 		21.196
v 811.027 		406.53 		0.8
v 811.004 		406.962 		0.8
v 811.095 		407.3 		0.8
v 811.225 		407.495 		0.8
v 540.858 		453.556 		21.11
v 561.648 		277.7017 		6.1859
v 561.481 		277.7588 		6.1859
v 811.9 		405.803 		0
v 561.322 		277.8368 		6.1859
v 561.176 		277.9347 		6.1858
v 561.043 		278.0518 		6.1858
v 560.926 		278.1837 		6.1857
v 560.828 		278.3307 		6.1857
v 811.503 		405.898 		0
v 560.75 		278.4897 		6.1857
v 562.174 		277.6678 		6.1859
v 811.14 		406.231 		0
v 563.245 		278.4897 		6.1857
v 563.167 		278.3307 		6.1857
v 563.069 		278.1837 		6.1857
v 562.952 		278.0518 		6.1858
v 562.819 		277.9347 		6.1858
v 562.673 		277.8368 		6.1859
v 562.514 		277.7588 		6.1859
v 562.347 		277.7017 		6.1859
v 560.693 		278.6567 		6.1856
v 560.659 		278.8297 		6.1856
v 560.647 		279.0057 		6.1855
v 560.656 		279.1377 		6.1855
v 560.659 		279.182 		6.1855
v 560.6845 		279.3125 		6.1854
v 560.693 		279.3557 		6.1854
v 560.75 		279.5227 		6.1853
v 560.828 		279.6808 		6.1853
v 560.926 		279.8278 		6.1852
v 561.043 		279.9607 		6.1852
v 561.176 		280.0767 		6.1852
v 561.322 		280.1747 		6.1852
v 561.4412 		280.2332 		6.1851
v 561.481 		280.253 		6.1851
v 561.6062 		280.2957 		6.1851
v 561.648 		280.3097 		6.1851
v 561.821 		280.3448 		6.1851
v 561.998 		280.3557 		6.1851
v 562.174 		280.3448 		6.1851
v 562.347 		280.3097 		6.1851
v 562.4722 		280.267 		6.1851
v 562.514 		280.253 		6.1851
v 562.6332 		280.1945 		6.1851
v 562.673 		280.1747 		6.1852
v 562.819 		280.0767 		6.1852
v 562.952 		279.9607 		6.1852
v 563.069 		279.8278 		6.1852
v 563.167 		279.6808 		6.1853
v 541.298 		453.46 		20.549
v 811.9 		405.803 		0.8
v 811.531 		405.888 		0.8
v 811.308 		406.028 		0.8
v 811.153 		406.204 		0.8
v 541.489 		453.401 		21.236
v 540.986 		453.532 		21.381
v 541.633 		453.383 		21.447
v 541.32 		453.44 		20.783
v 541.383 		453.42 		21.014
v 540.363 		454.023 		22.419
v 540.363 		453.848 		21.957
v 540.048 		454.052 		22.081
v 540.532 		453.692 		21.511
v 540.133 		453.877 		21.623
v 540.651 		453.821 		22.267
v 563.245 		279.5227 		6.1853
v 563.302 		279.3557 		6.1854
v 563.3275 		279.2252 		6.1854
v 563.336 		279.182 		6.1855
v 563.345 		279.05 		6.1855
v 563.348 		279.0057 		6.1855
v 563.336 		278.8297 		6.1856
v 563.302 		278.6567 		6.1856
v 811.231 		399.491 		0.001
v 811.503 		399.709 		0.001
v 561.998 		446.3607 		6.1259
v 561.821 		446.3727 		6.1259
v 561.6913 		446.3982 		6.1259
v 561.648 		446.4067 		6.1259
v 561.5228 		446.4495 		6.1259
v 561.481 		446.4637 		6.1259
v 562.514 		446.4637 		6.1259
v 562.3888 		446.421 		6.1259
v 562.347 		446.4067 		6.1259
v 562.2172 		446.3813 		6.1259
v 562.174 		446.3727 		6.1259
v 561.322 		446.5417 		6.1258
v 561.176 		446.6397 		6.1258
v 561.043 		446.7567 		6.1258
v 560.926 		446.8888 		6.1258
v 560.828 		447.0357 		6.1257
v 560.7695 		447.1542 		6.1257
v 560.75 		447.194 		6.1257
v 560.7072 		447.32 		6.1256
v 560.693 		447.3618 		6.1256
v 560.659 		447.5348 		6.1255
v 560.647 		447.7107 		6.1255
v 560.659 		447.8867 		6.1254
v 560.693 		448.0608 		6.1254
v 560.75 		448.2277 		6.1253
v 560.828 		448.3857 		6.1253
v 560.926 		448.5327 		6.1253
v 561.043 		448.6657 		6.1252
v 561.176 		448.7817 		6.1252
v 772.237 		272.981 		21.544
v 561.322 		448.8798 		6.1251
v 561.481 		448.9578 		6.1251
v 561.648 		449.0147 		6.1251
v 561.821 		449.0497 		6.1251
v 561.998 		449.0608 		6.1251
v 562.174 		449.0497 		6.1251
v 563.167 		448.3857 		6.1253
v 563.245 		448.2277 		6.1253
v 563.302 		448.0608 		6.1254
v 563.336 		447.8867 		6.1254
v 563.348 		447.7107 		6.1255
v 563.336 		447.5348 		6.1255
v 563.302 		447.3618 		6.1256
v 563.2593 		447.2357 		6.1256
v 563.245 		447.194 		6.1257
v 563.1865 		447.0755 		6.1257
v 563.167 		447.0357 		6.1257
v 563.069 		446.8888 		6.1258
v 562.952 		446.7567 		6.1258
v 771.775 		272.902 		21.877
v 562.819 		446.6397 		6.1258
v 562.673 		446.5417 		6.1258
v 562.347 		449.0147 		6.1251
v 562.514 		448.9578 		6.1251
v 562.673 		448.8798 		6.1251
v 562.819 		448.7817 		6.1252
v 562.952 		448.6657 		6.1252
v 563.069 		448.5327 		6.1253
v 811.9 		399.804 		0.001
v 540.736 		453.666 		21.809
v 541.298 		453.621 		22.335
v 811.231 		399.491 		0.801
v 811.556 		399.735 		0.801
v 811.9 		399.804 		0.801
v 541.162 		453.51 		21.638
v 541.383 		453.49 		21.876
v 540.993 		453.642 		22.085
v 811.05 		399.193 		0.001
v 811.004 		398.645 		0.001
v 541.815 		453.366 		21.642
v 811.027 		398.53 		0.801
v 811.044 		399.164 		0.801
v 541.646 		453.471 		22.091
v 811.503 		397.898 		0.001
v 811.308 		398.029 		0.001
v 811.101 		398.31 		0.001
v 811.9 		397.804 		0.001
v 811.9 		397.804 		0.801
v 811.611 		397.854 		0.801
v 811.308 		398.029 		0.801
v 811.153 		398.205 		0.801
v 540.133 		454.245 		22.538
v 539.967 		454.483 		22.622
v 540.532 		454.217 		22.864
v 540.383 		454.454 		22.963
v 540.736 		453.997 		22.725
v 811.205 		391.439 		0.001
v 811.503 		391.71 		0.001
v 811.9 		391.804 		0.001
v 541.646 		453.602 		22.554
v 811.05 		391.193 		0.801
v 811.308 		391.58 		0.801
v 811.585 		391.742 		0.801
v 811.9 		391.804 		0.801
v 811.004 		390.963 		0.001
v 811.004 		390.6911 		0.001
v 811.153 		390.206 		0.001
v 540.993 		453.797 		22.548
v 811 		390.704 		0.001
v 541.383 		453.776 		22.793
v 541.162 		453.974 		22.993
v 811.153 		390.206 		0.801
v 811.027 		390.531 		0.801
v 811.004 		390.963 		0.801
v 541.815 		453.758 		23.001
v 811.503 		389.899 		0.001
v 811.9 		389.805 		0.001
v 811.9 		389.805 		0.801
v 811.611 		389.854 		0.801
v 811.379 		389.977 		0.801
v 540.858 		454.428 		23.262
v 540.986 		454.193 		23.151
v 541.489 		454.172 		23.392
v 541.383 		454.406 		23.515
v 541.633 		453.954 		23.22
v 543.5017 		454.6001 		16.9
v 497.28 		352.82 		21.067
v 497.28 		352.805 		21.009
v 497.145 		354.065 		20.869
v 497.229 		353.454 		20.967
v 497.229 		353.424 		20.851
v 497.145 		354.022 		20.699
v 771.887 		272.894 		21.969
v 497.229 		353.373 		20.742
v 497.145 		353.947 		20.537
v 771.552 		272.93 		21.552
v 771.606 		272.92 		21.667
v 497.229 		353.302 		20.639
v 771.681 		272.911 		21.776
v 497.145 		354.055 		21.222
v 772.155 		272.881 		22.116
v 497.229 		353.354 		21.441
v 771.284 		272.795 		22.151
v 497.229 		353.411 		21.325
v 497.145 		354.002 		21.399
v 771.637 		272.773 		22.405
v 497.229 		353.447 		21.205
v 772.014 		272.887 		22.049
v 497.145 		354.077 		21.045
v 771.449 		272.784 		22.286
v 497.229 		353.461 		21.085
v 771.845 		272.765 		22.504
v 497.28 		352.331 		21.604
v 497.28 		352.412 		21.579
v 497.229 		352.644 		21.982
v 497.28 		352.489 		21.548
v 497.28 		352.56 		21.509
v 497.229 		352.796 		21.919
v 811.0028 		383.515 		0.001
v 811.153 		383.404 		0.001
v 811.9 		383.805 		0.001
v 811.405 		383.645 		0.001
v 811.186 		383.453 		0.801
v 811.556 		383.737 		0.801
v 811.9 		383.805 		0.801
v 772.284 		272.977 		21.595
v 772.404 		272.969 		21.681
v 772.34 		272.973 		21.641
v 772.717 		272.961 		21.774
v 772.633 		272.962 		21.762
v 772.475 		272.966 		21.715
v 772.552 		272.964 		21.743
v 772.802 		272.961 		21.778
v 773.199 		272.969 		21.681
v 561.648 		446.405 		1.124
v 773.128 		272.966 		21.715
v 561.998 		446.359 		1.124
v 561.821 		446.371 		1.124
v 562.347 		446.405 		1.124
v 562.174 		446.371 		1.124
v 772.887 		272.961 		21.774
v 772.971 		272.962 		21.762
v 562.514 		446.462 		1.123
v 561.481 		446.462 		1.123
v 773.051 		272.964 		21.743
v 497.229 		353.066 		21.756
v 497.229 		353.276 		21.554
v 811.0027 		382.9137 		0.001
v 811.0026 		382.6968 		0.001
v 811 		382.905 		0.001
v 811.16 		382.21 		0.001
v 811.401 		381.958 		0.001
v 811 		382.705 		0.001
v 561.322 		446.54 		1.123
v 561.176 		446.638 		1.123
v 811.379 		381.978 		0.801
v 811.153 		382.206 		0.801
v 811.05 		382.416 		0.801
v 811.004 		382.964 		0.801
v 561.043 		446.755 		1.123
v 560.926 		446.887 		1.123
v 560.828 		447.034 		1.123
v 560.75 		447.192 		1.123
v 560.693 		447.36 		1.123
v 811.9 		381.805 		0.001
v 560.647 		447.709 		1.123
v 560.659 		447.885 		1.123
v 560.693 		448.059 		1.123
v 811.9 		381.805 		0.801
v 811.611 		381.855 		0.801
v 560.75 		448.226 		1.123
v 560.828 		448.384 		1.123
v 561.998 		447.709 		1.123
v 560.659 		447.533 		1.123
v 560.926 		448.531 		1.123
v 772.34 		453.183 		20.889
v 772.404 		453.179 		20.929
v 772.552 		453.174 		20.99
v 542.28 		454.197 		17.899
v 772.284 		453.187 		20.843
v 542.883 		453.987 		18.085
v 542.03 		453.965 		18.339
v 772.475 		453.176 		20.963
v 542.445 		453.977 		18.192
v 819.737 		348.247 		19.799
v 543.798 		453.994 		17.998
v 543.798 		453.792 		18.357
v 543.401 		453.791 		18.376
v 543.337 		453.992 		18.02
v 772.802 		453.194 		20.558
v 543.01 		453.786 		18.432
v 500 		452.801 		30
v 818.916 		350.081 		19.79
v 499.611 		452.758 		30
v 500 		454.601 		30
v 498.546 		454.311 		30
v 498.254 		452.671 		30
v 499.4646 		452.671 		30
v 497.687 		453.815 		30
v 496.985 		453.114 		30
v 561.043 		448.664 		1.123
v 561.176 		448.78 		1.123
v 561.322 		448.878 		1.123
v 561.481 		448.956 		1.123
v 561.648 		449.013 		1.123
v 561.821 		449.048 		1.123
v 561.998 		449.059 		1.123
v 562.174 		449.048 		1.123
v 563.167 		448.384 		1.123
v 563.245 		448.226 		1.123
v 541.945 		453.754 		18.809
v 563.302 		448.059 		1.123
v 563.336 		447.885 		1.123
v 563.348 		447.709 		1.123
v 563.336 		447.533 		1.123
v 563.302 		447.36 		1.123
v 542.842 		453.603 		18.889
v 563.245 		447.192 		1.123
v 542.633 		453.778 		18.524
v 563.167 		447.034 		1.123
v 563.069 		446.887 		1.123
v 562.952 		446.755 		1.123
v 562.819 		446.638 		1.123
v 562.673 		446.54 		1.123
v 818.77 		350.05 		20.428
v 773.263 		272.973 		21.641
v 819.088 		349.742 		19.567
v 818.916 		349.814 		20.018
v 497.229 		352.938 		21.843
v 542.548 		453.594 		18.993
v 542.276 		453.767 		18.65
v 542.276 		453.583 		19.124
v 497.229 		353.18 		21.659
v 542.842 		453.448 		19.362
v 542.03 		453.569 		19.279
v 497.145 		352.868 		22.37
v 543.798 		453.615 		18.753
v 497.229 		352.483 		22.031
v 497.229 		352.318 		22.065
v 497.145 		352.631 		22.443
v 543.151 		453.609 		18.814
v 497.145 		353.093 		22.278
v 543.549 		453.463 		19.19
v 543.472 		453.613 		18.768
v 543.303 		453.46 		19.225
v 497.145 		352.386 		22.493
v 543.798 		453.464 		19.178
v 811.0015 		375.808 		0.001
v 811.313 		375.575 		0.001
v 543.066 		453.455 		19.283
v 811.9 		375.806 		0.001
v 811.45 		375.685 		0.801
v 811.783 		375.798 		0.801
v 811.9 		375.806 		0.801
v 811.0013 		374.792 		0.001
v 811.095 		375.303 		0.001
v 811.004 		374.964 		0.001
v 811.004 		374.964 		0.801
v 811.121 		375.356 		0.801
v 811.308 		374.031 		0.001
v 811.503 		373.9 		0.001
v 818.916 		349.587 		20.267
v 497.03 		354.302 		21.911
v 497.145 		353.66 		21.893
v 819.088 		349.432 		19.832
v 497.145 		353.917 		21.571
v 498 		450.801 		30
v 498.254 		451.6795 		30
v 498.11 		451.442 		30
v 497.145 		353.803 		21.737
v 819.502 		351.146 		18.289
v 811.9 		373.806 		0.001
v 811.9 		373.806 		0.801
v 811.611 		373.855 		0.801
v 811.225 		374.114 		0.801
v 811.0013 		374.7009 		0.001
v 811 		374.706 		0.001
v 811.101 		374.312 		0.001
v 497.03 		353.896 		22.303
v 811.017 		374.56 		0.801
v 811.0001 		367.616 		0.001
v 811.9 		367.806 		0.001
v 811.614 		367.749 		0.001
v 819.737 		351.077 		18.096
v 811.503 		367.712 		0.801
v 811.9 		367.806 		0.801
v 819.737 		350.505 		18.271
v 811 		366.706 		0.001
v 811 		366.9061 		0.001
v 811.095 		367.303 		0.001
v 811.288 		367.559 		0.001
v 811 		366.906 		0.001
v 819.285 		352.255 		18.368
v 811.004 		366.648 		0.801
v 811.044 		367.166 		0.801
v 811.231 		367.493 		0.801
v 819.285 		351.74 		18.426
v 819.502 		351.7 		18.174
v 811.095 		366.309 		0.001
v 811.225 		366.114 		0.001
v 811.611 		365.856 		0.001
v 811.9 		365.806 		0.001
v 811.9 		365.806 		0.801
v 811.495 		365.917 		0.801
v 811.153 		366.207 		0.801
v 772.971 		272.871 		22.233
v 773.137 		272.873 		22.209
v 772.306 		272.877 		22.17
v 497.145 		353.302 		22.166
v 772.467 		272.873 		22.209
v 810.092 		293.312 		0.001
v 809.935 		292.124 		0.001
v 807.862 		292.51 		2.511
v 808 		293.312 		2.511
v 497.03 		353.648 		22.471
v 772.633 		272.871 		22.233
v 772.802 		272.871 		22.241
v 497.03 		354.116 		22.115
v 497.145 		353.493 		22.037
v 496.515 		356.073 		21.279
v 496.515 		356.093 		20.547
v 499.3758 		452.671 		24.6106
v 496.712 		355.688 		20.939
v 496.515 		356.117 		20.911
v 496.712 		355.649 		21.267
v 496.2 		450.801 		30
v 496.489 		452.255 		30
v 496.281 		451.54 		30
v 496.712 		355.668 		20.615
v 807.574 		291.926 		2.511
v 805.987 		290.865 		2.511
v 806.75 		291.147 		2.511
v 807.145 		291.437 		2.511
v 496.712 		354.919 		22.507
v 496.712 		355.182 		22.218
v 498.254 		451.7683 		17.2405
v 496.2 		355.9606 		22.4899
v 496.2 		356.2267 		22.1044
v 496.298 		356.117 		22.079
v 496.2 		356.1116 		22.2712
v 496.2 		356.3386 		21.8765
v 496.298 		356.309 		21.688
v 496.515 		355.549 		22.346
v 819.737 		351.669 		17.974
v 496.298 		355.858 		22.454
v 496.515 		355.786 		22.003
v 562.347 		449.013 		1.123
v 562.514 		448.956 		1.123
v 562.673 		448.878 		1.123
v 562.819 		448.78 		1.123
v 562.952 		448.664 		1.123
v 563.069 		448.531 		1.123
v 496.712 		355.394 		21.912
v 496.712 		355.55 		21.593
v 809.158 		290.539 		0.001
v 806.688 		288.877 		0.001
v 807.796 		289.336 		0.001
v 808.736 		290.058 		0.001
v 805.5 		288.721 		0.001
v 805.5 		290.812 		2.511
v 542.633 		453.439 		19.462
v 542.883 		453.319 		19.898
v 542.445 		453.429 		19.581
v 542.28 		453.417 		19.716
v 809.198 		278.655 		1.183
v 809.164 		278.828 		1.183
v 809.152 		279.004 		1.183
v 809.164 		279.18 		1.183
v 809.198 		279.354 		1.183
v 542.141 		453.404 		19.865
v 809.255 		279.521 		1.183
v 542.03 		453.391 		20.027
v 809.333 		279.679 		1.183
v 809.986 		280.251 		1.182
v 541.901 		453.361 		20.373
v 496.515 		355.962 		21.645
v 542.772 		453.311 		19.989
v 542.678 		453.302 		20.091
v 496.884 		355.166 		21.253
v 541.95 		453.376 		20.197
v 496.884 		355.2 		20.971
v 497.03 		354.562 		21.469
v 542.603 		453.293 		20.2
v 497.03 		354.66 		21.007
v 496.884 		355.182 		20.692
v 542.548 		453.283 		20.315
v 497.03 		354.588 		20.555
v 542.515 		453.272 		20.434
v 497.03 		354.632 		21.238
v 809.827 		280.173 		1.182
v 543.303 		453.336 		19.696
v 809.681 		280.075 		1.182
v 543.151 		453.331 		19.75
v 809.548 		279.959 		1.182
v 543.01 		453.325 		19.818
v 809.431 		279.826 		1.182
v 543.798 		453.342 		19.626
v 543.629 		453.341 		19.634
v 818.916 		350.717 		19.407
v 810.502 		279.004 		1.183
v 819.088 		350.897 		18.951
v 818.916 		351.075 		19.259
v 819.285 		350.741 		18.68
v 497.03 		354.645 		20.777
v 819.285 		350.274 		18.873
v 819.088 		350.481 		19.122
v 819.502 		350.61 		18.452
v 496.884 		354.538 		22.321
v 496.884 		354.764 		22.073
v 496.884 		354.946 		21.809
v 496.884 		355.081 		21.534
v 818.7554 		352.256 		19.456
v 818.7554 		352.256 		19.456
v 497.03 		354.451 		21.695
v 818.916 		352.237 		19.02
v 818.77 		352.226 		19.404
v 496.515 		354.077 		23.467
v 818.77 		351.901 		19.44
v 496.712 		353.016 		23.522
v 496.712 		353.454 		23.388
v 819.088 		352.247 		18.672
v 811.75 		279.521 		1.183
v 819.088 		351.788 		18.724
v 811.806 		279.354 		1.183
v 818.916 		351.842 		19.064
v 811.841 		279.18 		1.183
v 811.852 		279.004 		1.183
v 819.088 		351.335 		18.817
v 811.841 		278.828 		1.183
v 811.806 		278.655 		1.183
v 818.916 		351.452 		19.144
v 819.285 		351.233 		18.53
v 818.77 		350.977 		19.722
v 818.916 		350.383 		19.585
v 818.77 		350.703 		19.868
v 496.712 		353.87 		23.217
v 496.712 		354.258 		23.01
v 818.655 		350.859 		20.302
v 818.655 		351.049 		20.173
v 496.2 		353.2338 		24.1311
v 496.2 		352.9873 		24.1819
v 496.298 		352.651 		24.165
v 496.2 		352.4141 		24.2763
v 818.77 		350.455 		20.036
v 496.2 		352.6643 		24.2484
v 496.515 		353.119 		23.809
v 496.298 		353.205 		24.051
v 818.77 		350.236 		20.224
v 818.655 		350.691 		20.446
v 496.712 		352.564 		23.615
v 818.655 		352.214 		19.818
v 496.515 		352.611 		23.914
v 818.655 		351.966 		19.846
v 818.655 		351.721 		19.897
v 496.2 		353.5468 		24.0355
v 496.2 		353.7854 		23.9629
v 496.2 		354.0821 		23.8405
v 496.298 		354.251 		23.677
v 818.77 		351.581 		19.506
v 818.77 		351.272 		19.601
v 496.298 		353.742 		23.887
v 496.515 		353.61 		23.659
v 818.571 		352.202 		20.256
v 818.571 		351.868 		20.309
v 811.019 		280.251 		1.182
v 818.571 		351.555 		20.42
v 818.571 		352.034 		20.274
v 810.852 		280.308 		1.182
v 810.153 		280.308 		1.1821
v 810.153 		280.308 		1.1821
v 810.679 		280.343 		1.182
v 818.655 		351.484 		19.969
v 818.571 		351.708 		20.357
v 810.153 		280.308 		1.1821
v 818.655 		351.258 		20.062
v 810.502 		280.354 		1.182
v 810.326 		280.343 		1.182
v 773.997 		272.981 		20.955
v 810.153 		280.308 		1.182
v 773.828 		272.999 		20.745
v 773.717 		273.007 		20.654
v 773.449 		273.02 		20.506
v 496.884 		352.51 		23.275
v 496.884 		353.276 		23.08
v 497.03 		352.77 		22.833
v 496.884 		352.899 		23.195
v 561.176 		277.933 		1.183
v 561.043 		278.05 		1.183
v 560.926 		278.182 		1.183
v 560.828 		278.329 		1.183
v 560.75 		278.488 		1.183
v 497.03 		353.08 		22.739
v 561.998 		277.654 		1.183
v 561.821 		277.666 		1.183
v 561.648 		277.7 		1.183
v 561.481 		277.757 		1.183
v 561.322 		277.835 		1.183
v 562.174 		277.666 		1.183
v 563.245 		278.488 		1.183
v 497.03 		352.45 		22.899
v 563.167 		278.329 		1.183
v 563.069 		278.182 		1.183
v 562.952 		278.05 		1.183
v 562.819 		277.933 		1.183
v 562.673 		277.835 		1.183
v 562.514 		277.757 		1.183
v 562.347 		277.7 		1.183
v 496.884 		353.968 		22.754
v 773.922 		272.991 		20.846
v 497.03 		353.374 		22.617
v 496.884 		353.635 		22.932
v 496.884 		354.271 		22.549
v 773.59 		273.014 		20.573
v 496.2 		354.7969 		23.487
v 773.454 		273.001 		21.309
v 773.405 		272.986 		21.489
v 496.2 		355.0476 		23.3167
v 496.298 		355.156 		23.132
v 496.2 		355.239 		23.187
v 773.432 		272.991 		21.431
v 496.515 		354.512 		23.235
v 496.298 		354.726 		23.424
v 773.32 		273.026 		21.024
v 773.367 		273.022 		21.075
v 496.515 		355.254 		22.67
v 496.712 		354.609 		22.772
v 496.515 		354.906 		22.968
v 773.449 		272.996 		21.371
v 773.449 		273.007 		21.248
v 773.432 		273.012 		21.188
v 496.2 		355.6294 		22.8529
v 496.298 		355.536 		22.807
v 496.2 		355.4605 		22.9976
v 496.2 		355.8171 		22.6471
v 773.405 		273.017 		21.13
v 496.2 		354.309 		23.7471
v 496.2 		354.5859 		23.5996
v 496.2 		356.5484 		21.2923
v 496.298 		356.43 		21.289
v 496.2 		356.4946 		21.47
v 496.2 		356.5977 		20.8791
v 496.298 		356.478 		20.887
v 496.2 		356.5764 		21.058
v 496.2 		356.5825 		20.6476
v 774.085 		272.94 		21.432
v 811.672 		279.679 		1.183
v 774.085 		272.961 		21.19
v 811.177 		280.173 		1.1821
v 811.177 		280.173 		1.1821
v 774.052 		272.971 		21.07
v 811.457 		279.959 		1.182
v 811.574 		279.826 		1.182
v 811.177 		280.173 		1.1821
v 811.324 		280.075 		1.182
v 774.096 		272.951 		21.311
v 811.177 		280.173 		1.182
v 774.57 		272.913 		20.788
v 774.459 		272.926 		20.626
v 775.217 		272.792 		20.853
v 774.65 		272.898 		20.958
v 775.111 		272.812 		20.63
v 774.699 		272.852 		21.493
v 774.715 		272.867 		21.314
v 496.298 		356.452 		20.49
v 775.302 		272.752 		21.318
v 774.699 		272.883 		21.134
v 496.2 		356.4241 		21.7026
v 542.59 		272.014 		18.1104
v 775.28 		272.773 		21.083
v 542.4564 		272.014 		18.1448
v 542.0152 		272.014 		18.2578
v 541.9192 		272.014 		18.294
v 773.367 		272.981 		21.544
v 773.717 		272.894 		21.969
v 773.32 		272.977 		21.595
v 817.722 		271.656 		0.001
v 816.587 		271.352 		0.001
v 816 		271.314 		0.001
v 773.997 		272.92 		21.667
v 774.052 		272.93 		21.552
v 817.812 		269.052 		2.501
v 816.914 		268.874 		2.501
v 773.828 		272.902 		21.877
v 773.922 		272.911 		21.776
v 809.986 		277.757 		1.183
v 809.827 		277.835 		1.183
v 809.681 		277.933 		1.183
v 809.548 		278.05 		1.183
v 809.431 		278.182 		1.183
v 809.333 		278.329 		1.183
v 809.255 		278.488 		1.183
v 810.502 		277.654 		1.183
v 810.326 		277.666 		1.183
v 810.153 		277.7 		1.183
v 811.019 		277.757 		1.183
v 810.852 		277.7 		1.183
v 810.679 		277.666 		1.183
v 773.449 		272.881 		22.116
v 811.75 		278.488 		1.183
v 811.672 		278.329 		1.183
v 811.574 		278.182 		1.183
v 811.457 		278.05 		1.183
v 811.324 		277.933 		1.183
v 811.177 		277.835 		1.183
v 773.297 		272.877 		22.17
v 773.758 		272.765 		22.504
v 773.967 		272.773 		22.405
v 773.59 		272.887 		22.049
v 543.798 		272.014 		17.9901
v 543.6237 		272.014 		17.9987
v 543.1877 		272.014 		18.0199
v 543.0259 		272.014 		18.0441
v 773.051 		453.174 		20.99
v 773.128 		453.176 		20.963
v 773.263 		453.183 		20.889
v 544.8559 		272.014 		18.0878
v 544.4086 		272.014 		18.0199
v 544.2365 		272.014 		18.0114
v 773.199 		453.179 		20.929
v 545.5808 		272.014 		18.2578
v 545.4652 		272.014 		18.2281
v 545.0067 		272.014 		18.1104
v 772.467 		453.185 		21.454
v 500.9609 		452.671 		16
v 560.693 		278.655 		1.183
v 560.659 		278.828 		1.183
v 560.647 		279.004 		1.183
v 500 		457.8 		16
v 560.659 		279.18 		1.183
v 499.086 		457.74 		16
v 498.188 		457.561 		16
v 560.693 		279.354 		1.183
v 497.321 		457.267 		16
v 560.75 		279.521 		1.183
v 500 		454.6 		16
v 499.26 		454.519 		16
v 500 		452.8 		16
v 561.998 		279.004 		1.183
v 500.0873 		452.671 		16
v 499.482 		452.732 		16
v 499.5235 		452.671 		16
v 499.335 		452.671 		16
v 498.323 		454.201 		16
v 497.5 		453.651 		16
v 496.847 		452.907 		16
v 498.254 		451.7663 		16
v 498.068 		451.318 		16
v 498.254 		451.0507 		16
v 498 		450.8 		16
v 560.828 		279.679 		1.183
v 495.739 		456.353 		16
v 496.5 		456.862 		16
v 494.447 		455.061 		16
v 495.05 		455.75 		16
v 561.176 		280.075 		1.182
v 561.043 		279.959 		1.182
v 493.06 		451.714 		16
v 493.239 		452.612 		16
v 493.533 		453.479 		16
v 493.938 		454.3 		16
v 560.926 		279.826 		1.182
v 496.489 		452.254 		16
v 496.329 		451.784 		16
v 496.2 		450.8 		16
v 561.648 		280.308 		1.1821
v 561.648 		280.308 		1.1821
v 562.174 		280.343 		1.182
v 498.254 		450.4363 		16
v 561.648 		280.308 		1.1821
v 561.998 		280.354 		1.182
v 561.821 		280.343 		1.182
v 561.648 		280.308 		1.182
v 561.481 		280.251 		1.182
v 500 		457.799 		2.5
v 497.321 		457.267 		2.5
v 561.322 		280.173 		1.182
v 499.086 		457.74 		2.5
v 498.188 		457.561 		2.5
v 543.463 		453.339 		19.657
v 498.254 		452.671 		3.098
v 496.5 		456.862 		2.5
v 495.739 		456.353 		2.5
v 495.05 		455.749 		2.5
v 494.447 		455.061 		2.5
v 543.28 		453.236 		20.272
v 543.195 		453.227 		20.378
v 493.239 		452.612 		2.5
v 493.533 		453.479 		2.5
v 543.168 		453.222 		20.436
v 493.06 		451.714 		2.5
v 493.938 		454.3 		2.5
v 543.337 		453.24 		20.226
v 543.233 		453.231 		20.323
v 543.472 		453.246 		20.151
v 543.549 		453.249 		20.124
v 543.401 		453.243 		20.185
v 543.798 		453.252 		20.088
v 543.713 		453.251 		20.092
v 543.629 		453.25 		20.104
v 543.883 		453.251 		20.092
v 544.936 		272.014 		24.576
v 544.713 		453.987 		18.085
v 819.502 		348.043 		20.651
v 819.737 		347.767 		20.616
v 819.502 		347.874 		21.452
v 819.737 		347.638 		21.043
v 819.502 		347.922 		21.051
v 819.737 		347.586 		21.471
v 819.502 		347.998 		22.234
v 819.502 		347.899 		21.849
v 819.737 		347.613 		21.894
v 819.737 		347.718 		22.305
v 819.737 		347.9 		22.697
v 819.737 		348.155 		23.062
v 818.916 		349.152 		21.368
v 819.088 		348.801 		20.746
v 819.088 		348.663 		21.4
v 544.586 		453.786 		18.432
v 544.196 		453.791 		18.376
v 544.26 		453.992 		18.02
v 545.316 		454.197 		17.899
v 545.566 		453.965 		18.339
v 545.782 		454.183 		18.064
v 545.151 		453.977 		18.192
v 817.959 		442.707 		3.0971
v 807.0421 		440.2639 		3.0971
v 807.022 		440.2841 		3.0971
v 544.755 		453.448 		19.362
v 544.755 		453.603 		18.889
v 807.3949 		439.916 		3.0971
v 807.3807 		439.9406 		3.0971
v 544.294 		453.46 		19.225
v 806.5966 		440.5412 		3.0971
v 805.5417 		440.7927 		3.0971
v 806.6212 		440.527 		3.0971
v 563.245 		279.521 		1.183
v 805.5 		440.801 		3.0971
v 563.302 		279.354 		1.183
v 563.336 		279.18 		1.183
v 563.348 		279.004 		1.183
v 563.336 		278.828 		1.183
v 807.6713 		439.5382 		3.0971
v 563.302 		278.655 		1.183
v 808 		438.301 		3.0971
v 807.81 		439.258 		3.0971
v 774.155 		272.784 		22.286
v 819.285 		348.279 		21.06
v 819.088 		348.702 		21.072
v 819.285 		348.235 		21.428
v 563.167 		279.679 		1.183
v 819.285 		348.389 		20.694
v 562.673 		280.173 		1.1821
v 562.673 		280.173 		1.1821
v 562.952 		279.959 		1.182
v 563.069 		279.826 		1.182
v 562.673 		280.173 		1.1821
v 562.819 		280.075 		1.182
v 772.306 		453.188 		21.415
v 818.77 		349.9 		20.645
v 772.633 		453.172 		21.01
v 562.673 		280.173 		1.182
v 772.717 		453.171 		21.022
v 818.77 		349.72 		21.101
v 772.633 		453.183 		21.477
v 562.514 		280.251 		1.182
v 774.459 		272.808 		22.001
v 542.603 		272.069 		18.143
v 542.678 		272.285 		18.336
v 544.445 		453.609 		18.814
v 544.125 		453.613 		18.768
v 775.111 		272.693 		22.005
v 774.57 		272.822 		21.84
v 775.217 		272.712 		21.782
v 772.971 		453.183 		21.477
v 774.65 		272.837 		21.67
v 544.531 		453.455 		19.283
v 773.137 		453.185 		21.454
v 772.802 		453.171 		21.026
v 544.048 		453.463 		19.19
v 775.28 		272.732 		21.552
v 545.782 		453.554 		19.455
v 774.32 		272.795 		22.151
v 545.32 		453.583 		19.124
v 772.802 		453.182 		21.485
v 774.785 		272.658 		22.411
v 772.887 		453.171 		21.022
v 545.566 		453.569 		19.279
v 772.971 		453.172 		21.01
v 774.967 		272.675 		22.216
v 562.347 		280.308 		1.182
v 818.916 		349.405 		20.53
v 818.916 		349.27 		20.805
v 818.77 		349.789 		20.87
v 818.916 		349.185 		21.086
v 771.449 		272.235 		23.675
v 818.77 		349.692 		21.333
v 771.284 		272.016 		23.968
v 545.048 		453.594 		18.993
v 771.7622 		272.014 		24.0709
v 771.3733 		272.014 		23.9896
v 771.887 		272.226 		23.782
v 771.7796 		272.014 		24.0746
v 819.088 		348.684 		21.724
v 818.916 		349.169 		21.647
v 772.2578 		272.014 		24.135
v 771.2828 		272.014 		23.9701
v 771.2872 		272.014 		23.9711
v 772.802 		272.219 		23.868
v 545.951 		453.949 		18.523
v 819.088 		348.903 		22.338
v 772.34 		272.22 		23.847
v 819.285 		348.258 		21.792
v 773.2847 		272.014 		24.1401
v 772.802 		272.014 		24.1607
v 773.263 		272.22 		23.847
v 819.088 		348.764 		22.039
v 819.285 		348.504 		22.481
v 819.285 		348.348 		22.145
v 544.963 		453.778 		18.524
v 818.77 		349.707 		21.562
v 818.77 		349.862 		21.996
v 818.77 		350.175 		22.374
v 818.916 		349.239 		21.918
v 818.77 		349.763 		21.784
v 818.916 		349.526 		22.417
v 818.77 		349.999 		22.194
v 818.916 		349.358 		22.176
v 818.571 		351.075 		20.786
v 818.571 		350.998 		20.898
v 818.571 		351.171 		20.68
v 818.655 		350.549 		20.602
v 771.28 		453.338 		21.974
v 771.449 		453.262 		21.525
v 771.637 		453.252 		21.643
v 545.951 		453.737 		18.998
v 545.651 		453.754 		18.809
v 772.069 		453.236 		21.823
v 807.1503 		291.4417 		3.0979
v 806.75 		291.147 		3.0979
v 807.1278 		291.4244 		3.0979
v 805.994 		290.8664 		3.0979
v 771.845 		453.243 		21.743
v 806.7238 		291.1362 		3.0979
v 807.5607 		291.9094 		3.0979
v 807.578 		291.9319 		3.0979
v 772.2878 		272.014 		24.1388
v 772.7668 		272.014 		24.1592
v 771.28 		453.441 		22.438
v 771.552 		453.326 		22.105
v 771.28 		272.63 		22.743
v 771.845 		453.317 		22.209
v 772.155 		453.311 		22.284
v 771.845 		272.61 		22.977
v 772.069 		272.758 		22.584
v 772.155 		272.603 		23.053
v 772.802 		453.306 		22.345
v 771.28 		272.445 		23.216
v 771.552 		272.619 		22.873
v 772.802 		453.227 		21.928
v 773.128 		453.307 		22.33
v 771.637 		272.434 		23.343
v 772.014 		272.427 		23.435
v 772.475 		453.307 		22.33
v 772.802 		272.749 		22.689
v 772.306 		272.753 		22.642
v 773.051 		453.228 		21.916
v 773.051 		272.75 		22.677
v 772.306 		453.231 		21.881
v 772.552 		453.228 		21.916
v 772.552 		272.75 		22.677
v 771.681 		453.928 		23.53
v 773.128 		272.599 		23.098
v 772.475 		272.599 		23.098
v 771.775 		453.734 		23.285
v 542.03 		272.057 		18.282
v 771.449 		453.574 		22.886
v 771.284 		453.744 		23.165
v 543.233 		272.292 		18.257
v 543.798 		272.079 		18.03
v 771.637 		453.43 		22.565
v 543.798 		272.294 		18.23
v 772.014 		453.423 		22.657
v 771.887 		453.564 		22.992
v 543.195 		272.077 		18.058
v 771.552 		454.376 		23.861
v 772.199 		454.136 		23.808
v 772.171 		454.369 		23.95
v 771.606 		454.143 		23.724
v 772.237 		453.921 		23.61
v 772.802 		453.725 		23.382
v 772.802 		272.42 		23.509
v 773.263 		453.559 		23.057
v 772.404 		272.422 		23.491
v 772.34 		453.559 		23.057
v 772.802 		272.598 		23.114
v 772.284 		453.727 		23.358
v 773.199 		272.422 		23.491
v 773.199 		453.418 		22.713
v 772.404 		453.418 		22.713
v 772.802 		453.557 		23.079
v 774.57 		272.248 		23.528
v 772.802 		453.416 		22.731
v 774.954 		272.264 		23.343
v 772.802 		454.366 		23.98
v 775.302 		272.283 		23.124
v 772.802 		453.919 		23.636
v 772.802 		454.133 		23.837
v 774.155 		272.235 		23.675
v 773.3161 		272.014 		24.1388
v 773.32 		453.187 		20.843
v 773.8043 		272.014 		24.077
v 773.717 		272.226 		23.782
v 773.8235 		272.014 		24.0746
v 773.405 		453.196 		20.737
v 773.432 		453.201 		20.678
v 773.449 		453.206 		20.618
v 774.2305 		272.014 		23.9896
v 773.449 		453.217 		20.496
v 775.217 		272.048 		23.596
v 774.32 		272.016 		23.968
v 773.367 		453.191 		20.792
v 774.3212 		272.014 		23.9701
v 774.3258 		272.014 		23.9686
v 545.32 		453.767 		18.65
v 774.785 		272.03 		23.803
v 774.7973 		272.014 		23.8188
v 774.8334 		272.014 		23.8035
v 775.2491 		272.014 		23.6271
v 775.3213 		272.014 		23.5871
v 773.297 		272.753 		22.642
v 544.713 		453.319 		19.898
v 773.534 		272.758 		22.584
v 544.586 		453.325 		19.818
v 544.294 		453.336 		19.696
v 544.133 		453.339 		19.657
v 543.967 		453.341 		19.634
v 773.59 		272.427 		23.435
v 773.449 		272.603 		23.053
v 773.967 		272.434 		23.343
v 773.758 		272.61 		22.977
v 544.445 		453.331 		19.75
v 774.052 		272.619 		22.873
v 544.401 		453.227 		20.378
v 544.363 		453.231 		20.323
v 774.324 		272.63 		22.743
v 774.57 		272.643 		22.588
v 774.324 		272.445 		23.216
v 774.954 		272.475 		22.869
v 543.967 		453.25 		20.104
v 544.048 		453.249 		20.124
v 774.655 		272.459 		23.057
v 775.217 		272.494 		22.654
v 544.26 		453.24 		20.226
v 544.196 		453.243 		20.185
v 544.125 		453.246 		20.151
v 776.735 		272.274 		20.962
v 544.316 		453.236 		20.272
v 776.633 		272.306 		20.597
v 777.132 		272.026 		21.341
v 777.1193 		272.014 		21.4805
v 776.769 		272.242 		21.334
v 544.919 		453.302 		20.091
v 544.429 		453.222 		20.436
v 497.595 		439.298 		0.8
v 497.504 		438.642 		0.8
v 498.111 		439.751 		0.8
v 544.825 		453.311 		19.989
v 498.4 		439.801 		0.8
v 497.517 		439.047 		0.8
v 497.901 		439.648 		0.8
v 545.455 		453.404 		19.865
v 545.316 		453.417 		19.716
v 545.151 		453.429 		19.581
v 544.963 		453.439 		19.462
v 498.111 		437.85 		0.8
v 497.879 		437.974 		0.8
v 498.4 		437.801 		0.8
v 497.653 		438.202 		0.8
v 545.695 		453.361 		20.373
v 545.566 		453.391 		20.027
v 545.081 		453.272 		20.434
v 545.048 		453.283 		20.315
v 545.646 		453.376 		20.197
v 542.141 		272.274 		18.467
v 497.527 		430.528 		0.8
v 497.653 		430.203 		0.8
v 497.725 		431.494 		0.8
v 498.056 		431.733 		0.8
v 498.4 		431.801 		0.8
v 542.633 		272.782 		19.302
v 542.276 		272.771 		19.428
v 807.8534 		292.4905 		3.0979
v 807.8643 		292.5167 		3.0979
v 497.5 		430.901 		0.8
v 808 		293.312 		3.0979
v 807.9963 		293.2838 		3.0979
v 542.883 		272.648 		18.874
v 542.445 		272.639 		18.981
v 498.4 		429.802 		0.8
v 498.111 		429.851 		0.8
v 497.764 		430.065 		0.8
v 542.772 		272.479 		18.581
v 542.03 		272.627 		19.128
v 542.28 		272.469 		18.701
v 543.798 		272.796 		19.135
v 777.095 		272.061 		20.935
v 777.1469 		272.014 		21.3414
v 777.1474 		272.014 		21.3148
v 777.1536 		272.014 		20.9311
v 777.1359 		272.014 		20.8272
v 776.984 		272.096 		20.536
v 543.337 		272.654 		18.809
v 543.401 		272.795 		19.154
v 777.0843 		272.014 		20.5195
v 776.068 		272.354 		22.3
v 543.01 		272.79 		19.21
v 776.217 		272.381 		21.985
v 543.798 		272.487 		18.484
v 543.798 		272.656 		18.787
v 776.467 		272.148 		22.425
v 776.735 		272.21 		21.706
v 543.28 		272.485 		18.508
v 776.6674 		272.014 		22.489
v 776.8297 		272.014 		22.23
v 776.633 		272.179 		22.072
v 542.842 		272.895 		19.658
v 776.8939 		272.014 		22.1277
v 777.0385 		272.014 		21.7876
v 542.548 		272.886 		19.762
v 542.548 		272.886 		19.762
v 777.0572 		272.014 		21.7436
v 542.276 		272.875 		19.892
v 775.846 		272.608 		21.322
v 542.548 		272.886 		19.762
v 542.548 		272.886 		19.762
v 775.742 		272.657 		20.756
v 541.945 		272.758 		19.587
v 775.614 		272.68 		20.485
v 542.842 		272.97 		20.123
v 542.633 		272.961 		20.223
v 542.445 		272.951 		20.342
v 542.28 		272.939 		20.477
v 542.03 		272.862 		20.047
v 773.454 		453.211 		20.557
v 543.549 		272.985 		19.951
v 543.798 		272.907 		19.521
v 543.798 		272.986 		19.939
v 774.052 		453.241 		20.796
v 543.472 		272.906 		19.537
v 774.085 		453.252 		20.677
v 773.997 		453.231 		20.911
v 543.151 		272.902 		19.582
v 805.5281 		290.8157 		3.0979
v 805.5 		290.812 		3.0979
v 817.959 		284.007 		3.0979
v 774.096 		453.262 		20.555
v 773.297 		453.188 		21.415
v 497.879 		421.975 		0.8
v 497.653 		422.203 		0.8
v 498.111 		423.752 		0.8
v 497.901 		423.649 		0.8
v 497.66 		423.397 		0.8
v 497.5 		422.902 		0.8
v 498.4 		423.802 		0.8
v 773.449 		453.193 		21.361
v 773.922 		453.222 		21.02
v 773.59 		453.198 		21.293
v 498.111 		421.852 		0.8
v 498.4 		421.802 		0.8
v 497.653 		414.204 		0.8
v 497.527 		414.529 		0.8
v 497.808 		414.028 		0.8
v 498.4 		413.803 		0.8
v 498.031 		413.888 		0.8
v 497.725 		415.495 		0.8
v 497.557 		415.189 		0.8
v 498.111 		415.753 		0.8
v 498.4 		415.803 		0.8
v 498.225 		407.784 		0.8
v 498.4 		407.803 		0.8
v 498.003 		407.709 		0.8
v 497.527 		406.53 		0
v 497.55 		407.192 		0.8
v 497.708 		407.471 		0.8
v 497.527 		406.53 		0.8
v 497.504 		406.962 		0.8
v 498.4 		405.803 		0
v 497.901 		405.957 		0
v 497.708 		406.136 		0
v 497.653 		406.204 		0.8
v 497.919 		405.958 		0.8
v 498.4 		405.803 		0.8
v 818.655 		350.434 		20.768
v 818.655 		350.349 		20.94
v 818.571 		350.94 		21.015
v 776.337 		272.437 		21.328
v 818.571 		350.89 		21.254
v 775.82 		272.633 		21.037
v 776.217 		272.494 		20.67
v 776.307 		272.466 		20.996
v 543.629 		273.03 		20.389
v 543.463 		273.028 		20.413
v 543.798 		273.031 		20.381
v 543.303 		272.982 		19.986
v 818.571 		350.898 		21.373
v 775.438 		272.514 		22.416
v 775.614 		272.536 		22.159
v 818.655 		350.296 		21.117
v 818.571 		350.904 		21.134
v 818.655 		350.275 		21.294
v 775.742 		272.56 		21.888
v 818.571 		350.927 		21.488
v 776.307 		272.409 		21.659
v 775.82 		272.584 		21.608
v 497.653 		399.403 		0.001
v 497.905 		399.644 		0.001
v 775.607 		272.304 		22.874
v 498.4 		399.804 		0.001
v 775.949 		272.093 		23.069
v 776.237 		272.119 		22.759
v 775.864 		272.328 		22.598
v 818.655 		350.286 		21.47
v 775.607 		272.069 		23.35
v 775.6679 		272.014 		23.3953
v 818.52 		351.726 		20.874
v 775.7752 		272.014 		23.3193
v 776.0479 		272.014 		23.126
v 818.52 		351.669 		20.923
v 818.52 		351.621 		20.976
v 776.186 		272.014 		23.0014
v 818.571 		351.414 		20.496
v 776.3827 		272.014 		22.8228
v 776.5412 		272.014 		22.6368
v 543.303 		273.025 		20.452
v 543.066 		272.977 		20.044
v 497.686 		399.452 		0.801
v 498.056 		399.735 		0.801
v 544.919 		272.285 		18.336
v 498.4 		399.804 		0.801
v 544.363 		272.292 		18.257
v 497.504 		398.963 		0.001
v 497.527 		398.53 		0.001
v 544.401 		272.077 		18.058
v 818.571 		351.285 		20.583
v 544.994 		272.069 		18.143
v 545.566 		272.057 		18.282
v 545.455 		272.274 		18.467
v 544.196 		272.795 		19.154
v 544.586 		272.79 		19.21
v 544.825 		272.479 		18.581
v 544.713 		272.648 		18.874
v 544.26 		272.654 		18.809
v 818.52 		351.94 		20.76
v 818.52 		351.863 		20.792
v 544.316 		272.485 		18.508
v 545.32 		272.771 		19.428
v 818.52 		352.189 		20.709
v 545.951 		272.611 		19.312
v 818.52 		352.104 		20.718
v 545.151 		272.639 		18.981
v 544.963 		272.782 		19.302
v 818.52 		352.021 		20.735
v 773.717 		453.205 		21.213
v 773.828 		453.213 		21.122
v 818.52 		351.791 		20.83
v 818.52 		351.582 		21.033
v 818.52 		351.535 		21.152
v 775.28 		453.44 		20.783
v 775.302 		453.46 		20.549
v 818.52 		351.553 		21.091
v 774.65 		453.315 		20.909
v 774.715 		453.345 		20.553
v 774.699 		453.33 		20.732
v 774.32 		453.273 		21.39
v 774.967 		453.383 		21.447
v 774.57 		453.3 		21.079
v 775.111 		453.401 		21.236
v 775.217 		453.42 		21.014
v 774.459 		453.286 		21.24
v 773.297 		453.231 		21.881
v 773.534 		453.236 		21.823
v 773.967 		453.252 		21.643
v 544.994 		453.293 		20.2
v 546.86 		454.376 		18.325
v 546.434 		454.399 		18.057
v 546.213 		454.165 		18.271
v 545.963 		454.418 		17.831
v 546.945 		454.12 		18.797
v 546.86 		453.885 		19.268
v 546.298 		453.93 		18.742
v 546.603 		454.144 		18.517
v 546.434 		453.698 		19.451
v 546.213 		453.719 		19.213
v 546.603 		453.908 		18.992
v 547.799 		454.562 		18.858
v 547.463 		454.593 		18.497
v 547.463 		454.064 		19.441
v 547.799 		454.289 		19.334
v 547.548 		454.32 		18.969
v 547.234 		454.349 		18.631
v 547.234 		454.093 		19.107
v 546.816 		453.629 		20.259
v 818.52 		351.527 		21.212
v 497.55 		398.415 		0.801
v 818.52 		351.546 		21.33
v 497.504 		398.963 		0.801
v 818.52 		351.572 		21.385
v 818.52 		351.608 		21.437
v 497.653 		398.205 		0.001
v 498.111 		397.854 		0.001
v 498.4 		397.804 		0.001
v 818.52 		351.531 		21.272
v 497.708 		398.136 		0.801
v 498.4 		397.804 		0.801
v 497.927 		397.944 		0.801
v 818.52 		351.653 		21.484
v 800.911 		286.772 		0.001
v 800.521 		286.798 		0.001
v 800.911 		286.772 		0
v 800.521 		286.798 		0
v 803 		284.008 		6.184
v 800.2954 		285.1519 		2.098
v 800.428 		285.107 		2.098
v 800.6858 		284.9559 		2.098
v 801.0611 		284.7068 		2.098
v 800.1582 		285.1787 		2.098
v 800.8396 		284.8772 		2.098
v 802.236 		286.522 		3.098
v 802.236 		286.522 		3.098
v 802.002 		282.7642 		2.098
v 801.809 		283.726 		2.098
v 801.9082 		283.3528 		2.098
v 801.9946 		282.8692 		2.098
v 801.4367 		284.3272 		2.098
v 801.529 		284.2219 		2.098
v 801.6691 		283.9802 		2.098
v 801.2521 		284.5559 		2.098
v 801.9813 		283.0624 		2.098
v 802.002 		282.9805 		3.098
v 802.236 		282.8497 		3.098
v 803 		284.007 		3.098
v 800.921 		284.818 		0
v 800.428 		285.107 		0
v 802.884 		285.624 		0.001
v 802.621 		285.925 		0.001
v 497.563 		391.219 		0.001
v 497.5585 		391.804 		0.001
v 497.725 		391.497 		0.001
v 498.006 		391.703 		0.001
v 498.4 		391.804 		0.001
v 818.502 		352.176 		21.17
v 497.764 		391.541 		0.801
v 497.55 		391.193 		0.801
v 498.085 		391.742 		0.801
v 498.4 		391.804 		0.801
v 773.758 		453.243 		21.743
v 774.155 		453.262 		21.525
v 773.449 		453.311 		22.284
v 773.758 		453.317 		22.209
v 497.5576 		389.12 		0.001
v 497.5609 		390.3995 		0.001
v 497.5 		390.704 		0.001
v 774.052 		453.326 		22.105
v 497.563 		390.389 		0.001
v 497.725 		390.112 		0.001
v 498.006 		389.906 		0.001
v 498.4 		389.805 		0.001
v 497.808 		390.029 		0.801
v 498.111 		389.854 		0.801
v 497.653 		390.206 		0.801
v 498.4 		389.805 		0.801
v 545.782 		272.454 		18.866
v 545.566 		272.627 		19.128
v 497.504 		390.963 		0.801
v 546.213 		453.5 		20.084
v 546.738 		453.653 		19.978
v 497.5419 		383.0313 		0.001
v 498.4 		383.805 		0.001
v 497.673 		383.426 		0.001
v 546.61 		453.676 		19.707
v 497.55 		383.194 		0.801
v 497.764 		383.541 		0.801
v 498.003 		383.71 		0.801
v 498.4 		383.805 		0.801
v 545.963 		453.537 		19.651
v 546.277 		453.48 		20.314
v 775.302 		453.621 		22.335
v 774.324 		453.441 		22.438
v 546.108 		453.519 		19.862
v 774.954 		453.471 		22.091
v 775.217 		453.49 		21.876
v 774.324 		453.338 		21.974
v 547.981 		454.256 		19.72
v 774.655 		453.455 		22.279
v 774.785 		453.366 		21.642
v 547.731 		454.003 		20.16
v 774.57 		453.351 		21.819
v 547.213 		453.832 		19.881
v 547.63 		454.034 		19.794
v 547.065 		453.859 		19.566
v 547.304 		453.804 		20.207
v 773.32 		453.727 		23.358
v 773.828 		453.734 		23.285
v 773.922 		453.928 		23.53
v 548.378 		454.456 		20.084
v 548.26 		454.493 		19.658
v 548.066 		454.528 		19.247
v 774.155 		453.574 		22.886
v 548.091 		454.221 		20.119
v 773.59 		453.423 		22.657
v 773.717 		453.564 		22.992
v 773.967 		453.43 		22.565
v 541.95 		453.315 		20.909
v 542.504 		453.262 		20.555
v 774.052 		454.376 		23.861
v 541.885 		453.345 		20.553
v 773.405 		454.136 		23.808
v 773.432 		454.369 		23.95
v 545.316 		272.469 		18.701
v 544.048 		272.985 		19.951
v 773.367 		453.921 		23.61
v 773.997 		454.143 		23.724
v 544.755 		272.895 		19.658
v 544.125 		272.906 		19.537
v 774.57 		453.586 		22.739
v 544.445 		272.902 		19.582
v 774.954 		453.602 		22.554
v 544.133 		273.028 		20.413
v 775.111 		454.172 		23.392
v 775.217 		454.406 		23.515
v 544.755 		272.97 		20.123
v 774.967 		453.954 		23.22
v 544.294 		273.025 		20.452
v 774.32 		453.744 		23.165
v 774.459 		453.939 		23.4
v 544.294 		272.982 		19.986
v 774.785 		453.758 		23.001
v 543.967 		273.03 		20.389
v 775.217 		453.776 		22.793
v 544.531 		272.977 		20.044
v 774.65 		454.389 		23.715
v 545.32 		272.875 		19.892
v 774.57 		454.155 		23.584
v 545.951 		272.741 		19.776
v 776.307 		453.747 		20.87
v 545.048 		272.886 		19.762
v 776.337 		453.775 		20.539
v 775.614 		453.532 		21.381
v 775.742 		453.556 		21.11
v 776.217 		453.719 		21.196
v 545.651 		272.758 		19.587
v 545.316 		272.939 		20.477
v 775.82 		453.58 		20.83
v 545.782 		272.847 		20.224
v 545.151 		272.951 		20.342
v 775.846 		453.604 		20.544
v 544.963 		272.961 		20.223
v 777.382 		454.382 		20.951
v 545.566 		272.862 		20.047
v 777.264 		454.345 		21.376
v 542.883 		273.007 		20.654
v 777.132 		454.186 		20.525
v 542.515 		453.252 		20.677
v 776.633 		453.907 		21.27
v 776.984 		454.117 		21.33
v 541.901 		453.33 		20.732
v 776.735 		453.939 		20.904
v 777.095 		454.151 		20.931
v 776.769 		453.971 		20.532
v 542.548 		453.241 		20.796
v 542.603 		453.231 		20.911
v 497.5408 		382.5788 		0.001
v 542.03 		453.3 		21.079
v 497.66 		382.21 		0.001
v 497.901 		381.958 		0.001
v 542.28 		453.273 		21.39
v 497.5 		382.905 		0.001
v 497.5 		382.705 		0.001
v 497.879 		381.978 		0.801
v 497.55 		382.416 		0.801
v 497.653 		382.206 		0.801
v 542.678 		453.222 		21.02
v 542.141 		453.286 		21.24
v 497.504 		382.964 		0.801
v 542.772 		453.213 		21.122
v 542.883 		453.205 		21.213
v 543.151 		453.217 		20.496
v 543.146 		453.211 		20.557
v 543.151 		453.206 		20.618
v 543.195 		453.196 		20.737
v 543.337 		453.183 		20.889
v 542.603 		272.981 		20.955
v 542.772 		272.999 		20.745
v 542.141 		272.926 		20.626
v 542.678 		272.991 		20.846
v 542.03 		272.913 		20.788
v 541.95 		272.898 		20.958
v 542.548 		272.971 		21.07
v 542.515 		272.94 		21.432
v 541.901 		272.883 		21.134
v 542.515 		272.961 		21.19
v 541.885 		272.867 		21.314
v 542.504 		272.951 		21.311
v 818.571 		351.14 		21.793
v 818.655 		350.329 		21.64
v 818.655 		350.405 		21.802
v 541.901 		272.852 		21.493
v 498.4 		381.805 		0.001
v 498.111 		381.855 		0.801
v 498.4 		381.805 		0.801
v 543.151 		273.02 		20.506
v 802.621 		285.925 		0
v 802.884 		285.624 		0
v 802.884 		285.624 		0.001
v 543.337 		273.03 		20.978
v 802.621 		285.925 		0.001
v 802.334 		286.178 		0.001
v 802.334 		286.178 		0
v 802.011 		286.396 		0.001
v 802.011 		286.396 		0
v 801.661 		286.57 		0.001
v 801.292 		286.696 		0.001
v 801.661 		286.57 		0
v 801.292 		286.696 		0
v 803.274 		284.946 		0.001
v 803.101 		285.298 		0.001
v 803.101 		285.298 		0
v 803.274 		284.946 		0
v 543.01 		273.014 		20.573
v 802.003 		282.7501 		0.001
v 802.003 		282.75 		0.001
v 802.002 		282.7642 		0.25
v 802.003 		282.75 		0
v 801.568 		284.164 		0
v 801.25 		284.558 		0
v 802.002 		282.7645 		0.001
v 801.98 		283.083 		0
v 801.809 		283.726 		0
v 803.399 		284.5739 		0.001
v 803.399 		284.574 		0.001
v 803.399 		284.574 		0
v 803.5 		283.798 		0.001
v 796.733 		285.3 		2.098
v 796.733 		285.3 		0
v 796.733 		285.301 		2.098
v 799.452 		285.301 		2.098
v 796.733 		285.301 		0
v 796.9496 		285.803 		3.098
v 799.6366 		285.2882 		2.098
v 497.5234 		375.808 		0.001
v 799.77 		285.279 		0
v 799.452 		285.301 		0
v 799.7763 		285.2786 		2.098
v 498.4 		375.806 		0.001
v 497.95 		375.685 		0.801
v 498.283 		375.798 		0.801
v 498.4 		375.806 		0.801
v 497.5214 		375.0288 		0.001
v 497.504 		374.964 		0.001
v 497.813 		375.575 		0.001
v 497.595 		375.303 		0.001
v 497.621 		375.356 		0.801
v 497.504 		374.964 		0.801
v 497.978 		373.917 		0.001
v 543.168 		453.201 		20.678
v 734 		283.798 		0
v 734 		269.8 		0
v 800.521 		266.8 		4.855
v 543.883 		273.041 		20.844
v 800.521 		266.8 		0
v 543.713 		273.041 		20.844
v 543.472 		273.036 		20.903
v 543.798 		273.042 		20.84
v 795.6626 		286.522 		3.098
v 802.003 		271.314 		0.001
v 802.002 		271.314 		0.001
v 543.28 		453.187 		20.843
v 783.528 		266.8 		0
v 802.003 		270.848 		0.467
v 802.002 		270.8332 		0.4818
v 543.233 		453.191 		20.792
v 802.002 		270.8332 		2.098
v 801.9955 		270.736 		2.098
v 801.945 		270.3529 		2.098
v 802.002 		274.066 		3.0981
v 802.002 		270.8332 		5
v 802.002 		272.798 		5
v 802.002 		270.8332 		3.098
v 801.9588 		270.4315 		3.098
v 801.9918 		270.6826 		3.098
v 801.985 		270.581 		5
v 802.003 		270.848 		0
v 803 		274.066 		3.0981
v 802.002 		274.066 		6.003
v 803 		274.066 		6.187
v 802.002 		272.798 		6.003
v 803.3284 		268.814 		6.869
v 803.274 		268.652 		6.707
v 803.101 		268.3 		6.355
v 802.627 		267.679 		5.734
v 802.334 		267.42 		5.475
v 802.011 		267.202 		5.257
v 802.884 		267.974 		6.029
v 801.004 		268.825 		5
v 801.916 		270.188 		5
v 800.428 		268.491 		5
v 799.948 		268.352 		5
v 801.809 		269.872 		4.397
v 801.475 		269.296 		5
v 801.727 		269.707 		5
v 800.911 		266.826 		4.881
v 801.292 		266.902 		4.957
v 801.661 		267.028 		5.083
v 799.452 		268.298 		5
v 803.4182 		269.1537 		2.1613
v 803.3284 		268.814 		2.501
v 803.399 		269.024 		2.291
v 801.916 		270.188 		2.098
v 801.809 		269.872 		2.098
v 801.5193 		269.4396 		2.098
v 801.1497 		268.9527 		2.098
v 801.0179 		268.8366 		2.098
v 800.6697 		268.6311 		2.098
v 800.428 		268.491 		2.098
v 799.948 		268.352 		2.098
v 799.948 		268.352 		3.098
v 800.428 		268.491 		3.098
v 800.7849 		268.6979 		3.098
v 801.0131 		268.8326 		3.098
v 801.0995 		268.9087 		3.098
v 801.6453 		269.6277 		3.098
v 801.809 		269.872 		3.098
v 801.916 		270.188 		3.098
v 801.3473 		269.1503 		2.098
v 801.453 		269.3228 		2.098
v 801.3913 		269.2005 		3.098
v 801.5475 		269.4552 		3.098
v 802.334 		267.42 		0
v 802.627 		267.679 		0
v 802.011 		267.202 		0
v 802.884 		267.974 		0
v 803.4982 		269.7729 		1.5421
v 803.399 		269.024 		0
v 803.274 		268.652 		0
v 803.101 		268.3 		0
v 801.255 		269.045 		0
v 801.916 		270.188 		0
v 801.028 		268.845 		0
v 800.428 		268.491 		0
v 801.809 		269.872 		0
v 799.948 		268.352 		0
v 800.911 		266.826 		0
v 801.292 		266.902 		0
v 801.661 		267.028 		0
v 799.452 		268.298 		2.098
v 799.452 		268.298 		3.098
v 799.452 		268.298 		0
v 789.161 		268.298 		2.098
v 789.161 		268.298 		3.098
v 789.161 		268.298 		0
v 789.161 		268.298 		5
v 789.161 		268.297 		2.098
v 789.161 		268.297 		3.098
v 789.161 		268.297 		0
v 789.161 		268.297 		5
v 784.997 		282.75 		2.098
v 785.0045 		282.862 		2.098
v 785.0858 		283.3368 		2.098
v 785.1148 		283.5017 		2.098
v 785.1936 		283.7035 		2.098
v 785.3109 		283.9688 		2.098
v 785.4171 		284.1412 		2.098
v 785.525 		284.302 		2.098
v 785.6811 		284.4635 		2.098
v 785.9544 		284.7369 		2.098
v 786.2725 		284.9203 		2.098
v 786.7902 		285.1762 		2.098
v 786.98 		285.2134 		2.098
v 787.548 		285.3 		2.098
v 784.997 		282.75 		0
v 787.548 		285.3 		0
v 785.137 		283.568 		0
v 785.0173 		283.0466 		2.098
v 785.019 		283.068 		0
v 785.525 		284.302 		0
v 785.339 		284.025 		0
v 785.996 		284.773 		0
v 787.215 		285.278 		0
v 786.888 		285.214 		0
v 787.3547 		285.2872 		2.098
v 786.4333 		285.0282 		2.098
v 786.273 		284.959 		0
v 780.952 		285.301 		2.098
v 781.612 		285.214 		2.098
v 781.7954 		285.1519 		2.098
v 782.0535 		285.0449 		2.098
v 782.227 		284.959 		2.098
v 783.1073 		283.9813 		2.098
v 783.1996 		283.876 		2.098
v 783.2777 		283.7598 		2.098
v 783.3847 		283.5017 		2.098
v 783.414 		283.3297 		2.098
v 783.503 		282.75 		2.098
v 818.571 		350.978 		21.597
v 543.629 		273.04 		20.856
v 818.655 		350.51 		21.953
v 543.549 		273.039 		20.876
v 818.571 		351.049 		21.7
v 543.401 		273.033 		20.937
v 543.28 		273.026 		21.024
v 498.4 		373.806 		0.001
v 498.056 		373.874 		0.801
v 498.4 		373.806 		0.801
v 497.5203 		374.6175 		0.001
v 818.655 		350.988 		22.318
v 497.5 		374.706 		0.001
v 497.585 		374.336 		0.001
v 497.725 		374.114 		0.001
v 818.655 		351.192 		22.402
v 736.78 		266.8 		4.855
v 736.78 		266.8 		0
v 820.5 		450.8 		0
v 819.57 		453.539 		0
v 820.157 		452.522 		0
v 818.655 		350.644 		22.091
v 818.739 		454.37 		0
v 818.655 		350.804 		22.214
v 775.949 		453.821 		22.267
v 776.237 		454.023 		22.419
v 776.237 		453.848 		21.957
v 775.607 		453.642 		22.085
v 818.52 		351.708 		21.526
v 775.864 		453.666 		21.809
v 776.068 		453.692 		21.511
v 775.438 		453.51 		21.638
v 818.571 		351.248 		21.876
v 818.571 		351.372 		21.946
v 776.984 		454.516 		22.244
v 776.802 		454.276 		22.177
v 777.264 		454.551 		21.837
v 543.168 		273.012 		21.188
v 543.233 		273.022 		21.075
v 497.653 		374.207 		0.801
v 776.552 		454.052 		22.081
v 543.195 		273.017 		21.13
v 776.802 		454.084 		21.716
v 777.07 		454.31 		21.788
v 543.151 		273.007 		21.248
v 776.467 		453.877 		21.623
v 543.146 		273.001 		21.309
v 777.467 		454.588 		21.408
v 777.421 		454.419 		20.517
v 543.151 		272.996 		21.371
v 543.168 		272.991 		21.431
v 775.742 		454.428 		23.262
v 543.195 		272.986 		21.489
v 776.633 		454.483 		22.622
v 776.068 		454.217 		22.864
v 776.217 		454.454 		22.963
v 543.798 		453.194 		20.558
v 775.438 		453.974 		22.993
v 775.614 		454.193 		23.151
v 775.864 		453.997 		22.725
v 776.467 		454.245 		22.538
v 775.607 		453.797 		22.548
v 497.5049 		368.64 		0.001
v 771.145 		454.434 		17.651
v 818.571 		351.51 		22.003
v 543.798 		273.018 		21.309
v 818.52 		352.247 		21.621
v 818.52 		351.771 		21.561
v 818.52 		351.995 		21.626
v 818.52 		352.078 		21.632
v 818.52 		351.84 		21.59
v 818.52 		351.915 		21.612
v 818.52 		352.163 		21.631
v 818.571 		351.66 		22.046
v 820.1206 		439.801 		0
v 818.655 		351.413 		22.466
v 818.655 		351.647 		22.507
v 818.571 		351.818 		22.074
v 818.655 		351.889 		22.526
v 818.571 		351.982 		22.087
v 818.571 		352.15 		22.084
v 498.111 		367.757 		0.001
v 497.901 		367.653 		0.001
v 498.4 		367.806 		0.001
v 497.901 		367.653 		0.801
v 498.056 		367.738 		0.801
v 498.4 		367.806 		0.801
v 497.5 		366.706 		0.001
v 497.5005 		366.9109 		0.001
v 818.655 		352.137 		22.521
v 497.5 		366.906 		0.001
v 497.66 		367.401 		0.001
v 497.519 		367.081 		0.001
v 497.66 		367.401 		0.801
v 497.51 		366.994 		0.801
v 819.285 		348.723 		22.795
v 819.088 		349.098 		22.618
v 819.285 		349 		23.081
v 819.502 		348.168 		22.601
v 819.502 		348.71 		23.256
v 497.601 		366.313 		0.001
v 497.808 		366.031 		0.001
v 498.003 		365.901 		0.001
v 498.4 		365.806 		0.001
v 497.527 		366.533 		0.801
v 497.653 		366.207 		0.801
v 498.4 		365.806 		0.801
v 498.085 		365.869 		0.801
v 497.808 		366.031 		0.801
v 819.502 		348.406 		22.943
v 819.502 		349.072 		23.532
v 780.952 		285.301 		0
v 783.362 		283.568 		0
v 783.4959 		282.8549 		2.098
v 783.503 		282.75 		0
v 782.4486 		284.7886 		2.098
v 496.2 		348.1243 		20.2346
v 496.2 		348.013 		20.4625
v 496.2 		349.112 		19.1524
v 819.737 		348.478 		23.395
v 496.2 		348.891 		19.3418
v 496.2 		350.042 		18.5924
v 496.2 		349.5547 		18.8525
v 496.2 		349.7657 		18.7399
v 818.916 		349.739 		22.636
v 496.2 		349.3034 		19.0227
v 819.088 		349.346 		22.873
v 818.916 		349.994 		22.83
v 496.2 		348.7222 		19.4866
v 496.2 		348.3904 		19.8491
v 496.2 		348.5339 		19.6923
v 819.285 		349.333 		23.334
v 819.088 		349.642 		23.098
v 496.2 		348.2394 		20.0678
v 819.088 		349.981 		23.291
v 496.2 		351.1172 		18.2085
v 496.2 		350.5662 		18.3765
v 496.2 		350.8047 		18.3035
v 496.2 		351.6871 		18.0906
v 496.2 		351.9373 		18.0627
v 819.285 		349.713 		23.55
v 496.2 		351.3641 		18.1576
v 819.737 		348.865 		23.69
v 496.2 		347.9279 		20.6364
v 496.2 		347.8036 		21.0477
v 496.2 		347.8574 		20.8696
v 819.285 		350.136 		23.725
v 496.2 		347.7539 		21.4599
v 496.2 		347.7756 		21.2814
v 819.502 		349.488 		23.768
v 496.2 		347.7797 		21.8678
v 496.2 		347.7685 		21.6914
v 496.2 		347.8812 		22.2636
v 496.2 		347.8374 		22.0922
v 496.2 		347.9803 		22.4776
v 782.227 		284.959 		0
v 782.7521 		284.5559 		2.098
v 496.2 		348.0562 		22.641
v 782.75 		284.558 		0
v 781.928 		285.107 		0
v 781.612 		285.214 		0
v 819.737 		349.308 		23.942
v 783.528 		286.72 		0
v 778.234 		285.301 		0
v 778.234 		285.3 		0
v 783.503 		270.848 		0
v 783.481 		270.53 		0
v 784.997 		270.848 		0
v 785.02 		270.515 		0
v 787.548 		268.297 		0
v 787.23 		268.319 		0
v 786.888 		268.384 		0
v 786.572 		268.491 		0
v 785.137 		270.03 		0
v 785.339 		269.573 		0
v 785.525 		269.296 		0
v 785.996 		268.825 		0
v 786.273 		268.639 		0
v 783.309 		269.872 		0
v 782.755 		269.045 		0
v 780.952 		268.298 		0
v 781.285 		268.32 		0
v 781.928 		268.491 		0
v 782.227 		268.639 		0
v 739.66 		268.297 		0
v 739.66 		268.298 		0
v 736.78 		286.785 		0
v 736.78 		286.798 		0
v 736.589 		286.772 		0
v 738.048 		285.3 		0
v 737.388 		285.214 		0
v 736.709 		284.903 		0
v 736.472 		284.753 		0
v 734.399 		285.298 		0
v 734.616 		285.624 		0
v 734.873 		285.919 		0
v 735.166 		286.178 		0
v 735.489 		286.396 		0
v 735.839 		286.57 		0
v 736.208 		286.696 		0
v 735.497 		282.75 		0
v 735.691 		283.726 		0
v 735.519 		283.068 		0
v 736.088 		284.359 		0
v 734.101 		284.574 		0
v 734.226 		284.946 		0
v 735.497 		270.848 		0
v 737.388 		268.384 		0
v 738.048 		268.297 		0
v 736.634 		268.732 		0
v 737.072 		268.491 		0
v 736.78 		266.813 		0
v 736.589 		266.826 		0
v 735.584 		270.188 		0
v 735.691 		269.872 		0
v 735.932 		269.434 		0
v 736.25 		269.04 		0
v 736.208 		266.902 		0
v 735.839 		267.028 		0
v 735.489 		267.202 		0
v 735.166 		267.42 		0
v 734.873 		267.679 		0
v 734.616 		267.974 		0
v 734.399 		268.3 		0
v 734.226 		268.652 		0
v 734.101 		269.024 		0
v 823 		450.8 		16
v 823 		450.8 		2.5
v 819.502 		349.949 		23.96
v 820.95 		455.75 		16
v 778.234 		285.3 		2.098
v 821.553 		455.061 		16
v 819.737 		349.8 		24.146
v 778.234 		285.301 		2.098
v 822.467 		453.479 		16
v 822.761 		452.612 		16
v 822.062 		454.3 		16
v 822.94 		451.714 		16
v 784.997 		272.798 		5
v 784.997 		270.848 		5
v 818.77 		350.384 		22.534
v 785.052 		270.351 		5
v 818.77 		350.624 		22.67
v 496.298 		350.1 		18.662
v 496.298 		349.626 		18.915
v 496.298 		349.195 		19.207
v 496.712 		350.094 		19.329
v 496.515 		349.84 		19.104
v 496.515 		349.445 		19.371
v 820.95 		455.749 		2.5
v 821.553 		455.061 		2.5
v 822.467 		453.479 		2.5
v 822.062 		454.3 		2.5
v 822.761 		452.612 		2.5
v 822.94 		451.714 		2.5
v 819.291 		452.701 		30
v 819.015 		453.114 		30
v 818.313 		453.815 		30
v 819.8 		450.801 		30
v 819.767 		451.297 		30
v 819.671 		451.784 		30
v 819.5 		456.862 		16
v 820.261 		456.353 		16
v 818.679 		457.267 		16
v 818.851 		453.3 		16
v 818.313 		453.815 		16
v 819.8 		450.8 		16
v 819.671 		451.784 		16
v 819.401 		452.477 		16
v 819.5 		456.862 		2.5
v 820.261 		456.353 		2.5
v 818.679 		457.267 		2.5
v 818.77 		350.89 		22.78
v 818.77 		351.179 		22.863
v 818.916 		350.286 		22.996
v 818.916 		350.611 		23.131
v 819.088 		350.358 		23.448
v 818.916 		350.962 		23.232
v 818.77 		351.484 		22.917
v 818.77 		352.125 		22.935
v 496.515 		349.098 		19.669
v 496.298 		348.816 		19.532
v 818.916 		351.334 		23.298
v 818.916 		351.72 		23.327
v 818.77 		351.802 		22.942
v 496.298 		348.493 		19.885
v 818.916 		352.114 		23.319
v 496.515 		348.565 		20.337
v 819.088 		350.766 		23.565
v 496.298 		348.234 		20.26
v 819.088 		351.198 		23.641
v 496.712 		349.169 		20.121
v 496.515 		348.802 		19.993
v 819.285 		351.079 		23.943
v 496.712 		348.958 		20.427
v 819.285 		350.594 		23.857
v 496.712 		349.432 		19.832
v 496.712 		349.742 		19.567
v 772.237 		454.452 		17.44
v 771.681 		454.445 		17.52
v 496.884 		350.081 		19.79
v 771.775 		454.207 		17.779
v 496.884 		349.587 		20.267
v 819.502 		350.449 		24.103
v 772.802 		454.216 		17.682
v 772.802 		454.454 		17.414
v 819.737 		350.334 		24.299
v 819.502 		350.978 		24.197
v 496.884 		349.814 		20.018
v 497.03 		350.05 		20.428
v 496.298 		351.146 		18.289
v 496.515 		352.255 		18.368
v 496.298 		351.7 		18.174
v 496.515 		351.74 		18.426
v 542.03 		272.822 		21.84
v 496.298 		350.61 		18.452
v 542.141 		272.808 		22.001
v 496.515 		350.274 		18.873
v 541.95 		272.837 		21.67
v 496.712 		350.897 		18.951
v 496.515 		350.741 		18.68
v 772.284 		454.214 		17.706
v 819.737 		350.898 		24.399
v 773.922 		454.445 		17.52
v 819.088 		352.105 		23.667
v 773.32 		454.214 		17.706
v 773.367 		454.452 		17.44
v 819.285 		351.582 		23.981
v 819.088 		351.647 		23.676
v 773.828 		454.207 		17.779
v 819.285 		352.096 		23.971
v 774.459 		454.434 		17.651
v 754.856 		452.671 		16
v 819.502 		351.528 		24.239
v 819.737 		351.485 		24.444
v 819.737 		352.083 		24.432
v 819.502 		352.089 		24.228
v 496.712 		350.481 		19.122
v 818.7554 		352.256 		19.456
v 496.712 		352.247 		18.672
v 819.285 		353.273 		18.396
v 496.712 		351.788 		18.724
v 496.712 		351.335 		18.817
v 819.285 		352.769 		18.358
v 736.78 		286.798 		0.001
v 803 		442.708 		6.127
v 819.502 		352.824 		18.101
v 819.737 		352.269 		17.907
v 819.502 		352.263 		18.111
v 819.737 		352.867 		17.895
v 496.515 		351.233 		18.53
v 496.884 		352.237 		19.02
v 819.737 		354.018 		18.04
v 819.502 		353.902 		18.236
v 496.884 		351.842 		19.064
v 819.737 		353.453 		17.94
v 819.502 		353.373 		18.142
v 542.548 		272.93 		21.552
v 542.772 		272.902 		21.877
v 542.883 		272.894 		21.969
v 542.603 		272.92 		21.667
v 542.678 		272.911 		21.776
v 818.77 		352.55 		19.398
v 818.7554 		352.256 		19.456
v 818.916 		353.017 		19.042
v 818.77 		352.867 		19.422
v 819.088 		353.153 		18.698
v 818.916 		352.631 		19.012
v 819.088 		352.705 		18.664
v 818.916 		354.065 		19.343
v 818.916 		353.389 		19.107
v 818.916 		353.741 		19.208
v 819.285 		354.215 		18.614
v 819.088 		353.994 		18.892
v 496.884 		350.717 		19.407
v 819.088 		353.586 		18.774
v 497.03 		352.226 		19.404
v 496.884 		351.452 		19.144
v 819.285 		353.758 		18.482
v 783.503 		272.798 		5
v 783.503 		270.848 		5
v 496.884 		351.075 		19.259
v 783.48 		270.515 		5
v 542.633 		272.773 		22.405
v 543.401 		453.179 		20.929
v 542.28 		272.795 		22.151
v 543.549 		453.174 		20.99
v 497.03 		351.901 		19.44
v 496.884 		350.383 		19.585
v 543.472 		453.176 		20.963
v 497.03 		350.977 		19.722
v 818.655 		353.16 		19.937
v 497.03 		350.703 		19.868
v 542.445 		272.784 		22.286
v 497.03 		350.236 		20.224
v 543.01 		453.198 		21.293
v 542.842 		272.765 		22.504
v 543.151 		453.193 		21.361
v 497.145 		351.049 		20.173
v 818.655 		352.705 		19.832
v 497.145 		350.859 		20.302
v 497.03 		350.455 		20.036
v 497.145 		350.691 		20.446
v 543.303 		453.188 		21.415
v 543.233 		272.981 		21.544
v 543.337 		272.973 		21.641
v 783.503 		270.848 		2.098
v 783.4946 		270.727 		3.098
v 783.503 		270.848 		3.098
v 783.503 		272.798 		3.098
v 818.77 		353.173 		19.476
v 818.655 		352.939 		19.873
v 543.463 		453.185 		21.454
v 783.4902 		270.6634 		2.098
v 783.4806 		270.5237 		2.098
v 783.4804 		270.5207 		3.098
v 785.0334 		270.4462 		2.098
v 785.0104 		270.6547 		2.098
v 784.997 		270.848 		2.098
v 543.798 		453.171 		21.026
v 784.997 		272.798 		3.098
v 784.997 		270.848 		3.098
v 785.0058 		270.7213 		3.098
v 785.0398 		270.4134 		3.098
v 543.28 		272.977 		21.595
v 543.629 		453.172 		21.01
v 543.713 		453.171 		21.022
v 543.629 		453.183 		21.477
v 787.548 		268.297 		5
v 786.888 		268.384 		5
v 785.191 		269.872 		5
v 543.798 		453.182 		21.485
v 785.525 		269.296 		5
v 786.273 		268.639 		5
v 543.798 		272.961 		21.778
v 543.883 		453.171 		21.022
v 783.416 		270.188 		5
v 782.755 		269.045 		5
v 782.975 		269.296 		5
v 783.227 		269.707 		5
v 780.952 		268.298 		5
v 782.077 		268.565 		5
v 781.612 		268.384 		5
v 782.504 		268.825 		5
v 543.401 		272.969 		21.681
v 542.276 		453.338 		21.974
v 543.713 		272.961 		21.774
v 542.445 		453.262 		21.525
v 543.629 		272.962 		21.762
v 787.548 		268.297 		2.098
v 787.3634 		268.3098 		2.098
v 787.0865 		268.3463 		2.098
v 786.888 		268.384 		2.098
v 786.7046 		268.4461 		2.098
v 785.9591 		268.9147 		2.098
v 785.7984 		269.0226 		2.098
v 542.03 		453.351 		21.819
v 785.525 		269.296 		2.098
v 785.4171 		269.4568 		2.098
v 785.2769 		269.6985 		2.098
v 785.1597 		269.9637 		2.098
v 785.1013 		270.1647 		2.098
v 818.655 		352.462 		19.813
v 785.0843 		270.2289 		3.098
v 785.1705 		269.9321 		3.098
v 785.2473 		269.7583 		3.098
v 785.4542 		269.4014 		3.098
v 785.525 		269.296 		3.098
v 785.7042 		269.1168 		3.098
v 785.8095 		269.0461 		3.098
v 786.7678 		268.4247 		3.098
v 786.888 		268.384 		3.098
v 787.0181 		268.3593 		3.098
v 787.427 		268.3054 		3.098
v 787.548 		268.297 		3.098
v 542.633 		453.252 		21.643
v 543.883 		272.961 		21.774
v 543.472 		272.966 		21.715
v 542.842 		453.243 		21.743
v 786.273 		268.639 		2.098
v 786.4465 		268.5531 		2.098
v 786.273 		268.639 		3.098
v 786.3867 		268.5827 		3.098
v 542.276 		453.441 		22.438
v 497.03 		351.272 		19.601
v 818.571 		353.103 		20.464
v 541.945 		453.455 		22.279
v 497.145 		352.214 		19.818
v 818.571 		352.841 		20.336
v 542.548 		453.326 		22.105
v 497.145 		351.966 		19.846
v 542.842 		453.317 		22.209
v 818.571 		352.692 		20.293
v 497.03 		351.581 		19.506
v 543.798 		453.306 		22.345
v 543.151 		453.311 		22.284
v 818.571 		352.979 		20.393
v 497.145 		351.721 		19.897
v 543.798 		453.227 		21.928
v 497.145 		351.484 		19.969
v 543.066 		453.236 		21.823
v 818.571 		352.534 		20.265
v 497.229 		352.202 		20.256
v 543.472 		453.307 		22.33
v 497.229 		352.034 		20.274
v 818.571 		352.369 		20.252
v 497.229 		351.868 		20.309
v 818.77 		354.177 		19.965
v 497.145 		351.258 		20.062
v 818.77 		353.968 		19.806
v 818.77 		353.461 		19.559
v 543.303 		453.231 		21.881
v 543.549 		453.228 		21.916
v 543.549 		272.964 		21.743
v 497.229 		351.708 		20.357
v 497.229 		351.555 		20.42
v 542.678 		453.928 		23.53
v 496.298 		348.043 		20.651
v 543.01 		272.887 		22.049
v 542.141 		453.939 		23.4
v 818.77 		353.728 		19.669
v 542.772 		453.734 		23.285
v 496.298 		347.922 		21.051
v 496.298 		347.874 		21.452
v 542.03 		453.586 		22.739
v 543.151 		272.881 		22.116
v 542.445 		453.574 		22.886
v 542.28 		453.744 		23.165
v 543.463 		272.873 		22.209
v 496.298 		347.998 		22.234
v 496.298 		347.899 		21.849
v 542.633 		453.43 		22.565
v 542.883 		453.564 		22.992
v 543.303 		272.877 		22.17
v 541.95 		454.389 		23.715
v 543.629 		272.871 		22.233
v 542.03 		454.155 		23.584
v 543.798 		272.871 		22.241
v 542.548 		454.376 		23.861
v 544.125 		273.036 		20.903
v 544.196 		273.033 		20.937
v 544.26 		273.03 		20.978
v 542.603 		454.143 		23.724
v 543.967 		273.04 		20.856
v 783.3808 		270.1418 		2.098
v 783.3539 		270.0046 		2.098
v 783.2746 		269.8028 		2.098
v 783.1689 		269.6303 		2.098
v 783.0765 		269.525 		2.098
v 782.3432 		268.717 		2.098
v 782.1641 		268.6079 		2.098
v 781.9905 		268.5221 		2.098
v 781.6173 		268.4228 		2.098
v 781.1453 		268.3108 		2.098
v 780.952 		268.298 		2.098
v 780.952 		268.298 		3.098
v 781.0787 		268.3064 		3.098
v 781.7757 		268.4718 		3.098
v 782.0203 		268.5369 		3.098
v 782.1341 		268.5931 		3.098
v 782.3986 		268.7542 		3.098
v 782.9657 		269.3596 		3.098
v 543.798 		453.725 		23.382
v 783.102 		269.5151 		3.098
v 783.2582 		269.7698 		3.098
v 818.655 		353.841 		20.386
v 543.337 		453.559 		23.057
v 543.28 		453.727 		23.358
v 544.048 		273.039 		20.876
v 818.655 		353.363 		20.021
v 818.655 		353.707 		20.248
v 818.655 		353.547 		20.126
v 819.502 		354.402 		18.38
v 819.737 		355.043 		18.398
v 819.737 		354.551 		18.193
v 783.3753 		270.0678 		3.098
v 783.4149 		270.2704 		3.098
v 544.919 		272.991 		20.846
v 544.825 		272.999 		20.745
v 782.755 		269.045 		2.098
v 782.6497 		268.9527 		2.098
v 782.755 		269.045 		3.098
v 782.5995 		268.9087 		3.098
v 781.4222 		268.3469 		2.098
v 781.4876 		268.3596 		3.098
v 739.66 		268.298 		2.098
v 739.66 		268.297 		2.098
v 739.66 		268.297 		3.098
v 739.66 		268.298 		3.098
v 739.66 		268.298 		5
v 739.66 		268.297 		5
v 736.78 		286.785 		0.001
v 736.589 		286.772 		0.001
v 736.589 		286.772 		0.001
v 736.589 		286.772 		0.001
v 736.4355 		284.7207 		2.098
v 736.4821 		284.7614 		2.098
v 736.6196 		284.8484 		2.098
v 736.8613 		284.9886 		2.098
v 736.9939 		285.0335 		2.098
v 738.006 		285.2975 		2.098
v 738.048 		285.3 		2.098
v 737.388 		285.214 		2.098
v 737.623 		285.2476 		2.098
v 734.997 		285.803 		3.0982
v 734.997 		285.803 		3.096
v 735.236 		285.803 		3.096
v 735.236 		285.803 		3.098
v 735.6172 		283.4285 		2.098
v 735.6461 		283.5934 		2.098
v 735.691 		283.726 		2.098
v 735.8986 		284.057 		2.098
v 736.1849 		284.4677 		2.098
v 736.2126 		284.492 		2.098
v 735.5173 		283.0466 		2.098
v 735.497 		282.75 		2.098
v 735.5045 		282.862 		2.098
v 735.9835 		284.2188 		2.098
v 736.1539 		284.4404 		2.098
v 544.713 		273.007 		20.654
v 544.445 		273.02 		20.506
v 544.586 		273.014 		20.573
v 544.401 		273.017 		21.13
v 544.316 		273.026 		21.024
v 544.363 		273.022 		21.075
v 544.401 		272.986 		21.489
v 544.451 		273.001 		21.309
v 544.445 		272.996 		21.371
v 544.429 		272.991 		21.431
v 543.01 		453.423 		22.657
v 544.445 		273.007 		21.248
v 543.798 		453.557 		23.079
v 544.429 		273.012 		21.188
v 543.401 		453.418 		22.713
v 819.088 		354.71 		19.241
v 543.798 		453.416 		22.731
v 819.285 		354.638 		18.789
v 819.088 		354.37 		19.048
v 543.798 		454.366 		23.98
v 544.994 		272.981 		20.955
v 543.195 		454.136 		23.808
v 543.168 		454.369 		23.95
v 819.502 		355.279 		18.807
v 545.566 		272.913 		20.788
v 819.285 		355.019 		19.005
v 545.455 		272.926 		20.626
v 545.646 		272.898 		20.958
v 819.502 		354.864 		18.571
v 543.798 		453.919 		23.636
v 543.233 		453.921 		23.61
v 545.081 		272.94 		21.432
v 543.798 		454.133 		23.837
v 545.081 		272.961 		21.19
v 545.048 		272.971 		21.07
v 819.285 		355.351 		19.259
v 545.695 		272.852 		21.493
v 545.712 		272.867 		21.314
v 545.092 		272.951 		21.311
v 819.737 		355.873 		18.944
v 545.695 		272.883 		21.134
v 819.737 		355.487 		18.649
v 819.502 		355.945 		19.396
v 819.737 		356.197 		19.277
v 543.967 		272.962 		21.762
v 819.502 		355.642 		19.084
v 544.048 		272.964 		21.743
v 818.916 		354.825 		19.923
v 819.088 		355.253 		19.721
v 818.916 		354.612 		19.703
v 818.916 		354.357 		19.509
v 819.088 		355.006 		19.466
v 818.916 		355.113 		20.421
v 818.916 		354.993 		20.163
v 818.77 		354.49 		20.343
v 818.77 		354.352 		20.145
v 819.088 		355.587 		20.3
v 819.088 		355.448 		20.001
v 819.285 		356.003 		20.194
v 819.285 		355.847 		19.858
v 819.502 		356.184 		19.738
v 819.285 		355.629 		19.545
v 734.399 		285.298 		0.001
v 735.166 		286.178 		0.001
v 734.873 		285.919 		0.001
v 734.616 		285.624 		0.001
v 819.737 		356.451 		19.643
v 544.048 		453.174 		20.99
v 819.737 		356.738 		20.445
v 819.502 		356.354 		20.105
v 819.737 		356.633 		20.034
v 818.52 		352.744 		20.902
v 818.52 		352.698 		20.855
v 818.52 		352.643 		20.814
v 544.316 		453.187 		20.843
v 818.52 		352.356 		20.713
v 818.52 		352.273 		20.707
v 544.401 		453.196 		20.737
v 818.52 		352.581 		20.778
v 544.125 		453.176 		20.963
v 818.52 		352.511 		20.749
v 544.26 		453.183 		20.889
v 818.52 		352.436 		20.727
v 736.208 		286.696 		0.001
v 735.839 		286.57 		0.001
v 735.489 		286.396 		0.001
v 544.196 		453.179 		20.929
v 544.363 		453.191 		20.792
v 818.52 		352.78 		20.954
v 734.226 		284.946 		0.001
v 734.101 		284.574 		0.001
v 818.571 		353.212 		20.546
v 735.497 		270.848 		2.098
v 735.497 		272.798 		3.098
v 735.497 		270.848 		3.098
v 735.497 		272.798 		5
v 735.497 		270.848 		5
v 544.429 		453.201 		20.678
v 734.997 		274.066 		3.0983
v 734.997 		272.798 		3.096
v 735.236 		272.798 		3.096
v 735.236 		272.798 		3.098
v 544.445 		453.206 		20.618
v 734.997 		274.066 		6.003
v 734.997 		272.798 		6.003
v 734.399 		268.3 		6.355
v 737.715 		268.32 		5
v 737.388 		268.384 		5
v 738.048 		268.297 		5
v 737.072 		268.491 		4.397
v 736.773 		268.639 		5
v 736.78 		266.813 		4.868
v 736.589 		266.826 		4.881
v 735.584 		270.188 		5
v 735.691 		269.872 		5
v 736.245 		269.045 		5
v 736.025 		269.296 		5
v 734.616 		267.974 		6.029
v 736.208 		266.902 		4.957
v 735.839 		267.028 		5.083
v 734.873 		267.679 		5.734
v 735.489 		267.202 		5.257
v 735.166 		267.42 		5.475
v 734.226 		268.652 		6.707
v 734.1716 		268.814 		6.869
v 738.048 		268.297 		2.098
v 737.9083 		268.3066 		2.098
v 737.5252 		268.3571 		2.098
v 737.388 		268.384 		2.098
v 736.843 		268.617 		2.098
v 736.6923 		268.693 		2.098
v 736.4708 		268.8633 		2.098
v 736.7201 		268.6744 		3.098
v 736.9426 		268.5622 		3.098
v 737.388 		268.384 		3.098
v 737.5906 		268.3444 		3.098
v 737.8417 		268.3112 		3.098
v 738.048 		268.297 		3.098
v 544.445 		453.217 		20.496
v 737.072 		268.491 		2.098
v 737.072 		268.491 		3.098
v 544.451 		453.211 		20.557
v 735.8309 		269.6178 		2.098
v 735.691 		269.872 		2.098
v 735.584 		270.188 		2.098
v 736.2479 		269.0421 		2.098
v 736.0633 		269.2708 		2.098
v 735.584 		270.188 		3.098
v 735.691 		269.872 		3.098
v 735.7827 		269.7054 		3.098
v 736.1259 		269.193 		3.098
v 736.2469 		269.0431 		3.098
v 736.393 		268.9259 		3.098
v 543.967 		453.183 		21.477
v 544.133 		453.185 		21.454
v 735.971 		269.3761 		2.098
v 735.9896 		269.3485 		3.098
v 543.967 		453.172 		21.01
v 544.294 		453.188 		21.415
v 734.0023 		269.765 		1.55
v 734.0823 		269.1434 		2.1716
v 734.1716 		268.814 		2.501
v 734.101 		269.024 		2.291
v 818.52 		352.625 		21.465
v 818.52 		352.682 		21.416
v 818.52 		352.731 		21.363
v 818.52 		352.817 		21.188
v 818.52 		352.824 		21.127
v 818.52 		352.82 		21.067
v 818.52 		352.805 		21.009
v 818.52 		352.77 		21.307
v 818.52 		352.799 		21.248
v 818.571 		353.424 		20.851
v 818.571 		353.373 		20.742
v 818.655 		354.065 		20.869
v 818.571 		353.454 		20.967
v 818.655 		353.947 		20.537
v 818.571 		353.302 		20.639
v 818.655 		354.022 		20.699
v 818.571 		353.354 		21.441
v 818.571 		353.411 		21.325
v 818.571 		353.461 		21.085
v 818.655 		354.002 		21.399
v 818.655 		354.055 		21.222
v 818.571 		353.447 		21.205
v 818.655 		354.077 		21.045
v 818.52 		352.412 		21.579
v 818.52 		352.56 		21.509
v 818.52 		352.331 		21.604
v 818.571 		352.644 		21.982
v 818.52 		352.489 		21.548
v 818.571 		352.796 		21.919
v 818.571 		353.066 		21.756
v 818.571 		353.276 		21.554
v 818.571 		352.938 		21.843
v 818.571 		353.18 		21.659
v 818.571 		352.483 		22.031
v 818.571 		352.318 		22.065
v 818.655 		352.386 		22.493
v 818.655 		352.868 		22.37
v 818.655 		352.631 		22.443
v 818.655 		353.093 		22.278
v 818.655 		353.66 		21.893
v 818.655 		353.917 		21.571
v 818.77 		354.302 		21.911
v 818.655 		353.803 		21.737
v 818.655 		353.302 		22.166
v 818.77 		353.648 		22.471
v 818.77 		353.896 		22.303
v 818.655 		353.493 		22.037
v 818.77 		354.116 		22.115
v 818.77 		354.645 		20.777
v 818.77 		354.588 		20.555
v 818.916 		355.2 		20.971
v 818.916 		355.182 		20.692
v 818.77 		354.562 		21.469
v 818.916 		355.166 		21.253
v 818.77 		354.632 		21.238
v 818.77 		354.66 		21.007
v 819.088 		355.688 		20.939
v 819.088 		355.649 		21.267
v 819.088 		355.668 		20.615
v 819.285 		356.073 		21.279
# 5111 vertices

g group_0_40919

usemtl color_40919
s 0

f 2 	6 	1
f 2 	8 	6
f 8 	83 	6
f 35 	36 	30
f 39 	33 	37
f 34 	37 	33
f 30 	38 	35
f 37 	40 	39
f 30 	47 	38
f 41 	44 	50
f 43 	338 	47
f 50 	44 	45
f 48 	38 	47
f 48 	47 	49
f 47 	338 	49
f 49 	338 	339
f 45 	46 	57
f 52 	742 	51
f 52 	51 	53
f 51 	74 	53
f 45 	54 	50
f 54 	45 	57
f 57 	80 	54
f 71 	56 	55
f 65 	62 	56
f 59 	76 	55
f 55 	60 	59
f 55 	56 	62
f 55 	62 	60
f 42 	41 	73
f 42 	73 	64
f 67 	65 	66
f 56 	66 	65
f 73 	41 	50
f 68 	63 	27
f 66 	63 	68
f 67 	66 	68
f 58 	61 	240
f 36 	27 	63
f 61 	241 	240
f 61 	70 	241
f 70 	64 	72
f 241 	70 	72
f 56 	208 	66
f 72 	64 	150
f 69 	71 	74
f 74 	51 	69
f 73 	150 	64
f 71 	55 	74
f 75 	53 	74
f 74 	55 	76
f 75 	74 	76
f 154 	50 	152
f 152 	50 	54
f 213 	43 	79
f 46 	77 	57
f 214 	30 	63
f 79 	30 	214
f 47 	79 	43
f 54 	80 	152
f 79 	47 	30
f 36 	63 	30
f 82 	57 	77
f 57 	82 	80
f 85 	82 	77
f 85 	77 	78
f 89 	96 	84
f 6 	84 	96
f 6 	83 	84
f 661 	82 	85
f 86 	91 	87
f 91 	86 	95
f 96 	89 	92
f 92 	87 	91
f 89 	87 	92
f 93 	6 	96
f 94 	6 	93
f 101 	98 	86
f 95 	86 	98
f 99 	97 	101
f 97 	98 	101
f 101 	107 	104
f 110 	103 	101
f 103 	110 	102
f 105 	101 	104
f 107 	101 	103
f 108 	102 	110
f 101 	105 	100
f 100 	99 	101
f 111 	120 	112
f 110 	116 	108
f 111 	108 	116
f 115 	110 	114
f 115 	116 	110
f 110 	125 	114
f 113 	114 	125
f 121 	125 	118
f 120 	111 	116
f 121 	113 	125
f 119 	122 	117
f 124 	119 	5099
f 118 	125 	123
f 132 	126 	125
f 126 	2282 	125
f 119 	124 	122
f 135 	138 	130
f 124 	106 	144
f 131 	135 	127
f 132 	125 	131
f 122 	124 	144
f 135 	131 	125
f 133 	127 	135
f 109 	134 	106
f 130 	133 	135
f 129 	130 	138
f 129 	138 	128
f 138 	135 	137
f 136 	137 	135
f 143 	117 	122
f 139 	140 	135
f 135 	140 	136
f 106 	141 	144
f 141 	106 	134
f 2270 	2263 	120
f 2051 	145 	146
f 5048 	2192 	147
f 122 	148 	143
f 148 	122 	144
f 149 	144 	141
f 144 	149 	148
f 73 	50 	154
f 73 	154 	150
f 156 	148 	153
f 153 	148 	149
f 154 	152 	155
f 143 	156 	151
f 156 	143 	148
f 80 	669 	152
f 487 	151 	156
f 173 	159 	161
f 158 	160 	162
f 160 	163 	164
f 160 	164 	162
f 165 	159 	169
f 167 	163 	166
f 160 	166 	163
f 166 	174 	178
f 166 	178 	167
f 162 	164 	171
f 170 	162 	171
f 169 	188 	168
f 159 	173 	169
f 174 	166 	207
f 169 	173 	188
f 175 	172 	219
f 177 	178 	174
f 165 	169 	176
f 175 	179 	172
f 174 	172 	179
f 177 	174 	179
f 176 	169 	168
f 183 	161 	181
f 161 	183 	173
f 181 	184 	183
f 180 	186 	185
f 186 	187 	185
f 186 	4653 	189
f 186 	189 	187
f 182 	192 	189
f 190 	183 	184
f 187 	189 	192
f 184 	370 	190
f 185 	187 	158
f 370 	184 	191
f 160 	158 	187
f 187 	192 	160
f 160 	192 	166
f 188 	193 	354
f 192 	207 	166
f 183 	194 	173
f 173 	194 	188
f 194 	183 	190
f 188 	194 	193
f 176 	168 	197
f 196 	182 	4666
f 196 	203 	182
f 197 	198 	326
f 168 	198 	197
f 196 	199 	203
f 168 	354 	198
f 200 	199 	4798
f 199 	200 	204
f 202 	81 	208
f 201 	202 	208
f 203 	199 	204
f 81 	205 	208
f 200 	195 	209
f 200 	209 	204
f 207 	182 	203
f 207 	192 	182
f 201 	56 	71
f 204 	206 	211
f 201 	208 	56
f 208 	205 	66
f 204 	209 	206
f 63 	66 	205
f 214 	63 	205
f 204 	211 	203
f 203 	211 	207
f 391 	216 	210
f 211 	174 	207
f 213 	210 	216
f 211 	206 	172
f 172 	174 	211
f 230 	205 	81
f 214 	205 	230
f 212 	213 	79
f 214 	212 	79
f 43 	213 	216
f 890 	215 	217
f 206 	221 	172
f 246 	221 	206
f 907 	220 	822
f 224 	219 	221
f 172 	221 	219
f 221 	225 	224
f 221 	246 	226
f 227 	225 	226
f 221 	226 	225
f 218 	228 	210
f 229 	232 	226
f 232 	233 	226
f 822 	220 	81
f 220 	222 	230
f 230 	81 	220
f 222 	212 	230
f 218 	231 	223
f 223 	231 	222
f 231 	218 	210
f 222 	231 	212
f 227 	226 	233
f 231 	210 	213
f 233 	232 	234
f 232 	235 	234
f 212 	231 	213
f 232 	229 	236
f 215 	236 	229
f 236 	215 	890
f 230 	212 	214
f 235 	232 	236
f 235 	236 	237
f 890 	238 	236
f 237 	236 	238
f 244 	58 	240
f 243 	209 	195
f 242 	239 	251
f 243 	195 	244
f 244 	240 	248
f 243 	244 	248
f 240 	241 	250
f 248 	240 	250
f 241 	72 	258
f 241 	258 	250
f 150 	253 	72
f 72 	253 	258
f 246 	209 	243
f 206 	209 	246
f 243 	247 	246
f 243 	248 	247
f 249 	242 	251
f 256 	248 	250
f 250 	257 	256
f 416 	429 	251
f 239 	252 	251
f 245 	252 	239
f 245 	259 	252
f 246 	247 	226
f 226 	247 	229
f 253 	150 	255
f 255 	150 	154
f 255 	154 	155
f 248 	256 	247
f 250 	258 	257
f 245 	260 	259
f 260 	254 	265
f 259 	260 	265
f 254 	261 	265
f 247 	256 	229
f 254 	262 	261
f 256 	257 	215
f 229 	256 	215
f 215 	257 	217
f 263 	258 	253
f 258 	263 	257
f 263 	217 	257
f 264 	253 	255
f 263 	253 	264
f 259 	265 	437
f 280 	266 	267
f 271 	763 	765
f 299 	290 	287
f 277 	1891 	273
f 275 	1891 	277
f 272 	267 	1
f 272 	278 	267
f 278 	279 	267
f 267 	279 	280
f 276 	1891 	275
f 281 	278 	272
f 266 	280 	282
f 280 	279 	1295
f 279 	278 	1295
f 278 	281 	1295
f 283 	1891 	286
f 287 	266 	282
f 1295 	287 	282
f 282 	280 	1295
f 1891 	283 	284
f 266 	287 	290
f 285 	286 	1891
f 291 	301 	293
f 290 	299 	292
f 305 	292 	299
f 288 	289 	1891
f 287 	1295 	299
f 289 	285 	1891
f 305 	294 	292
f 288 	1891 	296
f 302 	293 	301
f 303 	301 	291
f 294 	304 	291
f 303 	291 	304
f 299 	1295 	305
f 300 	297 	2485
f 296 	1891 	295
f 298 	295 	1891
f 1891 	2485 	297
f 306 	304 	294
f 304 	1295 	303
f 306 	1295 	304
f 297 	298 	1891
f 306 	294 	305
f 1296 	303 	1295
f 273 	1891 	284
f 8 	2 	266
f 267 	2 	1
f 267 	266 	2
f 309 	313 	2485
f 8 	266 	83
f 290 	83 	266
f 310 	300 	2485
f 313 	311 	2485
f 311 	312 	2485
f 312 	310 	2485
f 308 	309 	2485
f 301 	1296 	302
f 317 	314 	2485
f 1295 	4602 	1294
f 305 	1295 	306
f 301 	303 	1296
f 307 	308 	2485
f 84 	83 	290
f 84 	290 	292
f 316 	2485 	318
f 86 	87 	291
f 86 	291 	293
f 84 	292 	89
f 87 	294 	291
f 294 	87 	89
f 89 	292 	294
f 318 	2485 	319
f 322 	92 	91
f 323 	321 	92
f 322 	323 	92
f 324 	94 	93
f 325 	96 	321
f 322 	91 	95
f 324 	93 	325
f 325 	323 	324
f 321 	323 	325
f 9 	5 	343
f 322 	324 	323
f 92 	321 	96
f 96 	325 	93
f 98 	430 	95
f 1274 	101 	86
f 319 	271 	320
f 314 	315 	2485
f 198 	333 	326
f 326 	333 	330
f 198 	355 	333
f 328 	271 	331
f 330 	332 	351
f 430 	98 	97
f 330 	333 	332
f 327 	271 	329
f 4606 	330 	351
f 1410 	1397 	86
f 328 	329 	271
f 359 	334 	332
f 431 	432 	97
f 97 	99 	431
f 342 	344 	7
f 431 	99 	100
f 43 	335 	338
f 3 	4 	342
f 335 	337 	336
f 7 	3 	342
f 337 	346 	336
f 7 	344 	345
f 347 	10 	7
f 336 	338 	335
f 340 	341 	336
f 338 	336 	341
f 339 	338 	341
f 4 	349 	342
f 345 	344 	358
f 357 	358 	344
f 343 	357 	344
f 342 	349 	344
f 337 	348 	346
f 349 	4 	350
f 348 	373 	378
f 7 	345 	347
f 349 	350 	344
f 350 	4 	9
f 343 	344 	350
f 9 	343 	350
f 351 	332 	334
f 334 	353 	351
f 353 	1824 	351
f 168 	188 	354
f 198 	354 	355
f 354 	193 	356
f 356 	355 	354
f 5 	352 	357
f 357 	352 	358
f 343 	5 	357
f 347 	345 	358
f 352 	2115 	358
f 355 	356 	407
f 332 	360 	359
f 355 	362 	333
f 332 	333 	362
f 366 	360 	362
f 362 	360 	332
f 366 	362 	367
f 378 	372 	348
f 362 	407 	367
f 368 	369 	346
f 369 	336 	346
f 336 	369 	340
f 346 	371 	368
f 346 	348 	372
f 346 	372 	371
f 117 	370 	191
f 191 	119 	117
f 374 	194 	190
f 194 	374 	193
f 190 	370 	386
f 377 	378 	373
f 373 	379 	377
f 376 	370 	117
f 381 	379 	380
f 373 	380 	379
f 382 	193 	374
f 383 	384 	375
f 380 	375 	384
f 381 	380 	384
f 374 	385 	382
f 374 	190 	386
f 383 	375 	603
f 386 	370 	376
f 385 	374 	386
f 335 	216 	399
f 335 	43 	216
f 337 	335 	399
f 405 	337 	399
f 405 	348 	337
f 382 	385 	401
f 373 	348 	402
f 376 	117 	143
f 375 	380 	387
f 386 	376 	390
f 390 	385 	386
f 389 	375 	387
f 151 	376 	143
f 389 	604 	609
f 151 	390 	376
f 609 	375 	389
f 228 	391 	210
f 413 	391 	228
f 390 	151 	392
f 395 	390 	392
f 151 	487 	392
f 397 	392 	398
f 395 	392 	397
f 399 	216 	391
f 396 	395 	397
f 157 	392 	487
f 413 	400 	391
f 398 	392 	157
f 391 	400 	399
f 400 	393 	405
f 401 	385 	395
f 399 	400 	405
f 395 	385 	390
f 393 	394 	402
f 403 	388 	401
f 405 	393 	402
f 401 	404 	403
f 396 	404 	395
f 401 	395 	404
f 356 	193 	382
f 356 	406 	407
f 405 	402 	348
f 356 	382 	406
f 401 	406 	382
f 362 	355 	407
f 373 	402 	485
f 407 	409 	367
f 410 	411 	406
f 407 	406 	411
f 409 	407 	411
f 388 	406 	401
f 410 	406 	388
f 408 	413 	228
f 249 	251 	429
f 252 	416 	251
f 429 	419 	249
f 422 	419 	423
f 421 	422 	423
f 424 	331 	271
f 419 	427 	423
f 419 	429 	427
f 426 	271 	425
f 429 	416 	434
f 428 	425 	271
f 427 	429 	434
f 416 	442 	434
f 430 	97 	432
f 322 	95 	430
f 421 	423 	461
f 322 	430 	324
f 430 	432 	324
f 432 	431 	324
f 433 	324 	431
f 423 	427 	810
f 433 	431 	100
f 818 	427 	434
f 261 	448 	265
f 265 	448 	437
f 436 	435 	1023
f 441 	448 	261
f 101 	1274 	110
f 259 	443 	252
f 252 	443 	416
f 443 	259 	437
f 443 	442 	416
f 443 	437 	456
f 103 	102 	444
f 103 	444 	445
f 105 	104 	446
f 103 	445 	447
f 103 	447 	107
f 442 	443 	456
f 108 	473 	474
f 111 	473 	108
f 107 	447 	104
f 449 	105 	446
f 444 	102 	108
f 444 	108 	450
f 459 	437 	448
f 449 	446 	444
f 450 	449 	444
f 445 	444 	446
f 447 	445 	446
f 446 	104 	447
f 448 	441 	460
f 108 	474 	450
f 450 	474 	449
f 459 	448 	460
f 441 	451 	460
f 451 	441 	1458
f 442 	456 	1053
f 437 	459 	456
f 456 	459 	1055
f 458 	1023 	457
f 457 	1023 	435
f 454 	1023 	458
f 460 	451 	1066
f 421 	461 	803
f 111 	476 	473
f 408 	462 	413
f 462 	464 	413
f 465 	462 	1967
f 111 	112 	476
f 475 	463 	414
f 462 	465 	464
f 463 	412 	4957
f 464 	465 	477
f 455 	452 	1023
f 455 	1023 	454
f 4957 	412 	4959
f 413 	464 	400
f 400 	464 	393
f 467 	414 	470
f 468 	469 	1023
f 469 	548 	1023
f 466 	472 	1023
f 472 	468 	1023
f 466 	1023 	453
f 473 	449 	474
f 476 	449 	473
f 477 	465 	471
f 471 	478 	477
f 480 	475 	414
f 471 	479 	478
f 2263 	3665 	112
f 483 	414 	467
f 480 	414 	483
f 393 	464 	477
f 482 	480 	483
f 477 	478 	394
f 394 	393 	477
f 394 	478 	486
f 484 	543 	560
f 485 	402 	394
f 478 	559 	486
f 486 	559 	543
f 485 	394 	486
f 486 	387 	485
f 493 	115 	114
f 497 	491 	115
f 116 	115 	491
f 499 	497 	115
f 475 	153 	149
f 115 	493 	499
f 116 	492 	120
f 489 	488 	541
f 493 	113 	494
f 114 	113 	493
f 495 	120 	492
f 516 	515 	488
f 496 	488 	489
f 496 	498 	488
f 492 	116 	491
f 504 	489 	490
f 496 	489 	504
f 494 	113 	500
f 492 	491 	497
f 492 	497 	499
f 492 	499 	493
f 492 	493 	494
f 492 	494 	500
f 492 	500 	501
f 501 	631 	492
f 492 	631 	495
f 498 	496 	502
f 496 	503 	502
f 500 	113 	121
f 501 	500 	121
f 505 	503 	504
f 496 	504 	503
f 506 	505 	504
f 121 	118 	501
f 480 	532 	153
f 452 	453 	1023
f 475 	480 	153
f 507 	509 	514
f 515 	514 	509
f 488 	509 	572
f 515 	509 	488
f 516 	488 	498
f 519 	271 	518
f 518 	271 	520
f 517 	525 	524
f 525 	517 	526
f 572 	509 	526
f 525 	526 	509
f 512 	157 	487
f 487 	530 	512
f 531 	579 	524
f 532 	156 	153
f 156 	532 	487
f 535 	524 	525
f 535 	525 	536
f 531 	524 	535
f 530 	487 	532
f 530 	532 	539
f 536 	525 	507
f 539 	532 	540
f 507 	525 	509
f 533 	765 	538
f 541 	488 	572
f 489 	541 	542
f 387 	486 	543
f 543 	484 	389
f 387 	543 	389
f 537 	538 	765
f 604 	389 	484
f 1023 	547 	765
f 544 	765 	546
f 548 	549 	1023
f 549 	547 	1023
f 528 	765 	552
f 380 	485 	387
f 373 	485 	380
f 552 	765 	551
f 554 	551 	765
f 556 	553 	765
f 479 	559 	478
f 481 	559 	479
f 559 	481 	560
f 529 	765 	528
f 555 	556 	765
f 553 	554 	765
f 561 	560 	481
f 561 	557 	562
f 534 	555 	765
f 560 	561 	562
f 557 	558 	564
f 562 	557 	564
f 545 	765 	544
f 543 	559 	560
f 533 	534 	765
f 545 	537 	765
f 529 	527 	765
f 523 	271 	527
f 521 	271 	523
f 765 	527 	271
f 271 	521 	522
f 271 	522 	520
f 519 	513 	271
f 271 	513 	510
f 271 	510 	511
f 271 	511 	508
f 508 	428 	271
f 426 	424 	271
f 327 	320 	271
f 546 	765 	547
f 564 	558 	565
f 490 	489 	542
f 365 	361 	657
f 568 	566 	569
f 660 	659 	563
f 660 	563 	658
f 563 	365 	658
f 110 	1274 	125
f 501 	123 	631
f 569 	575 	573
f 575 	4010 	3824
f 571 	567 	526
f 570 	417 	4976
f 517 	571 	526
f 567 	572 	526
f 568 	573 	567
f 573 	568 	569
f 572 	567 	573
f 573 	541 	572
f 575 	541 	573
f 575 	3824 	542
f 575 	542 	541
f 574 	580 	578
f 581 	997 	576
f 580 	574 	581
f 581 	576 	583
f 580 	581 	583
f 576 	3647 	583
f 585 	582 	688
f 585 	688 	684
f 586 	582 	584
f 524 	584 	517
f 584 	524 	586
f 579 	586 	524
f 589 	587 	597
f 482 	540 	480
f 532 	480 	540
f 588 	589 	597
f 587 	591 	597
f 591 	587 	681
f 585 	591 	681
f 594 	889 	588
f 118 	123 	501
f 594 	588 	595
f 363 	364 	656
f 595 	588 	597
f 595 	597 	601
f 562 	484 	560
f 562 	564 	550
f 562 	550 	484
f 564 	565 	708
f 596 	600 	652
f 592 	649 	593
f 649 	653 	593
f 648 	649 	599
f 598 	648 	599
f 612 	592 	593
f 550 	564 	708
f 565 	704 	703
f 375 	609 	603
f 612 	599 	592
f 607 	678 	606
f 606 	608 	607
f 599 	608 	598
f 599 	607 	608
f 599 	612 	607
f 604 	605 	616
f 609 	604 	616
f 605 	620 	616
f 678 	607 	612
f 620 	605 	623
f 613 	612 	593
f 614 	603 	609
f 610 	600 	596
f 609 	615 	614
f 596 	611 	610
f 617 	615 	616
f 609 	616 	615
f 616 	619 	617
f 600 	610 	618
f 618 	602 	600
f 618 	613 	602
f 593 	602 	613
f 621 	619 	620
f 616 	620 	619
f 621 	620 	622
f 623 	605 	708
f 623 	624 	632
f 623 	632 	620
f 652 	629 	628
f 633 	622 	632
f 620 	632 	622
f 3735 	3730 	631
f 632 	624 	635
f 630 	635 	624
f 630 	3461 	3463
f 632 	634 	633
f 635 	630 	3463
f 636 	634 	635
f 632 	635 	634
f 637 	3463 	3472
f 694 	693 	591
f 597 	591 	693
f 601 	597 	693
f 684 	685 	591
f 684 	591 	585
f 126 	132 	640
f 639 	126 	640
f 640 	848 	639
f 676 	642 	641
f 638 	647 	643
f 638 	644 	647
f 644 	638 	645
f 566 	568 	645
f 626 	627 	648
f 642 	646 	641
f 646 	642 	643
f 646 	643 	647
f 654 	646 	647
f 627 	649 	648
f 571 	647 	644
f 629 	649 	627
f 567 	571 	644
f 644 	645 	568
f 592 	599 	649
f 567 	644 	568
f 628 	651 	652
f 641 	646 	655
f 655 	646 	654
f 571 	654 	647
f 585 	650 	582
f 364 	563 	659
f 641 	655 	650
f 582 	650 	655
f 657 	658 	365
f 654 	584 	655
f 582 	655 	584
f 584 	654 	517
f 517 	654 	571
f 656 	364 	659
f 80 	671 	669
f 671 	80 	82
f 657 	656 	658
f 660 	658 	656
f 659 	660 	656
f 662 	663 	363
f 662 	363 	656
f 664 	663 	662
f 85 	676 	661
f 1140 	665 	4344
f 152 	669 	155
f 668 	155 	669
f 653 	629 	652
f 669 	670 	668
f 649 	629 	653
f 602 	593 	653
f 661 	671 	82
f 652 	600 	653
f 669 	671 	670
f 600 	602 	653
f 651 	675 	652
f 611 	596 	675
f 674 	661 	676
f 641 	674 	676
f 596 	652 	675
f 589 	668 	670
f 3243 	3022 	3242
f 671 	661 	680
f 679 	610 	611
f 671 	680 	670
f 680 	661 	674
f 674 	641 	650
f 679 	678 	610
f 610 	678 	618
f 589 	670 	587
f 587 	670 	680
f 678 	613 	618
f 681 	680 	674
f 678 	612 	613
f 677 	682 	683
f 681 	587 	680
f 682 	679 	611
f 682 	677 	679
f 650 	681 	674
f 650 	585 	681
f 694 	591 	685
f 688 	582 	586
f 685 	684 	686
f 684 	687 	686
f 687 	684 	688
f 687 	688 	689
f 688 	690 	689
f 673 	691 	672
f 683 	672 	691
f 688 	586 	690
f 690 	586 	692
f 611 	675 	682
f 675 	672 	682
f 586 	579 	692
f 672 	683 	682
f 697 	217 	263
f 683 	691 	677
f 691 	3242 	677
f 691 	3247 	3242
f 695 	697 	264
f 835 	217 	697
f 635 	3463 	637
f 700 	702 	698
f 702 	701 	698
f 636 	635 	637
f 696 	698 	701
f 698 	709 	700
f 708 	565 	703
f 705 	700 	709
f 709 	625 	705
f 706 	705 	625
f 704 	707 	703
f 484 	550 	604
f 550 	605 	604
f 135 	125 	1274
f 713 	712 	717
f 716 	717 	712
f 714 	713 	628
f 718 	628 	713
f 718 	713 	717
f 715 	714 	628
f 721 	722 	720
f 720 	719 	721
f 723 	721 	719
f 721 	723 	4527
f 666 	667 	725
f 550 	708 	605
f 708 	703 	623
f 703 	707 	624
f 623 	703 	624
f 361 	666 	724
f 724 	666 	725
f 630 	707 	3523
f 657 	361 	724
f 624 	707 	630
f 657 	724 	656
f 725 	656 	724
f 274 	1891 	276
f 730 	1891 	729
f 731 	729 	1891
f 727 	732 	734
f 731 	1891 	274
f 727 	733 	732
f 728 	741 	1891
f 51 	732 	733
f 739 	740 	732
f 734 	732 	740
f 736 	734 	740
f 739 	732 	742
f 735 	1891 	738
f 732 	51 	742
f 737 	1891 	741
f 743 	4536 	744
f 744 	702 	700
f 744 	700 	743
f 728 	1891 	730
f 701 	702 	744
f 701 	744 	726
f 737 	738 	1891
f 748 	719 	720
f 735 	747 	1891
f 747 	745 	1891
f 746 	1023 	745
f 1891 	745 	1023
f 719 	748 	723
f 749 	1023 	751
f 751 	1023 	750
f 4528 	4529 	696
f 750 	1023 	746
f 752 	753 	696
f 752 	723 	753
f 755 	1023 	757
f 755 	756 	1023
f 757 	1023 	749
f 1008 	748 	1010
f 440 	438 	1023
f 756 	754 	1023
f 440 	1023 	754
f 1023 	438 	439
f 439 	436 	1023
f 315 	307 	2485
f 316 	317 	2485
f 3303 	1024 	2858
f 276 	758 	274
f 276 	275 	759
f 277 	759 	275
f 276 	759 	758
f 758 	759 	929
f 758 	731 	274
f 1008 	723 	748
f 758 	760 	731
f 761 	760 	758
f 929 	761 	758
f 722 	763 	720
f 722 	765 	763
f 764 	760 	761
f 765 	722 	1023
f 1044 	766 	775
f 772 	417 	570
f 772 	843 	775
f 417 	772 	775
f 775 	766 	577
f 775 	577 	417
f 578 	766 	574
f 577 	766 	578
f 665 	1140 	767
f 777 	924 	776
f 773 	770 	786
f 777 	776 	778
f 776 	779 	778
f 768 	769 	783
f 776 	780 	779
f 785 	786 	770
f 777 	778 	781
f 770 	771 	785
f 781 	778 	5043
f 789 	788 	773
f 769 	774 	787
f 774 	773 	788
f 780 	782 	779
f 769 	787 	783
f 780 	794 	782
f 851 	782 	794
f 784 	768 	783
f 851 	418 	782
f 418 	415 	782
f 785 	801 	783
f 786 	785 	783
f 786 	783 	787
f 786 	787 	788
f 786 	788 	789
f 787 	774 	788
f 792 	768 	784
f 773 	786 	789
f 784 	801 	791
f 697 	695 	699
f 695 	883 	699
f 780 	981 	794
f 790 	795 	794
f 784 	791 	792
f 461 	423 	810
f 797 	801 	771
f 785 	771 	801
f 2301 	791 	801
f 784 	783 	801
f 800 	805 	799
f 800 	4579 	803
f 800 	803 	805
f 803 	461 	815
f 805 	803 	815
f 798 	799 	834
f 798 	834 	833
f 283 	806 	284
f 286 	809 	806
f 286 	806 	283
f 809 	286 	285
f 804 	802 	807
f 288 	879 	289
f 289 	879 	809
f 289 	809 	285
f 288 	296 	879
f 815 	855 	805
f 812 	727 	734
f 811 	812 	734
f 813 	814 	811
f 811 	816 	813
f 736 	816 	734
f 811 	734 	816
f 69 	733 	828
f 427 	818 	810
f 69 	51 	733
f 810 	818 	817
f 818 	819 	817
f 442 	820 	434
f 818 	434 	820
f 820 	442 	1053
f 818 	820 	819
f 820 	1053 	827
f 819 	820 	827
f 815 	856 	855
f 810 	823 	461
f 461 	823 	815
f 823 	810 	817
f 815 	823 	856
f 823 	817 	858
f 825 	821 	826
f 817 	819 	866
f 858 	817 	866
f 824 	825 	826
f 821 	822 	202
f 826 	821 	202
f 81 	202 	822
f 819 	827 	868
f 828 	891 	824
f 891 	828 	901
f 869 	827 	1058
f 824 	826 	830
f 828 	824 	830
f 201 	830 	826
f 201 	826 	202
f 901 	828 	733
f 727 	901 	733
f 829 	831 	849
f 829 	832 	831
f 832 	833 	831
f 832 	798 	833
f 69 	828 	830
f 799 	854 	834
f 883 	695 	793
f 805 	854 	799
f 1397 	1273 	86
f 589 	793 	668
f 805 	855 	854
f 793 	589 	588
f 697 	699 	835
f 836 	894 	835
f 133 	964 	127
f 132 	961 	640
f 790 	796 	795
f 133 	130 	850
f 133 	850 	964
f 845 	846 	127
f 843 	852 	841
f 848 	850 	130
f 129 	128 	848
f 843 	1062 	1044
f 130 	129 	848
f 847 	132 	846
f 131 	127 	846
f 794 	795 	851
f 132 	131 	846
f 795 	853 	851
f 796 	852 	795
f 841 	852 	796
f 795 	852 	853
f 852 	843 	772
f 843 	1044 	775
f 851 	420 	418
f 851 	853 	420
f 853 	570 	420
f 772 	853 	852
f 802 	857 	807
f 858 	856 	823
f 802 	876 	857
f 866 	819 	868
f 868 	827 	869
f 859 	767 	1140
f 875 	872 	863
f 872 	877 	860
f 876 	802 	867
f 874 	875 	861
f 860 	864 	872
f 862 	865 	945
f 867 	860 	877
f 873 	861 	862
f 874 	861 	873
f 875 	874 	857
f 876 	872 	857
f 877 	872 	876
f 875 	857 	872
f 806 	809 	808
f 809 	878 	808
f 809 	879 	878
f 879 	911 	878
f 808 	878 	880
f 914 	913 	298
f 297 	914 	298
f 830 	201 	71
f 838 	699 	885
f 835 	699 	838
f 836 	835 	838
f 71 	69 	830
f 699 	883 	886
f 885 	699 	886
f 883 	793 	588
f 886 	883 	887
f 883 	588 	889
f 887 	883 	889
f 882 	884 	897
f 888 	882 	897
f 2481 	881 	2477
f 884 	891 	897
f 835 	890 	217
f 238 	890 	893
f 2484 	881 	2481
f 893 	890 	894
f 2486 	881 	2484
f 884 	892 	891
f 894 	890 	835
f 2488 	881 	2486
f 891 	892 	824
f 837 	881 	2488
f 255 	155 	896
f 839 	881 	837
f 892 	825 	824
f 155 	668 	896
f 840 	881 	839
f 697 	263 	264
f 842 	881 	840
f 844 	881 	842
f 255 	896 	264
f 849 	881 	844
f 888 	897 	895
f 695 	264 	896
f 831 	881 	849
f 896 	668 	793
f 833 	881 	831
f 834 	881 	833
f 793 	695 	896
f 854 	881 	834
f 855 	881 	854
f 856 	881 	855
f 858 	881 	856
f 866 	881 	858
f 895 	727 	812
f 891 	901 	897
f 868 	881 	866
f 897 	901 	895
f 895 	901 	727
f 869 	881 	868
f 853 	772 	570
f 873 	857 	874
f 872 	864 	863
f 862 	945 	873
f 908 	965 	1970
f 906 	908 	1970
f 904 	905 	821
f 300 	914 	297
f 821 	825 	904
f 822 	905 	907
f 296 	913 	879
f 821 	905 	822
f 295 	913 	296
f 907 	909 	220
f 295 	298 	913
f 879 	913 	911
f 220 	909 	222
f 222 	909 	223
f 941 	910 	917
f 927 	878 	911
f 917 	910 	926
f 878 	927 	880
f 916 	917 	926
f 911 	921 	927
f 913 	922 	911
f 910 	974 	926
f 914 	922 	913
f 912 	975 	910
f 974 	910 	975
f 911 	922 	921
f 916 	925 	924
f 915 	918 	907
f 907 	905 	915
f 918 	919 	909
f 916 	926 	925
f 907 	918 	909
f 919 	920 	223
f 909 	919 	223
f 920 	923 	218
f 223 	920 	218
f 218 	923 	228
f 228 	923 	408
f 777 	4905 	924
f 924 	925 	776
f 284 	806 	273
f 776 	925 	780
f 806 	934 	273
f 277 	273 	934
f 925 	981 	780
f 806 	808 	934
f 987 	937 	931
f 759 	932 	929
f 988 	987 	931
f 277 	934 	759
f 759 	934 	932
f 930 	931 	937
f 934 	808 	944
f 4908 	937 	936
f 932 	934 	944
f 938 	1029 	1033
f 880 	944 	808
f 935 	938 	942
f 929 	932 	939
f 938 	928 	940
f 992 	936 	937
f 938 	940 	942
f 992 	912 	936
f 912 	992 	966
f 928 	1017 	904
f 1017 	905 	904
f 941 	917 	4918
f 882 	933 	884
f 935 	942 	933
f 912 	941 	936
f 910 	941 	912
f 863 	861 	875
f 876 	867 	877
f 932 	943 	939
f 873 	945 	857
f 807 	857 	946
f 946 	857 	945
f 932 	944 	943
f 865 	947 	945
f 946 	945 	947
f 721 	1007 	722
f 720 	1010 	748
f 705 	743 	700
f 753 	698 	696
f 1019 	698 	753
f 951 	1970 	950
f 963 	1970 	962
f 962 	1970 	951
f 939 	943 	954
f 950 	1970 	949
f 948 	1970 	955
f 850 	848 	845
f 964 	850 	845
f 640 	961 	848
f 960 	639 	848
f 961 	847 	848
f 955 	1970 	959
f 949 	1970 	948
f 961 	132 	847
f 959 	898 	958
f 847 	846 	848
f 957 	958 	898
f 956 	957 	898
f 127 	964 	845
f 846 	845 	848
f 903 	906 	1970
f 963 	903 	1970
f 960 	848 	128
f 1024 	720 	763
f 969 	970 	1970
f 1909 	1970 	970
f 912 	966 	975
f 973 	1909 	970
f 965 	967 	1970
f 1007 	721 	1006
f 1023 	722 	1007
f 968 	969 	1970
f 1623 	1615 	972
f 967 	968 	1970
f 753 	723 	1019
f 971 	1909 	973
f 972 	975 	966
f 975 	972 	982
f 974 	975 	982
f 985 	972 	1615
f 982 	972 	985
f 761 	984 	764
f 761 	929 	980
f 974 	981 	926
f 926 	981 	925
f 984 	761 	980
f 974 	790 	981
f 939 	980 	929
f 974 	982 	790
f 982 	796 	790
f 985 	1615 	1059
f 982 	985 	796
f 1059 	841 	985
f 3739 	639 	960
f 985 	841 	796
f 981 	790 	794
f 1991 	1990 	302
f 989 	987 	988
f 992 	937 	987
f 987 	993 	992
f 989 	994 	987
f 990 	994 	989
f 990 	991 	994
f 987 	994 	993
f 994 	1621 	993
f 1091 	138 	137
f 992 	993 	966
f 993 	1621 	1623
f 1623 	966 	993
f 953 	995 	999
f 995 	953 	986
f 995 	986 	996
f 986 	952 	996
f 952 	1098 	996
f 764 	984 	762
f 762 	984 	983
f 984 	980 	1000
f 998 	1001 	997
f 983 	984 	1000
f 980 	1004 	1000
f 998 	1003 	1001
f 980 	939 	1004
f 884 	933 	942
f 954 	1004 	939
f 940 	892 	942
f 999 	995 	1105
f 996 	1105 	995
f 884 	942 	892
f 892 	940 	825
f 940 	928 	904
f 825 	940 	904
f 859 	1140 	1009
f 983 	1000 	1015
f 1006 	1005 	1007
f 1000 	1004 	1016
f 1015 	1000 	1016
f 1033 	928 	938
f 1017 	1011 	1013
f 4499 	4532 	4535
f 1017 	928 	1011
f 1376 	723 	1008
f 1013 	915 	1017
f 1013 	1018 	915
f 880 	1025 	944
f 915 	1018 	918
f 1376 	1019 	723
f 927 	1028 	880
f 905 	1017 	915
f 698 	1019 	1020
f 1020 	1019 	1376
f 1377 	1032 	1376
f 1026 	1010 	720
f 1025 	943 	944
f 1026 	720 	1024
f 1005 	1002 	1007
f 1007 	1002 	1023
f 1022 	1023 	1002
f 4602 	1008 	1024
f 1010 	1026 	1008
f 1024 	1008 	1026
f 1025 	880 	1028
f 1021 	935 	1385
f 1025 	1028 	1027
f 1028 	1030 	1027
f 921 	1031 	927
f 1029 	935 	1021
f 927 	1031 	1028
f 1029 	938 	935
f 1031 	921 	1231
f 1028 	1031 	1030
f 698 	1020 	1032
f 1033 	1029 	2200
f 1020 	1376 	1032
f 1033 	1011 	928
f 1034 	954 	943
f 1025 	1034 	943
f 1025 	1027 	1034
f 1034 	1027 	1075
f 1027 	1030 	1087
f 1075 	1027 	1087
f 870 	881 	869
f 871 	881 	870
f 881 	871 	1113
f 881 	1113 	1120
f 1298 	709 	1032
f 881 	1120 	1121
f 881 	1121 	1157
f 811 	1035 	812
f 881 	1157 	1158
f 881 	1158 	1161
f 1036 	1039 	1038
f 1035 	1040 	1037
f 881 	1161 	1163
f 1037 	1040 	1036
f 1040 	1035 	811
f 1119 	881 	1163
f 1041 	1039 	1040
f 1036 	1040 	1039
f 1040 	811 	814
f 1001 	1003 	3952
f 2541 	2547 	881
f 576 	997 	1001
f 1046 	1042 	1043
f 997 	1046 	1043
f 997 	1043 	998
f 1045 	1042 	1046
f 1044 	1045 	766
f 881 	1119 	2779
f 2780 	881 	2779
f 766 	1045 	574
f 2782 	881 	2780
f 1046 	574 	1045
f 881 	2782 	2783
f 581 	1046 	997
f 881 	2783 	2538
f 574 	1046 	581
f 2538 	2539 	881
f 1042 	1173 	1043
f 2541 	881 	2539
f 1173 	1052 	1043
f 1052 	998 	1043
f 2548 	881 	2547
f 1003 	998 	1054
f 1047 	1048 	1050
f 1041 	1040 	814
f 1051 	1048 	1049
f 1052 	1173 	1167
f 1050 	1052 	1167
f 1048 	1054 	1050
f 1050 	1054 	1052
f 1054 	1048 	1051
f 1053 	456 	1055
f 1054 	998 	1052
f 1054 	1051 	1003
f 1055 	459 	1056
f 1053 	1055 	1058
f 1058 	827 	1053
f 1055 	1056 	1064
f 1058 	1055 	1064
f 1064 	1056 	1060
f 1057 	1061 	1063
f 1057 	1126 	1061
f 1062 	841 	1059
f 1059 	1063 	1062
f 1042 	1061 	1173
f 1042 	1065 	1061
f 841 	1062 	843
f 1063 	1061 	1065
f 1063 	1065 	1062
f 1056 	459 	460
f 1062 	1065 	1044
f 1042 	1045 	1065
f 1056 	460 	1066
f 1044 	1065 	1045
f 1072 	451 	1716
f 1068 	1067 	1210
f 1073 	1068 	1216
f 1056 	1066 	1060
f 1004 	1074 	1016
f 1004 	954 	1074
f 1085 	1074 	954
f 979 	1909 	978
f 1085 	954 	1034
f 977 	1909 	976
f 978 	1909 	977
f 1085 	1034 	1075
f 976 	1909 	971
f 1076 	1909 	979
f 1077 	1909 	1076
f 1078 	1909 	1077
f 1016 	1074 	1080
f 1081 	1909 	1079
f 1074 	1083 	1080
f 1074 	1085 	1083
f 1084 	1088 	1909
f 1082 	1084 	1909
f 1078 	1079 	1909
f 137 	1090 	1091
f 1088 	1089 	1909
f 1090 	137 	136
f 1093 	138 	1091
f 1094 	1909 	1092
f 1095 	1909 	1094
f 136 	1196 	1090
f 1196 	1195 	1090
f 1091 	1090 	1195
f 1075 	1087 	1086
f 1089 	1092 	1909
f 1081 	1082 	1909
f 698 	1032 	709
f 709 	1293 	625
f 952 	1014 	1098
f 451 	1072 	1066
f 1101 	1014 	1009
f 1097 	1072 	1716
f 1012 	1100 	1099
f 1100 	996 	1099
f 1101 	1099 	996
f 1101 	996 	1098
f 1101 	1098 	1014
f 898 	959 	1970
f 1099 	1101 	1009
f 1012 	1099 	1009
f 1115 	1060 	1066
f 1102 	1100 	1012
f 906 	903 	1104
f 1100 	1105 	996
f 906 	1104 	908
f 1105 	1100 	1102
f 86 	293 	2056
f 1103 	1105 	1102
f 1124 	1009 	1140
f 1075 	1108 	1085
f 1085 	1108 	1083
f 1108 	1075 	1086
f 1038 	1110 	1036
f 1107 	1036 	1110
f 1058 	870 	869
f 1086 	1823 	1108
f 1064 	870 	1058
f 1109 	1107 	1110
f 1060 	871 	1064
f 1064 	871 	870
f 308 	1114 	309
f 871 	1060 	1113
f 307 	1114 	308
f 1072 	1115 	1066
f 1115 	1113 	1060
f 309 	1114 	1133
f 1115 	1120 	1113
f 1115 	1072 	1116
f 1115 	1116 	1120
f 1117 	1118 	312
f 1116 	1106 	1121
f 311 	1117 	312
f 1133 	1117 	313
f 1120 	1116 	1121
f 1123 	922 	914
f 310 	1118 	300
f 136 	140 	1196
f 300 	1118 	914
f 310 	312 	1118
f 135 	1274 	139
f 1124 	1012 	1009
f 1129 	1103 	1102
f 1118 	1123 	914
f 922 	1122 	921
f 1216 	1168 	1073
f 1122 	922 	1123
f 1123 	1127 	1122
f 1117 	1125 	1118
f 1123 	1118 	1125
f 1070 	1071 	1126
f 1123 	1125 	1127
f 908 	1104 	1345
f 908 	1345 	965
f 3238 	1142 	956
f 921 	1122 	1231
f 1128 	1102 	1012
f 1128 	1129 	1102
f 1189 	1114 	315
f 307 	315 	1114
f 1124 	1128 	1012
f 313 	309 	1133
f 1219 	1114 	1189
f 1128 	1124 	1134
f 949 	948 	1131
f 1219 	1133 	1114
f 1117 	1132 	1125
f 1135 	1129 	1128
f 951 	950 	1130
f 950 	1131 	1130
f 311 	313 	1117
f 949 	1131 	950
f 1132 	1117 	1133
f 1135 	1128 	1134
f 1111 	1112 	1107
f 1036 	1107 	1112
f 1112 	1037 	1036
f 1135 	1136 	1129
f 1137 	1141 	1138
f 1137 	1111 	1107
f 1109 	1141 	1107
f 1137 	1107 	1141
f 1147 	1140 	1139
f 1148 	1147 	1139
f 1035 	1165 	812
f 1142 	3650 	1143
f 1140 	1146 	1124
f 1143 	1144 	1142
f 1140 	4288 	1139
f 1169 	1145 	1143
f 1146 	1147 	1134
f 1147 	1148 	1134
f 1135 	1134 	1148
f 1143 	1145 	1144
f 1146 	1140 	1147
f 1144 	1145 	955
f 1124 	1146 	1134
f 948 	955 	1145
f 1156 	1135 	1148
f 1145 	1131 	948
f 1156 	1148 	1139
f 958 	957 	1144
f 1142 	1144 	957
f 956 	1142 	957
f 1144 	955 	959
f 958 	1144 	959
f 1198 	1152 	1139
f 1152 	1155 	1156
f 1152 	1151 	1155
f 1155 	1151 	1193
f 1192 	1193 	1151
f 1153 	882 	888
f 1121 	1106 	1157
f 1164 	1130 	1246
f 1153 	888 	1162
f 1150 	1162 	1149
f 1162 	1150 	1153
f 1159 	1154 	1104
f 1160 	1149 	1162
f 1162 	1165 	1160
f 888 	1165 	1162
f 1130 	962 	951
f 1165 	888 	895
f 1159 	1104 	1164
f 963 	962 	1164
f 962 	1130 	1164
f 1160 	1035 	1037
f 1164 	1104 	903
f 963 	1164 	903
f 1165 	1035 	1160
f 1165 	895 	812
f 1126 	1057 	1070
f 1126 	1071 	1167
f 1073 	1168 	1071
f 1071 	1168 	1167
f 1168 	1047 	1050
f 1166 	1172 	1174
f 1167 	1168 	1050
f 1126 	1167 	1173
f 1061 	1126 	1173
f 1177 	1170 	1149
f 1149 	1170 	1150
f 1145 	1169 	1174
f 1131 	1174 	1172
f 1171 	1176 	1175
f 1176 	1171 	1177
f 1177 	1149 	1182
f 1176 	1177 	1182
f 1179 	1180 	1178
f 1183 	1125 	1132
f 1183 	1132 	1225
f 1111 	1175 	1176
f 1225 	1132 	1226
f 1111 	1176 	1112
f 1184 	1180 	1179
f 1182 	1149 	1160
f 1183 	1127 	1125
f 1180 	1184 	1181
f 1185 	1181 	1184
f 1182 	1112 	1176
f 1182 	1160 	1037
f 1183 	1235 	1127
f 1187 	1181 	1185
f 1182 	1037 	1112
f 1047 	1168 	1216
f 314 	1189 	315
f 1193 	1135 	1155
f 1156 	1155 	1135
f 1152 	1156 	1139
f 1151 	1203 	1192
f 1139 	4288 	1198
f 1190 	1191 	1150
f 1170 	1190 	1150
f 1153 	1150 	1191
f 1191 	1194 	1153
f 1188 	1180 	1181
f 705 	1501 	743
f 1195 	1196 	140
f 1188 	1047 	1216
f 1195 	140 	139
f 1188 	1181 	1197
f 1197 	1047 	1188
f 1181 	1201 	1197
f 1186 	1202 	1187
f 1187 	1202 	1181
f 1198 	1199 	1200
f 1203 	1151 	1200
f 1181 	1202 	1201
f 1198 	1200 	1151
f 1151 	1152 	1198
f 1205 	1200 	1207
f 1207 	1200 	1199
f 1047 	1197 	1048
f 1207 	1242 	1205
f 1197 	1201 	1049
f 1049 	1048 	1197
f 3962 	1049 	1201
f 1205 	1209 	1203
f 1200 	1205 	1203
f 1211 	1068 	1210
f 1180 	1217 	1178
f 1211 	1217 	1068
f 1212 	1217 	1211
f 316 	1218 	317
f 317 	1218 	1189
f 317 	1189 	314
f 318 	1218 	316
f 1097 	1116 	1072
f 1069 	1106 	1097
f 1233 	1204 	1206
f 1097 	1106 	1116
f 1133 	1219 	1226
f 1106 	1069 	1221
f 1218 	1224 	1189
f 1189 	1224 	1219
f 1069 	1222 	1221
f 1219 	1224 	1223
f 1222 	1220 	1229
f 1221 	1222 	1229
f 1106 	1221 	1157
f 1221 	1158 	1157
f 1132 	1133 	1226
f 1221 	1229 	1158
f 1226 	1219 	1223
f 1233 	1206 	1232
f 1208 	1232 	1206
f 1396 	1220 	1227
f 1225 	1226 	1288
f 1225 	1288 	1290
f 1220 	1396 	1229
f 1227 	1228 	1230
f 1396 	1227 	1230
f 1195 	139 	1234
f 1234 	139 	1204
f 1234 	1233 	1093
f 1232 	1093 	1233
f 1204 	1233 	1234
f 1241 	1127 	1235
f 1198 	1213 	1199
f 1215 	1250 	1214
f 1195 	1234 	1093
f 1215 	1213 	1250
f 1208 	3753 	1232
f 1183 	1287 	1235
f 1031 	1231 	1252
f 1237 	1215 	1214
f 1031 	1252 	1030
f 1238 	1215 	1237
f 1131 	1145 	1174
f 1231 	1239 	1252
f 1237 	1209 	1238
f 1237 	1245 	1209
f 1240 	1238 	1209
f 1209 	1205 	1242
f 1122 	1241 	1231
f 1130 	1131 	1172
f 1240 	1199 	1213
f 1127 	1241 	1122
f 1207 	1199 	1242
f 1240 	1209 	1242
f 1246 	1130 	1172
f 1240 	1242 	1199
f 1231 	1241 	1239
f 1214 	1236 	1237
f 1235 	1244 	1241
f 1238 	1240 	1213
f 1239 	1241 	1244
f 1213 	1215 	1238
f 1237 	1236 	1245
f 1245 	1236 	1248
f 1312 	1246 	1310
f 1312 	1243 	1159
f 1245 	1248 	1209
f 1209 	1248 	2730
f 1246 	1312 	1159
f 1247 	1248 	1236
f 1154 	1159 	1243
f 1264 	1208 	1206
f 4288 	1515 	1499
f 1264 	3784 	1208
f 1251 	1250 	4288
f 1249 	1154 	1243
f 1235 	1287 	1257
f 1236 	1214 	1250
f 1244 	1235 	1257
f 1246 	1159 	1164
f 1258 	1030 	1252
f 1698 	1673 	86
f 1252 	1239 	1261
f 1258 	1252 	1261
f 714 	1256 	713
f 1093 	1091 	1195
f 714 	715 	1256
f 1244 	1257 	1270
f 1270 	1257 	1271
f 718 	717 	1302
f 1287 	1289 	1257
f 1030 	1258 	1087
f 651 	718 	1302
f 651 	628 	718
f 1259 	139 	1274
f 1266 	1261 	1239
f 1087 	1258 	1260
f 717 	716 	1304
f 1086 	1087 	1260
f 1204 	139 	1259
f 1265 	1258 	1261
f 1261 	1262 	1265
f 1263 	1206 	1204
f 1261 	1266 	1262
f 1206 	1263 	1264
f 1268 	1269 	1264
f 1263 	1268 	1264
f 1258 	1265 	1260
f 1204 	1259 	1263
f 1265 	1262 	2528
f 1262 	1266 	1272
f 1244 	1266 	1239
f 1263 	1259 	1267
f 1267 	1268 	1263
f 1244 	1270 	1266
f 1259 	1277 	1267
f 1268 	1285 	1269
f 1271 	1257 	1289
f 1266 	1270 	1272
f 1274 	86 	1273
f 1270 	1271 	1276
f 1272 	1270 	1276
f 1271 	2540 	1276
f 2540 	1271 	1394
f 1286 	1278 	1273
f 1259 	1274 	1277
f 1274 	1273 	1275
f 1275 	1273 	1278
f 1277 	1274 	1275
f 1272 	1276 	2542
f 1267 	1285 	1268
f 1267 	1277 	1275
f 1278 	1267 	1275
f 1267 	1278 	1286
f 1224 	1282 	1223
f 1288 	1226 	1223
f 1273 	1397 	1280
f 1280 	1397 	1283
f 1223 	1282 	1281
f 1279 	1285 	1283
f 1284 	1283 	1285
f 1273 	1280 	1286
f 1286 	1284 	1267
f 1285 	1267 	1284
f 1183 	1225 	1287
f 1280 	1284 	1286
f 1280 	1283 	1284
f 1287 	1225 	1290
f 1288 	1223 	1281
f 1288 	1281 	1291
f 1291 	1290 	1288
f 1281 	1387 	1291
f 1281 	1282 	1512
f 1283 	1397 	1279
f 1387 	1281 	1512
f 1397 	1399 	1279
f 3753 	1208 	3784
f 1287 	1290 	1289
f 1290 	1390 	1289
f 2858 	763 	2485
f 271 	319 	2485
f 1290 	1291 	1390
f 1022 	1594 	3294
f 1256 	1292 	713
f 1256 	715 	1292
f 711 	625 	1293
f 715 	711 	1293
f 709 	1299 	1293
f 960 	128 	3739
f 1298 	1299 	709
f 495 	3730 	120
f 1300 	712 	713
f 713 	1292 	1300
f 1301 	1300 	1292
f 715 	1311 	1292
f 1269 	3805 	1264
f 673 	672 	1302
f 1301 	1292 	1311
f 1293 	1299 	715
f 651 	1302 	672
f 1308 	673 	1302
f 1311 	715 	1299
f 717 	1304 	1302
f 712 	1300 	1305
f 1304 	1309 	1302
f 1301 	1305 	1300
f 1255 	1306 	1313
f 1297 	1311 	1298
f 1299 	1298 	1311
f 1255 	1307 	1306
f 673 	1308 	691
f 1308 	1302 	1309
f 675 	651 	672
f 1714 	1306 	1307
f 1309 	1304 	710
f 1311 	4161 	1301
f 1310 	1166 	3703
f 1303 	1312 	1310
f 1303 	1313 	1312
f 1243 	1313 	1306
f 1243 	1312 	1313
f 1714 	1249 	1306
f 1243 	1306 	1249
f 1318 	4161 	1317
f 1319 	4161 	1318
f 1320 	4161 	1319
f 1166 	1310 	1172
f 1316 	1317 	4161
f 1310 	1246 	1172
f 1327 	1311 	1326
f 1329 	1311 	1328
f 1332 	1311 	1330
f 4161 	1311 	1321
f 1335 	1336 	4161
f 1334 	1335 	4161
f 3887 	4161 	1336
f 1340 	1341 	3887
f 1338 	3887 	1337
f 1342 	3887 	1341
f 1343 	3887 	1342
f 1344 	3887 	1343
f 1346 	3887 	1344
f 1347 	3887 	1346
f 1154 	1345 	1104
f 1349 	3887 	1348
f 1347 	1348 	3887
f 1360 	1361 	3887
f 1350 	1360 	3887
f 968 	967 	1331
f 967 	1345 	1331
f 1354 	1297 	1353
f 965 	1345 	967
f 1331 	969 	968
f 1353 	1297 	1352
f 1355 	1297 	1354
f 1359 	1311 	1357
f 1324 	1311 	1359
f 970 	969 	1358
f 1331 	1358 	969
f 1361 	1362 	3887
f 1297 	3887 	1362
f 1358 	973 	970
f 1363 	1364 	1297
f 971 	1358 	1375
f 1365 	1297 	1364
f 1358 	971 	973
f 1368 	1297 	1367
f 1366 	1297 	1365
f 1379 	977 	976
f 1369 	1297 	1368
f 1366 	1367 	1297
f 1370 	1297 	1369
f 1371 	1297 	1370
f 978 	977 	1379
f 1372 	1297 	1371
f 1351 	1297 	1372
f 1352 	1297 	1351
f 1362 	1363 	1297
f 1349 	1350 	3887
f 1297 	1355 	1356
f 1357 	1311 	1356
f 1325 	1326 	1311
f 1327 	1328 	1311
f 1329 	1330 	1311
f 1297 	1356 	1311
f 1325 	1311 	1324
f 1336 	1337 	3887
f 1339 	1340 	3887
f 1338 	1339 	3887
f 1320 	1334 	4161
f 1332 	1333 	1311
f 1333 	1321 	1311
f 4161 	1321 	1322
f 4161 	1322 	1323
f 1315 	4161 	1314
f 1314 	4161 	1323
f 1316 	4161 	1315
f 1373 	1345 	1154
f 1345 	1373 	1331
f 1588 	1309 	710
f 1373 	1374 	1331
f 1331 	1374 	1358
f 1358 	1374 	1375
f 1375 	1379 	976
f 4602 	269 	1008
f 1376 	1008 	269
f 976 	971 	1375
f 882 	1194 	933
f 882 	1153 	1194
f 1298 	1032 	1297
f 1378 	1380 	1383
f 1378 	1381 	1380
f 979 	978 	1383
f 1379 	1383 	978
f 1077 	1076 	1380
f 1383 	1380 	1076
f 1076 	979 	1383
f 1021 	1385 	1384
f 1384 	1385 	1576
f 1289 	1390 	1394
f 1388 	1578 	1382
f 1388 	1190 	1578
f 1291 	1387 	1395
f 1389 	1386 	1392
f 1390 	1291 	1395
f 1388 	1391 	1190
f 1387 	1393 	1395
f 1394 	1271 	1289
f 1395 	1393 	3498
f 1229 	1161 	1158
f 1229 	1396 	1161
f 1396 	1230 	1163
f 1163 	1161 	1396
f 1230 	1119 	1163
f 1397 	1398 	1399
f 1401 	1279 	1399
f 1403 	1400 	4427
f 1404 	1399 	1405
f 1405 	1399 	1398
f 1398 	1416 	1405
f 1400 	1406 	262
f 1402 	1407 	1403
f 1403 	1407 	1400
f 1408 	1404 	1416
f 1405 	1416 	1404
f 1402 	1412 	1407
f 1400 	1407 	1406
f 1404 	1408 	1401
f 1399 	1404 	1401
f 1409 	262 	1406
f 261 	262 	1409
f 1397 	1410 	1398
f 1431 	1409 	1406
f 1410 	1430 	1411
f 1413 	1407 	1412
f 1415 	1413 	1412
f 1414 	1398 	1410
f 1414 	1416 	1398
f 1414 	1410 	1419
f 1419 	1410 	1411
f 1417 	1413 	1415
f 1408 	1414 	1419
f 1418 	1407 	1413
f 1414 	1408 	1416
f 1406 	1407 	1418
f 1417 	1420 	1413
f 1430 	1410 	86
f 1411 	1430 	1421
f 1425 	1408 	1428
f 1424 	1428 	1408
f 1413 	1426 	1418
f 1424 	1411 	1421
f 1420 	1426 	1413
f 1424 	1408 	1419
f 1424 	1419 	1411
f 1423 	1424 	1421
f 1426 	1420 	1427
f 1423 	1428 	1424
f 1422 	1425 	1423
f 1423 	1425 	1428
f 1418 	1426 	1429
f 3921 	1401 	1408
f 1426 	1427 	1432
f 1429 	1426 	1432
f 1423 	1430 	1422
f 1409 	441 	261
f 1423 	1421 	1430
f 1418 	1431 	1406
f 1431 	1418 	1429
f 1431 	1429 	1464
f 1430 	1433 	1446
f 1673 	1663 	86
f 1433 	1430 	86
f 1420 	1417 	1434
f 1435 	1420 	1434
f 1435 	1436 	1420
f 1437 	1436 	1435
f 1433 	1664 	1438
f 1440 	1436 	1437
f 1433 	1438 	1441
f 1439 	1442 	1447
f 1438 	1448 	1441
f 1449 	1441 	1448
f 1420 	1436 	1427
f 1436 	1445 	1427
f 1439 	1447 	1440
f 1440 	1447 	1436
f 1446 	1443 	1430
f 1443 	1444 	1430
f 1436 	1447 	1445
f 1448 	1444 	1443
f 1446 	1433 	1441
f 1454 	4615 	1453
f 1390 	1455 	1394
f 1395 	1455 	1390
f 1545 	1445 	1546
f 1457 	4615 	1456
f 1450 	1443 	1449
f 1394 	1455 	3499
f 1441 	1449 	1446
f 1461 	1377 	1460
f 1460 	1377 	1459
f 441 	1409 	1458
f 1431 	1458 	1409
f 1452 	4615 	1451
f 1462 	1377 	1461
f 1466 	4615 	1465
f 1464 	1458 	1431
f 1467 	4615 	1466
f 1473 	1218 	318
f 1468 	4615 	1467
f 1457 	1465 	4615
f 320 	1492 	1473
f 320 	1473 	319
f 1469 	4615 	1468
f 1429 	1432 	1717
f 1218 	1472 	1224
f 1470 	4615 	1469
f 1471 	4615 	1470
f 319 	1473 	318
f 1475 	4615 	1474
f 1474 	4615 	1471
f 1476 	4615 	1475
f 1477 	4615 	1476
f 1458 	1464 	1716
f 1472 	1218 	1473
f 451 	1458 	1716
f 1464 	1429 	1717
f 1224 	1472 	1282
f 1427 	1445 	1480
f 1502 	1282 	1472
f 1480 	1432 	1427
f 1473 	1503 	1472
f 1472 	1503 	1502
f 1254 	1253 	1250
f 1432 	1480 	1718
f 1254 	1250 	1251
f 1253 	1485 	1250
f 1485 	2787 	1250
f 1481 	1253 	1482
f 1254 	1482 	1253
f 1482 	1254 	1483
f 1484 	1486 	1483
f 1483 	1251 	1484
f 1251 	1488 	1484
f 1253 	1481 	1486
f 1254 	1251 	1483
f 1253 	1486 	1485
f 1482 	1483 	1486
f 1482 	1486 	1481
f 1552 	1447 	1442
f 1251 	4288 	1487
f 1487 	4288 	1499
f 1447 	1552 	1546
f 1251 	1487 	1488
f 1487 	1499 	1491
f 320 	327 	1492
f 1490 	1499 	1489
f 1491 	1499 	1490
f 1493 	1491 	1494
f 1488 	1493 	1495
f 329 	1492 	327
f 1494 	1486 	1493
f 1496 	1486 	1494
f 1497 	1486 	1496
f 1493 	1486 	1495
f 1495 	1486 	1484
f 1488 	1495 	1484
f 331 	1532 	1498
f 331 	1498 	328
f 1489 	1497 	1496
f 1492 	1503 	1473
f 1494 	1491 	1496
f 1490 	1489 	1496
f 1490 	1496 	1491
f 1488 	1487 	1493
f 1491 	1493 	1487
f 328 	1498 	329
f 2831 	1497 	1489
f 329 	1498 	1492
f 1492 	1498 	1507
f 1501 	705 	706
f 1501 	706 	1500
f 598 	4496 	590
f 648 	598 	590
f 1503 	1492 	1507
f 1505 	1506 	1499
f 1506 	1511 	1499
f 1504 	1505 	1499
f 1508 	1506 	1509
f 1509 	1505 	1510
f 1510 	1519 	1509
f 1514 	1503 	1507
f 1510 	1505 	1504
f 1505 	1509 	1506
f 1512 	1282 	1502
f 1508 	1519 	1513
f 1506 	1508 	1511
f 1511 	1508 	1513
f 1502 	1540 	1512
f 1503 	1514 	1502
f 1502 	1514 	1540
f 1499 	1515 	1504
f 1517 	1526 	1516
f 1517 	1518 	1519
f 1517 	1516 	1518
f 1523 	1518 	1516
f 1520 	1515 	1521
f 1521 	1515 	1517
f 1518 	1513 	1519
f 1520 	1519 	1510
f 1508 	1509 	1519
f 1519 	1520 	1521
f 1520 	1510 	1504
f 1515 	1520 	1504
f 1517 	1519 	1521
f 1518 	1523 	1525
f 1540 	1524 	1522
f 1525 	1513 	1518
f 1387 	1522 	1393
f 1523 	1516 	1526
f 1515 	1527 	1526
f 1517 	1515 	1526
f 331 	424 	1532
f 1529 	1526 	1528
f 1498 	1531 	1507
f 1526 	1529 	1530
f 1527 	1528 	1526
f 1534 	1544 	1533
f 1534 	1535 	1544
f 1536 	1544 	1535
f 1532 	1531 	1498
f 1527 	1543 	1536
f 1528 	1527 	1536
f 1530 	1529 	1534
f 1543 	1527 	1539
f 1528 	1536 	1535
f 1534 	1533 	1530
f 1567 	1507 	1531
f 1528 	1535 	1529
f 1535 	1534 	1529
f 1567 	1514 	1507
f 2977 	1538 	606
f 1539 	606 	1538
f 606 	1539 	1527
f 1582 	1531 	1532
f 1541 	1538 	1542
f 1543 	1541 	1542
f 1543 	1542 	1544
f 1543 	1544 	1536
f 1545 	1480 	1445
f 1542 	1538 	1544
f 1538 	1537 	1544
f 1445 	1447 	1546
f 1539 	1538 	1541
f 1546 	1547 	1545
f 1543 	1539 	1541
f 1546 	1552 	1548
f 1546 	1548 	1547
f 1500 	706 	626
f 626 	706 	625
f 1549 	1550 	648
f 1551 	1782 	648
f 1553 	1552 	1442
f 1555 	1552 	1553
f 1550 	1551 	648
f 1554 	1556 	1555
f 1555 	1556 	1552
f 1552 	1556 	1548
f 1556 	1557 	1548
f 1677 	1548 	1557
f 1677 	1547 	1548
f 1557 	1678 	1677
f 269 	1561 	1562
f 1565 	269 	1564
f 1514 	1579 	1540
f 1566 	269 	1565
f 1562 	1564 	269
f 1568 	269 	1566
f 1558 	1559 	590
f 1569 	269 	1568
f 1567 	1579 	1514
f 1572 	1573 	1376
f 1391 	1191 	1190
f 1573 	1574 	1376
f 1377 	1376 	1574
f 1576 	1391 	3148
f 1531 	1577 	1567
f 1576 	3148 	1384
f 1531 	1582 	1577
f 14 	13 	1377
f 11 	14 	1377
f 12 	11 	1377
f 15 	1377 	13
f 1391 	1576 	1191
f 16 	1377 	15
f 17 	1377 	16
f 1385 	1194 	1576
f 18 	1377 	17
f 19 	1459 	1377
f 1191 	1576 	1194
f 1194 	1385 	933
f 1376 	269 	23
f 22 	23 	269
f 1540 	1522 	1512
f 24 	1376 	23
f 933 	1385 	935
f 1522 	1387 	1512
f 25 	1376 	24
f 29 	1376 	28
f 31 	1376 	29
f 32 	1376 	31
f 3543 	1579 	1567
f 1524 	1540 	1579
f 1524 	1579 	3542
f 1579 	3543 	3542
f 1170 	1584 	1578
f 1581 	1532 	426
f 426 	1532 	424
f 425 	1581 	426
f 425 	428 	1581
f 428 	3551 	1581
f 1190 	1170 	1578
f 1532 	1581 	1582
f 1580 	1171 	1583
f 3554 	1582 	1581
f 1584 	1171 	1580
f 1177 	1584 	1170
f 1177 	1171 	1584
f 1175 	1583 	1171
f 1570 	1376 	32
f 1571 	1376 	1570
f 1569 	21 	269
f 26 	1376 	25
f 1376 	26 	28
f 21 	22 	269
f 1453 	4615 	1452
f 1377 	1451 	4615
f 1454 	1456 	4615
f 1463 	1451 	1377
f 762 	1589 	1585
f 4333 	764 	1585
f 1574 	1575 	1377
f 1575 	12 	1377
f 18 	19 	1377
f 1462 	1463 	1377
f 1571 	1572 	1376
f 762 	1585 	764
f 1478 	269 	1477
f 1479 	269 	1478
f 1561 	269 	1479
f 4615 	1477 	269
f 1607 	1586 	1589
f 1592 	1591 	1590
f 1593 	1592 	1590
f 4541 	1592 	1593
f 1590 	1591 	1594
f 1594 	1591 	1595
f 1598 	1599 	2109
f 4574 	1603 	1596
f 1603 	4574 	4591
f 1602 	1596 	1603
f 1587 	1603 	1586
f 1603 	1587 	1602
f 1604 	1601 	1596
f 1601 	1604 	1600
f 1604 	1596 	1602
f 1762 	1600 	1604
f 762 	1609 	1589
f 1589 	1609 	1607
f 1609 	762 	983
f 1587 	1606 	1605
f 1587 	1586 	1607
f 1587 	1607 	1606
f 1607 	1608 	1606
f 1607 	1609 	1608
f 1609 	983 	1610
f 1608 	1609 	1610
f 1015 	1610 	983
f 1611 	1605 	1606
f 1612 	1606 	1608
f 1611 	1606 	1612
f 1068 	1217 	1216
f 1212 	1178 	1217
f 1188 	1217 	1180
f 1216 	1217 	1188
f 1645 	1470 	1644
f 1613 	1615 	1623
f 1613 	1614 	1616
f 1615 	1613 	1616
f 1057 	1616 	1614
f 1070 	1057 	1614
f 1566 	1660 	1661
f 1615 	1616 	1059
f 1616 	1057 	1063
f 1063 	1059 	1616
f 1834 	11 	1674
f 1618 	1622 	1617
f 1619 	1618 	1617
f 1631 	1618 	1620
f 1620 	1618 	1619
f 1622 	1618 	1625
f 25 	2014 	26
f 2017 	28 	2015
f 1621 	1622 	1625
f 29 	2017 	2019
f 2021 	31 	2019
f 1625 	1618 	1636
f 1621 	1613 	1623
f 1621 	1625 	1613
f 1625 	1636 	1614
f 1614 	1613 	1625
f 966 	1623 	972
f 1452 	1451 	1627
f 1624 	1453 	1627
f 991 	1628 	1622
f 1635 	1459 	1910
f 1460 	1629 	1461
f 994 	991 	1622
f 1459 	1635 	1460
f 1629 	1460 	1635
f 1617 	1622 	1628
f 1630 	1462 	1629
f 994 	1622 	1621
f 1632 	1631 	1620
f 1634 	1631 	1632
f 1068 	1639 	1067
f 1633 	1067 	1639
f 1636 	1618 	1631
f 1631 	1638 	1636
f 1633 	1639 	1634
f 1634 	1639 	1631
f 1624 	1920 	1637
f 1631 	1639 	1638
f 1465 	1640 	1641
f 1639 	1068 	1073
f 1467 	1466 	1642
f 1467 	1642 	1643
f 1638 	1639 	1073
f 1469 	1468 	1644
f 1070 	1636 	1638
f 1646 	1474 	1645
f 1636 	1070 	1614
f 1638 	1071 	1070
f 1638 	1073 	1071
f 1476 	1647 	1648
f 1655 	1651 	1653
f 1566 	1565 	1660
f 1446 	1449 	1443
f 1450 	1449 	1448
f 1448 	1443 	1450
f 1433 	86 	1663
f 15 	1835 	16
f 1663 	1664 	1433
f 18 	1839 	1848
f 1848 	19 	18
f 1667 	1673 	1665
f 1666 	1663 	1673
f 1667 	1666 	1673
f 1668 	1438 	1664
f 1668 	1664 	1669
f 1670 	1665 	1671
f 1669 	1664 	1663
f 1669 	1663 	1666
f 1671 	1448 	1670
f 1672 	1670 	1448
f 1438 	1668 	1448
f 1668 	1669 	1448
f 1672 	1448 	1669
f 1672 	1669 	1666
f 1666 	1670 	1672
f 1667 	1665 	1670
f 1666 	1667 	1670
f 1689 	1665 	1673
f 1448 	3950 	1444
f 1688 	1689 	1673
f 1444 	3944 	1430
f 1839 	17 	1838
f 19 	1848 	1910
f 19 	1910 	1459
f 293 	302 	1990
f 1557 	1563 	1678
f 1547 	1677 	1740
f 1678 	1563 	3116
f 1711 	1556 	1681
f 1679 	1675 	1680
f 1683 	1684 	1685
f 1680 	1675 	1580
f 1676 	1686 	1675
f 1686 	1676 	1382
f 293 	1990 	2056
f 1578 	1686 	1382
f 1686 	1580 	1675
f 1686 	1578 	1584
f 1686 	1584 	1580
f 1673 	1687 	1688
f 1583 	1680 	1580
f 1689 	1688 	1692
f 1693 	1689 	1692
f 1691 	1688 	1687
f 1688 	1691 	1694
f 1137 	1690 	1111
f 1688 	1694 	1692
f 1691 	1703 	1692
f 1693 	1692 	1707
f 1692 	1694 	1691
f 1690 	1137 	1695
f 1698 	86 	1733
f 1673 	1698 	1687
f 1373 	1154 	1249
f 1249 	1714 	1701
f 1733 	1735 	1702
f 1373 	1249 	1701
f 1699 	1698 	1733
f 1691 	1687 	1703
f 1703 	1687 	1698
f 1701 	1374 	1373
f 1703 	1698 	1704
f 1704 	1698 	1699
f 1706 	1700 	1707
f 1705 	1389 	1392
f 1707 	1692 	1706
f 1706 	1692 	1708
f 1708 	1692 	1704
f 1703 	1704 	1692
f 1708 	1704 	1699
f 1705 	1374 	1701
f 1699 	1706 	1708
f 1702 	1700 	1706
f 1699 	1702 	1706
f 1705 	1392 	1375
f 1375 	1374 	1705
f 1375 	1392 	1379
f 1684 	1711 	1685
f 4060 	1709 	1307
f 1683 	3109 	1684
f 1554 	1681 	1556
f 1682 	1711 	1681
f 1682 	1685 	1711
f 1557 	1556 	1711
f 1711 	1684 	1563
f 1711 	1563 	1557
f 1696 	1695 	1697
f 1432 	1718 	1717
f 1307 	1709 	1714
f 1545 	1721 	1480
f 1709 	1710 	1719
f 1714 	1709 	1719
f 1389 	1710 	1715
f 1716 	1464 	1724
f 1715 	1712 	1386
f 1386 	1389 	1715
f 1717 	1724 	1464
f 1719 	1701 	1714
f 1725 	1717 	1718
f 1719 	1705 	1701
f 1389 	1719 	1710
f 1705 	1719 	1389
f 1718 	1480 	1721
f 1718 	1721 	1720
f 1392 	1386 	1722
f 1726 	1723 	1712
f 1723 	1386 	1712
f 1723 	1726 	1729
f 1722 	1386 	1723
f 1723 	1729 	1378
f 1722 	1723 	1378
f 1724 	1097 	1716
f 1381 	1378 	1729
f 1724 	1069 	1097
f 1724 	1717 	1725
f 1392 	1722 	1379
f 1725 	1718 	1720
f 1383 	1722 	1378
f 1383 	1379 	1722
f 1724 	1725 	1069
f 1725 	1720 	1222
f 1069 	1725 	1222
f 1721 	1897 	1720
f 1702 	1699 	1733
f 1700 	1702 	1737
f 1726 	1727 	1729
f 1727 	1730 	1729
f 4123 	4120 	1693
f 1727 	1731 	1730
f 86 	2056 	1732
f 1733 	86 	1732
f 1732 	1734 	1733
f 1733 	1734 	1735
f 1737 	1702 	1735
f 1655 	1738 	1651
f 1656 	1738 	1655
f 1729 	1730 	1381
f 2845 	1651 	1738
f 1731 	1739 	1730
f 1736 	1739 	1731
f 1656 	1659 	1738
f 1545 	1547 	1743
f 1743 	1721 	1545
f 1547 	1740 	1743
f 1746 	1740 	1677
f 1677 	1678 	1746
f 1381 	1741 	1380
f 1381 	1730 	1742
f 1739 	1742 	1730
f 1742 	1739 	1748
f 1381 	1742 	1741
f 1742 	1748 	1744
f 1897 	1721 	1743
f 1741 	1742 	1744
f 1079 	1078 	1741
f 1078 	1380 	1741
f 1380 	1078 	1077
f 1741 	1081 	1079
f 1082 	1081 	1744
f 1741 	1744 	1081
f 1082 	1744 	1084
f 1740 	1746 	1745
f 1770 	1749 	1755
f 1751 	1752 	1753
f 1748 	1754 	1744
f 1752 	1758 	1753
f 1748 	1881 	1755
f 1756 	1651 	1752
f 1756 	1752 	1751
f 1748 	1755 	1754
f 1653 	1651 	1756
f 1749 	1759 	1755
f 1749 	1766 	1759
f 1750 	1753 	1758
f 1793 	1611 	1612
f 1697 	1695 	1713
f 1744 	1754 	1084
f 1088 	1084 	1754
f 1088 	1754 	1089
f 1713 	1695 	1137
f 1713 	1137 	1138
f 1755 	1759 	1754
f 158 	1766 	1749
f 1762 	1767 	1600
f 1766 	158 	162
f 1092 	1089 	1759
f 1754 	1759 	1089
f 1604 	1602 	1775
f 1759 	1094 	1092
f 1558 	590 	1765
f 1765 	590 	1764
f 1095 	1094 	1766
f 1759 	1766 	1094
f 1560 	590 	1559
f 1602 	1605 	1775
f 1602 	1587 	1605
f 1096 	162 	170
f 1766 	162 	1096
f 1763 	1764 	590
f 1095 	1766 	1096
f 1549 	648 	1769
f 1728 	1881 	1736
f 1767 	1762 	1783
f 1769 	590 	1768
f 1762 	1774 	1783
f 1772 	590 	1771
f 1604 	1775 	1762
f 1774 	1762 	1775
f 1776 	1761 	590
f 1763 	590 	1761
f 1777 	1775 	1605
f 1771 	590 	1780
f 1773 	1776 	590
f 1774 	1775 	1777
f 1611 	1777 	1605
f 1772 	1773 	590
f 1779 	590 	1778
f 1781 	1767 	1783
f 2201 	1781 	1783
f 1783 	1774 	2122
f 1782 	1784 	648
f 1785 	648 	1784
f 1787 	648 	1786
f 1785 	1786 	648
f 1788 	626 	1787
f 1610 	1015 	1798
f 1016 	1802 	1015
f 1859 	1794 	1732
f 1790 	626 	1789
f 1793 	1612 	1796
f 1610 	1797 	1608
f 1792 	626 	1791
f 1608 	1797 	1612
f 1797 	1610 	1798
f 1612 	1797 	1796
f 1791 	626 	1790
f 1789 	626 	1788
f 1798 	1015 	1802
f 1797 	1798 	1808
f 1799 	626 	1792
f 1801 	626 	1800
f 1800 	626 	1799
f 1080 	1802 	1016
f 1080 	1812 	1802
f 1803 	626 	1801
f 1804 	626 	1803
f 1806 	626 	1805
f 1807 	626 	1806
f 1797 	1808 	1796
f 1805 	626 	1804
f 1809 	626 	1807
f 1810 	626 	1809
f 1080 	1083 	1818
f 1818 	1812 	1080
f 1083 	1819 	1818
f 1811 	626 	1810
f 1819 	1083 	1108
f 1813 	626 	1811
f 1500 	626 	1816
f 1814 	626 	1813
f 1817 	1500 	1816
f 1819 	1108 	1823
f 1815 	1816 	626
f 1812 	1818 	2113
f 1821 	1500 	1820
f 1820 	1500 	1817
f 1822 	1500 	1821
f 1814 	1815 	626
f 1798 	2111 	1808
f 1802 	2111 	1798
f 1795 	1737 	1828
f 1735 	1734 	1829
f 2111 	1802 	1812
f 1828 	1735 	1829
f 1829 	1734 	1794
f 1732 	1794 	1734
f 1829 	1794 	1828
f 1794 	1859 	1828
f 1735 	1828 	1737
f 1758 	1752 	1876
f 1833 	2056 	1832
f 1757 	1758 	1876
f 1732 	2056 	1830
f 2056 	1833 	1830
f 1747 	1752 	1651
f 2056 	1831 	1832
f 1832 	1831 	1861
f 1832 	1861 	1863
f 1833 	1832 	1863
f 1864 	1859 	1830
f 1830 	1833 	1864
f 1175 	1690 	1947
f 1175 	1111 	1690
f 1826 	590 	1825
f 13 	1834 	1835
f 13 	1835 	15
f 1838 	16 	1835
f 1826 	1827 	590
f 1827 	1778 	590
f 1836 	1760 	1837
f 1836 	1837 	1840
f 1695 	1837 	1690
f 1840 	1837 	1696
f 1695 	1696 	1837
f 1844 	1760 	1845
f 1845 	1760 	1836
f 1825 	590 	1846
f 1842 	743 	1841
f 1846 	590 	1843
f 1843 	590 	1842
f 1760 	1847 	1945
f 1760 	1945 	1837
f 1852 	743 	1851
f 1850 	743 	1849
f 1851 	743 	1850
f 1852 	1841 	743
f 1760 	1854 	1847
f 1853 	1854 	1855
f 1865 	1849 	743
f 1844 	1854 	1760
f 1844 	1855 	1854
f 1870 	1847 	1862
f 1732 	1830 	1859
f 1863 	1795 	1864
f 1861 	1795 	1863
f 1862 	1854 	1860
f 1858 	743 	1857
f 1854 	1862 	1847
f 1866 	1860 	1867
f 1858 	1865 	743
f 1867 	1860 	1853
f 1853 	1860 	1854
f 1857 	743 	1856
f 1868 	1869 	743
f 1856 	743 	1869
f 1868 	743 	1875
f 1871 	3704 	1872
f 1872 	1946 	1871
f 1680 	1872 	1679
f 1872 	1680 	1946
f 1680 	1583 	1946
f 1863 	1864 	1833
f 3765 	1870 	1862
f 1859 	1864 	1795
f 1795 	1828 	1859
f 4356 	4353 	1795
f 1876 	1752 	1747
f 1881 	1728 	1770
f 180 	1770 	1728
f 1879 	1877 	1888
f 185 	1770 	180
f 1758 	1880 	1750
f 1884 	1886 	1877
f 1739 	1736 	1881
f 1877 	1882 	1884
f 1748 	1739 	1881
f 1878 	1883 	1879
f 1881 	1770 	1755
f 1879 	1883 	1877
f 1883 	1878 	1880
f 1882 	1877 	1883
f 1883 	1757 	1882
f 1758 	1883 	1880
f 1770 	185 	1749
f 1757 	1883 	1758
f 158 	1749 	185
f 898 	1970 	2025
f 2852 	1882 	1757
f 1887 	1886 	1885
f 1877 	1889 	1888
f 1877 	1886 	1889
f 1889 	1886 	1887
f 1720 	1220 	1222
f 1220 	1720 	1897
f 1227 	1220 	1897
f 1743 	1740 	1900
f 1743 	1900 	1897
f 1900 	1740 	1745
f 1227 	1897 	1900
f 1900 	1745 	1228
f 1227 	1900 	1228
f 1907 	1906 	1908
f 1911 	1907 	1908
f 1920 	1629 	1635
f 1571 	1922 	1572
f 1907 	4581 	1917
f 1948 	1574 	1929
f 1918 	1911 	1912
f 1575 	1948 	1949
f 1911 	1918 	1907
f 1674 	12 	1949
f 4581 	1907 	1918
f 1571 	1921 	1922
f 1923 	1572 	1922
f 1929 	1573 	1923
f 1572 	1923 	1573
f 1936 	1916 	1917
f 1898 	1941 	1942
f 1898 	1896 	1941
f 1626 	1920 	1627
f 1924 	1925 	1926
f 1627 	1920 	1624
f 1924 	2183 	1925
f 1629 	1920 	1630
f 1927 	1924 	1926
f 1942 	1943 	1898
f 1902 	1898 	1943
f 1928 	1906 	1930
f 1907 	1930 	1906
f 1964 	1903 	1902
f 1965 	1904 	1903
f 1930 	1927 	1928
f 1904 	1966 	1905
f 1927 	1930 	1924
f 1930 	1916 	1924
f 1909 	1969 	1970
f 1930 	1907 	1917
f 1917 	1916 	1930
f 1895 	1899 	1944
f 1901 	1932 	1899
f 1916 	1933 	1924
f 1935 	1914 	1915
f 1915 	1961 	1935
f 1919 	1932 	1901
f 1914 	1935 	1919
f 1937 	1931 	1933
f 1931 	1937 	1934
f 2011 	1934 	1937
f 1937 	1933 	1940
f 1940 	1933 	1916
f 1936 	1940 	1916
f 1847 	1870 	1871
f 1955 	1944 	1899
f 1847 	1871 	1945
f 1899 	1932 	1955
f 1957 	1955 	1932
f 1945 	1871 	1946
f 1939 	1938 	1941
f 1945 	1946 	1947
f 1920 	1626 	1630
f 1946 	1583 	1947
f 1947 	1583 	1175
f 1950 	1943 	1942
f 1942 	1952 	1950
f 1952 	1942 	1941
f 1952 	1943 	1950
f 1945 	1947 	1837
f 22 	21 	1954
f 1837 	1947 	1690
f 1954 	1956 	22
f 1941 	1938 	1952
f 1976 	1952 	1938
f 1957 	1951 	1955
f 1944 	1955 	1951
f 1957 	1932 	2159
f 1957 	2159 	1951
f 1962 	1935 	1961
f 1961 	1915 	1913
f 1913 	1960 	1961
f 1962 	1961 	1960
f 1964 	1965 	1903
f 1904 	1965 	1966
f 1969 	1905 	1966
f 1962 	2159 	1935
f 1919 	2159 	1932
f 1018 	1959 	918
f 918 	1959 	919
f 1965 	2027 	1966
f 1964 	1973 	1965
f 1969 	1909 	1905
f 1968 	919 	1959
f 1968 	1963 	920
f 2028 	1966 	2027
f 1969 	1966 	2023
f 919 	1968 	920
f 1962 	899 	2159
f 1963 	923 	920
f 1971 	923 	1963
f 1973 	1964 	1974
f 1971 	408 	923
f 1902 	1943 	1964
f 1952 	1964 	1943
f 408 	1971 	1977
f 1975 	1952 	1976
f 1975 	1974 	1952
f 1964 	1952 	1974
f 1972 	1965 	1973
f 2027 	1965 	1972
f 1977 	1967 	462
f 1939 	2040 	1938
f 1977 	462 	408
f 1978 	465 	1967
f 1976 	2181 	1975
f 3921 	1408 	1425
f 465 	1978 	471
f 1978 	1980 	471
f 471 	1980 	479
f 479 	1980 	1981
f 1979 	481 	1981
f 479 	1981 	481
f 1986 	3301 	1988
f 1984 	2045 	2053
f 1987 	3301 	1989
f 1990 	1982 	2056
f 1990 	2004 	1982
f 1982 	2004 	2005
f 2006 	1982 	2005
f 1991 	2004 	1990
f 1997 	3301 	2000
f 1874 	743 	1873
f 1873 	743 	2003
f 1998 	3301 	1997
f 1995 	1996 	3301
f 1993 	3301 	1996
f 2042 	2033 	1999
f 1992 	3301 	1994
f 1993 	1994 	3301
f 1983 	2042 	1999
f 2043 	2042 	1983
f 1995 	3301 	1998
f 2003 	743 	2002
f 743 	470 	2001
f 2007 	3301 	2009
f 1940 	1936 	2020
f 2001 	2002 	743
f 334 	1500 	353
f 1824 	353 	1500
f 2013 	1934 	2011
f 1937 	2012 	2011
f 2012 	1937 	1940
f 2020 	2012 	1940
f 366 	1500 	360
f 359 	360 	1500
f 366 	367 	1500
f 2013 	2011 	2029
f 2016 	2011 	2012
f 1982 	2006 	1983
f 2005 	2070 	2006
f 2004 	2070 	2005
f 1991 	2070 	2004
f 2012 	2018 	2016
f 2027 	1972 	2179
f 2020 	1936 	4621
f 1938 	2181 	1976
f 2018 	2012 	2020
f 2192 	2025 	2026
f 2032 	2016 	2018
f 1654 	1652 	1920
f 1650 	1920 	1652
f 1648 	1647 	1920
f 1649 	1648 	1920
f 1647 	1646 	1920
f 1646 	1645 	1920
f 1645 	1644 	1920
f 1644 	1643 	1920
f 1643 	1642 	1920
f 1642 	1641 	1920
f 1641 	1640 	1920
f 1637 	1920 	1640
f 1658 	1657 	1920
f 1660 	1658 	1920
f 1662 	1661 	1920
f 1661 	1660 	1920
f 1834 	1674 	1920
f 1635 	1910 	1920
f 1910 	1848 	1920
f 1848 	1839 	1920
f 1839 	1838 	1920
f 1835 	1920 	1838
f 1834 	1920 	1835
f 1650 	1649 	1920
f 1954 	1953 	1920
f 2024 	1966 	2028
f 2024 	2023 	1966
f 2023 	2026 	1969
f 1970 	1969 	2026
f 2025 	1970 	2026
f 2016 	2029 	2011
f 1921 	2022 	1920
f 1922 	1921 	1920
f 1923 	1922 	1920
f 1923 	1920 	1929
f 900 	2159 	899
f 2047 	1999 	1984
f 2040 	2041 	1938
f 2029 	2031 	2038
f 2031 	2029 	2016
f 2043 	1983 	2006
f 2032 	2031 	2016
f 2181 	1938 	2041
f 2034 	2035 	1999
f 1948 	1929 	1920
f 1674 	1949 	1920
f 1948 	1920 	1949
f 1919 	1935 	2159
f 1657 	1654 	1920
f 2021 	1920 	2022
f 2019 	1920 	2021
f 2017 	1920 	2019
f 2015 	1920 	2017
f 2014 	1920 	2015
f 1958 	1920 	2014
f 1956 	1920 	1958
f 1954 	1920 	1956
f 1662 	1920 	1953
f 2037 	1831 	2039
f 2093 	2096 	347
f 358 	2119 	347
f 2037 	2039 	2181
f 2037 	2181 	2041
f 2040 	2037 	2041
f 2036 	1984 	2035
f 2035 	1984 	1999
f 2035 	2034 	2068
f 2043 	2068 	2042
f 2006 	2070 	2043
f 2033 	2034 	1999
f 2034 	2033 	2068
f 2042 	2068 	2033
f 1984 	2036 	2045
f 2068 	2045 	2036
f 2036 	2035 	2068
f 2173 	2049 	2046
f 2048 	2153 	2047
f 2030 	2052 	2049
f 2048 	2051 	2153
f 2048 	2047 	1984
f 2052 	2030 	2038
f 2038 	2031 	2146
f 2047 	2050 	1999
f 2146 	2052 	2038
f 2048 	1984 	2053
f 2053 	2045 	2054
f 2031 	2032 	2149
f 2057 	1983 	1999
f 2048 	2053 	2051
f 2053 	2054 	2055
f 2032 	4772 	2149
f 2054 	2045 	2068
f 2054 	2068 	2055
f 2051 	146 	2153
f 2050 	2047 	2153
f 4987 	2055 	2068
f 146 	147 	2153
f 2153 	147 	2192
f 2049 	2481 	2046
f 710 	20 	2025
f 2068 	2069 	4992
f 2484 	2049 	2052
f 2481 	2049 	2484
f 2060 	2153 	2059
f 2153 	2058 	2059
f 3301 	2007 	2008
f 2056 	2058 	2153
f 1985 	3301 	2008
f 2050 	2153 	2057
f 1982 	1983 	2059
f 1999 	2050 	2057
f 1982 	2059 	2058
f 2058 	2056 	1982
f 2059 	1983 	2060
f 2060 	1983 	2057
f 2057 	2153 	2060
f 2066 	2067 	2861
f 2063 	3301 	2065
f 2069 	1962 	4992
f 157 	1501 	398
f 20 	898 	2025
f 2065 	3301 	2064
f 2071 	2069 	2070
f 2068 	2070 	2069
f 2072 	1296 	1294
f 1295 	1294 	1296
f 2062 	2066 	2861
f 2061 	2861 	2075
f 2074 	2861 	2077
f 2074 	2075 	2861
f 2067 	2064 	2861
f 2077 	2861 	2076
f 2119 	2120 	2093
f 2093 	347 	2119
f 2861 	2078 	2076
f 2083 	2861 	2086
f 2088 	2093 	2087
f 2089 	2093 	2088
f 2090 	2093 	2089
f 2091 	2093 	2090
f 2092 	2093 	2091
f 2095 	2089 	2088
f 2078 	2861 	2080
f 2092 	2091 	2096
f 2093 	2092 	2096
f 2090 	2096 	2091
f 2084 	2080 	2861
f 2095 	2097 	2089
f 2090 	2098 	2096
f 10 	347 	2096
f 2097 	2098 	2089
f 2083 	2084 	2861
f 2098 	2090 	2089
f 2088 	2087 	2094
f 2088 	2094 	2095
f 2099 	2112 	2110
f 2081 	2082 	2103
f 2104 	2103 	2082
f 2086 	2861 	2085
f 2085 	2861 	2100
f 2103 	2105 	2081
f 1597 	1598 	2108
f 404 	1501 	403
f 396 	1501 	404
f 1599 	2081 	2105
f 2109 	2108 	1598
f 3399 	3400 	2109
f 397 	1501 	396
f 1599 	2105 	2109
f 398 	1501 	397
f 3401 	3399 	2109
f 2105 	3401 	2109
f 2101 	2099 	2110
f 2102 	2104 	2082
f 2110 	2104 	2102
f 3408 	3396 	2104
f 409 	1500 	367
f 1808 	2211 	1796
f 3411 	3408 	2110
f 2101 	2110 	2102
f 2103 	2104 	3396
f 2103 	3392 	2105
f 1808 	2111 	2206
f 3396 	3397 	2103
f 2104 	2110 	3408
f 2117 	1818 	1819
f 3411 	2110 	2112
f 2530 	1819 	1823
f 1818 	2117 	2113
f 2087 	2114 	2094
f 1812 	2118 	2111
f 2111 	2118 	2206
f 1812 	2113 	2118
f 2087 	2093 	2121
f 2121 	2093 	2120
f 2087 	2121 	2114
f 2115 	2116 	2120
f 2115 	2120 	2119
f 2119 	358 	2115
f 2116 	2114 	2120
f 2121 	2120 	2114
f 2128 	663 	664
f 2138 	664 	2217
f 2201 	1783 	2122
f 1774 	2129 	2122
f 725 	667 	2140
f 656 	725 	662
f 2217 	664 	725
f 2217 	725 	2140
f 1793 	2130 	1611
f 2122 	2208 	2201
f 2122 	2209 	2208
f 2129 	1774 	1777
f 2137 	2126 	2124
f 2130 	2129 	1777
f 2130 	1777 	1611
f 2124 	2134 	2135
f 2134 	2124 	2125
f 2100 	2861 	2106
f 2133 	2123 	2127
f 2106 	2861 	2107
f 2124 	2135 	2137
f 1986 	2132 	3301
f 2132 	2131 	3301
f 2133 	2134 	2123
f 2127 	2128 	2136
f 2123 	2134 	2125
f 1987 	1988 	3301
f 2133 	2127 	2136
f 2216 	2126 	2137
f 1985 	1989 	3301
f 2128 	664 	2138
f 3301 	2861 	2064
f 2061 	2062 	2861
f 2063 	2000 	3301
f 1992 	2009 	3301
f 662 	725 	664
f 2138 	2216 	2137
f 2138 	2137 	2135
f 2138 	2135 	2134
f 2133 	2136 	2134
f 2138 	2134 	2136
f 2128 	2138 	2136
f 2131 	2132 	2143
f 1988 	2141 	1986
f 2139 	2126 	2216
f 2139 	2217 	2140
f 1985 	2322 	1989
f 2143 	2141 	2144
f 2142 	2143 	2144
f 2141 	2368 	2144
f 1988 	2145 	2141
f 2145 	1988 	1987
f 2141 	2145 	2368
f 1987 	1989 	2145
f 2322 	2145 	1989
f 2145 	2322 	2321
f 2079 	1939 	2073
f 1939 	2079 	2040
f 2370 	2142 	2144
f 2052 	2146 	2486
f 2146 	2031 	2149
f 1977 	1971 	2336
f 1967 	1977 	2151
f 411 	1501 	409
f 403 	1501 	388
f 2157 	1831 	2156
f 2160 	1831 	2157
f 470 	743 	467
f 743 	1501 	467
f 2158 	2167 	2010
f 2158 	2010 	2013
f 2029 	2158 	2013
f 483 	467 	1501
f 2156 	2194 	2157
f 482 	1501 	540
f 2154 	2156 	1831
f 2009 	1992 	2161
f 1994 	2161 	1992
f 1997 	2163 	1998
f 1967 	2151 	2162
f 539 	1501 	530
f 1978 	1967 	2162
f 2163 	2315 	1998
f 530 	1501 	512
f 512 	1501 	157
f 1997 	2000 	2163
f 2039 	1831 	2160
f 2164 	1978 	2162
f 1993 	2166 	1994
f 1994 	2166 	2161
f 2152 	2155 	2177
f 2164 	2148 	1980
f 388 	1501 	410
f 540 	1501 	539
f 1978 	2164 	1980
f 359 	1500 	334
f 410 	1501 	411
f 1824 	1500 	1822
f 2148 	2147 	1981
f 1500 	409 	1501
f 1875 	743 	1874
f 482 	483 	1501
f 2173 	2155 	2167
f 1980 	2148 	1981
f 590 	4536 	743
f 743 	1842 	590
f 1780 	590 	1779
f 1560 	1768 	590
f 2167 	2158 	2030
f 1979 	1981 	2147
f 648 	590 	1769
f 648 	1787 	626
f 2038 	2158 	2029
f 2030 	2158 	2038
f 1979 	2147 	2168
f 2762 	1979 	2168
f 2762 	2168 	2170
f 1550 	1549 	2169
f 2169 	3370 	1551
f 1550 	2169 	1551
f 2155 	2173 	2177
f 2953 	2390 	1776
f 2039 	2160 	2174
f 2039 	2174 	2176
f 2152 	2177 	2172
f 1972 	2178 	2179
f 2177 	2044 	2172
f 1972 	1973 	2178
f 2177 	2173 	2046
f 2160 	2179 	2178
f 2044 	2177 	2046
f 2173 	2167 	2030
f 2179 	2160 	2157
f 1011 	2207 	2175
f 2049 	2173 	2030
f 2039 	2176 	2181
f 2182 	2183 	2384
f 2183 	2182 	2184
f 1033 	2207 	1011
f 1973 	1974 	2174
f 1975 	2176 	1974
f 1011 	2175 	1013
f 1925 	2183 	2184
f 2178 	1973 	2174
f 2176 	1975 	2181
f 1933 	2183 	1924
f 2174 	2160 	2178
f 1013 	2175 	2185
f 2197 	2027 	2179
f 2185 	1018 	1013
f 2130 	1793 	2210
f 2197 	2179 	2157
f 2185 	2187 	1018
f 2174 	1974 	2176
f 2188 	2189 	2023
f 2023 	2189 	2026
f 2187 	2180 	1959
f 1018 	2187 	1959
f 2023 	2024 	2188
f 1968 	1959 	2180
f 2156 	2188 	2194
f 1781 	2201 	2191
f 2193 	1968 	2180
f 2195 	2192 	2026
f 2026 	2189 	2195
f 1963 	1968 	2193
f 2189 	2188 	2156
f 2189 	2156 	2154
f 2154 	2153 	2192
f 1963 	2193 	2196
f 2195 	2154 	2192
f 1963 	2196 	1971
f 2196 	2336 	1971
f 2024 	2028 	2194
f 2188 	2024 	2194
f 2154 	2195 	2189
f 2197 	2157 	2194
f 2027 	2197 	2028
f 2194 	2028 	2197
f 2215 	2191 	2201
f 2209 	2122 	2129
f 2199 	2198 	3179
f 2204 	2129 	2130
f 1796 	2212 	1793
f 2205 	1384 	2202
f 1793 	2212 	2210
f 2211 	2212 	1796
f 2205 	2203 	1021
f 1384 	2205 	1021
f 2203 	2200 	1029
f 1029 	1021 	2203
f 1033 	2200 	2207
f 2204 	2209 	2129
f 2204 	2130 	2210
f 2206 	2211 	1808
f 2379 	2219 	2220
f 2426 	2220 	2223
f 2139 	2218 	2217
f 2218 	2139 	2216
f 2218 	2216 	2138
f 2217 	2218 	2138
f 2215 	2201 	2208
f 2190 	2191 	2222
f 2222 	2191 	2215
f 797 	2298 	801
f 2190 	2222 	2219
f 2292 	2225 	2226
f 2226 	2227 	2294
f 2289 	2224 	2228
f 2232 	2257 	2231
f 2234 	2244 	2233
f 2236 	2244 	2235
f 2232 	2231 	2237
f 2240 	2244 	2239
f 2235 	2244 	2240
f 2233 	2244 	2236
f 2238 	2239 	2244
f 2231 	1600 	2237
f 2245 	2238 	2244
f 2231 	4599 	1601
f 1600 	2231 	1601
f 754 	756 	2250
f 2246 	2238 	2245
f 2243 	2238 	2242
f 2246 	2242 	2238
f 2241 	2252 	2243
f 2249 	2252 	2241
f 2251 	2252 	2249
f 2238 	2243 	2252
f 2248 	2250 	2257
f 2260 	2252 	2259
f 2253 	2260 	2259
f 2256 	2259 	2252
f 2255 	2252 	2258
f 2256 	2252 	2255
f 2252 	2251 	2258
f 2261 	2266 	2254
f 2262 	2303 	2248
f 2248 	2257 	2232
f 2253 	2254 	2260
f 2263 	2270 	2261
f 2262 	2248 	2232
f 2264 	2271 	2273
f 2269 	2262 	2232
f 2268 	2260 	2267
f 2266 	2267 	2260
f 2265 	2260 	2268
f 2232 	2237 	2269
f 2273 	2260 	2265
f 2273 	2265 	2264
f 2260 	2254 	2266
f 2270 	2266 	2261
f 2272 	2273 	2271
f 2276 	2281 	2275
f 2288 	2269 	2237
f 2275 	2281 	2274
f 2280 	2274 	2281
f 2280 	2281 	2273
f 2277 	2283 	2276
f 1767 	2237 	1600
f 2280 	2273 	2279
f 2278 	2279 	2273
f 2278 	2273 	2282
f 123 	125 	2272
f 2283 	2319 	2281
f 2290 	2228 	2229
f 2229 	2230 	2291
f 2286 	2269 	2288
f 2290 	2291 	2289
f 2292 	2301 	2291
f 2293 	2301 	2292
f 2294 	2301 	2293
f 2295 	2301 	2294
f 791 	2301 	2295
f 2286 	2288 	2287
f 2288 	1781 	2287
f 2292 	2291 	2225
f 2288 	2237 	1767
f 1781 	2288 	1767
f 2295 	2294 	2227
f 2293 	2292 	2226
f 2285 	2296 	2284
f 2296 	2285 	2286
f 2295 	2227 	791
f 792 	791 	2227
f 2296 	2286 	2287
f 2228 	2290 	2289
f 2229 	2291 	2290
f 2230 	2225 	2291
f 2287 	2190 	2296
f 2294 	2293 	2226
f 2190 	2287 	2191
f 2191 	2287 	1781
f 2297 	2705 	2221
f 2247 	2248 	2303
f 2302 	2291 	2301
f 2289 	2291 	2302
f 2224 	2289 	2302
f 2301 	2224 	2302
f 2298 	2224 	2301
f 2301 	801 	2298
f 2360 	807 	946
f 947 	2355 	2360
f 804 	807 	2304
f 946 	947 	2360
f 2297 	2311 	2705
f 2099 	2221 	2705
f 2310 	2304 	2309
f 2300 	2306 	2369
f 807 	2360 	2309
f 2299 	2308 	2306
f 2308 	2299 	2303
f 2306 	2308 	2307
f 2309 	2304 	807
f 1993 	1996 	2166
f 2161 	2166 	2165
f 1996 	2315 	2166
f 1995 	2315 	1996
f 1995 	1998 	2315
f 2166 	2316 	2165
f 2315 	2316 	2166
f 2163 	2317 	2315
f 2317 	2316 	2315
f 2515 	2317 	2163
f 2007 	2318 	2008
f 2008 	2318 	1985
f 2007 	2009 	2318
f 2161 	2318 	2009
f 2322 	1985 	2318
f 2323 	2318 	2161
f 2281 	2276 	2283
f 2165 	2323 	2161
f 2320 	2281 	2319
f 2368 	2145 	2321
f 712 	1913 	142
f 1895 	1896 	1899
f 2318 	2323 	2322
f 1896 	1898 	1899
f 1898 	1902 	1899
f 2165 	2359 	2323
f 2323 	2359 	2358
f 1901 	1899 	1902
f 1903 	1904 	1919
f 1919 	1901 	1902
f 2165 	2451 	2359
f 2165 	2316 	2451
f 1914 	1919 	1904
f 1902 	1903 	1919
f 1915 	1914 	1904
f 1904 	1905 	1915
f 1913 	1915 	1905
f 1905 	1909 	1913
f 142 	1913 	1909
f 2861 	2858 	2485
f 2186 	1559 	1558
f 2326 	1891 	2328
f 1559 	2186 	2330
f 1559 	2330 	1560
f 1560 	2330 	1768
f 2334 	1891 	2325
f 2335 	1891 	2334
f 2325 	1891 	2326
f 2333 	1891 	2332
f 2332 	1891 	2335
f 2342 	1891 	2341
f 2339 	1891 	2342
f 2333 	2341 	1891
f 2340 	1891 	2339
f 2336 	2151 	1977
f 2861 	2345 	2343
f 2343 	2107 	2861
f 2861 	2344 	2345
f 2348 	2485 	2347
f 930 	2485 	931
f 991 	990 	2485
f 2485 	990 	989
f 2802 	2351 	2800
f 2811 	2351 	2802
f 3181 	2351 	3195
f 3239 	2351 	3182
f 3241 	2351 	3239
f 3182 	2351 	3186
f 2331 	2357 	2354
f 2362 	2312 	2313
f 2357 	2395 	2354
f 2363 	2362 	2314
f 2365 	2352 	2353
f 2322 	2358 	2321
f 2353 	2366 	2365
f 2323 	2358 	2322
f 2321 	2358 	2324
f 2352 	2364 	2356
f 2364 	2314 	2356
f 2361 	2310 	2360
f 2309 	2360 	2310
f 2310 	2361 	2362
f 2310 	2362 	2363
f 2364 	2310 	2363
f 2365 	2310 	2364
f 2366 	2310 	2365
f 2358 	2359 	2454
f 2362 	2361 	2312
f 2308 	2285 	2307
f 2367 	2303 	2262
f 2308 	2303 	2367
f 2262 	2269 	2367
f 2285 	2308 	2367
f 2454 	2324 	2358
f 2286 	2367 	2269
f 2286 	2285 	2367
f 2300 	2369 	2305
f 2369 	2306 	2307
f 2368 	2371 	2144
f 2370 	2144 	2371
f 2368 	2321 	2375
f 2371 	2368 	2375
f 2369 	2307 	2376
f 2324 	2375 	2321
f 2370 	2371 	2372
f 2284 	2307 	2285
f 2371 	2374 	2372
f 2373 	2369 	2376
f 2371 	2375 	2374
f 2324 	2448 	2375
f 2284 	2376 	2307
f 2374 	2375 	2448
f 2313 	2314 	2362
f 2366 	2353 	2304
f 2304 	2310 	2366
f 2378 	2373 	2376
f 2352 	2365 	2364
f 2377 	2373 	2378
f 2376 	2284 	2426
f 2355 	2312 	2360
f 2361 	2360 	2312
f 2314 	2364 	2363
f 2284 	2379 	2426
f 2379 	2284 	2296
f 2382 	2182 	2384
f 2380 	2383 	2386
f 2384 	2381 	2382
f 2381 	2384 	2380
f 2383 	2380 	2384
f 1931 	2384 	2183
f 2383 	2384 	1931
f 2183 	1933 	1931
f 2386 	2383 	2387
f 2385 	2386 	2387
f 1934 	2383 	1931
f 2383 	1934 	2387
f 2010 	2385 	2387
f 2013 	2387 	1934
f 2010 	2387 	2013
f 2392 	953 	999
f 2354 	2395 	2389
f 1105 	2612 	999
f 999 	2463 	2392
f 2953 	2388 	2390
f 2388 	2389 	2391
f 2390 	2388 	2391
f 2389 	2186 	2391
f 2470 	2705 	2311
f 2389 	2395 	2186
f 2395 	2469 	2330
f 2330 	2186 	2395
f 1761 	1776 	2390
f 1763 	2390 	2391
f 1763 	2391 	1764
f 2398 	2396 	2397
f 1761 	2390 	1763
f 1765 	2391 	2186
f 1765 	2186 	1558
f 2400 	2380 	2404
f 2400 	2404 	2399
f 1764 	2391 	1765
f 2401 	2380 	2400
f 2380 	2401 	2381
f 2396 	2403 	2412
f 2404 	2398 	2399
f 2398 	2404 	2396
f 2403 	2396 	2404
f 2386 	2404 	2380
f 2403 	2404 	2386
f 2402 	2407 	2406
f 2385 	2403 	2386
f 2402 	2408 	2407
f 2396 	2411 	2410
f 2409 	2410 	2411
f 2396 	2410 	2397
f 2411 	2468 	2409
f 2396 	2412 	2411
f 2415 	2411 	2412
f 2415 	2412 	2418
f 2416 	2412 	2403
f 2416 	2418 	2412
f 2385 	2416 	2403
f 2414 	2417 	2413
f 2417 	2414 	2415
f 2417 	2415 	2418
f 2420 	2413 	2417
f 2420 	2419 	2413
f 2417 	2421 	2420
f 2421 	2417 	2418
f 2418 	2416 	2423
f 2422 	2419 	2420
f 2418 	2423 	2421
f 2423 	2152 	2421
f 2423 	2155 	2152
f 2424 	2416 	2385
f 2416 	2424 	2423
f 2424 	2385 	2010
f 2423 	2424 	2155
f 2424 	2010 	2167
f 2155 	2424 	2167
f 2425 	2420 	2421
f 2420 	2425 	2422
f 2425 	2421 	2152
f 2425 	2171 	2422
f 2425 	2152 	2172
f 2296 	2190 	2379
f 2219 	2379 	2190
f 2376 	2426 	2378
f 2220 	2426 	2379
f 1184 	2485 	1185
f 1187 	1185 	1891
f 1179 	2485 	1184
f 3186 	2351 	3194
f 3194 	2351 	3181
f 3195 	2351 	3196
f 3196 	2351 	3201
f 2351 	2205 	2202
f 2378 	2214 	2377
f 2213 	2377 	2214
f 3190 	2351 	3189
f 2198 	2351 	2202
f 2223 	2214 	2378
f 2223 	2378 	2426
f 2199 	2351 	2198
f 2200 	2203 	2351
f 2427 	2429 	2432
f 2205 	2351 	2203
f 2351 	2187 	2185
f 2351 	2207 	2200
f 2175 	2351 	2185
f 2207 	2351 	2175
f 2193 	2351 	2196
f 2180 	2351 	2193
f 2441 	2432 	2431
f 2187 	2351 	2180
f 2336 	2351 	2151
f 2196 	2351 	2336
f 2151 	2351 	2162
f 2147 	2351 	2168
f 2351 	2164 	2162
f 2164 	2351 	2148
f 2148 	2351 	2147
f 2351 	2170 	2168
f 2351 	2792 	2666
f 2429 	2431 	2432
f 2170 	2351 	2150
f 2433 	2427 	2432
f 2150 	2351 	2666
f 2434 	2430 	2433
f 2427 	2433 	2430
f 2792 	2351 	2794
f 2430 	2434 	2428
f 2793 	2351 	2797
f 2794 	2351 	2793
f 2434 	2435 	2428
f 2428 	2435 	2213
f 2213 	2435 	2377
f 2796 	2351 	2795
f 1186 	1187 	1891
f 2338 	1186 	1891
f 2438 	2436 	2437
f 2437 	2439 	2438
f 2439 	2437 	2305
f 2305 	2373 	2439
f 1212 	2485 	1178
f 1178 	2485 	1179
f 1210 	2485 	1211
f 2369 	2373 	2305
f 2439 	2435 	2438
f 2434 	2438 	2435
f 2377 	2439 	2373
f 2435 	2439 	2377
f 2440 	2504 	2436
f 1628 	991 	2485
f 1619 	1617 	2485
f 2442 	2440 	2444
f 1617 	1628 	2485
f 2440 	2443 	2444
f 2443 	2440 	2436
f 2443 	2436 	2438
f 1633 	1634 	2485
f 1619 	2485 	1620
f 2431 	3838 	2441
f 2442 	2444 	2441
f 1210 	1067 	2485
f 1632 	1620 	2485
f 1633 	2485 	1067
f 1632 	2485 	1634
f 2432 	2441 	2444
f 2433 	2444 	2443
f 2432 	2444 	2433
f 988 	2485 	989
f 931 	2485 	988
f 930 	2347 	2485
f 2485 	2348 	2350
f 2485 	2350 	2349
f 2485 	2349 	2861
f 2346 	2861 	2349
f 2344 	2861 	2346
f 2433 	2443 	2434
f 2340 	2337 	1891
f 2337 	2338 	1891
f 1891 	1185 	2485
f 1212 	1211 	2485
f 2434 	2443 	2438
f 1656 	3301 	1659
f 2445 	435 	436
f 2446 	439 	438
f 439 	2446 	2445
f 439 	2445 	436
f 2250 	440 	754
f 2372 	2374 	2447
f 438 	440 	2446
f 2445 	2446 	2247
f 2374 	2491 	2447
f 2247 	2446 	2248
f 440 	2250 	2446
f 2248 	2446 	2250
f 2316 	2453 	2451
f 2317 	2453 	2316
f 2449 	2445 	2457
f 2450 	2452 	2461
f 2451 	2453 	2456
f 2452 	2299 	2461
f 2449 	2457 	2452
f 2457 	2299 	2452
f 2451 	2458 	2359
f 2359 	2458 	2454
f 2299 	2457 	2303
f 2458 	2451 	2456
f 2247 	2457 	2445
f 2457 	2247 	2303
f 2458 	2456 	2459
f 2455 	2300 	2460
f 2450 	2461 	2455
f 2462 	2393 	2392
f 2553 	2459 	2456
f 2798 	2351 	2796
f 2392 	2463 	2462
f 2171 	2425 	2172
f 2405 	2469 	2357
f 2411 	2471 	2468
f 2357 	2469 	2395
f 3190 	3201 	2351
f 2405 	2406 	2475
f 2471 	2465 	2466
f 2405 	2475 	2469
f 2415 	2414 	2471
f 2470 	2472 	2558
f 2466 	2468 	2471
f 2415 	2471 	2411
f 2461 	2300 	2455
f 2461 	2299 	2306
f 2851 	2475 	2169
f 2300 	2461 	2306
f 2305 	2460 	2300
f 452 	2479 	453
f 2407 	2478 	2406
f 900 	899 	902
f 2480 	902 	899
f 455 	2482 	2479
f 455 	2479 	452
f 1894 	2483 	1893
f 1894 	1893 	1892
f 454 	2482 	455
f 458 	2482 	454
f 2052 	2486 	2484
f 2146 	2488 	2486
f 2479 	2482 	2493
f 2488 	2146 	2149
f 2482 	2449 	2493
f 2489 	458 	457
f 2454 	2496 	2324
f 458 	2489 	2482
f 1294 	3290 	1893
f 2489 	2449 	2482
f 2490 	2496 	2454
f 2458 	2490 	2454
f 2449 	2489 	2445
f 2459 	2490 	2458
f 435 	2489 	457
f 899 	1962 	2069
f 2489 	435 	2445
f 712 	1960 	1913
f 2448 	2491 	2374
f 2487 	2450 	2492
f 1301 	4992 	1962
f 2479 	2493 	2487
f 2448 	2324 	2496
f 2493 	2450 	2487
f 2493 	2449 	2452
f 2499 	2448 	2496
f 2450 	2493 	2452
f 2455 	2492 	2450
f 2496 	2490 	2497
f 2499 	2496 	2497
f 2490 	2459 	2503
f 2497 	2490 	2503
f 2503 	2459 	2611
f 2448 	2499 	2491
f 2501 	2502 	2504
f 2502 	2498 	2506
f 2497 	2503 	3041
f 2504 	2502 	2506
f 2460 	2498 	2455
f 2506 	2498 	2460
f 2061 	2507 	2062
f 2062 	2507 	2066
f 2442 	2500 	2440
f 2501 	2504 	2500
f 2000 	2505 	2163
f 2063 	2505 	2000
f 2065 	2508 	2505
f 2440 	2500 	2504
f 2065 	2505 	2063
f 2064 	2508 	2065
f 2512 	2508 	2067
f 2064 	2067 	2508
f 2506 	2436 	2504
f 2067 	2066 	2512
f 2507 	2512 	2066
f 2460 	2437 	2506
f 2436 	2506 	2437
f 2437 	2460 	2305
f 2163 	2505 	2515
f 466 	453 	2514
f 2479 	2514 	453
f 4318 	2511 	2509
f 2511 	2513 	2509
f 2508 	2512 	2510
f 2510 	2512 	2523
f 2511 	2514 	2513
f 2487 	2514 	2479
f 2513 	2514 	2487
f 2519 	2509 	2513
f 2505 	2516 	2515
f 2508 	2516 	2505
f 2517 	2509 	2519
f 2516 	2508 	2510
f 2492 	2513 	2487
f 2517 	2501 	4035
f 2502 	2501 	2517
f 2061 	2075 	2507
f 2518 	2507 	2075
f 2074 	2518 	2075
f 2077 	2520 	2518
f 2077 	2518 	2074
f 2076 	2520 	2077
f 2517 	2519 	2502
f 2078 	2520 	2076
f 2519 	2498 	2502
f 2513 	2492 	2519
f 2521 	2507 	2518
f 2492 	2498 	2519
f 2507 	2521 	2512
f 2518 	2520 	2522
f 2521 	2518 	2522
f 2498 	2492 	2455
f 468 	2511 	469
f 2511 	4318 	469
f 2514 	2511 	472
f 472 	2511 	468
f 2512 	2521 	2523
f 466 	2514 	472
f 1086 	2524 	1823
f 1086 	1260 	2524
f 1265 	2526 	1260
f 2453 	2317 	2525
f 2515 	2525 	2317
f 2515 	2551 	2525
f 2516 	2551 	2515
f 1260 	2526 	2524
f 2527 	2453 	2525
f 4772 	837 	2149
f 2488 	2149 	837
f 2526 	1265 	2528
f 1262 	2529 	2528
f 1272 	2529 	1262
f 2474 	881 	2473
f 2528 	2529 	2534
f 1819 	2530 	2117
f 2524 	2531 	1823
f 1823 	2531 	2530
f 2531 	2524 	2532
f 2526 	2532 	2524
f 2473 	2533 	2760
f 2542 	2535 	2529
f 2534 	2529 	2535
f 2536 	2476 	2474
f 2044 	2536 	2172
f 2476 	2536 	2044
f 2477 	2044 	2046
f 2477 	2476 	2044
f 2481 	2477 	2046
f 2526 	2537 	2532
f 2528 	2537 	2526
f 2534 	2537 	2528
f 2540 	1394 	3499
f 2529 	1272 	2542
f 1276 	2540 	2545
f 2542 	1276 	2545
f 2548 	2549 	881
f 2542 	2846 	2535
f 881 	2533 	2473
f 2542 	2545 	2846
f 2476 	881 	2474
f 2540 	2546 	2545
f 2476 	2477 	881
f 2545 	2546 	2842
f 2543 	2843 	2546
f 2453 	2527 	2456
f 2510 	2552 	2516
f 2551 	2516 	2552
f 2553 	2456 	2527
f 2527 	2554 	2553
f 2525 	2555 	2527
f 2551 	2555 	2525
f 2527 	2555 	2554
f 2555 	2551 	2556
f 2552 	2556 	2551
f 2472 	2559 	2558
f 2557 	2467 	2470
f 2463 	999 	2612
f 2557 	2463 	2615
f 2557 	2558 	2463
f 2462 	2463 	2558
f 2462 	2558 	2559
f 2462 	2559 	2560
f 2459 	2553 	2611
f 2560 	2559 	2472
f 2393 	2462 	2560
f 2394 	2393 	2560
f 2560 	2472 	2394
f 2555 	2561 	2554
f 2557 	2470 	2558
f 2566 	899 	2565
f 2567 	899 	2566
f 2569 	899 	2568
f 2494 	2069 	2572
f 2495 	899 	2494
f 2578 	2069 	2577
f 2581 	2069 	2580
f 2584 	899 	2583
f 2586 	2480 	2585
f 2590 	2480 	2589
f 2591 	2480 	2590
f 2592 	2480 	2591
f 2588 	2589 	2480
f 2593 	2480 	2592
f 2594 	2480 	2593
f 2596 	2480 	2595
f 2595 	2480 	2594
f 2597 	2480 	2596
f 2598 	2480 	2597
f 2599 	2480 	2598
f 2614 	2570 	2573
f 2601 	2071 	2600
f 2480 	2600 	2071
f 2601 	2602 	2071
f 2603 	2071 	2602
f 2604 	2071 	2603
f 2605 	2071 	2604
f 2606 	2071 	2605
f 2607 	2071 	2606
f 2608 	2071 	2607
f 2609 	2071 	2608
f 2610 	2071 	2609
f 2557 	2615 	2573
f 2556 	2561 	2555
f 2561 	2556 	2617
f 1103 	2564 	2612
f 2554 	2619 	2553
f 2612 	2613 	2463
f 2614 	2463 	2613
f 2615 	2463 	2614
f 2553 	2619 	2611
f 2570 	2614 	2613
f 2613 	2612 	2564
f 2554 	2561 	2620
f 2615 	2614 	2573
f 2554 	2620 	2619
f 1105 	1103 	2612
f 2573 	2467 	2557
f 2570 	2613 	2564
f 2561 	2617 	2616
f 2616 	2617 	2618
f 2619 	4032 	2611
f 2620 	2561 	2616
f 3979 	2619 	2620
f 2635 	2573 	2570
f 2636 	2570 	2564
f 2573 	2635 	2704
f 2467 	2573 	2704
f 2522 	2623 	2521
f 2521 	2623 	2523
f 2522 	2621 	2623
f 2522 	2520 	2718
f 2621 	2522 	2718
f 2718 	2722 	2621
f 2199 	3189 	2351
f 2523 	2625 	2510
f 2625 	2523 	2622
f 2523 	2623 	2622
f 2623 	2621 	2626
f 2622 	2623 	2626
f 2552 	2624 	2556
f 2552 	2510 	2625
f 2552 	2625 	2624
f 2564 	1103 	1129
f 2622 	2696 	2625
f 2624 	2625 	2696
f 1135 	1193 	1136
f 2713 	1193 	1192
f 2703 	2622 	2626
f 2708 	2698 	2714
f 1136 	1193 	2700
f 2627 	2071 	2610
f 2628 	2071 	2627
f 1136 	2700 	1129
f 2629 	2071 	2628
f 2631 	2071 	2630
f 1203 	2725 	1192
f 2634 	2069 	2633
f 2630 	2071 	2629
f 2599 	2600 	2480
f 2071 	2631 	2632
f 2633 	2069 	2632
f 2574 	2069 	2634
f 2576 	2069 	2575
f 2574 	2575 	2069
f 2576 	2577 	2069
f 2069 	2578 	2579
f 2071 	2632 	2069
f 2579 	2580 	2069
f 2581 	2572 	2069
f 2562 	899 	2495
f 2563 	899 	2562
f 2565 	899 	2563
f 2567 	2568 	899
f 2582 	899 	2571
f 2069 	2494 	899
f 2569 	2571 	899
f 2582 	2583 	899
f 2585 	2480 	2584
f 2588 	2480 	2587
f 899 	2584 	2480
f 2587 	2480 	2586
f 2636 	2635 	2570
f 2351 	2798 	2797
f 2351 	2811 	2808
f 3409 	2634 	3407
f 2642 	2483 	2641
f 2648 	2483 	2642
f 2651 	2483 	2650
f 2651 	2652 	2483
f 2654 	2655 	2483
f 2483 	2656 	2657
f 2644 	2072 	2643
f 2645 	2072 	2644
f 2646 	2647 	2072
f 2483 	2072 	2637
f 2638 	2483 	2637
f 2647 	2637 	2072
f 2648 	2649 	2483
f 2483 	2649 	2650
f 2653 	2483 	2652
f 2654 	2483 	2653
f 2656 	2483 	2655
f 2660 	1893 	2659
f 2658 	2659 	1893
f 2661 	1893 	2660
f 2662 	1893 	2661
f 2664 	1893 	2663
f 2662 	2663 	1893
f 2665 	1893 	2664
f 2667 	1893 	2665
f 2668 	1893 	2667
f 2669 	1893 	2668
f 2670 	1893 	2669
f 1294 	1893 	2671
f 2763 	2170 	2150
f 2675 	1294 	2674
f 2676 	1294 	2675
f 2674 	1294 	2673
f 2677 	1294 	2676
f 2763 	2762 	2170
f 2681 	2072 	2680
f 2683 	2072 	2682
f 2685 	2072 	2684
f 2687 	2072 	2685
f 2688 	2072 	2687
f 2643 	2072 	2688
f 2693 	1294 	2692
f 2691 	1294 	2690
f 2673 	1294 	2694
f 2693 	2694 	1294
f 2672 	1294 	2671
f 1294 	2672 	2689
f 2692 	1294 	2691
f 2690 	1294 	2689
f 2670 	2671 	1893
f 2640 	2483 	2639
f 2639 	2483 	2638
f 2641 	2483 	2640
f 2645 	2646 	2072
f 2678 	2072 	2677
f 2679 	2072 	2678
f 2680 	2072 	2679
f 2682 	2072 	2681
f 2684 	2072 	2683
f 1294 	2677 	2072
f 2734 	2626 	2621
f 2695 	2636 	2564
f 2617 	2556 	2624
f 2635 	2636 	2698
f 1129 	2695 	2564
f 2624 	2696 	2701
f 2702 	2701 	2696
f 2636 	2699 	2698
f 2626 	2697 	2703
f 1129 	2700 	2695
f 2695 	2699 	2636
f 1193 	2714 	2700
f 2700 	2699 	2695
f 2626 	2734 	2697
f 2701 	2617 	2624
f 2622 	2703 	2696
f 2467 	2704 	2705
f 2470 	2467 	2705
f 2696 	2703 	2702
f 2703 	2697 	2709
f 2099 	2705 	2731
f 2702 	2703 	2709
f 2704 	2708 	2705
f 2617 	2701 	2618
f 2701 	2702 	2706
f 2699 	2700 	2714
f 2698 	2699 	2714
f 2618 	2701 	2706
f 2708 	2635 	2698
f 2704 	2635 	2708
f 2705 	2708 	2707
f 4756 	2709 	2697
f 1192 	2725 	2713
f 2710 	2713 	2724
f 2711 	2710 	2724
f 2714 	2715 	2708
f 2715 	2716 	2708
f 2716 	2717 	2708
f 2707 	2708 	2717
f 2712 	2707 	2717
f 2080 	2719 	2078
f 2715 	2714 	2713
f 2717 	2716 	2712
f 2715 	2711 	2716
f 2084 	2719 	2080
f 2710 	2711 	2715
f 2716 	2711 	2712
f 2083 	2721 	2084
f 2714 	1193 	2713
f 2710 	2715 	2713
f 2705 	2707 	2712
f 2083 	2086 	2721
f 2747 	2721 	2086
f 2086 	2085 	2747
f 2520 	2078 	2719
f 2725 	2724 	2713
f 2520 	2719 	2718
f 2719 	2720 	2718
f 2084 	2721 	2719
f 2744 	2730 	1248
f 1203 	1209 	2725
f 2730 	2725 	1209
f 1236 	1250 	1247
f 2719 	2721 	2720
f 1247 	2743 	1248
f 2727 	2728 	2744
f 2718 	2720 	2722
f 2744 	1248 	2743
f 2743 	1247 	2787
f 1247 	1250 	2787
f 2621 	2722 	2734
f 2712 	2711 	2723
f 2724 	2723 	2711
f 2734 	2726 	2697
f 2729 	2744 	2728
f 2730 	2744 	2729
f 2727 	2740 	2723
f 2730 	2729 	2725
f 2728 	2723 	2724
f 2729 	2728 	2724
f 2728 	2727 	2723
f 2725 	2729 	2724
f 2731 	2732 	2099
f 2785 	2099 	2732
f 2735 	2732 	2731
f 2705 	2712 	2731
f 2734 	2722 	2736
f 2723 	2731 	2712
f 2732 	2733 	2785
f 2720 	2737 	2722
f 2740 	2744 	2739
f 2727 	2744 	2740
f 2733 	2739 	2738
f 2722 	2737 	2736
f 2723 	2740 	2731
f 2737 	2741 	2736
f 2731 	2740 	2735
f 2735 	2740 	2739
f 2733 	2732 	2739
f 2735 	2739 	2732
f 2733 	2742 	2785
f 2726 	2734 	2736
f 2743 	2787 	2742
f 2736 	2741 	4794
f 2745 	2739 	2744
f 2746 	2739 	2745
f 2738 	2739 	2746
f 2742 	2733 	2746
f 2743 	2745 	2744
f 2738 	2746 	2733
f 4794 	2741 	4796
f 2745 	2743 	2742
f 2746 	2745 	2742
f 4796 	2741 	4797
f 2100 	2106 	2750
f 2100 	2750 	2747
f 2100 	2747 	2085
f 2748 	2721 	2747
f 1486 	1497 	2791
f 2721 	2748 	2720
f 1486 	2791 	1485
f 2747 	2749 	2748
f 2747 	2750 	2749
f 2720 	2748 	2737
f 2748 	2749 	2751
f 1659 	3301 	2131
f 2748 	2751 	2737
f 1655 	3301 	1656
f 2737 	2751 	2741
f 1653 	2752 	1655
f 2106 	2107 	2750
f 4804 	2750 	2107
f 4806 	2750 	4804
f 2143 	1659 	2131
f 2141 	2143 	2132
f 1753 	1750 	2752
f 2141 	2132 	1986
f 1751 	2752 	1756
f 2143 	1738 	1659
f 1753 	2752 	1751
f 1891 	3294 	3301
f 3290 	3346 	1893
f 1756 	2752 	1653
f 1878 	2752 	1880
f 1750 	1880 	2752
f 1889 	1891 	1888
f 1879 	2752 	1878
f 3301 	1655 	2752
f 1893 	2483 	2658
f 2657 	2658 	2483
f 2244 	2234 	94
f 105 	2251 	100
f 6 	94 	2234
f 2283 	2277 	138
f 112 	120 	2263
f 2251 	105 	2258
f 2273 	125 	2282
f 2273 	2272 	125
f 128 	138 	2277
f 1594 	6 	3340
f 2234 	3340 	6
f 881 	2549 	2550
f 2753 	881 	2550
f 2754 	881 	2753
f 2533 	881 	2754
f 2761 	2422 	2171
f 2755 	2757 	2756
f 2686 	2792 	2759
f 2757 	2755 	2758
f 2758 	2760 	2757
f 3053 	2761 	2758
f 2761 	3053 	2422
f 2760 	2758 	2761
f 2761 	2171 	2764
f 561 	481 	1979
f 2760 	2761 	2764
f 2171 	2172 	2536
f 2762 	561 	1979
f 2762 	557 	561
f 2754 	2753 	2757
f 2756 	2757 	2753
f 2533 	2757 	2760
f 2762 	2763 	557
f 2754 	2757 	2533
f 2763 	558 	557
f 2666 	2765 	2150
f 2763 	2150 	2765
f 2171 	2536 	2764
f 2765 	2666 	2686
f 2764 	2473 	2760
f 2763 	2765 	558
f 2473 	2764 	2474
f 2764 	2536 	2474
f 2686 	2769 	2765
f 2765 	2769 	558
f 2776 	2769 	2686
f 2771 	2766 	2773
f 2770 	2771 	2773
f 2759 	2774 	2772
f 2755 	2756 	2775
f 558 	2769 	565
f 2548 	2768 	2770
f 2547 	2768 	2548
f 2769 	704 	565
f 2759 	2776 	2686
f 2770 	2773 	2549
f 2770 	2549 	2548
f 2773 	2550 	2549
f 2776 	2759 	2772
f 2766 	2777 	2773
f 2776 	704 	2769
f 2777 	2766 	2775
f 2777 	2775 	2756
f 2776 	2772 	3516
f 2550 	2773 	2777
f 704 	2776 	3516
f 2753 	2550 	2777
f 2767 	2778 	2774
f 2774 	2778 	2772
f 2777 	2756 	2753
f 2780 	2781 	2782
f 2835 	2836 	2791
f 2814 	2099 	2785
f 2814 	2785 	2786
f 2788 	2786 	2785
f 2788 	2742 	2787
f 2785 	2742 	2788
f 1497 	2835 	2791
f 2791 	2790 	2787
f 2790 	2789 	2788
f 2789 	2825 	2786
f 1485 	2791 	2787
f 2788 	2789 	2786
f 2787 	2790 	2788
f 2829 	2653 	2828
f 2666 	2792 	2686
f 2794 	2759 	2792
f 2793 	2774 	2794
f 2774 	2759 	2794
f 2668 	2870 	2871
f 2793 	2767 	2774
f 2797 	2767 	2793
f 2674 	2875 	2876
f 2974 	2767 	2797
f 2878 	2675 	2876
f 2798 	2974 	2797
f 2798 	2796 	2976
f 2974 	2798 	2976
f 2890 	2688 	2889
f 2406 	2478 	2475
f 3017 	2693 	3016
f 2808 	2807 	2351
f 2351 	2807 	2799
f 2801 	2639 	2804
f 2800 	2351 	2892
f 2806 	2646 	2805
f 2892 	2351 	3241
f 2638 	2637 	2804
f 2799 	2795 	2351
f 2643 	2890 	2809
f 2805 	2644 	2809
f 2801 	2810 	2641
f 2641 	2810 	2642
f 2649 	2648 	2821
f 2830 	2655 	2829
f 2815 	2099 	2814
f 2819 	2815 	2816
f 2814 	2816 	2815
f 2818 	2914 	2817
f 2824 	2825 	2791
f 2790 	2791 	2825
f 2789 	2790 	2825
f 2649 	2821 	2826
f 2824 	2823 	2817
f 2651 	2650 	2827
f 2814 	2825 	2816
f 2786 	2825 	2814
f 2651 	2827 	2828
f 2822 	2817 	2823
f 2822 	2818 	2817
f 2818 	2822 	2836
f 2824 	2816 	2825
f 2824 	2817 	2815
f 2824 	2815 	2819
f 2824 	2819 	2816
f 2810 	2801 	2839
f 2914 	2099 	2815
f 2658 	2657 	2832
f 2659 	2658 	2833
f 2832 	2833 	2658
f 2818 	2831 	2914
f 2815 	2817 	2914
f 2659 	2833 	2834
f 2836 	2822 	2791
f 2822 	2823 	2791
f 2823 	2824 	2791
f 2831 	2836 	2835
f 2835 	1497 	2831
f 2662 	2661 	2838
f 2818 	2836 	2831
f 2803 	2839 	2804
f 2804 	2839 	2801
f 2805 	2839 	2806
f 2839 	2803 	2806
f 2805 	2809 	2839
f 2954 	2977 	2099
f 2099 	2977 	2112
f 2752 	1879 	1891
f 1887 	1891 	1889
f 1890 	1891 	1885
f 1887 	1885 	1891
f 1888 	1891 	1879
f 1891 	1890 	2329
f 2328 	1891 	2327
f 2842 	2546 	2843
f 2329 	2327 	1891
f 2752 	1891 	3301
f 1747 	1651 	2845
f 2845 	1738 	2142
f 2545 	2842 	2846
f 2142 	1738 	2143
f 2845 	2850 	1747
f 2847 	1747 	2850
f 2845 	2848 	2850
f 2848 	2845 	2142
f 2370 	2848 	2142
f 2478 	2169 	2475
f 2478 	3369 	3370
f 2885 	2847 	2850
f 2169 	2478 	3370
f 2469 	2851 	2330
f 2475 	2851 	2469
f 1769 	1768 	2851
f 2330 	2851 	1768
f 1549 	2851 	2169
f 2851 	1549 	1769
f 1757 	1876 	2855
f 1876 	2847 	2855
f 2811 	3271 	2808
f 2847 	1876 	1747
f 2852 	2854 	2853
f 1757 	2855 	2852
f 2854 	2852 	2855
f 2855 	2847 	2857
f 2856 	2212 	2211
f 3280 	2856 	3279
f 2910 	2853 	2854
f 2855 	2857 	2854
f 2864 	2860 	2862
f 2863 	2864 	2862
f 2861 	2862 	2860
f 2860 	2858 	2861
f 2862 	2865 	2863
f 2863 	2865 	2866
f 2668 	2667 	2870
f 2670 	2669 	2872
f 2872 	2873 	2670
f 2850 	2848 	2897
f 2875 	2673 	3018
f 2848 	2877 	2897
f 2370 	2877 	2848
f 2880 	2677 	2879
f 2881 	2678 	2880
f 2372 	2877 	2370
f 2886 	2682 	2884
f 2885 	2850 	2897
f 2685 	2888 	2687
f 2687 	2889 	2688
f 2811 	2802 	3264
f 2891 	2928 	3114
f 3271 	2811 	3264
f 2859 	2893 	3100
f 3240 	2800 	2892
f 3114 	2894 	3110
f 2781 	2784 	2782
f 2784 	2783 	2782
f 2895 	2975 	2812
f 2885 	2896 	2883
f 2784 	2895 	2783
f 2895 	2812 	2538
f 2885 	2897 	2896
f 2895 	2538 	2783
f 2897 	2877 	2898
f 2538 	2812 	2539
f 2896 	2897 	2898
f 2372 	2901 	2877
f 2899 	2539 	2812
f 2447 	2901 	2372
f 2813 	2541 	2899
f 2900 	2883 	2896
f 2539 	2899 	2541
f 2813 	2768 	2547
f 2541 	2813 	2547
f 2877 	2901 	2898
f 2857 	2847 	2885
f 2910 	2903 	2853
f 2854 	2907 	2910
f 2906 	2902 	2781
f 2907 	2854 	2857
f 2904 	2906 	2781
f 2857 	2883 	2907
f 2902 	2784 	2781
f 2857 	2885 	2883
f 2902 	3158 	2908
f 2902 	2908 	2784
f 2903 	2909 	2913
f 2784 	2908 	2895
f 2909 	2903 	2910
f 2910 	2907 	2911
f 1230 	1228 	2905
f 2909 	2910 	2911
f 2907 	2883 	2916
f 1228 	1745 	2912
f 2900 	2916 	2883
f 2831 	1499 	1511
f 1489 	1499 	2831
f 1511 	2917 	2831
f 2917 	1511 	1513
f 2938 	1525 	1523
f 1526 	2938 	1523
f 2917 	2915 	2831
f 2907 	2916 	2911
f 2914 	2831 	2915
f 3057 	2911 	2916
f 2919 	2920 	2939
f 2920 	1513 	2939
f 1525 	2939 	1513
f 2900 	3059 	2916
f 2919 	2918 	2917
f 2917 	2918 	2915
f 2920 	2919 	2917
f 2917 	1513 	2920
f 2925 	2915 	2918
f 2914 	2921 	2099
f 2923 	2914 	2922
f 2922 	2914 	2915
f 2921 	2914 	2923
f 2898 	2901 	3029
f 2925 	2918 	2939
f 2918 	2919 	2939
f 2924 	2923 	2922
f 2925 	2924 	2922
f 2447 	3030 	2901
f 2915 	2925 	2922
f 2923 	2924 	2921
f 2912 	2904 	2905
f 2912 	2906 	2904
f 1228 	2912 	2905
f 2905 	2904 	2779
f 2894 	3114 	2928
f 2905 	2779 	1119
f 2904 	2780 	2779
f 2904 	2781 	2780
f 2402 	2894 	2928
f 1119 	1230 	2905
f 2928 	2408 	2402
f 2928 	3457 	2408
f 2357 	2331 	2893
f 2357 	2893 	2405
f 2859 	2931 	2893
f 2894 	2931 	2859
f 2932 	2929 	3080
f 3080 	3048 	2771
f 2771 	2932 	3080
f 2866 	2993 	2863
f 2402 	2931 	2894
f 2813 	2899 	2930
f 2893 	2931 	2405
f 2931 	2402 	2406
f 2936 	2929 	2932
f 2813 	2930 	2936
f 2405 	2931 	2406
f 2938 	2949 	2927
f 2927 	2947 	2926
f 2941 	2946 	2940
f 2939 	2940 	2946
f 2946 	2924 	2939
f 3576 	2856 	3281
f 2941 	2927 	2926
f 2940 	2939 	2938
f 2939 	1525 	2938
f 3581 	2856 	3580
f 2940 	2938 	2927
f 2927 	2941 	2940
f 2921 	2942 	2099
f 2947 	2099 	2942
f 3580 	2856 	3587
f 2921 	2943 	2942
f 2430 	2856 	2427
f 2936 	2932 	2768
f 2856 	3581 	3582
f 2429 	2856 	3584
f 2813 	2936 	2768
f 2932 	2770 	2768
f 3584 	2856 	3710
f 2770 	2932 	2771
f 2427 	2856 	2429
f 2219 	2856 	2220
f 2214 	2856 	2213
f 2213 	2856 	2428
f 2428 	2856 	2430
f 2223 	2856 	2214
f 2220 	2856 	2223
f 2204 	2210 	2856
f 2208 	2856 	2215
f 2222 	2856 	2219
f 2215 	2856 	2222
f 2209 	2856 	2208
f 2204 	2856 	2209
f 2212 	2856 	2210
f 2942 	2944 	2947
f 2944 	2926 	2947
f 2924 	2925 	2939
f 2941 	2926 	2944
f 2946 	2941 	2944
f 2531 	2856 	2530
f 2921 	2924 	2943
f 2943 	2924 	2946
f 2944 	2942 	2946
f 2943 	2946 	2942
f 2206 	2856 	2211
f 2117 	2856 	2113
f 2949 	2957 	2927
f 2118 	2856 	2206
f 2113 	2856 	2118
f 2530 	2856 	2117
f 2532 	2856 	2531
f 2856 	2532 	2537
f 2534 	2856 	2537
f 2843 	2856 	2842
f 1526 	1530 	2938
f 2842 	2856 	2846
f 1533 	2952 	1530
f 2535 	2856 	2534
f 1537 	1538 	2977
f 2846 	2856 	2535
f 2952 	1533 	1544
f 1544 	1537 	2968
f 3426 	2856 	2844
f 2948 	2938 	1530
f 2849 	2856 	2843
f 2844 	2856 	2849
f 2952 	2948 	1530
f 3428 	2856 	3426
f 3444 	2856 	3428
f 3452 	2856 	3444
f 2948 	2949 	2938
f 2952 	2951 	2949
f 2952 	2949 	2948
f 2937 	2953 	2950
f 2947 	2955 	2099
f 2954 	2099 	2955
f 1771 	1780 	2950
f 1772 	2950 	2953
f 1772 	2953 	1773
f 2956 	2947 	2957
f 1771 	2950 	1772
f 1773 	2953 	1776
f 2955 	2947 	2956
f 2958 	2954 	2955
f 2947 	2927 	2957
f 2961 	2962 	2969
f 2962 	2951 	2969
f 2951 	2952 	2969
f 1544 	2969 	2952
f 2956 	2957 	2962
f 2962 	2961 	2956
f 2962 	2949 	2951
f 2957 	2949 	2962
f 2956 	2961 	2955
f 2954 	2961 	2960
f 2958 	2955 	2961
f 2958 	2961 	2954
f 2959 	2963 	2964
f 2934 	2863 	2993
f 2935 	2934 	2993
f 2966 	2977 	2965
f 2954 	2965 	2977
f 2967 	2968 	2977
f 2966 	2967 	2977
f 2795 	2799 	2983
f 2971 	2960 	2970
f 2969 	2970 	2960
f 2960 	2961 	2969
f 2960 	2971 	2965
f 2966 	2965 	2971
f 2968 	2967 	2969
f 2799 	2972 	2983
f 2970 	2969 	2967
f 2971 	2970 	2966
f 2807 	2972 	2799
f 1544 	2968 	2969
f 2960 	2965 	2954
f 2807 	2973 	2972
f 2966 	2970 	2967
f 2808 	2973 	2807
f 3271 	2973 	2808
f 2968 	1537 	2977
f 2980 	2112 	2977
f 2977 	606 	2978
f 2979 	2980 	2978
f 2980 	2977 	2978
f 2795 	2982 	2796
f 3176 	2981 	2975
f 2796 	2982 	2976
f 2981 	2945 	2985
f 2975 	2981 	2985
f 2945 	2930 	2985
f 2795 	2983 	2982
f 2945 	2984 	2930
f 2936 	2984 	2929
f 2936 	2930 	2984
f 2895 	2908 	2975
f 2975 	2985 	2812
f 2985 	2930 	2899
f 3302 	2862 	2861
f 2812 	2985 	2899
f 3303 	2858 	2860
f 2864 	2988 	2860
f 2986 	2989 	2991
f 2988 	2864 	2863
f 2989 	2986 	2990
f 2990 	2987 	2995
f 3002 	2934 	2935
f 2989 	2990 	2995
f 2995 	2987 	2413
f 2413 	2987 	2414
f 2934 	3002 	2863
f 2992 	2933 	2994
f 2994 	2935 	2993
f 2933 	2935 	2994
f 2991 	2989 	3047
f 2995 	3051 	2989
f 2419 	2995 	2413
f 2862 	3302 	3309
f 2862 	3309 	2865
f 3309 	3310 	2865
f 3310 	2866 	2865
f 2993 	2866 	3311
f 2993 	3311 	3328
f 3505 	3506 	2998
f 2994 	3330 	2992
f 2999 	2996 	3024
f 3192 	3000 	3074
f 2988 	2863 	3308
f 3000 	3001 	3075
f 3074 	3000 	3075
f 2963 	2937 	2964
f 3004 	3005 	3006
f 3005 	3011 	3006
f 3007 	3008 	3005
f 3007 	3005 	3004
f 2950 	2964 	2937
f 3010 	2964 	2950
f 3003 	3011 	3200
f 3003 	3006 	3011
f 1778 	4617 	3010
f 1778 	3010 	1779
f 3010 	2950 	1780
f 3011 	3005 	3012
f 1779 	3010 	1780
f 3009 	3011 	3012
f 3005 	3008 	3042
f 3012 	3005 	3042
f 2690 	3013 	3014
f 3015 	2691 	3014
f 2986 	3042 	3008
f 3016 	2692 	3015
f 2694 	3017 	3018
f 3009 	3012 	3019
f 3009 	3019 	3001
f 3012 	3020 	3019
f 2830 	2829 	2839
f 2829 	2828 	2839
f 2828 	2827 	2839
f 2827 	2826 	2839
f 2826 	2821 	2839
f 2821 	2820 	2839
f 2810 	2839 	2820
f 2840 	2839 	2832
f 2880 	2879 	2839
f 2838 	2837 	2839
f 2837 	2834 	2839
f 2833 	2839 	2834
f 2832 	2839 	2833
f 3504 	3510 	2999
f 2809 	2890 	2839
f 2830 	2839 	2840
f 2996 	2999 	3510
f 2841 	2839 	2867
f 2868 	2867 	2839
f 2838 	2839 	2841
f 2868 	2839 	2869
f 2874 	2839 	3013
f 2873 	2839 	2874
f 2872 	2839 	2873
f 2871 	2839 	2872
f 2870 	2839 	2871
f 2869 	2839 	2870
f 2875 	2839 	2876
f 3018 	2839 	2875
f 2876 	2839 	2878
f 3017 	2839 	3018
f 2889 	2839 	2890
f 2888 	2839 	2889
f 2887 	2839 	2888
f 2886 	2839 	2887
f 2884 	2839 	2886
f 2884 	2882 	2839
f 2881 	2839 	2882
f 2880 	2839 	2881
f 2996 	3510 	3511
f 3016 	2839 	3017
f 3015 	2839 	3016
f 2879 	2878 	2839
f 3014 	2839 	3015
f 3013 	2839 	3014
f 476 	3665 	449
f 3511 	3658 	2996
f 3655 	2258 	449
f 94 	324 	2244
f 2980 	2979 	3662
f 631 	123 	2272
f 2270 	120 	3730
f 3024 	606 	3023
f 3021 	606 	3024
f 2978 	606 	3021
f 3023 	606 	3022
f 679 	3022 	678
f 679 	677 	3022
f 3880 	1285 	1279
f 2979 	2978 	3021
f 2996 	2979 	3021
f 2283 	138 	1093
f 3023 	3022 	2998
f 2999 	3024 	3023
f 2999 	3023 	2998
f 3655 	449 	3665
f 3021 	3024 	2996
f 476 	112 	3665
f 105 	449 	2258
f 495 	631 	3730
f 3026 	3022 	3025
f 3735 	631 	2272
f 3022 	3026 	2997
f 3739 	128 	2277
f 2282 	126 	639
f 3022 	2997 	2998
f 3036 	2491 	3038
f 3026 	3719 	2997
f 678 	3022 	606
f 2898 	3027 	2896
f 2896 	3027 	2900
f 3027 	2898 	3029
f 3027 	3061 	2900
f 3029 	2901 	3030
f 3028 	3027 	3029
f 3043 	3028 	3029
f 3029 	3030 	3043
f 2491 	3036 	2447
f 2447 	3036 	3030
f 3030 	3036 	3044
f 3036 	3038 	3049
f 3035 	3066 	3037
f 3031 	3257 	3066
f 3257 	3256 	3066
f 3033 	3066 	3034
f 3034 	3066 	3035
f 3044 	3036 	3049
f 2499 	3038 	2491
f 3046 	3038 	2499
f 3012 	3042 	3020
f 2991 	3042 	2986
f 2991 	3020 	3042
f 3030 	3044 	3043
f 3019 	3020 	3077
f 3020 	3045 	3077
f 2497 	3046 	2499
f 3045 	3020 	2991
f 3046 	2497 	3041
f 3047 	3045 	2991
f 3051 	3047 	2989
f 3055 	3077 	3045
f 3077 	3055 	3048
f 3050 	3045 	3047
f 3050 	3055 	3045
f 3044 	3049 	3352
f 3038 	3052 	3049
f 3051 	3053 	3070
f 3046 	3052 	3038
f 2419 	3051 	2995
f 3051 	2419 	3053
f 2422 	3053 	2419
f 3046 	3041 	3054
f 3046 	3054 	3052
f 2766 	2771 	3048
f 3054 	3041 	3980
f 4054 	3054 	3980
f 2913 	2909 	3064
f 3039 	3062 	1343
f 3062 	3060 	1343
f 2913 	3064 	3063
f 1347 	3056 	1348
f 3059 	3057 	2916
f 3059 	2900 	3061
f 3028 	3061 	3027
f 3256 	3255 	3066
f 3066 	3033 	3032
f 3032 	3031 	3066
f 3062 	3066 	3060
f 3259 	3066 	3260
f 3258 	3066 	3259
f 3222 	3066 	3220
f 3576 	3587 	2856
f 3143 	3066 	3142
f 3145 	3066 	3143
f 3058 	3066 	3056
f 3060 	3066 	3058
f 3218 	3066 	3212
f 3039 	3037 	3066
f 3095 	3093 	3066
f 3066 	3218 	3217
f 3066 	3217 	3220
f 3039 	3066 	3062
f 3880 	1279 	3877
f 3758 	1232 	3753
f 3068 	3065 	3072
f 3067 	3068 	3072
f 2766 	3048 	3055
f 3065 	2331 	3072
f 2775 	3055 	3050
f 2331 	3065 	3100
f 2766 	3055 	2775
f 3100 	2893 	2331
f 2755 	2775 	3050
f 3094 	3067 	3069
f 3047 	3070 	3050
f 3070 	3047 	3051
f 3067 	3071 	3069
f 3070 	2755 	3050
f 3067 	3072 	3071
f 3070 	3053 	2758
f 3072 	2331 	2354
f 2755 	3070 	2758
f 3098 	3073 	2937
f 3069 	3071 	2388
f 3073 	3069 	2388
f 3001 	3076 	3075
f 2388 	3071 	2389
f 3019 	3076 	3001
f 3071 	3072 	2354
f 2389 	3071 	2354
f 2937 	3073 	2953
f 3076 	3019 	3077
f 3073 	2388 	2953
f 3117 	3082 	3079
f 3074 	3075 	2929
f 2929 	2984 	3074
f 3075 	3076 	3080
f 3080 	2929 	3075
f 3076 	3077 	3048
f 3048 	3080 	3076
f 3078 	3079 	3082
f 3082 	3091 	3081
f 3084 	3082 	3117
f 3082 	3084 	3091
f 3081 	3089 	3087
f 3081 	3091 	3089
f 3091 	3094 	3089
f 3091 	3084 	3097
f 3212 	3066 	3088
f 3090 	3088 	3066
f 3092 	3090 	3066
f 3261 	3270 	3066
f 3096 	3095 	3066
f 3093 	3092 	3066
f 3091 	3097 	3094
f 3067 	3094 	3097
f 3067 	3097 	3068
f 3087 	3089 	2963
f 2963 	2959 	3087
f 3089 	3094 	3098
f 2963 	3089 	3098
f 3098 	3094 	3069
f 2937 	2963 	3098
f 3098 	3069 	3073
f 3068 	3126 	3065
f 3065 	3126 	3099
f 3100 	3065 	3099
f 3099 	3101 	3100
f 3100 	3101 	2859
f 3110 	2859 	3101
f 3110 	2894 	2859
f 3083 	3103 	3102
f 3101 	3099 	3141
f 3121 	3113 	3106
f 3105 	3101 	3141
f 3110 	3105 	3104
f 3108 	1684 	3109
f 3107 	3108 	3111
f 3111 	3108 	3109
f 3108 	3112 	3118
f 3110 	3101 	3105
f 3106 	3113 	3107
f 3104 	3114 	3110
f 3107 	3113 	3108
f 3108 	3113 	3112
f 3104 	3115 	3114
f 3115 	3497 	2891
f 3108 	3118 	1684
f 3114 	3115 	2891
f 3118 	1563 	1684
f 3118 	3112 	3085
f 3118 	3085 	3116
f 1563 	3118 	3116
f 3152 	3116 	3085
f 4732 	3117 	3079
f 3117 	3119 	3084
f 3119 	3120 	3125
f 3202 	3124 	3123
f 3084 	3119 	3125
f 3120 	3126 	3125
f 3121 	3127 	3113
f 3122 	3127 	3121
f 3122 	3123 	3127
f 3124 	3127 	3123
f 3127 	3128 	3113
f 3083 	3127 	3124
f 3097 	3084 	3125
f 3128 	3127 	3083
f 3125 	3126 	3068
f 3097 	3125 	3068
f 3112 	3086 	3085
f 3128 	3112 	3113
f 3086 	3112 	3128
f 3128 	3083 	3102
f 3222 	3131 	3066
f 1350 	3135 	3136
f 3117 	3129 	3119
f 3135 	1350 	3040
f 1362 	3142 	1363
f 3133 	3119 	3129
f 3131 	3134 	3066
f 3133 	3130 	3120
f 1361 	3136 	3143
f 3119 	3133 	3120
f 3143 	3142 	1361
f 3138 	3120 	3130
f 3134 	1364 	3137
f 3140 	3136 	3135
f 3134 	3137 	3066
f 3130 	3139 	3138
f 3135 	3040 	3140
f 3141 	3139 	3132
f 3136 	3140 	3143
f 3138 	3139 	3141
f 1362 	1361 	3142
f 3137 	1363 	3142
f 3137 	3142 	3066
f 3530 	2982 	2983
f 3140 	3145 	3143
f 3040 	3145 	3140
f 3040 	3066 	3145
f 3066 	3040 	3056
f 3086 	3128 	3102
f 3179 	3147 	2199
f 3805 	1269 	1285
f 3116 	3152 	3149
f 3150 	3085 	3086
f 1093 	3746 	2283
f 3152 	3085 	3150
f 3116 	3149 	1678
f 3149 	1746 	1678
f 3149 	3152 	3151
f 4123 	1693 	1707
f 3152 	3150 	3158
f 3151 	3152 	3158
f 2153 	1831 	2056
f 3150 	3176 	3158
f 2153 	2154 	1831
f 2902 	2906 	3151
f 3155 	3304 	3156
f 3151 	3158 	2902
f 3176 	2908 	3158
f 3164 	3173 	3304
f 3160 	3159 	3304
f 3161 	3160 	3304
f 3159 	3164 	3304
f 3151 	3166 	3149
f 3149 	3166 	1746
f 1746 	3166 	1745
f 3166 	3151 	2906
f 3166 	2906 	2912
f 2912 	1745 	3166
f 3177 	3150 	3086
f 3148 	2198 	2202
f 3177 	3086 	3102
f 2198 	3148 	3179
f 3103 	3174 	3102
f 1384 	3148 	2202
f 3223 	3144 	3224
f 3224 	3144 	3175
f 3174 	3177 	3102
f 3150 	3177 	3176
f 3177 	3174 	2981
f 3147 	1382 	3146
f 3176 	3177 	2981
f 2945 	2981 	3174
f 1382 	1676 	3146
f 1382 	3147 	1388
f 3103 	3178 	3174
f 3174 	3178 	2945
f 3179 	1388 	3147
f 3178 	2984 	2945
f 1391 	3179 	3148
f 3178 	3074 	2984
f 3179 	1391 	1388
f 2908 	3176 	2975
f 3184 	3188 	3183
f 3185 	3184 	3183
f 3180 	3188 	3203
f 3180 	3183 	3188
f 3188 	3184 	3193
f 3187 	3188 	3193
f 3184 	3191 	3193
f 3185 	3199 	3184
f 3184 	3198 	3191
f 3103 	3083 	3187
f 3187 	3192 	3103
f 3187 	3193 	3192
f 3193 	3191 	3000
f 3000 	3192 	3193
f 3000 	3191 	3001
f 3181 	3221 	3194
f 3009 	3191 	3198
f 3001 	3191 	3009
f 3181 	3213 	3221
f 3197 	3198 	3199
f 3213 	3181 	3195
f 3198 	3184 	3199
f 3200 	3198 	3197
f 3195 	3196 	3216
f 3196 	3144 	3216
f 3198 	3200 	3011
f 3009 	3198 	3011
f 3144 	3196 	3201
f 3202 	3203 	3124
f 3188 	3124 	3203
f 3190 	3175 	3201
f 3124 	3187 	3083
f 3187 	3124 	3188
f 3178 	3103 	3192
f 3201 	3175 	3144
f 3178 	3192 	3074
f 3190 	3189 	3146
f 3204 	3205 	3206
f 3207 	3208 	3209
f 3146 	3175 	3190
f 3209 	3208 	3205
f 3209 	3205 	3204
f 3210 	3230 	3208
f 3210 	3208 	3207
f 3147 	3189 	2199
f 2464 	3230 	3210
f 3146 	3189 	3147
f 3211 	3186 	3194
f 3221 	3211 	3194
f 3216 	3213 	3195
f 3219 	3215 	3214
f 3219 	3214 	3131
f 3222 	3220 	3215
f 3222 	3215 	3219
f 3219 	3131 	3222
f 3221 	3232 	3229
f 1336 	1335 	3033
f 3144 	3223 	3216
f 1337 	3034 	1338
f 3035 	1339 	3034
f 3060 	1344 	1343
f 1676 	3175 	3146
f 1344 	3060 	3058
f 1347 	1346 	3056
f 1676 	3224 	3175
f 3226 	3216 	3223
f 3090 	1352 	3088
f 3226 	3223 	3227
f 3225 	3226 	3227
f 1679 	3223 	3224
f 3227 	3223 	1679
f 1679 	3224 	1675
f 1675 	3224 	1676
f 3131 	1365 	3134
f 3225 	3227 	3704
f 3704 	3227 	1872
f 3227 	1679 	1872
f 3218 	1371 	3217
f 3211 	3229 	3228
f 3229 	3211 	3221
f 3232 	3221 	3213
f 2986 	3008 	3205
f 3205 	3208 	2990
f 2986 	3205 	2990
f 2987 	2990 	3208
f 3213 	3216 	3226
f 2471 	3230 	2465
f 2464 	2465 	3230
f 3230 	2987 	3208
f 3231 	3228 	3229
f 3230 	2414 	2987
f 2414 	3230 	2471
f 3233 	3008 	3007
f 3206 	3205 	3008
f 3206 	3008 	3233
f 3235 	3232 	3225
f 2073 	1939 	3330
f 1941 	3330 	1939
f 3226 	3232 	3213
f 900 	902 	2159
f 3225 	3232 	3226
f 3699 	3231 	3764
f 3229 	3235 	3231
f 3235 	3229 	3232
f 3225 	3702 	3235
f 2802 	2800 	3274
f 3240 	3274 	2800
f 3131 	1366 	1365
f 3241 	3239 	3250
f 3244 	3022 	3243
f 3239 	3245 	3250
f 3239 	3182 	3245
f 3246 	3182 	3186
f 3245 	3182 	3246
f 3211 	3246 	3186
f 3248 	1588 	3243
f 3240 	2892 	3249
f 3249 	2892 	3241
f 3248 	3243 	3242
f 3250 	3249 	3241
f 3242 	3247 	3248
f 1588 	3244 	3243
f 3025 	3022 	3244
f 677 	3242 	3022
f 37 	4108 	3244
f 40 	37 	3244
f 3250 	3432 	3249
f 1320 	1319 	3257
f 3260 	3066 	3251
f 3255 	3254 	3066
f 3253 	3252 	3066
f 3251 	3066 	3252
f 3066 	3263 	3262
f 3261 	3066 	3262
f 3254 	3253 	3066
f 3263 	3066 	3258
f 3268 	3066 	3269
f 3270 	3269 	3066
f 3267 	3066 	3268
f 3266 	3066 	3267
f 3265 	3066 	3266
f 3096 	3066 	3265
f 3271 	3598 	2973
f 3271 	3264 	3272
f 3598 	3271 	3272
f 3272 	3264 	3273
f 2802 	3274 	3264
f 3273 	3264 	3274
f 3274 	3240 	3412
f 1328 	3269 	1329
f 37 	34 	4108
f 3244 	1588 	40
f 2105 	3392 	3393
f 3393 	3401 	2105
f 898 	3238 	956
f 3237 	898 	3236
f 3237 	3238 	898
f 3234 	898 	3278
f 3276 	3277 	898
f 898 	3284 	3275
f 3280 	3285 	2856
f 3285 	3281 	2856
f 3284 	898 	3283
f 2856 	3452 	3454
f 2856 	3454 	3279
f 3283 	898 	3282
f 3282 	898 	3288
f 3288 	898 	3287
f 3172 	3171 	3304
f 3170 	3304 	3171
f 3173 	3172 	3304
f 3169 	3304 	3170
f 3168 	3304 	3169
f 171 	1909 	170
f 1096 	170 	1909
f 163 	1909 	164
f 1095 	1096 	1909
f 3305 	3346 	3290
f 2588 	3298 	3300
f 3297 	3299 	3309
f 3318 	3309 	3299
f 3295 	3304 	3298
f 3300 	3298 	3304
f 3293 	3304 	3295
f 3293 	3292 	3304
f 3292 	3291 	3304
f 3291 	3157 	3304
f 3157 	3156 	3304
f 2112 	2980 	3410
f 3167 	3304 	3168
f 2997 	3719 	3507
f 3302 	2861 	3301
f 3155 	3154 	3304
f 3304 	3153 	3163
f 3167 	3165 	3304
f 3163 	3162 	3304
f 3303 	3305 	3290
f 3306 	3303 	2860
f 2988 	3308 	3306
f 2988 	3306 	2860
f 3161 	3304 	3162
f 3346 	3308 	2863
f 3303 	3306 	3307
f 3303 	3307 	3305
f 3306 	3308 	3307
f 3308 	3346 	3307
f 3294 	3296 	3301
f 3309 	3302 	3297
f 3307 	3346 	3305
f 3431 	3304 	3427
f 3310 	3311 	2866
f 3336 	3304 	3333
f 3337 	3304 	3336
f 3338 	3304 	3337
f 3297 	3302 	3296
f 3302 	3301 	3296
f 3339 	3304 	3338
f 3309 	3318 	3317
f 3342 	3304 	3339
f 3309 	3317 	3310
f 3317 	3320 	3310
f 3321 	3304 	3342
f 3322 	3304 	3321
f 3313 	2933 	3315
f 3316 	3300 	3304
f 3154 	3153 	3304
f 3165 	3409 	3304
f 3420 	3304 	3421
f 2935 	2933 	3313
f 3312 	3002 	3313
f 3327 	3316 	3304
f 3312 	3346 	3002
f 2863 	3002 	3346
f 3312 	3314 	3346
f 2935 	3313 	3002
f 3314 	3312 	3313
f 3315 	3334 	3314
f 3313 	3315 	3314
f 3304 	3322 	3327
f 3314 	3334 	3346
f 3421 	3304 	3416
f 3319 	3310 	3320
f 3317 	3348 	3320
f 2994 	2993 	3328
f 2994 	3328 	3329
f 3329 	3330 	2994
f 3329 	3328 	3325
f 3311 	3326 	3328
f 3310 	3319 	3311
f 3319 	3326 	3311
f 3325 	3324 	3329
f 3324 	3323 	3329
f 3330 	3329 	3323
f 2073 	3330 	3323
f 3326 	3325 	3328
f 3318 	3348 	3317
f 3296 	3344 	3297
f 3299 	3297 	3344
f 2599 	3332 	3337
f 2079 	2073 	3323
f 2933 	1895 	3315
f 3335 	3332 	3331
f 1944 	3334 	3315
f 3332 	3335 	3337
f 3337 	3336 	2599
f 1892 	3346 	1894
f 3324 	3353 	3323
f 3318 	3347 	3348
f 3349 	3319 	3320
f 3338 	3335 	3339
f 3349 	3350 	3319
f 3331 	3339 	3335
f 3335 	3338 	3337
f 3299 	3341 	3318
f 3357 	3319 	3350
f 3324 	3325 	3353
f 2594 	2593 	3342
f 1892 	1893 	3346
f 3339 	2595 	3342
f 2233 	2236 	3341
f 2234 	2233 	3340
f 2233 	3343 	3340
f 3064 	3364 	3063
f 3343 	3344 	3296
f 3340 	3343 	3296
f 3345 	2909 	2911
f 3340 	3296 	3294
f 3064 	2909 	3345
f 3343 	2233 	3344
f 3344 	2233 	3341
f 3057 	3345 	2911
f 3299 	3344 	3341
f 3361 	3345 	3057
f 3347 	3341 	2236
f 2236 	3348 	3347
f 3349 	3320 	3348
f 3347 	3318 	3341
f 2236 	2235 	3348
f 3351 	3028 	3043
f 3044 	3359 	3043
f 2240 	2239 	3354
f 3352 	3359 	3044
f 3352 	3049 	3355
f 3353 	3354 	2239
f 3353 	3356 	3323
f 3052 	3355 	3049
f 3354 	3357 	2240
f 3348 	2235 	3349
f 3052 	4053 	3355
f 3326 	3357 	3325
f 3354 	3325 	3357
f 3054 	4053 	3052
f 2240 	3357 	3350
f 2240 	3350 	2235
f 2079 	3356 	2238
f 3326 	3319 	3357
f 2238 	3356 	3353
f 2238 	3353 	2239
f 3028 	3358 	3061
f 3350 	3349 	2235
f 3351 	3358 	3028
f 3323 	3356 	2079
f 3362 	3059 	3061
f 3353 	3325 	3354
f 3358 	3362 	3061
f 2998 	2997 	3509
f 3043 	3359 	3351
f 171 	164 	1909
f 175 	3367 	179
f 3507 	3509 	2997
f 2998 	3509 	3505
f 3059 	3360 	3057
f 3361 	3057 	3360
f 3658 	3659 	2979
f 2979 	2996 	3658
f 2979 	3659 	3662
f 3719 	3026 	3720
f 3059 	3362 	3360
f 3034 	1337 	3033
f 3063 	3364 	3363
f 3064 	3365 	3364
f 3365 	3064 	3345
f 3361 	3365 	3345
f 177 	1909 	178
f 179 	3367 	177
f 167 	1909 	163
f 178 	1909 	167
f 224 	3367 	219
f 227 	3367 	225
f 1909 	177 	3367
f 219 	3367 	175
f 224 	225 	3367
f 3367 	227 	233
f 238 	142 	237
f 233 	234 	3367
f 235 	237 	3367
f 234 	235 	3367
f 3286 	142 	506
f 505 	142 	503
f 505 	506 	142
f 3287 	898 	3286
f 3105 	3132 	3797
f 3141 	3132 	3105
f 3104 	3105 	3797
f 3120 	3138 	3126
f 503 	142 	502
f 498 	502 	142
f 3138 	3141 	3099
f 3126 	3138 	3099
f 516 	142 	515
f 516 	498 	142
f 514 	515 	142
f 507 	142 	536
f 507 	514 	142
f 2478 	2407 	3369
f 535 	142 	531
f 536 	142 	535
f 1782 	1551 	3370
f 3370 	3372 	1784
f 1782 	3370 	1784
f 579 	531 	142
f 3369 	3372 	3370
f 692 	579 	142
f 3373 	3372 	3369
f 1785 	1784 	3372
f 3372 	1786 	1785
f 3371 	3374 	3373
f 3373 	3374 	3372
f 1787 	1786 	3374
f 3372 	3374 	1786
f 1788 	1787 	3374
f 686 	142 	685
f 689 	142 	687
f 3374 	3377 	1788
f 692 	142 	690
f 686 	687 	142
f 685 	142 	694
f 694 	142 	693
f 693 	142 	601
f 595 	601 	142
f 3377 	3374 	3371
f 3376 	3377 	3371
f 1789 	1788 	3377
f 1790 	1789 	3377
f 3375 	3378 	3376
f 3376 	3378 	3377
f 3378 	3375 	3379
f 889 	142 	887
f 595 	142 	594
f 1791 	1790 	3378
f 3377 	3378 	1790
f 594 	142 	889
f 886 	887 	142
f 1799 	1792 	3379
f 3378 	3379 	1792
f 1791 	3378 	1792
f 885 	886 	142
f 893 	142 	238
f 836 	142 	894
f 3379 	1800 	1799
f 885 	142 	838
f 836 	838 	142
f 893 	894 	142
f 3367 	237 	142
f 1801 	1800 	3380
f 3379 	3380 	1800
f 3367 	142 	1909
f 690 	142 	689
f 3380 	1803 	1801
f 898 	20 	142
f 142 	3286 	898
f 3275 	3276 	898
f 3277 	3278 	898
f 3234 	3236 	898
f 1803 	3380 	4389
f 3040 	1348 	3056
f 1352 	3090 	1353
f 3092 	1354 	1353
f 3368 	3385 	3384
f 1884 	1882 	3386
f 1884 	3386 	3368
f 2852 	3386 	1882
f 3385 	3368 	3386
f 2853 	3386 	2852
f 1363 	3137 	1364
f 3386 	2853 	3385
f 3134 	1365 	1364
f 3217 	1370 	3220
f 1351 	3212 	3088
f 1309 	3247 	1308
f 3853 	1886 	3387
f 3247 	691 	1308
f 1316 	1315 	3253
f 1316 	3253 	3254
f 1318 	1317 	3255
f 1319 	1318 	3256
f 1320 	3257 	3031
f 3389 	3387 	3390
f 3388 	3389 	3390
f 3387 	3368 	3390
f 1886 	1884 	3387
f 3368 	3387 	1884
f 3368 	3384 	3390
f 3384 	3485 	3390
f 710 	4163 	1588
f 3248 	3247 	1309
f 1309 	1588 	3248
f 3385 	3436 	3384
f 3435 	3384 	3436
f 2903 	3436 	3385
f 3721 	1297 	3391
f 2903 	3385 	2853
f 3397 	3396 	3391
f 2103 	3397 	3392
f 2108 	2109 	3400
f 3401 	3391 	3399
f 2108 	3400 	3403
f 3399 	3391 	3400
f 3391 	270 	3400
f 3393 	3391 	3401
f 3392 	3397 	3391
f 3410 	3411 	2112
f 3416 	3304 	3402
f 3402 	3304 	3404
f 3405 	3404 	3304
f 3406 	3405 	3304
f 3407 	3406 	3304
f 3409 	3407 	3304
f 3396 	3408 	3391
f 3304 	3420 	3423
f 3411 	3391 	3408
f 3423 	3427 	3304
f 3410 	3391 	3411
f 3393 	3392 	3391
f 3272 	3273 	3611
f 3381 	3469 	3383
f 3274 	3412 	3273
f 3417 	2408 	3382
f 2408 	3417 	2407
f 3382 	3413 	3417
f 3382 	3414 	3413
f 3414 	3383 	3415
f 3413 	3414 	3415
f 1377 	3391 	1297
f 3478 	3415 	3383
f 3417 	3369 	2407
f 3373 	3417 	3413
f 3418 	3422 	3419
f 3417 	3373 	3369
f 3413 	3415 	3371
f 3373 	3413 	3371
f 2544 	2849 	2543
f 3427 	3422 	3418
f 2543 	2849 	2843
f 3376 	3371 	3415
f 3419 	3422 	3423
f 2849 	2544 	2844
f 3497 	3425 	2891
f 3759 	3425 	3497
f 2844 	2544 	3424
f 3424 	3289 	3426
f 3427 	3418 	3431
f 3423 	3422 	3427
f 3426 	2844 	3424
f 3289 	3428 	3426
f 3289 	3430 	3428
f 3430 	3444 	3428
f 3249 	3432 	3448
f 3441 	3245 	3246
f 3395 	3435 	3398
f 3441 	3438 	3245
f 3228 	3246 	3211
f 3228 	3441 	3246
f 1142 	3541 	3650
f 2913 	3436 	2903
f 3438 	3250 	3245
f 3250 	3438 	3432
f 3437 	3432 	3438
f 3438 	3439 	3437
f 3438 	3441 	3439
f 3442 	3395 	3398
f 3228 	3446 	3441
f 3439 	3441 	3446
f 3442 	3398 	3601
f 3601 	3398 	3602
f 3435 	3445 	3398
f 3440 	3443 	3454
f 3445 	3435 	3436
f 3452 	3440 	3454
f 3443 	3279 	3454
f 3602 	3398 	3445
f 3279 	3443 	3723
f 3723 	3731 	3280
f 3436 	2913 	3445
f 3445 	2913 	3063
f 3231 	3446 	3228
f 3446 	3231 	3699
f 3723 	3280 	3279
f 3412 	3240 	3448
f 3285 	3280 	3731
f 3448 	3240 	3249
f 3612 	3273 	3412
f 3440 	3450 	3525
f 3451 	3412 	3448
f 3450 	3440 	3452
f 3451 	3612 	3412
f 3450 	3452 	3444
f 3430 	3450 	3444
f 3448 	3432 	3455
f 3437 	3455 	3432
f 3612 	3451 	3618
f 3451 	3772 	3618
f 3448 	3455 	3451
f 3772 	3451 	3455
f 3437 	3773 	3455
f 3304 	3431 	3456
f 3457 	2891 	3425
f 2891 	3457 	2928
f 3304 	3456 	3333
f 3425 	3458 	3457
f 3425 	3459 	3458
f 2565 	2563 	3163
f 2565 	3163 	3153
f 3459 	3429 	3460
f 2567 	2566 	3154
f 3458 	3459 	3460
f 2568 	2567 	3155
f 3429 	3381 	3460
f 3429 	3462 	3381
f 3859 	3453 	3447
f 3639 	3447 	3453
f 3457 	3458 	3382
f 3453 	3449 	3640
f 3382 	2408 	3457
f 3458 	3460 	3414
f 3639 	3453 	3640
f 3382 	3458 	3414
f 3460 	3381 	3383
f 3640 	3449 	3394
f 3502 	3464 	3449
f 3383 	3414 	3460
f 3461 	3465 	3466
f 3461 	3466 	3463
f 3464 	3394 	3449
f 3468 	3465 	3467
f 3461 	3467 	3465
f 3394 	3464 	3442
f 3486 	3470 	3462
f 3442 	3464 	3395
f 3462 	3470 	3381
f 3467 	3477 	3471
f 3468 	3467 	3471
f 3381 	3470 	3469
f 3463 	3466 	3473
f 3472 	3463 	3473
f 3469 	3470 	3482
f 3478 	3383 	3469
f 2585 	3293 	3295
f 3474 	3479 	3480
f 3484 	3469 	3482
f 3575 	3479 	3481
f 3474 	3481 	3479
f 3482 	3476 	3483
f 3575 	3481 	3577
f 2592 	2591 	3322
f 3484 	3482 	3483
f 3322 	3321 	2592
f 2593 	2592 	3321
f 3483 	3476 	4365
f 3321 	3342 	2593
f 3590 	3475 	3388
f 3331 	3332 	2597
f 3376 	3415 	3478
f 3331 	2597 	3339
f 3376 	3478 	3375
f 3469 	3484 	3478
f 3388 	3485 	3590
f 3485 	3388 	3390
f 3375 	3478 	3484
f 3484 	3483 	4368
f 3484 	4368 	3375
f 2596 	3339 	2597
f 3333 	2601 	3336
f 3418 	3419 	2605
f 2604 	3431 	2605
f 3486 	3489 	3470
f 3486 	3788 	3490
f 3486 	3490 	3489
f 3402 	2627 	3416
f 3404 	2628 	3402
f 2629 	3404 	3405
f 3407 	2633 	3406
f 3487 	3492 	3491
f 3933 	1425 	1422
f 4074 	4076 	1665
f 3470 	3489 	3482
f 3489 	3476 	3482
f 1689 	4120 	1665
f 3487 	3493 	3490
f 3490 	3493 	3489
f 3493 	3487 	3491
f 4356 	1795 	1861
f 3489 	3493 	3476
f 5050 	5013 	2192
f 3154 	3155 	2567
f 3155 	3156 	2568
f 2582 	2571 	3291
f 3810 	3115 	3104
f 3794 	3795 	3496
f 3496 	3115 	3810
f 3496 	3494 	3497
f 3291 	3292 	2582
f 1395 	3498 	1455
f 2600 	2599 	3336
f 3410 	3661 	3391
f 3418 	2605 	3431
f 2607 	3419 	3423
f 3420 	2608 	3423
f 3421 	2609 	3420
f 1032 	1377 	1297
f 3165 	2574 	3409
f 3721 	3391 	3661
f 1455 	3498 	3500
f 3499 	1455 	3500
f 3661 	3410 	2980
f 3859 	3501 	3453
f 3449 	3453 	3501
f 3475 	3590 	3502
f 3515 	3508 	3498
f 3508 	3515 	3503
f 2546 	2540 	3499
f 2999 	2998 	3506
f 3499 	3500 	2543
f 3505 	3721 	3506
f 2546 	3499 	2543
f 2999 	3506 	3504
f 3500 	2544 	2543
f 3498 	3508 	3500
f 3721 	3509 	3507
f 3508 	2544 	3500
f 3505 	3509 	3721
f 3424 	3508 	3503
f 3512 	3471 	3477
f 3508 	3424 	2544
f 3480 	3513 	3474
f 3477 	3474 	3513
f 3512 	3477 	3513
f 2767 	3520 	2778
f 1524 	3514 	1522
f 2767 	2974 	3520
f 1522 	3514 	1393
f 1393 	3514 	3515
f 1393 	3515 	3498
f 3514 	3517 	3515
f 3546 	3514 	1524
f 3514 	3546 	3517
f 2772 	3524 	3516
f 2778 	3524 	2772
f 3515 	3517 	3503
f 2778 	3520 	3519
f 3520 	3521 	3519
f 704 	3516 	707
f 3516 	3523 	707
f 3524 	2778 	3519
f 3516 	3524 	3523
f 3524 	3519 	3527
f 3523 	3524 	3527
f 3519 	3521 	3528
f 3527 	3519 	3528
f 630 	3523 	3461
f 3527 	3461 	3523
f 3527 	3467 	3461
f 3527 	3528 	3467
f 3534 	3518 	3535
f 3477 	3467 	3528
f 3548 	3529 	3518
f 3521 	3559 	3528
f 3528 	3559 	3477
f 2983 	2972 	3533
f 3535 	3518 	3529
f 3530 	2983 	3533
f 3525 	3529 	3522
f 3525 	3535 	3529
f 2976 	3531 	2974
f 3522 	3532 	3525
f 3526 	3532 	3522
f 3531 	3520 	2974
f 3846 	3532 	3526
f 3531 	2976 	3536
f 3440 	3525 	3532
f 2982 	3536 	2976
f 3443 	3440 	3532
f 3503 	3289 	3424
f 3518 	3534 	3517
f 3517 	3534 	3503
f 3289 	3503 	3534
f 3289 	3534 	3430
f 3520 	3531 	3521
f 3536 	2982 	3530
f 3534 	3535 	3430
f 3539 	3531 	3536
f 3535 	3525 	3450
f 3536 	3530 	3561
f 3535 	3450 	3430
f 3537 	1577 	1582
f 3530 	3538 	3561
f 3533 	3538 	3530
f 3604 	3538 	3533
f 3531 	3539 	3521
f 3540 	1577 	3537
f 3234 	3278 	3433
f 3433 	3236 	3234
f 3434 	3541 	3433
f 3237 	3236 	3541
f 3433 	3541 	3236
f 3541 	1142 	3238
f 1577 	3543 	1567
f 3237 	3541 	3238
f 3543 	1577 	3540
f 3549 	3540 	3560
f 1524 	3542 	3546
f 3542 	3548 	3546
f 3540 	3549 	3543
f 3543 	3549 	3542
f 3550 	3547 	3544
f 3542 	3549 	3548
f 3545 	3547 	3550
f 3544 	3433 	3550
f 3544 	3434 	3433
f 3546 	3548 	3518
f 3275 	3284 	3545
f 3518 	3517 	3546
f 3545 	3276 	3275
f 508 	3551 	428
f 510 	3553 	511
f 511 	3553 	3551
f 511 	3551 	508
f 510 	513 	3553
f 3570 	3553 	513
f 3551 	3553 	3552
f 324 	3634 	2244
f 3551 	3554 	1581
f 3554 	3551 	3552
f 3554 	3537 	1582
f 3554 	3552 	3555
f 3537 	3554 	3555
f 3552 	3572 	3555
f 3537 	3555 	3562
f 3536 	3561 	3539
f 3556 	3558 	3566
f 3558 	3556 	3968
f 3603 	3538 	3604
f 3521 	3539 	3559
f 3539 	3557 	3559
f 3537 	3562 	3540
f 3540 	3562 	3560
f 3539 	3561 	3557
f 3538 	3563 	3561
f 3562 	3556 	3566
f 3561 	3563 	3557
f 3563 	3538 	3603
f 3560 	3562 	3566
f 3558 	3976 	3564
f 3565 	3549 	3560
f 3548 	3549 	3565
f 3560 	3568 	3565
f 3481 	3474 	3557
f 3563 	3481 	3557
f 3566 	3558 	3564
f 3559 	3557 	3474
f 3560 	3566 	3568
f 3474 	3477 	3559
f 3568 	3564 	3526
f 3529 	3548 	3565
f 3565 	3522 	3529
f 3566 	3564 	3568
f 3568 	3526 	3522
f 3565 	3568 	3522
f 519 	518 	3570
f 519 	3570 	513
f 3983 	3570 	3984
f 3585 	3567 	3569
f 3983 	3573 	3570
f 3570 	3573 	3553
f 3553 	3573 	3552
f 3573 	3983 	3987
f 3573 	3987 	3572
f 3552 	3573 	3572
f 3968 	3572 	3987
f 3563 	3578 	3481
f 3556 	3555 	3572
f 3555 	3556 	3562
f 3576 	3281 	3829
f 3579 	3577 	3578
f 3481 	3578 	3577
f 3578 	3574 	3586
f 3579 	3578 	3583
f 3586 	3583 	3578
f 3584 	2431 	2429
f 3449 	3501 	3502
f 3583 	3586 	3588
f 3586 	3589 	3588
f 3586 	3574 	3591
f 3567 	3591 	3574
f 3591 	3567 	3585
f 3464 	3502 	3590
f 3589 	3586 	3591
f 3589 	3591 	3592
f 3485 	3395 	3590
f 3593 	3585 	3594
f 3591 	3585 	3593
f 3592 	3591 	3593
f 3464 	3590 	3395
f 3594 	3585 	3595
f 3435 	3485 	3384
f 3395 	3485 	3435
f 2973 	3596 	2972
f 2972 	3596 	3533
f 3598 	3596 	2973
f 3604 	3533 	3596
f 3394 	3600 	3607
f 3600 	3394 	3442
f 3608 	3598 	3272
f 3601 	3600 	3442
f 3445 	3063 	3602
f 3604 	3605 	3603
f 3598 	3606 	3596
f 3604 	3596 	3606
f 3606 	3598 	3608
f 3615 	3600 	3601
f 3604 	3606 	3605
f 3607 	3621 	3599
f 3621 	3607 	3616
f 3613 	3606 	3608
f 3616 	3607 	3600
f 3602 	3366 	3601
f 3366 	3602 	3363
f 3578 	3563 	3603
f 3363 	3602 	3063
f 3603 	3605 	3574
f 3578 	3603 	3574
f 3567 	3574 	3605
f 3608 	3272 	3611
f 3612 	3611 	3273
f 3606 	3613 	3605
f 3614 	3611 	3612
f 3615 	3616 	3600
f 3613 	3567 	3605
f 3567 	3613 	3569
f 3617 	3608 	3611
f 3608 	3617 	3613
f 3617 	3611 	3614
f 3569 	3613 	3617
f 3571 	3617 	3614
f 3366 	3615 	3601
f 3569 	3617 	3571
f 3612 	3618 	3614
f 3599 	3621 	3620
f 3633 	3619 	3623
f 2243 	2242 	3630
f 3636 	2246 	2245
f 3630 	3635 	2243
f 3630 	2242 	2246
f 3648 	3609 	3629
f 2241 	2243 	3631
f 3641 	2241 	3642
f 3628 	3623 	3610
f 2245 	2244 	3632
f 3636 	3643 	3630
f 324 	433 	3634
f 3632 	3643 	3636
f 433 	3643 	3634
f 3628 	3633 	3623
f 3619 	3633 	3597
f 2241 	3644 	3642
f 3599 	3620 	3597
f 3619 	3597 	3620
f 2244 	3634 	3632
f 3634 	3643 	3632
f 3636 	3630 	2246
f 3632 	3636 	2245
f 2243 	3635 	3631
f 3638 	3637 	3951
f 2249 	2241 	3641
f 3641 	2251 	2249
f 3638 	3951 	3447
f 3639 	3638 	3447
f 3643 	433 	2251
f 3633 	3637 	3638
f 3628 	3637 	3633
f 3643 	2251 	3641
f 3639 	3597 	3638
f 2241 	3631 	3644
f 3633 	3638 	3597
f 3635 	3630 	3643
f 3641 	3631 	3643
f 3639 	3640 	3599
f 3635 	3643 	3631
f 3642 	3631 	3641
f 3644 	3631 	3642
f 3597 	3639 	3599
f 3607 	3640 	3394
f 433 	100 	2251
f 3599 	3640 	3607
f 3645 	576 	1001
f 3652 	2254 	2253
f 3653 	2256 	2255
f 3653 	2255 	3654
f 576 	3645 	3647
f 3667 	2254 	3652
f 3645 	3648 	3647
f 3648 	3645 	3649
f 3646 	3849 	3649
f 2252 	2260 	3807
f 2238 	2252 	3807
f 3277 	3276 	3550
f 3545 	3550 	3276
f 2255 	2258 	3654
f 3550 	3433 	3278
f 3278 	3277 	3550
f 3650 	3434 	3668
f 3541 	3434 	3650
f 3651 	3652 	2253
f 3652 	3651 	3655
f 3651 	3660 	3655
f 3654 	3655 	3660
f 2258 	3655 	3654
f 2256 	3653 	2259
f 3660 	2259 	3653
f 3653 	3654 	3660
f 3721 	3510 	3504
f 3658 	3511 	3721
f 3660 	2253 	2259
f 3511 	3510 	3721
f 3660 	3651 	2253
f 2980 	3662 	3661
f 3662 	3721 	3661
f 3666 	2263 	2261
f 2261 	2254 	3667
f 3667 	3666 	2261
f 3656 	3657 	3669
f 3664 	3656 	3669
f 3669 	3657 	1166
f 2263 	3666 	3665
f 3667 	3652 	3655
f 3665 	3666 	3655
f 3666 	3667 	3655
f 3663 	3664 	3670
f 3668 	3663 	3670
f 3664 	1169 	3670
f 3664 	3669 	1169
f 3669 	1166 	1174
f 1174 	1169 	3669
f 3668 	3670 	3650
f 1169 	1143 	3670
f 3650 	3670 	1143
f 3672 	3627 	3622
f 3625 	3627 	3672
f 3677 	3622 	3624
f 3672 	3622 	3677
f 3765 	1862 	3624
f 1860 	3624 	1862
f 3626 	3625 	3673
f 3674 	3625 	3672
f 3674 	3672 	3675
f 3673 	3625 	3674
f 3672 	3676 	3675
f 3814 	3671 	3685
f 3677 	3624 	1860
f 3671 	3678 	3685
f 3676 	3672 	3677
f 3676 	3677 	3680
f 3677 	1860 	1866
f 3671 	3679 	3678
f 3680 	3677 	1866
f 3679 	3663 	3678
f 3679 	3682 	3663
f 3664 	3682 	3656
f 3664 	3663 	3682
f 3681 	3691 	3686
f 3678 	3663 	3668
f 3678 	3668 	3688
f 3691 	3683 	3687
f 3684 	3544 	3547
f 3678 	3688 	3685
f 3685 	3688 	3684
f 3627 	3687 	3779
f 3684 	3688 	3544
f 3689 	3799 	3686
f 3688 	3668 	3434
f 3686 	3690 	3689
f 3691 	3681 	3683
f 3688 	3434 	3544
f 3690 	3686 	3691
f 3690 	3691 	3693
f 3694 	3691 	3687
f 3694 	3687 	3697
f 3696 	3701 	3692
f 3693 	3691 	3694
f 3625 	3626 	3687
f 3697 	3687 	3626
f 3698 	3695 	3705
f 3625 	3687 	3627
f 3695 	3700 	3696
f 3692 	3657 	3656
f 3700 	3701 	3696
f 3701 	3695 	3698
f 3695 	3701 	3700
f 3764 	3231 	3235
f 3692 	3701 	3657
f 3698 	3703 	3701
f 3764 	3235 	3702
f 3703 	3657 	3701
f 3225 	3704 	3702
f 3703 	3698 	1303
f 3657 	3703 	1166
f 1310 	3703 	1303
f 2273 	3807 	2260
f 3734 	2271 	2264
f 3724 	2264 	3725
f 2270 	3726 	2266
f 3705 	3706 	3698
f 3706 	3707 	3709
f 3706 	3709 	3698
f 3707 	3708 	1255
f 3709 	3707 	1255
f 4060 	1307 	3708
f 1255 	3708 	1307
f 3698 	3709 	1303
f 1313 	3709 	1255
f 1303 	3709 	1313
f 3582 	3710 	2856
f 2264 	2265 	3725
f 2266 	3727 	2267
f 3713 	3711 	3715
f 3712 	3713 	3715
f 3711 	3770 	3718
f 3715 	3711 	3718
f 3692 	3718 	3770
f 3712 	3715 	3679
f 3671 	3712 	3679
f 3682 	3679 	3715
f 3714 	3581 	3717
f 3662 	3659 	3721
f 3659 	3658 	3721
f 3506 	3721 	3504
f 3719 	3894 	3507
f 3720 	3894 	3719
f 3729 	2265 	2268
f 3580 	3717 	3581
f 3716 	3582 	3714
f 3581 	3714 	3582
f 3710 	3582 	3716
f 3887 	1297 	3907
f 3722 	3710 	3716
f 3722 	3584 	3710
f 3255 	3256 	1318
f 3256 	3257 	1319
f 3722 	2431 	3584
f 3258 	3259 	1321
f 2270 	3730 	3726
f 1323 	1322 	3260
f 3269 	1328 	3268
f 3270 	1329 	3269
f 3261 	1330 	3270
f 3734 	2264 	3724
f 1332 	3262 	1333
f 3258 	1321 	3263
f 3726 	3727 	2266
f 2268 	3728 	3729
f 1336 	3033 	1337
f 3728 	2268 	2267
f 3728 	2267 	3727
f 3730 	3724 	3725
f 3729 	3728 	3725
f 3727 	3725 	3728
f 3726 	3725 	3727
f 3730 	3725 	3726
f 1342 	1341 	3039
f 3725 	2265 	3729
f 3093 	1355 	3092
f 3735 	2272 	3734
f 1323 	3260 	3251
f 1315 	1314 	3252
f 3259 	3260 	1322
f 3265 	1324 	3096
f 1359 	3096 	1324
f 3266 	1325 	3265
f 1324 	3265 	1325
f 3267 	1326 	3266
f 1325 	3266 	1326
f 1326 	3267 	1327
f 1333 	3263 	1321
f 1335 	1334 	3032
f 3731 	3733 	3285
f 1340 	1339 	3035
f 1341 	1340 	3037
f 2271 	3734 	2272
f 3735 	3734 	3730
f 3724 	3730 	3734
f 639 	3739 	3744
f 1351 	3088 	1352
f 639 	3744 	2282
f 3092 	1353 	3090
f 2320 	3807 	2281
f 1357 	3095 	1359
f 3736 	2275 	2274
f 3736 	2274 	3737
f 2276 	2275 	3738
f 3741 	3742 	2279
f 3738 	2275 	3736
f 3741 	2279 	2278
f 3740 	2276 	3738
f 3214 	1367 	3131
f 3743 	2278 	2282
f 3742 	2280 	2279
f 3739 	2276 	3740
f 3739 	2277 	2276
f 2278 	3743 	3741
f 3740 	3744 	3739
f 3744 	3740 	3738
f 3744 	3738 	3736
f 3744 	3736 	3737
f 3742 	3743 	3737
f 3741 	3743 	3742
f 3744 	3737 	3743
f 2274 	3742 	3737
f 2274 	2280 	3742
f 2282 	3744 	3743
f 1232 	3758 	3746
f 2159 	902 	1894
f 2159 	3346 	3334
f 1093 	1232 	3746
f 3746 	3745 	2283
f 3746 	3758 	3745
f 3747 	3758 	3750
f 3752 	2319 	3749
f 3752 	3751 	2320
f 3748 	2320 	3751
f 3752 	2320 	2319
f 3750 	3749 	2319
f 3747 	3750 	2319
f 3745 	3758 	3747
f 3752 	3758 	3751
f 3749 	3750 	3758
f 2283 	3745 	2319
f 3745 	3747 	2319
f 3757 	3753 	3754
f 3755 	3748 	3756
f 3748 	3751 	3756
f 3753 	3757 	3758
f 3756 	3757 	3755
f 3757 	3754 	3755
f 3756 	3751 	3757
f 3757 	3751 	3758
f 3752 	3749 	3758
f 3115 	3496 	3497
f 3494 	3495 	3759
f 3497 	3494 	3759
f 3781 	3748 	3755
f 3755 	3754 	3782
f 3425 	3759 	3459
f 3759 	3495 	3760
f 3346 	2159 	1894
f 3759 	3760 	3459
f 3459 	3760 	3429
f 3429 	3760 	3774
f 3784 	1264 	3805
f 3699 	3766 	3762
f 3766 	3699 	3764
f 2068 	2043 	2070
f 3764 	3702 	3765
f 302 	1296 	1991
f 3766 	3764 	3765
f 3704 	1870 	3702
f 3765 	3702 	1870
f 1870 	3704 	1871
f 3627 	3779 	3762
f 3627 	3762 	3622
f 2070 	902 	2071
f 2480 	2071 	902
f 2562 	2495 	3161
f 3622 	3762 	3766
f 3161 	3162 	2562
f 3765 	3624 	3766
f 3715 	3718 	3682
f 3718 	3692 	3656
f 3682 	3718 	3656
f 3167 	2575 	3165
f 2575 	3167 	2576
f 3169 	2577 	3168
f 3170 	2578 	3169
f 2579 	3170 	3171
f 3172 	2580 	3171
f 3295 	2586 	2585
f 3298 	2588 	2587
f 2586 	3295 	2587
f 3769 	3767 	3711
f 3713 	3769 	3711
f 3770 	3767 	3768
f 2600 	3336 	2601
f 3770 	3711 	3767
f 3456 	2602 	3333
f 3768 	3801 	3770
f 1354 	3092 	1355
f 3095 	1357 	3093
f 3096 	1359 	3095
f 3423 	2608 	2607
f 2608 	3420 	2609
f 2610 	2609 	3416
f 3416 	2627 	2610
f 2627 	3402 	2628
f 1366 	3131 	1367
f 1368 	3215 	1369
f 1369 	3220 	1370
f 2632 	3406 	2633
f 1370 	3217 	1371
f 1371 	3218 	3212
f 1323 	3251 	1314
f 3251 	3252 	1314
f 3252 	3253 	1315
f 1316 	3254 	1317
f 3254 	3255 	1317
f 3156 	2569 	2568
f 2569 	3156 	3157
f 3031 	1334 	1320
f 1322 	1321 	3259
f 2574 	3165 	2575
f 2576 	3168 	2577
f 3268 	1327 	3267
f 3268 	1328 	1327
f 3173 	2581 	3172
f 3164 	2572 	3173
f 1329 	3270 	1330
f 3262 	1332 	3261
f 1330 	3261 	1332
f 3292 	2583 	2582
f 3263 	1333 	3262
f 2583 	3292 	3293
f 3031 	3032 	1334
f 3032 	3033 	1335
f 3622 	3766 	3624
f 3772 	3455 	3773
f 3760 	3495 	3761
f 3437 	3777 	3773
f 3761 	3774 	3760
f 3439 	3446 	3780
f 3761 	3775 	3774
f 3775 	3763 	3776
f 3699 	3780 	3446
f 3774 	3775 	3776
f 3763 	3771 	3788
f 3773 	3681 	3772
f 3776 	3763 	3788
f 3787 	3772 	3681
f 3773 	3683 	3681
f 3777 	3437 	3439
f 3683 	3773 	3777
f 3777 	3779 	3683
f 3777 	3439 	3780
f 3779 	3777 	3780
f 3780 	3699 	3762
f 3762 	3779 	3780
f 3687 	3683 	3779
f 3755 	3782 	3781
f 3614 	3783 	3571
f 3783 	3614 	3618
f 3785 	3571 	3783
f 3785 	3789 	3571
f 3783 	3786 	3785
f 3774 	3776 	3462
f 3462 	3429 	3774
f 3786 	3783 	3787
f 3776 	3486 	3462
f 3681 	3686 	3787
f 3787 	3686 	3786
f 3486 	3776 	3788
f 3585 	3569 	3789
f 3789 	3569 	3571
f 3790 	3595 	3789
f 3792 	3785 	3793
f 3789 	3785 	3792
f 3790 	3789 	3792
f 3796 	3785 	3786
f 3820 	3132 	3819
f 3793 	3785 	3796
f 3132 	3820 	3797
f 3796 	3786 	3798
f 3798 	3786 	3799
f 3791 	3794 	3496
f 3799 	3786 	3686
f 3585 	3789 	3595
f 3618 	3772 	3787
f 2273 	2281 	3807
f 3787 	3783 	3618
f 3781 	3782 	3802
f 3803 	3802 	3782
f 3784 	3803 	3782
f 3768 	3800 	3801
f 3754 	3753 	3784
f 3800 	4077 	3705
f 3782 	3754 	3784
f 3706 	3705 	4077
f 3805 	3803 	3784
f 3705 	3801 	3800
f 3692 	3770 	3801
f 3696 	3801 	3695
f 3705 	3695 	3801
f 3692 	3801 	3696
f 1285 	3880 	3805
f 3802 	3803 	3880
f 3803 	3805 	3880
f 3807 	3808 	3913
f 3870 	3808 	3807
f 3545 	3806 	3547
f 3748 	3781 	3807
f 3810 	3791 	3496
f 3806 	3809 	3804
f 3494 	3496 	3795
f 3809 	3806 	3545
f 3495 	3795 	3832
f 3283 	3282 	3809
f 3494 	3795 	3495
f 3284 	3809 	3545
f 3283 	3809 	3284
f 3810 	3104 	3797
f 3809 	3811 	3804
f 504 	3812 	506
f 3286 	506 	3812
f 3288 	3287 	3811
f 3811 	3287 	3812
f 3286 	3812 	3287
f 3288 	3811 	3282
f 3811 	3809 	3282
f 542 	3938 	490
f 490 	3812 	504
f 490 	3938 	3813
f 3813 	3938 	3985
f 490 	3813 	3812
f 3813 	3811 	3812
f 3813 	3804 	3811
f 3547 	3806 	3821
f 3814 	3990 	3671
f 3815 	3814 	3818
f 3818 	3814 	3685
f 3815 	3818 	3817
f 3826 	3817 	3816
f 3818 	3685 	3684
f 3816 	3806 	3804
f 3817 	3821 	3816
f 3818 	3821 	3817
f 3684 	3821 	3818
f 3816 	3821 	3806
f 3821 	3684 	3547
f 3129 	4965 	3823
f 3133 	3129 	3823
f 3823 	3825 	3133
f 3822 	3826 	3939
f 3133 	3825 	3130
f 3828 	3130 	3825
f 3826 	3822 	3827
f 3819 	3139 	3828
f 3733 	3281 	3285
f 3130 	3828 	3139
f 3848 	3829 	3733
f 3923 	3829 	3848
f 3132 	3139 	3819
f 3830 	3829 	3923
f 3820 	3831 	3797
f 3831 	3791 	3810
f 3281 	3733 	3829
f 3830 	3576 	3829
f 3797 	3831 	3810
f 3830 	3732 	3587
f 3587 	3576 	3830
f 3587 	3732 	3580
f 3580 	3732 	3717
f 3832 	3761 	3495
f 3832 	3836 	3761
f 3836 	3833 	3775
f 3775 	3761 	3836
f 3833 	3763 	3775
f 3838 	3834 	3835
f 3839 	3834 	3838
f 3838 	3835 	2441
f 2441 	3835 	2442
f 3837 	3716 	3714
f 3716 	3837 	3839
f 3839 	3838 	3722
f 3716 	3839 	3722
f 2431 	3722 	3838
f 3844 	3843 	4014
f 3841 	3843 	3842
f 3843 	3837 	3842
f 3844 	3837 	3843
f 3839 	3844 	3834
f 3837 	3844 	3839
f 3830 	3923 	3840
f 3840 	3732 	3830
f 3842 	3845 	3841
f 3732 	3840 	3845
f 3717 	3845 	3842
f 3732 	3845 	3717
f 3714 	3842 	3837
f 3717 	3842 	3714
f 3526 	3924 	3846
f 3532 	3846 	3443
f 3846 	3847 	3723
f 1338 	3034 	1339
f 3035 	3037 	1340
f 3037 	3039 	1341
f 3039 	1343 	1342
f 3058 	1346 	1344
f 3058 	3056 	1346
f 3040 	1349 	1348
f 3136 	1360 	1350
f 3040 	1350 	1349
f 1355 	3093 	1356
f 3093 	1357 	1356
f 1360 	3136 	1361
f 1368 	1367 	3215
f 3214 	3215 	1367
f 3220 	1369 	3215
f 3212 	1372 	1371
f 1372 	3212 	1351
f 4615 	270 	1377
f 1593 	1590 	1005
f 1022 	1002 	1594
f 1002 	1005 	1590
f 1002 	1590 	1594
f 1626 	1627 	1451
f 1452 	1627 	1453
f 1630 	1463 	1462
f 1626 	1451 	1630
f 1463 	1630 	1451
f 1643 	1468 	1467
f 1643 	1644 	1468
f 1476 	1475 	1647
f 1648 	1477 	1476
f 1478 	1477 	1649
f 2590 	2589 	3316
f 3327 	2591 	3316
f 3298 	2587 	3295
f 2594 	3342 	2595
f 2595 	3339 	2596
f 3648 	3649 	3849
f 3849 	3646 	3628
f 3637 	3628 	3646
f 3629 	3647 	3648
f 3849 	3609 	3648
f 3610 	3849 	3628
f 3609 	3849 	3610
f 2325 	2326 	3850
f 3851 	2328 	2327
f 2328 	3851 	3850
f 2328 	3850 	2326
f 2329 	3853 	3851
f 2329 	3851 	2327
f 1890 	3853 	2329
f 1886 	3853 	1885
f 1890 	1885 	3853
f 3852 	3850 	3851
f 3851 	3389 	3852
f 3853 	3389 	3851
f 3389 	3853 	3387
f 3388 	3852 	3389
f 3857 	3850 	3852
f 3856 	3854 	3857
f 3852 	3475 	3857
f 3475 	3852 	3388
f 3855 	3859 	3858
f 3867 	3860 	3855
f 3860 	3854 	3856
f 3859 	3855 	3860
f 3860 	3856 	3501
f 3859 	3860 	3501
f 3502 	3501 	3856
f 3857 	3475 	3856
f 3502 	3856 	3475
f 3447 	3858 	3859
f 3861 	3973 	2333
f 2332 	3861 	2333
f 3862 	2335 	2334
f 2335 	3862 	3861
f 2335 	3861 	2332
f 3861 	3862 	3866
f 3866 	3862 	3850
f 2325 	3862 	2334
f 3850 	3862 	2325
f 3865 	3864 	3973
f 3865 	3861 	3866
f 3865 	3866 	3854
f 3866 	3850 	3857
f 3854 	3866 	3857
f 3863 	3855 	3966
f 3864 	3867 	3863
f 3867 	3864 	3865
f 3865 	3854 	3867
f 3855 	3863 	3867
f 3867 	3854 	3860
f 3868 	1003 	1051
f 3868 	1051 	3967
f 3833 	3869 	3763
f 3748 	3807 	2320
f 3869 	3771 	3763
f 3913 	2238 	3807
f 3870 	3872 	3880
f 3802 	3880 	3872
f 3872 	3870 	3807
f 3872 	3807 	3781
f 3802 	3872 	3781
f 3876 	3913 	3875
f 3808 	3875 	3913
f 3879 	3808 	3870
f 3771 	3869 	3878
f 3879 	3875 	3808
f 3877 	3876 	3880
f 3778 	3878 	3871
f 3879 	3876 	3875
f 3881 	3876 	3879
f 3778 	3771 	3878
f 3881 	3879 	3880
f 3870 	3880 	3879
f 3880 	3876 	3881
f 3778 	3871 	4270
f 2040 	2079 	2037
f 1960 	1305 	1962
f 3876 	3877 	3913
f 3884 	3025 	3883
f 1422 	1430 	3944
f 3877 	1279 	1401
f 3916 	3915 	3877
f 3721 	3507 	3894
f 1650 	1478 	1649
f 3883 	3885 	3886
f 3883 	3886 	3884
f 3883 	3025 	4088
f 3883 	4088 	3885
f 4090 	3885 	4088
f 1564 	1562 	1657
f 1565 	1564 	1658
f 32 	2022 	1570
f 1575 	1949 	12
f 14 	11 	1834
f 12 	1674 	11
f 14 	1834 	13
f 16 	1838 	17
f 17 	1839 	18
f 1662 	1953 	1569
f 21 	1569 	1953
f 1953 	1954 	21
f 1956 	23 	22
f 1958 	24 	1956
f 23 	1956 	24
f 2014 	25 	1958
f 24 	1958 	25
f 2015 	26 	2014
f 26 	2015 	28
f 28 	2017 	29
f 29 	2019 	31
f 2022 	32 	2021
f 31 	2021 	32
f 1921 	1570 	2022
f 1454 	1453 	1624
f 1454 	1624 	1456
f 1637 	1456 	1624
f 1457 	1456 	1637
f 1637 	1640 	1457
f 1465 	1457 	1640
f 1461 	1629 	1462
f 1641 	1466 	1465
f 1641 	1642 	1466
f 1645 	1471 	1470
f 1469 	1644 	1470
f 1471 	1645 	1474
f 1475 	1474 	1646
f 1646 	1647 	1475
f 1648 	1649 	1477
f 1650 	1479 	1478
f 1652 	1561 	1479
f 1652 	1479 	1650
f 1652 	1654 	1561
f 1562 	1561 	1654
f 1654 	1657 	1562
f 1657 	1658 	1564
f 1658 	1660 	1565
f 1661 	1568 	1566
f 1661 	1662 	1568
f 1569 	1568 	1662
f 1570 	1921 	1571
f 1573 	1929 	1574
f 1574 	1948 	1575
f 2070 	1991 	1296
f 1401 	3916 	3877
f 3950 	1448 	1671
f 3888 	3889 	3890
f 3891 	3892 	3890
f 3888 	3890 	3892
f 3890 	3893 	3891
f 2633 	3407 	2634
f 2634 	3409 	2574
f 2495 	2494 	3160
f 3159 	3160 	2494
f 3160 	3161 	2495
f 3162 	2563 	2562
f 3162 	3163 	2563
f 2565 	3153 	2566
f 3153 	3154 	2566
f 3157 	2571 	2569
f 3157 	3291 	2571
f 2581 	3173 	2572
f 2572 	3164 	2494
f 3159 	2494 	3164
f 3168 	2576 	3167
f 2577 	3169 	2578
f 2578 	3170 	2579
f 2579 	3171 	2580
f 2580 	3172 	2581
f 3293 	2584 	2583
f 2584 	3293 	2585
f 3907 	3721 	3894
f 3300 	2589 	2588
f 3895 	3906 	3894
f 3300 	3316 	2589
f 2590 	3316 	2591
f 3327 	3322 	2591
f 3332 	2598 	2597
f 3896 	4109 	3899
f 3904 	4109 	3898
f 3903 	3900 	4109
f 3902 	3897 	4109
f 3902 	4109 	3901
f 3898 	4109 	3897
f 2599 	2598 	3332
f 2601 	3333 	2602
f 3431 	2603 	3456
f 2602 	3456 	2603
f 2603 	3431 	2604
f 3419 	2606 	2605
f 3900 	3901 	4109
f 4101 	3900 	3903
f 2606 	3419 	2607
f 3908 	4101 	3891
f 3421 	3416 	2609
f 3899 	4109 	3904
f 3404 	2629 	2628
f 3405 	2630 	2629
f 4103 	4098 	3904
f 2631 	3406 	2632
f 2630 	3405 	2631
f 3406 	2631 	3405
f 2072 	2483 	1894
f 1296 	2072 	1894
f 3906 	3895 	3905
f 1594 	3340 	3294
f 2803 	2804 	2637
f 3721 	3907 	1297
f 2638 	2804 	2639
f 3906 	3907 	3894
f 4159 	4161 	3907
f 2648 	2642 	2820
f 3891 	3893 	3908
f 3889 	3888 	3909
f 3889 	3909 	3890
f 3908 	3890 	3909
f 3908 	3893 	3890
f 2810 	2820 	2642
f 3892 	3909 	3888
f 4119 	4117 	3892
f 2828 	2652 	2651
f 1425 	3937 	3921
f 3916 	1401 	3921
f 2657 	2656 	2840
f 902 	2070 	1894
f 2840 	2832 	2657
f 3334 	1951 	2159
f 3927 	2238 	3912
f 2238 	3913 	3912
f 2661 	2660 	2837
f 3912 	3913 	3914
f 2837 	2838 	2661
f 2662 	2838 	2841
f 2663 	2662 	2841
f 3913 	3915 	3914
f 3913 	3877 	3915
f 2665 	2664 	2868
f 2667 	2665 	2869
f 2873 	2671 	2670
f 2874 	2672 	2873
f 2684 	2887 	2685
f 2888 	2685 	2887
f 2889 	2687 	2888
f 5055 	3917 	5056
f 2801 	2640 	2639
f 3918 	3912 	3914
f 3919 	3912 	3918
f 2801 	2641 	2640
f 3918 	3914 	3915
f 3937 	3935 	3921
f 3920 	3918 	3915
f 2805 	2645 	2644
f 2643 	2809 	2644
f 2645 	2805 	2646
f 2646 	2806 	2647
f 2647 	2806 	2637
f 4977 	3917 	4960
f 2803 	2637 	2806
f 2820 	2821 	2648
f 2826 	2650 	2649
f 2826 	2827 	2650
f 2829 	2654 	2653
f 2652 	2828 	2653
f 3723 	3443 	3846
f 4971 	3917 	4964
f 3723 	3847 	3731
f 4964 	3917 	4965
f 3922 	3929 	3848
f 4965 	3917 	3823
f 3823 	3917 	3825
f 3847 	3922 	3731
f 3825 	3917 	3828
f 3922 	3848 	3733
f 3828 	3917 	3819
f 3819 	3917 	3820
f 3731 	3922 	3733
f 3820 	3917 	3831
f 3848 	3958 	3923
f 3831 	3917 	3791
f 3791 	3917 	3794
f 3794 	3917 	3795
f 3795 	3917 	3832
f 3832 	3917 	3836
f 3836 	3917 	3833
f 3833 	3917 	3869
f 3869 	3917 	3878
f 3878 	3917 	3871
f 3871 	3917 	3873
f 3873 	3917 	3874
f 3874 	3917 	3882
f 3846 	3924 	3847
f 3920 	3915 	3916
f 3921 	3920 	3916
f 3924 	3925 	3847
f 3926 	2238 	3927
f 3847 	3925 	3922
f 3912 	3928 	3927
f 3933 	3926 	3932
f 3817 	3826 	3827
f 3926 	3930 	3931
f 3927 	3930 	3926
f 3931 	3932 	3926
f 3934 	3935 	3932
f 3817 	3827 	3815
f 3931 	3930 	3936
f 3934 	3932 	3931
f 3937 	3932 	3935
f 3937 	3933 	3932
f 3938 	542 	3824
f 3934 	3931 	3936
f 3935 	3934 	3921
f 3934 	3936 	3921
f 3920 	3921 	3936
f 3918 	3920 	3936
f 3940 	3919 	3936
f 3918 	3936 	3919
f 3928 	3912 	3940
f 3938 	3824 	3939
f 3940 	3936 	3928
f 3930 	3927 	3936
f 3928 	3936 	3927
f 1425 	3933 	3937
f 3919 	3940 	3912
f 3926 	3933 	3944
f 4074 	1665 	4120
f 3952 	1003 	3868
f 3941 	3868 	3942
f 3943 	2238 	3926
f 2037 	2238 	4357
f 3945 	3943 	3926
f 3942 	3964 	3946
f 3926 	3944 	3945
f 3933 	1422 	3944
f 3947 	3945 	3948
f 3944 	3948 	3945
f 3949 	3948 	3944
f 3942 	3946 	3955
f 3949 	3944 	3950
f 3949 	4045 	3948
f 3946 	3858 	3951
f 3925 	3978 	3929
f 3929 	3954 	3958
f 3955 	3946 	3951
f 3925 	3929 	3922
f 3447 	3951 	3858
f 3929 	3958 	3848
f 3952 	3868 	3941
f 3952 	3645 	1001
f 3952 	3941 	3649
f 3645 	3952 	3649
f 3649 	3941 	3646
f 3942 	3955 	3941
f 3646 	3941 	3955
f 3637 	3955 	3951
f 3953 	3957 	3956
f 3637 	3646 	3955
f 3957 	3953 	4297
f 3864 	3972 	3973
f 3954 	3960 	3958
f 3972 	3864 	3959
f 3960 	3956 	3963
f 3958 	3960 	3963
f 3956 	3957 	3961
f 3963 	3956 	3961
f 3841 	3957 	4301
f 3863 	3959 	3864
f 4301 	4014 	3843
f 3923 	3958 	3963
f 3975 	3959 	3965
f 3963 	3961 	3840
f 3965 	3959 	3863
f 3962 	3965 	3964
f 3923 	3963 	3840
f 3965 	3863 	3966
f 3961 	3845 	3840
f 3961 	3957 	3841
f 3961 	3841 	3845
f 3964 	3965 	3966
f 1049 	3967 	1051
f 3967 	1049 	3962
f 3964 	3967 	3962
f 3572 	3968 	3556
f 3942 	3967 	3964
f 3942 	3868 	3967
f 3946 	3964 	3966
f 3858 	3966 	3855
f 3946 	3966 	3858
f 2338 	3971 	1202
f 2338 	1202 	1186
f 2337 	3971 	2338
f 2339 	3972 	2340
f 2340 	3972 	3971
f 2340 	3971 	2337
f 3968 	3969 	3977
f 2341 	3973 	2342
f 2342 	3973 	3972
f 2342 	3972 	2339
f 3558 	3968 	3977
f 2341 	2333 	3973
f 3969 	3974 	3977
f 3975 	1202 	3971
f 4000 	3974 	3969
f 1202 	3975 	1201
f 3959 	3971 	3972
f 3959 	3975 	3971
f 3865 	3973 	3861
f 3558 	3977 	3976
f 3977 	3974 	3978
f 1201 	3975 	3962
f 3962 	3975 	3965
f 3954 	3978 	3974
f 3982 	2503 	2611
f 3924 	3564 	3976
f 3924 	3526 	3564
f 3924 	3976 	3925
f 3982 	2611 	4032
f 3977 	3978 	3976
f 3925 	3976 	3978
f 3954 	3929 	3978
f 2619 	3979 	4032
f 520 	3984 	518
f 3981 	3984 	522
f 522 	3984 	520
f 521 	3981 	522
f 2503 	3982 	3041
f 523 	4007 	3981
f 523 	3981 	521
f 518 	3984 	3570
f 3985 	3939 	3826
f 3939 	3985 	3938
f 3985 	3826 	3816
f 3984 	3981 	3988
f 3804 	3985 	3816
f 3983 	3984 	3988
f 3804 	3813 	3985
f 3983 	3988 	3970
f 3987 	3969 	3968
f 3987 	3983 	3970
f 3987 	3970 	3969
f 3990 	3986 	3712
f 3712 	3986 	3713
f 3827 	3989 	3815
f 3992 	4002 	3990
f 3989 	3992 	3815
f 3954 	3974 	3991
f 3954 	3991 	3960
f 3814 	3992 	3990
f 4003 	3993 	3991
f 3815 	3992 	3814
f 3991 	3993 	3960
f 3956 	3993 	3953
f 3960 	3993 	3956
f 3990 	3712 	3671
f 528 	552 	3996
f 4321 	3996 	552
f 3995 	4327 	3998
f 3970 	4000 	3969
f 4009 	4001 	3988
f 3988 	4001 	3970
f 3999 	3994 	4002
f 4000 	3970 	4001
f 4001 	3998 	4003
f 3994 	3986 	4002
f 4000 	4001 	4003
f 4003 	3998 	4005
f 4004 	3986 	3994
f 4000 	4003 	3991
f 4004 	3713 	3986
f 4000 	3991 	3974
f 3713 	4004 	3769
f 3993 	4003 	4005
f 4002 	4006 	3999
f 4005 	3953 	3993
f 4006 	3989 	3997
f 3992 	4006 	4002
f 4005 	4331 	3953
f 527 	4007 	523
f 3989 	4006 	3992
f 529 	528 	3996
f 3990 	4002 	3986
f 529 	4007 	527
f 4009 	3981 	4007
f 3981 	4009 	3988
f 4007 	3995 	4009
f 4007 	529 	3996
f 4007 	3996 	3995
f 4009 	3995 	3998
f 3998 	4001 	4009
f 569 	4020 	4010
f 4012 	3822 	4008
f 3822 	4012 	3827
f 3989 	4012 	3997
f 3989 	3827 	4012
f 575 	569 	4010
f 4300 	4016 	4015
f 4017 	4008 	3822
f 4010 	4017 	3824
f 4016 	4011 	4019
f 4017 	3822 	3939
f 3939 	3824 	4017
f 4022 	4011 	4013
f 4019 	4011 	4022
f 2500 	4013 	2501
f 4014 	4015 	3844
f 3834 	3844 	4015
f 4016 	4019 	4015
f 4913 	566 	645
f 4019 	3834 	4015
f 3834 	4019 	3835
f 4022 	4013 	2500
f 4025 	4018 	4021
f 4019 	4022 	3835
f 4022 	2500 	2442
f 4008 	4025 	4021
f 2442 	3835 	4022
f 4023 	4008 	4021
f 4008 	4023 	4012
f 4023 	3997 	4012
f 566 	4020 	569
f 4018 	4025 	4020
f 4025 	4010 	4020
f 4017 	4025 	4008
f 4025 	4017 	4010
f 4026 	4024 	4034
f 4034 	4024 	4028
f 3041 	3982 	3980
f 3982 	4029 	3980
f 4034 	4031 	4026
f 3982 	4032 	4029
f 4031 	4033 	4030
f 4032 	3979 	4036
f 4029 	4032 	4036
f 4031 	4034 	4033
f 3979 	4037 	4036
f 4039 	3979 	2620
f 4034 	4028 	4035
f 3979 	4039 	4037
f 4033 	4034 	4035
f 2509 	2517 	4028
f 2517 	4035 	4028
f 3980 	4029 	4055
f 4054 	3980 	4055
f 4030 	4033 	4011
f 4011 	4016 	4030
f 4013 	4033 	4035
f 4011 	4033 	4013
f 2501 	4013 	4035
f 4036 	4037 	4056
f 4050 	3945 	3947
f 4050 	3943 	3945
f 1444 	3950 	3944
f 3943 	4038 	2238
f 4116 	2238 	4038
f 2616 	4039 	2620
f 2618 	4049 	2616
f 4116 	4040 	4041
f 4049 	4039 	2616
f 4038 	4040 	4116
f 4043 	4044 	3943
f 4038 	3943 	4044
f 4049 	2618 	4042
f 4046 	4047 	4040
f 4038 	4046 	4040
f 4045 	4040 	4047
f 4037 	4039 	4048
f 4045 	4041 	4040
f 4039 	4049 	4048
f 1671 	4076 	3950
f 3947 	3948 	4045
f 4047 	4050 	4045
f 4046 	4050 	4047
f 3947 	4045 	4050
f 4049 	4042 	4051
f 4044 	4046 	4038
f 4048 	4049 	4051
f 4042 	4717 	4052
f 4051 	4042 	4052
f 4337 	3917 	4340
f 4340 	3917 	4341
f 4341 	3917 	4338
f 4338 	3917 	4339
f 4339 	3917 	4342
f 3917 	4336 	4342
f 3054 	4054 	4053
f 4029 	4131 	4055
f 4036 	4131 	4029
f 4056 	4131 	4036
f 4037 	4048 	4147
f 4037 	4147 	4056
f 4048 	4143 	4147
f 3707 	4095 	4027
f 4027 	3708 	3707
f 4027 	4059 	3708
f 3917 	5077 	4336
f 4059 	4060 	3708
f 3917 	5075 	5077
f 3917 	5079 	5075
f 4059 	4061 	4060
f 5079 	3917 	5076
f 4061 	4058 	4062
f 3917 	5052 	5076
f 4060 	4061 	4062
f 5053 	5052 	3917
f 4058 	4063 	4062
f 5053 	3917 	5054
f 4058 	4064 	4063
f 3917 	5059 	5054
f 1709 	4060 	4062
f 4062 	1710 	1709
f 4063 	4064 	4066
f 1710 	4062 	4063
f 4063 	4066 	1715
f 4063 	1715 	1710
f 4311 	4064 	4058
f 4064 	4067 	4066
f 4067 	4068 	4066
f 4067 	4069 	4068
f 4073 	4069 	4065
f 3771 	4071 	3788
f 4066 	4068 	1712
f 3778 	4071 	3771
f 1715 	4066 	1712
f 4071 	3778 	4072
f 4068 	1726 	1712
f 4050 	4046 	4043
f 4069 	4073 	4068
f 4044 	4043 	4046
f 3943 	4050 	4043
f 4068 	4073 	1726
f 4074 	4041 	4075
f 4075 	4041 	4045
f 4074 	4075 	4076
f 4076 	4075 	3950
f 4075 	4045 	3950
f 3949 	3950 	4045
f 1671 	1665 	4076
f 3911 	4082 	3025
f 4092 	4080 	3025
f 4078 	3911 	3910
f 4078 	3910 	4079
f 3910 	3911 	3025
f 4091 	4092 	3025
f 3910 	4080 	4079
f 4083 	4085 	3025
f 4082 	4083 	3025
f 4082 	4078 	4084
f 4082 	4084 	4083
f 4027 	4081 	4059
f 4084 	4086 	4085
f 4084 	4085 	4083
f 4082 	3911 	4078
f 4088 	3025 	4087
f 4087 	4089 	4090
f 4087 	4090 	4088
f 4276 	4059 	4081
f 4080 	3910 	3025
f 4093 	4092 	4091
f 4093 	4091 	4094
f 4276 	4061 	4059
f 4276 	4308 	4061
f 4080 	4092 	4079
f 4093 	4079 	4092
f 4085 	4087 	3025
f 4061 	4308 	4058
f 4086 	4089 	4087
f 4086 	4087 	4085
f 4138 	4095 	4077
f 4141 	4142 	4097
f 4158 	4141 	4099
f 4077 	4095 	3706
f 3904 	3898 	4103
f 4100 	3901 	3900
f 3900 	4101 	4100
f 4095 	3707 	3706
f 3903 	3891 	4101
f 4100 	3902 	3901
f 4096 	4099 	4097
f 3899 	4098 	3896
f 4142 	4102 	4096
f 4142 	4098 	4102
f 2654 	2829 	2655
f 4041 	4074 	4116
f 4116 	4074 	4120
f 4096 	4102 	4099
f 4103 	4099 	4102
f 4103 	4102 	4098
f 3899 	3904 	4098
f 3897 	4104 	3898
f 4103 	3898 	4104
f 3897 	3902 	4104
f 4100 	4104 	3902
f 4106 	4091 	3025
f 3025 	3244 	4106
f 4105 	4106 	3244
f 4105 	4107 	4106
f 4107 	4094 	4106
f 4091 	4106 	4094
f 4108 	4105 	3244
f 4105 	4108 	33
f 4105 	33 	4107
f 1689 	1693 	4120
f 4108 	34 	33
f 3891 	4109 	4112
f 4112 	4115 	3891
f 1944 	3315 	1895
f 1951 	3334 	1944
f 4109 	4111 	4112
f 2656 	2655 	2830
f 2830 	2840 	2656
f 4111 	4109 	4110
f 4111 	4110 	4113
f 4113 	4118 	4111
f 4112 	4111 	4118
f 4119 	3891 	4115
f 3892 	3891 	4119
f 4112 	4118 	4115
f 4117 	4115 	4118
f 2834 	2660 	2659
f 2834 	2837 	2660
f 4126 	4116 	4120
f 4121 	4126 	4120
f 4122 	4123 	4279
f 1707 	4279 	4123
f 4123 	4122 	4120
f 4121 	4120 	4122
f 2841 	2867 	2663
f 2664 	2663 	2867
f 2867 	2868 	2664
f 2868 	2869 	2665
f 2869 	2870 	2667
f 4116 	4124 	2238
f 2871 	2669 	2668
f 2871 	2872 	2669
f 4282 	4124 	4125
f 2671 	2873 	2672
f 3013 	2689 	2874
f 4127 	4116 	4126
f 4124 	4116 	4127
f 4119 	4115 	4117
f 4127 	4126 	4128
f 2875 	2674 	2673
f 4282 	4125 	4129
f 2674 	2876 	2675
f 2879 	2676 	2878
f 2675 	2878 	2676
f 4129 	4125 	4124
f 4129 	4124 	4127
f 2879 	2677 	2676
f 4127 	4128 	4129
f 2677 	2880 	2678
f 4121 	4128 	4126
f 2882 	2679 	2881
f 2678 	2881 	2679
f 2884 	2681 	2680
f 1700 	4277 	1707
f 2884 	2680 	2882
f 2679 	2882 	2680
f 2681 	2884 	2682
f 2682 	2886 	2683
f 2683 	2886 	2684
f 2887 	2684 	2886
f 2688 	2890 	2643
f 2672 	2874 	2689
f 2689 	3013 	2690
f 2690 	3014 	2691
f 3015 	2692 	2691
f 2692 	3016 	2693
f 2693 	3017 	2694
f 2694 	3018 	2673
f 4132 	146 	145
f 4133 	146 	4132
f 4133 	147 	146
f 3909 	3892 	4117
f 4225 	3905 	4114
f 3895 	4114 	3905
f 4140 	4114 	3895
f 4098 	4142 	3896
f 4142 	4146 	3896
f 4148 	4149 	4232
f 3891 	3903 	4109
f 4148 	4109 	3896
f 4151 	3905 	4154
f 3905 	4225 	4154
f 4159 	3907 	3906
f 4159 	3906 	4151
f 3905 	4151 	3906
f 4256 	4245 	4148
f 4109 	4148 	4245
f 4109 	4247 	4110
f 4135 	4139 	3769
f 3894 	3720 	4140
f 3895 	3894 	4140
f 4134 	4286 	4144
f 4136 	4134 	4144
f 4096 	4097 	4142
f 4146 	4142 	4145
f 4141 	4145 	4142
f 4148 	3896 	4146
f 4150 	4232 	4149
f 4154 	4152 	4153
f 4154 	4153 	4151
f 4156 	4155 	4157
f 4097 	4099 	4141
f 4145 	4141 	4158
f 4154 	4156 	4152
f 4157 	4152 	4156
f 4145 	4158 	4146
f 4158 	4149 	4146
f 4146 	4149 	4148
f 4157 	4180 	4152
f 4153 	4152 	4180
f 4161 	4159 	4160
f 4151 	4160 	4159
f 4162 	4160 	4153
f 4151 	4153 	4160
f 3887 	3907 	4161
f 4161 	4160 	1301
f 4163 	4164 	4182
f 4210 	4164 	4165
f 4165 	5000 	4169
f 4166 	5000 	4167
f 4169 	5000 	4166
f 4164 	5000 	4165
f 4155 	4171 	4157
f 4157 	4171 	4176
f 4157 	4170 	4172
f 4157 	4172 	4173
f 4203 	4175 	4176
f 4170 	4157 	4175
f 4157 	4176 	4175
f 4176 	4174 	4203
f 4193 	4173 	4172
f 4170 	4194 	4172
f 4171 	4199 	4174
f 4174 	4176 	4171
f 4220 	4206 	4179
f 4167 	4134 	4168
f 4168 	4134 	4179
f 4179 	4134 	4178
f 4227 	4153 	4180
f 4180 	4157 	4173
f 4163 	5000 	4164
f 4177 	4178 	4134
f 4205 	4166 	4167
f 4205 	4167 	4204
f 4206 	4204 	4168
f 4167 	4168 	4204
f 4205 	4207 	4166
f 4182 	4183 	1588
f 1588 	4163 	4182
f 4210 	4182 	4164
f 4165 	4211 	4210
f 4183 	4181 	1588
f 4186 	4232 	4185
f 4184 	4185 	4232
f 4186 	4201 	4232
f 4188 	4232 	4187
f 4189 	4232 	4188
f 4190 	4232 	4189
f 4191 	4232 	4190
f 4193 	4194 	4192
f 4195 	4196 	4194
f 4192 	4194 	4196
f 4196 	4202 	4192
f 4199 	4192 	4198
f 4155 	4192 	4199
f 4156 	4222 	4155
f 4197 	4198 	4192
f 4202 	4196 	4175
f 4171 	4155 	4199
f 4195 	4194 	4170
f 4174 	4198 	4197
f 4201 	4200 	4232
f 4187 	4232 	4200
f 4203 	4192 	4202
f 4197 	4192 	4203
f 4212 	4187 	4200
f 4170 	4175 	4196
f 4175 	4203 	4202
f 4197 	4203 	4174
f 4173 	4193 	4192
f 4193 	4172 	4194
f 4212 	4214 	4187
f 4170 	4196 	4195
f 4136 	4218 	4134
f 4134 	4218 	4177
f 4198 	4174 	4199
f 4219 	4178 	4177
f 4220 	4179 	4178
f 4220 	4178 	4219
f 4168 	4179 	4206
f 4169 	4166 	4207
f 40 	1588 	4208
f 4208 	1588 	4181
f 39 	4208 	4209
f 4181 	4209 	4208
f 39 	40 	4208
f 4182 	4210 	4183
f 4183 	4210 	4209
f 4181 	4183 	4209
f 4207 	4211 	4169
f 4165 	4169 	4211
f 4213 	4184 	4150
f 4213 	4150 	4158
f 4149 	4158 	4150
f 4188 	4214 	4189
f 4215 	4189 	4214
f 4216 	4212 	4186
f 4216 	4186 	4185
f 4212 	4200 	4201
f 4212 	4201 	4186
f 4191 	4190 	4217
f 4215 	4217 	4190
f 4189 	4215 	4190
f 4188 	4187 	4214
f 4184 	4213 	4216
f 4184 	4216 	4185
f 4219 	4177 	4218
f 4221 	4232 	4191
f 4192 	4155 	4222
f 4225 	4222 	4156
f 4156 	4154 	4225
f 4224 	4221 	4223
f 4225 	4227 	4222
f 4221 	4191 	4223
f 4223 	4191 	4217
f 4180 	4173 	4222
f 4192 	4222 	4173
f 4224 	4232 	4221
f 4223 	4226 	4224
f 4180 	4222 	4227
f 4744 	4229 	4225
f 4744 	4698 	4229
f 4226 	4230 	4228
f 4226 	4228 	4224
f 4225 	4229 	4231
f 4225 	4231 	4227
f 4702 	4700 	4698
f 4227 	4231 	4698
f 4700 	4511 	4698
f 4234 	4148 	4249
f 4238 	4148 	4237
f 4236 	4148 	4235
f 4236 	4237 	4148
f 4234 	4235 	4148
f 4239 	4148 	4238
f 4240 	4148 	4239
f 4241 	4148 	4240
f 4242 	4148 	4241
f 4233 	4249 	4148
f 4257 	4148 	4242
f 4244 	4148 	4243
f 4256 	4148 	4244
f 4109 	4245 	4247
f 4234 	4248 	4235
f 4234 	4249 	4250
f 4234 	4250 	4248
f 4233 	4232 	4246
f 4236 	4235 	4248
f 4240 	4239 	4251
f 4238 	4237 	4252
f 4690 	4743 	4114
f 4251 	4239 	4238
f 4251 	4238 	4252
f 4252 	4237 	4236
f 4252 	4236 	4248
f 4251 	4253 	4240
f 4241 	4240 	4253
f 4243 	4255 	4244
f 4254 	4244 	4255
f 4256 	4244 	4254
f 4877 	4679 	4114
f 4250 	4233 	4246
f 4249 	4233 	4250
f 4245 	4256 	4247
f 4254 	4247 	4256
f 4253 	4242 	4241
f 4243 	4148 	4257
f 4258 	4255 	4257
f 4243 	4257 	4255
f 4257 	4242 	4258
f 4253 	4258 	4242
f 3767 	4139 	4137
f 4260 	4261 	4259
f 4259 	4261 	4262
f 4259 	4262 	4263
f 4259 	4263 	4385
f 4259 	4264 	4265
f 4259 	4265 	4266
f 4259 	4266 	4267
f 4259 	4267 	4268
f 4268 	4383 	4259
f 3769 	4139 	3767
f 4137 	3768 	3767
f 4137 	4271 	3768
f 3778 	4270 	4072
f 4271 	3800 	3768
f 4270 	4272 	4072
f 4270 	4274 	4272
f 4271 	4273 	3800
f 4138 	4077 	4273
f 3800 	4273 	4077
f 4095 	4138 	4275
f 3490 	3788 	4071
f 4095 	4275 	4027
f 4275 	4081 	4027
f 4071 	4072 	3487
f 3487 	3490 	4071
f 4072 	4272 	3492
f 3487 	4072 	3492
f 4277 	4332 	4130
f 4121 	4122 	4279
f 4278 	4129 	4279
f 4309 	4129 	4278
f 4121 	4279 	4128
f 1707 	4277 	4279
f 4279 	4130 	4278
f 4279 	4277 	4130
f 4280 	2238 	4124
f 4332 	2238 	4280
f 4124 	4282 	4280
f 4130 	4332 	4284
f 4332 	4283 	4284
f 4144 	4286 	4287
f 4272 	3488 	3492
f 4070 	4291 	4274
f 4288 	1599 	4290
f 4289 	4290 	1599
f 4291 	4272 	4274
f 7 	4288 	3
f 3488 	4272 	4291
f 10 	4288 	7
f 4302 	4293 	4070
f 4291 	4070 	4293
f 4293 	4302 	4281
f 4281 	4512 	4293
f 4295 	4296 	4294
f 4281 	4285 	4542
f 4295 	4310 	4296
f 4512 	4281 	4542
f 4542 	4285 	4543
f 3917 	4298 	3882
f 4294 	4296 	4299
f 4297 	4294 	4299
f 3873 	4270 	3871
f 4296 	4300 	4299
f 3873 	3874 	4274
f 4300 	4296 	4315
f 4270 	3873 	4274
f 4070 	4274 	3874
f 3874 	3882 	4070
f 4297 	4299 	4301
f 4302 	3882 	4298
f 4297 	4301 	3957
f 4070 	3882 	4302
f 4299 	4300 	4014
f 4014 	4301 	4299
f 4014 	4300 	4015
f 4302 	4298 	4303
f 4315 	4016 	4300
f 3843 	3841 	4301
f 534 	4304 	4323
f 534 	4323 	555
f 533 	4304 	534
f 538 	4304 	533
f 545 	4306 	537
f 4323 	4304 	4305
f 537 	4306 	538
f 538 	4306 	4304
f 4280 	4283 	4332
f 4284 	4283 	4309
f 4278 	4130 	4284
f 4305 	4312 	4310
f 4304 	4313 	4305
f 4311 	4058 	4308
f 4306 	4313 	4304
f 4064 	4311 	4307
f 4306 	4026 	4313
f 4305 	4313 	4312
f 4064 	4307 	4067
f 4313 	4031 	4312
f 4307 	4314 	4067
f 4313 	4026 	4031
f 4310 	4312 	4315
f 4314 	4069 	4067
f 4296 	4310 	4315
f 4312 	4030 	4315
f 4312 	4031 	4030
f 4315 	4030 	4016
f 544 	4317 	545
f 545 	4317 	4306
f 546 	4317 	544
f 4314 	4316 	4069
f 4306 	4317 	4026
f 4317 	546 	4024
f 547 	4024 	546
f 4026 	4317 	4024
f 548 	4318 	549
f 4069 	4316 	4065
f 549 	4318 	4024
f 549 	4024 	547
f 548 	469 	4318
f 4024 	4318 	4028
f 4319 	4065 	4316
f 2509 	4028 	4318
f 4319 	4320 	4627
f 4065 	4319 	4627
f 551 	4321 	552
f 553 	4325 	554
f 554 	4325 	4321
f 554 	4321 	551
f 555 	4323 	556
f 4323 	4325 	556
f 4328 	4321 	4324
f 3629 	4326 	5027
f 5027 	4326 	5030
f 3609 	4326 	3629
f 3615 	4326 	3616
f 3620 	4326 	3619
f 3619 	4326 	3623
f 3621 	4326 	3620
f 553 	556 	4325
f 4321 	4325 	4324
f 4325 	4323 	4330
f 4324 	4325 	4330
f 4330 	4323 	4305
f 4321 	4328 	3996
f 3996 	4328 	3995
f 3995 	4328 	4327
f 4328 	4324 	4329
f 4327 	4328 	4329
f 4324 	4330 	4295
f 4330 	4305 	4310
f 4310 	4295 	4330
f 3998 	4327 	4005
f 4284 	4309 	4278
f 4327 	4329 	4331
f 4128 	4279 	4129
f 4005 	4327 	4331
f 4129 	4309 	4282
f 4283 	4280 	4309
f 4282 	4309 	4280
f 4329 	4294 	4331
f 4329 	4324 	4295
f 4329 	4295 	4294
f 4331 	4294 	4297
f 3953 	4331 	4297
f 3616 	4326 	3621
f 4332 	4277 	4353
f 3360 	4326 	3361
f 3364 	4326 	3363
f 1737 	4353 	1700
f 3366 	4326 	3615
f 3363 	4326 	3366
f 3365 	4326 	3364
f 1296 	1894 	2070
f 4303 	4281 	4302
f 4298 	3917 	4337
f 4896 	4335 	4900
f 46 	4335 	4895
f 4898 	4335 	4897
f 4897 	4335 	4896
f 4298 	4337 	4303
f 4900 	4335 	4902
f 4337 	4334 	4303
f 4902 	4335 	4892
f 4334 	4337 	4340
f 4334 	4340 	4343
f 4894 	4335 	4893
f 4810 	4335 	4809
f 4811 	4335 	4810
f 4813 	4335 	4135
f 4838 	4335 	4813
f 4137 	4335 	4271
f 4135 	4335 	4139
f 4139 	4335 	4137
f 4275 	4335 	4081
f 4335 	4273 	4271
f 4138 	4335 	4275
f 4341 	4343 	4340
f 4273 	4335 	4138
f 4276 	4335 	4308
f 4081 	4335 	4276
f 4308 	4335 	4311
f 4335 	4307 	4311
f 4339 	4350 	4349
f 4316 	4335 	4319
f 4307 	4335 	4314
f 4339 	4342 	4350
f 4314 	4335 	4316
f 4319 	4335 	4320
f 4335 	4694 	4674
f 4320 	4335 	4322
f 4322 	4335 	4674
f 4714 	4335 	4747
f 4675 	4335 	4714
f 4 	3 	4344
f 2096 	4288 	10
f 9 	4 	4344
f 5 	9 	4344
f 4303 	4285 	4281
f 4718 	4335 	4716
f 4285 	4303 	4334
f 4345 	4334 	4343
f 4783 	4335 	4718
f 4285 	4334 	4345
f 4343 	4346 	4345
f 4346 	4343 	4347
f 4335 	4894 	4892
f 4335 	4811 	4893
f 4345 	4346 	4548
f 4338 	4347 	4341
f 4347 	4343 	4341
f 4933 	4746 	4335
f 4338 	4339 	4349
f 4335 	4746 	4704
f 4347 	4338 	4349
f 4348 	4346 	4347
f 1700 	4353 	4277
f 4347 	4349 	4348
f 1737 	1795 	4353
f 4349 	4359 	4348
f 4361 	4332 	4352
f 4351 	4352 	4332
f 4349 	4350 	4359
f 4351 	4332 	4353
f 4354 	4351 	4355
f 4354 	4352 	4351
f 4352 	4354 	4361
f 4355 	4351 	4356
f 4354 	4355 	4356
f 4356 	4351 	4353
f 4554 	4346 	4348
f 4332 	4358 	2238
f 4357 	2238 	4358
f 4360 	4357 	4358
f 4362 	4332 	4361
f 4358 	4332 	4362
f 4549 	4348 	4359
f 4363 	4364 	4361
f 3361 	4326 	3365
f 4326 	3360 	3362
f 3358 	4326 	3362
f 4054 	4326 	4053
f 3351 	4326 	3358
f 3355 	4326 	3352
f 3476 	3493 	4366
f 4326 	3351 	3359
f 3352 	4326 	3359
f 3476 	4366 	4365
f 4053 	4326 	3355
f 4396 	4367 	4366
f 4055 	4326 	4054
f 4326 	4055 	4131
f 4056 	4326 	4131
f 4654 	4326 	4057
f 4326 	4056 	4147
f 4057 	4326 	4143
f 4143 	4326 	4147
f 4695 	4326 	4656
f 4656 	4326 	4659
f 4696 	4326 	4695
f 4689 	4326 	4696
f 4705 	4326 	4689
f 5046 	4326 	4705
f 4326 	4963 	4976
f 4344 	364 	5
f 363 	5 	364
f 5046 	4956 	4326
f 663 	352 	363
f 4365 	4366 	4367
f 4968 	4326 	4956
f 4365 	4379 	3483
f 4326 	4970 	4963
f 4365 	4367 	4369
f 4364 	4362 	4361
f 4361 	4354 	4363
f 4360 	4358 	4364
f 4362 	4364 	4358
f 4356 	4364 	4363
f 4356 	4363 	4354
f 4368 	3483 	4379
f 4360 	4364 	4357
f 4374 	4357 	4364
f 4365 	4369 	4379
f 4371 	2037 	4370
f 2037 	4357 	4370
f 4367 	4380 	4369
f 4372 	2037 	4371
f 4370 	4374 	4375
f 4376 	4373 	4377
f 4378 	4370 	4375
f 4378 	4371 	4370
f 3375 	4368 	3379
f 4377 	4371 	4378
f 365 	563 	665
f 4344 	665 	563
f 3380 	3379 	4368
f 364 	4344 	563
f 361 	365 	665
f 4371 	4377 	4372
f 4368 	4379 	3380
f 4378 	4356 	4377
f 4376 	4377 	4356
f 4375 	4356 	4378
f 4374 	4356 	4375
f 4364 	4356 	4374
f 1861 	4376 	4356
f 4379 	4369 	4389
f 4374 	4370 	4357
f 1861 	1831 	4376
f 4373 	4376 	1831
f 4372 	4377 	4373
f 4389 	3380 	4379
f 4369 	4412 	4389
f 2128 	2115 	663
f 4373 	1831 	2037
f 4382 	4268 	4267
f 4372 	4373 	2037
f 4269 	4500 	4383
f 4383 	4268 	4384
f 4382 	4384 	4268
f 4264 	4382 	4265
f 4264 	4259 	4385
f 2238 	2037 	2079
f 4369 	4380 	4412
f 1896 	1895 	2992
f 2933 	2992 	1895
f 4382 	4267 	4266
f 4266 	4265 	4382
f 4390 	4388 	1941
f 1804 	1803 	4389
f 4389 	4412 	1805
f 1804 	4389 	1805
f 3488 	4394 	3492
f 3492 	4394 	3491
f 4393 	4391 	1941
f 4394 	3488 	4397
f 4392 	4393 	1941
f 4392 	1941 	4395
f 4366 	3493 	3491
f 4395 	1941 	4388
f 4396 	3491 	4394
f 4366 	3491 	4396
f 4390 	1941 	4398
f 4402 	4394 	4397
f 4400 	4398 	1941
f 4400 	1941 	4399
f 4399 	1941 	4403
f 4367 	4396 	4401
f 4394 	4402 	4396
f 4396 	4402 	4401
f 4397 	4404 	4402
f 4403 	1941 	4386
f 4407 	1941 	4406
f 4405 	1941 	4407
f 4380 	4367 	4401
f 4402 	4410 	4401
f 4404 	4410 	4402
f 4408 	1941 	4411
f 4405 	4411 	1941
f 4419 	4431 	4380
f 4412 	4380 	4431
f 4412 	1806 	1805
f 4406 	1941 	4391
f 4412 	4431 	1807
f 4386 	1941 	4387
f 1806 	4412 	1807
f 4404 	4416 	4410
f 4413 	4387 	1941
f 4415 	4413 	1941
f 4410 	4416 	4498
f 1941 	4414 	4415
f 4418 	4414 	1941
f 4419 	4380 	4401
f 4417 	4418 	1941
f 4401 	4410 	4419
f 4498 	4419 	4410
f 4422 	4423 	1896
f 4421 	4417 	1896
f 1941 	1896 	4417
f 4420 	4421 	1896
f 4423 	4420 	1896
f 4425 	4385 	4263
f 4426 	4264 	4385
f 4426 	4428 	4264
f 4382 	4264 	4428
f 4426 	4385 	4428
f 4425 	4428 	4385
f 4424 	4422 	1896
f 4262 	4261 	4429
f 665 	768 	361
f 4260 	4430 	4261
f 4429 	4261 	4430
f 4260 	4259 	4381
f 4260 	4381 	4430
f 666 	792 	667
f 4429 	4425 	4262
f 4263 	4262 	4425
f 770 	767 	771
f 773 	774 	767
f 665 	767 	774
f 666 	361 	768
f 770 	773 	767
f 774 	769 	665
f 768 	665 	769
f 768 	792 	666
f 802 	804 	797
f 867 	802 	767
f 2298 	797 	804
f 767 	859 	864
f 860 	767 	864
f 867 	767 	860
f 861 	863 	859
f 863 	864 	859
f 862 	861 	859
f 865 	862 	859
f 802 	771 	767
f 986 	953 	859
f 952 	986 	859
f 2355 	947 	2392
f 859 	1014 	952
f 1009 	1014 	859
f 4292 	4289 	1599
f 1592 	4292 	1599
f 1597 	1595 	1598
f 1598 	1595 	1599
f 1591 	1592 	1599
f 1595 	1591 	1599
f 4344 	3 	4288
f 2096 	2098 	2082
f 352 	663 	2115
f 5 	363 	352
f 2081 	4288 	2082
f 4288 	2096 	2082
f 2097 	2102 	2098
f 2102 	2082 	2098
f 2099 	2101 	2095
f 2097 	2095 	2102
f 2094 	2099 	2095
f 2102 	2095 	2101
f 1599 	4288 	2081
f 2094 	2114 	2099
f 2116 	2127 	2114
f 2115 	2128 	2116
f 667 	2227 	2140
f 2123 	2099 	2127
f 2221 	2124 	2126
f 2099 	2123 	2125
f 2124 	2221 	2125
f 2099 	2125 	2221
f 2127 	2116 	2128
f 2114 	2127 	2099
f 2126 	2139 	2221
f 2140 	2221 	2139
f 792 	2227 	667
f 771 	802 	797
f 2297 	2228 	2224
f 2298 	2297 	2224
f 2226 	2140 	2227
f 2297 	2229 	2228
f 2221 	2225 	2230
f 2221 	2230 	2229
f 2221 	2229 	2297
f 2221 	2140 	2226
f 2225 	2221 	2226
f 2304 	2297 	804
f 859 	953 	865
f 2304 	2353 	2297
f 2298 	804 	2297
f 2312 	2311 	2313
f 2352 	2297 	2353
f 2314 	2313 	2311
f 2356 	2314 	2311
f 2352 	2356 	2297
f 2311 	2297 	2356
f 2355 	2393 	2312
f 2392 	947 	953
f 865 	953 	947
f 2311 	2394 	2472
f 2393 	2355 	2392
f 2394 	2311 	2393
f 2312 	2393 	2311
f 2470 	2311 	2472
f 1595 	1597 	6
f 1 	6 	1597
f 4090 	4089 	3908
f 4094 	4100 	4093
f 3886 	3885 	3909
f 3885 	4090 	3909
f 3908 	3909 	4090
f 4086 	4084 	3908
f 4101 	3908 	4084
f 4084 	4078 	4101
f 4079 	4101 	4078
f 4089 	4086 	3908
f 4079 	4093 	4101
f 4104 	33 	4103
f 4094 	4107 	4100
f 4101 	4093 	4100
f 4104 	4100 	4107
f 33 	4104 	4107
f 3886 	4118 	4113
f 3886 	3909 	4117
f 3886 	4117 	4118
f 4103 	33 	4099
f 4113 	4247 	3886
f 4110 	4247 	4113
f 4247 	4432 	3886
f 3886 	4432 	4457
f 33 	39 	4099
f 4158 	4099 	39
f 4210 	4212 	4209
f 4211 	4212 	4210
f 4205 	4212 	4207
f 4204 	4212 	4205
f 4206 	4214 	4204
f 4220 	4214 	4206
f 4207 	4212 	4211
f 4209 	4216 	39
f 4158 	39 	4213
f 4214 	4219 	4215
f 4217 	4215 	4136
f 4218 	4136 	4215
f 4212 	4204 	4214
f 4219 	4214 	4220
f 4218 	4215 	4219
f 4216 	4209 	4212
f 4213 	39 	4216
f 4217 	4136 	4223
f 4136 	4144 	4230
f 4136 	4230 	4223
f 4226 	4223 	4230
f 4252 	4432 	4251
f 4255 	4432 	4254
f 4246 	4384 	4250
f 4384 	4382 	4250
f 4254 	4432 	4247
f 4258 	4432 	4255
f 4253 	4251 	4432
f 4258 	4253 	4432
f 4248 	4250 	4382
f 4428 	4252 	4382
f 4430 	4381 	4432
f 4432 	4428 	4425
f 4432 	4425 	4429
f 4432 	4429 	4430
f 4381 	4433 	4432
f 4248 	4382 	4252
f 4432 	4252 	4428
f 4384 	4246 	4437
f 4457 	4432 	4433
f 4435 	4384 	4437
f 4438 	4435 	4437
f 4230 	4144 	4439
f 4440 	4439 	4144
f 4445 	4144 	4444
f 4443 	4448 	4438
f 4446 	4144 	4445
f 4444 	4448 	4443
f 4435 	4438 	4436
f 4144 	4447 	4442
f 4441 	4440 	4144
f 4442 	4441 	4144
f 4436 	4438 	4448
f 4449 	4144 	4453
f 4448 	4444 	4449
f 4447 	4144 	4446
f 4144 	4450 	4451
f 4452 	4144 	4451
f 4452 	4453 	4144
f 4449 	4444 	4144
f 4434 	4459 	4433
f 4455 	4450 	4454
f 4454 	4450 	4144
f 4457 	4433 	4456
f 4459 	4456 	4433
f 4460 	4456 	4459
f 4462 	4473 	4465
f 4464 	4465 	4473
f 4465 	4466 	4462
f 4466 	4467 	4462
f 4460 	4461 	4456
f 4461 	4462 	4467
f 4467 	4468 	4461
f 4469 	4461 	4468
f 4458 	4461 	4469
f 4456 	4461 	4458
f 4132 	4474 	4471
f 4472 	4132 	4471
f 4470 	4132 	4472
f 4463 	4464 	4473
f 4471 	4474 	4473
f 4463 	4473 	4475
f 4475 	4473 	4474
f 4476 	4132 	4470
f 4495 	4133 	4484
f 4483 	4484 	4133
f 4476 	4483 	4133
f 4477 	4478 	4481
f 4482 	4487 	4480
f 4482 	4480 	4481
f 4480 	4477 	4481
f 4478 	4454 	4481
f 4287 	4481 	4454
f 4144 	4287 	4454
f 4494 	4495 	4485
f 4493 	4494 	4485
f 4487 	4488 	4479
f 4484 	4485 	4495
f 4490 	4486 	4489
f 4486 	4479 	4489
f 4488 	4489 	4479
f 4491 	4486 	4490
f 4492 	4486 	4491
f 4485 	4486 	4493
f 4492 	4493 	4486
f 4479 	4480 	4487
f 4132 	4476 	4133
f 608 	4497 	598
f 4496 	598 	4497
f 4269 	4383 	4384
f 625 	711 	626
f 627 	626 	711
f 627 	711 	629
f 628 	629 	715
f 715 	629 	711
f 4690 	4114 	4679
f 4427 	1896 	1403
f 4576 	4498 	4573
f 4384 	4676 	4269
f 4232 	4233 	4148
f 4437 	4246 	4232
f 4576 	4502 	4498
f 1807 	4431 	1809
f 4269 	4676 	4500
f 4683 	4824 	4676
f 4431 	1810 	1809
f 4419 	4502 	4431
f 4259 	4383 	4500
f 4503 	4259 	4500
f 4498 	4502 	4419
f 4259 	4503 	4381
f 4433 	4381 	4503
f 1811 	1810 	4502
f 4431 	4502 	1810
f 4678 	4679 	4877
f 4434 	4433 	4503
f 4434 	4503 	4500
f 1813 	4502 	4576
f 1813 	4576 	1814
f 4534 	4538 	4501
f 4501 	4499 	4534
f 4535 	4534 	4499
f 4532 	4531 	4535
f 1811 	4502 	1813
f 1402 	1403 	1896
f 4291 	4510 	3488
f 4293 	4510 	4291
f 1402 	1896 	1412
f 1415 	1412 	1896
f 1434 	1896 	1435
f 1437 	1435 	1896
f 1437 	1896 	1440
f 1417 	1896 	1434
f 1439 	1440 	1896
f 1442 	1439 	1896
f 1553 	1896 	1555
f 1442 	1896 	1553
f 1555 	1896 	1554
f 2992 	1682 	1896
f 1554 	1896 	1681
f 1681 	1896 	1682
f 1912 	1911 	1941
f 1928 	3330 	1906
f 1911 	1908 	1941
f 1912 	1941 	4409
f 4408 	4409 	1941
f 1927 	1926 	3330
f 1926 	1925 	3330
f 3330 	1941 	1908
f 1906 	3330 	1908
f 1928 	1927 	3330
f 2182 	3330 	2184
f 2184 	3330 	1925
f 2182 	2382 	3330
f 3330 	2382 	2381
f 2398 	2397 	3330
f 2399 	2398 	3330
f 2399 	3330 	2400
f 2397 	2410 	3330
f 3330 	2410 	2409
f 3330 	2381 	2401
f 3330 	2401 	2400
f 2466 	3330 	2468
f 2466 	2465 	3330
f 3330 	2409 	2468
f 3330 	2465 	2464
f 3111 	3109 	2992
f 3107 	3111 	2992
f 1682 	2992 	1685
f 3122 	2992 	3123
f 3106 	2992 	3121
f 3122 	3121 	2992
f 3106 	3107 	2992
f 3180 	2992 	3183
f 3199 	2992 	3197
f 3185 	2992 	3199
f 3200 	3197 	2992
f 3003 	3200 	2992
f 3203 	3202 	2992
f 2992 	3180 	3203
f 3183 	2992 	3185
f 3202 	3123 	2992
f 3206 	2992 	3204
f 3209 	2992 	3207
f 2992 	3330 	3207
f 3004 	2992 	3007
f 3233 	3007 	2992
f 3233 	2992 	3206
f 2992 	3004 	3006
f 3006 	3003 	2992
f 1683 	2992 	3109
f 1683 	1685 	2992
f 2464 	3210 	3330
f 3210 	3207 	3330
f 3209 	3204 	2992
f 1417 	1415 	1896
f 4427 	4424 	1896
f 4386 	4387 	4559
f 4390 	4515 	4388
f 4393 	4514 	4513
f 4393 	4513 	4391
f 4514 	4393 	4392
f 4388 	4515 	4395
f 4395 	4515 	4514
f 4395 	4514 	4392
f 4513 	4514 	4517
f 4518 	4514 	4515
f 4514 	4518 	4517
f 4499 	4501 	4519
f 4505 	4523 	4504
f 4504 	4521 	4506
f 4506 	4522 	4501
f 4496 	4497 	4507
f 4520 	4519 	4501
f 4521 	4504 	4523
f 4522 	4506 	4521
f 4520 	4501 	4522
f 4524 	4497 	4288
f 4524 	4507 	4497
f 4290 	4520 	4522
f 4524 	4523 	4507
f 4505 	4507 	4523
f 1527 	4288 	606
f 606 	4288 	4497
f 4497 	608 	606
f 4536 	590 	4496
f 4527 	723 	4526
f 752 	696 	4529
f 4529 	4530 	752
f 4530 	4525 	752
f 723 	752 	4525
f 4525 	4526 	723
f 1006 	721 	4527
f 1006 	4527 	4535
f 4529 	4528 	4536
f 4530 	4538 	4525
f 4537 	4530 	4529
f 4530 	4537 	4538
f 4534 	4526 	4525
f 1006 	4535 	4531
f 4506 	4501 	4538
f 4531 	4533 	1006
f 1005 	1006 	4533
f 4534 	4527 	4526
f 4527 	4534 	4535
f 4538 	4537 	4504
f 4504 	4506 	4538
f 4537 	4529 	4536
f 4534 	4525 	4538
f 4537 	4536 	4507
f 4496 	4507 	4536
f 4507 	4505 	4537
f 4505 	4504 	4537
f 4539 	4531 	4532
f 4539 	4533 	4531
f 1005 	4533 	1593
f 4541 	1593 	4533
f 4533 	4539 	4541
f 4540 	4539 	4532
f 4499 	4540 	4532
f 4519 	4540 	4499
f 4540 	4292 	4539
f 4521 	4290 	4522
f 4289 	4519 	4520
f 4540 	4519 	4289
f 4540 	4289 	4292
f 4290 	4524 	4288
f 4541 	4539 	4292
f 1592 	4541 	4292
f 4520 	4290 	4289
f 4290 	4523 	4524
f 4521 	4523 	4290
f 1140 	4344 	4288
f 1213 	1198 	4288
f 4288 	1250 	1213
f 4288 	1527 	1515
f 726 	4528 	701
f 696 	701 	4528
f 4528 	726 	4536
f 744 	4536 	726
f 4512 	4510 	4293
f 3488 	4510 	4397
f 4510 	4512 	4544
f 4544 	4397 	4510
f 4512 	4542 	4545
f 4544 	4512 	4545
f 4542 	4543 	4547
f 4545 	4542 	4547
f 4397 	4544 	4404
f 4544 	4545 	4546
f 4404 	4544 	4546
f 4416 	4404 	4546
f 4543 	4285 	4345
f 4548 	4543 	4345
f 4551 	4390 	4398
f 4548 	4346 	4554
f 4399 	4555 	4400
f 4400 	4555 	4551
f 4554 	4348 	4549
f 4400 	4551 	4398
f 4403 	4555 	4399
f 4550 	4518 	4515
f 4390 	4551 	4515
f 4359 	165 	4549
f 4552 	4543 	4548
f 4550 	4515 	4551
f 4552 	4547 	4543
f 4548 	4553 	4552
f 4548 	4554 	4553
f 4554 	4549 	4556
f 4553 	4554 	4556
f 4549 	176 	4556
f 176 	4549 	165
f 4403 	4386 	4559
f 4555 	4403 	4559
f 4551 	4562 	4550
f 4555 	4562 	4551
f 197 	4556 	176
f 4562 	4555 	4557
f 4545 	4558 	4546
f 4547 	4558 	4545
f 4560 	4558 	4547
f 4555 	4559 	4557
f 4560 	4547 	4552
f 4557 	4559 	242
f 4546 	4558 	4565
f 4561 	4566 	4550
f 4565 	4416 	4546
f 4558 	4560 	4563
f 4563 	4560 	4597
f 4550 	4562 	4561
f 4560 	4598 	4597
f 4562 	4557 	4564
f 4561 	4562 	4564
f 4564 	4557 	249
f 4565 	4558 	4563
f 249 	4557 	242
f 4565 	4563 	4577
f 419 	4564 	249
f 728 	4333 	741
f 4518 	4567 	4517
f 760 	730 	729
f 4518 	4550 	4566
f 760 	4333 	730
f 730 	4333 	728
f 731 	760 	729
f 4516 	4517 	4567
f 764 	4333 	760
f 4567 	4518 	4566
f 738 	4569 	4568
f 738 	4568 	735
f 737 	4569 	738
f 737 	741 	4569
f 741 	4333 	4569
f 4566 	4561 	4572
f 422 	4564 	419
f 1585 	4569 	4333
f 4570 	4658 	4516
f 4571 	4568 	4569
f 4567 	4570 	4516
f 4569 	1585 	4571
f 4591 	4571 	1586
f 1589 	4571 	1585
f 1586 	4571 	1589
f 4561 	4564 	422
f 735 	4568 	747
f 4572 	4561 	422
f 746 	4575 	4596
f 4573 	4498 	4416
f 746 	745 	4575
f 4565 	4573 	4416
f 745 	747 	4575
f 4575 	747 	4568
f 4577 	4573 	4565
f 4596 	4575 	4574
f 4566 	4578 	4567
f 4567 	4578 	4570
f 4578 	4566 	4572
f 45 	4335 	46
f 4578 	4572 	4579
f 4579 	4664 	4578
f 4579 	4572 	421
f 421 	4572 	422
f 4335 	4783 	4747
f 4664 	4579 	800
f 803 	4579 	421
f 4675 	4694 	4335
f 4580 	4411 	4405
f 4407 	4580 	4405
f 4409 	1918 	1912
f 4580 	4582 	4411
f 4933 	4335 	4935
f 4408 	4411 	4582
f 4409 	4582 	1918
f 4582 	4409 	4408
f 4335 	42 	4935
f 44 	4335 	45
f 1918 	4582 	4583
f 4609 	1917 	4581
f 4581 	1918 	4583
f 4716 	4335 	4704
f 4391 	4513 	4406
f 4585 	4406 	4513
f 4580 	4620 	4582
f 4065 	4627 	4588
f 4585 	4407 	4406
f 4580 	4407 	4585
f 4590 	4580 	4585
f 1727 	1726 	4073
f 4585 	4513 	4587
f 4073 	4065 	4588
f 4517 	4587 	4513
f 4588 	4627 	4584
f 4592 	4573 	4577
f 4575 	4568 	4591
f 4574 	4575 	4591
f 1596 	4595 	4574
f 4576 	1815 	1814
f 4573 	4592 	4576
f 1586 	1603 	4591
f 1816 	1815 	4592
f 4576 	4592 	1815
f 4571 	4591 	4568
f 4592 	4604 	1817
f 1816 	4592 	1817
f 750 	4596 	751
f 751 	4596 	4593
f 751 	4593 	749
f 746 	4596 	750
f 4556 	4594 	4553
f 4556 	197 	4594
f 4595 	4593 	4596
f 4553 	4598 	4552
f 4560 	4552 	4598
f 4574 	4595 	4596
f 4598 	4553 	4594
f 4599 	4601 	4593
f 4601 	4599 	2257
f 4599 	4593 	4595
f 2257 	4599 	2231
f 197 	326 	4594
f 4599 	4595 	1601
f 4603 	4563 	4597
f 1601 	4595 	1596
f 4598 	4594 	4600
f 756 	4601 	2250
f 4598 	4600 	4597
f 755 	4601 	756
f 749 	4593 	757
f 757 	4593 	4601
f 757 	4601 	755
f 4600 	330 	4606
f 2250 	4601 	2257
f 326 	4600 	4594
f 1023 	1022 	1891
f 330 	4600 	326
f 1 	1597 	272
f 268 	269 	4602
f 281 	270 	268
f 4603 	4577 	4563
f 2055 	4874 	3720
f 4600 	4606 	4597
f 2053 	3026 	3025
f 4620 	4580 	4590
f 4585 	4587 	4590
f 1727 	4073 	4588
f 4588 	4584 	1731
f 4590 	4587 	4607
f 1731 	1727 	4588
f 4584 	4586 	1736
f 4516 	4607 	4587
f 4603 	4604 	4577
f 4516 	4587 	4517
f 4577 	4604 	4592
f 4603 	4605 	4604
f 4597 	4606 	4603
f 4590 	4607 	4589
f 4603 	4606 	4605
f 4606 	351 	4605
f 4607 	4516 	4658
f 1820 	1817 	4604
f 1822 	1821 	4605
f 4604 	4605 	1821
f 1820 	4604 	1821
f 1822 	4605 	1824
f 4605 	351 	1824
f 4608 	3079 	3078
f 1936 	1917 	4609
f 4581 	4611 	4609
f 4611 	4581 	4583
f 4612 	4611 	4583
f 2055 	3720 	2053
f 3026 	2053 	3720
f 4140 	3720 	4874
f 271 	2485 	763
f 763 	2858 	1024
f 1022 	3294 	1891
f 3290 	4602 	3303
f 268 	4602 	1295
f 3290 	1294 	4602
f 268 	1295 	281
f 2051 	3025 	4614
f 3884 	4614 	3025
f 3025 	2051 	2053
f 270 	4615 	269
f 270 	269 	268
f 4613 	4616 	4610
f 1024 	3303 	4602
f 1595 	6 	1594
f 2108 	272 	1597
f 281 	272 	3403
f 4616 	4617 	4619
f 2108 	3403 	272
f 2959 	4618 	4613
f 3403 	3400 	270
f 3403 	270 	281
f 4613 	4618 	4616
f 4618 	2959 	2964
f 3391 	1377 	270
f 4617 	4616 	4618
f 2964 	3010 	4618
f 4457 	3884 	3886
f 3010 	4617 	4618
f 4457 	4614 	3884
f 1825 	1846 	4619
f 1826 	4619 	4617
f 1826 	4617 	1827
f 4582 	4620 	4583
f 1825 	4619 	1826
f 4612 	4583 	4620
f 1827 	4617 	1778
f 4620 	4589 	4612
f 4620 	4590 	4589
f 4609 	4621 	1936
f 4624 	4609 	4611
f 4621 	4609 	4624
f 4610 	4616 	4626
f 4612 	4647 	4611
f 4623 	4625 	4622
f 4611 	4647 	4624
f 4623 	4626 	4625
f 1731 	4584 	1736
f 142 	716 	712
f 1960 	712 	1305
f 20 	710 	1304
f 1301 	1962 	1305
f 36 	35 	20
f 48 	142 	38
f 4630 	4627 	4320
f 4626 	4616 	4619
f 4619 	4625 	4626
f 4630 	4584 	4627
f 4630 	4586 	4584
f 27 	36 	20
f 4586 	4630 	4631
f 1841 	1852 	4622
f 38 	20 	35
f 1842 	4622 	4625
f 1842 	4625 	1843
f 1841 	4622 	1842
f 1843 	4625 	1846
f 4625 	4619 	1846
f 339 	142 	49
f 49 	142 	48
f 4633 	3078 	4632
f 3082 	4632 	3078
f 3078 	4633 	4608
f 20 	75 	76
f 53 	75 	20
f 4637 	4635 	4632
f 742 	52 	20
f 76 	59 	20
f 4634 	4635 	4637
f 4637 	4632 	3081
f 3081 	4632 	3082
f 62 	20 	60
f 59 	60 	20
f 67 	20 	65
f 27 	20 	68
f 3087 	4637 	3081
f 20 	62 	65
f 68 	20 	67
f 4636 	4613 	4610
f 4634 	4638 	4636
f 20 	38 	142
f 4638 	4634 	4637
f 4636 	4638 	4613
f 341 	142 	339
f 340 	142 	341
f 2959 	4613 	4638
f 4637 	3087 	4638
f 2959 	4638 	3087
f 369 	142 	340
f 372 	142 	371
f 378 	142 	372
f 381 	142 	379
f 378 	377 	142
f 142 	369 	368
f 4639 	4641 	4643
f 4641 	4640 	4645
f 368 	371 	142
f 384 	142 	381
f 379 	142 	377
f 614 	142 	603
f 4636 	4640 	4634
f 4636 	4645 	4640
f 4639 	4643 	4907
f 383 	603 	142
f 383 	142 	384
f 4644 	4589 	4607
f 4641 	4645 	4643
f 4607 	4658 	4644
f 4646 	2020 	4621
f 4610 	4645 	4636
f 4646 	2018 	2020
f 4621 	4624 	4657
f 4610 	4648 	4645
f 4227 	4698 	4509
f 4509 	4508 	4227
f 4153 	4227 	4508
f 4643 	4648 	4642
f 4153 	4508 	4162
f 4508 	4679 	4649
f 4649 	4679 	4650
f 4651 	4612 	4589
f 4647 	4612 	4651
f 4651 	4589 	4644
f 4754 	4647 	4651
f 4586 	1728 	1736
f 4628 	4655 	4631
f 4586 	4631 	4655
f 1728 	4586 	4655
f 4621 	4657 	4646
f 4760 	4646 	4657
f 4648 	4643 	4645
f 4763 	4657 	4624
f 4657 	4763 	4767
f 4648 	4623 	4642
f 4648 	4610 	4626
f 4626 	4623 	4648
f 4608 	4633 	3079
f 4651 	4644 	4660
f 4654 	4659 	4326
f 4660 	4754 	4651
f 180 	1728 	4655
f 4644 	4658 	4662
f 4629 	4663 	4628
f 4660 	4644 	4662
f 4655 	4628 	4663
f 4629 	4653 	4663
f 4671 	4658 	4570
f 4655 	4663 	180
f 4663 	4653 	186
f 4664 	4671 	4570
f 4578 	4664 	4570
f 180 	4663 	186
f 4795 	4666 	4788
f 4660 	4662 	4668
f 4662 	4670 	4668
f 4658 	4671 	4662
f 4051 	4143 	4048
f 4662 	4671 	4670
f 4051 	4057 	4143
f 4671 	4664 	4672
f 4051 	4052 	4057
f 4670 	4671 	4672
f 4052 	4665 	4654
f 4788 	4666 	4653
f 4653 	4666 	189
f 4052 	4654 	4057
f 4665 	4667 	4659
f 189 	4666 	182
f 4668 	4670 	832
f 4659 	4654 	4665
f 4650 	4677 	4652
f 4652 	4710 	4650
f 4667 	4673 	4656
f 4984 	4993 	4649
f 4162 	4508 	4649
f 4677 	4678 	4877
f 4679 	4678 	4650
f 4435 	4676 	4384
f 4322 	4630 	4320
f 4845 	4706 	4846
f 4322 	4674 	4631
f 4448 	4814 	4436
f 4678 	4677 	4650
f 4676 	4435 	4683
f 4436 	4683 	4435
f 4680 	4661 	4681
f 4814 	4818 	4684
f 4677 	4877 	4685
f 4436 	4814 	4684
f 4681 	4669 	4635
f 4846 	4652 	4685
f 4685 	4652 	4677
f 4436 	4684 	4683
f 4224 	4686 	4687
f 4224 	4687 	4688
f 4150 	4184 	4232
f 4688 	4232 	4224
f 4692 	4743 	4691
f 4693 	4743 	4692
f 4691 	4743 	4690
f 4225 	4114 	4744
f 4508 	4509 	4690
f 4691 	4690 	4509
f 4437 	4232 	4688
f 4631 	4630 	4322
f 4690 	4679 	4508
f 4631 	4674 	4628
f 4692 	4691 	4509
f 4659 	4667 	4656
f 4688 	4687 	4437
f 4438 	4437 	4687
f 4674 	4694 	4628
f 4693 	4692 	4511
f 4509 	4511 	4692
f 4438 	4687 	4686
f 4629 	4694 	4675
f 4682 	4695 	4673
f 4629 	4628 	4694
f 4656 	4673 	4695
f 4682 	4696 	4695
f 4231 	4229 	4698
f 4629 	4675 	4788
f 4714 	4795 	4788
f 4698 	4742 	4699
f 4682 	4697 	4696
f 4734 	4733 	4700
f 4697 	4689 	4696
f 4735 	4734 	4700
f 4702 	4736 	4700
f 4629 	4788 	4653
f 4697 	4701 	4689
f 4699 	4702 	4698
f 4511 	4509 	4698
f 4703 	4702 	4699
f 5042 	4705 	4701
f 4701 	4705 	4689
f 2702 	4726 	2706
f 2702 	2709 	4726
f 4713 	4830 	4711
f 4715 	4726 	2709
f 4652 	4706 	4709
f 4652 	4709 	4708
f 4652 	4708 	4707
f 4652 	4707 	4713
f 4652 	4713 	4711
f 4712 	4652 	4711
f 4984 	4649 	4859
f 4710 	4652 	4712
f 4042 	2618 	2706
f 4717 	4042 	2706
f 4632 	4635 	4669
f 4720 	4721 	4724
f 4721 	4722 	4724
f 4723 	4724 	4722
f 4719 	4720 	4724
f 4750 	4724 	4723
f 4724 	4224 	4719
f 4725 	4224 	4724
f 4727 	4224 	4725
f 4728 	4224 	4727
f 4228 	4719 	4224
f 4730 	4224 	4729
f 4731 	4224 	4730
f 4686 	4224 	4731
f 4729 	4224 	4728
f 2706 	4726 	4717
f 4735 	4736 	4739
f 4736 	4737 	4739
f 4734 	4735 	4739
f 4738 	4739 	4737
f 4733 	4734 	4739
f 4693 	4733 	4739
f 4739 	4751 	4693
f 4693 	4740 	4741
f 4742 	4743 	4693
f 4744 	4114 	4743
f 4741 	4742 	4693
f 4230 	4439 	4228
f 4719 	4228 	4439
f 4726 	4715 	4745
f 4720 	4719 	4439
f 4720 	4439 	4440
f 4744 	4743 	4698
f 4717 	4726 	4745
f 4722 	4721 	4441
f 4440 	4441 	4721
f 4699 	4742 	4741
f 4721 	4720 	4440
f 4698 	4743 	4742
f 4723 	4722 	4441
f 4723 	4441 	4442
f 4741 	4740 	4699
f 4443 	4438 	4731
f 4686 	4731 	4438
f 4733 	4693 	4511
f 4443 	4731 	4730
f 4511 	4700 	4733
f 4730 	4729 	4443
f 4444 	4443 	4729
f 4444 	4729 	4728
f 4717 	4745 	4665
f 4735 	4700 	4736
f 4675 	4714 	4788
f 4665 	4052 	4717
f 4445 	4444 	4728
f 4445 	4728 	4727
f 4737 	4736 	4702
f 4665 	4745 	4667
f 4727 	4725 	4445
f 4446 	4445 	4725
f 4715 	4748 	4745
f 4702 	4738 	4737
f 4724 	4447 	4446
f 4724 	4446 	4725
f 4702 	4739 	4738
f 4749 	4724 	4750
f 4752 	4693 	4751
f 4740 	4693 	4752
f 4724 	4749 	4447
f 4745 	4748 	4667
f 4702 	4703 	4739
f 4751 	4739 	4703
f 4732 	4632 	4669
f 4670 	4672 	798
f 4633 	4732 	3079
f 4756 	2697 	2726
f 798 	832 	4670
f 798 	4672 	799
f 4664 	800 	4672
f 4633 	4632 	4732
f 799 	4672 	800
f 4640 	4680 	4634
f 4624 	4647 	4763
f 4680 	4681 	4635
f 4634 	4680 	4635
f 4753 	4756 	2726
f 4756 	4715 	2709
f 2018 	4757 	2032
f 4756 	4753 	4759
f 4757 	2018 	4646
f 4756 	4759 	4715
f 4760 	4757 	4646
f 4753 	4761 	4759
f 4767 	4760 	4657
f 4647 	4754 	4763
f 4748 	4715 	4759
f 4754 	4660 	4778
f 4772 	2032 	4757
f 4774 	4757 	4760
f 4772 	4757 	4774
f 4755 	4766 	4839
f 4767 	4776 	4760
f 4766 	4758 	4661
f 4764 	781 	4768
f 4769 	4763 	4754
f 4839 	4766 	4661
f 781 	4764 	777
f 4763 	4769 	4767
f 4761 	4770 	4759
f 4758 	4762 	4681
f 4769 	4754 	4778
f 4661 	4758 	4681
f 4759 	4770 	4748
f 4669 	4681 	4762
f 4781 	4761 	4765
f 4770 	4761 	4781
f 4771 	4669 	4762
f 4899 	4773 	4765
f 4771 	4732 	4669
f 4782 	4765 	4773
f 4732 	4771 	4775
f 4773 	4764 	4768
f 4760 	4776 	4774
f 3117 	4775 	3129
f 4768 	4782 	4773
f 4784 	4767 	4769
f 3117 	4732 	4775
f 4767 	4784 	4776
f 4668 	4778 	4660
f 4748 	4770 	4673
f 4778 	829 	4785
f 4667 	4748 	4673
f 4839 	4780 	4790
f 4770 	4682 	4673
f 4778 	4668 	829
f 4780 	4839 	4661
f 4780 	4661 	4680
f 832 	829 	4668
f 4770 	4781 	4682
f 4777 	4779 	4939
f 4781 	4697 	4682
f 4774 	839 	4772
f 4781 	4765 	4782
f 837 	4772 	839
f 4774 	4776 	840
f 839 	4774 	840
f 4781 	4782 	4697
f 840 	4776 	842
f 4701 	4782 	4768
f 4783 	4718 	4798
f 842 	4776 	4784
f 4782 	4701 	4697
f 844 	842 	4784
f 4803 	4783 	4798
f 4784 	4769 	4785
f 4785 	4769 	4778
f 4718 	4716 	4805
f 4805 	4798 	4718
f 4785 	844 	4784
f 4716 	4704 	4807
f 849 	4785 	829
f 844 	4785 	849
f 4805 	4716 	4807
f 4387 	4787 	4559
f 58 	4807 	4704
f 4413 	4787 	4387
f 4414 	4792 	4415
f 2741 	2751 	4797
f 4415 	4792 	4787
f 2749 	4789 	2751
f 4415 	4787 	4413
f 4418 	4793 	4792
f 4418 	4792 	4414
f 4417 	4793 	4418
f 4786 	4789 	4806
f 4421 	4793 	4417
f 4939 	4779 	4639
f 4797 	2751 	4789
f 242 	4559 	4787
f 239 	242 	4787
f 4789 	4786 	4791
f 4790 	4639 	4779
f 4790 	4780 	4641
f 4792 	239 	4787
f 4639 	4790 	4641
f 4792 	245 	239
f 4641 	4780 	4640
f 4714 	4747 	4795
f 2726 	2736 	4794
f 245 	4792 	4793
f 4803 	4795 	4747
f 4793 	260 	245
f 4747 	4783 	4803
f 4420 	4800 	4421
f 4789 	4791 	4797
f 4800 	4793 	4421
f 4420 	4423 	4800
f 4799 	4800 	4423
f 4422 	4799 	4423
f 4797 	4791 	4802
f 4424 	4799 	4422
f 4796 	4797 	4802
f 4791 	4786 	4837
f 4836 	4791 	4837
f 4793 	4800 	260
f 4807 	58 	244
f 4794 	4753 	2726
f 4800 	4799 	254
f 4794 	4796 	4801
f 254 	260 	4800
f 4801 	4753 	4794
f 254 	4799 	262
f 4801 	4796 	4899
f 4424 	4427 	1400
f 196 	4666 	4795
f 1400 	4799 	4424
f 4796 	4802 	4899
f 1400 	262 	4799
f 4753 	4801 	4761
f 4765 	4801 	4899
f 4795 	4803 	196
f 4765 	4761 	4801
f 4803 	4798 	199
f 2343 	4804 	2107
f 196 	4803 	199
f 2344 	4808 	2345
f 2345 	4808 	4804
f 2345 	4804 	2343
f 2349 	4911 	2346
f 2346 	4911 	4808
f 2346 	4808 	2344
f 200 	4798 	4805
f 617 	619 	142
f 142 	614 	615
f 195 	200 	4805
f 2749 	2750 	4806
f 617 	142 	615
f 621 	142 	619
f 633 	634 	142
f 622 	142 	621
f 4807 	244 	195
f 4805 	4807 	195
f 636 	637 	142
f 4808 	4911 	4910
f 4806 	4789 	2749
f 4804 	4812 	4806
f 4808 	4812 	4804
f 4750 	4723 	4442
f 4812 	4808 	4910
f 4699 	4740 	4703
f 4752 	4703 	4740
f 4806 	4812 	4786
f 4442 	4447 	4750
f 4749 	4750 	4447
f 4703 	4752 	4751
f 4919 	4786 	4812
f 4815 	4816 	4814
f 4816 	4817 	4814
f 4683 	4684 	4818
f 4818 	4850 	4683
f 4683 	4819 	4820
f 4683 	4820 	4821
f 4683 	4821 	4822
f 4822 	4853 	4683
f 4683 	4823 	4824
f 4855 	4500 	4824
f 4918 	917 	4832
f 4680 	4640 	4780
f 4901 	4832 	916
f 4810 	4809 	4890
f 916 	4832 	917
f 4802 	4791 	4836
f 4890 	4891 	4810
f 4809 	3999 	4890
f 4839 	4841 	4755
f 4838 	3999 	4809
f 4838 	4813 	3994
f 3999 	4838 	3994
f 4813 	4135 	4004
f 3994 	4813 	4004
f 4135 	3769 	4004
f 4840 	4777 	4835
f 634 	636 	142
f 4840 	4779 	4777
f 4840 	4841 	4779
f 622 	633 	142
f 4841 	4839 	4790
f 4779 	4841 	4790
f 53 	20 	52
f 742 	20 	739
f 740 	739 	20
f 736 	740 	20
f 813 	816 	20
f 813 	20 	814
f 4844 	4842 	4622
f 4842 	4642 	4623
f 1038 	1039 	1304
f 736 	20 	816
f 4622 	4842 	4623
f 4843 	1850 	1849
f 1850 	4843 	4844
f 1850 	4844 	1851
f 1039 	1041 	1304
f 20 	1304 	1041
f 1852 	4844 	4622
f 4852 	4877 	4830
f 4827 	4877 	4854
f 4829 	4877 	4828
f 4830 	4877 	4829
f 4827 	4828 	4877
f 4826 	4854 	4877
f 4851 	4877 	4852
f 4833 	4877 	4831
f 4834 	4877 	4833
f 4845 	4877 	4834
f 4846 	4877 	4845
f 4846 	4685 	4877
f 4815 	4814 	4448
f 4652 	4846 	4706
f 4817 	4818 	4814
f 4448 	4818 	4817
f 4707 	4708 	4831
f 4833 	4831 	4708
f 4849 	4850 	4818
f 4819 	4683 	4850
f 4831 	4877 	4851
f 4849 	4818 	4449
f 4448 	4449 	4818
f 814 	20 	1041
f 4707 	4831 	4851
f 4816 	4815 	4448
f 4834 	4709 	4845
f 4706 	4845 	4709
f 4710 	4712 	4826
f 4451 	4450 	4823
f 4824 	4823 	4450
f 4825 	4710 	4826
f 4452 	4451 	4822
f 4452 	4822 	4821
f 4828 	4827 	4711
f 4823 	4683 	4853
f 4451 	4823 	4853
f 4854 	4826 	4712
f 4451 	4853 	4822
f 4827 	4854 	4712
f 4827 	4712 	4711
f 1038 	1304 	1110
f 1109 	1110 	1304
f 4821 	4820 	4452
f 4453 	4452 	4820
f 4711 	4829 	4828
f 1141 	1109 	1304
f 1138 	1141 	1304
f 4852 	4830 	4713
f 4819 	4850 	4453
f 4449 	4453 	4850
f 4820 	4819 	4453
f 4829 	4711 	4830
f 4707 	4852 	4713
f 1696 	1697 	1304
f 1697 	1713 	1304
f 4850 	4849 	4449
f 4851 	4852 	4707
f 4817 	4816 	4448
f 4708 	4709 	4833
f 4834 	4833 	4709
f 4855 	4824 	4450
f 1138 	1304 	1713
f 1840 	1304 	1836
f 1845 	1304 	1844
f 1304 	1855 	1844
f 1845 	1836 	1304
f 1304 	1840 	1696
f 1867 	1853 	1304
f 1853 	1855 	1304
f 1866 	1867 	1304
f 3675 	3676 	1304
f 3466 	3465 	142
f 4825 	4826 	4877
f 4825 	4858 	4710
f 4859 	4710 	4858
f 4167 	5000 	4134
f 4710 	4859 	4649
f 4649 	4650 	4710
f 4676 	4824 	4500
f 4877 	4982 	4825
f 4858 	4825 	4982
f 4450 	4455 	4855
f 4162 	4993 	4160
f 4856 	5014 	4855
f 4500 	4855 	4871
f 4983 	5026 	4858
f 4856 	4855 	4455
f 4856 	4455 	4454
f 4859 	4858 	4857
f 4859 	4857 	4860
f 4860 	4997 	4859
f 4992 	4160 	4993
f 4162 	4649 	4993
f 5013 	5012 	4163
f 4286 	4134 	5000
f 5009 	4163 	5006
f 4614 	4861 	4862
f 4614 	4862 	4863
f 4863 	4864 	4614
f 4457 	4456 	4861
f 4457 	4861 	4614
f 4862 	4861 	4456
f 4862 	4456 	4458
f 4458 	4863 	4862
f 2051 	4614 	4864
f 4458 	4864 	4863
f 4867 	4870 	4866
f 4868 	4869 	4867
f 4869 	4870 	4867
f 4865 	4866 	4870
f 4885 	4870 	4855
f 4869 	4872 	4873
f 4873 	4870 	4869
f 4876 	4877 	4875
f 4874 	4875 	4877
f 4874 	4877 	4114
f 4880 	4881 	4879
f 4878 	4879 	4881
f 4881 	4887 	4885
f 4887 	4888 	4885
f 4870 	4885 	4883
f 4882 	4883 	4885
f 4871 	4855 	4870
f 4885 	4886 	4881
f 4878 	4881 	4886
f 4884 	4878 	4886
f 4990 	4982 	4877
f 4883 	4865 	4870
f 4882 	4885 	4888
f 4811 	4810 	4891
f 4889 	4811 	4891
f 4023 	4889 	4891
f 3997 	4891 	4890
f 3997 	4023 	4891
f 3997 	4890 	4006
f 4006 	4890 	3999
f 4335 	4838 	4809
f 4848 	4894 	4893
f 4893 	4811 	4889
f 4889 	4848 	4893
f 44 	41 	4335
f 4895 	4335 	4898
f 77 	46 	4895
f 4895 	4898 	78
f 4895 	78 	77
f 4901 	4837 	4832
f 4898 	4897 	4920
f 4836 	4837 	4901
f 924 	4901 	916
f 78 	4898 	4920
f 4896 	4927 	4897
f 4927 	4920 	4897
f 4903 	4802 	4836
f 4899 	4802 	4903
f 4905 	4836 	4901
f 142 	637 	3472
f 3473 	142 	3472
f 3473 	3466 	142
f 3468 	142 	3465
f 3468 	3471 	142
f 1851 	4844 	1852
f 4773 	4899 	4903
f 4773 	4903 	4764
f 4903 	4836 	4905
f 3513 	3480 	142
f 924 	4905 	4901
f 3512 	3513 	142
f 4905 	777 	4764
f 4903 	4905 	4764
f 3471 	3512 	142
f 4892 	4909 	4902
f 2348 	2347 	4908
f 937 	4908 	2347
f 937 	2347 	930
f 3479 	716 	3480
f 4894 	4847 	4892
f 2348 	4908 	2350
f 3583 	716 	3579
f 2350 	4908 	4911
f 2350 	4911 	2349
f 4908 	936 	4921
f 4894 	4848 	4847
f 4906 	4904 	4907
f 4907 	4642 	4906
f 4892 	4847 	4909
f 4907 	4643 	4642
f 4914 	4904 	4906
f 4909 	4915 	4913
f 4915 	4909 	4847
f 4914 	4906 	4917
f 4912 	4914 	4917
f 4848 	4018 	4847
f 4906 	4842 	4917
f 4915 	4847 	4018
f 4842 	4906 	4642
f 4848 	4889 	4021
f 4848 	4021 	4018
f 4889 	4023 	4021
f 4916 	4913 	645
f 4912 	4917 	4843
f 645 	638 	4916
f 566 	4913 	4915
f 4921 	936 	941
f 4020 	4915 	4018
f 4020 	566 	4915
f 4919 	4812 	4910
f 4910 	4918 	4919
f 4917 	4842 	4844
f 4843 	4917 	4844
f 4896 	4922 	4927
f 4922 	4896 	4900
f 1849 	1865 	4843
f 4900 	4923 	4922
f 4923 	4900 	4902
f 4909 	4923 	4902
f 78 	4920 	4925
f 78 	4925 	85
f 4920 	4926 	4925
f 4912 	4924 	4914
f 4926 	4920 	4927
f 4927 	4922 	4929
f 4930 	4912 	4843
f 4926 	4927 	4929
f 4928 	1857 	1856
f 4922 	4923 	4916
f 4929 	4922 	4916
f 4913 	4923 	4909
f 1857 	4928 	4930
f 1857 	4930 	1858
f 4913 	4916 	4923
f 85 	4925 	676
f 4930 	4843 	1865
f 642 	4925 	4926
f 676 	4925 	642
f 1865 	1858 	4930
f 643 	4926 	4929
f 642 	4926 	643
f 638 	643 	4929
f 638 	4929 	4916
f 4908 	4921 	4911
f 4911 	4921 	4910
f 4921 	941 	4918
f 4910 	4921 	4918
f 42 	4335 	41
f 4837 	4786 	4919
f 4919 	4918 	4832
f 4837 	4919 	4832
f 4746 	58 	4704
f 4934 	4924 	4912
f 58 	4746 	61
f 4931 	4928 	4932
f 61 	4746 	4933
f 4928 	4931 	4934
f 4930 	4934 	4912
f 70 	61 	4933
f 4928 	4934 	4930
f 4933 	4935 	70
f 1875 	4932 	1868
f 1869 	4932 	4928
f 1869 	4928 	1856
f 1868 	4932 	1869
f 142 	3480 	716
f 3575 	716 	3479
f 3575 	3577 	716
f 3577 	3579 	716
f 42 	64 	4935
f 70 	4935 	64
f 4944 	4777 	4938
f 4944 	4938 	4936
f 4938 	4777 	4939
f 3583 	3588 	716
f 3589 	716 	3588
f 4938 	4904 	4940
f 3594 	3595 	716
f 3592 	716 	3589
f 3593 	3594 	716
f 3790 	716 	3595
f 3592 	3593 	716
f 1866 	1304 	3680
f 3676 	3680 	1304
f 3694 	716 	3693
f 1304 	716 	3673
f 3626 	716 	3697
f 3694 	3697 	716
f 3674 	1304 	3673
f 3689 	3690 	716
f 3626 	3673 	716
f 3675 	1304 	3674
f 3796 	716 	3793
f 3793 	716 	3792
f 3790 	3792 	716
f 3689 	716 	3799
f 3798 	3799 	716
f 3796 	3798 	716
f 3693 	716 	3690
f 4904 	4938 	4939
f 4939 	4907 	4904
f 4939 	4639 	4907
f 4936 	4940 	4937
f 4940 	4936 	4938
f 4940 	4924 	4937
f 4904 	4914 	4940
f 4924 	4940 	4914
f 4942 	4941 	5101
f 4942 	5101 	4943
f 4943 	4936 	4942
f 4944 	5065 	4835
f 5065 	4944 	4943
f 4944 	4835 	4777
f 4943 	4944 	4936
f 4946 	4941 	4942
f 4945 	4941 	4946
f 4937 	4942 	4936
f 4942 	4937 	4946
f 4948 	4945 	4946
f 4947 	4945 	4948
f 4946 	4950 	4948
f 4950 	4946 	4937
f 4950 	4937 	4924
f 4949 	4947 	4948
f 4948 	4931 	4949
f 4874 	4987 	4875
f 4326 	4968 	4975
f 4990 	4877 	4989
f 4950 	4931 	4948
f 4875 	4988 	4876
f 4989 	4876 	4988
f 4871 	4459 	4500
f 4434 	4500 	4459
f 4459 	4871 	4870
f 4950 	4924 	4934
f 4459 	4870 	4873
f 4461 	4869 	4868
f 4872 	4869 	4460
f 4461 	4460 	4869
f 4934 	4931 	4950
f 4460 	4459 	4873
f 4872 	4460 	4873
f 4866 	4462 	4867
f 4461 	4867 	4462
f 4932 	4949 	4931
f 4865 	4462 	4866
f 4867 	4461 	4868
f 4952 	2051 	4974
f 4953 	2051 	4952
f 4465 	4953 	4952
f 4465 	4952 	4466
f 4954 	2051 	4953
f 4932 	4955 	4949
f 1873 	4955 	1874
f 3610 	4326 	3609
f 1874 	4955 	1875
f 4326 	3610 	3623
f 1875 	4955 	4932
f 4958 	90 	4947
f 4958 	412 	90
f 463 	4957 	414
f 4958 	4947 	4949
f 4958 	4959 	412
f 4955 	4958 	4949
f 2001 	470 	4957
f 414 	4957 	470
f 4957 	2002 	2001
f 4955 	4959 	4958
f 2002 	4957 	4959
f 2002 	4959 	2003
f 1873 	4959 	4955
f 2003 	4959 	1873
f 418 	4970 	4975
f 4967 	4969 	4758
f 4762 	4758 	4969
f 4971 	4762 	4969
f 4771 	4971 	4964
f 4465 	4464 	4954
f 4465 	4954 	4953
f 4762 	4971 	4771
f 4464 	4463 	4951
f 4464 	4951 	4954
f 4973 	4974 	2051
f 4972 	4973 	2051
f 4864 	4972 	2051
f 4964 	4965 	4775
f 4468 	4973 	4972
f 4468 	4972 	4469
f 4771 	4964 	4775
f 4468 	4467 	4974
f 4468 	4974 	4973
f 4467 	4466 	4952
f 4467 	4952 	4974
f 4775 	4965 	3129
f 4458 	4469 	4864
f 4972 	4864 	4469
f 4878 	4471 	4879
f 4476 	4470 	4885
f 4471 	4878 	4472
f 4884 	4472 	4878
f 4470 	4472 	4886
f 4884 	4886 	4472
f 4326 	4975 	4970
f 4880 	4879 	4471
f 4326 	4966 	4986
f 4880 	4471 	4881
f 4473 	4881 	4471
f 4473 	4887 	4881
f 4885 	4470 	4886
f 4882 	4473 	4883
f 4473 	4462 	4883
f 4865 	4883 	4462
f 4326 	4976 	4966
f 4882 	4888 	4473
f 4473 	4888 	4887
f 420 	570 	4963
f 4951 	2051 	4954
f 4978 	2051 	4951
f 4978 	4979 	2051
f 4114 	4140 	4874
f 4463 	4475 	4978
f 4463 	4978 	4951
f 2051 	4979 	145
f 4979 	4474 	4132
f 4979 	4132 	145
f 4475 	4474 	4979
f 4475 	4979 	4978
f 4980 	4960 	4961
f 4987 	4874 	2055
f 4962 	4755 	4961
f 4875 	4987 	4988
f 4980 	4961 	4755
f 4876 	4989 	4877
f 4755 	4962 	4766
f 4962 	4967 	4766
f 4885 	4855 	4981
f 5018 	4855 	5014
f 4981 	4855 	5033
f 5041 	5021 	4983
f 4982 	4983 	4858
f 4983 	4982 	4984
f 4983 	4984 	4985
f 4476 	4885 	4981
f 4976 	4963 	570
f 417 	4966 	4976
f 4966 	417 	577
f 4986 	577 	578
f 4476 	4981 	5033
f 4966 	577 	4986
f 4991 	578 	580
f 4988 	4984 	4990
f 4988 	4990 	4989
f 578 	4991 	4986
f 4982 	4990 	4984
f 583 	5030 	580
f 4984 	4859 	4985
f 4987 	2068 	4992
f 4160 	4992 	1301
f 4988 	4987 	4993
f 4992 	4993 	4987
f 4988 	4993 	4984
f 2025 	5013 	710
f 4163 	710 	5013
f 5012 	4994 	4163
f 5006 	4163 	4994
f 4995 	4997 	5025
f 5026 	5025 	4997
f 4996 	4998 	4999
f 4999 	5004 	4996
f 4995 	4996 	5004
f 5004 	5005 	4995
f 4857 	5026 	4860
f 4997 	4860 	5026
f 4494 	4994 	5012
f 5002 	5036 	4985
f 4859 	4997 	4985
f 5005 	5003 	4995
f 5002 	4985 	4995
f 4997 	4995 	4985
f 5003 	5002 	4995
f 4491 	5011 	5009
f 5009 	5011 	4163
f 5011 	5010 	4163
f 5010 	5008 	4163
f 5008 	5007 	4163
f 5000 	4163 	5007
f 5001 	5000 	5007
f 4494 	5012 	5050
f 5013 	5050 	5012
f 5028 	5018 	5017
f 5016 	5017 	5018
f 5015 	5016 	5018
f 5019 	4855 	5018
f 5034 	4855 	5020
f 5020 	4855 	5019
f 5022 	4983 	5021
f 5022 	5029 	4983
f 5024 	4983 	5023
f 5025 	4983 	5024
f 5026 	4983 	5025
f 4857 	4858 	5026
f 4995 	5025 	5024
f 5023 	4996 	5024
f 4995 	5024 	4996
f 5015 	5014 	4478
f 580 	5030 	4991
f 5027 	5030 	583
f 5029 	4998 	5023
f 583 	3647 	5027
f 5004 	4999 	5041
f 3629 	5027 	3647
f 4999 	4998 	5021
f 5022 	5021 	4998
f 5014 	5015 	5018
f 5023 	4983 	5029
f 5029 	5022 	4998
f 4996 	5023 	4998
f 4991 	4326 	4986
f 4856 	4454 	5014
f 5000 	4481 	4286
f 4493 	5006 	4994
f 4326 	4991 	5030
f 5033 	4855 	5032
f 5035 	4855 	5034
f 5044 	4855 	5035
f 5032 	4855 	5031
f 4983 	5036 	5037
f 4983 	5037 	5038
f 5038 	5045 	4983
f 4983 	5039 	5040
f 4983 	5040 	5041
f 4701 	4768 	5042
f 5036 	4983 	4985
f 781 	5042 	4768
f 5003 	5005 	5038
f 5021 	5041 	4999
f 781 	5043 	5042
f 5002 	5003 	5036
f 5037 	5036 	5003
f 5037 	5003 	5038
f 5040 	5039 	5004
f 778 	5047 	5043
f 5031 	4855 	5044
f 5039 	4983 	5045
f 5038 	5005 	5045
f 5039 	5045 	5005
f 5039 	5005 	5004
f 5042 	5043 	5046
f 4705 	5042 	5046
f 5041 	5040 	5004
f 5008 	4488 	5007
f 5043 	4956 	5046
f 779 	5047 	778
f 5006 	4492 	5009
f 5043 	5047 	4956
f 5016 	5015 	4477
f 4478 	4477 	5015
f 5016 	4477 	5017
f 415 	4968 	5047
f 4480 	5017 	4477
f 4479 	5020 	5019
f 5018 	4479 	5019
f 5028 	4480 	5018
f 4479 	5018 	4480
f 4956 	5047 	4968
f 5028 	5017 	4480
f 4486 	5020 	4479
f 4478 	5014 	4454
f 4287 	4286 	4481
f 4975 	4968 	415
f 4481 	5000 	4482
f 5001 	4482 	5000
f 5007 	4487 	5001
f 418 	4975 	415
f 4994 	4494 	4493
f 5006 	4493 	4492
f 4483 	4476 	5033
f 4484 	4483 	5033
f 4484 	5033 	5032
f 5031 	4485 	4484
f 5031 	4484 	5032
f 5034 	4486 	5035
f 4485 	5035 	4486
f 418 	420 	4970
f 5031 	5044 	4485
f 4485 	5044 	5035
f 4970 	420 	4963
f 5034 	5020 	4486
f 4487 	5007 	4488
f 4482 	5001 	4487
f 4491 	5009 	4492
f 5011 	4490 	5010
f 4489 	5010 	4490
f 415 	5047 	779
f 5011 	4491 	4490
f 4488 	5008 	4489
f 5010 	4489 	5008
f 782 	415 	779
f 5048 	5049 	2192
f 5049 	5048 	4495
f 4133 	4495 	5048
f 2025 	2192 	5013
f 5050 	2192 	5051
f 5050 	5051 	4494
f 4494 	5051 	4495
f 5048 	147 	4133
f 5049 	5051 	2192
f 4495 	5051 	5049
f 4766 	4967 	4758
f 4841 	4980 	4755
f 3917 	5057 	5056
f 5057 	3917 	5058
f 3917 	4977 	5058
f 4961 	4960 	3917
f 4962 	4961 	3917
f 3917 	4967 	4962
f 4969 	4967 	3917
f 4969 	3917 	4971
f 3917 	5060 	5059
f 5060 	3917 	5055
f 5069 	5055 	5073
f 5055 	5069 	5060
f 5058 	5061 	5057
f 5058 	5062 	5061
f 5062 	5058 	4977
f 4977 	4960 	5066
f 5066 	4960 	4980
f 5065 	5061 	5062
f 4835 	5065 	5062
f 4977 	5066 	5062
f 5066 	4835 	5062
f 5066 	4840 	4835
f 5066 	4980 	4840
f 4980 	4841 	4840
f 5067 	5064 	5061
f 5064 	5067 	5063
f 5067 	5061 	5065
f 5065 	4943 	5067
f 4943 	5101 	5067
f 5068 	5054 	5059
f 5069 	5068 	5059
f 5069 	5059 	5060
f 5070 	5055 	5056
f 5055 	5070 	5073
f 5057 	5064 	5056
f 5064 	5057 	5061
f 5071 	5068 	5069
f 5069 	5072 	5071
f 5072 	5069 	5073
f 5074 	5070 	5063
f 5064 	5070 	5056
f 5063 	5070 	5064
f 5074 	5073 	5070
f 5073 	5074 	5072
f 5100 	5074 	5063
f 4336 	5085 	5086
f 4336 	5077 	5085
f 5077 	5075 	5078
f 5052 	5081 	5076
f 4336 	5086 	4342
f 5075 	5080 	5078
f 5079 	5080 	5075
f 5079 	5076 	5083
f 5080 	5079 	5083
f 5052 	5053 	5084
f 5084 	5053 	5082
f 5082 	5053 	5054
f 5076 	5081 	5083
f 5083 	5095 	5080
f 5052 	5084 	5081
f 5091 	5081 	5084
f 5068 	5092 	5082
f 5077 	5078 	5085
f 4350 	4342 	5086
f 5086 	5085 	5089
f 5086 	5089 	5087
f 5085 	5088 	5089
f 5085 	5078 	5088
f 5080 	5090 	5078
f 5078 	5090 	5088
f 4350 	5086 	5087
f 4350 	5087 	4359
f 5087 	159 	165
f 5087 	5089 	159
f 5089 	5088 	161
f 159 	5089 	161
f 181 	161 	5088
f 5090 	181 	5088
f 165 	4359 	5087
f 5083 	5081 	5098
f 5094 	5082 	5092
f 5068 	5082 	5054
f 5071 	5092 	5068
f 5099 	5091 	5093
f 5094 	5084 	5082
f 5091 	5084 	5094
f 5093 	5091 	5094
f 109 	5094 	5092
f 5093 	5094 	109
f 5099 	5093 	124
f 124 	5093 	106
f 106 	5093 	109
f 5080 	5095 	5090
f 5098 	5095 	5083
f 5098 	5081 	5091
f 5096 	5090 	5095
f 5090 	5096 	181
f 5095 	5097 	5096
f 5097 	5095 	5098
f 5098 	5091 	5099
f 5097 	5098 	5099
f 181 	5096 	184
f 191 	5096 	5097
f 191 	184 	5096
f 5097 	5099 	119
f 191 	5097 	119
f 5063 	5101 	5100
f 5101 	5063 	5067
f 4941 	5100 	5101
f 5103 	5100 	4941
f 5103 	4945 	5110
f 5103 	4941 	4945
f 109 	5092 	5104
f 5104 	5092 	5071
f 5072 	5074 	5107
f 134 	109 	5104
f 5104 	5105 	134
f 5106 	5071 	5072
f 5071 	5106 	5104
f 5105 	5104 	5106
f 5106 	5102 	5105
f 5072 	5107 	5106
f 5107 	5074 	5100
f 5106 	5107 	5102
f 5107 	5100 	5103
f 5102 	5107 	5103
f 5108 	5105 	5102
f 5109 	141 	134
f 5102 	5103 	5110
f 5102 	5110 	5108
f 5109 	134 	5105
f 5105 	5108 	5109
f 90 	5108 	5110
f 4947 	5110 	4945
f 5110 	4947 	90
f 141 	5111 	149
f 5111 	141 	5109
f 5111 	475 	149
f 475 	5111 	463
f 88 	5109 	5108
f 5109 	88 	5111
f 88 	5108 	90
f 5111 	88 	463
f 88 	90 	412
f 463 	88 	412
# 10222 faces

 #end of obj_0

