# Object Export From Tinkercad Server 2015

mtllib obj.mtl

o obj_0
v 185.913 		92.373 		116.484
v 185.913 		92.605 		116.705
v 186.086 		92.255 		115.853
v 186.086 		92.545 		116.058
v 186.086 		92.814 		116.315
v 186.282 		92.696 		115.684
v 186.282 		92.37 		115.455
v 186.5 		91.703 		114.827
v 186.5 		92.092 		114.937
v 186.5 		91.308 		114.79
v 186.5 		90.912 		114.827
v 186.5 		90.523 		114.937
v 186.5 		90.148 		115.119
v 185.913 		92.123 		116.308
v 185.768 		91.761 		116.705
v 185.768 		91.536 		116.641
v 185.913 		91.859 		116.18
v 185.913 		91.586 		116.102
v 185.768 		91.308 		116.62
v 185.913 		91.308 		116.076
v 185.768 		90.855 		116.705
v 185.768 		91.079 		116.641
v 185.913 		91.03 		116.102
v 185.913 		90.492 		116.308
v 185.913 		90.756 		116.18
v 186.086 		90.361 		115.853
v 185.913 		90.242 		116.484
v 186.282 		92.026 		115.288
v 186.282 		91.67 		115.187
v 186.282 		91.308 		115.153
v 186.086 		91.948 		115.705
v 186.086 		91.631 		115.614
v 186.086 		91.308 		115.584
v 186.282 		90.945 		115.187
v 186.282 		90.589 		115.288
v 186.086 		90.985 		115.614
v 186.086 		90.667 		115.705
v 186.282 		90.245 		115.455
v 186.735 		89.339 		122.785
v 186.5 		89.164 		122.182
v 186.5 		89.462 		122.555
v 186.5 		89.792 		122.87
v 186.735 		89.021 		122.386
v 186.982 		88.626 		122.06
v 187 		88.621 		122.0655
v 187 		88.642 		122.0996
v 187 		88.9126 		122.5413
v 186.982 		88.917 		122.535
v 186.735 		88.742 		121.932
v 187 		88.9365 		122.5713
v 186.982 		88.38 		121.535
v 187 		88.3923 		121.5772
v 186.5 		88.903 		121.756
v 186.982 		88.184 		120.968
v 187 		88.1783 		120.9714
v 187 		88.1923 		121.0121
v 187 		88.3745 		121.5394
v 186.735 		88.507 		121.429
v 186.735 		88.32 		120.888
v 186.5 		88.683 		121.285
v 186.282 		89.617 		122.267
v 186.282 		89.344 		121.925
v 186.282 		89.919 		122.555
v 186.086 		89.801 		121.925
v 186.086 		90.07 		122.182
v 186.282 		89.105 		121.535
v 186.086 		89.558 		121.62
v 185.913 		89.801 		121.272
v 185.913 		90.011 		121.535
v 186.086 		89.344 		121.272
v 186.086 		89.164 		120.888
v 185.913 		89.617 		120.973
v 185.768 		90.07 		120.888
v 186.282 		88.903 		121.103
v 186.735 		88.184 		120.315
v 186.5 		88.507 		120.777
v 186.5 		88.38 		120.24
v 186.5 		88.302 		119.685
v 186.735 		88.102 		119.723
v 186.5 		88.277 		119.12
v 186.735 		88.074 		119.12
v 185.652 		90.07 		119.852
v 185.913 		89.462 		120.642
v 185.768 		89.919 		120.642
v 185.913 		89.339 		120.285
v 185.768 		89.792 		120.37
v 185.768 		89.691 		120.076
v 185.913 		89.25 		119.908
v -39.101 		59.0491 		106.9423
v -39.313 		59.0491 		107.318
v -39.682 		59.0491 		107.687
v -39.0798 		59.0491 		106.891
v -40.914 		59.0491 		108.0991
v -40.259 		59.0491 		107.99
v -40.8657 		59.0491 		108.0941
v -39.8883 		59.0491 		107.8242
v -39.0848 		59.0491 		106.9114
v -39.9192 		59.0491 		107.8405
v 186.282 		88.742 		120.638
v 186.282 		88.626 		120.146
v 186.086 		88.917 		120.035
v 186.086 		89.021 		120.473
v -45.826 		59.0491 		107.527
v -45.59 		59.0491 		108.1969
v -45.7644 		59.0491 		107.6853
v -45.1003 		59.049 		106.8389
v -45.0756 		59.0491 		107.0265
v -45.0512 		59.0492 		109.1316
v -44.1629 		59.0493 		110.0825
v -44.9257 		59.0492 		109.3197
v -44.5611 		56.143 		100.0284
v -44.04 		59.0493 		110.2
v -44.3044 		56.143 		99.3954
v -44.7864 		59.0491 		107.8786
v -44.4815 		56.143 		99.5476
v -44.7086 		56.143 		99.6342
v -44.8186 		56.143 		99.6652
v -44.1421 		56.143 		99.8372
v -44.083 		56.143 		99.801
v -43.795 		56.143 		99.497
v -44.756 		59.0491 		107.9685
v -44.6612 		59.0491 		108.1323
v -44.1612 		59.0492 		108.8794
v -44.0274 		59.0492 		109.0132
v -43.539 		59.0493 		109.481
v -43.085 		59.0493 		109.785
v -44.7105 		56.143 		100.0585
v -42.79 		59.049 		106.741
v -43.196 		59.0493 		110.71
v -41.172 		56.143 		98.317
v -42.811 		56.143 		98.355
v -42.732 		56.143 		98.876
v -42.5626 		56.143 		99.2537
v -41.9663 		56.143 		99.3231
v -42.1192 		56.143 		99.1101
v -42.1636 		56.143 		99.0115
v -42.283 		56.143 		98.6244
v -42.2981 		56.143 		98.4898
v -42.0521 		56.143 		99.8268
v -41.5776 		56.143 		100.0149
v -41.2248 		56.143 		99.6561
v -41.4753 		56.143 		100.0472
v -42.5227 		56.143 		99.3503
v -42.3791 		56.143 		99.4819
v -41.3115 		56.143 		99.6618
v -41.4233 		56.143 		99.6302
v -41.68 		56.143 		99.5436
v -41.8837 		56.143 		99.3914
v -41.387 		56.143 		100.0553
v -43.496 		56.143 		101.903
v -42.6 		56.143 		101.508
v -41.649 		56.143 		101.276
v -43.8425 		56.143 		102.1565
v -42.595 		56.143 		102.307
v -42.2503 		56.143 		102.2066
v -41.6585 		56.143 		102.0482
v -41.1827 		56.143 		102.0171
v -40.996 		56.143 		101.233
v -45.89 		56.143 		105.259
v -45.996 		56.143 		106.233
v -45.5342 		56.143 		104.1549
v -45.7694 		56.143 		104.8471
v -42.196 		59.0493 		110.161
v -41.3408 		59.0491 		108.0385
v -45.0428 		56.143 		103.3083
v -45.328 		56.143 		103.7782
v -42.9095 		56.143 		102.4798
v -45.1655 		56.143 		106.0473
v -45.0858 		56.143 		105.4404
v -44.9928 		56.143 		104.9724
v -44.8481 		56.143 		104.6439
v -44.5287 		56.143 		103.9506
v -44.3164 		56.143 		103.6611
v -44.029 		56.143 		103.3029
v -43.6702 		56.143 		102.9884
v -43.1846 		56.143 		102.6157
v -44.4241 		56.143 		102.6023
v -44.8009 		56.143 		103.0321
v -39.959 		56.143 		98.317
v -40.455 		56.143 		100.03
v -40.6519 		56.143 		99.628
v -40.018 		56.143 		99.881
v -40.2 		56.143 		99.474
v -40.527 		56.143 		99.5887
v -39.09 		56.143 		100.047
v -40.8312 		56.143 		100.0815
v -40.957 		56.143 		100.0967
v -36.93 		56.143 		99.325
v -36.905 		56.143 		99.0206
v -36.9171 		56.143 		98.8564
v -36.9585 		56.143 		98.6379
v -37.4644 		56.143 		98.6279
v -37.4121 		56.143 		98.8777
v -37.106 		56.143 		98.3827
v -37.1433 		56.143 		98.3234
v -37.5017 		56.143 		98.5845
v -37.9286 		56.143 		98.334
v -37.6203 		56.143 		98.4401
v -37.3991 		56.143 		98.935
v -37.407 		56.143 		99.0085
v -37.4546 		56.143 		99.3082
v -37.9164 		56.143 		100.0203
v -37.502 		56.143 		99.9414
v -37.3916 		56.143 		99.8784
v -37.127 		56.143 		99.688
v -37.6658 		56.143 		99.5102
v -37.8624 		56.143 		99.6078
v -38.0067 		56.143 		99.6113
v -38.624 		56.143 		99.648
v -37.5885 		56.143 		99.4819
v -37.4948 		56.143 		99.3664
v -38.8944 		56.143 		100.047
v -38.0414 		56.143 		100.0361
v -38.3767 		56.143 		101.9824
v -38.7062 		56.143 		101.8201
v -39.083 		56.143 		101.614
v -40.023 		56.143 		101.339
v -40.724 		56.143 		102.007
v -39.915 		56.143 		102.132
v -39.5803 		56.143 		102.2618
v -32.941 		56.143 		100.047
v -35.004 		56.143 		99.559
v -35.215 		56.143 		100.062
v -34.79 		56.143 		100.062
v -37.46 		56.143 		102.697
v -37.7951 		56.143 		102.4281
v -36.0561 		56.143 		105.6862
v -36.0749 		56.143 		105.3998
v -36.0084 		56.143 		106.416
v -36.1771 		56.143 		104.9827
v -36.3309 		56.143 		104.4555
v -36.848 		56.143 		103.461
v -36.5954 		56.143 		103.9733
v -37.319 		56.143 		104.2791
v -37.0978 		56.143 		104.6816
v -36.9996 		56.143 		104.9724
v -38.1324 		56.143 		103.1341
v -37.8449 		56.143 		103.4922
v -39.0145 		56.143 		102.4959
v -38.618 		56.143 		102.7613
v -37.5967 		56.143 		103.7514
v -37.4633 		56.143 		103.9506
v -36.9062 		56.143 		105.4404
v -36.836 		56.143 		105.894
v -36.8461 		56.143 		106.3532
v -45.826 		56.143 		107.527
v -45.6267 		56.143 		108.039
v -45.5342 		56.143 		108.3105
v -45.2482 		56.143 		108.8066
v -44.8423 		56.143 		109.4151
v -44.4375 		56.143 		109.82
v -44.04 		56.143 		110.2
v -44.9012 		56.143 		107.5827
v -45.0547 		56.143 		107.1304
v -42.196 		56.143 		110.161
v -43.085 		56.143 		109.785
v -43.539 		56.143 		109.481
v -43.7982 		56.143 		109.2327
v -44.2311 		56.143 		108.7999
v -44.4964 		56.143 		108.4034
v -44.8029 		56.143 		107.8735
v -45.1344 		56.143 		106.5236
v -43.196 		56.143 		110.71
v -36.1384 		56.143 		107.3862
v -36.0553 		56.143 		106.8428
v -36.2585 		56.143 		107.7985
v -37.6758 		56.143 		109.9581
v -37.3322 		56.143 		109.5291
v -36.848 		56.143 		109.005
v -36.377 		56.143 		108.146
v -37.952 		56.143 		110.2
v -39.926 		56.143 		110.204
v -36.8777 		56.143 		106.8295
v -36.9777 		56.143 		107.1743
v -37.2039 		56.143 		107.9035
v -37.3767 		56.143 		108.218
v -37.6153 		56.143 		108.6104
v -37.9303 		56.143 		108.9692
v -38.3631 		56.143 		109.4021
v -38.7596 		56.143 		109.667
v -39.152 		56.143 		109.905
v -38.926 		56.143 		110.774
v -42.196 		56.143 		126.734
v -39.926 		56.143 		126.734
v -43.196 		56.143 		126.734
v -38.926 		56.143 		126.734
v -32.216 		56.143 		100.047
v -32.523 		56.143 		99.589
v -32.4902 		56.143 		98.9967
v -32.4801 		56.143 		98.8061
v -32.505 		56.143 		99.589
v -29.469 		56.143 		100.047
v -29.9343 		56.143 		98.8033
v -30.164 		56.143 		100.047
v -29.9101 		56.143 		99.3793
v -29.902 		56.143 		99.585
v -29.924 		56.143 		99.585
v -57.437 		56.143 		84.419
v -62.437 		56.143 		84.419
v -51.966 		56.143 		97.807
v -51.966 		56.549 		97.807
v -51.966 		56.549 		96.379
v -51.966 		56.143 		96.379
v -51.244 		56.549 		97.833
v -51.2205 		56.143 		97.8365
v -51.4025 		56.143 		97.8273
v -52.432 		56.549 		96.379
v -52.432 		56.143 		96.379
v -51.966 		56.549 		98.202
v -51.439 		56.549 		98.218
v -51.966 		56.143 		98.202
v -51.5547 		56.143 		98.2145
v -51.4375 		56.143 		98.2169
v 185.652 		89.98 		119.369
v -51.3637 		56.143 		98.2364
v 185.768 		89.617 		119.767
v -50.869 		56.549 		97.938
v -50.869 		56.143 		97.938
v -50.6341 		56.143 		98.0949
v -50.568 		56.549 		98.139
v -50.9278 		56.143 		97.9185
v -50.5313 		56.143 		98.182
v 185.768 		89.573 		119.446
v 185.913 		89.195 		119.517
v -51.0905 		56.143 		98.2981
v -51.089 		56.549 		98.297
v -49.473 		56.549 		96.379
v -49.473 		56.143 		96.379
v -47.554 		56.143 		96.379
v -47.554 		56.549 		96.379
v 185.652 		90.014 		119.615
v -49.008 		56.549 		96.379
v -49.008 		56.143 		96.379
v -48.434 		56.549 		97.895
v -48.434 		56.143 		97.895
v -49.008 		56.143 		97.895
v -49.008 		56.549 		97.895
v -47.716 		56.143 		98.166
v -47.716 		56.549 		98.166
v -48.002 		56.549 		98.021
v -48.002 		56.143 		98.021
v -48.398 		56.549 		98.303
v -49.008 		56.549 		98.291
v -48.398 		56.143 		98.303
v -49.008 		56.143 		98.291
v 185.652 		89.968 		119.12
v -46.0898 		56.143 		96.736
v -46.007 		56.549 		96.64
v -46.0094 		56.143 		96.6374
v -45.9266 		56.143 		96.5926
v -45.417 		56.549 		96.364
v -45.4662 		56.143 		96.3772
v 185.913 		89.177 		119.12
v -45.418 		56.549 		96.801
v 185.768 		89.573 		118.793
v -45.3085 		56.143 		96.3607
v -47.003 		56.549 		96.379
v 185.768 		89.558 		119.12
v -47.003 		56.143 		96.379
v -45.434 		56.143 		96.8071
v -45.355 		56.143 		96.7883
v -46.414 		56.549 		97.122
v -46.4074 		56.143 		97.1121
v -45.719 		56.549 		96.966
v -45.7873 		56.143 		97.0773
v 185.652 		89.98 		118.87
v -45.742 		56.143 		96.9897
v -45.6689 		56.143 		96.9359
v -45.06 		56.143 		96.7391
v -46.592 		56.549 		97.754
v -46.5992 		56.143 		97.826
v -46.5463 		56.143 		97.6054
v -46.5856 		56.143 		97.7123
v -46.625 		56.143 		98.2974
v -46.047 		56.549 		97.512
v -46.065 		56.143 		97.6312
v -46.0433 		56.143 		97.5034
v -43.929 		56.549 		96.768
v -44.259 		56.549 		96.512
v -44.259 		56.143 		96.512
v -43.929 		56.143 		96.768
v -93.53 		75.951 		219.967
v -92.14 		75.472 		219.253
v 186.282 		88.531 		119.12
v -92.012 		75.208 		219.187
v 186.282 		88.555 		119.638
v 186.086 		88.833 		119.12
v 186.086 		88.854 		119.581
v -92.005 		74.015 		219.266
v -92.005 		74.496 		219.185
v -91.615 		73.776 		219.206
v -94.0277 		75.4366 		220.4111
v -93.988 		75.45 		220.333
v -94.0336 		75.5604 		220.4307
v -93.865 		75.017 		220.225
v -93.9659 		75.1744 		220.3695
v -93.9225 		74.9913 		220.3404
v 186.982 		88.042 		120.37
v 187 		88.036 		120.3723
v 187 		88.0462 		120.4153
v 186.982 		87.956 		119.75
v 187 		87.9498 		119.7512
v 187 		87.956 		119.7957
v 65.384 		56.143 		53.953
v 50.145 		56.143 		65.438
v 49.438 		56.143 		64.731
v 187 		87.9228 		119.1653
v 186.982 		87.927 		119.12
v 187 		87.9208 		119.12
v 62.137 		56.143 		124.09
v 61.671 		56.143 		123.679
v 64.7644 		56.143 		123.7309
v 64.566 		56.143 		123.798
v 186.5 		88.302 		118.555
v 63.786 		56.143 		124.09
v 186.735 		88.102 		118.517
v 65.2946 		56.143 		124.0871
v 64.566 		56.143 		124.241
v 64.8117 		56.143 		124.1556
v 63.786 		56.143 		123.679
v 65.152 		56.143 		123.6843
v 65.336 		56.143 		123.6399
v 186.735 		88.184 		117.924
v 62.137 		56.143 		125.389
v 62.137 		56.143 		125.803
v 62.137 		56.143 		126.934
v 65.362 		56.143 		125.4595
v 65.2335 		56.143 		125.5195
v 64.8672 		56.143 		125.8038
v 186.5 		88.38 		117.999
v 64.9942 		56.143 		125.6797
v 63.69 		56.143 		125.389
v 63.69 		56.143 		125.803
v 63.786 		56.143 		126.934
v 64.6225 		56.143 		126.3783
v 64.715 		56.143 		126.8196
v 64.7411 		56.143 		126.9325
v 64.714 		56.143 		125.993
v 64.6519 		56.143 		126.2387
v 65.404 		56.143 		126.928
v 65.161 		56.143 		126.753
v 65.08 		56.143 		126.461
v 65.1308 		56.143 		126.252
v 65.1652 		56.143 		126.1482
v 65.2769 		56.143 		126.0753
v 61.671 		56.143 		127.348
v 64.8449 		56.143 		127.041
v 65.056 		56.143 		127.221
v 65.471 		56.143 		127.373
v -41.3804 		59.0491 		108.0251
v 63.786 		56.143 		127.348
v -42.1991 		59.0491 		107.6124
v -42.216 		59.0491 		107.6
v 66.713 		56.143 		53.013
v -42.7738 		59.049 		106.7719
v 65.7432 		56.143 		52.7339
v 65.54 		56.143 		52.897
v -42.7593 		59.049 		106.787
v 66.221 		56.143 		53.444
v 81.501 		56.143 		53.042
v 81.6599 		56.143 		53.121
v 81.804 		56.143 		54.154
v 67.5 		56.143 		62.419
v 68.207 		56.143 		63.126
v 69.812 		56.143 		64.731
v 70.519 		56.143 		65.438
v 85.9863 		56.143 		52.8489
v 85.6856 		56.143 		53.0222
v 87.3807 		56.143 		52.6777
v 82.899 		56.143 		54.435
v 83.1067 		56.143 		54.4487
v 83.996 		56.143 		54.4487
v 84.4335 		56.143 		54.3621
v 85.7659 		56.143 		53.9345
v 84.9447 		56.143 		54.2746
v 83.1399 		56.143 		53.5787
v 82.5989 		56.143 		53.4459
v 85.0205 		56.143 		53.35
v 84.6848 		56.143 		53.4401
v 83.9576 		56.143 		53.5853
v 83.6974 		56.143 		53.591
v 82.1765 		56.143 		53.35
v 86.1376 		56.143 		53.7507
v 86.5084 		56.143 		53.502
v 86.7517 		56.143 		53.3067
v -93.8365 		74.7929 		220.3089
v -38.0913 		59.0487 		102.1904
v -38.3732 		59.0487 		102.0024
v -38.2712 		59.0487 		102.0526
v -93.3947 		74.0637 		220.1932
v -93.4665 		74.1443 		220.206
v -37.46 		59.0487 		102.697
v -93.7348 		74.5573 		220.2715
v -93.6464 		74.4209 		220.2499
v -37.0641 		59.0489 		104.782
v -37.1325 		59.0489 		104.6575
v -37.0337 		59.0489 		104.872
v -38.1233 		59.0487 		103.175
v -38.2122 		59.0487 		103.0643
v -37.4044 		59.0488 		104.0386
v -37.6556 		59.0488 		103.6634
v -38.3624 		59.0487 		102.949
v -38.9094 		59.049 		105.962
v -38.9094 		59.049 		105.99
v -93.133 		75.615 		219.663
v -36.0501 		59.0489 		105.5243
v -36.0146 		59.049 		106.0639
v -36.8391 		59.049 		106.036
v -36.836 		59.049 		105.894
v -36.8577 		59.0489 		105.7537
v -35.9998 		59.049 		106.2896
v -36.2427 		59.0489 		104.7384
v -36.2902 		59.0489 		104.5754
v -36.848 		59.0488 		103.461
v -36.372 		59.0488 		104.4262
v -92.705 		75.679 		219.479
v -92.218 		75.745 		219.32
v -92.615 		75.362 		219.4
v -39.083 		59.0486 		101.614
v -40.023 		59.0486 		101.339
v -39.2845 		59.0487 		102.3766
v -39.915 		59.0487 		102.132
v -40.724 		59.0487 		102.007
v -40.8659 		59.0487 		102.0101
v -92.262 		74.765 		219.252
v -39.1095 		59.0487 		102.449
v -40.639 		59.0488 		104.117
v -92.466 		75.055 		219.324
v -93.032 		75.259 		219.575
v -39.2716 		59.0489 		104.963
v -39.0123 		59.0489 		105.4514
v -38.9166 		59.049 		105.9351
v -92.865 		74.916 		219.489
v -39.682 		59.0489 		104.513
v -39.3053 		59.0489 		104.919
v -39.2902 		59.0489 		104.9335
v -40.135 		59.0488 		104.252
v -93.493 		75.555 		219.869
v -93.201 		74.791 		219.679
v -93.383 		75.167 		219.773
v -93.78 		75.5 		220.094
v -93.662 		75.085 		219.991
v -43.496 		59.0486 		101.903
v -42.6 		59.0486 		101.508
v -41.649 		59.0486 		101.276
v -44.1488 		59.0487 		102.3806
v -41.7625 		59.0487 		102.0688
v -41.9455 		59.0487 		102.1178
v -42.595 		59.0487 		102.307
v -40.996 		59.0486 		101.233
v -45.2016 		59.0488 		103.5591
v -45.1134 		59.0488 		103.4138
v -92.347 		74.288 		219.334
v -92.635 		74.107 		219.509
v -92.635 		74.59 		219.409
v 124.788 		59.0444 		49.433
v 124.7125 		59.0444 		50.1196
v 124.6998 		59.0444 		50.3115
v 124.6168 		59.0445 		50.6338
v 124.463 		59.0445 		51.18
v -92.262 		73.809 		219.435
v -92.95 		74.436 		219.591
v 123.775 		59.0444 		50.467
v 123.8118 		59.0444 		50.2289
v 123.8873 		59.0444 		49.8499
v 123.527 		59.0445 		51.1302
v 123.6515 		59.0445 		50.8311
v 123.9 		59.0444 		49.2734
v 123.352 		59.0445 		51.483
v -92.865 		73.954 		219.71
v -93.032 		73.834 		219.932
v -93.1218 		73.7575 		220.1446
v -93.201 		74.306 		219.797
v -93.468 		74.685 		219.891
v 117.873 		59.0447 		54.052
v 117.2675 		59.0447 		53.7189
v 118.5364 		59.0448 		54.2454
v -93.383 		74.202 		220.023
v 116.935 		59.0447 		53.5267
v 116.7266 		59.0447 		53.3272
v 118.401 		59.0447 		53.332
v 121.3047 		59.0448 		54.1855
v 121.0199 		59.0448 		54.2296
v 121.398 		59.0448 		54.154
v 118.9075 		59.0448 		54.3448
v -93.662 		74.598 		220.121
v 119.8829 		59.0448 		54.4265
v 119.1955 		59.0448 		54.351
v 120.3431 		59.0448 		54.3962
v 119.195 		59.0447 		53.526
v 120.013 		59.0447 		53.544
v 120.5832 		59.0447 		53.4565
v 120.8972 		59.0447 		53.3941
v -90.396 		76.412 		219.135
v -90.45 		76.3 		219.108
v -44.4048 		56.143 		96.4762
v -91.113 		76.055 		219.132
v -44.916 		56.549 		96.335
v -44.9175 		56.143 		96.3381
v -90.483 		76.184 		219.079
v -44.4604 		56.143 		96.8965
v -44.454 		56.549 		96.902
v -44.4101 		56.143 		96.9398
v -44.7109 		56.143 		96.7896
v -44.775 		56.549 		96.765
v -90.45 		75.831 		218.991
v -44.164 		56.549 		97.201
v -44.1838 		56.143 		97.1731
v -91.097 		75.88 		219.089
v -44.775 		56.143 		96.765
v -90.483 		75.947 		219.02
v -44.8532 		56.143 		96.7602
v -90.494 		76.066 		219.049
v -45.04 		56.549 		96.738
v -43.682 		56.549 		97.121
v -43.682 		56.143 		97.121
v -43.963 		56.549 		97.893
v -43.961 		56.143 		97.9286
v -43.525 		56.549 		97.562
v -43.525 		56.143 		97.562
v -43.456 		56.549 		98.076
v -44.0157 		56.143 		97.6312
v -44.033 		56.549 		97.512
v -44.0275 		56.143 		97.5313
v -44.1298 		56.143 		97.2886
v -43.4641 		56.143 		98.2084
v -43.456 		56.143 		98.076
v -41.8285 		56.143 		96.4692
v -41.982 		56.549 		96.507
v -41.9376 		56.143 		96.4881
v -42.0567 		56.143 		96.5623
v -42.322 		56.549 		96.759
v -42.322 		56.143 		96.759
v -42.3822 		56.143 		96.8477
v -41.6496 		56.143 		96.8601
v -41.724 		56.549 		96.886
v -41.025 		56.549 		96.738
v -41.1041 		56.143 		96.7446
v -40.9734 		56.143 		96.7406
v -42.576 		56.549 		97.108
v -42.5804 		56.143 		97.1201
v -41.731 		56.143 		96.8915
v -42.0619 		56.143 		97.1938
v -42.056 		56.549 		97.187
v -41.9901 		56.143 		97.1264
v -41.0598 		56.143 		96.3342
v -40.997 		56.549 		96.334
v -90.115 		75.425 		218.891
v -90.227 		75.514 		218.913
v -41.172 		56.549 		97.903
v -41.172 		56.143 		97.903
v -90.857 		75.386 		218.966
v -42.788 		56.549 		97.803
v -42.7458 		56.143 		97.6625
v -90.321 		75.613 		218.937
v -42.788 		56.143 		97.803
v -90.968 		75.543 		219.005
v -42.322 		56.549 		98.107
v -42.3216 		56.143 		98.1191
v -42.2227 		56.143 		97.5661
v -42.262 		56.549 		97.664
v -90.396 		75.719 		218.963
v -42.257 		56.143 		97.6445
v -42.3038 		56.143 		97.9902
v -39.09 		56.549 		96.379
v -39.09 		56.143 		96.379
v -91.048 		75.709 		219.046
v -40.4755 		56.143 		96.3879
v -40.481 		56.549 		96.387
v -40.6571 		56.143 		96.3756
v -40.0681 		56.143 		96.4862
v -39.959 		56.549 		96.513
v -39.959 		56.143 		96.513
v -40.429 		56.549 		96.808
v -40.5083 		56.143 		96.7953
v -40.429 		56.143 		96.808
v -40.429 		56.549 		97.903
v -40.429 		56.143 		97.903
v -37.171 		56.143 		96.379
v -37.171 		56.549 		96.379
v 186.982 		88.184 		117.272
v -38.624 		56.549 		96.379
v -38.624 		56.143 		96.379
v 186.735 		88.32 		117.352
v -38.624 		56.143 		97.895
v -38.624 		56.549 		97.895
v -38.624 		56.549 		98.291
v -38.624 		56.143 		98.291
v -38.051 		56.549 		97.895
v -38.051 		56.143 		97.895
v 187 		88.3605 		116.7413
v -38.014 		56.549 		98.303
v -38.014 		56.143 		98.303
v 98.1465 		56.143 		52.643
v 187 		88.1783 		117.2686
v -37.619 		56.549 		98.021
v -37.5171 		56.143 		98.0838
v 186.735 		88.507 		116.81
v -37.619 		56.143 		98.021
v 98.629 		56.143 		53.105
v 99.832 		56.143 		53.003
v 186.5 		88.507 		117.463
v 103.895 		56.143 		53.058
v 186.5 		88.683 		116.955
v 103.6381 		56.143 		53.1854
v 99.4934 		56.143 		53.7452
v 99.8533 		56.143 		53.9532
v 100.6943 		56.143 		54.2387
v 100.994 		56.143 		54.326
v 101.967 		56.143 		54.433
v -36.62 		56.549 		96.379
v -36.62 		56.143 		96.379
v -35.685 		56.143 		97.515
v -35.685 		56.549 		97.515
v -36.091 		56.549 		96.379
v -36.091 		56.143 		96.379
v 98.923 		56.143 		53.399
v -36.561 		56.143 		96.379
v -36.561 		56.549 		96.379
v 101.375 		56.143 		53.526
v 100.58 		56.143 		53.332
v 102.193 		56.143 		53.544
v 187 		88.168 		117.3116
v 103.3533 		56.143 		53.3007
v 103.001 		56.143 		53.42
v -35.537 		56.143 		97.929
v -35.537 		56.549 		97.929
v 102.8377 		56.143 		54.3464
v 103.1432 		56.143 		54.2712
v 102.6301 		56.143 		54.3601
v 103.578 		56.143 		54.154
v -32.941 		56.143 		96.379
v -32.941 		56.549 		96.379
v 113.088 		56.143 		62.251
v -34.32 		56.549 		97.515
v -34.32 		56.143 		97.515
v 111.674 		56.143 		62.251
v -33.917 		56.143 		96.379
v -33.917 		56.549 		96.379
v -33.44 		56.549 		96.379
v -33.44 		56.143 		96.379
v 116.1038 		56.143 		52.7997
v -34.468 		56.549 		97.929
v -34.468 		56.143 		97.929
v 116.3471 		56.143 		52.9946
v 188.553 		108.653 		40.139
v 117.652 		56.143 		53.003
v 121.716 		56.143 		53.058
v 121.2826 		56.143 		53.2447
v 185.652 		90.07 		118.388
v 117.5997 		56.143 		53.9017
v 117.873 		56.143 		54.052
v 118.1724 		56.143 		54.1393
v 116.8296 		56.143 		53.4567
v 118.401 		56.143 		53.332
v 120.5223 		56.143 		54.3291
v 121.182 		56.143 		54.2269
v 121.398 		56.143 		54.154
v -43.1875 		59.0487 		102.6326
v 119.0318 		56.143 		54.3696
v 119.6989 		56.143 		54.3839
v 120.0092 		56.143 		54.418
v -43.2726 		59.0487 		102.6746
v -43.4228 		59.0487 		102.7899
v -44.0987 		59.0488 		103.3824
v -44.1876 		59.0488 		103.4932
v -44.5876 		59.0488 		104.0386
v 120.2168 		56.143 		54.4043
v -41.161 		59.0488 		104.117
v -44.3287 		59.0487 		102.5185
v -45.0386 		59.0488 		103.3283
v 120.9975 		56.143 		53.36
v 120.2704 		56.143 		53.5045
v 120.013 		56.143 		53.544
v 119.195 		56.143 		53.526
v 116.298 		56.143 		62.251
v 117.712 		56.143 		62.251
v 129.495 		56.143 		62.251
v 130.909 		56.143 		62.251
v 98.2295 		56.143 		66.3832
v 98.2295 		56.143 		91.3819
v 68.041 		56.143 		118.681
v 69.494 		56.143 		118.681
v 67.575 		56.143 		118.681
v 73.7146 		56.143 		118.7721
v 72.851 		56.143 		118.681
v 70.736 		56.143 		118.681
v 70.045 		56.143 		118.681
v -45.89 		59.0489 		105.259
v -45.59 		59.0488 		104.269
v -45.6628 		59.0489 		104.483
v 68.041 		56.143 		120.194
v -44.6864 		59.0488 		104.253
v -44.9591 		59.0489 		104.872
v 68.041 		56.143 		120.593
v -41.5216 		59.0488 		104.205
v 69.451 		56.143 		120.547
v 69.047 		56.143 		120.319
v 68.614 		56.143 		120.194
v 68.8871 		56.143 		120.6571
v 68.6602 		56.143 		120.6438
v 68.9809 		56.143 		120.7112
v 69.132 		56.143 		120.822
v 67.575 		56.143 		122.349
v -45.996 		59.049 		106.233
v 69.257 		56.143 		121.065
v 69.2602 		56.143 		121.1608
v 69.2602 		56.143 		121.4673
v 69.2211 		56.143 		121.5675
v 69.135 		56.143 		121.732
v 68.9832 		56.143 		121.8372
v 68.47 		56.143 		122.349
v 189.062 		108.533 		40.891
v -45.1343 		59.0489 		105.7537
v -45.1589 		59.049 		105.9414
v 69.195 		56.143 		122.232
v 185.652 		90.014 		118.625
v 68.8882 		56.143 		121.8886
v 68.7777 		56.143 		121.9013
v 68.6616 		56.143 		121.9013
v -42.9 		59.049 		106.1
v 68.041 		56.143 		121.95
v 69.63 		56.143 		121.885
v 71.202 		56.143 		119.092
v 185.913 		89.195 		118.722
v -42.8404 		59.0489 		105.6731
v -42.8395 		59.0489 		105.6592
v 71.202 		56.143 		120.39
v 185.768 		89.617 		118.473
v 71.202 		56.143 		120.804
v 185.913 		89.25 		118.332
v 73.632 		56.143 		118.8
v -42.5363 		59.0489 		104.9654
v -42.5247 		59.0489 		104.9577
v -41.5612 		59.0488 		104.2185
v 72.851 		56.143 		119.092
v 185.768 		89.691 		118.163
v 185.913 		89.339 		117.955
v -42.8322 		59.0489 		105.6322
v -42.5701 		59.0489 		105.0094
v -42.5561 		59.0489 		104.9852
v -140 		107.985 		44.348
v 185.768 		89.792 		117.87
v -138.39 		130.4 		0
v -139.111 		130.098 		0
v -139.663 		129.539 		0
v -139.962 		128.809 		0
v -57.437 		59.0484 		99.419
v -62.437 		59.0484 		99.419
v -62.437 		59.0472 		84.419
v -57.437 		59.0472 		84.419
v -90.157 		74.896 		218.845
v -137 		95.5185 		122.88
v -137 		92.5597 		123.4391
v 187.95 		108.761 		39.459
v -136.935 		92.545 		123.388
v -136.935 		92.924 		123.12
v -137 		92.839 		123.2416
v -90.365 		74.993 		218.869
v 186.5 		108.935 		38.361
v 73.632 		56.143 		119.243
v 72.755 		56.143 		120.39
v 72.755 		56.143 		120.804
v -90.553 		75.109 		218.897
v 69.775 		56.143 		121.307
v 69.694 		56.143 		120.876
v -90.718 		75.24 		218.93
v 187.261 		108.855 		38.863
v 70.736 		56.143 		122.349
v 71.202 		56.143 		121.935
v 73.7186 		56.143 		121.2397
v 73.6892 		56.143 		121.379
v 72.851 		56.143 		122.349
v 72.851 		56.143 		121.935
v 74.318 		56.143 		118.6451
v 73.876 		56.143 		118.7524
v 184.035 		108.59 		40.532
v 75.063 		56.143 		118.66
v 74.8863 		56.143 		118.6535
v 76.904 		56.143 		118.681
v 80.75 		56.143 		118.681
v 79.019 		56.143 		118.681
v 81.216 		56.143 		118.681
v 75.525 		56.143 		118.827
v 73.7343 		56.143 		119.2071
v 73.9351 		56.143 		119.1786
v 74.663 		56.143 		119.024
v 75.148 		56.143 		119.093
v 75.439 		56.143 		119.296
v 75.536 		56.143 		119.635
v 75.5304 		56.143 		119.682
v 74.7772 		56.143 		120.3147
v 75.3144 		56.143 		120.0422
v 74.649 		56.143 		120.367
v 74.4841 		56.143 		120.4487
v 74.1755 		56.143 		120.5928
v 75.4415 		56.143 		119.9263
v 75.41 		56.143 		119.981
v 74.085 		56.143 		120.6954
v 74.9813 		56.143 		120.7129
v 75.5757 		56.143 		120.4403
v 186.282 		88.555 		118.602
v 186.086 		88.854 		118.658
v 186.282 		88.626 		118.093
v 186.086 		88.917 		118.205
v 186.086 		89.021 		117.767
v 189.761 		85.774 		38.988
v 189.94 		85.207 		39.807
v 189.962 		85.104 		40.122
v 189.663 		86.054 		38.738
v 189.467 		86.338 		38.2
v 183 		108.612 		40.397
v -90.968 		74.804 		218.939
v 166.002 		107.4478 		40.2122
v 166.002 		107.2475 		40.1804
v 166.002 		107.448 		40.211
v -91.51 		75.372 		219.08
v -91.183 		74.976 		218.982
v -91.365 		75.166 		219.029
v -91.615 		75.588 		219.134
v 141.568 		104.85 		40.965
v 141.322 		105.001 		41.002
v 141.322 		105.476 		40.972
v -91.836 		74.958 		219.125
v 139.403 		105.743 		41.039
v 140.965 		105.599 		41.003
v 139.8 		105.761 		41.043
v -90.157 		74.425 		218.845
v 140.197 		105.743 		41.039
v 140.588 		105.688 		41.025
v -90.45 		74.526 		218.87
v -90.722 		74.653 		218.902
v 75.909 		56.143 		119.234
v 76.006 		56.143 		119.657
v 75.989 		56.143 		119.7549
v -90.365 		74.056 		218.901
v 77.37 		56.143 		119.092
v 75.924 		56.143 		120.0613
v 75.7861 		56.143 		120.2095
v -90.722 		74.179 		218.932
v 75.8802 		56.143 		120.1419
v -137 		92.9435 		123.1679
v -137 		92.4497 		123.4925
v 77.37 		56.143 		120.39
v 77.37 		56.143 		120.804
v -136.7 		92.468 		123.12
v 73.7428 		56.143 		121.7398
v 73.769 		56.143 		121.853
v 73.8683 		56.143 		120.862
v 73.78 		56.143 		120.994
v 74.227 		56.143 		121.754
v 74.146 		56.143 		121.462
v 74.1592 		56.143 		121.395
v 74.2418 		56.143 		121.145
v 74.2762 		56.143 		121.0912
v 74.637 		56.143 		120.8766
v -91.053 		74.334 		218.97
v 75.769 		56.143 		121.791
v 75.6332 		56.143 		121.8324
v 74.244 		56.143 		122.2667
v 74.537 		56.143 		122.374
v 74.6393 		56.143 		122.3816
v 74.8001 		56.143 		122.3658
v 75.3092 		56.143 		122.3693
v 74.0864 		56.143 		122.2017
v 73.8372 		56.143 		121.9412
v 0 		81.5888 		41.7
v -90.968 		73.86 		219.028
v -8.192 		59.0437 		41.7
v -40.96 		59.0437 		41.7
v -65.1218 		62.0385 		41.7
v -65.239 		62.218 		41.7
v -65.0204 		61.9125 		41.7
v -64.27 		61.373 		41.7
v -64.4278 		61.4731 		41.7
v -64.7604 		61.673 		41.7
v -65.354 		62.609 		41.7
v -65.37 		63.386 		41.7
v -64.0078 		61.2712 		41.7
v -62.7 		61.05 		41.7
v -63.7542 		61.1987 		41.7
v -62.8664 		61.0639 		41.7
v -91.7 		74.253 		219.125
v -65.1004 		73.3961 		41.7
v -64.984 		73.5165 		41.7
v -65.2176 		73.2159 		41.7
v -65.37 		72.66 		41.7
v -65.337 		72.925 		41.7
v -65.2894 		73.0269 		41.7
v -91.615 		74.727 		219.068
v -91.352 		74.517 		219.016
v -65.37 		71.715 		41.7
v -64.8236 		73.682 		41.7
v -91.352 		74.04 		219.072
v -62.7 		74.352 		41.7
v -64.3914 		73.956 		41.7
v -64.27 		74.029 		41.7
v -63.912 		74.168 		41.7
v -63.118 		74.331 		41.7
v -45.7322 		61.2712 		41.7
v -45.9315 		61.207 		41.7
v -46.0404 		61.1904 		41.7
v -44.921 		61.7335 		41.7
v -44.3824 		62.6443 		41.7
v -44.4044 		62.5389 		41.7
v -45.0524 		61.619 		41.7
v -45.1374 		61.573 		41.7
v -45.47 		61.373 		41.7
v -44.4879 		62.2525 		41.7
v -44.6051 		62.073 		41.7
v -44.661 		61.973 		41.7
v -47.04 		61.05 		41.7
v -46.1522 		61.1848 		41.7
v -90.321 		73.025 		219.241
v -42.57 		63.05 		41.7
v -44.37 		63.432 		41.7
v -44.3212 		63.4076 		41.7
v -90.396 		72.8 		219.423
v -41.405 		63.203 		41.7
v -90.968 		72.936 		219.457
v -90.857 		73.152 		219.272
v -43.157 		63.088 		41.7
v -43.9213 		63.2934 		41.7
v -44.2012 		63.362 		41.7
v -44.3824 		62.8291 		41.7
v -33.513 		65.465 		41.7
v -32.823 		63.8 		41.7
v -33.223 		64.609 		41.7
v -40.1603 		63.7598 		41.7
v -39.5327 		64.2413 		41.7
v -39.2613 		64.513 		41.7
v -91.048 		72.77 		219.667
v -38.7798 		65.1413 		41.7
v -38.673 		65.301 		41.7
v -40.4924 		63.5681 		41.7
v -40.6744 		63.506 		41.7
v -41.7942 		71.9754 		41.7
v -42.9653 		72.0254 		41.7
v -42.1747 		72.0254 		41.7
v -44.3212 		71.6934 		41.7
v -43.9213 		71.8076 		41.7
v -43.157 		72.013 		41.7
v -44.37 		71.669 		41.7
v -44.6024 		73.3389 		41.7
v -44.5334 		73.2041 		41.7
v -44.3788 		72.7309 		41.7
v -44.37 		72.66 		41.7
v -44.661 		73.3993 		41.7
v -137 		93.2028 		122.921
v -90.483 		72.51 		219.863
v -90.4865 		72.4904 		219.9435
v -90.45 		72.628 		219.632
v -136.935 		92.145 		123.582
v -91.097 		72.656 		219.9
v -137 		92.155 		123.6354
v -136.935 		91.308 		123.739
v -136.7 		91.308 		123.45
v -136.7 		91.703 		123.413
v -90.6758 		72.5363 		219.9508
v -91.1013 		72.6398 		219.9673
v -91.615 		72.965 		219.716
v -136.935 		91.73 		123.7
v -91.183 		73.574 		219.156
v -91.836 		73.547 		219.371
v -137 		92.0408 		123.6678
v -91.365 		73.327 		219.316
v -137 		91.735 		123.7547
v -91.51 		73.123 		219.504
v -92.012 		73.358 		219.562
v -137 		91.6189 		123.7655
v -137 		91.308 		123.7943
v -137 		91.1917 		123.7835
v -92.14 		73.211 		219.777
v -91.679 		72.856 		219.949
v -91.6832 		72.8443 		219.9997
v -91.784 		72.8924 		220.0073
v -136.482 		91.67 		123.053
v -136.482 		91.308 		123.086
v -136.482 		92.026 		122.951
v -136.7 		92.092 		123.302
v -91.2487 		72.6917 		219.9755
v -92.615 		73.502 		219.849
v -92.218 		73.108 		220.012
v -92.221 		73.1016 		220.0405
v -92.466 		73.637 		219.631
v -136.935 		90.886 		123.7
v -92.705 		73.407 		220.086
v -137 		90.8807 		123.7547
v -92.7465 		73.4401 		220.0942
v -93.0819 		73.7237 		220.1393
v -136.482 		90.945 		123.053
v -136.7 		90.912 		123.413
v -92.2713 		73.1333 		220.0456
v -92.7054 		73.4064 		220.0889
v -136.7 		90.523 		123.302
v -136.482 		90.589 		122.951
v -92.7098 		73.41 		220.0895
v -90.115 		73.613 		218.966
v -136.7 		90.148 		123.12
v -90.553 		73.717 		218.992
v -136.935 		90.471 		123.582
v -90.227 		73.297 		219.088
v -137 		90.7668 		123.7224
v -137 		90.461 		123.6354
v -90.718 		73.414 		219.117
v -137 		90.3507 		123.582
v -85.8846 		78.2312 		220.8545
v -136.935 		90.07 		123.388
v -85.4613 		77.915 		220.8044
v -85.7223 		78.1101 		220.8353
v -136.935 		89.691 		123.12
v -87.425 		78.9162 		220.9632
v -87.9769 		79.0417 		220.9831
v -88.0019 		79.0474 		220.984
v -87.3714 		78.8986 		220.9604
v -137 		89.9508 		123.3654
v -137 		89.6715 		123.1679
v -137 		90.0553 		123.4391
v -86.3585 		78.5048 		220.898
v -137 		89.575 		123.0755
v -86.2329 		78.4323 		220.8864
v -86.7868 		78.6956 		220.9282
v -86.8742 		78.7346 		220.9344
v -136.935 		94.295 		120.888
v -137 		94.2792 		121.0583
v -137 		94.3308 		120.909
v -136.935 		94.541 		119.12
v -136.935 		94.514 		119.723
v -136.7 		94.339 		119.12
v -88.591 		79.1253 		220.9964
v -88.5968 		79.1261 		220.9965
v -136.7 		94.313 		119.685
v -136.935 		94.431 		120.315
v -136.7 		94.235 		120.24
v -89.2 		79.1534 		221.0009
v -89.198 		79.1533 		221.0009
v -89.8033 		79.1261 		220.9965
v -89.7976 		79.1263 		220.9966
v -84.6029 		76.833 		220.6327
v -84.795 		77.1763 		220.6872
v -84.8944 		77.3038 		220.7074
v -85.0957 		77.5614 		220.7483
v -85.2732 		77.7328 		220.7755
v -84.5648 		76.7648 		220.6218
v -84.4157 		76.3452 		220.5552
v -84.4114 		76.3319 		220.5531
v -84.3497 		75.8859 		220.4824
v -84.4111 		76.3295 		220.5528
v -84.3539 		75.7995 		220.4687
v -84.3723 		75.4366 		220.4111
v -84.4775 		74.9913 		220.3404
v -84.412 		75.2692 		220.3845
v -84.5818 		74.7499 		220.3021
v -84.6652 		74.5573 		220.2715
v -84.9335 		74.1443 		220.206
v -84.8598 		74.2579 		220.224
v -85.2781 		73.7575 		220.1446
v -85.2353 		73.8055 		220.1522
v -85.6946 		73.4064 		220.0889
v -85.6535 		73.4401 		220.0942
v -85.7009 		73.4024 		220.0883
v -86.1791 		73.1016 		220.0405
v -86.7168 		72.8443 		219.9997
v -86.2465 		73.0694 		220.0354
v -86.8438 		72.7996 		219.9926
v -87.2987 		72.6398 		219.9673
v -87.9135 		72.4904 		219.9435
v -87.4743 		72.5972 		219.9605
v -88.5509 		72.3992 		219.9291
v -88.1262 		72.4599 		219.9387
v -88.783 		72.3886 		219.9274
v -89.2 		72.3696 		219.9244
v 74.9742 		56.143 		121.9792
v 74.8552 		56.143 		121.9622
v 75.1016 		56.143 		121.9631
v 74.469 		56.143 		121.929
v 75.785 		56.143 		122.2464
v 75.932 		56.143 		122.205
v 76.904 		56.143 		122.349
v 77.37 		56.143 		121.935
v 79.019 		56.143 		119.092
v 78.923 		56.143 		120.804
v 78.923 		56.143 		120.39
v 79.7 		56.143 		121.935
v 79.7 		56.143 		122.349
v 79.019 		56.143 		122.349
v 79.019 		56.143 		121.935
v 80.75 		56.143 		121.935
v 81.216 		56.143 		121.935
v 65.997 		56.143 		123.658
v 65.5727 		56.143 		123.6432
v 66.46 		56.143 		123.825
v 66.47 		56.143 		124.633
v 66.4361 		56.143 		124.7926
v 65.598 		56.143 		124.023
v 66.082 		56.143 		124.091
v 66.373 		56.143 		124.294
v 66.4305 		56.143 		124.8396
v 66.3991 		56.143 		124.8943
v 66.8021 		56.143 		124.1437
v 66.6894 		56.143 		124.0241
v 66.8974 		56.143 		124.4262
v 66.917 		56.143 		124.887
v 66.9191 		56.143 		124.6187
v 66.9259 		56.143 		124.5508
v 68.201 		56.143 		123.679
v 67.735 		56.143 		123.679
v 66.88 		56.143 		124.972
v 65.6946 		56.143 		125.3232
v 65.9183 		56.143 		125.2091
v 66.3101 		56.143 		125.0171
v 66.1679 		56.143 		125.6009
v 66.414 		56.143 		125.493
v 66.6392 		56.143 		125.3306
v 66.7501 		56.143 		125.2374
v 65.7097 		56.143 		125.8007
v 66.703 		56.143 		126.79
v 65.95 		56.143 		126.975
v 69.2622 		56.143 		125.2043
v 69.4992 		56.143 		125.2896
v 69.0243 		56.143 		125.133
v 68.4009 		56.143 		125.1083
v 68.201 		56.143 		125.103
v 68.201 		56.143 		125.503
v 69.038 		56.143 		125.552
v 69.2434 		56.143 		125.6431
v 69.3466 		56.143 		125.7019
v 69.4808 		56.143 		125.9363
v 68.201 		56.143 		126.949
v 69.526 		56.143 		126.0818
v 69.543 		56.143 		126.247
v 69.449 		56.143 		126.637
v 69.168 		56.143 		126.871
v 71.311 		56.143 		123.679
v 70.845 		56.143 		123.679
v 72.764 		56.143 		123.679
v 73.315 		56.143 		123.679
v 69.9698 		56.143 		125.9303
v 69.9236 		56.143 		125.746
v 69.8663 		56.143 		125.6772
v 69.687 		56.143 		125.411
v 71.311 		56.143 		125.592
v 71.311 		56.143 		125.193
v 71.311 		56.143 		126.949
v 71.5691 		56.143 		126.9287
v 70.039 		56.143 		126.272
v 69.895 		56.143 		126.87
v 72.316 		56.143 		125.318
v 71.856 		56.143 		125.6238
v 72.1136 		56.143 		125.6449
v 72.3395 		56.143 		125.7748
v 72.403 		56.143 		125.821
v 71.884 		56.143 		125.193
v 73.673 		56.143 		125.522
v 72.721 		56.143 		125.546
v 72.964 		56.143 		125.876
v 72.9 		56.143 		126.885
v 72.1135 		56.143 		126.8983
v 72.527 		56.143 		126.064
v 72.5348 		56.143 		126.2949
v 72.5348 		56.143 		126.4224
v 72.4409 		56.143 		126.6625
v 72.405 		56.143 		126.731
v 72.3415 		56.143 		126.7748
v 73.045 		56.143 		126.306
v 66.6365 		56.143 		127.281
v 66.866 		56.143 		127.204
v 66.2264 		56.143 		127.3306
v 66.4384 		56.143 		127.3321
v 67.735 		56.143 		127.348
v 68.748 		56.143 		127.348
v 69.465 		56.143 		127.229
v 70.845 		56.143 		127.348
v 71.739 		56.143 		127.348
v 72.465 		56.143 		127.233
v 71.039 		56.143 		130.69
v 71.3155 		56.143 		130.3744
v 73.093 		56.143 		129.115
v 72.234 		56.143 		129.585
v 71.7439 		56.143 		129.9782
v 72.3814 		56.143 		131.0169
v 72.722 		56.143 		130.691
v 73.35 		56.143 		130.309
v 73.5956 		56.143 		130.2136
v 74.265 		56.143 		123.838
v 75.005 		56.143 		123.628
v 75.399 		56.143 		123.682
v 75.728 		56.143 		123.845
v 73.821 		56.143 		124.469
v 74.258 		56.143 		124.695
v 74.538 		56.143 		124.202
v 75.005 		56.143 		124.038
v 75.375 		56.143 		124.138
v 75.4532 		56.143 		124.215
v 75.6805 		56.143 		124.501
v 75.7335 		56.143 		124.6944
v 77.622 		56.143 		123.679
v 77.157 		56.143 		123.679
v 76.185 		56.143 		124.49
v 75.992 		56.143 		124.116
v 74.165 		56.143 		125.518
v 74.541 		56.143 		126.826
v 74.259 		56.143 		126.336
v 75.6839 		56.143 		126.4968
v 75.6172 		56.143 		126.6638
v 75.4287 		56.143 		126.8445
v 75.3431 		56.143 		126.9083
v 73.822 		56.143 		126.567
v -47.04 		74.352 		41.7
v 76.32 		56.143 		125.235
v -46.622 		74.331 		41.7
v -46.4096 		74.2874 		41.7
v -45.5658 		74.0662 		41.7
v -45.47 		74.029 		41.7
v -44.9796 		73.729 		41.7
v 75.8362 		56.143 		125.3556
v 76.3066 		56.143 		125.8259
v -45.1374 		73.829 		41.7
v 77.622 		56.143 		125.644
v -40.96 		77.652 		41.7
v 77.622 		56.143 		125.23
v -38.285 		68.8979 		41.7
v -38.1858 		68.5272 		41.7
v -38.287 		66.1981 		41.7
v -38.4339 		65.8438 		41.7
v 75.8295 		56.143 		125.2204
v -38.09 		67.257 		41.7
v -38.1334 		66.9725 		41.7
v 76.187 		56.143 		126.538
v 76.2675 		56.143 		126.209
v -38.5881 		69.6286 		41.7
v 75.8038 		56.143 		125.9748
v 75.787 		56.143 		126.165
v 75.996 		56.143 		126.912
v -38.109 		68.138 		41.7
v -33.748 		67.251 		41.7
v -33.689 		68.152 		41.7
v -33.689 		66.35 		41.7
v 77.622 		56.143 		126.934
v -33.513 		69.037 		41.7
v 81.402 		56.143 		124.034
v 80.192 		56.143 		123.679
v 80.192 		56.143 		123.986
v -33.223 		69.892 		41.7
v -32.823 		70.701 		41.7
v 80.936 		56.143 		124.034
v -40.6744 		71.595 		41.7
v 79.172 		56.143 		125.644
v 79.172 		56.143 		125.23
v -38.7798 		69.9607 		41.7
v 79.268 		56.143 		126.934
v -39.2613 		70.5883 		41.7
v -39.5327 		70.8597 		41.7
v -40.1603 		71.3412 		41.7
v -40.4924 		71.5329 		41.7
v 74.268 		56.143 		127.195
v 75.012 		56.143 		127.404
v 75.733 		56.143 		127.185
v 75.0875 		56.143 		126.9782
v 75.012 		56.143 		126.99
v -29.488 		60.875 		41.7
v -30.298 		61.274 		41.7
v 75.406 		56.143 		127.349
v -28.634 		60.585 		41.7
v -27.747 		60.409 		41.7
v 74.032 		56.143 		128.84
v 185.768 		90.07 		117.352
v 75.006 		56.143 		128.734
v -32.322 		63.05 		41.7
v -31.727 		62.371 		41.7
v 77.157 		56.143 		127.348
v 75.979 		56.143 		128.84
v -31.048 		61.776 		41.7
v 77.778 		56.143 		129.585
v 76.919 		56.143 		129.115
v -25.061 		60.585 		41.7
v 186.086 		89.164 		117.352
v 186.086 		89.344 		116.967
v -26.847 		60.35 		41.7
v -25.946 		60.409 		41.7
v 75.3542 		56.143 		129.9609
v 75.823 		56.143 		130.0122
v 185.913 		89.617 		117.267
v 74.6578 		56.143 		129.9609
v 75.006 		56.143 		129.915
v 74.1896 		56.143 		130.0122
v 76.4164 		56.143 		130.2136
v 76.662 		56.143 		130.309
v 77.29 		56.143 		130.691
v 79.268 		56.143 		127.348
v 80.192 		56.143 		127.348
v 185.913 		89.462 		117.598
v 81.402 		56.143 		126.99
v 185.768 		89.919 		117.598
v 80.936 		56.143 		126.99
v 80.192 		56.143 		127.038
v 185.913 		89.801 		116.967
v 79.1551 		56.143 		130.9901
v 78.973 		56.143 		130.69
v 78.542 		56.143 		130.198
v 82.262 		56.143 		122.349
v 82.262 		56.143 		121.935
v 83.764 		56.143 		124.09
v 85.362 		56.143 		124.09
v 82.137 		56.143 		123.986
v 82.137 		56.143 		123.679
v 83.298 		56.143 		123.679
v 85.362 		56.143 		123.679
v 86.342 		56.143 		123.679
v 88.457 		56.143 		123.679
v 86.808 		56.143 		124.09
v 88.457 		56.143 		124.09
v 86.808 		56.143 		125.389
v 86.808 		56.143 		125.803
v 86.808 		56.143 		126.934
v 88.361 		56.143 		125.803
v 88.361 		56.143 		125.389
v 88.457 		56.143 		126.934
v 82.137 		56.143 		127.348
v 83.764 		56.143 		127.348
v 83.298 		56.143 		127.348
v 82.137 		56.143 		127.038
v 86.342 		56.143 		127.348
v -32.475 		56.143 		96.379
v -32.475 		56.549 		96.379
v -32.4754 		56.143 		96.8932
v 186.282 		88.742 		117.602
v 141.153 		104.546 		41.007
v -31.044 		56.143 		96.379
v -31.044 		56.549 		96.379
v -31.429 		56.549 		96.379
v -31.429 		56.143 		96.379
v -31.203 		56.143 		97.056
v -31.203 		56.549 		97.056
v 140.965 		104.661 		41.035
v 141.05 		105.128 		41.034
v 140.447 		105.303 		41.077
v 140.757 		105.229 		41.059
v -31.218 		56.143 		97.056
v -31.218 		56.549 		97.056
v -29.469 		56.143 		96.379
v -29.469 		56.549 		96.379
v -29.939 		56.549 		96.379
v -29.939 		56.143 		96.379
v 121.716 		59.0447 		53.058
v -29.939 		56.143 		96.8772
v 121.842 		59.0444 		49.882
v 121.5288 		59.0447 		53.1386
v -57.437 		56.143 		99.419
v -62.437 		56.143 		99.419
v -52.432 		56.549 		100.047
v -51.439 		56.549 		99.638
v 119.17 		59.0445 		50.789
v 121.553 		59.0444 		50.315
v 120.247 		59.0445 		50.978
v 119.663 		59.0445 		50.956
v 121.161 		59.0445 		50.658
v 120.818 		59.0445 		50.847
v -23.397 		61.274 		41.7
v -24.206 		60.875 		41.7
v -20.472 		64.609 		41.7
v -20.871 		63.8 		41.7
v 140.532 		104.836 		41.079
v -21.373 		63.05 		41.7
v -21.968 		62.371 		41.7
v -20.182 		65.465 		41.7
v 140.295 		104.892 		41.093
v -18.3615 		65.536 		41.7
v 114.787 		59.0444 		49.433
v -22.646 		61.776 		41.7
v 140.757 		104.759 		41.059
v 114.7994 		59.0444 		49.6249
v 114.9934 		59.0445 		50.7561
v 115.062 		59.0445 		51.036
v -31.727 		72.13 		41.7
v -31.048 		72.725 		41.7
v -28.634 		73.917 		41.7
v -27.747 		74.093 		41.7
v -26.847 		74.152 		41.7
v 186.282 		88.903 		117.136
v -30.298 		73.228 		41.7
v -32.322 		71.451 		41.7
v -25.946 		74.093 		41.7
v -25.061 		73.917 		41.7
v -29.488 		73.627 		41.7
v -21.373 		71.451 		41.7
v -20.871 		70.701 		41.7
v -23.397 		73.228 		41.7
v -22.646 		72.725 		41.7
v -24.206 		73.627 		41.7
v -21.968 		72.13 		41.7
v -20.472 		69.892 		41.7
v -23.1041 		77.652 		41.7
v -20.182 		69.037 		41.7
v -20.006 		68.152 		41.7
v 186.982 		87.956 		118.489
v -19.947 		67.251 		41.7
v -20.006 		66.35 		41.7
v -9.016 		64.558 		41.7
v -9.6857 		64.7059 		41.7
v -8.6335 		64.4994 		41.7
v -11.4027 		65.435 		41.7
v -11.511 		65.519 		41.7
v -10.5803 		64.9788 		41.7
v -10.9117 		65.1255 		41.7
v -10.0216 		64.7888 		41.7
v 186.982 		88.042 		117.87
v -6.506 		64.35 		41.7
v -7.0469 		64.3638 		41.7
v -7.6043 		64.3923 		41.7
v 187 		87.9498 		118.4879
v -51.419 		56.549 		100.043
v 187 		87.9477 		118.5332
v -51.419 		56.143 		100.043
v 115.5863 		59.0444 		49.4173
v 115.5863 		59.0444 		49.7381
v 115.7366 		59.0444 		50.491
v 115.794 		59.0445 		50.725
v 115.8908 		59.0445 		50.9454
v -52.432 		56.143 		100.047
v -51.3867 		56.143 		99.6296
v -51.5547 		56.143 		99.6402
v 115.6271 		59.0446 		52.1649
v -51.966 		56.549 		99.648
v -51.966 		56.143 		99.648
v 116.1874 		59.0446 		52.8953
v 115.457 		59.0446 		51.933
v 116.2296 		59.0446 		51.6342
v 116.3187 		59.0446 		51.7678
v 116.8254 		59.0446 		52.3451
v 116.992 		59.0446 		52.519
v 117.652 		59.0447 		53.003
v -11.769 		66.042 		41.7
v -11.704 		65.777 		41.7
v -10.0216 		77.2135 		41.7
v -9.5647 		77.3201 		41.7
v -10.9117 		76.8775 		41.7
v -10.5803 		77.0242 		41.7
v -11.4027 		76.568 		41.7
v -11.511 		76.484 		41.7
v -11.704 		76.226 		41.7
v -11.769 		75.961 		41.7
v -8.895 		77.468 		41.7
v 187 		88.0297 		117.9122
v 187 		88.036 		117.8677
v -7.329 		77.631 		41.7
v -6.506 		77.652 		41.7
v 186.5 		89.164 		116.058
v 187 		88.3745 		116.7005
v 186.982 		88.38 		116.705
v 187 		88.6033 		116.2123
v 186.982 		88.626 		116.18
v 187 		88.621 		116.1745
v 186.735 		88.742 		116.308
v 186.735 		89.021 		115.853
v 186.5 		88.903 		116.484
v -50.239 		56.549 		98.896
v -50.334 		56.549 		98.464
v -50.3131 		56.143 		98.5589
v -50.3487 		56.143 		98.4357
v -50.268 		56.549 		99.247
v -50.787 		56.549 		99.252
v -50.879 		56.549 		98.459
v -50.2733 		56.143 		99.2716
v -50.2506 		56.143 		98.9977
v -50.239 		56.143 		98.896
v -50.8483 		56.143 		98.546
v -50.7765 		56.143 		99.1648
v 187 		88.8916 		115.7328
v -50.8674 		56.143 		98.4763
v 186.735 		89.339 		115.455
v 186.982 		89.25 		115.288
v 186.5 		89.462 		115.684
v 118.552 		59.0444 		50.315
v 118.263 		59.0444 		49.882
v 118.2554 		59.0444 		49.8623
v 124.7576 		59.0443 		48.9722
v 124.7073 		59.0443 		48.591
v 124.617 		59.0443 		48.138
v 124.1132 		59.0442 		46.9793
v 124.263 		59.0442 		47.226
v 123.3302 		59.0441 		45.9427
v 123.6016 		59.0441 		46.2144
v 123.8947 		59.0443 		49.0326
v 123.7444 		59.0443 		48.2797
v 123.687 		59.0442 		48.046
v 123.4548 		59.0442 		47.5175
v 123.3133 		59.0442 		47.2302
v 123.0995 		59.0442 		46.9098
v 122.8884 		59.0441 		46.669
v -50.7795 		56.143 		99.2329
v -50.8193 		56.143 		99.3007
v 122.044 		59.0443 		49.129
v 121.368 		59.0442 		47.499
v 121.3865 		59.0442 		47.52
v 121.6429 		59.0442 		47.7878
v 186.5 		89.792 		115.37
v 139.474 		105.347 		41.088
v 187 		89.2462 		115.2809
v 139.8 		105.362 		41.092
v 140.126 		105.347 		41.088
v 187 		89.2223 		115.3108
v 122.01 		59.0443 		48.61
v 120.8476 		59.0442 		47.1697
v 118.835 		59.0442 		47.413
v 119.17 		59.0442 		47.209
v 120.8113 		59.0442 		47.1487
v 121.9939 		59.0443 		48.5712
v -50.9267 		56.143 		98.4245
v 186.982 		89.617 		114.937
v 187 		89.6139 		114.9293
v 187 		89.5874 		114.9545
v -50.934 		56.549 		99.474
v -50.934 		56.143 		99.474
v -51.1183 		56.143 		99.5774
v -51.095 		56.549 		99.571
v -50.9926 		56.143 		99.5017
v 186.735 		89.691 		115.119
v -50.913 		56.549 		99.956
v -50.3418 		56.143 		99.3702
v -50.411 		56.549 		99.612
v -50.604 		56.549 		99.808
v 186.735 		90.07 		114.852
v -50.4534 		56.143 		99.655
v -50.604 		56.143 		99.808
v -51.0241 		56.143 		99.9751
v -50.9308 		56.143 		99.9613
v -50.8451 		56.143 		99.9235
v -49.473 		56.549 		100.047
v -49.473 		56.143 		100.047
v -47.3082 		56.143 		98.7771
v -47.8552 		56.143 		99.2962
v 186.982 		88.917 		115.705
v -47.3084 		56.143 		99.1328
v -47.277 		56.143 		99.005
v 187 		88.9126 		115.6986
v -47.8214 		56.143 		99.2578
v -47.4543 		56.143 		98.4247
v -47.3302 		56.143 		98.6768
v -47.775 		56.143 		98.928
v -47.88 		56.143 		98.565
v 186.086 		89.558 		116.62
v -48.0423 		56.143 		98.4323
v 186.086 		89.801 		116.315
v -47.7901 		56.143 		99.0158
v 185.913 		90.011 		116.705
v -48.1561 		56.143 		98.3748
v -48.1069 		56.143 		98.3856
v -47.5287 		56.143 		98.3408
v 186.282 		89.105 		116.705
v -47.277 		56.549 		99.005
v -47.317 		56.549 		98.713
v 186.282 		89.344 		116.315
v -47.815 		56.549 		99.238
v -47.313 		56.549 		99.325
v -47.476 		56.549 		98.39
v 186.282 		89.617 		115.973
v -47.775 		56.549 		98.928
v -47.88 		56.549 		98.565
v -48.088 		56.549 		98.395
v 186.282 		89.919 		115.684
v -47.849 		56.549 		99.932
v -47.9656 		56.143 		99.9542
v -47.8216 		56.143 		99.9162
v -47.964 		56.549 		99.476
v -47.9715 		56.143 		99.4819
v -48.38 		56.143 		100.033
v -48.38 		56.549 		100.033
v -47.51 		56.549 		99.688
v -47.3365 		56.143 		99.3825
v -47.4902 		56.143 		99.6658
v -49.008 		56.549 		99.648
v -49.008 		56.143 		99.648
v -48.217 		56.549 		99.601
v -48.2464 		56.143 		99.6078
v -48.049 		56.143 		99.5102
v 186.086 		90.07 		116.058
v -48.3907 		56.143 		99.6113
v -47.557 		56.143 		99.7258
v -46.6131 		56.143 		98.457
v -46.563 		56.549 		98.873
v -46.5648 		56.143 		98.8589
v -46.5301 		56.143 		98.9694
v -46.413 		56.549 		99.312
v -46.413 		56.143 		99.312
v 186.982 		92.601 		114.658
v 187 		92.6034 		114.6497
v 187 		92.5733 		114.6351
v -46.625 		56.549 		98.358
v 187 		92.1846 		114.4463
v 186.982 		92.183 		114.455
v -46.047 		56.549 		98.921
v -46.0178 		56.143 		98.9886
v -46.0549 		56.143 		98.8793
v -46.065 		56.143 		98.7308
v -46.0651 		56.143 		99.7417
v -46.129 		56.549 		99.693
v -45.636 		56.549 		100.004
v -45.6804 		56.143 		99.9845
v -46.1382 		56.143 		99.686
v -45.163 		56.549 		100.095
v -45.455 		56.549 		99.616
v -45.5034 		56.143 		100.0257
v -45.1342 		56.143 		100.0968
v -45.3525 		56.143 		99.63
v -45.455 		56.143 		99.616
v -46.3599 		56.143 		99.3886
v -45.716 		56.549 		99.462
v 186.735 		91.308 		114.5
v -45.716 		56.143 		99.462
v 186.735 		92.145 		114.658
v -45.7595 		56.143 		99.4108
v 186.982 		91.749 		114.331
v 187 		91.7498 		114.3222
v -44.0145 		56.143 		98.8128
v -43.991 		56.549 		98.739
v -44.219 		56.143 		99.2935
v -43.9849 		56.143 		98.6955
v -43.9829 		56.143 		98.5888
v 187 		92.1534 		114.4375
v -43.592 		56.549 		99.1
v -43.479 		56.549 		98.619
v -43.4821 		56.143 		98.6322
v -43.5703 		56.143 		99.0076
v 187 		91.7181 		114.3192
v 186.982 		91.308 		114.29
v -43.6366 		56.143 		99.1872
v -43.6006 		56.143 		99.1244
v -43.795 		56.549 		99.497
v -44.083 		56.549 		99.801
v -44.253 		56.549 		99.355
v 122.2414 		59.044 		45.1065
v 122.832 		59.044 		45.465
v -44.62 		56.549 		100.046
v -44.771 		56.549 		99.661
v -44.48 		56.549 		99.55
v 121.829 		59.0441 		45.768
v 121.3005 		59.044 		45.5359
v 121.0038 		59.044 		45.4131
v 120.2508 		59.044 		45.2628
v 120.0931 		59.044 		45.2316
v 119.8526 		59.044 		45.226
v 119.2754 		59.044 		45.2394
v 119.663 		59.0442 		47.041
v -41.172 		56.549 		98.317
v -42.811 		56.549 		98.355
v -42.292 		56.549 		98.582
v -42.732 		56.549 		98.876
v -42.139 		56.549 		99.078
v -42.096 		56.549 		99.802
v -41.488 		56.549 		100.043
v -65.239 		62.218 		38.887
v -65.152 		62.0847 		38.887
v -64.9791 		61.8699 		38.887
v -64.786 		61.6921 		38.887
v -64.5391 		61.5436 		38.887
v -64.27 		61.373 		38.887
v -65.37 		63.386 		38.887
v -65.354 		62.609 		38.887
v -64.0753 		61.2974 		38.887
v -62.7 		61.05 		38.887
v -63.6429 		61.1738 		38.887
v -62.9837 		61.0737 		38.887
v 139.8 		104.938 		41.104
v 140.05 		104.926 		41.101
v 139.969 		104.486 		41.077
v 139.8 		104.494 		41.079
v 140.135 		104.463 		41.072
v 139.305 		104.892 		41.093
v 139.465 		104.463 		41.072
v 139.55 		104.926 		41.101
v 139.631 		104.486 		41.077
v 141.318 		104.414 		40.974
v 140.447 		104.373 		41.049
v 140.588 		104.307 		41.033
v 140.295 		104.425 		41.062
v 140.715 		104.229 		41.013
v 140.827 		104.14 		40.991
v 140.921 		104.042 		40.967
v 140.318 		103.861 		40.974
v 140.365 		103.811 		40.961
v 139.8 		104.039 		41.018
v 139.885 		104.035 		41.017
v 139.969 		104.024 		41.014
v 140.05 		104.004 		41.009
v 140.126 		103.978 		41.003
v 140.197 		103.945 		40.995
v 139.305 		104.425 		41.062
v 139.403 		103.945 		40.995
v 139.715 		104.035 		41.017
v 139.474 		103.978 		41.003
v 139.55 		104.004 		41.009
v 139.631 		104.024 		41.014
v 139.282 		103.861 		40.974
v 139.339 		103.905 		40.985
v 140.261 		103.905 		40.985
v 142.215 		106.689 		40.188
v 142.2396 		106.7309 		40.0984
v 142.0013 		106.8169 		40.1121
v 141.648 		106.885 		40.237
v 141.6703 		106.9368 		40.1311
v 142.11 		106.531 		40.4
v 141.568 		106.718 		40.447
v 141.457 		106.502 		40.631
v 142.5903 		106.5589 		40.0712
v 141.3763 		107.01 		40.1427
v 141.05 		107.027 		40.272
v 141.0667 		107.0868 		40.1549
v 140.7355 		107.1344 		40.1625
v 140.43 		107.113 		40.293
v 140.4391 		107.1773 		40.1693
v 140.996 		106.854 		40.481
v 140.403 		106.937 		40.501
v 140.921 		106.63 		40.663
v 140.365 		106.707 		40.682
v 139.8 		106.733 		40.689
v 139.8 		106.964 		40.508
v 139.8 		107.142 		40.3
v 139.8 		107.2082 		40.1742
v 139.4506 		107.1911 		40.1715
v 140.0882 		107.1944 		40.172
v 143.801 		105.349 		40.107
v 143.632 		105.82 		39.972
v 143.465 		105.7 		40.194
v 143.55 		105.218 		40.313
v 144.068 		104.969 		40.013
v 143.801 		104.863 		40.225
v 143.983 		104.488 		40.131
v 143.465 		104.739 		40.415
v 143.6393 		105.8262 		39.9549
v 143.6053 		105.8549 		39.9594
v 143.8263 		105.6168 		39.9216
v 144.3927 		104.6134 		39.7624
v 143.972 		105.4467 		39.8946
v 144.2225 		105.0383 		39.8298
v 143.9889 		105.4191 		39.8902
v 144.262 		104.569 		39.913
v 144.262 		104.9395 		39.8141
v 143.632 		104.395 		40.329
v 144.093 		104.099 		40.035
v 143.733 		104.039 		40.241
v 144.13 		103.704 		39.937
v 143.767 		103.677 		40.151
v 122.489 		59.0441 		46.252
v 120.2156 		59.0442 		47.0211
v 120.2436 		59.0442 		47.0193
v 88.457 		56.143 		127.348
v 120.2711 		59.0442 		47.0248
v 107.673 		56.143 		113.581
v 107.207 		56.143 		113.581
v -137 		94.5721 		119.2858
v -137 		94.5521 		119.7301
v 110.369 		56.143 		113.581
v 109.677 		56.143 		113.581
v 109.126 		56.143 		113.581
v -137 		94.5797 		119.12
v -137 		94.5295 		119.8933
v -137 		94.4684 		120.3295
v 112.484 		56.143 		113.581
v -137 		94.431 		120.4868
v 110.835 		56.143 		113.992
v 112.484 		56.143 		113.992
v 113.264 		56.143 		113.7
v 113.89 		56.143 		113.548
v 114.4395 		56.143 		113.5396
v 114.3192 		56.143 		113.5452
v 114.6532 		56.143 		113.5755
v 113.264 		56.143 		114.143
v 113.3663 		56.143 		114.1074
v 114.0949 		56.143 		113.9535
v 114.296 		56.143 		113.925
v -136.7 		93.451 		122.182
v -136.482 		93.271 		121.925
v 187 		91.308 		114.2811
v 186.735 		91.73 		114.54
v -136.935 		93.594 		122.386
v -136.935 		93.276 		122.785
v -137 		93.8269 		122.0907
v -137 		93.6214 		122.4252
v -136.935 		93.873 		121.932
v -137 		93.9038 		121.9657
v -137 		93.534 		122.5347
v -137 		93.2997 		122.8287
v 187 		91.2763 		114.284
v 186.735 		90.886 		114.54
v 186.735 		90.471 		114.658
v 186.982 		90.866 		114.331
v 187 		90.4013 		114.4609
v 186.982 		90.433 		114.455
v 187 		90.4314 		114.4463
v 187 		90.8652 		114.3222
v 187 		90.8341 		114.331
v -136.7 		93.153 		122.555
v -136.482 		92.998 		122.267
v -136.482 		92.696 		122.555
v -136.286 		92.545 		122.182
v -136.286 		92.814 		121.925
v -136.482 		92.37 		122.785
v 186.982 		90.014 		114.658
v 187 		90.0116 		114.6497
v -136.286 		92.255 		122.386
v 116.537 		56.143 		113.581
v 115.6095 		56.143 		114.4326
v 115.5008 		56.143 		114.0457
v 115.638 		56.143 		114.557
v -41.353 		56.549 		99.657
v 115.2706 		56.143 		113.8467
v -42.515 		56.549 		99.36
v 115.1968 		56.143 		113.7493
v 115.1192 		56.143 		113.7047
v 114.781 		56.143 		113.993
v 115.071 		56.143 		114.196
v 115.168 		56.143 		114.535
v 115.1546 		56.143 		114.648
v -41.682 		56.549 		99.546
v 118.652 		56.143 		113.581
v 118.652 		56.143 		113.992
v 117.002 		56.143 		113.992
v 120.848 		56.143 		113.581
v 120.382 		56.143 		113.581
v -41.943 		56.549 		99.351
v 105.574 		56.143 		118.698
v 106.2 		56.143 		118.547
v 104.794 		56.143 		118.579
v 102.679 		56.143 		118.579
v -89.8491 		72.3992 		219.9291
v -89.4339 		72.3802 		219.9261
v 103.145 		56.143 		120.288
v 103.145 		56.143 		118.99
v -90.0683 		72.4306 		219.9341
v -94.208 		79.923 		221.123
v 103.145 		56.143 		120.702
v 104.794 		56.143 		118.99
v 105.574 		56.143 		119.141
v 105.922 		56.143 		119.02
v -90.3981 		79.0474 		220.984
v -90.9249 		78.9276 		220.965
v 106.3466 		56.143 		120.3836
v 106.1175 		56.143 		120.4915
v -90.975 		78.9162 		220.9632
v 105.857 		56.143 		120.7237
v 105.7665 		56.143 		120.8263
v 104.698 		56.143 		120.288
v -90.3743 		79.0506 		220.9846
v 104.698 		56.143 		120.702
v -91.5258 		78.7346 		220.9344
v -91.4449 		78.7611 		220.9386
v 102.679 		56.143 		122.246
v -91.9273 		78.5558 		220.906
v -92.0415 		78.5048 		220.898
v 187 		89.9831 		114.6698
v -92.3681 		78.3163 		220.868
v -92.5154 		78.2312 		220.8545
v -92.766 		78.0438 		220.8248
v -92.9387 		77.915 		220.8044
v 187 		94.8683 		126.976
v -93.1159 		77.7439 		220.7772
v 187 		93.3698 		122.9582
v 187 		93.3937 		122.9282
v -93.3043 		77.5614 		220.7483
v 187 		93.0276 		123.2846
v 187 		93.0011 		123.3098
v -93.4155 		77.4188 		220.7256
v -93.605 		77.1763 		220.6872
v -93.662 		77.0741 		220.6709
v 103.145 		56.143 		121.833
v 104.794 		56.143 		121.833
v -93.8352 		76.7648 		220.6218
v -93.8541 		76.7119 		220.6134
v 105.6599 		56.143 		121.1377
v 105.6305 		56.143 		121.2773
v -93.9843 		76.3452 		220.5552
v 105.6855 		56.143 		121.6381
v 105.712 		56.143 		121.751
v -94.0503 		75.8859 		220.4824
v -93.9886 		76.3319 		220.5531
v -94.0417 		75.9491 		220.4924
v 106.412 		56.143 		121.827
v -93.988 		76.3337 		220.5534
v 106.169 		56.143 		121.652
v 106.088 		56.143 		121.36
v 106.1224 		56.143 		121.2562
v 106.2375 		56.143 		120.9668
v 106.3272 		56.143 		120.9024
v 105.9796 		56.143 		122.072
v 106.1524 		56.143 		122.1205
v 105.8758 		56.143 		121.9635
v 104.794 		56.143 		122.246
v 108.246 		56.143 		115.093
v 107.673 		56.143 		115.493
v 107.9 		56.143 		115.5062
v 108.5191 		56.143 		115.5571
v -62.7 		74.352 		38.887
v -64.27 		74.029 		38.887
v -64.4771 		73.9045 		38.887
v -64.9171 		73.5781 		38.887
v -65.1155 		73.3729 		38.887
v 187 		92.2147 		123.779
v 187 		92.1846 		123.7936
v -65.2025 		73.2391 		38.887
v -65.37 		72.66 		38.887
v 187 		92.632 		123.5702
v 187 		92.6034 		123.5903
v -65.2558 		73.0988 		38.887
v -65.337 		72.925 		38.887
v -65.37 		71.715 		38.887
v -63.912 		74.168 		38.887
v -64.798 		73.7011 		38.887
v -63.118 		74.331 		38.887
v -46.0045 		61.1879 		38.887
v -45.6647 		61.2974 		38.887
v -46.1901 		61.1597 		38.887
v 187 		91.781 		123.908
v 187 		91.7498 		123.9169
v -44.8541 		61.7951 		38.887
v -44.4166 		62.4895 		38.887
v -44.3792 		62.6692 		38.887
v 187 		91.3397 		123.955
v 187 		91.308 		123.958
v -45.078 		61.5999 		38.887
v -45.47 		61.373 		38.887
v -45.2231 		61.5215 		38.887
v -44.661 		61.973 		38.887
v -44.5657 		62.1436 		38.887
v -44.4787 		62.2768 		38.887
v -47.04 		61.05 		38.887
v -46.3808 		61.1501 		38.887
v -44.3792 		58.495 		38.887
v -42.57 		63.05 		38.887
v -44.37 		63.432 		38.887
v -44.3338 		63.4139 		38.887
v -41.405 		63.203 		38.887
v -43.7617 		63.2505 		38.887
v -43.157 		63.088 		38.887
v -44.1621 		63.3486 		38.887
v -44.3792 		62.9844 		38.887
v -33.513 		65.465 		38.887
v -33.223 		64.609 		38.887
v -32.823 		63.8 		38.887
v -40.0915 		63.8058 		38.887
v -39.595 		64.1867 		38.887
v -39.2067 		64.5755 		38.887
v -38.8258 		65.0725 		38.887
v -38.673 		65.301 		38.887
v 107.673 		56.143 		115.093
v 109.084 		56.143 		115.447
v 108.679 		56.143 		115.218
v -40.827 		63.4427 		38.887
v -40.5667 		63.5315 		38.887
v 108.6132 		56.143 		115.6112
v 109.407 		56.143 		116.207
v 109.326 		56.143 		115.775
v -41.7129 		71.9593 		38.887
v -42.2573 		72.0307 		38.887
v 108.8692 		56.143 		116.3635
v 108.866 		56.143 		116.459
v 187 		90.897 		123.9198
v 187 		90.8652 		123.9169
v 108.765 		56.143 		115.722
v 108.8525 		56.143 		115.8936
v 108.8925 		56.143 		115.9971
v 108.9088 		56.143 		116.1517
v 108.8301 		56.143 		116.5275
v 108.7285 		56.143 		116.6765
v 108.6335 		56.143 		116.7279
v 108.102 		56.143 		117.249
v 107.207 		56.143 		117.249
v 108.3695 		56.143 		116.8254
v 108.1425 		56.143 		116.838
v 107.673 		56.143 		116.85
v 187 		90.4625 		123.8025
v 187 		90.4314 		123.7936
v 106.609 		56.143 		118.528
v 107.2971 		56.143 		118.6612
v 107.171 		56.143 		118.603
v 109.262 		56.143 		116.786
v 108.827 		56.143 		117.133
v 187 		90.0417 		123.6048
v 187 		90.0116 		123.5903
v 187 		89.6424 		123.3299
v 187 		89.6139 		123.3098
v 187 		89.2726 		122.9834
v 187 		89.2462 		122.9582
v 187 		94.447 		120.9284
v 187 		94.4368 		120.9714
v 187 		94.2545 		121.4987
v 187 		94.2405 		121.5394
v 187 		94.579 		120.3723
v 187 		94.5853 		120.3278
v 187 		94.6673 		119.7059
v 187 		94.6652 		119.7512
v 187 		94.6943 		119.12
v 187 		94.6922 		119.0747
v 187 		93.995 		122.0655
v 187 		93.7234 		122.5072
v 187 		93.7024 		122.5413
v 187 		94.579 		117.8677
v 187 		94.659 		118.4433
v 187 		94.6652 		118.4879
v 187 		94.5689 		117.8247
v 187 		94.4368 		117.2686
v 187 		94.4227 		117.2278
v 187 		94.2405 		116.7005
v 187 		94.2228 		116.6628
v 187 		93.995 		116.1745
v 187 		93.974 		116.1404
v 187 		93.3698 		115.2809
v 187 		93.6785 		115.6687
v 187 		93.7024 		115.6986
v 187 		93.3434 		115.2557
v 187 		93.0011 		114.9293
v 187 		92.9727 		114.9092
v 110.369 		56.143 		117.249
v 108.913 		56.143 		118.579
v -136.7 		92.823 		122.87
v 115.4994 		59.0442 		46.9132
v 115.7549 		59.0441 		46.5082
v 116.1874 		59.0441 		45.9684
v 116.3958 		59.0441 		45.7691
v 116.743 		59.044 		45.465
v 118.4769 		59.044 		45.4131
v 118.2526 		59.044 		45.5005
v 117.7241 		59.0441 		45.7327
v 117.4577 		59.0441 		45.9105
v 116.992 		59.0441 		46.252
v 116.8254 		59.0441 		46.426
v 116.3187 		59.0442 		47.0032
v 114.893 		59.0443 		48.459
v 115.167 		59.0442 		47.518
v 116.2296 		59.0442 		47.1368
v 115.8908 		59.0442 		47.8255
v 115.794 		59.0442 		48.046
v 115.599 		59.0443 		48.84
v 118.0624 		59.0443 		49.1079
v 118.1457 		59.0443 		48.439
v 118.0624 		59.0443 		49.136
v 118.0652 		59.0444 		49.1499
v 118.7151 		59.044 		45.3763
v 118.153 		59.0443 		48.4119
v 118.1592 		59.0443 		48.3992
v 118.167 		59.0443 		48.3875
v 118.466 		59.0442 		47.782
v 109.379 		56.143 		118.579
v 110.835 		56.143 		115.704
v 112.388 		56.143 		115.704
v 112.388 		56.143 		115.29
v 110.835 		56.143 		115.29
v 113.6925 		56.143 		115.5804
v 113.9318 		56.143 		115.4195
v 113.6022 		56.143 		115.6498
v 113.5652 		56.143 		115.7048
v 114.1241 		56.143 		115.3333
v 114.6138 		56.143 		115.6158
v 114.6529 		56.143 		115.1152
v 113.312 		56.143 		116.369
v 113.412 		56.143 		115.894
v 114.0313 		56.143 		115.8922
v 114.296 		56.143 		115.7743
v 113.859 		56.143 		116.654
v 113.778 		56.143 		116.362
v 113.8288 		56.143 		116.153
v 113.8632 		56.143 		116.049
v 111.971 		56.143 		118.579
v 112.484 		56.143 		117.249
v 112.484 		56.143 		116.835
v 110.835 		56.143 		116.835
v 113.5655 		56.143 		116.9641
v 113.6693 		56.143 		117.0723
v 114.0477 		56.143 		117.229
v 114.17 		56.143 		117.274
v 114.547 		56.143 		117.2853
v 114.649 		56.143 		116.876
v 114.102 		56.143 		116.829
v 113.401 		56.143 		116.753
v 114.034 		56.143 		118.579
v 106.606 		56.143 		118.923
v 107.09 		56.143 		118.991
v 107.381 		56.143 		119.194
v 107.478 		56.143 		119.533
v 107.4724 		56.143 		119.58
v 107.4385 		56.143 		119.7396
v 107.4071 		56.143 		119.7943
v 107.7416 		56.143 		118.971
v 107.6678 		56.143 		118.8737
v 107.8919 		56.143 		119.221
v 107.948 		56.143 		119.556
v 107.9195 		56.143 		119.4313
v 107.6928 		56.143 		120.1908
v 107.1585 		56.143 		120.0044
v 106.6551 		56.143 		120.2395
v 107.3181 		56.143 		119.9171
v 107.8389 		56.143 		120.0143
v 107.883 		56.143 		119.8617
v 107.6222 		56.143 		120.2616
v 107.1104 		56.143 		120.5285
v 106.8023 		56.143 		120.6673
v 106.924 		56.143 		120.617
v 109.379 		56.143 		120.543
v 109.379 		56.143 		120.129
v 106.5302 		56.143 		122.2758
v 107.874 		56.143 		122.103
v 107.711 		56.143 		121.689
v 107.0392 		56.143 		122.2793
v 107.2 		56.143 		122.277
v 106.5725 		56.143 		121.8408
v 107.3848 		56.143 		121.7885
v 107.1634 		56.143 		121.8429
v 106.8577 		56.143 		121.8818
v 108.913 		56.143 		122.246
v 109.379 		56.143 		121.833
v 110.928 		56.143 		120.543
v 110.928 		56.143 		120.129
v 112.437 		56.143 		118.99
v 114.681 		56.143 		120.421
v 114.034 		56.143 		118.99
v 111.024 		56.143 		121.833
v 111.024 		56.143 		122.246
v 111.971 		56.143 		122.246
v 112.437 		56.143 		122.246
v 110.176 		56.143 		126.434
v 113.7383 		56.143 		123.9986
v 112.8409 		56.143 		124.2738
v 112.5038 		56.143 		124.3724
v 112.0983 		56.143 		124.6061
v 114.506 		56.143 		123.933
v 114.0871 		56.143 		123.9606
v 111.462 		56.143 		124.966
v 110.754 		56.143 		125.644
v 111.529 		56.143 		126.584
v 112.037 		56.143 		126.053
v 112.4174 		56.143 		125.774
v 112.7089 		56.143 		125.5789
v 113.2894 		56.143 		125.3384
v 113.6214 		56.143 		125.2258
v 113.8832 		56.143 		125.1967
v 114.6632 		56.143 		125.1243
v 109.9233 		56.143 		127.0087
v 109.6736 		56.143 		130.1329
v 109.8494 		56.143 		130.7359
v 109.744 		56.143 		127.4411
v 109.6909 		56.143 		127.7879
v 109.5415 		56.143 		128.3979
v 109.5139 		56.143 		128.8168
v 109.5825 		56.143 		129.4409
v 109.5901 		56.143 		129.7923
v 111.4418 		56.143 		131.0212
v 110.8641 		56.143 		127.9831
v 110.8355 		56.143 		128.2452
v 111.3048 		56.143 		130.796
v 111.0777 		56.143 		130.3829
v 110.9655 		56.143 		130.0509
v 110.834 		56.143 		129.598
v 110.754 		56.143 		128.868
v 110.9764 		56.143 		127.6514
v 111.147 		56.143 		127.212
v 115.431 		56.143 		115.163
v 115.5369 		56.143 		114.9703
v 115.5707 		56.143 		114.9197
v 115.5978 		56.143 		114.7921
v 115.2058 		56.143 		115.3261
v 115.072 		56.143 		115.416
v 115.1178 		56.143 		114.7497
v 115.043 		56.143 		114.881
v 114.8128 		56.143 		115.0279
v 115.401 		56.143 		116.691
v 118.556 		56.143 		115.29
v 117.002 		56.143 		115.29
v 117.002 		56.143 		115.704
v 118.556 		56.143 		115.704
v 115.564 		56.143 		117.105
v 115.3658 		56.143 		117.1562
v 116.537 		56.143 		117.249
v 114.7587 		56.143 		117.2868
v 116.013 		56.143 		118.528
v 115.273 		56.143 		118.738
v 116.407 		56.143 		118.582
v 116.736 		56.143 		118.745
v 117.994 		56.143 		118.579
v 118.46 		56.143 		118.579
v 117.002 		56.143 		116.835
v 118.652 		56.143 		117.249
v 118.652 		56.143 		116.835
v 119.332 		56.143 		116.835
v 119.332 		56.143 		117.249
v 120.382 		56.143 		116.835
v 121.078 		56.143 		118.579
v 120.848 		56.143 		116.835
v 121.544 		56.143 		118.579
v 121.896 		56.143 		116.835
v 121.896 		56.143 		117.249
v 114.829 		56.143 		119.369
v 115.266 		56.143 		119.594
v 115.546 		56.143 		119.102
v 116.013 		56.143 		118.938
v 116.1218 		56.143 		118.9674
v 116.4578 		56.143 		119.0811
v 116.5525 		56.143 		119.2001
v 115.173 		56.143 		120.417
v 117 		56.143 		119.016
v 117.193 		56.143 		119.39
v 116.7445 		56.143 		119.544
v 117.3336 		56.143 		120.61
v 117.3224 		56.143 		120.4459
v 117.309 		56.143 		119.855
v 116.8325 		56.143 		120.0253
v 116.8325 		56.143 		120.6748
v 118.46 		56.143 		120.402
v 118.46 		56.143 		120.003
v 114.83 		56.143 		121.466
v 115.549 		56.143 		121.725
v 115.267 		56.143 		121.235
v 116.5511 		56.143 		121.6313
v 116.4561 		56.143 		121.7483
v 116.02 		56.143 		122.302
v 116.413 		56.143 		122.247
v 115.276 		56.143 		122.093
v 116.02 		56.143 		121.889
v 116.1264 		56.143 		121.8599
v 117.2889 		56.143 		120.911
v 116.829 		56.143 		120.878
v 116.7925 		56.143 		121.0291
v 117.003 		56.143 		121.811
v 117.195 		56.143 		121.437
v 118.46 		56.143 		121.848
v 116.741 		56.143 		122.084
v 117.994 		56.143 		122.246
v 120.142 		56.143 		120.544
v 120.0453 		56.143 		120.4499
v 119.4819 		56.143 		120.092
v 119.344 		56.143 		120.037
v 119.032 		56.143 		120.412
v 119.1449 		56.143 		120.4323
v 119.4767 		56.143 		120.5156
v 119.5446 		56.143 		120.5656
v 119.6894 		56.143 		120.7018
v 120.1764 		56.143 		120.6281
v 121.544 		56.143 		120.402
v 121.544 		56.143 		120.003
v 122.597 		56.143 		120.088
v -136.482 		93.511 		121.535
v -136.286 		93.451 		120.888
v -136.286 		93.271 		121.272
v -136.482 		93.712 		121.103
v -136.7 		93.712 		121.756
v -136.7 		93.933 		121.285
v -66.177 		59.057 		205.106
v -136.935 		94.108 		121.429
v -66.021 		59.057 		205.465
v -66.105 		59.057 		206.311
v -66.446 		59.057 		206.705
v -66.021 		59.057 		206.062
v -66.774 		59.057 		206.845
v -137 		94.1414 		121.4569
v -137 		94.0769 		121.5951
v 143.733 		103.315 		40.061
v 143.632 		102.959 		39.973
v -136.113 		92.605 		121.535
v 122.022 		56.143 		120.003
v -135.968 		92.373 		121.103
v -135.968 		92.545 		120.888
v -136.113 		92.814 		121.272
v 122.053 		56.143 		120.4161
v 122.2997 		56.143 		120.4305
v -136.113 		92.373 		121.756
v 122.4663 		56.143 		120.4722
v -135.968 		92.183 		121.285
v 122.5689 		56.143 		120.531
v 122.732 		56.143 		120.651
v 119.7352 		56.143 		120.8474
v 119.803 		56.143 		121.146
v 119.709 		56.143 		121.536
v 119.428 		56.143 		121.77
v 119.0976 		56.143 		121.8251
v 118.813 		56.143 		121.848
v -67 		59.057 		206.877
v -65.536 		59.057 		206.877
v -79 		59.057 		206.877
v -79.996 		59.057 		205.596
v -79.979 		59.057 		206.062
v -79.525 		59.057 		204.807
v -42.8827 		72.0307 		38.887
v -43.7617 		71.8505 		38.887
v -44.3338 		71.6871 		38.887
v -43.157 		72.013 		38.887
v -44.37 		71.669 		38.887
v -47.04 		74.352 		38.887
v -46.2599 		74.2567 		38.887
v -46.622 		74.331 		38.887
v -45.47 		74.029 		38.887
v -45.6333 		74.0924 		38.887
v -39.959 		56.549 		98.317
v -45.2231 		73.8805 		38.887
v -40.455 		56.549 		100.03
v -40.619 		56.549 		99.621
v -44.4998 		73.1322 		38.887
v -44.6175 		73.3621 		38.887
v -44.37 		72.66 		38.887
v -44.385 		72.7809 		38.887
v -44.7174 		73.4652 		38.887
v -44.954 		73.7099 		38.887
v -40.018 		56.549 		99.881
v 120.155 		56.143 		121.769
v 120.298 		56.143 		121.171
v -38.1697 		68.4459 		38.887
v -38.3118 		68.9763 		38.887
v 120.2865 		56.143 		121.0708
v -38.4839 		65.7304 		38.887
v -38.2736 		66.2374 		38.887
v -38.1521 		66.85 		38.887
v -38.09 		67.257 		38.887
v 119.008 		56.143 		122.246
v -38.5515 		69.5543 		38.887
v 119.725 		56.143 		122.128
v -38.109 		68.138 		38.887
v -33.689 		68.152 		38.887
v -33.748 		67.251 		38.887
v -33.689 		66.35 		38.887
v -33.513 		69.037 		38.887
v 122.794 		56.143 		121.536
v 122.513 		56.143 		121.77
v 122.1819 		56.143 		121.8251
v 121.897 		56.143 		121.848
v 121.544 		56.143 		121.848
v 122.8252 		56.143 		120.8353
v 122.8711 		56.143 		120.9808
v 121.078 		56.143 		122.246
v 122.093 		56.143 		122.246
v 122.809 		56.143 		122.128
v 125.028 		56.143 		118.579
v 125.494 		56.143 		118.579
v 123.1697 		56.143 		120.4752
v 123.032 		56.143 		120.31
v 123.2614 		56.143 		120.6281
v 125.494 		56.143 		120.007
v 125.028 		56.143 		119.981
v 125.258 		56.143 		120.391
v 123.383 		56.143 		121.171
v 123.3715 		56.143 		121.0708
v 123.24 		56.143 		121.769
v 122.888 		56.143 		121.146
v 123.808 		56.143 		122.246
v 124.315 		56.143 		122.246
v 126.715 		56.143 		122.246
v 126.208 		56.143 		122.246
v 117.4525 		56.143 		124.9007
v 117.1445 		56.143 		124.7322
v 116.419 		56.143 		124.314
v 115.479 		56.143 		124.039
v 120.017 		59.044 		44.4478
v 120.7001 		59.044 		44.5523
v 117.58 		59.044 		44.957
v 117.8488 		59.044 		44.8525
v 118.7188 		59.044 		44.5568
v 118.1799 		56.143 		125.5558
v 117.906 		56.143 		125.3357
v 118.3345 		56.143 		125.7322
v 121.9085 		59.044 		44.9143
v 121.2635 		59.044 		44.6638
v 119.0997 		59.044 		44.5071
v 114.9253 		56.143 		125.1533
v 115.391 		56.143 		125.2258
v 115.7226 		56.143 		125.3384
v 116.162 		56.143 		125.509
v 116.79 		56.143 		125.891
v 117.321 		56.143 		126.399
v 117.6 		56.143 		126.7794
v 118.9284 		56.143 		126.6219
v 118.7982 		56.143 		126.4269
v 118.1482 		56.143 		127.9831
v 118.1769 		56.143 		128.2452
v 118.1482 		56.143 		129.7526
v 118.1769 		56.143 		129.4908
v 117.7951 		56.143 		127.0709
v 118.0356 		56.143 		127.6514
v 118.259 		56.143 		128.868
v 118.0356 		56.143 		130.0846
v 117.7951 		56.143 		130.6651
v 117.6 		56.143 		130.9563
v 119.2462 		56.143 		130.3952
v 119.4219 		56.143 		129.7923
v 119.4298 		56.143 		129.4409
v 119.4985 		56.143 		128.8168
v 119.445 		56.143 		128.47
v 119.336 		56.143 		127.64
v 119.1076 		56.143 		127.0544
v 119.125 		56.143 		130.847
v 70.2137 		56.143 		132.3288
v 70.1305 		56.143 		132.6698
v 70.4414 		56.143 		131.7432
v 70.7131 		56.143 		131.2269
v 70.583 		56.143 		131.422
v 71.3168 		56.143 		133.0234
v 71.4075 		56.143 		132.6842
v 71.6083 		56.143 		132.0909
v 71.6861 		56.143 		131.9331
v 72.035 		56.143 		131.4116
v 70.049 		56.143 		134.387
v 70.1978 		56.143 		134.9964
v 70.0214 		56.143 		133.4999
v 70.0214 		56.143 		133.9681
v 71.4764 		56.143 		134.8846
v 71.3641 		56.143 		134.5526
v 71.293 		56.143 		134.0869
v 71.2643 		56.143 		133.8252
v 71.2757 		56.143 		133.6495
v 71.039 		56.143 		136.778
v 71.2817 		56.143 		137.0315
v 70.676 		56.143 		136.234
v 70.319 		56.143 		135.4481
v 70.4226 		56.143 		135.6586
v 73.1099 		56.143 		136.849
v 72.8683 		56.143 		136.7429
v 72.722 		56.143 		136.645
v 72.191 		56.143 		136.136
v 71.647 		56.143 		135.324
v 71.5582 		56.143 		137.3471
v 72.0624 		56.143 		137.7493
v 72.256 		56.143 		137.897
v 77.821 		56.143 		131.199
v 79.9 		56.143 		132.76
v 79.5734 		56.143 		131.7156
v 79.7236 		56.143 		132.1577
v 77.977 		56.143 		131.4116
v 78.3253 		56.143 		131.9331
v 78.4965 		56.143 		132.3725
v 78.6479 		56.143 		132.7831
v 79.9 		56.143 		134.707
v 80.006 		56.143 		133.734
v 79.8014 		56.143 		135.044
v 78.6612 		56.143 		134.4844
v 78.5654 		56.143 		134.73
v 78.7191 		56.143 		133.2488
v 78.7481 		56.143 		133.5109
v 78.707 		56.143 		134.1363
v 73.804 		56.143 		137.214
v 76.4593 		56.143 		137.0805
v 76.2284 		56.143 		137.2075
v 77.4804 		56.143 		136.4625
v 77.2169 		56.143 		136.6938
v 76.9552 		56.143 		136.8689
v 73.756 		56.143 		138.572
v 73.804 		56.143 		138.582
v 76.109 		56.143 		137.248
v 76.109 		56.143 		138.601
v 76.256 		56.143 		138.572
v 77.756 		56.143 		137.897
v 79.4396 		56.143 		136.0235
v 78.6799 		56.143 		137.1122
v 78.9646 		56.143 		136.7407
v 78.0378 		56.143 		137.6722
v 79.336 		56.143 		136.234
v 78.4339 		56.143 		135.1829
v 78.1196 		56.143 		135.7268
v 77.9249 		56.143 		136.018
v 77.756 		56.143 		154.234
v 72.256 		56.143 		154.234
v 73.756 		56.143 		154.234
v 76.256 		56.143 		154.234
v 110.2927 		56.143 		131.6085
v 110.5 		56.143 		131.8917
v 110.1515 		56.143 		131.2868
v 111.2082 		56.143 		132.6583
v 111.5674 		56.143 		132.9713
v 111.756 		56.143 		133.097
v 113.256 		56.143 		133.772
v 113.304 		56.143 		133.782
v 113.304 		56.143 		132.414
v 112.4992 		56.143 		132.0301
v 112.7408 		56.143 		132.1363
v 111.5579 		56.143 		131.1535
v 113.1539 		56.143 		132.3633
v 112.2206 		56.143 		131.8161
v 111.853 		56.143 		131.521
v 111.756 		56.143 		149.434
v 113.256 		56.143 		149.434
v 117.6024 		56.143 		132.8327
v 117.8842 		56.143 		132.6079
v 118.104 		56.143 		132.334
v 118.7711 		56.143 		131.5315
v 118.9565 		56.143 		131.155
v 115.609 		56.143 		133.801
v 115.756 		56.143 		133.772
v 116.5283 		56.143 		132.0201
v 116.0325 		56.143 		132.2318
v 116.79 		56.143 		131.845
v 115.609 		56.143 		132.448
v -79.75 		59.057 		206.531
v -79.289 		59.057 		206.828
v -79.75 		59.057 		204.996
v -81.496 		59.057 		206.842
v -67 		59.057 		204.65
v -66.679 		59.057 		204.705
v -79 		59.057 		204.65
v -40.2 		56.549 		99.474
v -39.09 		56.549 		100.047
v -40.937 		56.549 		100.096
v -36.898 		56.549 		98.935
v -36.93 		56.549 		99.325
v -36.951 		56.549 		98.655
v -37.461 		56.549 		99.328
v -37.467 		56.549 		98.624
v -37.4 		56.549 		98.944
v -37.14 		56.549 		98.328
v -37.619 		56.549 		98.439
v -37.466 		56.549 		99.932
v -37.127 		56.549 		99.688
v -136.113 		92.998 		120.973
v -136.286 		93.058 		121.62
v -136.286 		91.948 		122.535
v -136.113 		92.123 		121.932
v -136.286 		91.308 		122.655
v -136.113 		91.308 		122.164
v -136.113 		91.586 		122.138
v -136.286 		91.631 		122.625
v -136.113 		91.859 		122.06
v -136.286 		90.667 		122.535
v -136.113 		90.756 		122.06
v -136.113 		91.03 		122.138
v -136.286 		90.985 		122.625
v -136.286 		90.361 		122.386
v -136.113 		90.492 		121.932
v -136.482 		90.245 		122.785
v -135.968 		91.761 		121.535
v -135.968 		91.536 		121.598
v -135.968 		91.977 		121.429
v -135.968 		91.308 		121.62
v -135.852 		91.308 		121.033
v -135.852 		91.482 		121.017
v -135.852 		91.82 		120.888
v -135.852 		91.654 		120.968
v -33.223 		69.892 		38.887
v -32.823 		70.701 		38.887
v -40.827 		71.6583 		38.887
v -38.8258 		70.0295 		38.887
v -39.2067 		70.526 		38.887
v -39.595 		70.9143 		38.887
v -40.0915 		71.2952 		38.887
v -40.5667 		71.5695 		38.887
v -30.298 		61.274 		38.887
v -29.488 		60.875 		38.887
v -28.634 		60.585 		38.887
v -27.747 		60.409 		38.887
v -32.322 		63.05 		38.887
v -31.727 		62.371 		38.887
v -31.048 		61.776 		38.887
v -25.061 		60.585 		38.887
v -26.847 		60.35 		38.887
v -25.946 		60.409 		38.887
v -24.206 		60.875 		38.887
v -23.397 		61.274 		38.887
v -20.871 		63.8 		38.887
v -20.472 		64.609 		38.887
v -21.968 		62.371 		38.887
v -21.373 		63.05 		38.887
v -20.182 		65.465 		38.887
v -22.646 		61.776 		38.887
v -16.384 		58.495 		38.887
v -31.048 		72.725 		38.887
v -31.727 		72.13 		38.887
v -27.747 		74.093 		38.887
v -28.634 		73.917 		38.887
v -26.847 		74.152 		38.887
v -30.298 		73.228 		38.887
v -32.322 		71.451 		38.887
v -25.946 		74.093 		38.887
v -25.061 		73.917 		38.887
v -29.488 		73.627 		38.887
v -20.871 		70.701 		38.887
v -21.373 		71.451 		38.887
v -22.646 		72.725 		38.887
v -23.397 		73.228 		38.887
v -24.206 		73.627 		38.887
v -21.968 		72.13 		38.887
v -24.2992 		77.652 		38.887
v -20.472 		69.892 		38.887
v -20.182 		69.037 		38.887
v -20.006 		68.152 		38.887
v -19.947 		67.251 		38.887
v -20.006 		66.35 		38.887
v -9.5613 		64.6769 		38.887
v -9.0819 		64.5711 		38.887
v -8.491 		64.4805 		38.887
v -6.8932 		64.3599 		38.887
v -6.506 		64.35 		38.887
v -7.7542 		64.4038 		38.887
v -11.511 		65.519 		38.887
v -11.3437 		65.3893 		38.887
v -10.9922 		65.1677 		38.887
v -10.4802 		64.941 		38.887
v -10.0803 		64.8051 		38.887
v -9.3744 		77.3621 		38.887
v -10.0803 		77.1975 		38.887
v -10.4802 		77.062 		38.887
v -10.9922 		76.8353 		38.887
v -11.3437 		76.6137 		38.887
v -11.511 		76.484 		38.887
v -11.704 		76.226 		38.887
v -11.769 		75.961 		38.887
v -11.769 		66.042 		38.887
v -6.506 		77.652 		38.887
v -7.329 		77.631 		38.887
v -8.895 		77.468 		38.887
v -11.704 		65.777 		38.887
v -65.536 		81.405 		38.887
v -87 		59.057 		206.877
v -86.011 		59.057 		205.963
v -86.03 		59.057 		205.467
v -86.342 		59.057 		204.902
v -86.105 		59.057 		206.311
v -86.446 		59.057 		206.705
v -86.25 		59.057 		206.531
v -87 		59.057 		204.65
v -86.679 		59.057 		204.705
v -86.2045 		59.057 		204.65
v -99.887 		59.057 		206.308
v -99.998 		59.057 		205.796
v -99.55 		59.057 		206.697
v -99.195 		59.057 		206.855
v -99.792 		59.057 		205.067
v -99.979 		59.057 		205.465
v -99 		59.057 		206.877
v -99 		59.057 		204.65
v -99.469 		59.057 		204.774
v -104.938 		59.057 		204.65
v -106.072 		59.057 		206.824
v -106.105 		59.057 		206.311
v -106.446 		59.057 		206.705
v -106.134 		59.057 		205.156
v -106.03 		59.057 		205.467
v -106.011 		59.057 		205.963
v -106.679 		59.057 		206.821
v -107 		59.057 		206.877
v -107 		59.057 		204.65
v -106.679 		59.057 		204.705
v -60.1462 		59.0549 		180.1
v -115.164 		63.092 		173.515
v -115.164 		63.092 		172.341
v -115.176 		63.092 		172.881
v -115.164 		59.0544 		173.515
v -115.164 		59.0543 		172.341
v -115.1306 		59.0543 		172.8566
v -115.1306 		59.0544 		172.9994
v -119.626 		75.195 		177.428
v -119.038 		75.195 		177.389
v -118.183 		75.195 		177.18
v -117.376 		75.195 		176.825
v -116.886 		75.195 		176.498
v -116.687 		75.195 		176.323
v -116.687 		75.195 		176.2324
v -118.461 		75.195 		172.18
v -118.38 		75.195 		172.345
v -118.321 		75.195 		172.518
v -118.285 		75.195 		172.698
v -118.273 		75.195 		172.881
v -118.285 		75.195 		173.064
v -118.321 		75.195 		173.244
v -118.38 		75.195 		173.418
v -118.461 		75.195 		173.583
v -118.563 		75.195 		173.735
v -118.684 		75.195 		173.873
v -115.176 		75.195 		172.881
v -115.214 		75.195 		172.294
v -116.494 		75.195 		176.063
v -116.105 		75.195 		175.621
v -115.778 		75.195 		175.131
v -115.518 		75.195 		174.603
v -115.329 		75.195 		174.046
v -115.214 		75.195 		173.469
v -122.7562 		75.195 		176.1515
v -122.8188 		75.195 		176.0965
v -122.808 		75.195 		176.11
v -122.2163 		75.195 		176.5839
v -122.12 		75.195 		176.661
v -122.0135 		75.195 		176.7195
v -121.7357 		75.195 		176.8721
v -121.348 		75.195 		177.085
v -120.502 		75.195 		177.332
v -120.89 		75.195 		173.583
v -120.971 		75.195 		173.418
v -121.03 		75.195 		173.244
v -121.066 		75.195 		173.064
v -121.078 		75.195 		172.881
v -121.066 		75.195 		172.698
v -121.03 		75.195 		172.518
v -120.971 		75.195 		172.345
v -120.89 		75.195 		172.18
v -118.822 		75.195 		173.994
v -118.974 		75.195 		174.096
v -119.139 		75.195 		174.177
v -119.313 		75.195 		174.236
v -119.492 		75.195 		174.272
v -119.676 		75.195 		174.284
v -119.859 		75.195 		174.272
v -120.039 		75.195 		174.236
v -120.212 		75.195 		174.177
v -120.377 		75.195 		174.096
v -120.529 		75.195 		173.994
v -120.667 		75.195 		173.873
v -120.788 		75.195 		173.735
v -37.997 		56.549 		100.033
v -37.581 		56.549 		99.476
v -38.624 		56.549 		99.648
v -37.833 		56.549 		99.601
v 103.7654 		67.795 		50.3237
v 103.7384 		67.795 		50.3453
v 103.2825 		67.795 		50.7246
v 102.8982 		67.795 		50.8931
v 103.2246 		67.795 		50.749
v 103.7896 		67.795 		50.2915
v 104.054 		67.795 		49.8967
v 104.0755 		67.795 		49.8498
v 104.2515 		67.795 		49.2827
v 104.2564 		67.795 		49.2312
v -32.941 		56.549 		100.047
v -35.004 		56.549 		99.559
v -35.215 		56.549 		100.062
v -34.79 		56.549 		100.062
v 102.1933 		67.795 		50.9851
v 101.5485 		67.795 		50.8526
v 101.5088 		67.795 		50.8351
v 101.1083 		67.795 		50.6045
v 101.0583 		67.795 		50.5661
v 102.1438 		67.795 		50.9898
v 102.1398 		67.795 		50.9896
v 101.6896 		67.795 		50.9006
v 100.6042 		67.795 		50.0544
v 100.4307 		67.795 		49.7024
v 104.1667 		67.795 		48.3689
v 104.1427 		67.795 		48.3167
v 103.933 		67.795 		47.89
v 103.3008 		67.795 		47.2875
v 103.2523 		67.795 		47.2568
v 104.1716 		67.795 		48.4088
v 104.2646 		67.795 		48.8738
v 103.2305 		67.795 		47.2493
v 103.588 		67.795 		47.499
v 102.4381 		67.795 		47.0123
v 102.3694 		67.795 		47.0078
v 100.6789 		67.795 		47.8332
v 100.8619 		67.795 		47.6133
v -135.968 		91.079 		121.598
v -135.968 		90.855 		121.535
v -135.968 		90.638 		121.429
v -136.113 		90.242 		121.756
v -135.852 		91.133 		121.017
v -135.852 		90.961 		120.968
v -135.852 		90.795 		120.888
v -135.968 		90.433 		121.285
v 101.0513 		67.795 		47.4401
v 101.5694 		67.795 		47.1403
v 101.6988 		67.795 		47.0963
v 113.088 		59.0454 		62.251
v -135.968 		90.242 		121.103
v 111.674 		59.0454 		62.251
v -122.857 		75.195 		176.063
v 106.9305 		59.0444 		49.989
v 106.6873 		59.0445 		51.0464
v 106.642 		59.0445 		51.18
v 106.8863 		59.0444 		50.2737
v -136.7 		94.108 		120.777
v -136.286 		93.698 		120.035
v -136.113 		93.366 		119.908
v -136.286 		93.594 		120.473
v -136.113 		93.276 		120.285
v 144.38 		104.155 		39.81
v 144.4815 		104.1789 		39.6934
v 144.4293 		104.435 		39.7341
v 144.419 		103.733 		39.706
v 144.4897 		103.7431 		39.6242
v 144.4862 		103.9202 		39.6523
v -136.482 		93.873 		120.638
v -136.482 		93.99 		120.146
v 144.4176 		103.313 		39.556
v 144.4338 		103.4083 		39.5711
v 144.38 		103.311 		39.601
v 144.093 		103.309 		39.839
v 144.262 		102.896 		39.498
v 144.2686 		102.8958 		39.4898
v 144.2745 		102.9124 		39.4924
v 144.2171 		102.8034 		39.4751
v 143.983 		102.92 		39.742
v 143.801 		102.545 		39.649
v 144.0379 		102.5015 		39.4272
v -136.113 		93.153 		120.642
v 143.465 		102.615 		39.887
v -135.968 		92.696 		120.642
v -122.415 		75.195 		176.451
v -121.926 		75.195 		176.778
v -123.833 		75.195 		174.603
v -123.573 		75.195 		175.131
v -123.246 		75.195 		175.621
v -124.137 		75.195 		172.294
v -124.176 		75.195 		172.881
v -124.137 		75.195 		173.469
v -124.022 		75.195 		174.046
v -118.684 		75.195 		171.89
v -118.563 		75.195 		172.027
v 144.0009 		102.4562 		39.42
v -115.329 		75.195 		171.717
v -115.518 		75.195 		171.159
v -115.778 		75.195 		170.631
v -116.105 		75.195 		170.142
v -116.494 		75.195 		169.699
v -116.936 		75.195 		169.311
v -117.426 		75.195 		168.984
v -117.953 		75.195 		168.724
v -118.511 		75.195 		168.535
v -119.676 		75.195 		171.479
v -119.492 		75.195 		171.491
v -119.313 		75.195 		171.527
v -119.139 		75.195 		171.586
v -118.974 		75.195 		171.667
v -118.822 		75.195 		171.769
v 142.74 		106.444 		40.127
v 142.763 		106.4741 		40.0577
v 143.215 		106.152 		40.055
v -120.788 		75.195 		172.027
v 143.2323 		106.1703 		40.0095
v 143.1297 		106.2366 		40.02
v -120.667 		75.195 		171.89
v -120.529 		75.195 		171.769
v -120.377 		75.195 		171.667
v -120.212 		75.195 		171.586
v -120.039 		75.195 		171.527
v 142.612 		106.297 		40.342
v -119.859 		75.195 		171.491
v -135.852 		92.255 		120.473
v -135.968 		92.823 		120.37
v 117.321 		56.143 		131.336
v 117.256 		56.143 		133.097
v 117.256 		56.143 		149.434
v 115.756 		56.143 		149.434
v 40.855 		56.143 		54.154
v -119.088 		75.195 		168.42
v -119.676 		75.195 		168.381
v -120.263 		75.195 		168.42
v 40.552 		56.143 		53.042
v -120.84 		75.195 		168.535
v -121.398 		75.195 		168.724
v -121.926 		75.195 		168.984
v -122.415 		75.195 		169.311
v -122.857 		75.195 		169.699
v -123.246 		75.195 		170.142
v -123.573 		75.195 		170.631
v -123.833 		75.195 		171.159
v -124.022 		75.195 		171.717
v 99.9668 		59.0447 		54.0093
v 99.1693 		59.0447 		53.5485
v 100.3299 		59.0448 		54.1326
v 100.994 		59.0448 		54.326
v 102.2533 		59.0448 		54.4015
v 101.967 		59.0448 		54.433
v -135.968 		92.924 		120.076
v 98.923 		59.0447 		53.399
v -135.852 		92.37 		120.285
v 100.58 		59.0447 		53.332
v 101.375 		59.0447 		53.526
v -135.852 		92.468 		120.076
v 102.193 		59.0447 		53.544
v 103.3903 		59.0448 		54.2046
v 102.7135 		59.0448 		54.3712
v -135.852 		92.545 		119.852
v 103.001 		59.0447 		53.42
v 103.1531 		59.0447 		53.3685
v 103.578 		59.0448 		54.154
v -136.286 		93.761 		119.581
v -136.113 		93.42 		119.517
v 106.079 		59.0444 		49.658
v 105.9287 		59.0444 		50.411
v -119 		59.057 		206.877
v -119.321 		59.057 		206.821
v 105.531 		59.0445 		51.483
v 105.7674 		59.0445 		50.9481
v 105.8919 		59.0445 		50.6491
v -119.75 		59.057 		206.531
v 103.895 		59.0447 		53.058
v -136.113 		93.438 		119.12
v 103.6916 		59.0444 		50.4077
v 103.4021 		59.0445 		50.6395
v 103.3752 		59.0445 		50.6619
v 103.7841 		59.0447 		53.113
v -136.286 		93.783 		119.12
v -136.482 		94.084 		119.12
v -136.482 		94.061 		119.638
v 102.7343 		59.0445 		50.9325
v 102.7536 		59.0445 		50.924
v 102.6927 		59.0445 		50.938
v -119.979 		59.057 		206.062
v -119.83 		59.057 		205.101
v -135.768 		92.183 		119.455
v -135.852 		92.601 		119.615
v -119.996 		59.057 		205.596
v -135.852 		92.636 		119.369
v -135.968 		92.998 		119.767
v -135.968 		93.043 		119.446
v 103.9509 		59.0444 		50.0633
v 104.1974 		59.0444 		49.5367
v 103.9665 		59.0444 		50.04
v 104.2078 		59.0444 		49.5032
v 98.4103 		59.0446 		51.6342
v 98.4994 		59.0446 		51.7678
v 99.0054 		59.0446 		52.3451
v 99.172 		59.0446 		52.519
v 99.832 		59.0447 		53.003
v 101.631 		59.0445 		50.889
v 101.273 		59.0445 		50.731
v -135.968 		93.058 		119.12
v -135.852 		92.636 		118.87
v -135.768 		92.206 		118.951
v -135.768 		92.183 		118.785
v -135.852 		92.647 		119.12
v -135.768 		92.213 		119.12
v -135.768 		92.206 		119.289
v -135.968 		93.043 		118.793
v -135.852 		91.977 		120.777
v -135.852 		92.123 		120.638
v -135.768 		91.308 		120.414
v -135.768 		91.426 		120.403
v -135.768 		91.189 		120.403
v 44.965 		56.143 		52.897
v 41.1637 		56.143 		54.2589
v 42.602 		56.143 		54.478
v 42.3943 		56.143 		54.4643
v 43.2658 		56.143 		54.4058
v 41.5125 		56.143 		54.3484
v 43.6782 		56.143 		54.3516
v 41.568 		56.143 		53.465
v 44.248 		56.143 		53.29
v 43.9976 		56.143 		53.3629
v 44.6093 		56.143 		54.0511
v 43.9687 		56.143 		54.2385
v 43.6446 		56.143 		53.4822
v 42.908 		56.143 		53.5797
v 42.562 		56.143 		53.6026
v 41.8254 		56.143 		53.5051
v 45.3794 		56.143 		53.6061
v 45.646 		56.143 		53.444
v -135.768 		91.542 		120.37
v -135.768 		91.761 		120.24
v 47.126 		56.143 		62.419
v -135.768 		91.654 		120.315
v 47.833 		56.143 		63.126
v 61.127 		56.143 		53.042
v -135.768 		92.026 		119.908
v 61.1331 		56.143 		53.0461
v -135.768 		91.948 		120.035
v 61.3743 		56.143 		53.1531
v 61.43 		56.143 		54.154
v 64.472 		56.143 		54.308
v 63.83 		56.143 		54.435
v 63.5182 		56.143 		54.442
v -135.768 		91.859 		120.146
v 64.823 		56.143 		53.29
v 62.6288 		56.143 		54.442
v 61.8826 		56.143 		54.2505
v 61.5743 		56.143 		54.203
v 63.2976 		56.143 		53.5681
v 63.8544 		56.143 		53.5558
v 64.1047 		56.143 		53.4829
v 63.0386 		56.143 		53.5964
v 62.0605 		56.143 		53.4373
v 62.865 		56.143 		53.5853
v 62.6118 		56.143 		53.5232
v 101.2507 		59.0445 		50.7139
v 100.9517 		59.0444 		50.4944
v 102.142 		59.0445 		50.99
v 100.4895 		59.0444 		49.8548
v 100.5081 		59.0444 		49.8925
v 100.5174 		59.0444 		49.903
v 106.5009 		59.0442 		47.3458
v 106.6478 		59.0442 		47.7005
v 106.8863 		59.0443 		48.591
v 106.924 		59.0443 		48.78
v 106.9305 		59.0443 		49.0681
v -119 		59.057 		204.65
v -119.441 		59.057 		204.756
v 62.137 		56.849 		124.09
v 61.671 		56.849 		123.679
v 64.566 		56.849 		123.798
v 64.566 		56.849 		124.241
v 63.786 		56.849 		124.09
v 65.192 		56.849 		123.647
v 63.786 		56.849 		123.679
v -119.626 		59.0547 		177.428
v 62.137 		56.849 		126.934
v 62.137 		56.849 		125.389
v 62.137 		56.849 		125.803
v 65.146 		56.849 		125.571
v 143.066 		106.018 		40.273
v 142.862 		105.846 		40.468
v 142.436 		106.107 		40.533
v 143.235 		105.548 		40.394
v -122.8233 		73.882 		176.0926
v 142.605 		105.639 		40.638
v -122.1816 		74.0282 		176.6071
v 141.965 		106.327 		40.588
v 141.318 		106.241 		40.787
v 141.783 		106.08 		40.748
v 142.215 		105.879 		40.697
v 141.568 		105.795 		40.876
v 141.952 		105.615 		40.832
v -32.216 		56.549 		100.047
v -32.523 		56.549 		99.589
v -32.505 		56.549 		99.589
v -32.481 		56.549 		98.83
v 143.235 		105.065 		40.495
v -29.469 		56.549 		100.047
v -29.902 		56.549 		99.585
v 106.9305 		59.0437 		41.7
v -29.933 		56.549 		98.847
v -30.164 		56.549 		100.047
v -29.924 		56.549 		99.585
v -110.854 		56.143 		77.228
v -110.854 		56.143 		81.008
v -110.481 		56.143 		81.008
v -110.481 		56.143 		77.228
v -111.373 		56.143 		82.312
v 142.947 		105.366 		40.57
v -111.373 		56.143 		87.044
v -113.001 		56.143 		89.979
v -112.527 		56.143 		89.979
v -111.056 		56.143 		89.979
v -109.151 		56.143 		89.979
v -108.345 		56.143 		89.979
v -107.879 		56.143 		89.979
v -106.426 		56.143 		89.979
v 142.605 		105.158 		40.718
v -105.875 		56.143 		89.979
v -112.764 		56.143 		90.482
v -112.643 		56.143 		91.267
v -114.1095 		56.143 		91.9012
v 142.862 		104.889 		40.652
v 143.066 		104.599 		40.58
v 142.436 		104.696 		40.779
v 142.3 		105.402 		40.779
v 141.653 		105.321 		40.934
v 142.215 		104.928 		40.836
v 105.2191 		59.0441 		45.6643
v 105.011 		59.044 		45.465
v 102.9452 		59.044 		45.3763
v 105.8704 		59.0441 		46.3156
v 105.3413 		59.0442 		47.0032
v 104.8346 		59.0441 		46.426
v 104.668 		59.0441 		46.252
v 141.952 		105.137 		40.888
v 104.008 		59.0441 		45.768
v 103.4795 		59.044 		45.5359
v 103.183 		59.044 		45.4131
v 106.1266 		59.0441 		46.7002
v 106.297 		59.0442 		46.933
v 106.0663 		59.0443 		49.0808
v 106.0451 		59.0443 		48.7611
v 105.9075 		59.0443 		48.2008
v 105.8404 		59.0442 		47.9701
v 105.5017 		59.0442 		47.2813
v 103.9454 		59.0442 		47.9152
v 104.2027 		59.0443 		48.4753
v 103.933 		59.0442 		47.89
v 141.783 		104.678 		40.922
v 156.578 		74.895 		49.735
v 157.965 		74.895 		50.056
v 157.965 		72.693 		50.056
v 158.887 		72.693 		50.039
v 160.022 		72.693 		49.735
v 141.965 		104.488 		40.875
v 154.355 		74.895 		47.686
v 155.118 		74.895 		48.76
v 161.482 		72.693 		48.76
v 162.034 		72.693 		48.072
v 162.457 		72.693 		47.3
v 139.915 		68.695 		49.26
v 139.911 		68.695 		48.804
v 139.9 		68.695 		49
v 190 		80.55 		217.173
v 184.812 		79.49 		223.85
v 185.679 		79.536 		223.56
v 183.914 		79.462 		224.027
v 140.318 		106.428 		40.834
v 140.827 		106.357 		40.816
v 141.153 		105.938 		40.912
v -121.6048 		70.9775 		176.9367
v -65.536 		58.295 		38.887
v -121.971 		59.0472 		87.044
v -121.971 		59.0468 		82.312
v -121.274 		59.0474 		88.77
v 140.715 		106.042 		40.938
v -135.768 		91.073 		120.37
v 139.282 		106.428 		40.834
v -135.852 		90.638 		120.777
v 139.339 		106.105 		40.953
v -135.852 		90.492 		120.638
v -135.852 		90.361 		120.473
v 139.8 		106.452 		40.84
v 139.8 		106.126 		40.959
v 140.261 		106.105 		40.953
v -135.768 		90.961 		120.315
v -135.768 		90.756 		120.146
v 143.215 		104.293 		40.504
v -135.768 		90.667 		120.035
v 143.305 		103.976 		40.425
v -135.768 		90.855 		120.24
v 143.336 		103.653 		40.345
v 142.612 		104.446 		40.717
v 142.74 		104.183 		40.651
v 142.818 		103.909 		40.584
v 142.844 		103.632 		40.515
v -113.023 		56.143 		91.568
v -112.8452 		56.143 		90.873
v -113.9648 		56.143 		92.4598
v -113.821 		56.143 		93.115
v -113.9365 		56.143 		92.5898
v -113.574 		56.143 		93.647
v -114.066 		56.143 		93.647
v -111.056 		56.143 		93.647
v -111.607 		56.143 		93.647
v -112.106 		56.143 		93.647
v 103.0507 		59.0442 		47.1572
v 103.571 		59.0442 		47.4865
v 104.2548 		59.0443 		48.903
v 104.2603 		59.0443 		48.9305
v 102.817 		59.0442 		47.0778
v 103.588 		59.0442 		47.499
v 102.7702 		59.0442 		47.0638
v 104.2598 		59.0443 		48.9516
v 98.4234 		59.0441 		45.9427
v 99.1149 		59.044 		45.3373
v 99.4476 		59.044 		45.1451
v 102.3849 		59.044 		45.2394
v 101.6158 		59.044 		45.2394
v 101.375 		59.044 		45.245
v 100.58 		59.044 		45.439
v 99.832 		59.0441 		45.768
v 99.172 		59.0441 		46.252
v 102.0331 		59.0442 		47.0155
v -109.151 		56.143 		90.39
v -109.247 		56.143 		92.102
v -109.247 		56.143 		91.688
v -110.59 		56.143 		91.688
v -110.59 		56.143 		90.39
v -110.59 		56.143 		92.102
v -107.306 		56.143 		91.495
v -107.879 		56.143 		91.495
v -106.7908 		56.143 		91.6719
v -106.874 		56.143 		91.621
v -106.905 		56.143 		92.0236
v -106.9607 		56.143 		92.0091
v 142.11 		104.283 		40.824
v -107.269 		56.143 		91.903
v -106.8472 		56.143 		92.0667
v -107.879 		56.143 		91.891
v 142.215 		104.066 		40.77
v -109.151 		56.143 		93.647
v -109.151 		56.143 		93.233
v -110.59 		56.143 		93.233
v -106.7289 		56.143 		92.2693
v -106.672 		56.143 		92.3965
v -106.647 		56.143 		92.5526
v 141.457 		104.269 		40.938
v -106.752 		56.143 		92.165
v 141.568 		104.112 		40.899
v 141.648 		103.946 		40.858
v 142.3 		103.614 		40.658
v 141.697 		103.774 		40.815
v 142.279 		103.842 		40.714
v 141.713 		103.599 		40.772
v 141.697 		103.425 		40.728
v 143.305 		103.33 		40.265
v 143.215 		103.013 		40.186
v 142.862 		102.416 		40.038
v 143.066 		102.706 		40.11
v 142.818 		103.354 		40.446
v 142.74 		103.08 		40.378
v 142.612 		102.817 		40.312
v 142.436 		102.567 		40.25
v 63.69 		56.849 		125.389
v 63.69 		56.849 		125.803
v 63.786 		56.849 		126.934
v 64.614 		56.849 		126.468
v 64.703 		56.849 		126.852
v 65.404 		56.849 		126.928
v 65.161 		56.849 		126.753
v 64.714 		56.849 		125.993
v 65.197 		56.849 		126.108
v 65.08 		56.849 		126.461
v 61.671 		56.849 		127.348
v 65.056 		56.849 		127.221
v 65.471 		56.849 		127.373
v 63.786 		56.849 		127.348
v 98.4812 		59.0442 		47.0487
v 100.957 		59.0442 		47.499
v 101.256 		59.0442 		47.2795
v 98.606 		59.0442 		46.843
v 100.6101 		59.0442 		47.8959
v 100.9346 		59.0442 		47.5259
v 100.2842 		59.0444 		49.1499
v 100.2806 		59.0443 		49.122
v 100.2842 		59.0443 		49.0941
v 100.2888 		59.0443 		49.0808
v 100.295 		59.0443 		49.0681
v 101.2923 		59.0442 		47.2585
v 101.9915 		59.0442 		47.021
v 101.2804 		59.044 		44.5071
v 102.197 		59.044 		44.4478
v 103.261 		59.044 		44.602
v 104.173 		59.044 		44.957
v 102.578 		59.044 		44.4976
v 100.053 		59.044 		44.812
v 100.994 		59.044 		44.538
v 186.5 		79.6 		223.16
v 188.553 		79.882 		221.381
v 187.95 		79.774 		222.061
v 83.3823 		67.795 		51.1867
v 83.3362 		67.795 		51.1867
v 85.2647 		67.795 		49.5152
v 85.1799 		67.795 		49.8616
v 85.2834 		67.795 		49.4437
v 187.261 		79.68 		222.657
v 84.598 		67.795 		50.7138
v 84.5881 		67.795 		50.7214
v 84.9036 		67.795 		50.3877
v 84.6565 		67.795 		50.6458
v 84.6294 		67.795 		50.6863
v 82.6925 		67.795 		51.0982
v 82.6273 		67.795 		51.0761
v 82.1689 		67.795 		50.8406
v -135.852 		90.245 		120.285
v -135.768 		90.589 		119.908
v -135.852 		90.148 		120.076
v 142.279 		103.385 		40.601
v 142.215 		103.161 		40.545
v 142.11 		102.944 		40.492
v -135.768 		92.145 		119.615
v 141.648 		103.253 		40.686
v -135.768 		92.092 		119.767
v -135.717 		91.73 		119.369
v -135.717 		91.703 		119.446
v 141.568 		103.087 		40.644
v -135.717 		91.67 		119.517
v 141.457 		102.93 		40.606
v 141.318 		102.784 		40.569
v -135.717 		91.482 		119.723
v -135.717 		91.426 		119.75
v -135.717 		91.631 		119.581
v 141.965 		102.739 		40.441
v -135.717 		91.586 		119.638
v 141.783 		102.549 		40.393
v -135.717 		91.536 		119.685
v -121.274 		59.0476 		91.77
v -121.274 		64.095 		91.77
v -121.274 		64.095 		88.77
v -105.774 		64.095 		91.77
v -105.774 		64.095 		88.77
v -135.717 		91.248 		119.767
v -135.717 		91.308 		119.772
v -135.717 		91.189 		119.75
v -105.774 		59.0477 		91.77
v -107.4459 		59.0476 		91.77
v -135.717 		91.367 		119.767
v -111.373 		59.0469 		82.312
v -111.373 		59.047 		84.4363
v -112.5105 		59.0468 		82.312
v -111.373 		59.0472 		87.044
v -106.036 		59.0476 		88.77
v -105.774 		59.0476 		88.77
v -109.0524 		59.0474 		88.77
v -105.774 		59.0476 		89.2843
v -135.717 		91.703 		118.793
v -135.717 		91.73 		118.87
v -135.717 		91.749 		118.951
v -135.717 		91.761 		119.035
v -105.774 		59.0466 		77.17
v -105.774 		59.0469 		80.17
v -105.774 		64.095 		80.17
v -105.774 		64.095 		77.17
v -110.4173 		59.0469 		80.17
v -113.6576 		59.0466 		80.17
v -135.717 		91.764 		119.12
v -109.8504 		59.0469 		80.17
v -135.717 		91.761 		119.205
v -111.3651 		59.0466 		77.17
v -135.717 		91.749 		119.289
v -111.9457 		59.0466 		77.17
v -121.274 		64.095 		77.17
v -121.274 		64.095 		80.17
v -121.274 		59.0466 		80.17
v -121.274 		59.0464 		77.17
v -115.264 		59.0464 		77.17
v -81.92 		59.0437 		41.7
v -94.606 		61.225 		41.7
v -95.251 		61.543 		41.7
v -95.85 		61.943 		41.7
v -96.391 		62.417 		41.7
v -96.865 		62.958 		41.7
v -97.265 		63.556 		41.7
v -97.583 		64.202 		41.7
v -97.814 		64.883 		41.7
v -92.501 		60.806 		41.7
v -93.219 		60.853 		41.7
v -93.925 		60.993 		41.7
v -90.397 		61.225 		41.7
v -91.078 		60.993 		41.7
v -91.783 		60.853 		41.7
v -87.189 		64.883 		41.7
v -87.42 		64.202 		41.7
v -87.738 		63.556 		41.7
v -88.138 		62.958 		41.7
v -88.612 		62.417 		41.7
v -89.153 		61.943 		41.7
v -89.751 		61.543 		41.7
v -97.954 		65.589 		41.7
v -98.001 		66.306 		41.7
v -97.954 		67.024 		41.7
v -97.814 		67.73 		41.7
v -97.583 		68.411 		41.7
v -97.265 		69.057 		41.7
v -96.865 		69.655 		41.7
v -96.391 		70.196 		41.7
v -95.85 		70.67 		41.7
v -95.251 		71.07 		41.7
v -94.606 		71.388 		41.7
v -93.925 		71.619 		41.7
v -93.219 		71.76 		41.7
v -92.501 		71.807 		41.7
v -91.783 		71.76 		41.7
v -91.078 		71.619 		41.7
v -90.397 		71.388 		41.7
v -89.751 		71.07 		41.7
v -89.153 		70.67 		41.7
v -88.612 		70.196 		41.7
v -88.138 		69.655 		41.7
v -87.738 		69.057 		41.7
v -87.42 		68.411 		41.7
v -87.189 		67.73 		41.7
v -87.048 		67.024 		41.7
v -87.001 		66.306 		41.7
v -87.048 		65.589 		41.7
v -70.8572 		65.136 		41.7
v -66.681 		63.0752 		41.7
v -67.0644 		63.0752 		41.7
v -65.905 		63.203 		41.7
v -66.4922 		63.1128 		41.7
v -70.6237 		64.8313 		41.7
v -69.0568 		63.5371 		41.7
v -69.32 		63.653 		41.7
v -68.3261 		63.234 		41.7
v -67.657 		63.088 		41.7
v -67.9369 		63.1566 		41.7
v -70.252 		64.368 		41.7
v -73.728 		77.652 		41.7
v -66.8783 		72.0386 		41.7
v -66.0938 		71.9356 		41.7
v -69.809 		71.121 		41.7
v -69.4797 		71.3412 		41.7
v -68.4169 		71.8359 		41.7
v -68.0462 		71.9356 		41.7
v -69.1475 		71.5329 		41.7
v -70.64 		70.29 		41.7
v -71.227 		69.273 		41.7
v -71.1421 		65.6566 		41.7
v -71.2891 		66.0109 		41.7
v -71.532 		68.138 		41.7
v -71.551 		67.257 		41.7
v -71.417 		66.386 		41.7
v -67.2617 		72.0386 		41.7
v -65.7231 		71.8359 		41.7
v -65.7048 		71.8295 		41.7
v -118.7596 		59.0547 		177.3339
v -118.7794 		59.0547 		177.3352
v -118.731 		59.0547 		177.3269
v -117.9133 		59.0547 		177.0882
v 68.041 		56.849 		118.681
v 69.494 		56.849 		118.681
v 67.575 		56.849 		118.681
v 72.851 		56.849 		118.681
v 70.736 		56.849 		118.681
v 70.045 		56.849 		118.681
v -117.2921 		59.0547 		176.7639
v -117.376 		59.0547 		176.825
v -117.403 		59.0547 		176.8369
v -117.3596 		59.0547 		176.814
v -116.687 		63.092 		176.323
v -116.687 		63.092 		176.2324
v 68.614 		56.849 		120.194
v -116.538 		63.092 		176.1017
v 69.047 		56.849 		120.319
v -116.494 		62.2606 		176.063
v -116.4736 		59.0546 		176.1359
v 69.451 		56.849 		120.547
v 69.132 		56.849 		120.822
v 68.041 		56.849 		120.194
v 68.813 		56.849 		120.638
v 68.041 		56.849 		120.593
v -115.973 		59.0546 		175.5094
v -116.3137 		59.0546 		175.8984
v -116.2313 		59.4089 		175.7645
v -116.105 		59.4027 		175.621
v -115.6858 		59.0545 		175.0799
v 67.575 		56.849 		122.349
v 82.1829 		67.795 		50.8516
v 69.135 		56.849 		121.732
v 84.1368 		67.795 		51.004
v 84.0716 		67.795 		51.0262
v 69.257 		56.849 		121.065
v 82.212 		67.795 		50.871
v 69.268 		56.849 		121.391
v 84.6527 		67.795 		47.7432
v 84.616 		67.795 		47.699
v 85.19 		67.795 		48.558
v 85.1761 		67.795 		48.5264
v 84.1368 		67.795 		47.396
v 84.0716 		67.795 		47.3738
v 85.1986 		67.795 		48.6204
v 85.2834 		67.795 		48.9678
v 82.3 		67.795 		47.468
v 82.2635 		67.795 		47.4961
v 83.277 		67.795 		47.2015
v 83.323 		67.795 		47.2015
v 84.5881 		67.795 		47.6786
v 82.3652 		67.795 		47.4459
v 68.47 		56.849 		122.349
v 69.195 		56.849 		122.232
v 68.812 		56.849 		121.907
v 68.041 		56.849 		121.95
v 96.967 		59.0444 		49.433
v 68.436 		56.849 		121.95
v 97.137 		59.0445 		50.726
v 97.3897 		59.0445 		51.4315
v 97.2415 		59.0445 		50.9947
v 97.8505 		59.0446 		52.2297
v 98.0633 		59.0446 		52.5481
v 69.63 		56.849 		121.885
v 98.2716 		59.0446 		52.7476
v 97.761 		59.0444 		49.658
v 97.7978 		59.0444 		49.8961
v 97.9481 		59.0445 		50.6491
v 98.0708 		59.0445 		50.9454
v 71.202 		56.849 		119.092
v 71.202 		56.849 		120.39
v 71.202 		56.849 		120.804
v 73.632 		56.849 		118.8
v 72.851 		56.849 		119.092
v 73.632 		56.849 		119.243
v 83.3591 		59.0448 		54.4654
v 82.899 		59.0448 		54.435
v 83.7432 		59.0448 		54.4654
v 83.9321 		59.0448 		54.428
v 72.755 		56.849 		120.39
v 72.755 		56.849 		120.804
v 69.775 		56.849 		121.307
v 69.694 		56.849 		120.876
v 140.996 		103.935 		40.94
v 141.083 		103.707 		40.884
v 141.05 		103.823 		40.913
v 141.094 		103.589 		40.854
v 189.761 		80.266 		218.962
v 189.467 		80.13 		219.819
v 189.062 		80.002 		220.63
v 141.083 		103.471 		40.825
v 189.94 		80.407 		218.075
v 140.403 		103.757 		40.948
v 140.453 		103.583 		40.905
v 140.447 		103.642 		40.92
v 140.447 		103.523 		40.89
v 140.43 		103.464 		40.875
v 186.319 		80.203 		219.363
v 187 		80.55 		217.173
v 185.632 		80.08 		220.137
v 184.765 		79.989 		220.708
v 186.78 		80.349 		218.44
v 183.779 		79.937 		221.039
v 140.43 		103.701 		40.934
v 143.465 		77.889 		220.687
v 143.5387 		77.915 		220.8044
v 141.568 		78.907 		220.939
v 141.6286 		78.8986 		220.9604
v 141.575 		78.9162 		220.9632
v 143.066 		78.207 		220.765
v 142.436 		78.354 		220.564
v 142.862 		78.093 		220.499
v 142.612 		78.485 		220.835
v 142.7671 		78.4323 		220.8864
v 143.1154 		78.2312 		220.8545
v 142.6415 		78.5048 		220.898
v 143.2777 		78.1101 		220.8353
v 142.605 		77.94 		220.24
v 142.215 		78.179 		220.299
v 141.965 		78.574 		220.618
v 141.783 		78.381 		220.349
v 141.318 		78.541 		220.389
v 141.457 		78.749 		220.662
v 142.11 		78.72 		220.893
v 139.8 		103.581 		40.922
v 139.776 		103.552 		40.914
v 142.1258 		78.7346 		220.9344
v 142.2132 		78.6956 		220.9282
v 141.568 		78.144 		220.091
v 141.952 		77.964 		220.046
v 141.322 		77.867 		219.847
v -106.6782 		56.143 		92.7945
v -106.7068 		56.143 		92.8771
v -106.8082 		56.143 		93.0535
v -106.8936 		56.143 		93.0985
v 85.0648 		59.0448 		54.2339
v 86.243 		59.0447 		53.6799
v 85.4194 		59.0448 		54.0871
v -107.1379 		56.143 		93.6251
v 86.403 		59.0447 		53.5724
v 83.012 		59.0447 		53.5283
v 83.2457 		59.0447 		53.5857
v -108.345 		56.143 		93.647
v 82.0762 		59.0447 		53.3159
v 83.4864 		59.0447 		53.591
v 84.063 		59.0447 		53.5783
v 84.3769 		59.0447 		53.5156
v 85.1208 		59.0447 		53.3159
v -107.2445 		56.143 		93.2035
v -107.879 		56.143 		93.248
v -108.1493 		56.143 		93.647
v -135.7 		91.308 		119.12
v 88.4762 		59.0444 		50.1653
v 88.4262 		59.0445 		50.5465
v 88.551 		59.0444 		49.478
v 88.3644 		59.0445 		50.7287
v 87.545 		59.0445 		50.771
v 87.6819 		59.0444 		50.21
v 87.7443 		59.0444 		49.8959
v 88.0694 		59.0445 		51.5988
v 87.518 		59.0446 		52.521
v 87.2138 		59.0446 		52.8682
v 87.8772 		59.0446 		51.931
v 86.0742 		59.0446 		52.7904
v 86.3149 		59.0446 		52.5791
v 86.732 		59.0446 		52.179
v 87.215 		59.0445 		51.519
v 86.9422 		59.0447 		53.1398
v 85.408 		59.0447 		53.1743
v 85.2868 		59.0444 		49.2756
v 85.0862 		59.0444 		50.0419
v 85.0812 		59.0444 		50.0624
v 84.7087 		59.0445 		50.6187
v 84.317 		59.0445 		50.9196
v 85.0649 		59.0444 		50.0935
v 85.0503 		59.0444 		50.1087
v 85.2818 		59.0444 		49.2269
v 85.2868 		59.0444 		49.2474
v 84.2904 		59.0445 		50.9363
v 83.5504 		59.0445 		51.1832
v 83.0566 		59.0445 		51.1832
v 83.0185 		59.0445 		51.178
v 82.3193 		59.0445 		50.9405
v 81.9545 		59.0445 		50.6622
v 81.9287 		59.0445 		50.6384
v 82.2941 		59.0445 		50.9281
v 83.5912 		59.0445 		51.1737
v 97.073 		59.0443 		48.459
v 97.637 		59.0442 		46.933
v 97.239 		59.0442 		48.0099
v 97.4324 		59.0442 		47.3458
v 90.112 		59.0437 		41.7
v 98.215 		59.0441 		46.142
v 98.2674 		59.0442 		47.3691
v 98.0352 		59.0442 		47.8977
v 97.9481 		59.0443 		48.1219
v 97.8105 		59.0443 		48.6822
v 97.779 		59.0443 		48.84
v -135.717 		91.03 		119.638
v -135.717 		91.133 		119.723
v -135.717 		91.079 		119.685
v 83.225 		59.044 		44.499
v 84.204 		59.044 		44.52
v 82.94 		59.044 		44.5432
v -115.778 		60.4412 		175.131
v -135.717 		90.985 		119.581
v -135.717 		90.945 		119.517
v -115.374 		63.092 		174.372
v -115.518 		62.5633 		174.603
v -115.5251 		62.4427 		174.6175
v -135.717 		90.912 		119.446
v -115.374 		59.0545 		174.372
v -135.717 		90.886 		119.369
v -115.5063 		63.092 		174.5686
v -115.329 		63.092 		174.046
v -115.214 		63.092 		173.469
v -115.214 		63.092 		172.294
v -135.768 		90.523 		119.767
v -118.461 		61.192 		172.18
v -118.38 		61.192 		172.345
v -118.321 		61.192 		172.518
v -118.285 		61.192 		172.698
v -118.273 		61.192 		172.881
v -118.285 		61.192 		173.064
v -118.321 		61.192 		173.244
v -118.38 		61.192 		173.418
v -118.461 		61.192 		173.583
v -118.563 		61.192 		173.735
v -118.684 		61.192 		173.873
v 140.365 		78.954 		220.713
v 140.921 		78.876 		220.693
v 70.736 		56.849 		122.349
v 71.202 		56.849 		121.935
v 73.68 		56.849 		121.468
v 72.851 		56.849 		122.349
v 72.851 		56.849 		121.935
v 73.913 		56.849 		118.705
v 74.462 		56.849 		118.638
v 75.063 		56.849 		118.66
v 76.904 		56.849 		118.681
v -122.857 		59.0546 		176.063
v 80.75 		56.849 		118.681
v 79.019 		56.849 		118.681
v 81.216 		56.849 		118.681
v -122.415 		59.0546 		176.451
v -122.7818 		59.0546 		176.129
v -122.3568 		59.0547 		176.5035
v -107.088 		56.143 		93.1976
v -107.013 		56.143 		93.6093
v -106.9025 		56.143 		93.5463
v -113.069 		56.143 		95.426
v -113.546 		56.143 		95.426
v -112.866 		56.143 		95.426
v -112.866 		56.143 		95.681
v -110.828 		56.143 		95.426
v -111.538 		56.143 		95.681
v -111.538 		56.143 		95.426
v -111.967 		56.143 		95.781
v -122.3945 		59.0547 		176.4674
v -122.4039 		59.0547 		176.4584
v -121.926 		59.0547 		176.778
v -121.9896 		59.0547 		176.7355
v -122.2168 		59.0547 		176.5835
v -122.3309 		59.0547 		176.5177
v -122.2168 		60.9287 		176.5835
v 75.525 		56.849 		118.827
v 75.439 		56.849 		119.296
v 75.148 		56.849 		119.093
v 75.536 		56.849 		119.635
v 75.517 		56.849 		119.795
v -121.348 		59.0547 		177.085
v -121.6048 		59.0547 		176.9367
v 73.98 		56.849 		119.121
v 74.663 		56.849 		119.024
v 85.758 		59.044 		45.003
v 84.846 		59.044 		44.649
v -120.502 		59.0547 		177.332
v 85.914 		59.0441 		45.966
v 85.4081 		59.0441 		45.6887
v 85.1208 		59.044 		45.5468
v 84.7552 		59.044 		45.4219
v 84.4411 		59.044 		45.3598
v 83.871 		59.044 		45.273
v 83.053 		59.044 		45.29
v 84.616 		59.0442 		47.699
v -120.89 		61.192 		173.583
v -120.971 		61.192 		173.418
v -121.03 		61.192 		173.244
v -121.066 		61.192 		173.064
v -121.078 		61.192 		172.881
v -121.066 		61.192 		172.698
v -121.03 		61.192 		172.518
v 75.085 		56.849 		120.189
v -120.971 		61.192 		172.345
v -120.89 		61.192 		172.18
v 75.41 		56.849 		119.981
v -118.822 		61.192 		173.994
v -118.974 		61.192 		174.096
v -119.139 		61.192 		174.177
v -119.313 		61.192 		174.236
v 74.088 		56.849 		120.645
v -119.492 		61.192 		174.272
v 74.649 		56.849 		120.367
v -119.676 		61.192 		174.284
v -119.859 		61.192 		174.272
v -120.039 		61.192 		174.236
v 75.479 		56.849 		120.494
v -120.212 		61.192 		174.177
v -120.377 		61.192 		174.096
v -120.529 		61.192 		173.994
v -120.667 		61.192 		173.873
v -120.788 		61.192 		173.735
v 77.37 		56.849 		119.092
v 75.909 		56.849 		119.234
v 76.006 		56.849 		119.657
v 140.996 		79.043 		220.973
v 75.948 		56.849 		119.99
v 75.799 		56.849 		120.264
v 140.403 		79.125 		220.994
v 77.37 		56.849 		120.39
v 77.37 		56.849 		120.804
v 140.409 		79.1253 		220.9964
v 140.9981 		79.0474 		220.984
v 140.4032 		79.1261 		220.9965
v 141.0231 		79.0417 		220.9831
v 140.318 		78.729 		220.436
v 73.769 		56.849 		121.853
v 140.827 		78.658 		220.418
v 74.227 		56.849 		121.754
v 73.78 		56.849 		120.994
v 74.191 		56.849 		121.234
v 74.308 		56.849 		121.051
v 140.261 		78.454 		220.168
v 74.146 		56.849 		121.462
v 75.769 		56.849 		121.791
v 141.153 		78.287 		220.126
v 140.715 		78.391 		220.152
v 140.197 		78.134 		219.913
v 75.432 		56.849 		122.346
v 74.537 		56.849 		122.374
v 74.885 		56.849 		122.4
v 140.588 		78.08 		219.9
v 75.307 		56.849 		121.932
v 140.965 		77.99 		219.878
v 74.001 		56.849 		122.153
v 74.469 		56.849 		121.929
v 74.874 		56.849 		121.987
v 75.932 		56.849 		122.205
v 76.904 		56.849 		122.349
v 77.37 		56.849 		121.935
v 143.801 		77.537 		220.599
v 143.55 		77.465 		220.343
v 144.068 		77.158 		220.505
v 143.801 		77.11 		220.255
v 79.019 		56.849 		119.092
v 78.923 		56.849 		120.39
v 78.923 		56.849 		120.804
v 85.0096 		59.0443 		48.173
v 87.518 		59.0441 		46.434
v 87.6678 		59.0441 		46.6807
v 86.9422 		59.0441 		45.8151
v 87.2139 		59.0441 		46.0868
v 86.595 		59.044 		45.511
v 86.7472 		59.0442 		46.7322
v 86.605 		59.0441 		46.5376
v 86.3642 		59.0441 		46.3266
v 79.7 		56.849 		121.935
v 79.7 		56.849 		122.349
v 143.7268 		77.7328 		220.7755
v 143.9043 		77.5614 		220.7483
v 79.019 		56.849 		122.349
v 79.019 		56.849 		121.935
v 88.1286 		59.0442 		47.4788
v 88.322 		59.0443 		48.1421
v 88.445 		59.0443 		48.505
v 87.6071 		59.0443 		48.2748
v 87.6819 		59.0443 		48.6523
v 144.1056 		77.3038 		220.7074
v 144.205 		77.1763 		220.6872
v 87.7443 		59.0443 		49.1268
v 87.739 		59.0443 		48.886
v 87.3975 		59.0442 		47.7364
v 87.3004 		59.0442 		47.5162
v 144.3971 		76.833 		220.6327
v 80.75 		56.849 		121.935
v 81.216 		56.849 		121.935
v 144.63 		75.891 		220.442
v 144.588 		76.332 		220.552
v 144.5843 		76.3452 		220.5552
v 144.5886 		76.3319 		220.5531
v 66.46 		56.849 		123.825
v 144.5889 		76.3295 		220.5528
v 144.6503 		75.8859 		220.4824
v 65.997 		56.849 		123.658
v 144.4352 		76.7648 		220.6218
v 144.419 		75.922 		220.198
v 144.6461 		75.7995 		220.4687
v 144.38 		76.343 		220.303
v 144.262 		76.758 		220.406
v 143.983 		76.735 		220.162
v 66.917 		56.849 		124.887
v 66.94 		56.849 		124.656
v 66.843 		56.849 		124.232
v 66.451 		56.849 		124.793
v 66.47 		56.849 		124.633
v -124.137 		59.0543 		172.294
v -124.176 		59.0543 		172.881
v -124.137 		59.0544 		173.469
v -124.022 		59.0544 		174.046
v -123.833 		59.0545 		174.603
v -123.573 		59.0545 		175.131
v 143.465 		77.039 		220.017
v -112.433 		56.143 		95.781
v 143.632 		76.696 		219.931
v 66.082 		56.849 		124.091
v 66.373 		56.849 		124.294
v 65.598 		56.849 		124.023
v 144.093 		76.346 		220.065
v 143.733 		76.34 		219.843
v 143.767 		75.977 		219.753
v 144.13 		75.951 		219.967
v 85.0405 		59.0443 		48.2193
v 85.19 		59.0443 		48.558
v 144.588 		75.45 		220.333
v 68.201 		56.849 		123.679
v 67.735 		56.849 		123.679
v 66.344 		56.849 		124.979
v 65.583 		56.849 		125.367
v 65.577 		56.849 		125.86
v -113.949 		56.143 		96.561
v 66.414 		56.849 		125.493
v 66.791 		56.849 		125.176
v -114.097 		56.143 		96.975
v -108.65 		56.143 		95.426
v -108.081 		56.143 		95.426
v -108.528 		56.143 		96.069
v -108.51 		56.143 		96.069
v -110.3627 		56.143 		95.8959
v 65.95 		56.849 		126.975
v -110.362 		56.143 		95.426
v 66.703 		56.849 		126.79
v -123.246 		59.0546 		175.621
v 144.6277 		75.4366 		220.4111
v 144.588 		75.2692 		220.3845
v 144.5225 		74.9913 		220.3404
v 144.465 		75.017 		220.225
v -115.3228 		63.092 		171.7481
v -135.768 		90.471 		119.615
v -108.547 		56.143 		96.915
v -135.768 		90.433 		119.455
v -110.3673 		56.143 		97.6518
v -110.4001 		56.143 		98.2645
v -106.4287 		56.143 		91.8951
v -106.2439 		56.143 		92.1594
v -106.303 		56.143 		92.0832
v -106.178 		56.143 		92.8394
v -106.194 		56.143 		92.7658
v 82.039 		59.044 		44.7231
v 83.5911 		59.0442 		47.2263
v 84.2904 		59.0442 		47.4637
v 82.259 		59.044 		45.484
v 82.3 		59.0442 		47.468
v -106.382 		56.143 		93.288
v -106.185 		56.143 		92.925
v -115.329 		59.0543 		171.717
v -115.3228 		59.0543 		171.7481
v -112.866 		56.143 		98.835
v -115.468 		63.092 		171.206
v -115.3392 		63.092 		171.6869
v -115.518 		63.092 		171.159
v -115.468 		59.0542 		171.206
v -115.3392 		59.0543 		171.6869
v 144.4182 		74.7499 		220.3021
v -115.6501 		63.092 		170.8907
v -115.6972 		59.0542 		170.7422
v 144.3348 		74.5573 		220.2715
v -115.7688 		59.0542 		170.6184
v 144.1402 		74.2579 		220.224
v -112.866 		56.143 		99.094
v -115.778 		60.7794 		170.631
v -112.433 		56.143 		98.735
v -111.538 		56.143 		98.835
v -111.967 		56.143 		98.735
v -110.828 		56.143 		99.094
v -111.538 		56.143 		99.094
v -116.056 		63.092 		170.188
v -116.105 		63.092 		170.142
v -115.9404 		63.092 		170.3882
v -108.081 		56.143 		99.094
v -108.55 		56.143 		99.094
v -110.262 		56.143 		99.094
v -116.105 		59.0541 		170.142
v -115.9707 		59.0541 		170.3428
v -116.105 		60.8991 		170.142
v -110.392 		56.143 		98.461
v -110.41 		56.143 		98.461
v -116.1533 		63.092 		170.087
v -110.854 		56.549 		81.008
v -110.854 		56.549 		77.228
v -110.481 		56.549 		81.008
v -110.481 		56.549 		77.228
v -116.2264 		59.0541 		169.9939
v -116.1827 		59.0541 		170.0535
v -116.494 		59.0541 		169.699
v -116.3149 		59.0541 		169.903
v -116.3032 		59.0541 		169.9142
v -116.3178 		59.2078 		169.8997
v -135.717 		90.866 		119.289
v -111.056 		56.549 		89.979
v -135.717 		90.855 		119.205
v -113.001 		56.549 		89.979
v -112.527 		56.549 		89.979
v -135.717 		90.851 		119.12
v -135.717 		90.855 		119.035
v -135.717 		90.866 		118.951
v -109.151 		56.549 		89.979
v -108.345 		56.549 		89.979
v -107.879 		56.549 		89.979
v -135.717 		90.886 		118.87
v -135.717 		90.912 		118.793
v -106.426 		56.549 		89.979
v -105.875 		56.549 		89.979
v -112.643 		56.549 		91.267
v -112.764 		56.549 		90.482
v -112.868 		56.549 		90.983
v -94.606 		61.225 		38.887
v -95.251 		61.543 		38.887
v -95.85 		61.943 		38.887
v -96.391 		62.417 		38.887
v -116.936 		59.0541 		169.311
v -96.865 		62.958 		38.887
v -97.265 		63.556 		38.887
v -97.583 		64.202 		38.887
v -97.814 		64.883 		38.887
v -117.426 		59.054 		168.984
v -93.219 		60.853 		38.887
v -92.501 		60.806 		38.887
v -93.925 		60.993 		38.887
v -117.953 		59.054 		168.724
v -90.397 		61.225 		38.887
v -91.078 		60.993 		38.887
v -91.783 		60.853 		38.887
v -87.189 		64.883 		38.887
v -118.511 		59.054 		168.535
v -87.42 		64.202 		38.887
v -87.738 		63.556 		38.887
v -88.138 		62.958 		38.887
v -88.612 		62.417 		38.887
v -89.153 		61.943 		38.887
v -89.751 		61.543 		38.887
v -97.954 		65.589 		38.887
v -98.001 		66.306 		38.887
v -118.684 		61.192 		171.89
v -97.954 		67.024 		38.887
v -118.563 		61.192 		172.027
v -97.814 		67.73 		38.887
v -97.583 		68.411 		38.887
v -97.265 		69.057 		38.887
v -96.865 		69.655 		38.887
v -96.391 		70.196 		38.887
v -95.85 		70.67 		38.887
v -120.263 		59.054 		168.42
v -119.676 		59.054 		168.381
v -113.969 		56.549 		92.442
v -113.821 		56.549 		93.115
v -120.84 		59.054 		168.535
v -113.574 		56.549 		93.647
v -114.066 		56.549 		93.647
v -121.398 		59.054 		168.724
v -111.056 		56.549 		93.647
v -121.926 		59.054 		168.984
v -111.607 		56.549 		93.647
v -112.106 		56.549 		93.647
v -122.415 		59.0541 		169.311
v -109.151 		56.549 		90.39
v -122.7529 		59.0541 		169.6077
v -110.59 		56.549 		90.39
v -122.857 		59.0541 		169.699
v -110.59 		56.549 		91.688
v -110.59 		56.549 		92.102
v -109.247 		56.549 		92.102
v -109.247 		56.549 		91.688
v -119.088 		59.054 		168.42
v -119.492 		61.192 		171.491
v -119.676 		61.192 		171.479
v -119.313 		61.192 		171.527
v -119.139 		61.192 		171.586
v -118.974 		61.192 		171.667
v -118.822 		61.192 		171.769
v -120.788 		61.192 		172.027
v -120.667 		61.192 		171.89
v -120.529 		61.192 		171.769
v -120.377 		61.192 		171.667
v -120.212 		61.192 		171.586
v -120.039 		61.192 		171.527
v -95.251 		71.07 		38.887
v -94.606 		71.388 		38.887
v -119.859 		61.192 		171.491
v -93.925 		71.619 		38.887
v -93.219 		71.76 		38.887
v -92.501 		71.807 		38.887
v -91.783 		71.76 		38.887
v -91.078 		71.619 		38.887
v -90.397 		71.388 		38.887
v -89.751 		71.07 		38.887
v -89.153 		70.67 		38.887
v -88.612 		70.196 		38.887
v -88.138 		69.655 		38.887
v -87.738 		69.057 		38.887
v -87.42 		68.411 		38.887
v -87.189 		67.73 		38.887
v -87.048 		67.024 		38.887
v -87.001 		66.306 		38.887
v -87.048 		65.589 		38.887
v 140.996 		103.243 		40.768
v 140.921 		103.136 		40.742
v 83.053 		59.0442 		47.2161
v 83.5469 		59.0442 		47.2161
v 84.317 		59.0442 		47.4804
v 141.05 		103.355 		40.796
v 140.403 		103.408 		40.861
v 82.9992 		59.0442 		47.2305
v 144.0665 		74.1443 		220.206
v 140.365 		103.354 		40.848
v -135.768 		90.41 		119.289
v -135.768 		90.402 		119.12
v -135.768 		90.41 		118.951
v 144.093 		75.555 		219.869
v 143.733 		75.615 		219.663
v -135.768 		90.433 		118.785
v -107.879 		56.549 		91.891
v -107.879 		56.549 		91.495
v 144.38 		75.5 		220.094
v -107.306 		56.549 		91.495
v -106.874 		56.549 		91.621
v -107.269 		56.549 		91.903
v 140.827 		103.038 		40.718
v 140.318 		103.305 		40.836
v 140.715 		102.949 		40.696
v 69.389 		56.849 		125.752
v 68.881 		56.849 		125.121
v 141.153 		102.653 		40.537
v 69.038 		56.849 		125.552
v 68.201 		56.849 		125.103
v 81.4041 		67.795 		48.5802
v 81.5482 		67.795 		48.2538
v 68.201 		56.849 		125.503
v 140.588 		102.871 		40.676
v 140.965 		102.537 		40.508
v 140.447 		102.805 		40.66
v 140.757 		102.44 		40.484
v 140.295 		102.753 		40.647
v 69.168 		56.849 		126.871
v 68.201 		56.849 		126.949
v 143.983 		75.167 		219.773
v 143.632 		75.259 		219.575
v 69.449 		56.849 		126.637
v 69.543 		56.849 		126.247
v 143.801 		74.791 		219.679
v 143.465 		74.916 		219.489
v 144.262 		75.085 		219.991
v 71.311 		56.849 		123.679
v 70.845 		56.849 		123.679
v 72.764 		56.849 		123.679
v 73.315 		56.849 		123.679
v 71.311 		56.849 		125.193
v 71.311 		56.849 		125.592
v 140.197 		103.22 		40.815
v 69.687 		56.849 		125.411
v 140.261 		103.26 		40.825
v 140.126 		103.187 		40.807
v 69.882 		56.849 		125.645
v 140.05 		103.161 		40.8
v 139.969 		103.142 		40.795
v 139.885 		103.13 		40.792
v 139.8 		103.126 		40.791
v 144.068 		74.685 		219.891
v 144.262 		74.598 		220.121
v 71.311 		56.849 		126.949
v 70.039 		56.849 		126.272
v 69.895 		56.849 		126.87
v 139.282 		103.305 		40.836
v 139.339 		103.26 		40.825
v 139.403 		103.22 		40.815
v 139.474 		103.187 		40.807
v 72.316 		56.849 		125.318
v 72.403 		56.849 		125.821
v 72.187 		56.849 		125.664
v 143.55 		74.436 		219.591
v 143.801 		74.306 		219.797
v 139.715 		103.13 		40.792
v 139.631 		103.142 		40.795
v 139.55 		103.161 		40.8
v 143.465 		73.954 		219.71
v 143.983 		74.202 		220.023
v 143.632 		73.834 		219.932
v -136.935 		94.514 		118.517
v -136.7 		94.313 		118.555
v 143.7647 		73.8055 		220.1522
v 143.7218 		73.7575 		220.1446
v -136.7 		94.235 		117.999
v -136.935 		94.431 		117.924
v -137 		94.5598 		118.6757
v -137 		94.3682 		117.4883
v -137 		94.4684 		117.9098
v 143.235 		77.795 		220.425
v -136.935 		94.295 		117.352
v 142.947 		77.667 		220.172
v -137 		94.3308 		117.331
v -137 		94.491 		118.0727
v -137 		94.5521 		118.5096
v 143.235 		77.365 		220.097
v 143.066 		76.948 		219.794
v -136.482 		94.061 		118.602
v -136.286 		93.761 		118.658
v 142.862 		77.238 		219.866
v 142.436 		77.088 		219.654
v -136.113 		93.276 		117.955
v -136.113 		93.366 		118.332
v 142.612 		76.838 		219.592
v -136.286 		93.698 		118.205
v -136.286 		93.594 		117.767
v -136.113 		93.42 		118.722
v 142.605 		77.507 		219.933
v -136.482 		93.99 		118.093
v -135.852 		92.601 		118.625
v -135.852 		92.545 		118.388
v -135.968 		92.998 		118.473
v -135.968 		92.924 		118.163
v -135.968 		92.823 		117.87
v -135.852 		92.37 		117.955
v -135.852 		92.468 		118.163
v -135.852 		92.255 		117.767
v -136.7 		94.108 		117.463
v -136.482 		93.873 		117.602
v -136.286 		93.451 		117.352
v -136.286 		93.271 		116.967
v -136.482 		93.712 		117.136
v -136.7 		93.933 		116.955
v -136.935 		94.108 		116.81
v -137 		94.193 		116.9316
v -137 		94.1414 		116.7824
v -136.113 		93.153 		117.598
v -135.968 		92.696 		117.598
v -136.113 		92.998 		117.267
v -135.968 		92.545 		117.352
v -135.968 		92.373 		117.136
v -135.968 		92.183 		116.955
v -136.113 		92.814 		116.967
v -135.768 		92.092 		118.473
v -135.768 		92.145 		118.625
v -135.717 		91.67 		118.722
v -135.768 		92.026 		118.332
v -135.717 		91.536 		118.555
v -135.717 		91.586 		118.602
v -135.717 		91.631 		118.658
v -135.717 		91.189 		118.489
v -135.717 		91.248 		118.473
v -135.717 		91.308 		118.467
v -135.717 		91.367 		118.473
v -135.717 		91.426 		118.489
v -135.717 		91.482 		118.517
v 142.215 		77.319 		219.711
v 142.3 		77.751 		219.993
v 141.653 		77.712 		219.809
v 141.952 		77.529 		219.763
v 141.965 		76.915 		219.463
v 141.318 		76.87 		219.335
v 141.783 		77.106 		219.51
v 141.568 		77.278 		219.553
v 141.322 		77.428 		219.591
v 142.74 		76.574 		219.526
v 142.818 		76.301 		219.458
v 143.215 		76.642 		219.718
v 143.305 		76.325 		219.639
v 143.336 		76.002 		219.559
v 142.844 		76.023 		219.389
v -70.8802 		65.1705 		38.887
v -67.1882 		63.0779 		38.887
v -66.6396 		63.0779 		38.887
v -65.905 		63.203 		38.887
v -66.3696 		63.1316 		38.887
v -70.5461 		64.7345 		38.887
v -69.32 		63.653 		38.887
v -68.9434 		63.4871 		38.887
v -68.3654 		63.2474 		38.887
v -68.0574 		63.1861 		38.887
v -67.657 		63.088 		38.887
v -70.252 		64.368 		38.887
v -66.1751 		71.9517 		38.887
v -66.7957 		72.0332 		38.887
v -69.5485 		71.2952 		38.887
v -69.809 		71.121 		38.887
v -67.9649 		71.9517 		38.887
v -68.4952 		71.8092 		38.887
v -69.0733 		71.5695 		38.887
v -70.64 		70.29 		38.887
v -71.227 		69.273 		38.887
v -71.1055 		65.5823 		38.887
v -71.3158 		66.0893 		38.887
v -71.532 		68.138 		38.887
v -71.551 		67.257 		38.887
v -71.417 		66.386 		38.887
v -67.3443 		72.0332 		38.887
v -65.6186 		71.8 		38.887
v -65.6447 		71.8092 		38.887
v -110 		81.5888 		41.7
v -110 		81.8531 		40.1
v -110 		59.0437 		41.7
v -110 		59.0436 		40.1
v -105.103 		58.596 		41.6909
v -105.103 		58.495 		41.6909
v -105.103 		58.495 		40.1
v -105.103 		58.596 		40.1
v -110.23 		59.261 		40.1
v -110.23 		81.8531 		40.1
v -105.202 		81.405 		38.887
v -106 		82.1835 		38.1
v -110.23 		82.1835 		38.1
v -110.23 		59.261 		38.1
v -117.376 		74.193 		49.525
v -117.904 		74.193 		49.785
v -118.75 		74.193 		50.032
v -120.213 		74.193 		50.089
v -119.626 		74.193 		50.128
v -121.348 		75.195 		49.785
v -122.12 		75.195 		49.361
v -121.173 		74.193 		49.844
v -121.173 		75.195 		49.844
v -115.468 		74.193 		47.35
v -116.056 		74.193 		48.367
v -116.665 		74.193 		49.004
v -115.164 		74.193 		46.215
v -118.495 		75.195 		45.332
v -118.645 		75.195 		46.472
v -118.429 		75.195 		45.665
v -118.465 		75.195 		46.044
v -122.808 		75.195 		48.81
v -120.296 		75.195 		46.905
v -120.779 		75.195 		46.504
v -119.896 		75.195 		47.041
v -119.35 		75.195 		46.989
v -120.905 		75.195 		45.216
v -121.023 		75.195 		45.665
v -115.164 		74.193 		45.041
v -115.409 		75.195 		44.08
v -115.409 		74.193 		44.08
v -117.779 		75.195 		41.553
v -116.886 		75.195 		42.058
v -119.642 		75.195 		44.464
v -119.227 		75.195 		44.547
v -120.144 		75.195 		44.519
v -120.576 		75.195 		44.781
v -119.038 		75.195 		41.166
v -119.626 		75.195 		41.128
v -120.79 		75.195 		41.281
v -121.348 		75.195 		41.47
v -122.12 		75.195 		41.894
v -123.783 		75.195 		47.35
v -124.03 		75.195 		46.504
v -124.126 		75.195 		45.628
v -123.36 		75.195 		48.122
v -123.196 		75.195 		42.888
v -123.653 		75.195 		43.642
v -123.972 		75.195 		44.463
v -123.246 		59.0541 		170.142
v -123.0753 		59.0541 		169.9476
v -123.3725 		59.0541 		170.3312
v -123.573 		59.0541 		170.631
v -123.833 		59.0542 		171.159
v -124.022 		59.0542 		171.717
v 189.962 		56.143 		0
v 190 		56.143 		36.119
v 189.9999 		56.143 		36.1177
v 189.962 		56.143 		35.526
v 155.502 		56.143 		0
v 190 		56.143 		213.2986
v 190 		56.143 		131.072
v 189.4676 		56.143 		216.0099
v 189.761 		56.143 		215.1336
v 189.467 		56.143 		216.0116
v 189.062 		56.143 		216.8426
v 189.0628 		56.143 		216.841
v 189.94 		56.143 		214.2246
v 189.9401 		56.143 		214.2228
v 189.7613 		56.143 		215.1318
v 188.553 		56.143 		217.6136
v 188.554 		56.143 		217.6121
v 184.812 		56.143 		220.1446
v 184.8138 		56.143 		220.144
v 185.679 		56.143 		219.8466
v 185.6807 		56.143 		219.8458
v 186.5 		56.143 		219.4366
v 187.95 		56.143 		218.3106
v 187.9512 		56.143 		218.3092
v 186.5016 		56.143 		219.4356
v 187.261 		56.143 		218.9216
v 187.2624 		56.143 		218.9204
v 183.9159 		56.143 		220.3252
v 183.914 		56.143 		220.3256
v 154.962 		56.143 		220.3866
v 153 		56.143 		206.4148
v 153.996 		56.143 		205.1365
v 153.996 		56.143 		205.465
v 153.9933 		56.143 		205.1256
v 153.5546 		56.143 		206.2303
v 153.5462 		56.143 		206.2368
v 153.8888 		56.143 		205.8358
v 153.8879 		56.143 		205.8428
v 153.8861 		56.143 		205.8467
v 153.1971 		56.143 		206.3922
v 153.1918 		56.143 		206.3931
v 153.3157 		56.143 		204.2419
v 153.321 		56.143 		204.2428
v 153 		56.143 		204.1868
v 153.5501 		56.143 		204.3578
v 153.5586 		56.143 		204.3644
v 153.83 		56.143 		204.6378
v 140.1782 		56.143 		205.9606
v 140.1744 		56.143 		205.9528
v 140.678 		56.143 		206.3584
v 140.6719 		56.143 		206.354
v 140.0222 		56.143 		204.9992
v 140.0124 		56.143 		205.4388
v 140.0112 		56.143 		205.4523
v 140.9937 		56.143 		206.4135
v 141 		56.143 		206.4148
v 133 		56.143 		206.4148
v 133.9988 		56.143 		205.2932
v 133.9998 		56.143 		205.3041
v 133.9782 		56.143 		205.0002
v 133.8966 		56.143 		205.843
v 133.895 		56.143 		205.8488
v 133.656 		56.143 		206.1497
v 133.6465 		56.143 		206.1581
v 133.321 		56.143 		206.3588
v 140.678 		56.143 		204.2431
v 140.6843 		56.143 		204.2419
v 141 		56.143 		204.1868
v 140.2474 		56.143 		204.5379
v 140.2561 		56.143 		204.5293
v 140.25 		56.143 		204.5338
v 133.8248 		56.143 		204.6461
v 133.3157 		56.143 		204.2419
v 133.321 		56.143 		204.2428
v 133 		56.143 		204.1868
v 133.554 		56.143 		204.3598
v 133.8186 		56.143 		204.6381
v 133.8218 		56.143 		204.641
v -106.874 		56.549 		92.039
v -110.59 		56.549 		93.233
v 81.6804 		67.795 		48.0551
v 81.713 		67.795 		47.982
v 81.7283 		67.795 		47.9647
v 81.317 		67.795 		49.1371
v 81.3111 		67.795 		49.0461
v 81.7361 		67.795 		50.4413
v 81.7331 		67.795 		50.4386
v 81.7239 		67.795 		50.4274
v 81.7103 		67.795 		50.411
v 81.6964 		67.795 		50.3902
v 81.6863 		67.795 		50.3671
v 81.4119 		67.795 		49.8446
v 81.4096 		67.795 		49.8377
v -109.151 		56.549 		93.647
v -109.151 		56.549 		93.233
v -106.817 		56.549 		93.064
v 142.215 		76.494 		219.359
v -106.687 		56.549 		92.838
v -106.752 		56.549 		92.165
v 141.457 		76.724 		219.298
v -106.679 		56.549 		92.328
v -106.647 		56.549 		92.528
v 142.11 		76.71 		219.412
v 141.568 		76.567 		219.259
v 141.648 		76.402 		219.218
v 68.1708 		59.0444 		49.574
v 67.9761 		59.0445 		50.8639
v 68.0508 		59.0444 		50.4878
v 67.0739 		59.0445 		50.9911
v 67.171 		59.0445 		50.771
v 67.2281 		59.0445 		50.537
v 139.305 		102.753 		40.647
v 67.3777 		59.0444 		49.7841
v 67.383 		59.0444 		49.5436
v 67.8279 		59.0445 		51.3008
v 67.6584 		59.0446 		51.6445
v 139.631 		102.691 		40.632
v 67.326 		59.0446 		52.25
v 66.713 		59.0447 		53.013
v 139.465 		102.715 		40.637
v 65.54 		59.0446 		52.897
v 65.9902 		59.0446 		52.5357
v 66.231 		59.0446 		52.3244
v 66.5916 		59.0446 		51.8741
v 66.7337 		59.0446 		51.6799
v 139.8 		102.684 		40.63
v 81.501 		59.0447 		53.042
v 139.969 		102.691 		40.632
v 78.551 		59.0444 		49.478
v 78.594 		59.0444 		50.13
v 78.829 		59.0445 		51.089
v 79.926 		59.0445 		51.407
v 79.439 		59.0444 		49.704
v 79.564 		59.0445 		50.512
v 81.4045 		59.0444 		49.7994
v 66.221 		59.0447 		53.444
v 67.5 		59.0454 		62.419
v 68.207 		59.0455 		63.126
v 69.812 		59.0456 		64.731
v 70.519 		59.0457 		65.438
v 140.135 		102.715 		40.637
v 120.011 		56.143 		205.1575
v 120.0117 		56.143 		205.1472
v 142.279 		76.269 		219.303
v 141.697 		76.23 		219.176
v 120.0208 		56.143 		205.5971
v 142.3 		76.041 		219.246
v 120.6843 		56.143 		206.3597
v 120.6752 		56.143 		206.3569
v 120.6707 		56.143 		206.3522
v 120.2488 		56.143 		206.066
v 120.1062 		56.143 		205.8506
v 120.1034 		56.143 		205.843
v 119.2111 		56.143 		206.1027
v 121 		56.143 		206.4148
v 143.55 		102.189 		39.561
v 143.7382 		102.135 		39.369
v 71.884 		56.849 		125.193
v 72.721 		56.849 		125.546
v 72.964 		56.849 		125.876
v 120.678 		56.143 		204.2431
v 120.6843 		56.143 		204.2419
v 73.673 		56.849 		125.522
v 120.2561 		56.143 		204.5293
v 120.249 		56.143 		204.5351
v 121 		56.143 		204.1868
v 120.1042 		56.143 		204.7548
v 120.1064 		56.143 		204.7505
v 72.9 		56.849 		126.885
v 72.189 		56.849 		126.88
v 73.045 		56.849 		126.306
v 72.405 		56.849 		126.731
v 72.527 		56.849 		126.064
v 72.527 		56.849 		126.498
v 66.866 		56.849 		127.204
v 113 		56.143 		206.4148
v 66.192 		56.849 		127.378
v 113.9793 		56.143 		205.5919
v 113.979 		56.143 		205.5988
v 67.735 		56.849 		127.348
v 113.9797 		56.143 		205.0316
v 113.9813 		56.143 		205.0382
v 68.748 		56.849 		127.348
v 69.465 		56.849 		127.229
v 113.8256 		56.143 		205.9528
v 113.823 		56.143 		205.9588
v 70.845 		56.849 		127.348
v 71.739 		56.849 		127.348
v 72.465 		56.849 		127.233
v 113.3293 		56.143 		206.3522
v 113.3248 		56.143 		206.3569
v 113.321 		56.143 		206.3588
v 74.265 		56.849 		123.838
v 75.005 		56.849 		123.628
v 75.399 		56.849 		123.682
v 75.728 		56.849 		123.845
v 73.821 		56.849 		124.469
v 74.258 		56.849 		124.695
v 75.005 		56.849 		124.038
v 74.538 		56.849 		124.202
v 75.641 		56.849 		124.4
v 75.375 		56.849 		124.138
v 77.622 		56.849 		123.679
v 77.157 		56.849 		123.679
v 76.185 		56.849 		124.49
v 75.992 		56.849 		124.116
v 74.165 		56.849 		125.518
v 74.541 		56.849 		126.826
v 75.269 		56.849 		126.95
v 75.56 		56.849 		126.733
v 74.259 		56.849 		126.336
v 73.822 		56.849 		126.567
v -135.768 		91.761 		117.999
v 142.279 		75.813 		219.19
v 76.32 		56.849 		125.235
v 75.844 		56.849 		125.518
v 75.821 		56.849 		125.058
v 77.622 		56.849 		125.644
v 77.622 		56.849 		125.23
v 140.447 		77.73 		219.666
v 76.187 		56.849 		126.538
v 75.787 		56.849 		126.165
v 75.996 		56.849 		126.912
v 77.622 		56.849 		126.934
v 81.402 		56.849 		124.034
v 141.05 		77.555 		219.622
v 80.936 		56.849 		124.034
v 140.295 		77.348 		219.453
v 140.757 		77.657 		219.647
v 80.192 		56.849 		123.679
v 80.192 		56.849 		123.986
v 79.268 		56.849 		126.934
v 79.172 		56.849 		125.644
v 79.172 		56.849 		125.23
v 74.268 		56.849 		127.195
v 75.012 		56.849 		127.404
v 75.012 		56.849 		126.99
v 75.733 		56.849 		127.185
v 75.406 		56.849 		127.349
v 77.157 		56.849 		127.348
v 140.757 		77.214 		219.42
v 140.447 		76.85 		219.244
v 140.295 		76.902 		219.257
v -135.768 		91.859 		118.093
v -135.768 		91.948 		118.205
v 79.268 		56.849 		127.348
v 80.192 		56.849 		127.348
v 81.402 		56.849 		126.99
v 80.192 		56.849 		127.038
v 80.936 		56.849 		126.99
v -135.768 		91.654 		117.924
v -135.768 		91.189 		117.837
v -135.768 		91.426 		117.837
v -135.768 		91.542 		117.87
v -135.768 		91.308 		117.826
v 82.262 		56.849 		122.349
v 82.262 		56.849 		121.935
v 83.764 		56.849 		124.09
v 85.362 		56.849 		124.09
v 83.298 		56.849 		123.679
v 82.137 		56.849 		123.986
v 82.137 		56.849 		123.679
v 85.362 		56.849 		123.679
v 86.342 		56.849 		123.679
v 86.808 		56.849 		124.09
v 88.457 		56.849 		123.679
v 88.457 		56.849 		124.09
v 86.808 		56.849 		125.389
v 86.808 		56.849 		126.934
v 86.808 		56.849 		125.803
v -135.717 		90.945 		118.722
v -135.717 		90.985 		118.658
v 88.457 		56.849 		126.934
v 88.361 		56.849 		125.803
v 88.361 		56.849 		125.389
v -135.717 		91.03 		118.602
v -135.717 		91.079 		118.555
v 82.137 		56.849 		127.348
v 82.137 		56.849 		127.038
v 83.764 		56.849 		127.348
v 83.298 		56.849 		127.348
v -135.717 		91.133 		118.517
v 86.342 		56.849 		127.348
v 88.457 		56.849 		127.348
v -107.049 		56.549 		93.619
v -107.066 		56.549 		93.191
v -108.345 		56.549 		93.647
v -107.879 		56.549 		93.248
v 107.673 		56.849 		113.581
v 107.207 		56.849 		113.581
v 110.369 		56.849 		113.581
v 109.677 		56.849 		113.581
v 109.126 		56.849 		113.581
v -113.069 		56.549 		95.426
v -113.546 		56.549 		95.426
v 112.484 		56.849 		113.581
v -112.866 		56.549 		95.681
v -112.866 		56.549 		95.426
v -110.828 		56.549 		95.426
v -111.538 		56.549 		95.681
v -111.538 		56.549 		95.426
v -111.967 		56.549 		95.781
v 140.532 		77.292 		219.439
v -112.433 		56.549 		95.781
v -113.949 		56.549 		96.561
v 140.965 		77.117 		219.396
v 141.153 		77.002 		219.367
v -114.097 		56.549 		96.975
v -108.65 		56.549 		95.426
v -108.528 		56.549 		96.069
v -108.081 		56.549 		95.426
v -108.51 		56.549 		96.069
v -110.362 		56.549 		95.426
v -108.547 		56.549 		96.915
v -110.368 		56.549 		97.676
v -106.41 		56.549 		91.907
v -106.249 		56.549 		92.148
v -106.185 		56.549 		92.925
v 110.835 		56.849 		113.992
v 112.484 		56.849 		113.992
v -106.382 		56.549 		93.288
v -112.866 		56.549 		98.835
v 113.264 		56.849 		113.7
v -112.866 		56.549 		99.094
v 113.89 		56.849 		113.548
v 114.299 		56.849 		113.529
v -112.433 		56.549 		98.735
v -111.538 		56.549 		98.835
v -111.967 		56.549 		98.735
v 114.296 		56.849 		113.925
v -111.538 		56.549 		99.094
v -110.828 		56.549 		99.094
v 113.612 		56.849 		114.022
v 113.264 		56.849 		114.143
v -108.081 		56.549 		99.094
v -108.55 		56.549 		99.094
v -110.262 		56.549 		99.094
v -110.392 		56.549 		98.461
v -110.41 		56.549 		98.461
v 116.537 		56.849 		113.581
v 115.026 		56.849 		113.651
v -119.5894 		56.143 		77.284
v -119.6825 		56.143 		77.3165
v -119.047 		56.143 		77.24
v -119.157 		56.143 		77.2466
v -120.1991 		56.143 		77.5928
v -120.272 		56.143 		77.649
v -119.7499 		56.143 		77.8015
v -119.4986 		56.143 		77.6954
v -119.4052 		56.143 		77.6679
v -119.1282 		56.143 		77.6508
v -119.041 		56.143 		77.6538
v -118.1861 		56.143 		77.5637
v -118.268 		56.143 		77.5186
v -118.588 		56.143 		77.329
v -118.0981 		56.143 		77.6717
v -118.6844 		56.143 		77.7662
v -118.6202 		56.143 		77.7906
v -120.4921 		56.143 		77.9495
v -120.545 		56.143 		78.027
v -120.5779 		56.143 		78.1243
v 115.541 		56.849 		114.134
v -120.7011 		56.143 		79.7375
v 115.638 		56.849 		114.557
v -120.222 		56.143 		79.645
v -120.2312 		56.143 		79.5181
v -120.2468 		56.143 		78.8196
v -120.2152 		56.143 		78.6406
v -120.1036 		56.143 		78.2255
v -120.0672 		56.143 		78.1657
v -119.7995 		56.143 		77.845
v -120.727 		56.143 		78.6643
v -120.695 		56.143 		79.4916
v -119.969 		56.143 		80.821
v -119.9016 		56.143 		80.8489
v -119.3756 		56.143 		80.9886
v -119.295 		56.143 		81
v -119.466 		56.143 		80.552
v -118.9056 		56.143 		80.5286
v -120.302 		56.143 		80.567
v -120.5833 		56.143 		80.0793
v -120.544 		56.143 		80.217
v -120.126 		56.143 		79.94
v -119.847 		56.143 		80.367
v -120.0437 		56.143 		80.0985
v -120.1036 		56.143 		80.0157
v -118.8196 		56.143 		80.5365
v -117.814 		56.143 		78.026
v -117.6409 		56.143 		78.5801
v -117.656 		56.143 		78.467
v -118.57 		56.143 		77.8341
v -118.346 		56.143 		78.026
v -117.6133 		56.143 		79.5382
v -117.6492 		56.143 		78.7125
v -118.1399 		56.143 		79.5833
v -118.2578 		56.143 		78.1923
v -118.2093 		56.143 		78.2882
v -118.1273 		56.143 		78.5996
v -118.1119 		56.143 		78.6833
v -118.0995 		56.143 		79.2982
v -118.1056 		56.143 		79.4842
v -135.768 		90.471 		118.625
v -118.5634 		56.143 		80.9017
v -118.2738 		56.143 		80.7425
v -118.19 		56.143 		80.6823
v -118.7417 		56.143 		80.9298
v -135.768 		90.523 		118.473
v -117.7023 		56.143 		79.9128
v -118.1269 		56.143 		80.5982
v -117.7438 		56.143 		80.0511
v 115.168 		56.849 		114.535
v -118.2085 		56.143 		79.9532
v 115.29 		56.849 		113.803
v -118.4427 		56.143 		80.3075
v -118.489 		56.143 		80.367
v -118.748 		56.143 		80.522
v -121.971 		56.143 		82.312
v -121.971 		56.143 		87.044
v -121.901 		56.143 		89.979
v -122.367 		56.143 		89.979
v 114.781 		56.849 		113.993
v 115.071 		56.849 		114.196
v -115.079 		56.143 		89.979
v -118.4739 		56.143 		89.9965
v -117.802 		56.143 		89.9464
v -117.88 		56.143 		89.935
v -118.381 		56.143 		89.964
v -117.2979 		56.143 		90.0955
v -121.0459 		56.143 		91.463
v -121.7662 		56.143 		91.4092
v -121.901 		56.143 		91.407
v -121.901 		56.143 		91.802
v -121.3906 		56.143 		91.8285
v -121.2204 		56.143 		91.841
v -120.9231 		56.143 		91.9768
v -120.866 		56.143 		92.01
v -119.4778 		56.143 		90.9837
v -119.4185 		56.143 		90.8478
v -119.2664 		56.143 		90.5356
v -118.9363 		56.143 		90.2321
v -118.8368 		56.143 		90.137
v -118.8942 		56.143 		90.8331
v -118.8582 		56.143 		90.7731
v -135.768 		90.589 		118.332
v -120.654 		56.143 		91.617
v -120.793 		56.143 		91.5731
v -120.2984 		56.143 		92.0166
v -120.5989 		56.143 		91.6677
v -120.2587 		56.143 		92.0943
v -119.5691 		56.143 		91.5175
v -119.5781 		56.143 		91.7503
v -119.098 		56.143 		91.706
v -119.0659 		56.143 		91.5393
v -119.0215 		56.143 		91.1843
v -122.367 		56.143 		93.647
v -122.1211 		56.143 		93.6452
v -121.2212 		56.143 		93.1879
v -121.5919 		56.143 		93.248
v -121.901 		56.143 		93.248
v -121.1713 		56.143 		93.6296
v -120.9021 		56.143 		93.5664
v -121.03 		56.143 		93.171
v -119.568 		56.143 		92.224
v -119.3377 		56.143 		92.9457
v -119.0582 		56.143 		92.1938
v -119.0099 		56.143 		92.4403
v -119.0549 		56.143 		92.2893
v -119.433 		56.143 		92.718
v -119.4102 		56.143 		92.8234
v -120.197 		56.143 		92.3152
v -135.768 		90.961 		117.924
v -120.3146 		56.143 		93.1319
v -120.1811 		56.143 		92.6956
v -120.1929 		56.143 		92.4568
v -135.768 		91.073 		117.87
v -120.709 		56.143 		92.253
v -120.689 		56.143 		92.765
v -120.813 		56.143 		93.007
v -119.134 		56.143 		93.261
v -118.801 		56.143 		93.515
v -120.7758 		56.143 		93.5309
v -120.4176 		56.143 		93.2702
v -120.346 		56.143 		93.212
v -117.2316 		56.143 		90.1229
v -116.7874 		56.143 		90.4968
v -117.1589 		56.143 		90.1791
v -117.325 		56.143 		90.566
v -117.1197 		56.143 		90.8712
v -118.6327 		56.143 		90.5398
v -118.5826 		56.143 		90.4965
v -118.3313 		56.143 		90.3896
v -118.2292 		56.143 		90.3602
v -117.953 		56.143 		90.343
v -117.841 		56.143 		90.3577
v -117.585 		56.143 		90.41
v -117.0649 		56.143 		90.9473
v -117.0385 		56.143 		91.0312
v -116.941 		56.143 		91.3691
v -116.923 		56.143 		91.7453
v -116.9186 		56.143 		91.9416
v -116.5758 		56.143 		90.8841
v -116.7334 		56.143 		90.5743
v -116.5343 		56.143 		91.0225
v -116.5413 		56.143 		91.2679
v 118.652 		56.849 		113.581
v 118.652 		56.849 		113.992
v 117.002 		56.849 		113.992
v 120.848 		56.849 		113.581
v 120.382 		56.849 		113.581
v 105.574 		56.849 		118.698
v 106.2 		56.849 		118.547
v 104.794 		56.849 		118.579
v 102.679 		56.849 		118.579
v 81.8532 		59.0447 		53.217
v -115.0939 		56.143 		91.8122
v 81.804 		59.0448 		54.154
v -114.934 		56.143 		91.1173
v -114.824 		56.143 		90.482
v -114.963 		56.143 		91.2872
v -117.3996 		56.143 		93.0986
v -117.4492 		56.143 		93.1414
v 81.5758 		59.0444 		50.2117
v -117.0286 		56.143 		92.5761
v -117.055 		56.143 		92.685
v 81.4263 		59.0444 		49.8721
v -117.1432 		56.143 		92.8504
v 81.41 		59.0444 		49.841
v -117.1788 		56.143 		92.9097
v -117.5131 		56.143 		93.1658
v -118.68 		56.143 		93.062
v -118.7235 		56.143 		93.0108
v -118.7077 		56.143 		93.5479
v -118.2277 		56.143 		93.6798
v -118.1171 		56.143 		93.6864
v -117.7752 		56.143 		93.6895
v -117.5185 		56.143 		93.624
v -117.419 		56.143 		93.604
v -117.8682 		56.143 		93.2782
v -117.946 		56.143 		93.283
v -118.3463 		56.143 		93.2307
v -118.419 		56.143 		93.216
v -117.0181 		56.143 		93.3714
v -116.9369 		56.143 		93.2732
v -117.0998 		56.143 		93.4159
v 143.6399 		102.0439 		39.3545
v 143.378 		101.8015 		39.3161
v -115.552 		56.143 		93.647
v -116.047 		56.143 		93.647
v -116.4531 		56.143 		92.2739
v -116.6115 		56.143 		92.8132
v -116.6528 		56.143 		92.9197
v 141.568 		102.377 		40.351
v -119.7003 		56.143 		97.8523
v 142.605 		102.147 		39.971
v -119.6957 		56.143 		95.9403
v -119.695 		56.143 		95.426
v -120.161 		56.143 		95.426
v 142.215 		102.335 		40.193
v -118.649 		56.143 		95.426
v -118.264 		56.143 		95.426
v 141.952 		102.126 		40.141
v -117.159 		56.143 		95.426
v -117.1586 		56.143 		95.9451
v 141.653 		101.942 		40.095
v -118.438 		56.143 		96.102
v -118.423 		56.143 		96.102
v -115.72 		56.143 		95.426
v -116.19 		56.143 		95.426
v -116.689 		56.143 		95.426
v 141.322 		102.226 		40.313
v -117.1539 		56.143 		97.8704
v -115.314 		56.143 		96.561
v -115.166 		56.143 		96.975
v -114.609 		56.143 		89.979
v 141.322 		101.788 		40.057
v -114.663 		56.143 		91.362
v -120.161 		56.143 		99.094
v -119.743 		56.143 		98.635
v -119.7331 		56.143 		98.4446
v -119.725 		56.143 		98.635
v 143.235 		102.29 		39.807
v -119.436 		56.143 		99.094
v 142.947 		101.988 		39.732
v -116.689 		56.143 		99.094
v -114.844 		56.143 		99.109
v -117.384 		56.143 		99.094
v 143.235 		101.86 		39.479
v -117.1297 		56.143 		98.4471
v -117.122 		56.143 		98.632
v -117.144 		56.143 		98.632
v 143.2094 		101.6795 		39.2967
v 142.862 		101.562 		39.405
v 142.966 		101.5039 		39.2688
v 142.605 		101.715 		39.664
v -114.633 		56.143 		98.606
v -114.419 		56.143 		99.109
v 103.145 		56.849 		118.99
v 103.145 		56.849 		120.288
v 103.145 		56.849 		120.702
v 104.794 		56.849 		118.99
v 105.574 		56.849 		119.141
v 105.922 		56.849 		119.02
v 142.3 		101.904 		39.911
v 142.215 		101.476 		39.604
v 106.03 		56.849 		120.543
v 141.952 		101.691 		39.858
v 141.568 		101.511 		39.813
v 104.698 		56.849 		120.288
v 104.698 		56.849 		120.702
v 102.679 		56.849 		122.246
v 103.145 		56.849 		121.833
v 141.783 		101.274 		39.554
v 141.965 		101.081 		39.286
v 142.0136 		101.0318 		39.1939
v 142.2011 		101.1131 		39.2068
v 142.5088 		101.2464 		39.228
v 142.436 		101.301 		39.34
v 142.725 		101.3684 		39.2473
v 141.6461 		100.9134 		39.1751
v 141.457 		100.905 		39.242
v 141.4871 		100.8622 		39.167
v 141.318 		101.113 		39.515
v 105.622 		56.849 		121.367
v 105.722 		56.849 		120.892
v 105.712 		56.849 		121.751
v 104.794 		56.849 		121.833
v 106.205 		56.849 		121.007
v 140.588 		101.575 		40.004
v 140.965 		101.664 		40.026
v 106.088 		56.849 		121.36
v 106.169 		56.849 		121.652
v 106.412 		56.849 		121.827
v 141.05 		102.099 		40.282
v 106.065 		56.849 		122.12
v 104.794 		56.849 		122.246
v 140.757 		101.998 		40.257
v 107.673 		56.849 		115.093
v 107.673 		56.849 		115.493
v 140.447 		101.924 		40.238
v 108.246 		56.849 		115.093
v 108.445 		56.849 		115.538
v 140.532 		102.363 		40.465
v 140.295 		102.306 		40.451
v 108.679 		56.849 		115.218
v 109.084 		56.849 		115.447
v 139.305 		102.306 		40.451
v -135.768 		90.756 		118.093
v -135.768 		90.855 		117.999
v 73.728 		59.0437 		41.7
v 66.928 		59.0441 		46.189
v 66.221 		59.044 		45.511
v -135.768 		90.667 		118.205
v 66.5002 		59.0442 		46.8776
v 66.305 		59.0441 		46.6224
v 65.7278 		59.0441 		46.1164
v 65.54 		59.0441 		45.966
v 67.7572 		59.0442 		47.5404
v 68.0522 		59.0443 		48.4105
v 68.0898 		59.0443 		48.5992
v 68.096 		59.0443 		48.8873
v 67.653 		59.0442 		47.272
v 67.3703 		59.0443 		48.9663
v 67.3079 		59.0443 		48.6523
v 67.171 		59.0443 		48.092
v 66.841 		59.0442 		47.344
v 81.6839 		59.044 		44.87
v 81.051 		59.044 		45.148
v 80.6678 		59.044 		45.4041
v 79.403 		59.0441 		46.706
v 80.3632 		59.0441 		45.6379
v 80.016 		59.0441 		45.942
v 81.7305 		59.0441 		45.7176
v 81.4432 		59.0441 		45.8595
v 81.1228 		59.0441 		46.0725
v 80.882 		59.0441 		46.2836
v 80.465 		59.0441 		46.683
v 78.932 		59.0442 		47.565
v 78.658 		59.0443 		48.505
v 79.981 		59.0442 		47.344
v 79.652 		59.0443 		48.092
v 79.457 		59.0443 		48.886
v 81.3466 		59.0443 		48.7964
v 81.3551 		59.0443 		48.7771
v -135.852 		90.148 		118.163
v -135.852 		90.245 		117.955
v -135.852 		90.361 		117.767
v 81.3629 		59.0443 		48.7654
v 81.713 		59.0442 		47.982
v 81.8767 		59.0442 		47.7966
v -135.852 		92.123 		117.602
v 81.9083 		59.0442 		47.7689
v 81.3411 		59.0443 		48.824
v -135.852 		91.654 		117.272
v -135.852 		91.82 		117.352
v -135.852 		91.977 		117.463
v -135.968 		91.977 		116.81
v -135.852 		91.308 		117.206
v -135.852 		91.482 		117.223
v 64.7393 		67.795 		50.1832
v 64.7385 		67.795 		50.1849
v 64.5274 		67.795 		50.4723
v 64.5109 		67.795 		50.5017
v 64.1972 		67.795 		50.7979
v 63.6563 		67.795 		51.082
v 63.6211 		67.795 		51.0939
v 63.5959 		67.795 		51.0989
v 64.4751 		67.795 		50.5399
v 64.4931 		67.795 		50.5219
v 64.254 		67.795 		50.7525
v 64.9678 		67.795 		49.5104
v 64.9834 		67.795 		49.4322
v 61.9674 		67.795 		50.9081
v 61.7045 		67.795 		50.716
v 63.0707 		67.795 		51.1874
v 63.0195 		67.795 		51.1825
v 62.0484 		67.795 		50.95
v 62.017 		67.795 		50.9383
v 62.3639 		67.795 		51.0888
v 61.6726 		67.795 		50.688
v 62.3816 		67.795 		51.0949
v -135.852 		90.795 		117.352
v -135.852 		90.961 		117.272
v 61.334 		67.795 		50.2967
v 61.1122 		67.795 		49.8454
v 61.1014 		67.795 		49.7787
v 61.0093 		67.795 		49.3128
v 61.1095 		67.795 		49.8376
v 61.3491 		67.795 		50.3194
v -135.852 		90.638 		117.463
v 63.6075 		67.795 		47.3018
v 63.641 		67.795 		47.31
v -135.852 		90.492 		117.602
v 63.6866 		67.795 		47.3342
v 64.0139 		67.795 		47.4782
v 64.3914 		67.795 		47.7682
v 64.8696 		67.795 		48.5168
v 64.89 		67.795 		48.558
v 64.7256 		67.795 		48.1904
v 64.4356 		67.795 		47.8129
v 64.9834 		67.795 		48.9563
v 64.9748 		67.795 		48.9054
v 62.9045 		67.795 		47.2088
v 62.359 		67.795 		47.31
v 62.87 		67.795 		47.208
v 61.9904 		67.795 		47.4744
v 61.4552 		67.795 		47.943
v 62.3177 		67.795 		47.3303
v -135.968 		90.242 		117.136
v 61.3932 		67.795 		48.017
v 61.117 		67.795 		48.5422
v 61.0166 		67.795 		48.9563
v 61.0322 		67.795 		48.8896
v -135.968 		90.638 		116.81
v 61.4206 		67.795 		47.9734
v -135.852 		91.133 		117.223
v 50.145 		59.0457 		65.438
v 49.438 		59.0456 		64.731
v -135.968 		90.433 		116.955
v 61.43 		59.0448 		54.154
v 62.7551 		59.0448 		54.4505
v 65.384 		59.0447 		53.953
v 64.472 		59.0448 		54.308
v 63.83 		59.0448 		54.435
v 63.1391 		59.0448 		54.4505
v 109.326 		56.849 		115.775
v 109.407 		56.849 		116.207
v 62.4329 		59.0448 		54.3678
v 61.7497 		59.0448 		54.2627
v 63.9581 		59.0447 		53.5349
v 63.7177 		59.0447 		53.5402
v 64.5128 		59.0447 		53.3733
v 64.823 		59.0447 		53.29
v 108.89 		56.849 		116.399
v 61.9602 		59.0447 		53.4036
v 62.1983 		59.0447 		53.4407
v 108.768 		56.849 		116.632
v 61.6639 		59.0447 		53.2809
v 62.7593 		59.0447 		53.5783
v 63.144 		59.0447 		53.603
v 108.765 		56.849 		115.722
v 108.901 		56.849 		116.074
v 108.102 		56.849 		117.249
v 108.445 		56.849 		116.807
v 107.207 		56.849 		117.249
v 107.673 		56.849 		116.85
v 106.609 		56.849 		118.528
v 107.171 		56.849 		118.603
v 110.369 		56.849 		117.249
v 109.262 		56.849 		116.786
v 108.827 		56.849 		117.133
v 109.379 		56.849 		118.579
v 108.913 		56.849 		118.579
v 110.835 		56.849 		115.704
v 110.835 		56.849 		115.29
v 112.388 		56.849 		115.704
v 112.388 		56.849 		115.29
v 113.845 		56.849 		115.471
v 113.538 		56.849 		115.707
v 114.499 		56.849 		115.178
v 113.312 		56.849 		116.369
v 113.859 		56.849 		116.654
v 113.412 		56.849 		115.894
v 113.895 		56.849 		116.008
v 113.778 		56.849 		116.362
v 111.971 		56.849 		118.579
v 112.484 		56.849 		117.249
v 112.484 		56.849 		116.835
v 110.835 		56.849 		116.835
v 113.754 		56.849 		117.121
v 114.17 		56.849 		117.274
v 114.649 		56.849 		116.876
v 114.102 		56.849 		116.829
v 139.8 		101.502 		39.986
v 139.403 		101.52 		39.991
v 113.401 		56.849 		116.753
v 140.197 		101.52 		39.991
v 139.8 		102.261 		40.439
v 114.034 		56.849 		118.579
v 140.05 		102.272 		40.442
v 140.126 		101.88 		40.227
v 139.474 		101.88 		40.227
v 139.55 		102.272 		40.442
v 107.6 		56.849 		118.801
v 106.606 		56.849 		118.923
v 107.09 		56.849 		118.991
v 107.851 		56.849 		119.132
v 107.478 		56.849 		119.533
v 107.459 		56.849 		119.693
v 107.381 		56.849 		119.194
v 139.8 		101.865 		40.224
v 107.948 		56.849 		119.556
v 107.798 		56.849 		120.075
v 107.352 		56.849 		119.879
v 106.809 		56.849 		120.176
v 106.51 		56.849 		120.788
v 107.558 		56.849 		120.316
v 106.924 		56.849 		120.617
v 140.715 		101.264 		39.752
v 141.153 		101.368 		39.777
v 140.9377 		100.7407 		39.1477
v 140.921 		100.778 		39.21
v 140.365 		100.701 		39.191
v 140.4924 		100.6828 		39.1385
v 109.379 		56.849 		120.543
v 140.318 		100.926 		39.468
v 140.827 		100.997 		39.486
v 109.379 		56.849 		120.129
v 106.653 		56.849 		122.285
v 107.874 		56.849 		122.103
v 107.711 		56.849 		121.689
v 140.3724 		100.6674 		39.1361
v 107.2 		56.849 		122.277
v 141.0729 		100.7707 		39.1525
v 106.958 		56.849 		121.874
v 108.913 		56.849 		122.246
v 109.379 		56.849 		121.833
v 140.261 		101.201 		39.736
v 139.8 		100.902 		39.462
v 139.8 		101.18 		39.731
v 110.928 		56.849 		120.543
v 110.928 		56.849 		120.129
v 139.8 		100.675 		39.185
v 112.437 		56.849 		118.99
v 139.282 		100.926 		39.468
v 114.681 		56.849 		120.421
v 139.339 		101.201 		39.736
v 114.034 		56.849 		118.99
v 139.8 		100.6422 		39.1321
v 139.9143 		100.6473 		39.1329
v 111.024 		56.849 		121.833
v 111.024 		56.849 		122.246
v 139.3448 		100.6621 		39.1352
v 111.971 		56.849 		122.246
v 112.437 		56.849 		122.246
v 138.635 		105.599 		41.003
v 139.012 		105.688 		41.025
v 138.278 		105.476 		40.972
v -136.482 		93.271 		116.315
v 138.843 		105.229 		41.059
v -136.935 		93.594 		115.853
v -136.482 		93.511 		116.705
v 139.153 		105.303 		41.077
v 138.55 		105.128 		41.034
v 138.278 		105.001 		41.002
v -136.7 		93.451 		116.058
v -136.7 		93.712 		116.484
v 139.068 		104.836 		41.079
v 138.843 		104.759 		41.059
v 138.635 		104.661 		41.035
v -136.935 		93.873 		116.308
v -137 		93.9038 		116.2743
v -137 		93.9683 		116.4125
v 138.447 		104.546 		41.007
v -137 		93.6214 		115.8141
v -137 		93.6982 		115.9391
v -136.286 		93.058 		116.62
v -136.286 		92.814 		116.315
v -136.482 		92.998 		115.973
v -136.286 		92.255 		115.853
v -136.286 		92.545 		116.058
v 138.032 		104.85 		40.965
v -136.113 		92.373 		116.484
v -136.113 		92.605 		116.705
v 139.012 		104.307 		41.033
v 139.153 		104.373 		41.049
v 138.773 		104.14 		40.991
v 138.282 		104.414 		40.974
v 138.885 		104.229 		41.013
v 138.679 		104.042 		40.967
v 139.235 		103.811 		40.961
v -136.935 		93.276 		115.455
v -137 		93.3871 		115.5208
v -137 		93.2997 		115.4111
v -136.7 		92.823 		115.37
v -136.482 		92.696 		115.684
v -136.482 		92.37 		115.455
v -136.7 		92.468 		115.119
v -136.935 		92.924 		115.119
v -136.7 		93.153 		115.684
v -136.935 		92.545 		114.852
v 138.8298 		107.1297 		40.1617
v 139.17 		107.113 		40.293
v 139.1609 		107.1773 		40.1693
v 138.5333 		107.0868 		40.1549
v 138.55 		107.027 		40.272
v -137 		93.0403 		115.1635
v 138.604 		106.854 		40.481
v 139.197 		106.937 		40.501
v -137 		92.6642 		114.8744
v -137 		92.9435 		115.0711
v -137 		92.5597 		114.801
v 139.235 		106.707 		40.682
v 138.679 		106.63 		40.663
v 137.952 		106.885 		40.237
v 137.9297 		106.9368 		40.1311
v 137.6835 		106.848 		40.117
v 137.385 		106.689 		40.188
v 137.3604 		106.7309 		40.0984
v 138.2393 		107.0136 		40.1433
v 138.032 		106.718 		40.447
v 137.49 		106.531 		40.4
v 138.143 		106.502 		40.631
v 137.1727 		106.6387 		40.0838
v 138.885 		106.042 		40.938
v 138.773 		106.357 		40.816
v 138.282 		106.241 		40.787
v 138.447 		105.938 		40.912
v -124.176 		56.143 		131.072
v -119.601 		56.549 		77.288
v -119.047 		56.549 		77.24
v -120.263 		56.549 		77.642
v -119.434 		56.549 		77.671
v -119.079 		56.549 		77.649
v -119.756 		56.549 		77.807
v -118.588 		56.549 		77.329
v -118.178 		56.549 		77.572
v -118.622 		56.549 		77.793
v -120.545 		56.549 		78.027
v -120.695 		56.549 		79.779
v -120.222 		56.549 		79.645
v -120.242 		56.549 		78.75
v -120.099 		56.549 		78.218
v -120.736 		56.549 		78.719
v -119.969 		56.549 		80.821
v -119.295 		56.549 		81
v -119.466 		56.549 		80.552
v -120.302 		56.549 		80.567
v -120.544 		56.549 		80.217
v -119.847 		56.549 		80.367
v -120.099 		56.549 		80.023
v -117.814 		56.549 		78.026
v -117.656 		56.549 		78.467
v -118.335 		56.549 		78.039
v -117.61 		56.549 		79.525
v -118.101 		56.549 		79.439
v -118.117 		56.549 		78.651
v -118.222 		56.549 		78.252
v -118.586 		56.549 		80.91
v -118.215 		56.549 		80.706
v -118.748 		56.549 		80.522
v -117.724 		56.549 		80.005
v -118.489 		56.549 		80.367
v -118.189 		56.549 		79.913
v -122.367 		56.549 		89.979
v -121.901 		56.549 		89.979
v -115.079 		56.549 		89.979
v -118.381 		56.549 		89.964
v -117.88 		56.549 		89.935
v -121.901 		56.549 		91.407
v -121.901 		56.549 		91.802
v -120.978 		56.549 		91.476
v -120.866 		56.549 		92.01
v -121.247 		56.549 		91.836
v -119.464 		56.549 		90.933
v -119.269 		56.549 		90.533
v -118.846 		56.549 		90.144
v -118.878 		56.549 		90.801
v -120.654 		56.549 		91.617
v -120.269 		56.549 		92.064
v -119.581 		56.549 		91.617
v -119.098 		56.549 		91.706
v -119.041 		56.549 		91.251
v -122.367 		56.549 		93.647
v -121.505 		56.549 		93.248
v -121.901 		56.549 		93.248
v -121.03 		56.549 		93.171
v -121.15 		56.549 		93.627
v -120.19 		56.549 		92.347
v -120.813 		56.549 		93.007
v -120.689 		56.549 		92.765
v -120.175 		56.549 		92.653
v -120.709 		56.549 		92.253
v -119.568 		56.549 		92.224
v -119.047 		56.549 		92.331
v -119.395 		56.549 		92.857
v -118.801 		56.549 		93.515
v -119.134 		56.549 		93.261
v -120.346 		56.549 		93.212
v -120.805 		56.549 		93.546
v -118.589 		56.549 		90.502
v -118.267 		56.549 		90.365
v -117.913 		56.549 		90.343
v -117.234 		56.549 		90.126
v -116.758 		56.549 		90.533
v -117.325 		56.549 		90.566
v -117.062 		56.549 		90.957
v -117.585 		56.549 		90.41
v -116.914 		56.549 		91.872
v -116.937 		56.549 		91.39
v -116.556 		56.549 		90.93
v -114.965 		56.549 		91.296
v -114.824 		56.549 		90.482
v -117.451 		56.549 		93.139
v -117.168 		56.549 		92.897
v -117.055 		56.549 		92.685
v -118.68 		56.549 		93.062
v -118.186 		56.549 		93.684
v -117.748 		56.549 		93.688
v -117.419 		56.549 		93.604
v -118.419 		56.549 		93.216
v -117.906 		56.549 		93.283
v -117.01 		56.549 		93.363
v -115.552 		56.549 		93.647
v -116.047 		56.549 		93.647
v -116.443 		56.549 		92.219
v -116.646 		56.549 		92.91
v -119.701 		56.549 		97.876
v -119.695 		56.549 		95.426
v -120.161 		56.549 		95.426
v -118.649 		56.549 		95.426
v -118.264 		56.549 		95.426
v -118.438 		56.549 		96.102
v -117.159 		56.549 		95.426
v -118.423 		56.549 		96.102
v -116.689 		56.549 		95.426
v -115.72 		56.549 		95.426
v -116.19 		56.549 		95.426
v -117.153 		56.549 		97.893
v -115.314 		56.549 		96.561
v -115.166 		56.549 		96.975
v -114.609 		56.549 		89.979
v -114.663 		56.549 		91.362
v -120.161 		56.549 		99.094
v 64.8067 		59.0444 		50.0306
v 64.7943 		59.0444 		50.0477
v 64.5823 		59.0444 		50.4233
v 64.218 		59.0445 		50.787
v 63.641 		59.0445 		51.09
v 64.9868 		59.0444 		49.1526
v 64.8203 		59.0444 		49.9908
v 64.2332 		59.0445 		50.7724
v 62 		59.0445 		50.932
v 61.684 		59.0445 		50.701
v 63.1575 		59.0445 		51.1856
v 63.1265 		59.0445 		51.1908
v 62.5768 		59.0445 		51.1388
v 62.5388 		59.0445 		51.1335
v 62.5194 		59.0445 		51.125
v 58.177 		59.0444 		49.478
v 58.455 		59.0445 		51.089
v 58.22 		59.0444 		50.13
v 61.127 		59.0447 		53.042
v 59.551 		59.0445 		51.407
v 59.065 		59.0444 		49.704
v 59.19 		59.0445 		50.512
v 59.2415 		59.0445 		50.6645
v 59.4963 		59.0445 		51.2961
v 61.1296 		59.0447 		53.0438
v 61.34 		59.0444 		50.309
v 61.11 		59.0444 		49.841
v 61.0182 		59.0444 		49.173
v 63.641 		59.0442 		47.31
v 64.1302 		59.0442 		47.5692
v 64.1495 		59.0442 		47.5778
v 64.1718 		59.0442 		47.5949
v 64.6629 		59.0443 		48.0969
v 64.6714 		59.0443 		48.1161
v 64.89 		59.0443 		48.558
v 64.895 		59.0443 		48.5785
v 64.6458 		59.0443 		48.0746
v 64.9868 		59.0443 		49.1244
v 63.24 		59.0442 		47.2165
v 63.2815 		59.0442 		47.222
v 62.359 		59.0442 		47.31
v 62.87 		59.0442 		47.208
v 61.8653 		59.0442 		47.5638
v 61.8969 		59.0442 		47.5361
v 61.4944 		59.0442 		47.8893
v 61.9162 		59.0442 		47.5276
v 64.0793 		59.044 		45.3733
v 63.8479 		59.044 		45.3059
v 64.823 		59.044 		45.573
v 63.5285 		59.044 		45.285
v 62.952 		59.044 		45.273
v 62.3811 		59.044 		45.3598
v 62.0668 		59.044 		45.4219
v 61.7019 		59.044 		45.5468
v 140.126 		77.775 		219.677
v 100.7686 		56.143 		206.3795
v 100.3496 		56.143 		206.1562
v 100.105 		56.143 		205.8488
v 100.1034 		56.143 		205.843
v 100.011 		56.143 		205.4506
v 100.344 		56.143 		206.1497
v 140.05 		77.382 		219.462
v 101 		56.143 		206.4148
v 100.7777 		56.143 		206.3823
v 100.7724 		56.143 		206.3814
v 100.0124 		56.143 		205.4388
v 100.0222 		56.143 		204.9992
v 113.3157 		56.143 		204.2419
v 113.321 		56.143 		204.2428
v 113 		56.143 		204.1868
v 140.135 		76.94 		219.267
v 113.5502 		56.143 		204.3578
v 113.8855 		56.143 		204.7443
v 113.8926 		56.143 		204.7491
v 113.8952 		56.143 		204.7533
v 139.969 		76.963 		219.272
v 100.6843 		56.143 		204.2419
v 101 		56.143 		204.1868
v 100.678 		56.143 		204.2431
v 100.2561 		56.143 		204.5293
v -119.725 		56.549 		98.635
v -119.743 		56.549 		98.635
v -119.436 		56.549 		99.094
v -116.689 		56.549 		99.094
v -117.384 		56.549 		99.094
v -114.844 		56.549 		99.109
v -117.144 		56.549 		98.632
v -117.122 		56.549 		98.632
v -117.376 		59.0444 		49.525
v -117.904 		59.0444 		49.785
v -118.75 		59.0444 		50.032
v -120.4919 		59.0444 		50.034
v -120.4713 		59.0444 		50.0354
v -119.626 		59.0444 		50.128
v 137.817 		106.08 		40.748
v -121.348 		59.0444 		49.785
v -122.12 		59.0444 		49.361
v 137.635 		106.327 		40.588
v -120.5255 		59.0444 		50.0254
v -121.3419 		59.0444 		49.7871
v 138.032 		105.795 		40.876
v 137.385 		105.879 		40.697
v 137.648 		105.615 		40.832
v 100.25 		56.143 		204.5338
v 100.2474 		56.143 		204.5379
v 81.92 		56.143 		220.3866
v 140.588 		76.784 		219.228
v 140.715 		76.706 		219.208
v 137.947 		105.321 		40.934
v 137.648 		105.137 		40.888
v 140.827 		76.617 		219.186
v 59.642 		59.0441 		45.942
v 59.029 		59.0441 		46.706
v 60.091 		59.0441 		46.683
v 58.284 		59.0443 		48.505
v 58.558 		59.0442 		47.565
v 140.921 		76.518 		219.162
v 61.0128 		59.0444 		49.1455
v 59.607 		59.0442 		47.344
v 59.278 		59.0443 		48.092
v 59.083 		59.0443 		48.886
v 60.405 		59.044 		45.33
v 60.508 		59.0441 		46.2836
v 61.4149 		59.0441 		45.6887
v 60.7488 		59.0441 		46.0725
v 61.1848 		59.0443 		48.3886
v 61.2011 		59.0443 		48.3576
v 93 		56.143 		206.4148
v 93.9998 		56.143 		205.3041
v 93.8966 		56.143 		205.843
v 93.9988 		56.143 		205.2932
v 93.9782 		56.143 		205.0002
v 93.8938 		56.143 		205.8506
v 93.5584 		56.143 		206.2371
v 93.554 		56.143 		206.2418
v 93.3248 		56.143 		206.3569
v 93.321 		56.143 		206.3588
v 93.8248 		56.143 		204.6461
v 93.3157 		56.143 		204.2419
v 93.321 		56.143 		204.2428
v 93 		56.143 		204.1868
v 93.554 		56.143 		204.3598
v 93.8186 		56.143 		204.6381
v 93.8218 		56.143 		204.641
v 80.0112 		56.143 		205.4523
v 80.0109 		56.143 		205.4445
v 80.1782 		56.143 		205.9606
v 80.1744 		56.143 		205.9528
v 80.6843 		56.143 		206.3597
v 81 		56.143 		206.4148
v 80.6719 		56.143 		206.354
v 80.6752 		56.143 		206.3569
v 73.9891 		56.143 		205.4445
v 73.989 		56.143 		205.4506
v 73.895 		56.143 		205.8488
v 73.8926 		56.143 		205.8524
v 73.9771 		56.143 		204.9977
v 73.9793 		56.143 		205.0049
v 73.8966 		56.143 		205.843
v 77.485 		56.143 		204.8
v 73 		56.143 		206.4148
v 73.3281 		56.143 		206.354
v 73.321 		56.143 		206.3588
v 80.678 		56.143 		204.2431
v 80.6843 		56.143 		204.2419
v 80.2561 		56.143 		204.5293
v 80.249 		56.143 		204.5351
v 80.2459 		56.143 		204.5437
v 80.2468 		56.143 		204.5394
v 81 		56.143 		204.1868
v 73.7519 		56.143 		204.5364
v 73.8945 		56.143 		204.7518
v 73.7429 		56.143 		204.529
v 73 		56.143 		204.1868
v 73.3157 		56.143 		204.2419
v 73.321 		56.143 		204.2428
v 57.344 		56.143 		212.992
v 60.0112 		56.143 		205.4523
v 60.0109 		56.143 		205.4445
v 60.679 		56.143 		206.3588
v 60.6752 		56.143 		206.3569
v 60.6707 		56.143 		206.3522
v 60.177 		56.143 		205.9588
v 60.1744 		56.143 		205.9528
v 61 		56.143 		206.4148
v 53.9792 		56.143 		205.011
v 53.8965 		56.143 		205.843
v 53.9793 		56.143 		205.0049
v 53.7524 		56.143 		206.0642
v 53.75 		56.143 		206.0678
v 53.895 		56.143 		205.8488
v 53.4736 		56.143 		206.2861
v 53.0053 		56.143 		206.4138
v 53 		56.143 		206.4148
v 53.9771 		56.143 		204.9977
v 53.4665 		56.143 		206.2909
v 61 		56.143 		204.1868
v 60.678 		56.143 		204.2431
v 60.6843 		56.143 		204.2419
v 60.2459 		56.143 		204.5437
v 60.2468 		56.143 		204.5394
v 60.2561 		56.143 		204.5293
v 60.249 		56.143 		204.5351
v 53.3157 		56.143 		204.2419
v 53.321 		56.143 		204.2428
v 53 		56.143 		204.1868
v 53.7519 		56.143 		204.5364
v 53.8945 		56.143 		204.7518
v 142.818 		75.745 		219.32
v 143.305 		75.679 		219.479
v 142.74 		75.472 		219.253
v 143.215 		75.362 		219.4
v 142.612 		75.208 		219.187
v 143.066 		75.055 		219.324
v 142.862 		74.765 		219.252
v 142.605 		74.496 		219.185
v 143.235 		74.59 		219.409
v 142.947 		74.288 		219.334
v 142.605 		74.015 		219.266
v 143.235 		74.107 		219.509
v 142.862 		73.809 		219.435
v -136.113 		91.586 		116.102
v -135.968 		91.536 		116.641
v -135.968 		91.308 		116.62
v -136.113 		91.308 		116.076
v -136.113 		91.859 		116.18
v -135.968 		91.761 		116.705
v 142.215 		73.776 		219.206
v -136.113 		92.123 		116.308
v 141.713 		76.055 		219.132
v 141.697 		75.88 		219.089
v -136.113 		91.03 		116.102
v -135.968 		91.079 		116.641
v -135.968 		90.855 		116.705
v -136.113 		90.756 		116.18
v -136.286 		90.361 		115.853
v -136.113 		90.492 		116.308
v -136.113 		90.242 		116.484
v 141.05 		76.3 		219.108
v 140.318 		76.35 		219.068
v 140.365 		76.3 		219.056
v 140.996 		76.412 		219.135
v 141.083 		76.184 		219.079
v -136.286 		91.308 		115.584
v -136.286 		91.631 		115.614
v -136.286 		91.948 		115.705
v 141.094 		76.066 		219.049
v 141.083 		75.947 		219.02
v -136.482 		91.308 		115.153
v -136.482 		91.67 		115.187
v -136.482 		92.026 		115.288
v -136.7 		92.092 		114.937
v 141.05 		75.831 		218.991
v -136.7 		91.703 		114.827
v -136.7 		91.308 		114.79
v 140.43 		76.19 		219.029
v 140.403 		76.247 		219.043
v 140.447 		76.131 		219.014
v -114.633 		56.549 		98.606
v -114.419 		56.549 		99.109
v -105.202 		56.143 		38.887
v 140.453 		76.072 		218.999
v 140.447 		76.012 		218.984
v 140.43 		75.954 		218.97
v -106.61 		130.4 		0
v -106.61 		87.662 		34.035
v -115.164 		59.0441 		46.215
v -115.468 		59.0442 		47.35
v -116.056 		59.0443 		48.367
v -116.665 		59.0443 		49.004
v -118.5104 		59.0441 		46.1984
v -118.4919 		59.0441 		46.1544
v -118.4345 		59.0441 		45.8179
v -118.4308 		59.0441 		45.7789
v -118.4882 		59.044 		45.3662
v -118.495 		59.044 		45.332
v -122.808 		59.0443 		48.81
v -120.8254 		59.044 		45.0663
v -121.0055 		59.044 		45.5426
v -121.0176 		59.0441 		45.5887
v -121.0275 		59.0441 		45.7413
v -120.9387 		59.0441 		46.188
v -120.9136 		59.0441 		46.2743
v -120.7108 		59.0441 		46.5964
v -120.5457 		59.0442 		46.7543
v -120.4961 		59.0442 		46.7955
v -120.087 		59.0442 		46.9974
v -120.0458 		59.0442 		47.0114
v -119.5165 		59.0442 		47.0258
v -119.4604 		59.0442 		47.0204
v -118.8611 		59.0441 		46.7037
v -118.7885 		59.0441 		46.6505
v -120.8593 		59.044 		45.111
v 115.431 		56.849 		115.163
v 115.546 		56.849 		114.991
v 114.976 		56.849 		115.469
v 115.043 		56.849 		114.881
v -119.0396 		59.0442 		46.8464
v 115.401 		56.849 		116.691
v 117.002 		56.849 		115.29
v 117.002 		56.849 		115.704
v 118.556 		56.849 		115.29
v 118.556 		56.849 		115.704
v 115.564 		56.849 		117.105
v 116.537 		56.849 		117.249
v 114.89 		56.849 		117.279
v 116.013 		56.849 		118.528
v 115.273 		56.849 		118.738
v 116.407 		56.849 		118.582
v 116.736 		56.849 		118.745
v 117.994 		56.849 		118.579
v 118.46 		56.849 		118.579
v 117.002 		56.849 		116.835
v 118.652 		56.849 		117.249
v 118.652 		56.849 		116.835
v -115.164 		59.044 		45.041
v -115.275 		59.044 		44.4832
v -115.2836 		59.044 		44.4496
v -118.7731 		59.044 		44.8807
v 119.332 		56.849 		116.835
v 119.332 		56.849 		117.249
v 120.382 		56.849 		116.835
v -115.7178 		59.0439 		43.4025
v -115.7185 		59.0439 		43.4011
v 121.078 		56.849 		118.579
v -116.0833 		59.0438 		42.8607
v -116.0347 		59.0438 		42.9272
v 121.544 		56.849 		118.579
v 120.848 		56.849 		116.835
v -118.4386 		59.0437 		41.2899
v -117.3892 		59.0437 		41.7251
v 121.896 		56.849 		116.835
v 121.896 		56.849 		117.249
v -116.9153 		59.0438 		42.0414
v -116.886 		59.0438 		42.058
v -118.8484 		59.044 		44.8
v -119.2697 		59.044 		44.5385
v -119.4904 		59.044 		44.4748
v -119.8699 		59.044 		44.4595
v -119.9215 		59.044 		44.4652
v -120.353 		59.044 		44.6114
v -120.3975 		59.044 		44.6384
v -120.6899 		59.044 		44.8815
v -119.227 		59.044 		44.547
v 116.705 		56.849 		119.443
v 116.013 		56.849 		118.938
v 115.546 		56.849 		119.102
v 116.383 		56.849 		119.038
v -122.3923 		59.0438 		42.0853
v -122.3569 		59.0438 		42.0526
v 114.829 		56.849 		119.369
v -121.6287 		59.0437 		41.6097
v -121.6033 		59.0437 		41.5957
v 115.266 		56.849 		119.594
v -121.585 		59.0437 		41.5895
v -119.0573 		59.0437 		41.1647
v -119.038 		59.0437 		41.166
v -119.0956 		59.0437 		41.1698
v -120.79 		59.0437 		41.281
v 115.173 		56.849 		120.417
v -118.9966 		59.0437 		41.1787
v 117 		56.849 		119.016
v 61.0132 		59.0443 		49.1244
v -123.783 		59.0442 		47.35
v -123.7911 		59.0442 		47.3222
v 61.1797 		59.0443 		48.4092
v -124.0851 		59.0441 		46.2245
v -124.126 		59.0441 		45.628
v -124.0883 		59.044 		45.0603
v -124.1228 		59.0441 		45.6568
v -123.36 		59.0443 		48.122
v -123.8862 		59.044 		44.2324
v -123.8811 		59.0439 		44.1941
v -123.8706 		59.0439 		44.1671
v -123.5273 		59.0439 		43.3867
v -123.0234 		59.0438 		42.699
v -123.0084 		59.0438 		42.6743
v 62.525 		59.044 		44.52
v 63.4458 		59.044 		44.52
v 61.573 		59.044 		44.754
v 64.019 		59.044 		44.558
v 64.472 		59.044 		44.649
v 65.384 		59.044 		45.003
v 57.344 		59.0437 		41.7
v 43.1952 		67.795 		51.0302
v 41.441 		67.795 		50.932
v 41.799 		67.795 		51.09
v 41.3764 		67.795 		50.8674
v 41.1776 		67.795 		50.7352
v 42.5233 		67.795 		51.1867
v 42.4887 		67.795 		51.1874
v 42.4436 		67.795 		51.1784
v 40.709 		67.795 		50.2
v 40.458 		67.795 		49.461
v 40.4425 		67.795 		49.223
v 43.1592 		67.795 		47.348
v 43.4036 		67.795 		47.4684
v 41.1529 		67.795 		47.6786
v 41.125 		67.795 		47.699
v 42.4473 		67.795 		47.2011
v 43.0121 		67.795 		47.298
v 41.8158 		67.795 		47.3058
v 42.4012 		67.795 		47.2056
v 41.7674 		67.795 		47.3239
v 42.4377 		67.795 		47.2005
v 40.551 		67.795 		48.558
v 40.6016 		67.795 		48.4822
v 137.817 		104.678 		40.922
v 40.7457 		67.795 		48.1558
v 137.3 		105.402 		40.779
v 40.4507 		67.795 		49.1433
v 47.126 		59.0454 		62.419
v 47.833 		59.0455 		63.126
v 137.385 		104.928 		40.836
v 40.9883 		59.0448 		54.1993
v 42.602 		59.0448 		54.478
v 42.1419 		59.0448 		54.4477
v 42.8886 		59.0448 		54.4468
v 41.7611 		59.0448 		54.3976
v 43.6933 		59.0447 		53.4516
v 44.248 		59.0447 		53.29
v 43.8025 		59.0448 		54.3268
v 44.7228 		59.0447 		53.9954
v 44.4462 		59.0448 		54.0763
v 45.0553 		59.0447 		53.8032
v 41.568 		59.0447 		53.465
v 42.1382 		59.0447 		53.5539
v 42.4563 		59.0447 		53.596
v 43.2228 		59.0447 		53.5452
v 43.5409 		59.0447 		53.5031
v 45.646 		59.0447 		53.444
v 137.635 		104.488 		40.875
v 136.86 		106.444 		40.127
v 136.837 		106.4741 		40.0577
v 136.988 		106.297 		40.342
v 136.385 		106.152 		40.055
v 136.534 		106.018 		40.273
v 137.164 		106.107 		40.533
v 136.738 		105.846 		40.468
v 136.365 		105.548 		40.394
v 136.995 		105.639 		40.638
v 136.3677 		106.1703 		40.0095
v 136.2963 		106.1099 		39.9999
v 47.433 		59.0445 		50.773
v 47.5968 		59.0444 		49.574
v 47.4768 		59.0444 		50.4878
v 46.596 		59.0445 		50.771
v 46.6531 		59.0445 		50.537
v 46.8034 		59.0444 		49.7841
v 46.809 		59.0444 		49.5436
v 47.078 		59.0446 		51.685
v 45.73 		59.0446 		52.2396
v 46.0709 		59.0446 		51.7739
v 45.1527 		59.0446 		52.7463
v 46.266 		59.0445 		51.519
v 46.569 		59.0446 		52.521
v 136.7093 		106.3914 		40.0446
v 135.968 		105.82 		39.972
v 135.9607 		105.8262 		39.9549
v 136.135 		105.7 		40.194
v 135.9389 		105.8016 		39.9509
v 53.7429 		56.143 		204.529
v 136.653 		105.366 		40.57
v 136.995 		105.158 		40.718
v 40.4 		56.143 		220.3866
v 136.365 		105.065 		40.495
v 41 		56.143 		206.4148
v 136.738 		104.889 		40.652
v 137.164 		104.696 		40.779
v 136.534 		104.599 		40.58
v 40.6707 		56.143 		206.3522
v 40.6752 		56.143 		206.3569
v 40.679 		56.143 		206.3588
v 41 		56.143 		204.1868
v 40.678 		56.143 		204.2431
v 40.6843 		56.143 		204.2419
v 136.05 		105.218 		40.313
v 135.617 		104.488 		40.131
v 135.799 		104.863 		40.225
v 135.799 		105.349 		40.107
v 135.532 		104.969 		40.013
v 136.135 		104.739 		40.415
v 135.7737 		105.6168 		39.9216
v 135.338 		104.569 		39.913
v 135.628 		105.4467 		39.8946
v 135.6447 		105.4662 		39.8977
v 135.4204 		105.1084 		39.8409
v 135.3775 		105.0383 		39.8298
v 135.2581 		104.7406 		39.7826
v 135.2073 		104.6134 		39.7624
v 139.197 		103.757 		40.948
v 139.153 		103.523 		40.89
v 139.17 		103.464 		40.875
v 139.147 		103.583 		40.905
v 139.153 		103.642 		40.92
v 139.17 		103.701 		40.934
v 183.0019 		56.143 		220.3865
v 183 		56.143 		220.3866
v 138.604 		103.935 		40.94
v 138.55 		103.823 		40.913
v 138.506 		103.589 		40.854
v 138.517 		103.471 		40.825
v 138.517 		103.707 		40.884
v 138.143 		104.269 		40.938
v 137.49 		104.283 		40.824
v 138.032 		104.112 		40.899
v 137.385 		104.066 		40.77
v 137.952 		103.946 		40.858
v 137.903 		103.774 		40.815
v 137.321 		103.842 		40.714
v 137.3 		103.614 		40.658
v 137.887 		103.599 		40.772
v 137.903 		103.425 		40.728
v 138.679 		103.136 		40.742
v 138.773 		103.038 		40.718
v 139.235 		103.354 		40.848
v 138.885 		102.949 		40.696
v 139.197 		103.408 		40.861
v 138.604 		103.243 		40.768
v 138.55 		103.355 		40.796
v 139.012 		102.871 		40.676
v 138.635 		102.537 		40.508
v 138.843 		102.44 		40.484
v 139.153 		102.805 		40.66
v 138.447 		102.653 		40.537
v 138.282 		102.784 		40.569
v 138.143 		102.93 		40.606
v 138.032 		103.087 		40.644
v 137.49 		102.944 		40.492
v 137.952 		103.253 		40.686
v 137.385 		103.161 		40.545
v 137.321 		103.385 		40.601
v -106 		81.1 		36.0304
v -106 		82.9989 		36.3318
v -109.938 		81.1 		36.0304
v -107 		128.121 		8.931
v -106.364 		128.141 		8.806
v -106.575 		128.766 		8.389
v -107 		128.753 		8.473
v -106.214 		128.804 		8.152
v -106.61 		129.222 		7.422
v -107 		129.161 		7.808
v -107 		89.786 		20.651
v -106.61 		89.798 		20.574
v -106.306 		89.678 		20.529
v -106 		82.464 		36.402
v -106 		81.1 		38.1
v -106 		82.999 		36.4836
v 15.2245 		87.064 		0
v 34.7765 		87.064 		0
v -105.889 		130.098 		0
v -105.337 		129.539 		0
v -105.038 		128.809 		0
v -105.038 		87.064 		0
v 15.341 		87.0642 		0.586
v 15.761 		87.0645 		1.825
v 16.34 		87.0649 		2.998
v 17.067 		87.0652 		4.086
v 17.929 		87.0655 		5.069
v 18.913 		87.0657 		5.932
v 20 		87.0659 		6.658
v 21.173 		87.0661 		7.237
v 22.412 		87.0662 		7.657
v 23.695 		87.0663 		7.913
v 25 		87.0663 		7.998
v 26.305 		87.0663 		7.913
v 27.588 		87.0662 		7.657
v 28.827 		87.0661 		7.237
v 30 		87.0659 		6.658
v 31.088 		87.0657 		5.932
v 32.071 		87.0655 		5.069
v 32.934 		87.0652 		4.086
v 33.661 		87.0649 		2.998
v 34.239 		87.0645 		1.825
v 34.66 		87.0642 		0.586
v -105.592 		87.073 		33.941
v -105.889 		87.367 		33.988
v -105.613 		127.452 		8.546
v -105.824 		128.197 		8.45
v -105.038 		127.67 		7.176
v -105.188 		127.552 		7.918
v -105.337 		128.382 		7.289
v -105.464 		128.282 		7.918
v -105.889 		128.927 		7.376
v -105.973 		128.86 		7.796
v -105.337 		87.073 		32.32
v -105.038 		87.072 		27.729
v -105.889 		89.538 		20.31
v -105.038 		88.43 		19.172
v -105.337 		89.044 		19.9
v -105.188 		88.696 		19.796
v -105.613 		89.273 		20.218
v 40.004 		59.057 		205.596
v 40.021 		59.057 		206.062
v 40.177 		59.057 		206.421
v 40.192 		59.057 		205.076
v 40.055 		59.057 		205.337
v 44.965 		59.0446 		52.897
v 117.193 		56.849 		119.39
v 116.841 		56.849 		120.187
v 33 		59.057 		206.877
v 33.321 		59.057 		206.821
v 33.996 		59.057 		205.596
v 33.989 		59.057 		205.963
v 33.895 		59.057 		206.311
v 33.75 		59.057 		206.531
v 33.866 		59.057 		205.156
v 36.3107 		59.057 		204.8
v 33 		59.057 		204.65
v 33.321 		59.057 		204.705
v 40.4 		59.057 		204.65
v 20.679 		59.057 		206.821
v 21 		59.057 		206.877
v 20.25 		59.057 		206.531
v 20.021 		59.057 		206.062
v 20 		59.057 		205.763
v 20.105 		59.057 		205.215
v 20.25 		59.057 		204.996
v 16.384 		59.057 		206.877
v 21 		59.057 		204.65
v 20.617 		59.057 		204.727
v 16.384 		59.057 		204.65
v 13.823 		59.057 		205.106
v 13.979 		59.057 		205.465
v 13.979 		59.057 		206.062
v 13.75 		59.057 		206.531
v 13.321 		59.057 		206.821
v 13 		59.057 		206.877
v 1 		59.057 		206.877
v 0 		59.057 		206.877
v 0 		59.057 		205.763
v 0.25 		59.057 		206.531
v 173 		56.143 		206.4148
v 118.46 		56.849 		120.402
v 173.7709 		56.143 		206.0356
v 173.767 		56.143 		206.042
v 117.347 		56.849 		120.413
v 173.3274 		56.143 		206.3548
v 118.46 		56.849 		120.003
v 173.321 		56.143 		206.3588
v 117.309 		56.849 		119.855
v 173.945 		56.143 		205.7268
v 173.943 		56.143 		204.871
v 173.9456 		56.143 		204.8769
v 173.9957 		56.143 		205.4601
v 173.9459 		56.143 		205.7225
v 173.996 		56.143 		205.4678
v 116.382 		56.849 		121.79
v 173 		56.143 		204.1868
v 115.549 		56.849 		121.725
v 116.705 		56.849 		121.392
v 114.83 		56.849 		121.466
v 115.267 		56.849 		121.235
v 116.02 		56.849 		122.302
v 116.413 		56.849 		122.247
v 115.276 		56.849 		122.093
v 116.02 		56.849 		121.889
v 118.46 		56.849 		121.848
v 173.6342 		56.143 		204.4255
v 173.3157 		56.143 		204.2419
v 173.321 		56.143 		204.2428
v 173.6259 		56.143 		204.4188
v 173.6297 		56.143 		204.4207
v 160.6505 		56.143 		206.344
v 160.645 		56.143 		206.3407
v 160.3421 		56.143 		206.1617
v 160.0045 		56.143 		205.4596
v 160.1113 		56.143 		205.8382
v 160.0041 		56.143 		205.4675
v 160.1169 		56.143 		205.8499
v 160.1129 		56.143 		205.8448
v 161 		56.143 		206.4148
v 160.9947 		56.143 		206.4138
v 160.677 		56.143 		204.2436
v 160.6843 		56.143 		204.2419
v 160.094 		56.143 		204.7869
v 160.0991 		56.143 		204.7781
v 161 		56.143 		204.1868
v 160.6734 		56.143 		204.246
v 160.2515 		56.143 		204.5322
v 140.3835 		56.143 		66.3832
v 140.3835 		56.143 		91.3819
v 151.255 		56.143 		64.776
v 150.548 		56.143 		65.484
v 153.567 		56.143 		62.464
v 152.86 		56.143 		63.172
v 155.502 		56.143 		38.887
v 131.072 		56.143 		38.887
v 134.381 		56.143 		40.568
v 139.352 		56.143 		39.436
v 139.348 		56.143 		40.568
v 139.1925 		56.143 		44.7151
v 138.902 		56.143 		44.602
v 138.5937 		56.143 		44.5549
v 136.0957 		56.143 		44.7047
v 135.6007 		56.143 		44.8582
v 137.7118 		56.143 		44.4397
v 136.7369 		56.143 		44.5179
v 134.381 		56.143 		42.081
v 137.0488 		56.143 		44.5112
v 133.7095 		56.143 		46.3096
v 133.3633 		56.143 		46.8807
v 134.3385 		56.143 		45.6806
v 134.564 		56.143 		45.465
v 134.8306 		56.143 		45.3032
v 134.428 		56.143 		46.637
v 134.6159 		56.143 		46.457
v 132.6418 		56.143 		49.1228
v 132.7576 		56.143 		48.2403
v 133.1792 		56.143 		47.1327
v 133.0868 		56.143 		47.319
v 132.9995 		56.143 		47.6187
v 133.42 		56.143 		48.84
v 133.614 		56.143 		48.046
v 133.944 		56.143 		47.297
v 135.1727 		56.143 		45.9684
v 135.3176 		56.143 		45.8716
v 135.9834 		56.143 		45.5438
v 136.222 		56.143 		45.439
v 137.016 		56.143 		45.245
v 137.5735 		56.143 		45.2321
v 137.9206 		56.143 		45.2321
v 138.6471 		56.143 		45.3772
v 138.9 		56.143 		45.439
v 139.348 		56.143 		42.077
v 139.352 		56.143 		43.212
v 139.6143 		56.143 		44.8582
v 141.035 		56.143 		41.323
v 140.651 		56.143 		45.465
v 140.3844 		56.143 		45.3032
v 141.938 		56.143 		46.933
v 141.359 		56.143 		46.142
v 139.649 		56.143 		45.768
v 140.0988 		56.143 		46.0978
v 140.3743 		56.143 		46.3096
v 140.8636 		56.143 		46.8671
v 142.501 		56.143 		48.459
v 142.227 		56.143 		47.518
v 141.0751 		56.143 		47.1423
v 141.4022 		56.143 		47.8074
v 141.507 		56.143 		48.046
v 141.702 		56.143 		48.84
v 132.608 		56.143 		49.433
v 132.778 		56.143 		50.726
v 133.6592 		56.143 		50.7878
v 133.554 		56.143 		50.5492
v 133.4865 		56.143 		50.2093
v 133.402 		56.143 		49.658
v 133.133 		56.143 		51.639
v 117.195 		56.849 		121.437
v 116.829 		56.849 		120.878
v 117.003 		56.849 		121.811
v 116.741 		56.849 		122.084
v 117.994 		56.849 		122.246
v 119.813 		56.849 		120.224
v 120.142 		56.849 		120.544
v 119.647 		56.849 		120.651
v 119.344 		56.849 		120.037
v 119.416 		56.849 		120.481
v 119.032 		56.849 		120.412
v 120.259 		56.849 		120.83
v 122.597 		56.849 		120.088
v 122.732 		56.849 		120.651
v 122.022 		56.849 		120.003
v 121.544 		56.849 		120.003
v 122.383 		56.849 		120.451
v 121.544 		56.849 		120.402
v 120.155 		56.849 		121.769
v 119.803 		56.849 		121.146
v 119.428 		56.849 		121.77
v 119.709 		56.849 		121.536
v 120.298 		56.849 		121.171
v 0.021 		59.057 		206.062
v -136.286 		90.667 		115.705
v 0.105 		59.057 		205.215
v -136.286 		90.985 		115.614
v 0.25 		59.057 		204.996
v -136.482 		90.589 		115.288
v 0.679 		59.057 		206.821
v -136.482 		90.245 		115.455
v -136.482 		90.945 		115.187
v 13.321 		59.057 		204.705
v 13 		59.057 		204.65
v 0.617 		59.057 		204.727
v 140.403 		75.897 		218.956
v -136.7 		90.523 		114.937
v -136.7 		90.148 		115.119
v -136.7 		90.912 		114.827
v 140.365 		75.844 		218.943
v 140.318 		75.794 		218.93
v -137 		90.1655 		114.7475
v 139.969 		76.513 		219.109
v -137 		89.3156 		122.8287
v 140.05 		76.494 		219.104
v -136.935 		89.339 		122.785
v -136.482 		89.919 		122.555
v -136.7 		89.792 		122.87
v -136.7 		89.462 		122.555
v -137 		89.228 		122.7192
v 137.635 		102.739 		40.441
v -136.286 		90.07 		122.182
v 137.817 		102.549 		40.393
v -136.286 		89.801 		121.925
v -136.482 		89.617 		122.267
v -136.482 		89.344 		121.925
v -136.7 		89.164 		122.182
v 136.988 		104.446 		40.717
v -136.935 		89.021 		122.386
v -136.935 		88.742 		121.932
v -137 		88.9936 		122.4252
v 136.782 		103.909 		40.584
v -137 		88.9171 		122.3002
v -137 		88.7115 		121.9657
v 136.264 		103.653 		40.345
v 136.295 		103.976 		40.425
v 136.756 		103.632 		40.515
v 136.86 		104.183 		40.651
v 136.385 		104.293 		40.504
v -135.968 		90.07 		120.888
v -136.113 		90.011 		121.535
v -136.113 		89.801 		121.272
v -136.113 		89.617 		120.973
v 1 		59.057 		204.65
v 135.968 		104.395 		40.329
v -4.096 		59.057 		204.8
v -6.25 		59.057 		206.531
v -6.021 		59.057 		206.062
v 135.867 		104.039 		40.241
v 135.507 		104.099 		40.035
v -7 		59.057 		206.877
v 135.47 		103.704 		39.937
v -6.679 		59.057 		206.821
v 135.833 		103.677 		40.151
v -6.177 		59.057 		205.106
v -6.021 		59.057 		205.465
v 136.86 		103.08 		40.378
v 136.988 		102.817 		40.312
v 136.782 		103.354 		40.446
v 136.534 		102.706 		40.11
v 136.385 		103.013 		40.186
v 43.5335 		59.0445 		50.8672
v 43.0917 		59.0445 		51.0857
v 44.3036 		59.0444 		49.8968
v 44.2951 		59.0444 		49.9162
v 136.738 		102.416 		40.038
v 44.4316 		59.0444 		49.3089
v 137.164 		102.567 		40.25
v 44.432 		59.0444 		49.33
v 44.309 		59.0444 		49.8693
v 136.295 		103.33 		40.265
v 43.9535 		59.0444 		50.499
v 43.9258 		59.0445 		50.5306
v 43.5549 		59.0445 		50.8551
v 41.799 		59.0445 		51.09
v 41.441 		59.0445 		50.932
v 42.7322 		59.0445 		51.1737
v 42.6914 		59.0445 		51.1832
v 42.3206 		59.0445 		51.1908
v 41.8371 		59.0445 		51.0952
v 40.552 		59.0447 		53.042
v 40.709 		59.0444 		50.2
v 40.458 		59.0444 		49.461
v 40.855 		59.0448 		54.154
v 40.7484 		59.0444 		50.2394
v 40.7367 		59.0444 		50.2316
v 40.4571 		59.0444 		49.4469
v 135.867 		103.315 		40.061
v 135.968 		102.959 		39.973
v 140.126 		76.467 		219.097
v 135.22 		104.155 		39.81
v 135.181 		103.733 		39.706
v 140.197 		76.434 		219.089
v 140.261 		76.395 		219.079
v 135.507 		103.309 		39.839
v 136.135 		102.615 		39.887
v 135.338 		102.896 		39.498
v 135.3314 		102.8958 		39.4898
v 135.338 		102.8839 		39.4879
v 135.3829 		102.8034 		39.4751
v 135.5404 		102.538 		39.433
v 135.617 		102.92 		39.742
v 135.5621 		102.5015 		39.4272
v 135.799 		102.545 		39.649
v 135.22 		103.311 		39.601
v 142.436 		74.958 		219.125
v 142.215 		75.588 		219.134
v 141.648 		75.709 		219.046
v 141.568 		75.543 		219.005
v 142.11 		75.372 		219.08
v 141.457 		75.386 		218.966
v 141.965 		75.166 		219.029
v 141.783 		74.976 		218.982
v 141.318 		75.24 		218.93
v 141.568 		74.804 		218.939
v 141.952 		74.517 		219.016
v 142.215 		74.727 		219.068
v 141.653 		74.334 		218.97
v 141.322 		74.653 		218.902
v 141.322 		74.179 		218.932
v 141.952 		74.04 		219.072
v 141.568 		73.86 		219.028
v 142.3 		74.253 		219.125
v 140.996 		75.719 		218.963
v 140.921 		75.613 		218.937
v 140.827 		75.514 		218.913
v 140.715 		75.425 		218.891
v -7 		59.057 		204.65
v -6.679 		59.057 		204.705
v -24.437 		63 		213.131
v -27.796 		63 		215.09
v -27.338 		63 		215.088
v -26.884 		63 		215.026
v -26.443 		63 		214.906
v -26.021 		63 		214.729
v -25.625 		63 		214.498
v -25.263 		63 		214.218
v -24.94 		63 		213.892
v -24.664 		63 		213.528
v -28.25 		63 		215.032
v -30.715 		63 		213.158
v -30.484 		63 		213.554
v -30.204 		63 		213.916
v -29.878 		63 		214.238
v -29.514 		63 		214.515
v -29.117 		63 		214.742
v -28.693 		63 		214.915
v -24.576 		59.0576 		213.3741
v -24.437 		59.0576 		213.131
v -24.38 		59.0576 		212.992
v -28.25 		59.0577 		215.032
v -28.672 		59.0577 		214.9205
v -27.796 		59.0577 		215.09
v -27.338 		59.0577 		215.088
v -26.884 		59.0577 		215.026
v -26.443 		59.0577 		214.906
v -26.021 		59.0577 		214.729
v -25.625 		59.0577 		214.498
v -25.263 		59.0577 		214.218
v -24.94 		59.0576 		213.892
v -24.664 		59.0576 		213.528
v -28.693 		59.0577 		214.915
v -29.117 		59.0577 		214.742
v -30.484 		59.0576 		213.554
v -30.715 		59.0576 		213.158
v -30.204 		59.0576 		213.916
v -29.878 		59.0577 		214.238
v -30.7846 		59.0576 		212.992
v -29.514 		59.0577 		214.515
v -32.768 		59.058 		217.812
v -24.089 		63 		211.81
v -24.091 		63 		211.353
v -24.153 		63 		210.899
v -24.273 		63 		210.457
v -24.45 		63 		210.035
v -24.263 		63 		212.707
v -24.147 		63 		212.264
v -24.147 		59.0575 		212.264
v -24.089 		59.0575 		211.81
v -24.091 		59.0574 		211.353
v -24.153 		59.0574 		210.899
v -24.273 		59.0573 		210.457
v -24.45 		59.0573 		210.035
v -24.576 		59.0573 		209.8186
v -24.263 		59.0575 		212.707
v -19.979 		59.057 		206.062
v -19.75 		59.057 		206.531
v -19.895 		59.057 		205.215
v -20 		59.057 		205.763
v -19.75 		59.057 		204.996
v -19.321 		59.057 		206.821
v -19 		59.057 		206.877
v -20.48 		59.057 		206.877
v -26.367 		63 		212.19
v -26.454 		63 		212.343
v -26.561 		63 		212.485
v -26.304 		63 		211.157
v -26.257 		63 		211.327
v -26.299 		63 		212.026
v -26.372 		63 		210.994
v -26.233 		63 		211.502
v -26.232 		63 		211.68
v -26.254 		63 		211.854
v -26.979 		63 		212.807
v -27.142 		63 		212.875
v -27.313 		63 		212.922
v -27.488 		63 		212.946
v -26.686 		63 		212.609
v -26.826 		63 		212.718
v -27.665 		63 		212.946
v -27.84 		63 		212.924
v -28.011 		63 		212.879
v -28.175 		63 		212.813
v -28.329 		63 		212.724
v -28.469 		63 		212.618
v -28.595 		63 		212.493
v -26.461 		63 		210.841
v -26.57 		63 		210.701
v -24.68 		63 		209.64
v -24.961 		63 		209.278
v -25.285 		63 		208.956
v -27.5 		63 		210.248
v -27.324 		63 		210.27
v -27.153 		63 		210.314
v -26.989 		63 		210.382
v -27.676 		63 		210.248
v -26.836 		63 		210.47
v -28.602 		63 		210.709
v -28.478 		63 		210.584
v -28.339 		63 		210.476
v -28.186 		63 		210.387
v -28.022 		63 		210.318
v -27.852 		63 		210.272
v -26.695 		63 		210.576
v -28.865 		63 		211.168
v -28.798 		63 		211.004
v -28.861 		63 		212.037
v -28.907 		63 		211.866
v -28.931 		63 		211.692
v -28.932 		63 		211.514
v -28.91 		63 		211.339
v -28.792 		63 		212.2
v -28.703 		63 		212.353
v -31.076 		63 		211.383
v -31.073 		63 		211.841
v -31.012 		63 		212.295
v -30.892 		63 		212.736
v -28.71 		63 		210.851
v 15.2245 		81.405 		0
v 34.7765 		81.405 		0
v 135.1824 		103.313 		39.556
v 135.2067 		103.2448 		39.5451
v -105.202 		81.405 		0
v 15.341 		81.405 		0.586
v 15.761 		81.405 		1.825
v 16.34 		81.405 		2.998
v 17.067 		81.405 		4.086
v 135.1322 		103.6143 		39.6038
v 135.1103 		103.7431 		39.6242
v 135.1147 		103.9899 		39.6634
v 135.1185 		104.1789 		39.6934
v 135.157 		104.3664 		39.7232
v 138.278 		102.226 		40.313
v 138.55 		102.099 		40.282
v 138.843 		101.998 		40.257
v 138.635 		101.664 		40.026
v 139.012 		101.575 		40.004
v 139.153 		101.924 		40.238
v 138.278 		101.788 		40.057
v 139.068 		102.363 		40.465
v 137.947 		101.942 		40.095
v 137.648 		102.126 		40.141
v 138.032 		102.377 		40.351
v 137.385 		102.335 		40.193
v 138.032 		101.511 		39.813
v 137.648 		101.691 		39.858
v 137.385 		101.476 		39.604
v 137.3 		101.904 		39.911
v 138.447 		101.368 		39.777
v 139.235 		100.701 		39.191
v 138.773 		100.997 		39.486
v 138.679 		100.778 		39.21
v 138.282 		101.113 		39.515
v 138.885 		101.264 		39.752
v 138.262 		100.8291 		39.1617
v 138.6623 		100.7407 		39.1477
v 139.2276 		100.6674 		39.1361
v 138.7911 		100.7241 		39.1451
v 137.817 		101.274 		39.554
v 137.635 		101.081 		39.286
v 137.5864 		101.0318 		39.1939
v 137.7599 		100.9759 		39.185
v 138.143 		100.905 		39.242
v 138.113 		100.8622 		39.167
v 137.2885 		101.1609 		39.2144
v 136.995 		102.147 		39.971
v 136.365 		101.86 		39.479
v 136.222 		101.8015 		39.3161
v 136.4592 		101.6303 		39.2889
v 136.634 		101.5039 		39.2688
v 136.738 		101.562 		39.405
v 136.995 		101.715 		39.664
v 136.653 		101.988 		39.732
v 136.365 		102.29 		39.807
v 136.854 		101.3797 		39.2491
v 136.05 		102.189 		39.561
v 135.8618 		102.135 		39.369
v 136.1063 		101.9087 		39.3331
v 135.799 		102.2118 		39.3812
v 137.164 		101.301 		39.34
v 137.0913 		101.2464 		39.228
v 135.168 		107.2475 		40.1804
v 131.072 		102.4 		39.4111
v 164.002 		81.8531 		40.1
v 164.002 		80.6876 		38.1
v 162.778 		74.895 		45.243
v 159.355 		74.895 		46.27
v 159.057 		74.895 		46.677
v 158.285 		74.895 		46.996
v 158.734 		74.895 		46.879
v 159.497 		74.895 		45.615
v 159.491 		74.895 		45.87
v 156.904 		74.895 		45.615
v 157.021 		74.895 		45.166
v 157.148 		74.895 		46.454
v 157.478 		74.895 		46.78
v 160 		81.5888 		41.7
v 161.676 		74.895 		42.617
v 160 		74.895 		41.4757
v 160.663 		74.895 		41.779
v 160 		74.895 		41.7
v 162.705 		74.895 		44.702
v 162.327 		74.895 		43.592
v 157.782 		74.895 		44.469
v 158.157 		74.895 		44.406
v 158.734 		74.895 		44.521
v 159.057 		74.895 		44.723
v 159.233 		74.895 		44.907
v 157.351 		74.895 		44.731
v 156.0252 		74.895 		41.7
v 156.0216 		73.9421 		41.7
v 156.0283 		74.6257 		41.7
v 160 		81.8531 		40.1
v 155.502 		81.405 		38.887
v 154.73 		74.895 		42.838
v 153.953 		74.895 		44.413
v 155.118 		74.895 		42.396
v 153.8 		74.895 		45.578
v 17.929 		81.405 		5.069
v 18.913 		81.405 		5.932
v 20 		81.405 		6.658
v 21.173 		81.405 		7.237
v 22.412 		81.405 		7.657
v 23.695 		81.405 		7.913
v 25 		81.405 		7.998
v 26.305 		81.405 		7.913
v 27.588 		81.405 		7.657
v 28.827 		81.405 		7.237
v 30 		81.405 		6.658
v 31.088 		81.405 		5.932
v 32.071 		81.405 		5.069
v 32.934 		81.405 		4.086
v 33.661 		81.405 		2.998
v 34.239 		81.405 		1.825
v 34.66 		81.405 		0.586
v 47.0809 		59.0442 		47.333
v 46.763 		59.0442 		46.7458
v 46.9764 		59.0442 		47.0645
v 46.5054 		59.0441 		46.3619
v 45.646 		59.044 		45.511
v 45.8541 		59.0441 		45.7106
v 46.7956 		59.0443 		48.9663
v 46.7329 		59.0443 		48.6523
v 46.596 		59.0443 		48.092
v 46.266 		59.0442 		47.344
v 45.9252 		59.0442 		46.8776
v 45.73 		59.0441 		46.6224
v 45.1528 		59.0441 		46.1164
v 119.008 		56.849 		122.246
v 119.725 		56.849 		122.128
v 122.794 		56.849 		121.536
v 122.513 		56.849 		121.77
v 121.544 		56.849 		121.848
v 121.078 		56.849 		122.246
v 122.093 		56.849 		122.246
v 122.809 		56.849 		122.128
v 125.028 		56.849 		118.579
v 125.494 		56.849 		118.579
v 123.032 		56.849 		120.31
v 123.344 		56.849 		120.83
v 125.494 		56.849 		120.007
v 125.258 		56.849 		120.391
v 125.028 		56.849 		119.981
v 47.4782 		59.0443 		48.4105
v 47.5158 		59.0443 		48.5992
v 47.522 		59.0443 		48.8873
v 43.082 		59.0442 		47.31
v 43.549 		59.0442 		47.54
v 44.336 		59.0443 		48.5785
v 43.9535 		59.0442 		47.901
v 44.3225 		59.0443 		48.5387
v 43.941 		59.0442 		47.884
v 41.125 		59.0442 		47.699
v 41.424 		59.0442 		47.4804
v 41.0941 		59.0442 		47.7452
v 41.1026 		59.0442 		47.726
v 42.441 		59.0442 		47.2
v 41.9797 		59.0442 		47.2655
v 42.0143 		59.0442 		47.2596
v 41.4603 		59.0442 		47.4595
v 43.8825 		59.044 		45.4481
v 44.0935 		59.044 		45.5638
v 44.965 		59.0441 		45.966
v 43.6511 		59.044 		45.3807
v 43.0802 		59.044 		45.2939
v 42.8409 		59.044 		45.2674
v 42.2644 		59.044 		45.2794
v 41.794 		59.044 		45.3733
v 41.2331 		59.044 		45.5102
v 42.18 		59.044 		44.5052
v 42.5642 		59.044 		44.5052
v 43.255 		59.044 		44.52
v 43.444 		59.044 		44.558
v 43.7124 		59.044 		44.6622
v 44.809 		59.044 		45.003
v 41.2167 		59.044 		44.6799
v 41.8998 		59.044 		44.5741
v 40.5451 		59.0441 		45.8503
v 40.551 		59.0443 		48.558
v 40.5451 		59.0443 		48.5926
v 185 		59.058 		217.269
v 184.035 		59.058 		217.674
v 187 		59.058 		213.762
v 133.641 		56.143 		52.476
v 134.8301 		56.143 		52.519
v 134.428 		56.143 		52.134
v 133.944 		56.143 		51.474
v 142.608 		56.143 		49.433
v 142.283 		56.143 		51.18
v 142.3321 		56.143 		51.0354
v 142.5242 		56.143 		50.2892
v 142.5787 		56.143 		49.8773
v 141.172 		56.143 		51.483
v 141.72 		56.143 		49.658
v 141.507 		56.143 		50.725
v 134.381 		56.849 		40.568
v 139.348 		56.849 		40.568
v 139.352 		56.849 		39.436
v 134.381 		56.849 		42.081
v -109.938 		81.1 		38.1
v -109.938 		59.0434 		38.1
v -109.938 		59.043 		32.631
v -109.938 		59.058 		32.532
v -114.402 		107.4478 		40.2122
v -114.402 		107.2475 		40.1804
v -114.402 		107.448 		40.211
v -87.678 		105.476 		40.972
v -88.035 		105.599 		41.003
v -87.95 		105.128 		41.034
v -87.678 		105.001 		41.002
v -88.035 		104.661 		41.035
v -87.432 		104.85 		40.965
v -87.847 		104.546 		41.007
v -89.988 		105.688 		41.025
v -88.803 		105.743 		41.039
v -88.412 		105.688 		41.025
v -89.597 		105.743 		41.039
v -89.2 		105.761 		41.043
v -88.553 		105.303 		41.077
v -88.874 		105.347 		41.088
v -88.243 		105.229 		41.059
v -88.705 		104.892 		41.093
v -88.468 		104.836 		41.079
v -88.95 		104.926 		41.101
v -88.865 		104.463 		41.072
v -88.243 		104.759 		41.059
v -89.031 		104.486 		41.077
v -89.847 		105.303 		41.077
v -89.526 		105.347 		41.088
v -89.2 		105.362 		41.092
v -89.932 		104.836 		41.079
v -89.695 		104.892 		41.093
v -89.45 		104.926 		41.101
v -89.2 		104.938 		41.104
v -89.535 		104.463 		41.072
v -89.369 		104.486 		41.077
v -89.2 		104.494 		41.079
v -87.682 		104.414 		40.974
v -88.412 		104.307 		41.033
v -88.285 		104.229 		41.013
v -88.173 		104.14 		40.991
v -88.079 		104.042 		40.967
v -88.553 		104.373 		41.049
v -89.031 		104.024 		41.014
v -88.95 		104.004 		41.009
v -88.874 		103.978 		41.003
v -88.803 		103.945 		40.995
v -88.705 		104.425 		41.062
v 123.383 		56.849 		121.171
v 123.24 		56.849 		121.769
v 122.888 		56.849 		121.146
v 123.808 		56.849 		122.246
v 124.315 		56.849 		122.246
v 126.715 		56.849 		122.246
v 126.208 		56.849 		122.246
v -136.286 		89.558 		121.62
v -136.286 		89.344 		121.272
v -136.482 		89.105 		121.535
v -136.286 		89.164 		120.888
v -136.7 		88.903 		121.756
v -136.482 		88.903 		121.103
v -136.7 		88.683 		121.285
v -136.935 		88.507 		121.429
v -136.935 		88.32 		120.888
v -137 		88.422 		121.3077
v -137 		88.2842 		120.909
v -137 		88.4736 		121.4569
v -137 		88.6467 		121.8275
v -135.968 		89.919 		120.642
v -135.852 		90.07 		119.852
v -135.968 		89.792 		120.37
v -135.968 		89.691 		120.076
v -136.113 		89.462 		120.642
v -136.113 		89.339 		120.285
v -136.113 		89.25 		119.908
v -136.482 		88.742 		120.638
v -136.7 		88.507 		120.777
v -136.286 		89.021 		120.473
v -136.286 		88.917 		120.035
v -136.482 		88.626 		120.146
v -136.7 		88.38 		120.24
v -136.935 		88.184 		120.315
v -137 		88.2468 		120.7517
v -137 		88.1466 		120.3295
v -137 		88.124 		120.1663
v -135.852 		90.014 		119.615
v -135.852 		89.98 		119.369
v -135.968 		89.573 		119.446
v -135.968 		89.617 		119.767
v -136.113 		89.195 		119.517
v -135.852 		89.98 		118.87
v -135.852 		89.968 		119.12
v -135.968 		89.558 		119.12
v -136.113 		89.177 		119.12
v -135.968 		89.573 		118.793
v -136.7 		88.277 		119.12
v -136.935 		88.074 		119.12
v -136.7 		88.302 		119.685
v -136.935 		88.102 		119.723
v -136.286 		88.833 		119.12
v -136.286 		88.854 		119.581
v -136.482 		88.531 		119.12
v -136.482 		88.555 		119.638
v -137 		88.043 		118.954
v -137 		88.0353 		119.12
v -137 		88.0636 		119.7301
v -137 		88.0559 		119.5643
v -135.968 		89.617 		118.473
v -135.852 		90.014 		118.625
v -135.852 		90.07 		118.388
v -136.113 		89.25 		118.332
v -136.113 		89.195 		118.722
v -135.968 		89.691 		118.163
v -136.113 		89.339 		117.955
v -135.968 		89.792 		117.87
v -136.286 		88.854 		118.658
v -136.482 		88.555 		118.602
v -136.935 		88.102 		118.517
v -136.7 		88.302 		118.555
v -137 		88.0862 		118.3467
v -136.286 		89.021 		117.767
v -136.286 		88.917 		118.205
v -136.482 		88.626 		118.093
v 139.348 		56.849 		42.077
v 139.352 		56.849 		43.212
v 141.035 		56.849 		41.323
v 134.318 		56.143 		53.183
v 135.0903 		56.143 		52.7474
v 135.7116 		56.143 		53.1078
v 135.4004 		56.143 		52.9546
v 135.108 		56.143 		53.762
v 138.9943 		56.143 		53.3007
v 138.642 		56.143 		53.42
v 137.8157 		56.143 		54.4193
v 138.4788 		56.143 		54.3464
v 137.608 		56.143 		54.433
v 138.7842 		56.143 		54.2712
v 135.694 		56.143 		54.052
v 136.635 		56.143 		54.326
v 137.834 		56.143 		53.544
v 137.016 		56.143 		53.526
v 136.222 		56.143 		53.332
v 139.219 		56.143 		54.154
v 139.536 		56.143 		53.058
v 139.2791 		56.143 		53.1854
v 134.119 		56.143 		62.251
v 135.533 		56.143 		62.251
v 40.96 		56.143 		38.887
v 49.152 		56.143 		38.887
v 65.536 		56.143 		38.887
v 77.824 		56.143 		38.887
v 98.304 		56.143 		38.887
v -29.901 		63 		208.976
v -30.223 		63 		209.302
v -30.501 		63 		209.665
v -30.728 		63 		210.063
v -30.901 		63 		210.487
v -31.018 		63 		210.929
v -26.367 		59.0575 		212.19
v -26.454 		59.0575 		212.343
v -26.561 		59.0575 		212.485
v -26.624 		59.0575 		212.5475
v -26.304 		59.0574 		211.157
v -26.257 		59.0574 		211.327
v -26.299 		59.0575 		212.026
v -26.4011 		59.0574 		210.944
v -26.372 		59.0574 		210.994
v -26.233 		59.0574 		211.502
v -26.232 		59.0574 		211.68
v -26.254 		59.0575 		211.854
v -26.979 		59.0575 		212.807
v -27.142 		59.0575 		212.875
v -27.313 		59.0575 		212.922
v -27.488 		59.0576 		212.946
v -26.686 		59.0575 		212.609
v -26.826 		59.0575 		212.718
v -27.665 		59.0576 		212.946
v -27.84 		59.0575 		212.924
v -28.011 		59.0575 		212.879
v -28.175 		59.0575 		212.813
v -28.329 		59.0575 		212.724
v -28.469 		59.0575 		212.618
v -28.595 		59.0575 		212.493
v -28.672 		59.0575 		212.3932
v -26.461 		59.0574 		210.841
v -26.57 		59.0573 		210.701
v -26.624 		59.0573 		210.647
v -24.68 		59.0573 		209.64
v -24.961 		59.0572 		209.278
v -25.285 		59.0572 		208.956
v -25.3641 		59.0572 		208.896
v -27.5 		59.0573 		210.248
v -27.324 		59.0573 		210.27
v -27.153 		59.0573 		210.314
v -26.989 		59.0573 		210.382
v -27.676 		59.0573 		210.248
v -26.836 		59.0573 		210.47
v -28.672 		59.0574 		210.801
v -28.602 		59.0573 		210.709
v -28.478 		59.0573 		210.584
v -28.339 		59.0573 		210.476
v -28.186 		59.0573 		210.387
v -28.022 		59.0573 		210.318
v -27.852 		59.0573 		210.272
v -26.695 		59.0573 		210.576
v -28.865 		59.0574 		211.168
v -28.798 		59.0574 		211.004
v -28.7635 		59.0574 		210.944
v -28.861 		59.0575 		212.037
v -28.907 		59.0575 		211.866
v -28.931 		59.0574 		211.692
v -28.932 		59.0574 		211.514
v -28.91 		59.0574 		211.339
v -28.792 		59.0575 		212.2
v -28.703 		59.0575 		212.353
v -31.076 		59.0574 		211.383
v -31.0199 		59.0574 		210.944
v -31.073 		59.0575 		211.841
v -31.012 		59.0575 		212.295
v -30.892 		59.0575 		212.736
v -28.71 		59.0574 		210.851
v -31.018 		59.0574 		210.929
v -30.901 		59.0573 		210.487
v -29.7982 		59.0572 		208.896
v -29.901 		59.0572 		208.976
v -30.223 		59.0572 		209.302
v -30.501 		59.0573 		209.665
v -30.728 		59.0573 		210.063
v -26.177 		59.057 		205.106
v -26.021 		59.057 		205.465
v -26.021 		59.057 		206.062
v -27 		59.057 		206.877
v -26.679 		59.057 		206.821
v -28.28 		63 		208.168
v -28.722 		63 		208.288
v -29.144 		63 		208.465
v -29.54 		63 		208.695
v -27.826 		63 		208.106
v -29.0569 		59.0571 		208.4285
v -29.144 		59.0571 		208.465
v -29.54 		59.0572 		208.695
v -26.25 		59.057 		206.531
v -26.915 		63 		208.162
v -27.369 		63 		208.104
v -27.369 		59.0571 		208.104
v -27.826 		59.0571 		208.106
v -28.28 		59.0571 		208.168
v -28.722 		59.0571 		208.288
v -27.0387 		59.0571 		208.1462
v -26.7223 		59.0571 		208.2124
v -26.915 		59.0571 		208.162
v -25.65 		63 		208.679
v -26.048 		63 		208.452
v -26.472 		63 		208.278
v 162.647 		72.693 		46.743
v 162.778 		72.693 		45.243
v -25.65 		59.0572 		208.679
v -26.048 		59.0571 		208.452
v -26.472 		59.0571 		208.278
v 140.588 		75.347 		218.871
v 140.447 		75.282 		218.855
v 185.828 		59.058 		216.625
v 186.464 		59.058 		215.787
v 186.864 		59.058 		214.81
v 141.153 		75.109 		218.897
v 140.965 		74.993 		218.869
v 140.757 		74.896 		218.845
v 140.295 		75.229 		218.842
v 140.532 		74.819 		218.825
v 140.295 		74.762 		218.811
v 153.996 		59.057 		205.763
v 153.83 		59.057 		205.101
v 153.321 		59.057 		206.821
v 153.945 		59.057 		206.189
v 153.83 		59.057 		206.426
v 153 		59.057 		206.877
v -24.576 		59.057 		204.65
v -19 		59.057 		204.65
v -19.383 		59.057 		204.727
v -27 		59.057 		204.65
v -26.679 		59.057 		204.705
v 140.261 		75.749 		218.919
v 140.197 		75.71 		218.909
v 140.126 		75.676 		218.901
v 140.05 		75.65 		218.894
v 139.969 		75.631 		218.89
v -40 		59.057 		205.763
v -39.75 		59.057 		206.531
v -39.75 		59.057 		204.996
v -39.979 		59.057 		206.062
v -39.895 		59.057 		205.215
v -39.289 		59.057 		206.828
v -39 		59.057 		206.877
v 140.135 		75.191 		218.832
v 139.969 		75.168 		218.827
v 154.962 		59.057 		206.821
v 153.321 		59.057 		204.705
v 153 		59.057 		204.65
v 138.665 		69.895 		47.152
v 138.418 		69.895 		47.068
v 138.161 		69.895 		47.017
v 137.9 		69.895 		47
v 137.639 		69.895 		47.017
v 137.382 		69.895 		47.068
v 137.135 		69.895 		47.152
v 137.9 		67.795 		47
v 137.639 		67.795 		47.017
v 137.382 		67.795 		47.068
v 138.7131 		67.9684 		47.1758
v 138.753 		68.695 		47.188
v 138.7107 		67.795 		47.1746
v 138.7278 		68.695 		47.183
v 138.665 		67.795 		47.152
v 138.418 		67.795 		47.068
v 138.161 		67.795 		47.017
v 137.135 		67.795 		47.152
v 120.765 		69.895 		47.152
v 120.518 		69.895 		47.068
v 120.261 		69.895 		47.017
v 120 		69.895 		47
v 119.739 		69.895 		47.017
v 119.482 		69.895 		47.068
v 119.235 		69.895 		47.152
v 120 		67.795 		47
v 119.739 		67.795 		47.017
v 119.482 		67.795 		47.068
v 119.235 		67.795 		47.152
v 120.7875 		68.695 		47.1631
v 120.694 		68.695 		47.109
v 120.765 		68.695 		47.152
v 120.8184 		67.795 		47.1784
v 120.5594 		68.695 		47.0821
v 120.5597 		67.795 		47.0822
v 120.518 		67.795 		47.068
v 120.261 		67.795 		47.017
v 120.221 		68.695 		47.0144
v 120.184 		68.695 		47.007
v 120.1458 		68.695 		47.0095
v 120.1573 		67.795 		47.0102
v 120.2207 		67.795 		47.0144
v 103.065 		69.895 		47.152
v 102.818 		69.895 		47.068
v 102.561 		69.895 		47.017
v 102.3 		69.895 		47
v 102.039 		69.895 		47.017
v 101.782 		69.895 		47.068
v 101.535 		69.895 		47.152
v 103.065 		67.795 		47.152
v 102.818 		67.795 		47.068
v 102.561 		67.795 		47.017
v 102.3 		67.795 		47
v 102.039 		67.795 		47.017
v 101.782 		67.795 		47.068
v 101.6807 		68.695 		47.1024
v 101.631 		68.695 		47.109
v 101.5876 		68.695 		47.1341
v 101.535 		67.795 		47.152
v 44.432 		68.695 		49.33
v 44.4 		68.695 		49.198
v 44.424 		68.695 		48.939
v 74.97 		68.695 		135.591
v 75.742 		68.695 		135.49
v 76.318 		68.695 		135.187
v 74.458 		68.695 		135.49
v 73.991 		68.695 		135.259
v 76.6 		68.695 		134.916
v 76.99 		68.695 		134.242
v 77.091 		68.695 		133.73
v 77.083 		68.695 		133.339
v 74.458 		68.695 		131.71
v 74.1 		68.695 		131.868
v 75.1 		68.695 		131.6
v 76.6 		68.695 		132.284
v 73.882 		68.695 		132.013
v 76.832 		68.695 		132.6
v 75.361 		68.695 		131.617
v 75.742 		68.695 		131.71
v 154.962 		59.057 		204.65
v 73.599 		68.695 		134.916
v 73.368 		68.695 		134.6
v 73.168 		68.695 		134.118
v 73.368 		68.695 		132.6
v 73.21 		68.695 		132.959
v 73.113 		68.695 		133.535
v 140.25 		59.057 		206.531
v 140.617 		59.057 		206.8
v 65 		79.923 		221.123
v 140.095 		59.057 		205.247
v 140.021 		59.057 		206.062
v 100.273 		68.695 		48.999
v 100.3 		68.695 		49
v 140.25 		59.057 		204.996
v 141 		59.057 		206.877
v 133.93 		59.057 		205.308
v 133.989 		59.057 		205.963
v 133.895 		59.057 		206.311
v 133.321 		59.057 		206.821
v 133.75 		59.057 		204.996
v 137.597 		59.057 		206.8522
v 133.554 		59.057 		204.822
v 133 		59.057 		206.877
v 141 		59.057 		204.65
v 140.617 		59.057 		204.727
v 139.264 		59.057 		204.65
v 133 		59.057 		204.65
v 133.321 		59.057 		204.705
v 120.011 		59.057 		205.963
v 120.055 		59.057 		205.337
v 120.177 		59.057 		206.421
v 120.192 		59.057 		205.076
v 120.446 		59.057 		206.705
v 121 		59.057 		206.877
v 114.688 		59.057 		206.877
v 121 		59.057 		204.65
v 120.617 		59.057 		204.727
v 114.688 		59.057 		204.65
v 98.304 		59.058 		217.812
v 113.996 		59.057 		205.647
v 113.979 		59.057 		206.062
v 113.905 		59.057 		205.247
v 113.823 		59.057 		206.421
v 113.554 		59.057 		206.705
v 113.75 		59.057 		204.996
v 113 		59.057 		206.877
v 113.321 		59.057 		206.821
v 98.304 		59.057 		206.877
v 101 		59.057 		206.877
v 100.105 		59.057 		206.311
v 100.011 		59.057 		205.963
v 100.25 		59.057 		204.996
v 100.095 		59.057 		205.247
v 100.679 		59.057 		206.821
v 100.446 		59.057 		206.705
v 113 		59.057 		204.65
v 113.321 		59.057 		204.705
v 100.617 		59.057 		204.727
v 101 		59.057 		204.65
v 98.304 		59.057 		204.65
v 140.965 		74.056 		218.901
v 95.149 		63 		213.892
v 95.425 		63 		213.528
v 95.652 		63 		213.131
v 141.05 		74.526 		218.87
v 90.211 		63 		214.238
v 90.575 		63 		214.515
v 90.972 		63 		214.742
v 91.396 		63 		214.915
v 91.839 		63 		215.032
v 92.293 		63 		215.09
v 92.751 		63 		215.088
v 93.205 		63 		215.026
v 93.646 		63 		214.906
v 94.068 		63 		214.729
v 94.464 		63 		214.498
v 94.826 		63 		214.218
v 89.374 		63 		213.158
v 89.605 		63 		213.554
v 140.757 		74.425 		218.845
v 89.885 		63 		213.916
v 91.396 		59.0577 		214.915
v 115.241 		68.695 		130.69
v 114.731 		68.695 		130.792
v 116.583 		68.695 		129.061
v 116.101 		68.695 		130.116
v 116.332 		68.695 		129.8
v 90.972 		59.0577 		214.742
v 118.784 		56.143 		38.887
v 91.839 		59.0577 		215.032
v 115.818 		68.695 		130.387
v 92.293 		59.0577 		215.09
v 92.751 		59.0577 		215.088
v 42.245 		56.143 		39.732
v 42.3685 		56.143 		40.1877
v 93.205 		59.0577 		215.026
v 93.646 		59.0577 		214.906
v 42.0233 		56.143 		40.5261
v 94.068 		59.0577 		214.729
v 42.053 		56.143 		40.183
v 94.464 		59.0577 		214.498
v 41.772 		56.143 		39.732
v 94.826 		59.0577 		214.218
v 44.808 		56.143 		39.732
v 95.149 		59.0576 		213.892
v 43.868 		56.143 		39.732
v 43.391 		56.143 		39.732
v 95.425 		59.0576 		213.528
v 90.211 		59.0577 		214.238
v 90.112 		59.0577 		214.1402
v 95.652 		59.0576 		213.131
v 95.7091 		59.0576 		212.992
v 43.5324 		56.143 		40.3606
v 43.573 		56.143 		40.183
v 90.575 		59.0577 		214.515
v 43.0691 		56.143 		40.8397
v 89.605 		59.0576 		213.554
v 89.374 		59.0576 		213.158
v 89.885 		59.0576 		213.916
v 47.279 		56.143 		39.732
v 46.727 		56.143 		39.732
v 89.3044 		59.0576 		212.992
v 45.274 		56.143 		39.732
v 40.566 		56.143 		41.462
v 40.6407 		56.143 		41.5728
v 40.918 		56.143 		42.323
v 40.8892 		56.143 		42.1807
v 40.774 		56.143 		42.921
v 40.4149 		56.143 		42.2282
v 40.422 		56.143 		42.297
v 116.6 		68.695 		128.8
v 40.7126 		56.143 		44.8795
v 116.49 		68.695 		128.159
v 116.332 		68.695 		127.8
v 115.818 		68.695 		127.213
v 40.8226 		56.143 		45.6982
v 140.447 		74.352 		218.827
v 115.241 		68.695 		126.91
v 112.71 		68.695 		129.441
v 112.941 		68.695 		129.909
v 113.442 		68.695 		130.416
v 114.339 		68.695 		130.783
v 140.588 		73.966 		218.879
v 113.6 		68.695 		127.068
v 113.013 		68.695 		127.582
v 112.868 		68.695 		127.8
v 112.617 		68.695 		128.539
v 112.609 		68.695 		128.931
v 42.7624 		56.143 		41.712
v 42.8962 		56.143 		41.4745
v 42.803 		56.143 		41.891
v 42.582 		56.143 		42.261
v 41.7649 		56.143 		42.7973
v 43.1455 		56.143 		41.8276
v 43.025 		56.143 		42.261
v 41.262 		56.143 		43.4
v 41.687 		56.143 		43.4
v 114.6 		68.695 		126.8
v 114.339 		68.695 		126.817
v 42.9432 		56.143 		44.5133
v 42.0538 		56.143 		44.5133
v 41.4051 		56.143 		44.6728
v 41.0967 		56.143 		44.7206
v 44.808 		56.143 		43.4
v 44.338 		56.143 		43.4
v 43.909 		56.143 		43.4
v 43.255 		56.143 		44.52
v 44.809 		56.143 		45.003
v 44.314 		56.143 		44.8492
v 43.6925 		56.143 		44.6079
v 45.5315 		56.143 		41.6642
v 45.8182 		56.143 		41.6642
v 46.0759 		56.143 		41.6966
v 45.274 		56.143 		41.643
v 45.274 		56.143 		41.984
v 122.044 		68.695 		49.129
v 122.01 		68.695 		48.61
v 45.847 		56.143 		41.243
v 45.274 		56.143 		41.243
v 122 		68.695 		49
v 46.927 		56.143 		41.927
v 46.279 		56.143 		41.37
v 46.684 		56.143 		41.597
v 46.1226 		56.143 		41.7231
v 46.3485 		56.143 		41.8523
v 46.4017 		56.143 		41.9434
v 45.5321 		56.143 		42.9797
v 45.274 		56.143 		43
v 46.0765 		56.143 		42.9494
v 45.811 		56.143 		42.9797
v 135.799 		77.537 		220.599
v 47.009 		56.143 		42.357
v 46.864 		56.143 		42.936
v 135.799 		77.11 		220.255
v 46.5042 		56.143 		42.2573
v 46.4881 		56.143 		42.3455
v 46.4978 		56.143 		42.1927
v 135.532 		77.158 		220.505
v 46.3942 		56.143 		42.7388
v 46.3518 		56.143 		42.8002
v 46.1238 		56.143 		42.9238
v 46.4803 		56.143 		42.5743
v 135.5845 		77.4188 		220.7256
v 135.6957 		77.5614 		220.7483
v 45.702 		56.143 		43.4
v 46.428 		56.143 		43.283
v 44.083 		56.143 		45.5166
v 44.5716 		56.143 		45.7844
v 135.395 		77.1763 		220.6872
v 41.1332 		56.143 		45.5446
v 41.3864 		56.143 		45.4829
v 42.4754 		56.143 		45.2655
v 42.7356 		56.143 		45.26
v 43.2897 		56.143 		45.3214
v 43.5474 		56.143 		45.3606
v 44.965 		56.143 		45.966
v 47.4534 		56.143 		48.2863
v 47.2741 		56.143 		47.7999
v 47.5406 		56.143 		48.7231
v 47.0321 		56.143 		47.1784
v 46.5381 		56.143 		46.4403
v 46.4218 		56.143 		46.267
v 45.646 		56.143 		45.511
v 46.1278 		56.143 		45.973
v 96 		63 		211.81
v 95.998 		63 		211.353
v 95.936 		63 		210.899
v 95.816 		63 		210.457
v 95.639 		63 		210.035
v 95.409 		63 		209.64
v 95.128 		63 		209.278
v 94.804 		63 		208.956
v 95.826 		63 		212.707
v 95.942 		63 		212.264
v 93.11 		63 		212.807
v 45.3998 		56.143 		46.3142
v 92.947 		63 		212.875
v 45.6603 		56.143 		46.5426
v 46.1122 		56.143 		47.1335
v 46.266 		56.143 		47.344
v 46.596 		56.143 		48.092
v 46.6578 		56.143 		48.3449
v 46.803 		56.143 		49.072
v 92.776 		63 		212.922
v 56.629 		56.143 		39.679
v 92.601 		63 		212.946
v 57.095 		56.143 		39.679
v 93.722 		63 		212.19
v 93.635 		63 		212.343
v 93.528 		63 		212.485
v 58.548 		56.143 		39.679
v 93.403 		63 		212.609
v 59.099 		56.143 		39.679
v 59.791 		56.143 		39.679
v 60.257 		56.143 		40.09
v 135.338 		77.0741 		220.6709
v 61.906 		56.143 		40.09
v 93.263 		63 		212.718
v 61.906 		56.143 		39.679
v 63.312 		56.143 		39.646
v 62.686 		56.143 		39.798
v 92.424 		63 		212.946
v 135.8841 		77.7439 		220.7772
v 135.22 		76.343 		220.303
v 135.181 		75.922 		220.198
v -40.96 		59.057 		206.877
v 135.617 		76.735 		220.162
v 135.338 		76.758 		220.406
v 93.79 		63 		212.026
v 92.249 		63 		212.924
v 93.785 		63 		211.157
v 93.832 		63 		211.327
v 93.717 		63 		210.994
v 93.856 		63 		211.502
v 93.857 		63 		211.68
v 93.835 		63 		211.854
v 91.224 		63 		211.168
v 91.291 		63 		211.004
v 91.228 		63 		212.037
v 91.182 		63 		211.866
v 91.158 		63 		211.692
v 91.157 		63 		211.514
v 91.179 		63 		211.339
v 91.297 		63 		212.2
v -46.177 		59.057 		206.421
v 92.078 		63 		212.879
v -46.021 		59.057 		206.062
v 91.914 		63 		212.813
v 91.76 		63 		212.724
v 91.62 		63 		212.618
v 91.494 		63 		212.493
v -46.679 		59.057 		206.821
v 91.386 		63 		212.353
v -46.177 		59.057 		205.106
v 92.589 		63 		210.248
v 92.765 		63 		210.27
v -46.021 		59.057 		205.465
v 92.936 		63 		210.314
v 93.1 		63 		210.382
v 92.413 		63 		210.248
v 93.253 		63 		210.47
v 93.628 		63 		210.841
v 92.237 		63 		210.272
v 93.394 		63 		210.576
v 93.519 		63 		210.701
v 91.379 		63 		210.851
v -47 		59.057 		206.877
v 91.487 		63 		210.709
v 91.611 		63 		210.584
v 91.75 		63 		210.476
v 91.903 		63 		210.387
v 92.067 		63 		210.318
v 90.188 		63 		208.976
v 95.942 		59.0575 		212.264
v 96 		59.0575 		211.81
v 95.998 		59.0574 		211.353
v 95.936 		59.0574 		210.899
v 95.816 		59.0573 		210.457
v 95.639 		59.0573 		210.035
v 95.409 		59.0573 		209.64
v 95.128 		59.0572 		209.278
v 94.804 		59.0572 		208.956
v 94.7249 		59.0572 		208.896
v 135.867 		76.34 		219.843
v 135.833 		75.977 		219.753
v 135.507 		76.346 		220.065
v 135.47 		75.951 		219.967
v 140.05 		74.728 		218.803
v 140.126 		74.307 		218.816
v 140.197 		73.912 		218.865
v 95.826 		59.0575 		212.707
v 135.6053 		74.0637 		220.1932
v 135.5335 		74.1443 		220.206
v 135.3536 		74.4209 		220.2499
v 135.2652 		74.5573 		220.2715
v 135.22 		75.5 		220.094
v 135.338 		75.085 		219.991
v 181.4602 		59.0434 		37.599
v 184.002 		59.0432 		37.599
v 184.002 		58.999 		37.599
v 135.867 		75.615 		219.663
v 135.617 		75.167 		219.773
v 135.799 		74.791 		219.679
v -39 		59.057 		204.65
v -39.383 		59.057 		204.727
v 135.507 		75.555 		219.869
v -40.96 		59.057 		204.65
v -47 		59.057 		204.65
v 143.066 		73.637 		219.631
v 142.436 		73.547 		219.371
v 143.305 		73.407 		220.086
v 143.3465 		73.4401 		220.0942
v 143.3054 		73.4064 		220.0889
v 142.612 		73.358 		219.562
v 143.215 		73.502 		219.849
v 142.74 		73.211 		219.777
v -88.739 		103.905 		40.985
v -88.682 		103.861 		40.974
v -88.635 		103.811 		40.961
v -46.679 		59.057 		204.705
v 135.532 		74.685 		219.891
v 135.799 		74.306 		219.797
v -59.979 		59.057 		206.062
v -59.823 		59.057 		206.421
v 93.11 		59.0575 		212.807
v 92.947 		59.0575 		212.875
v 92.776 		59.0575 		212.922
v 92.601 		59.0576 		212.946
v 93.722 		59.0575 		212.19
v 93.635 		59.0575 		212.343
v 93.528 		59.0575 		212.485
v 187 		59.043 		36.579
v 93.403 		59.0575 		212.609
v 93.263 		59.0575 		212.718
v 92.424 		59.0576 		212.946
v 93.8052 		59.0575 		211.968
v 93.79 		59.0575 		212.026
v 92.249 		59.0575 		212.924
v 92.16 		59.0575 		212.9006
v 142.818 		73.108 		220.012
v 93.785 		59.0574 		211.157
v 93.832 		59.0574 		211.327
v 93.6879 		59.0574 		210.944
v 93.717 		59.0574 		210.994
v 93.856 		59.0574 		211.502
v 93.857 		59.0574 		211.68
v 142.7535 		73.0694 		220.0354
v 93.835 		59.0575 		211.854
v 142.821 		73.1016 		220.0405
v 143.2991 		73.4024 		220.0883
v 91.224 		59.0574 		211.168
v 91.291 		59.0574 		211.004
v 91.3255 		59.0574 		210.944
v 91.228 		59.0575 		212.037
v 91.182 		59.0575 		211.866
v 91.158 		59.0574 		211.692
v 91.157 		59.0574 		211.514
v 91.179 		59.0574 		211.339
v 91.297 		59.0575 		212.2
v 92.078 		59.0575 		212.879
v 91.914 		59.0575 		212.813
v 91.76 		59.0575 		212.724
v 91.62 		59.0575 		212.618
v 91.494 		59.0575 		212.493
v 91.386 		59.0575 		212.353
v 92.589 		59.0573 		210.248
v 92.765 		59.0573 		210.27
v 92.936 		59.0573 		210.314
v 93.1 		59.0573 		210.382
v 92.413 		59.0573 		210.248
v 93.253 		59.0573 		210.47
v 93.628 		59.0574 		210.841
v 92.16 		59.0573 		210.2928
v 92.237 		59.0573 		210.272
v 93.394 		59.0573 		210.576
v 93.519 		59.0573 		210.701
v 91.379 		59.0574 		210.851
v 91.487 		59.0573 		210.709
v 91.611 		59.0573 		210.584
v 186.864 		59.043 		35.531
v 91.75 		59.0573 		210.476
v 91.903 		59.0573 		210.387
v 92.067 		59.0573 		210.318
v 90.2908 		59.0572 		208.896
v 90.188 		59.0572 		208.976
v 90.112 		59.0572 		209.053
v 186.173 		59.043 		34.114
v 186.464 		59.043 		34.555
v 185 		59.043 		33.072
v 185.435 		59.043 		33.366
v 184.531 		59.043 		32.838
v 183.853 		59.043 		32.631
v 183 		59.058 		32.532
v 135.338 		74.598 		220.121
v 135.617 		74.202 		220.023
v 135.8781 		73.7575 		220.1446
v 164.002 		59.0434 		37.599
v 164.002 		59.0434 		38.1
v 164.002 		58.999 		37.599
v 159.962 		59.0434 		38.1
v 159.962 		59.043 		32.631
v 135.012 		76.332 		220.552
v 159.962 		59.058 		32.532
v 134.97 		75.891 		220.442
v 135.1648 		76.7648 		220.6218
v 135.1459 		76.7119 		220.6134
v 135.0157 		76.3452 		220.5552
v 134.9497 		75.8859 		220.4824
v 134.9583 		75.9491 		220.4924
v 135.0114 		76.3319 		220.5531
v 135.012 		76.3337 		220.5534
v 135.012 		75.45 		220.333
v 135.135 		75.017 		220.225
v 134.9724 		75.4366 		220.4111
v 134.9664 		75.5604 		220.4307
v 135.1635 		74.7929 		220.3089
v 135.0775 		74.9913 		220.3404
v 135.0341 		75.1744 		220.3695
v 62.686 		56.143 		40.241
v 62.9317 		56.143 		40.1563
v 63.2351 		56.143 		40.0925
v 64.58 		56.143 		39.825
v 64.117 		56.143 		39.658
v 64.963 		56.143 		40.233
v 65.0438 		56.143 		40.8191
v 65.0152 		56.143 		40.6947
v 65.037 		56.143 		40.887
v 63.718 		56.143 		40.024
v 64.202 		56.143 		40.092
v 64.493 		56.143 		40.295
v 64.59 		56.143 		40.634
v 64.5844 		56.143 		40.681
v 64.4955 		56.143 		40.9253
v 56.629 		56.143 		43.347
v 57.095 		56.143 		42.948
v 57.095 		56.143 		41.592
v 57.2911 		56.143 		41.597
v 57.095 		56.143 		41.192
v 57.668 		56.143 		41.192
v 58.748 		56.143 		41.874
v 58.505 		56.143 		41.545
v 57.8361 		56.143 		41.6281
v 57.9443 		56.143 		41.6707
v 58.1702 		56.143 		41.8006
v 58.2235 		56.143 		41.8914
v 58.101 		56.143 		41.317
v 58.829 		56.143 		42.305
v 58.684 		56.143 		42.885
v 58.302 		56.143 		42.522
v 58.3091 		56.143 		42.2933
v 57.3534 		56.143 		42.9277
v 58.1728 		56.143 		42.7495
v 58.1258 		56.143 		42.7745
v 58.3188 		56.143 		42.1407
v 58.3255 		56.143 		42.205
v 58.2152 		56.143 		42.6872
v 57.8978 		56.143 		42.8974
v 57.633 		56.143 		42.9277
v 60.257 		56.143 		41.388
v 60.257 		56.143 		41.802
v 60.257 		56.143 		42.934
v 57.524 		56.143 		43.347
v 58.249 		56.143 		43.232
v 59.791 		56.143 		43.347
v 63.266 		56.143 		41.57
v 62.96 		56.143 		41.805
v 62.9118 		56.143 		41.8926
v 61.81 		56.143 		41.388
v 61.81 		56.143 		41.802
v 62.734 		56.143 		42.468
v 62.8915 		56.143 		42.9392
v 62.823 		56.143 		42.851
v 61.906 		56.143 		42.934
v 62.7522 		56.143 		42.3607
v 63.281 		56.143 		42.753
v 63.2 		56.143 		42.461
v 63.318 		56.143 		42.107
v 64.4499 		56.143 		40.9956
v 64.0665 		56.143 		41.2053
v 63.921 		56.143 		41.277
v 64.036 		56.143 		41.718
v 64.67 		56.143 		41.416
v 64.91 		56.143 		41.176
v 64.823 		56.143 		42.789
v 64.07 		56.143 		42.974
v 63.524 		56.143 		42.927
v 62.9407 		56.143 		44.52
v 62.525 		56.143 		44.52
v 61.573 		56.143 		44.754
v 63.1414 		56.143 		43.1997
v 63.2123 		56.143 		43.2403
v 63.3499 		56.143 		43.2688
v 61.906 		56.143 		43.347
v 64.472 		56.143 		44.649
v 64.2675 		56.143 		44.6079
v 65.384 		56.143 		45.003
v 63.6422 		56.143 		43.3761
v 63.8878 		56.143 		43.3959
v 64.1001 		56.143 		43.3838
v 64.8393 		56.143 		43.2454
v 64.986 		56.143 		43.204
v 60.405 		56.143 		45.33
v 59.642 		56.143 		45.942
v 59.029 		56.143 		46.706
v 60.091 		56.143 		46.683
v 60.2792 		56.143 		46.5027
v 186.982 		93.366 		122.951
v -136.935 		88.184 		117.924
v 186.982 		92.998 		123.302
v -136.7 		88.38 		117.999
v 186.735 		92.924 		123.12
v 186.982 		92.183 		123.785
v 186.982 		92.601 		123.582
v 186.735 		92.545 		123.388
v 186.5 		92.468 		123.12
v 186.982 		91.749 		123.908
v -60 		59.057 		205.763
v 186.982 		91.308 		123.949
v -59.895 		59.057 		205.215
v -59.75 		59.057 		204.996
v -59.554 		59.057 		206.705
v -59.289 		59.057 		206.828
v -59 		59.057 		206.877
v 186.982 		90.866 		123.908
v 186.735 		91.73 		123.7
v 186.735 		91.308 		123.739
v 186.735 		92.145 		123.582
v 186.5 		92.092 		123.302
v -57.282 		63 		200.25
v -57.344 		63 		199.796
v 186.5 		91.703 		123.413
v -57.338 		63 		201.161
v -57.28 		63 		200.707
v 186.5 		91.308 		123.45
v -57.282 		59.0566 		200.25
v -57.28 		59.0567 		200.707
v -57.344 		59.0566 		199.796
v -57.344 		59.0567 		201.1837
v -57.338 		59.0567 		201.161
v -59 		59.057 		204.65
v -59.383 		59.057 		204.727
v -64.267 		59.057 		204.65
v -59.212 		63 		203.625
v -58.816 		63 		203.395
v -58.455 		63 		203.114
v -58.132 		63 		202.789
v -60.987 		63 		203.986
v -60.529 		63 		203.985
v -60.076 		63 		203.922
v -59.634 		63 		203.802
v 186.735 		90.886 		123.7
v -57.855 		63 		202.425
v -57.628 		63 		202.027
v -57.455 		63 		201.603
v -59.878 		63 		201.506
v -60.017 		63 		201.614
v 94.439 		63 		208.679
v 94.041 		63 		208.452
v 93.617 		63 		208.278
v -60.17 		63 		201.703
v 93.174 		63 		208.162
v 92.72 		63 		208.104
v 92.263 		63 		208.106
v 91.809 		63 		208.168
v 91.367 		63 		208.288
v 90.945 		63 		208.465
v 90.549 		63 		208.695
v -59.446 		63 		200.751
v -59.491 		63 		200.922
v -60.334 		63 		201.772
v -61.366 		63 		201.709
v -60.504 		63 		201.818
v -60.679 		63 		201.843
v 184.002 		59.0448 		57.599
v -89.45 		104.004 		41.009
v -89.526 		103.978 		41.003
v -89.369 		104.024 		41.014
v -89.285 		104.035 		41.017
v -89.2 		104.039 		41.018
v 94.439 		59.0572 		208.679
v 94.208 		59.0572 		208.5472
v -89.115 		104.035 		41.017
v 93 		59.057 		206.877
v 92.72 		59.0571 		208.104
v 92.263 		59.0571 		208.106
v 91.809 		59.0571 		208.168
v 91.367 		59.0571 		208.288
v 90.945 		59.0571 		208.465
v 90.549 		59.0572 		208.695
v 94.041 		59.0571 		208.452
v 93.617 		59.0571 		208.278
v 93.174 		59.0571 		208.162
v -89.597 		103.945 		40.995
v 184.002 		58.999 		57.599
v 184.002 		59.0435 		42.438
v -89.988 		104.307 		41.033
v -89.695 		104.425 		41.062
v -89.847 		104.373 		41.049
v 176.0211 		59.054 		168.381
v 141.783 		73.574 		219.156
v 141.965 		73.327 		219.316
v 131.072 		59.0519 		142.2147
v 147.626 		60.695 		99.332
v 147.626 		59.0484 		99.332
v -137 		88.1466 		117.9098
v -136.113 		89.462 		117.598
v -136.113 		89.617 		117.267
v -135.968 		89.919 		117.598
v -136.113 		89.801 		116.967
v -135.968 		90.07 		117.352
v -136.286 		89.164 		117.352
v -136.286 		89.344 		116.967
v -136.482 		88.742 		117.602
v -137 		88.184 		117.7524
v 60.8367 		56.143 		46.0141
v 61.1374 		56.143 		45.8408
v 58.558 		56.143 		47.565
v 58.284 		56.143 		48.505
v 59.083 		56.143 		48.886
v 59.278 		56.143 		48.092
v 59.607 		56.143 		47.344
v 63.9516 		56.143 		45.3268
v 64.4873 		56.143 		45.4829
v 61.8018 		56.143 		45.5123
v 61.9665 		56.143 		45.456
v 62.6943 		56.143 		45.3122
v 62.952 		56.143 		45.273
v 63.2122 		56.143 		45.2784
v 64.823 		56.143 		45.573
v 47.5345 		56.143 		50.1127
v 47.5887 		56.143 		49.7002
v 47.433 		56.143 		50.773
v 46.809 		56.143 		49.3326
v 46.7961 		56.143 		49.8894
v 46.7282 		56.143 		50.2292
v 46.596 		56.143 		50.771
v 47.5549 		56.143 		49.3902
v 47.078 		56.143 		51.685
v 45.8142 		56.143 		52.1092
v 45.6603 		56.143 		52.3194
v 46.266 		56.143 		51.519
v 45.3998 		56.143 		52.5481
v 46.569 		56.143 		52.521
v 58.177 		56.143 		49.478
v 58.22 		56.143 		50.13
v 58.455 		56.143 		51.089
v 59.4242 		56.143 		51.1501
v 59.3093 		56.143 		50.865
v 59.19 		56.143 		50.512
v 59.065 		56.143 		49.704
v 59.551 		56.143 		51.407
v 70.27 		56.143 		39.679
v 69.804 		56.143 		39.679
v 68.073 		56.143 		39.679
v 65.958 		56.143 		39.679
v 68.073 		56.143 		40.09
v 66.424 		56.143 		40.09
v 79.556 		56.143 		39.628
v 79.093 		56.143 		39.628
v 81.684 		56.143 		39.628
v 81.105 		56.143 		39.628
v 81.237 		56.143 		40.33
v 81.253 		56.143 		40.33
v 66.424 		56.143 		41.388
v 66.424 		56.143 		42.934
v 66.424 		56.143 		41.802
v 68.073 		56.143 		42.934
v 68.754 		56.143 		42.934
v 67.977 		56.143 		41.388
v 67.977 		56.143 		41.802
v 65.958 		56.143 		43.347
v 68.073 		56.143 		43.347
v 68.754 		56.143 		43.347
v 71.316 		56.143 		43.347
v 69.804 		56.143 		42.934
v 71.316 		56.143 		42.934
v 70.27 		56.143 		42.934
v 66.928 		56.143 		46.189
v 66.221 		56.143 		45.511
v 65.54 		56.143 		45.966
v 65.9748 		56.143 		46.3142
v 66.2353 		56.143 		46.5426
v 68.0274 		56.143 		48.2863
v 67.8942 		56.143 		47.8935
v 68.1146 		56.143 		48.7231
v 67.653 		56.143 		47.272
v 66.6872 		56.143 		47.1335
v 66.841 		56.143 		47.344
v 67.171 		56.143 		48.092
v 67.2328 		56.143 		48.3449
v 67.3773 		56.143 		49.072
v 79.528 		56.143 		42.938
v 79.508 		56.143 		42.938
v 81.684 		56.143 		43.628
v 81.217 		56.143 		43.628
v 79.668 		56.143 		43.628
v 79.093 		56.143 		43.628
v 81.3367 		56.143 		45.0225
v 81.051 		56.143 		45.148
v 80.878 		56.143 		45.2636
v 80.1727 		56.143 		45.8047
v 80.016 		56.143 		45.942
v 79.403 		56.143 		46.706
v 80.465 		56.143 		46.683
v 80.6532 		56.143 		46.5027
v 81.2107 		56.143 		46.0141
v 81.3553 		56.143 		45.9179
v 78.932 		56.143 		47.565
v 78.658 		56.143 		48.505
v 79.457 		56.143 		48.886
v 79.652 		56.143 		48.092
v 79.981 		56.143 		47.344
v 83.916 		56.143 		39.628
v 83.497 		56.143 		39.628
v 82.363 		56.143 		39.628
v 82.774 		56.143 		39.628
v 82.7719 		56.143 		40.4003
v 83.701 		56.143 		40.365
v 83.717 		56.143 		40.365
v 84.663 		56.143 		39.628
v 85.078 		56.143 		39.628
v 85.993 		56.143 		39.628
v 85.993 		56.143 		39.962
v 86.795 		56.143 		40.016
v 88.093 		56.143 		39.628
v 88.093 		56.143 		39.962
v 87.298 		56.143 		40.016
v 82.7705 		56.143 		42.1893
v 82.7359 		56.143 		42.8713
v 84.6651 		56.143 		41.4248
v 84.6666 		56.143 		42.2086
v 84.6927 		56.143 		42.8772
v 82.363 		56.143 		43.628
v 83.03 		56.143 		43.628
v 82.1586 		56.143 		44.6825
v 83.225 		56.143 		44.499
v 82.5653 		56.143 		44.6012
v 82.723 		56.143 		43.128
v 82.747 		56.143 		43.128
v 85.993 		56.143 		43.289
v 84.396 		56.143 		43.628
v 85.078 		56.143 		43.628
v 85.993 		56.143 		43.628
v 84.703 		56.143 		43.12
v 84.679 		56.143 		43.12
v 84.204 		56.143 		44.52
v 85.758 		56.143 		45.003
v 84.846 		56.143 		44.649
v 86.795 		56.143 		43.236
v 88.093 		56.143 		43.289
v 87.298 		56.143 		43.236
v 88.093 		56.143 		43.628
v 82.0204 		56.143 		45.5894
v 82.259 		56.143 		45.484
v 83.053 		56.143 		45.29
v 83.871 		56.143 		45.273
v 84.1284 		56.143 		45.3122
v 84.8555 		56.143 		45.456
v 85.0205 		56.143 		45.5123
v 85.6856 		56.143 		45.8408
v 85.914 		56.143 		45.966
v 87.8649 		56.143 		47.0051
v 88.0729 		56.143 		47.3653
v 88.445 		56.143 		48.505
v 88.1601 		56.143 		47.6647
v 87.518 		56.143 		46.434
v 87.3807 		56.143 		46.2773
v 87.573 		56.143 		48.1745
v 87.6068 		56.143 		48.3449
v 86.7517 		56.143 		45.6483
v 86.595 		56.143 		45.511
v 86.1172 		56.143 		46.1288
v 86.6747 		56.143 		46.6174
v 87.0038 		56.143 		47.0678
v 87.2535 		56.143 		47.4217
v 87.4784 		56.143 		47.9315
v 87.739 		56.143 		48.886
v 98.05 		56.143 		41.326
v 97.073 		56.143 		48.459
v 97.637 		56.143 		46.933
v 97.5446 		56.143 		47.1193
v 97.4574 		56.143 		47.4191
v 98.215 		56.143 		46.142
v 98.2205 		56.143 		47.464
v 97.779 		56.143 		48.84
v 97.8519 		56.143 		48.4747
v 97.914 		56.143 		48.2218
v 98.1158 		56.143 		47.7025
v 68.1627 		56.143 		49.7002
v 68.1289 		56.143 		49.3902
v 67.8685 		56.143 		51.1807
v 67.9355 		56.143 		50.9836
v 68.1085 		56.143 		50.1127
v 67.383 		56.143 		49.3326
v 67.3707 		56.143 		49.8894
v 67.3032 		56.143 		50.2292
v 67.171 		56.143 		50.771
v 67.476 		56.143 		51.9767
v 67.326 		56.143 		52.25
v 66.9461 		56.143 		51.2807
v 66.7926 		56.143 		51.5916
v 66.4634 		56.143 		52.0414
v 66.3007 		56.143 		52.2446
v 78.551 		56.143 		49.478
v 78.594 		56.143 		50.13
v 78.829 		56.143 		51.089
v 79.926 		56.143 		51.407
v 79.564 		56.143 		50.512
v 79.439 		56.143 		49.704
v 88.4014 		56.143 		50.6707
v 88.5172 		56.143 		49.7882
v 88.551 		56.143 		49.478
v 88.2583 		56.143 		51.0926
v 87.7513 		56.143 		49.4434
v 87.7513 		56.143 		49.7906
v 87.6068 		56.143 		50.5178
v 87.545 		56.143 		50.771
v 87.518 		56.143 		52.521
v 87.6801 		56.143 		52.2547
v 88.1251 		56.143 		51.4853
v 87.215 		56.143 		51.519
v 86.732 		56.143 		52.179
v 86.5438 		56.143 		52.3596
v 96.967 		56.143 		49.433
v 97.137 		56.143 		50.726
v 97.3789 		56.143 		51.3482
v 97.4458 		56.143 		51.5453
v 97.6538 		56.143 		51.9056
v 98.1982 		56.143 		51.2354
v 97.914 		56.143 		50.5492
v 97.8462 		56.143 		50.2093
v 97.761 		56.143 		49.658
v 99.733 		56.143 		39.436
v 104.704 		56.143 		40.568
v 99.737 		56.143 		40.572
v 99.737 		56.143 		42.08
v 102.0708 		56.143 		44.4397
v 101.6571 		56.143 		44.4665
v 99.7797 		56.143 		44.9623
v 100.053 		56.143 		44.812
v 100.994 		56.143 		44.538
v 99.733 		56.143 		43.212
v 104.173 		56.143 		44.957
v 103.261 		56.143 		44.602
v 102.9527 		56.143 		44.5549
v 104.704 		56.143 		42.08
v 102.2796 		56.143 		45.2321
v 98.6975 		56.143 		45.6806
v 99.0096 		56.143 		45.4074
v 98.317 		56.143 		47.3194
v 98.606 		56.143 		46.843
v 99.172 		56.143 		46.252
v 99.832 		56.143 		45.768
v 100.58 		56.143 		45.439
v 101.375 		56.143 		45.245
v 101.9325 		56.143 		45.2321
v 105.011 		56.143 		45.465
v 102.5326 		56.143 		45.2938
v 105.7868 		56.143 		46.2204
v 105.4928 		56.143 		45.9264
v 103.0832 		56.143 		45.379
v 103.7694 		56.143 		45.6632
v 104.008 		56.143 		45.768
v 104.668 		56.143 		46.252
v 105.0537 		56.143 		46.6547
v 105.2824 		56.143 		46.9153
v 106.297 		56.143 		46.933
v 105.9024 		56.143 		46.3939
v 106.389 		56.143 		47.1193
v 105.6538 		56.143 		47.5593
v 105.8067 		56.143 		47.8702
v 105.9621 		56.143 		48.4045
v 106.0242 		56.143 		48.6574
v 106.7291 		56.143 		47.9405
v 106.8368 		56.143 		48.3425
v 106.924 		56.143 		48.78
v 115.995 		56.143 		39.646
v 115.369 		56.143 		39.798
v 116.5438 		56.143 		39.6386
v 116.1153 		56.143 		39.6407
v 115.369 		56.143 		40.241
v 115.717 		56.143 		40.121
v 116.401 		56.143 		40.024
v 117.3018 		56.143 		39.8473
v 117.2242 		56.143 		39.8026
v 118.641 		56.143 		39.679
v 116.7575 		56.143 		39.6742
v 117.7395 		56.143 		40.6901
v 117.63 		56.143 		40.3032
v 117.6051 		56.143 		40.1448
v 117.3756 		56.143 		39.9449
v 116.885 		56.143 		40.092
v 117.176 		56.143 		40.295
v 117.273 		56.143 		40.634
v 117.2596 		56.143 		40.747
v 117.2225 		56.143 		40.8487
v 117.6985 		56.143 		40.9245
v 119.107 		56.143 		40.09
v 120.756 		56.143 		40.09
v 120.756 		56.143 		39.679
v 121.766 		56.143 		39.679
v 122.233 		56.143 		40.09
v 123.83 		56.143 		40.09
v 123.83 		56.143 		39.679
v 115.8615 		56.143 		41.6215
v 115.6885 		56.143 		41.8023
v 115.58 		56.143 		41.899
v 116.1467 		56.143 		41.4719
v 116.2752 		56.143 		41.4116
v 116.4989 		56.143 		41.2984
v 116.4013 		56.143 		41.8726
v 116.6656 		56.143 		41.7362
v 115.4826 		56.143 		42.1207
v 115.4382 		56.143 		42.2506
v 115.4459 		56.143 		42.6213
v 115.4689 		56.143 		42.7712
v 115.608 		56.143 		42.9971
v 116.3675 		56.143 		42.9408
v 116.207 		56.143 		42.927
v 116.6527 		56.143 		42.9818
v 115.964 		56.143 		42.753
v 115.883 		56.143 		42.461
v 115.9148 		56.143 		42.3
v 115.9495 		56.143 		42.196
v 116.0328 		56.143 		42.066
v 117.147 		56.143 		40.98
v 117.536 		56.143 		41.262
v 117.6412 		56.143 		41.0686
v 117.675 		56.143 		41.0177
v 117.1238 		56.143 		41.5364
v 117.3108 		56.143 		41.4244
v 117.506 		56.143 		42.789
v 117.1798 		56.143 		42.8892
v 116.9584 		56.143 		42.9436
v 115.6762 		56.143 		43.0853
v 115.7902 		56.143 		43.1383
v 116.0232 		56.143 		43.3013
v 116.2784 		56.143 		43.3152
v 116.7317 		56.143 		43.3935
v 117.669 		56.143 		43.204
v 118.641 		56.143 		43.347
v 118.2022 		56.143 		44.7151
v 117.58 		56.143 		44.957
v 118.5949 		56.143 		44.5816
v 116.995 		56.143 		43.378
v 119.107 		56.143 		41.802
v 120.66 		56.143 		41.802
v 119.107 		56.143 		42.934
v 120.66 		56.143 		41.388
v 120.756 		56.143 		42.934
v 119.107 		56.143 		41.388
v 120.1992 		56.143 		44.4868
v 119.8908 		56.143 		44.4397
v 119.4768 		56.143 		44.4665
v 120.756 		56.143 		43.347
v 121.766 		56.143 		43.347
v 121.7947 		56.143 		44.8582
v 121.5035 		56.143 		44.7451
v 122.233 		56.143 		43.347
v 115.9086 		56.143 		46.3073
v 116.5863 		56.143 		45.6023
v 116.1038 		56.143 		46.0636
v 116.743 		56.143 		45.465
v 116.3776 		56.143 		46.9153
v 116.6063 		56.143 		46.6547
v 116.992 		56.143 		46.252
v 117.2022 		56.143 		46.0978
v 117.819 		56.143 		45.6862
v 118.0575 		56.143 		45.5814
v 118.5768 		56.143 		45.379
v 115.317 		56.143 		47.245
v 114.893 		56.143 		48.459
v 115.167 		56.143 		47.518
v 115.5933 		56.143 		49.1005
v 115.599 		56.143 		48.84
v 115.794 		56.143 		48.046
v 116.0182 		56.143 		47.5356
v 116.1711 		56.143 		47.2247
v 122.832 		56.143 		45.465
v 122.5654 		56.143 		45.3032
v 119.1281 		56.143 		45.2938
v 119.381 		56.143 		45.2321
v 119.6416 		56.143 		45.226
v 120.1984 		56.143 		45.239
v 120.5636 		56.143 		45.3112
v 120.9035 		56.143 		45.379
v 121.5904 		56.143 		45.6632
v 121.829 		56.143 		45.768
v 122.489 		56.143 		46.252
v 122.6693 		56.143 		46.4402
v 124.6578 		56.143 		48.3425
v 124.617 		56.143 		48.138
v 123.9161 		56.143 		46.6549
v 124.263 		56.143 		47.226
v 123.6852 		56.143 		46.3096
v 123.0569 		56.143 		45.6806
v 141.457 		73.152 		219.272
v 142.11 		73.123 		219.504
v 141.568 		72.936 		219.457
v 142.215 		72.965 		219.716
v 141.648 		72.77 		219.667
v 142.279 		72.856 		219.949
v 142.1562 		72.7996 		219.9926
v 142.2833 		72.8443 		219.9997
v 93.93 		59.057 		205.308
v 93.989 		59.057 		205.963
v 93.823 		59.057 		206.421
v 93.554 		59.057 		204.822
v 93.75 		59.057 		204.996
v 93.554 		59.057 		206.705
v 93.321 		59.057 		206.821
v 89.866 		63 		209.302
v 89.588 		63 		209.665
v 89.361 		63 		210.063
v 89.188 		63 		210.487
v 89.071 		63 		210.929
v 89.013 		63 		211.383
v 89.016 		63 		211.841
v 89.077 		63 		212.295
v 89.197 		63 		212.736
v 89.071 		59.0574 		210.929
v 89.188 		59.0573 		210.487
v 89.013 		59.0574 		211.383
v 89.016 		59.0575 		211.841
v 89.077 		59.0575 		212.295
v 89.197 		59.0575 		212.736
v 89.866 		59.0572 		209.302
v 89.588 		59.0573 		209.665
v 89.361 		59.0573 		210.063
v 93 		59.057 		204.65
v 93.321 		59.057 		204.705
v 65.536 		59.058 		217.812
v 81 		59.057 		206.877
v 77.824 		59.057 		206.877
v 80.004 		59.057 		205.596
v 80.021 		59.057 		206.062
v 80.25 		59.057 		206.531
v 80.446 		59.057 		206.705
v 80.192 		59.057 		205.076
v 80.055 		59.057 		205.337
v 73.996 		59.057 		205.596
v 73.989 		59.057 		205.963
v 73.895 		59.057 		206.311
v 73.75 		59.057 		206.531
v 73.866 		59.057 		205.156
v 73 		59.057 		206.877
v 73.321 		59.057 		206.821
v 81 		59.057 		204.65
v 80.617 		59.057 		204.727
v 141.697 		72.656 		219.9
v 141.7013 		72.6398 		219.9673
v 141.5257 		72.5972 		219.9605
v 140.365 		72.947 		219.222
v 140.921 		73.025 		219.241
v 140.996 		72.8 		219.423
v 140.403 		72.718 		219.403
v -89.765 		103.811 		40.961
v -89.718 		103.861 		40.974
v -89.661 		103.905 		40.985
v -136.482 		88.903 		117.136
v -136.7 		88.683 		116.955
v -136.7 		88.507 		117.463
v -136.935 		88.32 		117.352
v -136.935 		88.507 		116.81
v -137 		88.2842 		117.331
v -86.89 		106.531 		40.4
v -86.785 		106.689 		40.188
v -86.7604 		106.7309 		40.0984
v -86.9987 		106.8169 		40.1121
v -86.4097 		106.5589 		40.0712
v -137 		88.3358 		117.1817
v -137 		88.4736 		116.7824
v -87.352 		106.885 		40.237
v -87.3297 		106.9368 		40.1311
v -87.6237 		107.01 		40.1427
v -87.95 		107.027 		40.272
v -87.9333 		107.0868 		40.1549
v -137 		88.0636 		118.5096
v -87.432 		106.718 		40.447
v -136.113 		90.011 		116.705
v 73 		59.057 		204.65
v 73.321 		59.057 		204.705
v 141.05 		72.628 		219.632
v 140.43 		72.541 		219.611
v 141.083 		72.51 		219.863
v 140.447 		72.421 		219.841
v 141.083 		72.51 		219.863
v 141.083 		72.51 		219.863
v 141.083 		72.51 		219.863
v 61 		59.057 		206.877
v 57.344 		59.057 		206.877
v 141.0865 		72.4904 		219.9435
v 60.021 		59.057 		206.062
v 60.004 		59.057 		205.596
v 60.177 		59.057 		206.421
v -136.286 		90.07 		116.058
v 60.055 		59.057 		205.337
v -136.286 		89.558 		116.62
v -136.286 		89.801 		116.315
v -136.482 		89.344 		116.315
v 183.5 		59.0465 		78.5968
v -136.482 		89.105 		116.705
v -136.482 		89.617 		115.973
v 147.626 		60.695 		84.332
v 147.626 		59.0472 		84.332
v 140.8738 		72.4599 		219.9387
v 140.4491 		72.3992 		219.9291
v 137.2613 		59.0476 		89.5304
v 144.626 		59.0472 		84.332
v 144.626 		59.0482 		96.332
v 144.626 		60.695 		96.332
v -136.7 		89.164 		116.058
v 144.626 		60.695 		84.332
v 60.192 		59.057 		205.076
v 60.446 		59.057 		206.705
v 60.679 		59.057 		206.821
v -136.7 		88.903 		116.484
v -136.935 		88.742 		116.308
v 53.996 		59.057 		205.596
v 53.989 		59.057 		205.963
v 53.895 		59.057 		206.311
v 53.75 		59.057 		206.531
v 53.866 		59.057 		205.156
v 53.321 		59.057 		206.821
v 53 		59.057 		206.877
v -136.935 		89.021 		115.853
v -137 		88.5383 		116.6442
v -137 		88.7115 		116.2743
v -137 		88.7881 		116.1493
v -137 		88.9936 		115.8141
v -136.935 		89.691 		115.119
v -136.7 		89.792 		115.37
v -136.935 		90.07 		114.852
v 61 		59.057 		204.65
v 60.617 		59.057 		204.727
v -136.482 		89.919 		115.684
v 140.217 		72.3886 		219.9274
v -60.856 		63 		201.842
v -61.031 		63 		201.821
v -61.203 		63 		201.775
v -59.558 		63 		201.086
v -59.645 		63 		201.24
v 141.318 		73.414 		219.117
v -59.753 		63 		201.381
v -63.395 		63 		202.812
v -63.07 		63 		203.135
v -62.706 		63 		203.411
v -62.308 		63 		203.638
v -61.884 		63 		203.812
v -61.441 		63 		203.928
v -61.661 		63 		201.514
v -61.786 		63 		201.389
v -61.52 		63 		201.62
v -62.052 		63 		200.933
v -62.099 		63 		200.763
v 141.153 		73.717 		218.992
v -61.895 		63 		201.249
v -61.984 		63 		201.096
v -64.265 		63 		200.737
v 140.827 		73.297 		219.088
v -64.203 		63 		201.191
v -64.083 		63 		201.633
v 140.318 		73.226 		219.07
v -63.906 		63 		202.055
v -63.676 		63 		202.45
v -57.464 		63 		199.354
v -57.641 		63 		198.932
v -57.872 		63 		198.536
v -58.152 		63 		198.174
v -58.477 		63 		197.852
v -58.842 		63 		197.575
v -59.239 		63 		197.348
v -59.653 		63 		199.737
v -59.564 		63 		199.89
v -59.495 		63 		200.053
v -59.449 		63 		200.224
v -59.424 		63 		200.399
v -59.423 		63 		200.576
v 140.715 		73.613 		218.966
v -61.377 		63 		199.283
v -61.214 		63 		199.215
v -61.043 		63 		199.168
v -60.867 		63 		199.144
v -60.691 		63 		199.144
v -59.886 		63 		199.472
v -59.761 		63 		199.597
v -60.515 		63 		199.166
v -60.344 		63 		199.21
v -60.18 		63 		199.278
v -60.027 		63 		199.366
v -60.56 		63 		197
v -61.017 		63 		197.002
v -59.663 		63 		197.175
v -60.106 		63 		197.058
v -61.794 		63 		199.606
v -61.67 		63 		199.481
v -62.056 		63 		200.064
v -61.989 		63 		199.9
v -62.122 		63 		200.588
v -62.123 		63 		200.411
v -61.901 		63 		199.747
v -62.102 		63 		200.236
v -136.7 		89.462 		115.684
v -61.53 		63 		199.372
v -64.209 		63 		199.826
v -64.267 		63 		200.28
v -63.919 		63 		198.959
v -64.093 		63 		199.383
v -61.471 		63 		197.064
v -61.913 		63 		197.184
v -62.336 		63 		197.361
v -62.731 		63 		197.592
v -63.093 		63 		197.872
v -63.415 		63 		198.198
v -63.692 		63 		198.562
v -60.987 		59.057 		203.986
v -61.44 		59.0569 		203.9281
v -60.529 		59.057 		203.985
v -60.076 		59.0569 		203.922
v -59.634 		59.0569 		203.802
v -59.212 		59.0569 		203.625
v -58.816 		59.0569 		203.395
v -58.455 		59.0569 		203.114
v -58.132 		59.0568 		202.789
v -58.1038 		59.0568 		202.752
v -57.855 		59.0568 		202.425
v -57.628 		59.0568 		202.027
v -57.455 		59.0568 		201.603
v -59.878 		59.0567 		201.506
v -60.017 		59.0568 		201.614
v -60.17 		59.0568 		201.703
v -59.446 		59.0567 		200.751
v -59.491 		59.0567 		200.922
v -136.935 		89.339 		115.455
v -60.334 		59.0568 		201.772
v -61.366 		59.0568 		201.709
v -61.44 		59.0568 		201.6662
v -60.504 		59.0568 		201.818
v -60.679 		59.0568 		201.843
v -60.856 		59.0568 		201.842
v -61.031 		59.0568 		201.821
v -61.203 		59.0568 		201.775
v -59.4398 		59.0567 		200.704
v -137 		89.3156 		115.4111
v -59.558 		59.0567 		201.086
v -137 		89.4122 		115.3187
v -137 		89.6715 		115.0711
v -59.645 		59.0567 		201.24
v -59.753 		59.0567 		201.381
v 61.634 		63 		203.114
v 61.957 		63 		202.789
v 62.234 		63 		202.425
v 62.461 		63 		202.027
v 62.634 		63 		201.603
v 62.751 		63 		201.161
v 62.809 		63 		200.707
v 140.261 		73.55 		218.951
v 61.634 		59.0569 		203.114
v 61.44 		59.0569 		203.265
v 61.957 		59.0568 		202.789
v 62.234 		59.0568 		202.425
v 62.461 		59.0568 		202.027
v 62.634 		59.0568 		201.603
v 62.809 		59.0567 		200.707
v 62.807 		59.0566 		200.25
v 62.7901 		59.0566 		200.1263
v 62.751 		59.0567 		201.161
v 61.273 		59.0569 		203.395
v 60.9872 		59.0569 		203.561
v 137.2632 		59.0459 		68.2336
v 62.807 		63 		200.25
v 62.745 		63 		199.796
v 62.625 		63 		199.354
v 62.448 		63 		198.932
v 62.217 		63 		198.536
v 61.937 		63 		198.174
v 61.612 		63 		197.852
v 57.383 		63 		203.411
v 57.781 		63 		203.638
v 58.205 		63 		203.812
v 58.648 		63 		203.928
v 59.102 		63 		203.986
v 59.56 		63 		203.985
v 60.013 		63 		203.922
v 60.455 		63 		203.802
v 60.877 		63 		203.625
v 61.273 		63 		203.395
v 60.211 		63 		201.506
v 60.072 		63 		201.614
v 59.919 		63 		201.703
v 60.643 		63 		200.751
v 60.598 		63 		200.922
v 59.755 		63 		201.772
v 59.585 		63 		201.818
v 59.41 		63 		201.843
v 60.531 		63 		201.086
v 171.8271 		59.045 		57.599
v 186.5 		90.912 		123.413
v 176.2443 		59.0448 		57.599
v 186.982 		90.433 		123.785
v 164.002 		59.045 		57.599
v 164.002 		58.999 		57.599
v 164.002 		59.0436 		40.1
v 186.735 		90.471 		123.582
v 186.5 		90.523 		123.302
v 186.5 		90.148 		123.12
v -137 		90.0553 		114.801
v -137 		89.776 		114.9977
v -137 		89.0813 		115.7043
v -137 		92.265 		114.658
v -136.935 		91.73 		114.54
v -136.935 		91.308 		114.5
v -136.935 		92.145 		114.658
v -137 		92.155 		114.6046
v 186.282 		91.67 		123.053
v 186.282 		90.589 		122.951
v 186.282 		90.945 		123.053
v 186.282 		92.026 		122.951
v -88.004 		106.854 		40.481
v -87.543 		106.502 		40.631
v 186.282 		91.308 		123.086
v 60.444 		63 		201.24
v 60.336 		63 		201.381
v 58.428 		63 		201.514
v 58.303 		63 		201.389
v 58.723 		63 		201.709
v 58.569 		63 		201.62
v 59.233 		63 		201.842
v 59.058 		63 		201.821
v 58.886 		63 		201.775
v 58.037 		63 		200.933
v 57.99 		63 		200.763
v 58.194 		63 		201.249
v 58.105 		63 		201.096
v 59.398 		63 		199.144
v 60.203 		63 		199.472
v 60.328 		63 		199.597
v 59.574 		63 		199.166
v 59.745 		63 		199.21
v 59.909 		63 		199.278
v 60.436 		63 		199.737
v 60.525 		63 		199.89
v 60.594 		63 		200.053
v 60.062 		63 		199.366
v 60.64 		63 		200.224
v 60.665 		63 		200.399
v 60.666 		63 		200.576
v 59.529 		63 		197
v 61.247 		63 		197.575
v 60.85 		63 		197.348
v 60.426 		63 		197.175
v 59.983 		63 		197.058
v 58.295 		63 		199.606
v 58.419 		63 		199.481
v 58.712 		63 		199.283
v 58.875 		63 		199.215
v 59.046 		63 		199.168
v 58.033 		63 		200.064
v 58.1 		63 		199.9
v 57.967 		63 		200.588
v 57.966 		63 		200.411
v 58.188 		63 		199.747
v 57.987 		63 		200.236
v 186.735 		89.691 		123.12
v 58.559 		63 		199.372
v 186.982 		89.25 		122.951
v 59.222 		63 		199.144
v 186.982 		90.014 		123.582
v 59.072 		63 		197.002
v 58.618 		63 		197.064
v 58.176 		63 		197.184
v 57.753 		63 		197.361
v 57.358 		63 		197.592
v 186.982 		89.617 		123.302
v 186.735 		90.07 		123.388
v 186.982 		94.431 		120.968
v 186.982 		94.235 		121.535
v 186.735 		94.295 		120.888
v 186.982 		94.573 		120.37
v -88.2645 		107.1344 		40.1625
v -88.5609 		107.1773 		40.1693
v -88.57 		107.113 		40.293
v -88.597 		106.937 		40.501
v 186.735 		94.431 		120.315
v -88.079 		106.63 		40.663
v 186.5 		94.235 		120.24
v -88.635 		106.707 		40.682
v -88.9118 		107.1944 		40.172
v 186.5 		94.339 		119.12
v -89.83 		107.113 		40.293
v -89.8391 		107.1773 		40.1693
v -89.2 		107.142 		40.3
v -89.2 		107.2082 		40.1742
v 186.735 		94.514 		119.723
v -89.5494 		107.1911 		40.1715
v 186.5 		94.313 		119.685
v -89.2 		106.964 		40.508
v -89.803 		106.937 		40.501
v -137 		91.308 		114.4447
v -137 		91.424 		114.4555
v -137 		91.735 		114.485
v -137 		91.8492 		114.5176
v -136.935 		90.471 		114.658
v -89.2 		106.733 		40.689
v -136.935 		90.886 		114.54
v -63.395 		59.0568 		202.812
v -63.4416 		59.0568 		202.752
v -63.07 		59.0569 		203.135
v -62.706 		59.0569 		203.411
v -62.308 		59.0569 		203.638
v -137 		90.8807 		114.485
v -137 		90.9971 		114.4742
v -61.884 		59.0569 		203.812
v -61.441 		59.0569 		203.928
v -63.676 		59.0568 		202.45
v -137 		90.461 		114.6046
v -61.661 		59.0567 		201.514
v -61.786 		59.0567 		201.389
v -137 		90.575 		114.572
v -61.52 		59.0568 		201.62
v -62.052 		59.0567 		200.933
v -62.099 		59.0567 		200.763
v 123.1579 		56.143 		46.9977
v 123.2544 		56.143 		47.1423
v 123.5822 		56.143 		47.8074
v 123.687 		56.143 		48.046
v 123.8199 		56.143 		48.5871
v 123.8877 		56.143 		48.927
v -62.1067 		59.0567 		200.704
v 99.172 		56.143 		52.519
v 98.7863 		56.143 		52.1163
v 98.5579 		56.143 		51.8557
v 98.3514 		56.143 		51.5463
v 106.079 		56.143 		49.658
v 106.0112 		56.143 		49.9979
v 106.0733 		56.143 		49.3974
v 105.926 		56.143 		50.5492
v 105.6377 		56.143 		51.2416
v 105.531 		56.143 		51.483
v 106.939 		56.143 		49.4472
v 106.939 		56.143 		49.8628
v 106.642 		56.143 		51.18
v 106.7469 		56.143 		50.8706
v 106.8368 		56.143 		50.5218
v 151.255 		59.0456 		64.776
v 150.548 		59.0457 		65.484
v 114.787 		56.143 		49.433
v 114.8156 		56.143 		49.8773
v 114.9032 		56.143 		50.3879
v 115.062 		56.143 		51.036
v 115.794 		56.143 		50.725
v 115.6611 		56.143 		50.1832
v 115.5933 		56.143 		49.8434
v 115.8509 		56.143 		52.47
v 115.457 		56.143 		51.933
v 116.992 		56.143 		52.519
v 116.6063 		56.143 		52.1163
v 116.3776 		56.143 		51.8557
v 116.1711 		56.143 		51.5463
v 116.0182 		56.143 		51.2354
v 124.788 		56.143 		49.433
v 124.7743 		56.143 		49.225
v 124.7246 		56.143 		50.1872
v 124.7539 		56.143 		49.7429
v 124.463 		56.143 		51.18
v 124.5324 		56.143 		50.9335
v 123.8602 		56.143 		49.9157
v 123.775 		56.143 		50.467
v 123.7193 		56.143 		50.6314
v 123.352 		56.143 		51.483
v 123.9 		56.143 		49.4844
v 123.8943 		56.143 		49.7446
v 123.431 		56.143 		51.3237
v 42.245 		56.849 		39.732
v 42.053 		56.849 		40.183
v 41.772 		56.849 		39.732
v 186.982 		94.659 		119.75
v 186.982 		94.688 		119.12
v 186.735 		94.541 		119.12
v 61.612 		59.0564 		197.852
v 61.44 		59.0564 		197.7215
v 62.745 		59.0566 		199.796
v 62.625 		59.0566 		199.354
v 62.448 		59.0565 		198.932
v 62.217 		59.0565 		198.536
v 61.937 		59.0565 		198.174
v 57.344 		59.0569 		203.3814
v 57.383 		59.0569 		203.411
v 57.781 		59.0569 		203.638
v 58.205 		59.0569 		203.812
v 58.648 		59.0569 		203.928
v 59.102 		59.057 		203.986
v 59.56 		59.057 		203.985
v 60.013 		59.0569 		203.922
v 60.455 		59.0569 		203.802
v 60.877 		59.0569 		203.625
v 60.211 		59.0567 		201.506
v 60.072 		59.0568 		201.614
v 59.919 		59.0568 		201.703
v 60.643 		59.0567 		200.751
v 60.598 		59.0567 		200.922
v 59.755 		59.0568 		201.772
v 59.585 		59.0568 		201.818
v 59.41 		59.0568 		201.843
v 59.392 		59.0568 		201.8429
v 60.6492 		59.0567 		200.704
v 60.531 		59.0567 		201.086
v 60.444 		59.0567 		201.24
v 60.336 		59.0567 		201.381
v 58.428 		59.0567 		201.514
v 58.303 		59.0567 		201.389
v 58.723 		59.0568 		201.709
v 58.569 		59.0568 		201.62
v 59.233 		59.0568 		201.842
v 59.058 		59.0568 		201.821
v 58.886 		59.0568 		201.775
v 58.037 		59.0567 		200.933
v 57.99 		59.0567 		200.763
v 57.9823 		59.0567 		200.704
v 58.194 		59.0567 		201.249
v 58.105 		59.0567 		201.096
v 59.398 		59.0566 		199.144
v 60.203 		59.0566 		199.472
v 60.328 		59.0566 		199.597
v 59.574 		59.0566 		199.166
v 59.745 		59.0566 		199.21
v 59.909 		59.0566 		199.278
v 60.436 		59.0566 		199.737
v 60.525 		59.0566 		199.89
v 60.594 		59.0566 		200.053
v 60.062 		59.0566 		199.366
v 60.64 		59.0566 		200.224
v 60.665 		59.0567 		200.399
v 60.666 		59.0567 		200.576
v 61.247 		59.0564 		197.575
v 60.85 		59.0564 		197.348
v 60.426 		59.0564 		197.175
v 59.983 		59.0564 		197.058
v 59.529 		59.0564 		197
v 59.392 		59.0564 		197.0006
v 58.295 		59.0566 		199.606
v 58.419 		59.0566 		199.481
v 58.712 		59.0566 		199.283
v 58.875 		59.0566 		199.215
v 59.046 		59.0566 		199.168
v 58.033 		59.0566 		200.064
v 58.1 		59.0566 		199.9
v 57.967 		59.0567 		200.588
v 57.966 		59.0567 		200.411
v 58.188 		59.0566 		199.747
v 57.987 		59.0566 		200.236
v 58.559 		59.0566 		199.372
v 59.222 		59.0566 		199.144
v 57.358 		59.0564 		197.592
v 57.344 		59.0564 		197.6028
v 59.072 		59.0564 		197.002
v 58.618 		59.0564 		197.064
v 58.176 		59.0564 		197.184
v 57.753 		59.0564 		197.361
v 53 		59.057 		204.65
v 53.321 		59.057 		204.705
v 55.88 		63 		199.826
v 55.822 		63 		200.28
v 55.824 		63 		200.737
v 55.886 		63 		201.191
v 56.006 		63 		201.633
v 56.183 		63 		202.055
v 56.413 		63 		202.45
v 56.694 		63 		202.812
v 57.019 		63 		203.135
v 56.996 		63 		197.872
v 56.674 		63 		198.198
v 56.397 		63 		198.562
v 56.17 		63 		198.959
v 55.996 		63 		199.383
v 55.822 		59.057 		204.65
v 56.694 		59.0568 		202.812
v 56.413 		59.0568 		202.45
v 57.019 		59.0569 		203.135
v 56.183 		59.0568 		202.055
v 56.006 		59.0568 		201.633
v 55.996 		59.0566 		199.383
v 55.88 		59.0566 		199.826
v 55.824 		59.0567 		200.737
v 55.822 		59.0566 		200.28
v 55.886 		59.0567 		201.191
v 56.397 		59.0565 		198.562
v 56.674 		59.0565 		198.198
v 56.17 		59.0565 		198.959
v 56.996 		59.0564 		197.872
v 41 		59.057 		206.877
v 40.446 		59.057 		206.705
v 40.679 		59.057 		206.821
v 41 		59.057 		204.65
v 40.617 		59.057 		204.727
v 183 		59.058 		217.812
v 153.567 		59.0454 		62.464
v 152.86 		59.0455 		63.172
v 157.1671 		59.0444 		49.9301
v 157.1628 		59.0444 		49.9294
v 156.6245 		59.0444 		49.7458
v 156.578 		59.0444 		49.735
v 158.8513 		59.0444 		50.0397
v 155.5951 		59.0444 		49.1677
v 158.887 		59.0444 		50.039
v 160.022 		59.0444 		49.735
v 186.982 		93.99 		122.06
v 160.9997 		59.0444 		49.1707
v 186.982 		93.698 		122.535
v 186.735 		93.873 		121.932
v 186.735 		93.594 		122.386
v 186.735 		93.276 		122.785
v 186.5 		93.451 		122.182
v 162.034 		59.0443 		48.072
v 161.482 		59.0443 		48.76
v 162.7576 		59.0441 		46.1874
v 162.4644 		59.0442 		47.2784
v 162.7809 		59.044 		45.2824
v 162.7626 		59.0441 		46.1293
v 162.457 		59.0442 		47.3
v -61.895 		59.0567 		201.249
v -61.984 		59.0567 		201.096
v -63.906 		59.0568 		202.055
v -64.083 		59.0568 		201.633
v -64.265 		59.0567 		200.737
v -64.2651 		59.0567 		200.704
v -64.203 		59.0567 		201.191
v -58.477 		59.0564 		197.852
v -58.842 		59.0564 		197.575
v -59.239 		59.0564 		197.348
v -59.392 		59.0564 		197.2856
v -57.464 		59.0566 		199.354
v -57.641 		59.0565 		198.932
v -57.872 		59.0565 		198.536
v -58.152 		59.0565 		198.174
v -59.697 		59.0566 		199.68
v -59.653 		59.0566 		199.737
v -59.564 		59.0566 		199.89
v -59.495 		59.0566 		200.053
v -59.449 		59.0566 		200.224
v -59.424 		59.0566 		200.399
v -59.423 		59.0567 		200.576
v -61.44 		59.0566 		199.3196
v -61.377 		59.0566 		199.283
v -89.765 		106.707 		40.682
v -85.7677 		106.1703 		40.0095
v -85.785 		106.152 		40.055
v -85.368 		105.82 		39.972
v -85.3947 		105.8549 		39.9594
v -85.535 		105.7 		40.194
v -85.934 		106.018 		40.273
v -85.765 		105.548 		40.394
v -85.3607 		105.8262 		39.9549
v -85.8703 		106.2366 		40.02
v -85.199 		105.349 		40.107
v -84.932 		104.969 		40.013
v -85.199 		104.863 		40.225
v -85.45 		105.218 		40.313
v -85.017 		104.488 		40.131
v -85.765 		105.065 		40.495
v -85.535 		104.739 		40.415
v -85.934 		104.599 		40.58
v -85.1736 		105.6168 		39.9216
v -84.738 		104.569 		39.913
v -84.6073 		104.6134 		39.7624
v -84.738 		104.9395 		39.8141
v 186.5 		93.153 		122.555
v -84.7775 		105.0383 		39.8298
v 186.5 		92.823 		122.87
v -85.028 		105.4467 		39.8946
v -85.011 		105.4191 		39.8902
v -61.214 		59.0566 		199.215
v -61.043 		59.0566 		199.168
v -60.867 		59.0565 		199.144
v -60.691 		59.0565 		199.144
v -59.886 		59.0566 		199.472
v -59.761 		59.0566 		199.597
v -60.515 		59.0565 		199.166
v -60.344 		59.0566 		199.21
v -60.18 		59.0566 		199.278
v -60.027 		59.0566 		199.366
v -59.663 		59.0564 		197.175
v -60.106 		59.0564 		197.058
v -60.56 		59.0564 		197
v -61.017 		59.0564 		197.002
v -61.44 		59.0564 		197.0598
v 186.735 		94.108 		121.429
v 161.4255 		59.0443 		48.7977
v 162.7785 		59.044 		45.2645
v 186.5 		93.712 		121.756
v 186.5 		93.933 		121.285
v -85.368 		104.395 		40.329
v -84.907 		104.099 		40.035
v -85.267 		104.039 		40.241
v -85.233 		103.677 		40.151
v -84.87 		103.704 		39.937
v 186.282 		92.37 		122.785
v 186.282 		93.271 		121.925
v -85.664 		103.653 		40.345
v -85.695 		103.976 		40.425
v 186.282 		92.998 		122.267
v -85.785 		104.293 		40.504
v 186.282 		92.696 		122.555
v 186.086 		92.545 		122.182
v 186.086 		92.814 		121.925
v 186.086 		92.255 		122.386
v -61.794 		59.0566 		199.606
v -61.67 		59.0566 		199.481
v -62.056 		59.0566 		200.064
v -61.989 		59.0566 		199.9
v -62.122 		59.0567 		200.588
v -62.123 		59.0566 		200.411
v -61.901 		59.0566 		199.747
v -62.102 		59.0566 		200.236
v 186.282 		93.712 		121.103
v -61.53 		59.0566 		199.372
v 186.282 		93.511 		121.535
v -64.093 		59.0566 		199.383
v -64.209 		59.0566 		199.826
v -64.267 		59.0566 		200.28
v -63.919 		59.0565 		198.959
v -63.7458 		59.0565 		198.656
v -63.415 		59.0565 		198.198
v -63.692 		59.0565 		198.562
v -63.093 		59.0564 		197.872
v 186.086 		93.451 		120.888
v -62.731 		59.0564 		197.592
v 186.086 		93.271 		121.272
v -61.471 		59.0564 		197.064
v -61.913 		59.0564 		197.184
v -62.336 		59.0564 		197.361
v 185.913 		92.373 		121.756
v 185.913 		92.605 		121.535
v 185.913 		92.998 		120.973
v 186.086 		93.058 		121.62
v 185.913 		92.814 		121.272
v 185.768 		92.545 		120.888
v 185.768 		92.373 		121.103
v 185.768 		92.183 		121.285
v 158.4043 		59.0442 		46.9804
v 159.1352 		59.0441 		46.5874
v 159.1657 		59.0441 		46.5683
v 159.1938 		59.0441 		46.5299
v 159.3767 		59.0441 		46.2374
v 157.9779 		59.0442 		46.9711
v 158.1319 		59.0442 		46.9811
v 158.362 		59.0442 		46.9915
v 186.086 		91.631 		122.625
v 158.208 		59.0442 		47.0014
v 186.086 		91.948 		122.535
v 158.84 		59.0442 		46.8328
v 186.086 		91.308 		122.655
v 185.913 		91.586 		122.138
v 159.4836 		59.0441 		45.8308
v 159.497 		59.0441 		45.769
v 159.4916 		59.044 		45.538
v 159.3901 		59.044 		45.2084
v 185.913 		91.859 		122.06
v 159.4964 		59.0441 		45.793
v 156.9882 		59.0441 		46.143
v 157.0112 		59.0441 		46.2221
v 157.2159 		59.0441 		46.5473
v 157.3826 		59.0441 		46.7067
v 157.5423 		59.0442 		46.8235
v 185.913 		92.123 		121.932
v 157.4137 		59.0442 		46.7374
v 185.913 		91.308 		122.164
v 157.0672 		59.044 		45.06
v 156.9196 		59.044 		45.4957
v 156.9085 		59.044 		45.538
v 156.8986 		59.0441 		45.692
v 185.913 		90.492 		121.932
v 186.086 		90.361 		122.386
v 186.282 		90.245 		122.785
v 186.086 		90.667 		122.535
v 186.086 		90.985 		122.625
v -85.934 		78.207 		220.765
v -85.535 		77.889 		220.687
v -87.432 		78.907 		220.939
v -88.004 		79.043 		220.973
v -86.388 		78.485 		220.835
v -86.89 		78.72 		220.893
v -86.395 		77.94 		220.24
v -86.138 		78.093 		220.499
v -86.785 		78.179 		220.299
v -86.564 		78.354 		220.564
v -87.035 		78.574 		220.618
v -87.543 		78.749 		220.662
v -87.217 		78.381 		220.349
v -87.682 		78.541 		220.389
v -87.847 		78.287 		220.126
v -88.035 		77.99 		219.878
v -87.432 		78.144 		220.091
v -87.678 		77.867 		219.847
v -87.048 		77.964 		220.046
v -89.2 		78.98 		220.719
v -88.635 		78.954 		220.713
v -88.079 		78.876 		220.693
v -88.597 		79.125 		220.994
v -89.765 		78.954 		220.713
v -89.2 		79.153 		221
v -89.803 		79.125 		220.994
v -89.718 		78.729 		220.436
v -88.739 		78.454 		220.168
v -88.173 		78.658 		220.418
v -88.682 		78.729 		220.436
v -89.2 		78.752 		220.442
v -89.2 		78.475 		220.173
v -89.661 		78.454 		220.168
v -85.267 		103.315 		40.061
v -85.695 		103.33 		40.265
v -85.785 		103.013 		40.186
v -85.368 		102.959 		39.973
v 185.913 		91.03 		122.138
v 185.913 		90.756 		122.06
v -85.934 		102.706 		40.11
v -84.62 		104.155 		39.81
v -84.5707 		104.435 		39.7341
v -84.5185 		104.1789 		39.6934
v -84.581 		103.733 		39.706
v -84.5103 		103.7431 		39.6242
v -84.5138 		103.9202 		39.6523
v -84.62 		103.311 		39.601
v -84.5662 		103.4083 		39.5711
v -84.907 		103.309 		39.839
v -84.5824 		103.313 		39.556
v -84.738 		102.896 		39.498
v -84.7314 		102.8958 		39.4898
v -84.7255 		102.9124 		39.4924
v -84.7829 		102.8034 		39.4751
v -84.9621 		102.5015 		39.4272
v -85.199 		102.545 		39.649
v -85.017 		102.92 		39.742
v -85.535 		102.615 		39.887
v -84.9991 		102.4562 		39.42
v -86.388 		106.297 		40.342
v -87.035 		106.327 		40.588
v -86.26 		106.444 		40.127
v -86.237 		106.4741 		40.0577
v -86.138 		105.846 		40.468
v -86.564 		106.107 		40.533
v -86.785 		105.879 		40.697
v -86.395 		105.639 		40.638
v -87.217 		106.08 		40.748
v -87.682 		106.241 		40.787
v -87.847 		105.938 		40.912
v -87.432 		105.795 		40.876
v -87.048 		105.615 		40.832
v -86.053 		105.366 		40.57
v -86.7 		105.402 		40.779
v -86.395 		105.158 		40.718
v -86.785 		104.928 		40.836
v -86.138 		104.889 		40.652
v -86.564 		104.696 		40.779
v -87.035 		104.488 		40.875
v -87.217 		104.678 		40.922
v -87.347 		105.321 		40.934
v -87.048 		105.137 		40.888
v -89.718 		106.428 		40.834
v -89.661 		106.105 		40.953
v -88.173 		106.357 		40.816
v -88.682 		106.428 		40.834
v -89.2 		106.452 		40.84
v -88.285 		106.042 		40.938
v -89.2 		106.126 		40.959
v -88.739 		106.105 		40.953
v -86.156 		103.632 		40.515
v -86.182 		103.909 		40.584
v -86.388 		104.446 		40.717
v -86.26 		104.183 		40.651
v -86.785 		104.066 		40.77
v -86.721 		103.842 		40.714
v -86.89 		104.283 		40.824
v -86.7 		103.614 		40.658
v 161.0603 		59.0438 		42.0284
v 161.676 		59.0438 		42.617
v 162.1796 		59.0439 		43.3042
v 160.0034 		59.0437 		41.4137
v 160.0434 		59.0437 		41.432
v 160 		59.1428 		41.4125
v 161.0264 		59.0438 		42.0003
v 160 		59.0437 		41.4129
v 162.2013 		59.0439 		43.3368
v 162.4527 		59.0439 		43.8472
v 162.4653 		59.0439 		43.8843
v 162.6489 		59.044 		44.4227
v 159.057 		59.044 		44.723
v 158.734 		59.044 		44.521
v 158.3273 		59.044 		44.4141
v 158.2729 		59.044 		44.4033
v 157.8554 		59.044 		44.4558
v 157.82 		59.044 		44.4618
v 157.571 		59.044 		44.5623
v 157.5303 		59.044 		44.587
v 157.0983 		59.044 		45.019
v 159.2579 		59.044 		44.9738
v 159.233 		59.044 		44.907
v 157.2351 		59.044 		44.8324
v 156.0216 		59.0437 		41.7
v 160 		59.0436 		40.1
v 153.9665 		59.0442 		46.7746
v 153.9479 		59.0441 		46.704
v 153.8193 		59.044 		45.2938
v 154.743 		59.0443 		48.3318
v 155.5462 		59.0443 		49.135
v 154.7174 		59.0443 		48.2959
v 154.1501 		59.0442 		47.3129
v 153.8377 		59.0441 		46.1454
v 154.73 		59.0438 		42.838
v 154.743 		59.0438 		42.8232
v 155.303 		58.596 		41.6909
v 155.303 		58.495 		41.6909
v 154.7742 		59.0438 		42.7993
v 155.5774 		59.0438 		41.9971
v 153.953 		59.044 		44.413
v 154.3879 		59.0439 		43.3643
v 154.704 		59.0438 		42.8907
v 153.9479 		59.044 		44.452
v 155.303 		58.596 		40.1
v 155.303 		58.495 		40.1
v 135.9955 		67.795 		49.4943
v 136.3101 		67.795 		50.1326
v 136.125 		67.795 		49.8271
v 136.3527 		67.795 		50.2257
v 136.7885 		67.795 		50.6277
v 138.1134 		67.795 		50.9738
v 137.8754 		67.795 		50.9893
v 138.2074 		67.795 		50.9738
v 136.823 		67.795 		50.658
v 139.0501 		67.795 		50.6322
v 138.2582 		67.795 		50.9599
v 138.2423 		67.795 		50.9669
v 137.291 		67.795 		50.889
v 139.8178 		67.795 		48.4401
v 139.8612 		67.795 		48.6291
v 138.7036 		67.795 		47.1728
v 138.7334 		67.584 		47.1794
v 138.8082 		67.795 		47.2227
v 139.135 		67.795 		47.428
v 135.9335 		67.795 		49.022
v 135.932 		67.795 		48.999
v 135.9447 		67.795 		48.9405
v 135.9839 		67.795 		48.5858
v 136.2556 		67.795 		47.9293
v 136.2946 		67.795 		47.8631
v 137.0952 		67.795 		47.195
v 137.1604 		67.795 		47.1728
v 137.0587 		67.795 		47.223
v 136.6073 		67.795 		47.5066
v 137.8958 		67.795 		47.0123
v 137.8497 		67.795 		47.0123
v 135.533 		59.0454 		62.251
v 134.119 		59.0454 		62.251
v 141.172 		59.0445 		51.483
v 142.608 		59.0444 		49.433
v 142.3917 		59.0445 		50.8596
v 142.283 		59.0445 		51.18
v 142.5953 		59.0444 		49.6249
v 142.4747 		59.0445 		50.5374
v 139.536 		59.0447 		53.058
v 141.507 		59.0445 		50.725
v 141.72 		59.0444 		49.658
v 139.8841 		59.0444 		49.4083
v 139.5652 		59.0444 		50.1009
v 139.4251 		59.0447 		53.113
v 139.8913 		59.0444 		49.3811
v 139.5512 		59.0444 		50.1252
v 139.5419 		59.0444 		50.1358
v 139.5313 		59.0444 		50.1451
v 139.8911 		59.0444 		49.3565
v 132.608 		59.0444 		49.433
v 132.778 		59.0445 		50.726
v 133.821 		59.0445 		51.1776
v 133.402 		59.0444 		49.658
v 133.4385 		59.0444 		49.8961
v 133.5881 		59.0445 		50.6491
v 133.133 		59.0446 		51.639
v 133.641 		59.0446 		52.476
v 133.944 		59.0445 		51.474
v 134.428 		59.0446 		52.134
v 134.6016 		59.0446 		52.3003
v 135.1782 		59.0446 		52.8063
v 135.3121 		59.0446 		52.8957
v 135.9481 		59.0444 		49.2459
v 134.318 		59.0447 		53.183
v 136.0016 		59.0447 		53.2352
v 135.108 		59.0447 		53.762
v 135.694 		59.0447 		54.052
v 135.9518 		59.0444 		49.2738
v 136.222 		59.0447 		53.332
v 136.4273 		59.0444 		50.3097
v 135.9703 		59.0444 		49.3115
v 135.9594 		59.0444 		49.2935
v 138.0682 		59.0448 		54.4027
v 137.608 		59.0448 		54.433
v 136.635 		59.0448 		54.326
v 137.016 		59.0447 		53.526
v 137.834 		59.0447 		53.544
v 136.4531 		59.0444 		50.3335
v 138.642 		59.0447 		53.42
v 138.7941 		59.0447 		53.3685
v 138.3545 		59.0448 		54.3712
v 139.0313 		59.0448 		54.2046
v 139.219 		59.0448 		54.154
v 138.5525 		59.0445 		50.894
v 137.3396 		59.0445 		50.894
v 137.3255 		59.0445 		50.8949
v 136.823 		59.0445 		50.658
v 138.9437 		59.0445 		50.7232
v 138.8922 		59.0445 		50.7445
v 137.291 		59.0445 		50.889
v 183 		79.453 		224.086
v 183 		79.923 		221.123
v 160.022 		74.895 		177.235
v 160.794 		74.895 		176.812
v 161.482 		74.895 		176.26
v 162.647 		74.895 		174.243
v 162.762 		74.895 		173.665
v 162.034 		74.895 		175.572
v 162.457 		74.895 		174.8
v 162.762 		74.895 		172.491
v 156.578 		74.895 		177.235
v 157.424 		74.895 		177.482
v 158.887 		74.895 		177.539
v 158.51 		74.895 		174.438
v 157.906 		74.895 		174.461
v 157.478 		74.895 		174.28
v 159.057 		74.895 		172.223
v 159.306 		74.895 		172.536
v 159.497 		74.895 		173.115
v 159.281 		74.895 		173.922
v 157.549 		74.895 		172.072
v 156.97 		74.895 		172.783
v 156.906 		74.895 		173.243
v 156.97 		74.895 		173.618
v 158.285 		74.895 		171.903
v 162.002 		74.895 		170.535
v 162.327 		74.895 		171.092
v 162.647 		74.895 		171.913
v 154.599 		74.895 		170.535
v 154.273 		74.895 		171.092
v 153.953 		74.895 		171.913
v 153.8 		74.895 		173.078
v 154.143 		74.895 		174.8
v 155.118 		74.895 		176.26
v 185.768 		91.308 		121.62
v 185.768 		91.761 		121.535
v 185.768 		91.977 		121.429
v 185.768 		91.536 		121.598
v 185.652 		91.82 		120.888
v 185.652 		91.654 		120.968
v 185.652 		91.482 		121.017
v 185.652 		91.308 		121.033
v 185.913 		90.242 		121.756
v 185.768 		90.855 		121.535
v 185.768 		91.079 		121.598
v 185.768 		90.638 		121.429
v 185.652 		90.795 		120.888
v 185.652 		90.961 		120.968
v 185.768 		90.242 		121.103
v 185.652 		91.133 		121.017
v 185.768 		90.433 		121.285
v 186.5 		94.108 		120.777
v 186.086 		93.594 		120.473
v 186.282 		93.873 		120.638
v 186.282 		93.99 		120.146
v 186.086 		93.698 		120.035
v 185.913 		93.366 		119.908
v 185.913 		93.276 		120.285
v 185.913 		93.153 		120.642
v 185.768 		92.823 		120.37
v 185.768 		92.696 		120.642
v 185.652 		92.255 		120.473
v 185.768 		92.924 		120.076
v 185.652 		92.468 		120.076
v 185.652 		92.545 		119.852
v 185.652 		92.37 		120.285
v 186.086 		93.761 		119.581
v 186.086 		93.783 		119.12
v 186.282 		94.084 		119.12
v 186.282 		94.061 		119.638
v 185.913 		93.42 		119.517
v 185.913 		93.438 		119.12
v 185.768 		92.998 		119.767
v 185.768 		93.043 		119.446
v 185.652 		92.636 		119.369
v 185.652 		92.601 		119.615
v 185.568 		92.183 		119.455
v -136.78 		108.186 		43.08
v -136.001 		108.397 		41.748
v -136.966 		108.067 		43.832
v -137 		107.985 		44.348
v -136.464 		108.298 		42.372
v -139.761 		108.269 		42.558
v -139.467 		108.405 		41.702
v -139.94 		108.128 		43.445
v -134.035 		108.59 		40.532
v -133 		108.612 		40.397
v -133 		109.082 		37.434
v -133.914 		109.073 		37.494
v -134.812 		109.045 		37.67
v -136.5 		108.935 		38.361
v -135.679 		108.999 		37.961
v -138.553 		108.653 		40.139
v -137.261 		108.855 		38.863
v -139.062 		108.533 		40.891
v -137.95 		108.761 		39.459
v 44.808 		56.849 		39.732
v 43.868 		56.849 		39.732
v 43.391 		56.849 		39.732
v 43.573 		56.849 		40.183
v 43.435 		56.849 		40.787
v 47.279 		56.849 		39.732
v 46.727 		56.849 		39.732
v 45.274 		56.849 		39.732
v 40.566 		56.849 		41.462
v 40.82 		56.849 		41.839
v 40.918 		56.849 		42.323
v 40.774 		56.849 		42.921
v 40.422 		56.849 		42.297
v 42.665 		56.849 		41.282
v 41.952 		56.849 		41.35
v 42.803 		56.849 		41.891
v 42.582 		56.849 		42.261
v 43.025 		56.849 		42.261
v 41.262 		56.849 		43.4
v 41.687 		56.849 		43.4
v 44.808 		56.849 		43.4
v 44.338 		56.849 		43.4
v 43.909 		56.849 		43.4
v 45.274 		56.849 		41.643
v 45.847 		56.849 		41.243
v 45.274 		56.849 		41.243
v 46.927 		56.849 		41.927
v 46.309 		56.849 		41.805
v 46.279 		56.849 		41.37
v 46.684 		56.849 		41.597
v 46.15 		56.849 		41.715
v 45.274 		56.849 		43
v 47.009 		56.849 		42.357
v 46.864 		56.849 		42.936
v 46.457 		56.849 		42.635
v 46.152 		56.849 		42.931
v 46.313 		56.849 		42.844
v 46.49 		56.849 		42.115
v 46.512 		56.849 		42.335
v 45.702 		56.849 		43.4
v 46.428 		56.849 		43.283
v 56.629 		56.849 		39.679
v 57.095 		56.849 		39.679
v 58.548 		56.849 		39.679
v 59.099 		56.849 		39.679
v 59.791 		56.849 		39.679
v 60.257 		56.849 		40.09
v 61.906 		56.849 		40.09
v 61.906 		56.849 		39.679
v 63.312 		56.849 		39.646
v 62.686 		56.849 		39.798
v 62.686 		56.849 		40.241
v 64.58 		56.849 		39.825
v 64.117 		56.849 		39.658
v 64.963 		56.849 		40.233
v 65.06 		56.849 		40.656
v 65.037 		56.849 		40.887
v 64.59 		56.849 		40.634
v 64.493 		56.849 		40.295
v 64.202 		56.849 		40.092
v 63.718 		56.849 		40.024
v 64.571 		56.849 		40.794
v 56.629 		56.849 		43.347
v 57.095 		56.849 		42.948
v 57.095 		56.849 		41.592
v 57.095 		56.849 		41.192
v 58.748 		56.849 		41.874
v 58.505 		56.849 		41.545
v 58.13 		56.849 		41.754
v 57.762 		56.849 		41.609
v 57.668 		56.849 		41.192
v 58.101 		56.849 		41.317
v 58.829 		56.849 		42.305
v 58.684 		56.849 		42.885
v 58.278 		56.849 		42.582
v 58.334 		56.849 		42.282
v 57.974 		56.849 		42.879
v 58.134 		56.849 		42.794
v 58.311 		56.849 		42.063
v 60.257 		56.849 		41.388
v 60.257 		56.849 		41.802
v 60.257 		56.849 		42.934
v -88.412 		78.08 		219.9
v -88.285 		78.391 		220.152
v -89.988 		78.08 		219.9
v -88.803 		78.134 		219.913
v -89.2 		78.152 		219.918
v -89.597 		78.134 		219.913
v -84.932 		77.158 		220.505
v -85.765 		77.795 		220.425
v -85.199 		77.537 		220.599
v -85.45 		77.465 		220.343
v -85.199 		77.11 		220.255
v -84.738 		76.758 		220.406
v -84.62 		76.343 		220.303
v -84.412 		76.332 		220.552
v -84.37 		75.891 		220.442
v -84.581 		75.922 		220.198
v -85.017 		76.735 		220.162
v -85.535 		77.039 		220.017
v -85.765 		77.365 		220.097
v -85.934 		76.948 		219.794
v -85.368 		76.696 		219.931
v -85.695 		76.325 		219.639
v -85.785 		76.642 		219.718
v -85.267 		76.34 		219.843
v -84.907 		76.346 		220.065
v -85.233 		75.977 		219.753
v -85.664 		76.002 		219.559
v -84.87 		75.951 		219.967
v -84.412 		75.45 		220.333
v -84.535 		75.017 		220.225
v -84.62 		75.5 		220.094
v -84.907 		75.555 		219.869
v -84.738 		75.085 		219.991
v -85.267 		75.615 		219.663
v -85.017 		75.167 		219.773
v -85.785 		75.362 		219.4
v -85.535 		74.916 		219.489
v -85.934 		75.055 		219.324
v -85.695 		75.679 		219.479
v -85.368 		75.259 		219.575
v -85.199 		74.791 		219.679
v -85.765 		74.59 		219.409
v -84.932 		74.685 		219.891
v -85.45 		74.436 		219.591
v -85.765 		74.107 		219.509
v -85.199 		74.306 		219.797
v -85.535 		73.954 		219.71
v -85.368 		73.834 		219.932
v -84.738 		74.598 		220.121
v -85.017 		74.202 		220.023
v 173 		59.057 		206.877
v 173.945 		59.057 		206.189
v 173.707 		59.057 		206.58
v 173.321 		59.057 		206.821
v 173.996 		59.057 		205.931
v 173.823 		59.057 		205.106
v 173.554 		59.057 		204.822
v 173.979 		59.057 		205.465
v 173 		59.057 		204.65
v 173.321 		59.057 		204.705
v 160.342 		59.057 		204.902
v 160.032 		59.057 		205.434
v 160.348 		59.057 		206.618
v 160.679 		59.057 		206.821
v 160.011 		59.057 		205.912
v 160.105 		59.057 		206.311
v 160.348 		59.057 		206.618
v 160.348 		59.057 		206.618
v 161 		59.057 		206.877
v 160.348 		59.057 		206.618
v 161 		59.057 		204.65
v 160.559 		59.057 		204.756
v -87.543 		104.269 		40.938
v -87.432 		104.112 		40.899
v -87.352 		103.946 		40.858
v -87.917 		103.471 		40.825
v -87.303 		103.425 		40.728
v -87.287 		103.599 		40.772
v -87.303 		103.774 		40.815
v -88.004 		103.935 		40.94
v -87.95 		103.823 		40.913
v -87.917 		103.707 		40.884
v -87.906 		103.589 		40.854
v -86.721 		103.385 		40.601
v -86.785 		103.161 		40.545
v -86.89 		102.944 		40.492
v -87.035 		102.739 		40.441
v -86.388 		102.817 		40.312
v -86.564 		102.567 		40.25
v -86.26 		103.08 		40.378
v -86.138 		102.416 		40.038
v -86.182 		103.354 		40.446
v -87.432 		103.087 		40.644
v -87.352 		103.253 		40.686
v -88.004 		103.243 		40.768
v -87.95 		103.355 		40.796
v -87.543 		102.93 		40.606
v -87.847 		102.653 		40.537
v -88.035 		102.537 		40.508
v -87.682 		102.784 		40.569
v -87.217 		102.549 		40.393
v -88.57 		103.464 		40.875
v -88.57 		103.701 		40.934
v -88.553 		103.642 		40.92
v -88.547 		103.583 		40.905
v -88.553 		103.523 		40.89
v -88.597 		103.757 		40.948
v -89.2 		103.581 		40.922
v 139.7277 		59.044 		44.9143
v 139.264 		59.0437 		41.7
v 139.5455 		59.044 		44.8525
v 140.0604 		59.044 		45.1065
v 140.651 		59.044 		45.465
v 140.665 		59.0441 		46.6205
v 140.4537 		59.0441 		46.3797
v 139.8433 		59.0441 		45.9105
v 139.649 		59.0441 		45.768
v 141.938 		59.0442 		46.933
v 141.359 		59.0441 		46.142
v 142.227 		59.0442 		47.518
v 142.501 		59.0443 		48.459
v 141.702 		59.0443 		48.84
v 141.507 		59.0442 		48.046
v 141.2748 		59.0442 		47.5175
v 141.1336 		59.0442 		47.2302
v 139.592 		59.0442 		47.89
v 139.6021 		59.0442 		47.9085
v 139.6092 		59.0442 		47.9392
v 139.8911 		59.0443 		48.6204
v 135.932 		59.0443 		48.999
v 135.6935 		59.0441 		45.6711
v 135.4059 		59.0441 		45.8127
v 136.0683 		59.0443 		48.3717
v 136.0706 		59.0443 		48.3507
v 136.222 		59.044 		45.439
v 136.0866 		59.0443 		48.312
v 136.5048 		59.0442 		47.6014
v 137.2568 		59.044 		45.2394
v 137.016 		59.044 		45.245
v 139.248 		59.0442 		47.499
v 138.9 		59.044 		45.439
v 138.3397 		59.044 		45.3021
v 138.0259 		59.044 		45.2394
v 138.2231 		59.0442 		47.0253
v 138.5827 		59.0442 		47.1133
v 136.9416 		59.0442 		47.2627
v 137.6409 		59.0442 		47.0253
v 138.1755 		59.0442 		47.0158
v 137.6815 		59.0442 		47.0158
v 136.5233 		59.0442 		47.5804
v 136.5499 		59.0442 		47.5636
v 139.2213 		59.0442 		47.4823
v 133.2353 		59.0442 		47.0192
v 133.6432 		59.0441 		46.4611
v 133.7927 		59.0441 		46.2144
v 134.0644 		59.0441 		45.9427
v 134.564 		59.044 		45.465
v 131.8635 		59.0442 		47.104
v 135.1546 		59.044 		45.1065
v 135.0848 		59.0441 		46.0273
v 134.8443 		59.0441 		46.2383
v 134.428 		59.0441 		46.637
v 132.6828 		59.0443 		48.7457
v 132.7328 		59.0443 		48.3645
v 132.8373 		59.0443 		48.0961
v 133.0307 		59.0442 		47.432
v 133.944 		59.0442 		47.297
v 133.614 		59.0442 		48.046
v 133.42 		59.0443 		48.84
v 138.902 		59.044 		44.602
v 138.219 		59.044 		44.4976
v 135.4872 		59.044 		44.9143
v 137.838 		59.044 		44.4478
v 136.5838 		59.044 		44.5742
v 136.8608 		59.044 		44.4935
v 137.5516 		59.044 		44.4787
v 110.2221 		59.051 		131.5029
v 110.6537 		59.0511 		132.0927
v 110.9334 		59.0511 		132.3955
v 111.6815 		59.0512 		133.0473
v 111.756 		59.0512 		133.097
v 113.304 		59.0512 		133.782
v 113.256 		59.0512 		133.772
v 113.304 		59.0511 		132.414
v 112.5783 		59.0511 		132.0833
v 113.0815 		59.0511 		132.3043
v 111.4945 		59.051 		131.1003
v 111.7364 		59.051 		131.3758
v 111.853 		59.051 		131.521
v 111.9982 		59.0511 		131.6376
v 113.2447 		59.0511 		132.394
v 111.756 		59.0525 		149.434
v 113.256 		59.0525 		149.434
v 117.3928 		59.0512 		132.9926
v 117.9797 		59.0511 		132.5245
v 118.7009 		59.0511 		131.6371
v 118.4373 		59.0511 		131.9541
v 118.7741 		59.051 		131.4883
v 115.756 		59.0512 		133.772
v 115.609 		59.0512 		133.801
v 116.4908 		59.0511 		131.9978
v 116.6866 		59.0511 		131.9142
v 116.79 		59.0511 		131.845
v 115.609 		59.0511 		132.448
v 117.321 		59.051 		131.336
v 117.4312 		59.051 		131.186
v 117.256 		59.0512 		133.097
v 117.256 		59.0525 		149.434
v 115.756 		59.0525 		149.434
v 159.744 		73.193 		168.826
v 160.55 		73.193 		169.181
v 161.482 		73.193 		169.896
v 162.002 		73.193 		170.535
v 156.05 		73.193 		169.181
v 156.857 		73.193 		168.826
v 158.887 		73.193 		168.616
v 157.713 		73.193 		168.616
v 155.118 		73.193 		169.896
v 154.599 		73.193 		170.535
v 139.264 		79.923 		221.123
v 139.8 		78.98 		220.719
v 139.8 		79.153 		221
v 139.802 		79.1533 		221.0009
v 139.8 		79.1534 		221.0009
v 139.8 		78.752 		220.442
v 139.8 		78.475 		220.173
v 139.339 		78.454 		220.168
v 139.282 		78.729 		220.436
v 139.8 		78.152 		219.918
v 139.403 		78.134 		219.913
v 139.8 		77.79 		219.68
v 139.474 		77.775 		219.677
v 139.305 		77.348 		219.453
v 139.55 		77.382 		219.462
v 139.8 		77.394 		219.465
v 139.631 		76.963 		219.272
v 139.465 		76.94 		219.267
v 139.305 		76.902 		219.257
v 139.8 		76.971 		219.274
v 139.8 		76.528 		219.113
v 139.885 		76.524 		219.112
v 139.282 		76.35 		219.068
v 139.339 		76.395 		219.079
v 139.474 		76.467 		219.097
v 139.715 		76.524 		219.112
v 139.631 		76.513 		219.109
v 139.55 		76.494 		219.104
v 139.403 		76.434 		219.089
v 185.768 		93.058 		119.12
v 185.652 		92.647 		119.12
v 185.568 		92.206 		119.289
v 185.768 		93.043 		118.793
v 185.652 		92.636 		118.87
v 185.568 		92.206 		118.951
v 185.568 		92.183 		118.785
v 185.568 		92.213 		119.12
v 185.652 		92.123 		120.638
v 185.652 		91.977 		120.777
v 185.568 		91.542 		120.37
v 185.568 		91.308 		120.414
v 185.568 		91.426 		120.403
v 185.568 		91.189 		120.403
v 185.568 		92.026 		119.908
v 185.568 		91.859 		120.146
v 185.568 		91.948 		120.035
v 185.568 		91.761 		120.24
v 185.568 		91.654 		120.315
v 185.652 		90.492 		120.638
v 185.652 		90.638 		120.777
v 185.568 		91.073 		120.37
v 185.652 		90.361 		120.473
v 185.568 		90.756 		120.146
v 185.568 		90.961 		120.315
v 185.568 		90.855 		120.24
v 185.568 		90.667 		120.035
v 185.568 		90.589 		119.908
v 185.652 		90.245 		120.285
v 185.652 		90.148 		120.076
v 185.568 		92.145 		119.615
v 185.568 		92.092 		119.767
v 185.517 		91.67 		119.517
v 185.517 		91.73 		119.369
v 185.517 		91.703 		119.446
v 185.517 		91.631 		119.581
v 185.517 		91.586 		119.638
v 185.517 		91.536 		119.685
v 185.517 		91.482 		119.723
v 185.517 		91.426 		119.75
v -139.111 		86.803 		37.542
v -139.062 		86.838 		37.448
v -133 		87.662 		34.035
v -133.914 		87.652 		34.094
v -134.812 		87.624 		34.27
v -135.679 		87.578 		34.561
v -136.5 		87.515 		34.961
v -138.39 		87.262 		36.555
v -138.553 		87.166 		36.729
v -137.261 		87.435 		35.463
v -137.95 		87.34 		36.059
v -139.761 		85.774 		38.988
v -139.663 		86.054 		38.738
v -139.467 		86.338 		38.2
v -139.962 		85.104 		40.122
v -139.94 		85.207 		39.807
v -139.387 		127.452 		8.546
v -138 		128.121 		8.931
v -138.636 		128.141 		8.806
v -138 		128.753 		8.473
v -139.176 		128.197 		8.45
v -138.425 		128.766 		8.389
v -138 		129.161 		7.808
v -138.39 		129.222 		7.422
v -138.786 		128.804 		8.152
v -139.027 		128.86 		7.796
v -139.111 		128.927 		7.376
v -139.962 		127.67 		7.176
v -139.812 		127.552 		7.918
v -139.663 		128.382 		7.289
v -139.536 		128.282 		7.918
v -138 		89.786 		20.651
v -138.694 		89.678 		20.529
v -138.39 		89.798 		20.574
v 58.249 		56.849 		43.232
v 57.524 		56.849 		43.347
v 59.791 		56.849 		43.347
v 63.266 		56.849 		41.57
v 62.96 		56.849 		41.805
v 61.81 		56.849 		41.388
v 61.81 		56.849 		41.802
v 62.734 		56.849 		42.468
v 62.823 		56.849 		42.851
v 63.281 		56.849 		42.753
v 61.906 		56.849 		42.934
v 62.796 		56.849 		42.103
v 63.318 		56.849 		42.107
v 63.2 		56.849 		42.461
v 64.036 		56.849 		41.718
v 64.416 		56.849 		41.033
v 64.91 		56.849 		41.176
v 63.921 		56.849 		41.277
v 64.67 		56.849 		41.416
v 63.524 		56.849 		42.927
v 64.07 		56.849 		42.974
v 64.823 		56.849 		42.789
v 63.056 		56.849 		43.151
v 63.297 		56.849 		43.289
v 61.906 		56.849 		43.347
v 64.986 		56.849 		43.204
v 64.487 		56.849 		43.345
v 63.765 		56.849 		43.386
v 70.27 		56.849 		39.679
v 69.804 		56.849 		39.679
v 68.073 		56.849 		39.679
v 65.958 		56.849 		39.679
v 68.073 		56.849 		40.09
v 66.424 		56.849 		40.09
v 79.556 		56.849 		39.628
v 79.093 		56.849 		39.628
v 81.684 		56.849 		39.628
v 81.253 		56.849 		40.33
v 81.105 		56.849 		39.628
v 81.237 		56.849 		40.33
v 66.424 		56.849 		42.934
v 66.424 		56.849 		41.802
v 66.424 		56.849 		41.388
v 68.073 		56.849 		42.934
v 68.754 		56.849 		42.934
v 67.977 		56.849 		41.388
v 67.977 		56.849 		41.802
v 65.958 		56.849 		43.347
v 68.073 		56.849 		43.347
v 68.754 		56.849 		43.347
v 71.316 		56.849 		43.347
v 69.804 		56.849 		42.934
v 70.27 		56.849 		42.934
v 71.316 		56.849 		42.934
v 79.508 		56.849 		42.938
v 79.528 		56.849 		42.938
v 81.684 		56.849 		43.628
v 81.217 		56.849 		43.628
v 79.668 		56.849 		43.628
v 79.093 		56.849 		43.628
v 83.916 		56.849 		39.628
v 83.497 		56.849 		39.628
v 82.363 		56.849 		39.628
v 82.774 		56.849 		39.628
v 83.701 		56.849 		40.365
v 83.717 		56.849 		40.365
v 84.663 		56.849 		39.628
v 85.078 		56.849 		39.628
v 85.993 		56.849 		39.628
v 85.993 		56.849 		39.962
v 86.795 		56.849 		40.016
v 87.298 		56.849 		40.016
v 88.093 		56.849 		39.628
v 88.093 		56.849 		39.962
v 82.767 		56.849 		42.255
v 84.668 		56.849 		42.294
v 82.363 		56.849 		43.628
v 83.03 		56.849 		43.628
v 82.723 		56.849 		43.128
v 82.747 		56.849 		43.128
v -86.053 		77.667 		220.172
v -86.7 		77.751 		219.993
v -86.388 		76.838 		219.592
v -87.035 		76.915 		219.463
v -86.564 		77.088 		219.654
v -86.395 		77.507 		219.933
v -86.785 		77.319 		219.711
v -86.138 		77.238 		219.866
v -87.048 		77.529 		219.763
v -87.347 		77.712 		219.809
v -87.217 		77.106 		219.51
v -87.432 		77.278 		219.553
v -87.678 		77.428 		219.591
v -87.95 		77.555 		219.622
v -88.035 		77.117 		219.396
v -87.847 		77.002 		219.367
v -87.682 		76.87 		219.335
v -86.182 		76.301 		219.458
v -86.26 		76.574 		219.526
v -86.721 		76.269 		219.303
v -86.785 		76.494 		219.359
v -86.156 		76.023 		219.389
v -86.7 		76.041 		219.246
v -86.89 		76.71 		219.412
v -86.721 		75.813 		219.19
v -87.543 		76.724 		219.298
v -87.432 		76.567 		219.259
v -87.352 		76.402 		219.218
v -87.303 		76.23 		219.176
v -88.553 		77.73 		219.666
v -88.874 		77.775 		219.677
v -88.243 		77.657 		219.647
v -88.705 		77.348 		219.453
v -88.95 		77.382 		219.462
v -88.243 		77.214 		219.42
v -88.865 		76.94 		219.267
v -88.468 		77.292 		219.439
v -88.705 		76.902 		219.257
v -89.031 		76.963 		219.272
v -88.553 		76.85 		219.244
v -89.2 		77.79 		219.68
v -89.847 		77.73 		219.666
v -89.526 		77.775 		219.677
v 160.7677 		59.0547 		176.8264
v 159.7535 		59.0547 		177.3268
v 162.457 		59.0545 		174.8
v 162.034 		59.0546 		175.572
v 161.482 		59.0546 		176.26
v 160.794 		59.0547 		176.812
v 162.762 		59.0543 		172.491
v 162.7803 		59.0544 		173.3419
v 162.7803 		59.0544 		173.382
v 162.7764 		59.0544 		173.4017
v 162.647 		59.0545 		174.243
v 157.7031 		59.0547 		177.537
v 156.6069 		59.0547 		177.2434
v 158.887 		59.0547 		177.539
v 157.7531 		59.0547 		177.539
v 156.578 		59.0547 		177.235
v 159.7148 		59.0547 		177.3371
v 157.5423 		59.0545 		174.3234
v 157.5829 		59.0545 		174.3406
v 158.1721 		59.0545 		174.499
v 158.2294 		59.0545 		174.4968
v 158.6068 		59.0545 		174.4308
v 158.8186 		59.0545 		174.3384
v 158.8918 		59.0545 		174.2895
v 159.0783 		59.0545 		174.1528
v 159.344 		59.0544 		173.7811
v 159.4119 		59.0544 		173.6427
v 159.5024 		59.0544 		173.1919
v 159.4916 		59.0544 		173.0381
v 159.4734 		59.0544 		172.9831
v 159.3259 		59.0543 		172.5478
v 159.3023 		59.0543 		172.518
v 159.057 		59.0543 		172.223
v 159.3235 		59.0544 		173.8577
v 157.3625 		59.0543 		172.2087
v 157.3076 		59.0543 		172.2762
v 156.97 		59.0543 		172.783
v 157.0228 		59.0544 		173.7245
v 157.0771 		59.0544 		173.8229
v 157.2472 		59.0545 		174.0782
v 157.6189 		59.0543 		172.0559
v 157.549 		59.0543 		172.072
v 157.0288 		59.0544 		173.7601
v 156.9121 		59.0544 		173.1215
v 156.906 		59.0544 		173.1652
v 160.55 		59.054 		169.181
v 159.744 		59.054 		168.826
v 162.647 		59.0543 		171.913
v 161.482 		59.0541 		169.896
v 162.6361 		59.0543 		171.885
v 162.2014 		59.0542 		170.837
v 162.1896 		59.0542 		170.8168
v 161.5018 		59.0541 		169.9203
v 158.4352 		59.0543 		171.9388
v 158.3619 		59.0543 		171.9084
v 158.2081 		59.0543 		171.8985
v 157.7573 		59.0543 		171.9881
v 158.6588 		59.0543 		171.9931
v 155.8153 		59.0541 		169.3378
v 155.846 		59.0541 		169.3243
v 156.5886 		59.054 		168.9164
v 157.6805 		59.054 		168.624
v 158.887 		59.054 		168.616
v 157.713 		59.054 		168.616
v 155.7798 		59.0541 		169.365
v 154.7432 		59.0546 		175.8321
v 155.5459 		59.0547 		176.6348
v 154.71 		59.0546 		175.7823
v 154.143 		59.0545 		174.8
v 155.5957 		59.0547 		176.668
v 153.8193 		59.0544 		173.362
v 153.8377 		59.0543 		172.511
v 153.9478 		59.0545 		174.2033
v 153.8429 		59.0543 		172.4713
v 154.1313 		59.0545 		174.7413
v 153.953 		59.0543 		171.913
v 154.273 		59.0542 		171.092
v 154.2854 		59.0542 		171.0708
v 155.0983 		59.0541 		169.9203
v 155.118 		59.0541 		169.896
v 119.663 		67.795 		47.041
v 119.7145 		67.795 		47.0391
v 138.161 		67.795 		50.983
v 137.9 		67.795 		51
v 137.639 		67.795 		50.983
v 138.9 		67.795 		50.732
v 138.665 		67.795 		50.848
v 138.418 		67.795 		50.932
v 137.382 		67.795 		50.932
v 135.968 		67.795 		49.518
v 135.917 		67.795 		49.261
v 136.313 		67.795 		50.218
v 136.168 		67.795 		50
v 136.052 		67.795 		49.765
v 136.9 		67.795 		50.732
v 136.682 		67.795 		50.587
v 136.486 		67.795 		50.414
v 137.135 		67.795 		50.848
v 139.832 		67.795 		48.482
v 138.9 		67.795 		47.268
v 139.118 		67.795 		47.413
v 135.9 		67.795 		49
v 135.917 		67.795 		48.739
v 135.968 		67.795 		48.482
v 136.052 		67.795 		48.235
v 136.168 		67.795 		48
v 136.313 		67.795 		47.782
v 136.682 		67.795 		47.413
v 136.9 		67.795 		47.268
v 136.486 		67.795 		47.586
v 119.235 		67.795 		50.848
v 119 		67.795 		50.732
v 119.17 		67.795 		50.789
v 120.261 		67.795 		50.983
v 120 		67.795 		51
v 119.739 		67.795 		50.983
v 119.663 		67.795 		50.956
v 120.247 		67.795 		50.978
v 119.482 		67.795 		50.932
v 120.6642 		67.795 		50.8823
v 120.518 		67.795 		50.932
v 118.068 		67.795 		49.518
v 118.017 		67.795 		49.261
v 118.0693 		67.795 		49.2484
v 118.152 		67.795 		49.765
v 118.1158 		67.795 		49.4828
v 118.782 		67.795 		50.587
v 118.586 		67.795 		50.414
v 118.413 		67.795 		50.218
v 118.552 		67.795 		50.315
v 118.263 		67.795 		49.882
v 118.268 		67.795 		50
v 118.1335 		67.795 		49.5492
v 121 		67.795 		47.268
v 121.1785 		67.795 		47.3867
v 118.835 		67.795 		47.413
v 119 		67.795 		47.268
v 119.17 		67.795 		47.209
v 118 		67.795 		49
v 118.017 		67.795 		48.739
v 118.068 		67.795 		48.482
v 118.0771 		67.795 		48.7101
v 118.0693 		67.795 		48.7725
v 118.152 		67.795 		48.235
v 118.268 		67.795 		48
v 118.413 		67.795 		47.782
v 118.305 		67.795 		48.0363
v 118.2001 		67.795 		48.2506
v 118.466 		67.795 		47.782
v 118.4381 		67.795 		47.8385
v 118.586 		67.795 		47.586
v 118.782 		67.795 		47.413
v 103.714 		67.795 		50.414
v 103.518 		67.795 		50.587
v 103.3 		67.795 		50.732
v 102.818 		67.795 		50.932
v 103.065 		67.795 		50.848
v 102.561 		67.795 		50.983
v 103.887 		67.795 		50.218
v 104.232 		67.795 		49.518
v 104.148 		67.795 		49.765
v 104.032 		67.795 		50
v 104.283 		67.795 		49.261
v 102.3 		67.795 		51
v 101.535 		67.795 		50.848
v 101.082 		67.795 		50.587
v 102.039 		67.795 		50.983
v 101.782 		67.795 		50.932
v 100.568 		67.795 		50
v 100.452 		67.795 		49.765
v 104.032 		67.795 		48
v 104.148 		67.795 		48.235
v 104.232 		67.795 		48.482
v 103.887 		67.795 		47.782
v 103.3 		67.795 		47.268
v 103.518 		67.795 		47.413
v 104.283 		67.795 		48.739
v 104.3 		67.795 		49
v 103.714 		67.795 		47.586
v -89.847 		103.523 		40.89
v -89.83 		103.464 		40.875
v -89.803 		103.757 		40.948
v -89.847 		103.642 		40.92
v -89.83 		103.701 		40.934
v -89.853 		103.583 		40.905
v -88.079 		103.136 		40.742
v -88.173 		103.038 		40.718
v -88.285 		102.949 		40.696
v -88.597 		103.408 		40.861
v -88.635 		103.354 		40.848
v -88.682 		103.305 		40.836
v -88.803 		103.22 		40.815
v -88.739 		103.26 		40.825
v -88.874 		103.187 		40.807
v -88.95 		103.161 		40.8
v -89.031 		103.142 		40.795
v -88.412 		102.871 		40.676
v -88.553 		102.805 		40.66
v -88.243 		102.44 		40.484
v -88.705 		102.753 		40.647
v -88.865 		102.715 		40.637
v -89.031 		102.691 		40.632
v -89.115 		103.13 		40.792
v -89.2 		103.126 		40.791
v -89.45 		103.161 		40.8
v -89.369 		103.142 		40.795
v -89.526 		103.187 		40.807
v -89.285 		103.13 		40.792
v -89.597 		103.22 		40.815
v -89.661 		103.26 		40.825
v -89.718 		103.305 		40.836
v -89.765 		103.354 		40.848
v 77.756 		59.0529 		154.234
v 72.256 		59.0529 		154.234
v 76.256 		59.0529 		154.234
v 73.756 		59.0529 		154.234
v 81.92 		59.051 		131.072
v 76.3576 		59.0515 		137.1636
v 76.8385 		59.0515 		136.8993
v 77.0343 		59.0515 		136.8157
v 77.1377 		59.0515 		136.7466
v 77.6865 		59.0514 		136.2649
v 76.1119 		59.0514 		135.3241
v 77.756 		59.0516 		137.897
v 73.804 		59.0516 		138.582
v 73.756 		59.0516 		138.572
v 76.109 		59.0515 		137.248
v 76.109 		59.0516 		138.601
v 76.256 		59.0516 		138.572
v 79.6947 		59.0514 		135.4088
v 79.5518 		59.0514 		135.7957
v 79.1893 		59.0515 		136.4341
v 78.5965 		59.0515 		137.2077
v 78.3429 		59.0515 		137.4288
v 79.336 		59.0514 		136.234
v 77.862 		59.0514 		136.0894
v 78.2675 		59.0514 		135.4831
v 78.3916 		59.0513 		135.2683
v 73.804 		59.0515 		137.214
v 76.0805 		59.0514 		135.3406
v 76.0384 		59.0514 		135.3461
v 75.3397 		59.0514 		135.5834
v 74.97 		59.0514 		135.591
v 74.458 		59.0514 		135.49
v 73.991 		59.0513 		135.259
v 79.3523 		59.051 		131.3149
v 79.5175 		59.0511 		131.6015
v 79.9 		59.0511 		132.76
v 79.8303 		59.0511 		132.5221
v 78.2834 		59.0511 		131.8477
v 78.1458 		59.0511 		131.6417
v 78.6942 		59.0512 		133.0601
v 78.6661 		59.0512 		132.8762
v 78.351 		59.0511 		132.0213
v 80.006 		59.0512 		133.734
v 79.9 		59.0513 		134.707
v 78.4436 		59.0513 		135.0894
v 78.6429 		59.0513 		134.5779
v 78.7385 		59.0512 		133.853
v 78.7547 		59.0512 		133.6059
v 76.894 		59.0513 		134.448
v 76.6 		59.0513 		134.916
v 77.0817 		59.0512 		133.6965
v 76.9153 		59.0513 		134.4112
v 76.5846 		59.0513 		134.9308
v 77.0872 		59.0512 		133.6686
v 77.0868 		59.0512 		133.6472
v 74.7 		59.0511 		131.6618
v 74.6805 		59.0511 		131.6704
v 73.9969 		59.0511 		131.9361
v 74.7351 		59.0511 		131.6558
v 77.821 		59.051 		131.199
v 76.1273 		59.0511 		131.8907
v 76.426 		59.0511 		132.1091
v 73.9851 		59.0511 		131.944
v 76.9687 		59.0512 		132.9222
v 76.9814 		59.0512 		132.9394
v 74.7493 		59.0511 		131.6567
v 75.361 		59.0511 		131.617
v 75.3818 		59.0511 		131.6221
v 76.0805 		59.0511 		131.8594
v 76.9951 		59.0512 		132.9797
v 70.0812 		59.0512 		132.9186
v 70.2544 		59.0511 		132.2086
v 70.3444 		59.0511 		131.9772
v 70.6393 		59.051 		131.3082
v 71.5664 		59.0511 		132.1763
v 71.487 		59.0511 		132.4106
v 71.2982 		59.0512 		133.1169
v 70.1078 		59.0513 		134.6277
v 70.049 		59.0513 		134.387
v 70.0381 		59.0512 		133.2465
v 70.0381 		59.0513 		134.2216
v 71.2819 		59.0512 		133.3642
v 71.2581 		59.0512 		133.7301
v 71.3178 		59.0513 		134.2751
v 71.3459 		59.0513 		134.4591
v 71.5796 		59.0513 		135.1505
v 73.599 		59.0513 		134.916
v 73.368 		59.0513 		134.6
v 71.039 		59.0515 		136.778
v 70.676 		59.0514 		136.234
v 70.5759 		59.0514 		136.0067
v 70.3602 		59.0514 		135.5685
v 72.722 		59.0515 		136.645
v 73.0266 		59.0515 		136.8488
v 73.5299 		59.0515 		137.0699
v 71.647 		59.0514 		135.324
v 72.191 		59.0514 		136.136
v 71.6537 		59.0515 		137.4305
v 71.5445 		59.0515 		137.3059
v 71.8528 		59.0515 		137.5894
v 72.256 		59.0516 		137.897
v 71.8662 		59.0511 		131.6417
v 71.7284 		59.0511 		131.8477
v 73.168 		59.0513 		134.118
v 73.6144 		59.0511 		132.2692
v 73.5864 		59.0511 		132.3012
v 73.2186 		59.0512 		132.9394
v 73.113 		59.0512 		133.535
v 73.21 		59.0512 		132.959
v 139.8 		76.074 		218.982
v 139.282 		75.794 		218.93
v 139.885 		75.619 		218.887
v 139.8 		75.615 		218.886
v 139.403 		75.71 		218.909
v 139.339 		75.749 		218.919
v 139.715 		75.619 		218.887
v 139.631 		75.631 		218.89
v 139.55 		75.65 		218.894
v 139.474 		75.676 		218.901
v 139.8 		75.16 		218.825
v 139.305 		75.229 		218.842
v 139.465 		75.191 		218.832
v 139.631 		75.168 		218.827
v 139.305 		74.762 		218.811
v 139.55 		74.728 		218.803
v 139.8 		74.717 		218.8
v 139.8 		74.292 		218.812
v 139.474 		74.307 		218.816
v 139.8 		73.894 		218.861
v 139.403 		73.912 		218.865
v 139.8 		72.513 		219.604
v 139.8 		72.392 		219.834
v 139.8 		72.921 		219.215
v 139.8 		72.69 		219.396
v 139.5661 		72.3802 		219.9261
v 139.8 		72.3696 		219.9244
v 139.282 		73.226 		219.07
v 139.339 		73.55 		218.951
v 139.8 		73.528 		218.945
v 139.8 		73.202 		219.064
v 185.517 		91.308 		119.772
v 185.517 		91.367 		119.767
v 185.517 		91.248 		119.767
v 185.517 		91.189 		119.75
v 185.517 		91.761 		119.035
v 185.517 		91.764 		119.12
v 185.517 		91.761 		119.205
v 185.517 		91.749 		119.289
v 185.517 		91.749 		118.951
v 185.517 		91.73 		118.87
v 185.517 		91.703 		118.793
v 185.5 		91.308 		119.12
v -139.111 		89.538 		20.31
v -139.387 		89.273 		20.218
v -139.663 		89.044 		19.9
v -139.962 		88.43 		19.172
v -139.812 		88.696 		19.796
v -140 		80.55 		217.173
v -140 		56.143 		213.2986
v -140 		56.143 		36.119
v -139.962 		56.143 		0
v -133.914 		79.462 		224.027
v -136.5 		79.6 		223.16
v -137.261 		79.68 		222.657
v -137.95 		79.774 		222.061
v -138.553 		79.882 		221.381
v -135.679 		79.536 		223.56
v -134.812 		79.49 		223.85
v -133 		79.453 		224.086
v -133.779 		79.937 		221.039
v -133 		79.923 		221.123
v -134.765 		79.989 		220.708
v -135.632 		80.08 		220.137
v -139.062 		80.002 		220.63
v -136.319 		80.203 		219.363
v -137 		80.55 		217.173
v -136.78 		80.349 		218.44
v -139.94 		80.407 		218.075
v -139.761 		80.266 		218.962
v -139.467 		80.13 		219.819
v 85.993 		56.849 		43.628
v 85.993 		56.849 		43.289
v 85.078 		56.849 		43.628
v 84.396 		56.849 		43.628
v 84.679 		56.849 		43.12
v 84.703 		56.849 		43.12
v 86.795 		56.849 		43.236
v 87.298 		56.849 		43.236
v 88.093 		56.849 		43.289
v 88.093 		56.849 		43.628
v 98.05 		56.849 		41.326
v 104.704 		56.849 		40.568
v 99.737 		56.849 		40.572
v 99.733 		56.849 		39.436
v 99.737 		56.849 		42.08
v 99.733 		56.849 		43.212
v 104.704 		56.849 		42.08
v 115.995 		56.849 		39.646
v 115.369 		56.849 		39.798
v 116.404 		56.849 		39.628
v 116.401 		56.849 		40.024
v 115.717 		56.849 		40.121
v 115.369 		56.849 		40.241
v 118.641 		56.849 		39.679
v 117.131 		56.849 		39.749
v 117.395 		56.849 		39.901
v 117.731 		56.849 		40.772
v 117.646 		56.849 		40.233
v 117.273 		56.849 		40.634
v 117.176 		56.849 		40.295
v 116.885 		56.849 		40.092
v -89.695 		77.348 		219.453
v -89.45 		77.382 		219.462
v -89.2 		77.394 		219.465
v -89.932 		77.292 		219.439
v -89.2 		76.971 		219.274
v -89.847 		76.85 		219.244
v -89.695 		76.902 		219.257
v -89.535 		76.94 		219.267
v -89.369 		76.963 		219.272
v -88.173 		76.617 		219.186
v -88.285 		76.706 		219.208
v -88.412 		76.784 		219.228
v -88.079 		76.518 		219.162
v -89.988 		76.784 		219.228
v -86.182 		75.745 		219.32
v -86.26 		75.472 		219.253
v -86.388 		75.208 		219.187
v -86.138 		74.765 		219.252
v -86.395 		74.496 		219.185
v -86.053 		74.288 		219.334
v -86.395 		74.015 		219.266
v -86.138 		73.809 		219.435
v -86.785 		73.776 		219.206
v -88.004 		76.412 		219.135
v -87.95 		76.3 		219.108
v -87.917 		76.184 		219.079
v -87.906 		76.066 		219.049
v -87.287 		76.055 		219.132
v -87.303 		75.88 		219.089
v -87.917 		75.947 		219.02
v -87.95 		75.831 		218.991
v -88.95 		76.494 		219.104
v -89.031 		76.513 		219.109
v -88.874 		76.467 		219.097
v -88.803 		76.434 		219.089
v -88.739 		76.395 		219.079
v -88.682 		76.35 		219.068
v -88.635 		76.3 		219.056
v -88.553 		76.131 		219.014
v -88.57 		76.19 		219.029
v -88.547 		76.072 		218.999
v 100.713 		67.795 		47.782
v 101.082 		67.795 		47.413
v 101.3 		67.795 		47.268
v 85.283 		67.795 		49.459
v 85.232 		67.795 		49.715
v 85.148 		67.795 		49.963
v 84.518 		67.795 		50.784
v 84.887 		67.795 		50.415
v 84.714 		67.795 		50.612
v 85.032 		67.795 		50.198
v 85.3 		67.795 		49.198
v 84.065 		67.795 		51.045
v 84.3 		67.795 		50.93
v 83.3 		67.795 		51.198
v 82.782 		67.795 		51.129
v 82.535 		67.795 		51.045
v 83.039 		67.795 		51.18
v 82.082 		67.795 		50.784
v 83.818 		67.795 		51.129
v 83.561 		67.795 		51.18
v 82.3 		67.795 		50.93
v 81.317 		67.795 		49.459
v 81.3 		67.795 		49.198
v 81.886 		67.795 		50.612
v 81.713 		67.795 		50.415
v 81.568 		67.795 		50.198
v 81.452 		67.795 		49.963
v 81.368 		67.795 		49.715
v 84.714 		67.795 		47.783
v 84.887 		67.795 		47.98
v 85.032 		67.795 		48.198
v 85.148 		67.795 		48.432
v 84.065 		67.795 		47.35
v 85.232 		67.795 		48.68
v 85.283 		67.795 		48.937
v 84.3 		67.795 		47.466
v 84.518 		67.795 		47.611
v 83.818 		67.795 		47.266
v 82.082 		67.795 		47.611
v 82.3 		67.795 		47.466
v 83.3 		67.795 		47.198
v 82.535 		67.795 		47.35
v 82.782 		67.795 		47.266
v 83.039 		67.795 		47.215
v 83.561 		67.795 		47.215
v 81.452 		67.795 		48.432
v 81.568 		67.795 		48.198
v 81.713 		67.795 		47.98
v 81.317 		67.795 		48.937
v 81.368 		67.795 		48.68
v 81.886 		67.795 		47.783
v 64.732 		67.795 		50.198
v 64.587 		67.795 		50.415
v 64 		67.795 		50.93
v 63.765 		67.795 		51.045
v 63.518 		67.795 		51.129
v 64.414 		67.795 		50.612
v 64.983 		67.795 		49.459
v 64.932 		67.795 		49.715
v 65 		67.795 		49.198
v 64.848 		67.795 		49.963
v 61.782 		67.795 		50.784
v 63.261 		67.795 		51.18
v 63 		67.795 		51.198
v 62.739 		67.795 		51.18
v 62.235 		67.795 		51.045
v 61.586 		67.795 		50.612
v 62.482 		67.795 		51.129
v 61.268 		67.795 		50.198
v 61.152 		67.795 		49.963
v 61.068 		67.795 		49.715
v 61.017 		67.795 		49.459
v 61 		67.795 		49.198
v 61.413 		67.795 		50.415
v 63.518 		67.795 		47.266
v 63.765 		67.795 		47.35
v 64 		67.795 		47.466
v 64.218 		67.795 		47.611
v 64.414 		67.795 		47.783
v 64.732 		67.795 		48.198
v 64.848 		67.795 		48.432
v 64.932 		67.795 		48.68
v 64.983 		67.795 		48.937
v 64.587 		67.795 		47.98
v 63 		67.795 		47.198
v 63.261 		67.795 		47.215
v 62.482 		67.795 		47.266
v 62.739 		67.795 		47.215
v 61.586 		67.795 		47.783
v 61.782 		67.795 		47.611
v 62 		67.795 		47.466
v 62.235 		67.795 		47.35
v 61.152 		67.795 		48.432
v 61.268 		67.795 		48.198
v 61.017 		67.795 		48.937
v 61.068 		67.795 		48.68
v 61.413 		67.795 		47.98
v 43.165 		67.795 		51.045
v 41.882 		67.795 		51.129
v 41.635 		67.795 		51.045
v 41.4 		67.795 		50.93
v 41.182 		67.795 		50.784
v 40.986 		67.795 		50.612
v 42.4 		67.795 		51.198
v 42.918 		67.795 		51.129
v 42.661 		67.795 		51.18
v 42.139 		67.795 		51.18
v 40.668 		67.795 		50.198
v 40.552 		67.795 		49.963
v 40.468 		67.795 		49.715
v 40.417 		67.795 		49.459
v 40.813 		67.795 		50.415
v 40.4 		67.795 		49.198
v 43.165 		67.795 		47.35
v 43.4 		67.795 		47.466
v 40.986 		67.795 		47.783
v 41.182 		67.795 		47.611
v 41.4 		67.795 		47.466
v 42.661 		67.795 		47.215
v 42.918 		67.795 		47.266
v 42.4 		67.795 		47.198
v 41.882 		67.795 		47.266
v 42.139 		67.795 		47.215
v 41.635 		67.795 		47.35
v 40.468 		67.795 		48.68
v 40.552 		67.795 		48.432
v 40.668 		67.795 		48.198
v 40.813 		67.795 		47.98
v 40.417 		67.795 		48.937
v 49.152 		81.5888 		41.7
v 189.111 		130.098 		0
v 189.663 		129.539 		0
v 189.962 		128.809 		0
v 188.39 		130.4 		0
v 184.812 		109.045 		37.67
v 185.679 		108.999 		37.961
v 183.914 		109.073 		37.494
v 183 		109.082 		37.434
v 189.111 		86.803 		37.542
v 189.062 		86.838 		37.448
v 188.553 		87.166 		36.729
v 185.679 		87.578 		34.561
v 184.812 		87.624 		34.27
v 187.95 		87.34 		36.059
v 187.261 		87.435 		35.463
v -89.803 		103.408 		40.861
v -89.695 		102.753 		40.647
v -89.988 		102.871 		40.676
v -89.369 		102.691 		40.632
v -89.2 		102.684 		40.63
v -89.535 		102.715 		40.637
v -89.847 		102.805 		40.66
v -85.765 		101.86 		39.479
v -85.622 		101.8015 		39.3161
v -85.3601 		102.0439 		39.3545
v -85.45 		102.189 		39.561
v -85.2618 		102.135 		39.369
v -85.7906 		101.6795 		39.2967
v -85.765 		102.29 		39.807
v -86.785 		102.335 		40.193
v -86.395 		102.147 		39.971
v -87.432 		102.377 		40.351
v -87.048 		102.126 		40.141
v -87.678 		102.226 		40.313
v -87.347 		101.942 		40.095
v -87.95 		102.099 		40.282
v -87.678 		101.788 		40.057
v -88.035 		101.664 		40.026
v -86.138 		101.562 		39.405
v -86.034 		101.5039 		39.2688
v -86.053 		101.988 		39.732
v -86.785 		101.476 		39.604
v -86.395 		101.715 		39.664
v -86.7 		101.904 		39.911
v -87.048 		101.691 		39.858
v -87.432 		101.511 		39.813
v -87.035 		101.081 		39.286
v -86.9864 		101.0318 		39.1939
v -86.7989 		101.1131 		39.2068
v -86.4912 		101.2464 		39.228
v -86.564 		101.301 		39.34
v -86.275 		101.3684 		39.2473
v -87.847 		101.368 		39.777
v -88.0623 		100.7407 		39.1477
v -87.9271 		100.7707 		39.1525
v -87.543 		100.905 		39.242
v -87.5129 		100.8622 		39.167
v -87.3539 		100.9134 		39.1751
v -87.217 		101.274 		39.554
v -87.682 		101.113 		39.515
v -88.243 		101.998 		40.257
v -88.553 		101.924 		40.238
v -88.412 		101.575 		40.004
v -88.874 		101.88 		40.227
v -88.803 		101.52 		39.991
v -88.705 		102.306 		40.451
v -88.95 		102.272 		40.442
v -88.468 		102.363 		40.465
v -89.695 		102.306 		40.451
v -89.932 		102.363 		40.465
v -89.2 		101.865 		40.224
v -89.2 		102.261 		40.439
v -89.45 		102.272 		40.442
v -89.597 		101.52 		39.991
v -89.847 		101.924 		40.238
v -89.988 		101.575 		40.004
v -89.526 		101.88 		40.227
v -89.2 		101.502 		39.986
v 117.8374 		59.051 		130.5797
v 117.9324 		59.051 		130.3504
v 115.241 		59.051 		130.69
v 114.731 		59.051 		130.792
v 119.3774 		59.0509 		129.9063
v 119.125 		59.051 		130.847
v 118.1668 		59.0508 		128.0762
v 118.2266 		59.0508 		128.6219
v 118.1668 		59.0509 		129.6591
v 118.2266 		59.0508 		129.1141
v 116.5404 		59.0508 		128.3736
v 116.5395 		59.0508 		128.3878
v 116.4951 		59.0509 		129.4203
v 118.259 		59.0508 		128.868
v 117.9324 		59.0507 		127.3856
v 117.8374 		59.0507 		127.1562
v 119.4468 		59.0509 		129.6681
v 119.4632 		59.0508 		128.9365
v 119.4903 		59.0508 		128.6899
v 119.336 		59.0507 		127.64
v 119.3791 		59.0508 		127.9679
v 119.2458 		59.0507 		127.4086
v 116.4814 		59.0509 		129.4606
v 114.7096 		59.051 		130.7915
v 115.6835 		59.0507 		127.1275
v 115.7149 		59.0507 		127.144
v 116.5344 		59.0508 		128.3387
v 115.7149 		59.051 		130.4551
v 115.6835 		59.051 		130.4716
v 115.7304 		59.051 		130.4403
v 116.332 		59.0508 		127.8
v 116.5258 		59.0508 		128.3191
v 116.304 		59.0507 		127.768
v 115.743 		59.051 		130.4231
v 116.419 		59.0505 		124.314
v 116.7057 		59.0505 		124.4793
v 117.347 		59.0505 		124.8301
v 115.479 		59.0504 		124.039
v 117.5262 		59.0505 		125.002
v 118.0965 		59.0506 		125.4604
v 118.6015 		59.0506 		126.1021
v 118.4183 		59.0506 		125.8277
v 115.2061 		59.0507 		126.904
v 115.241 		59.0507 		126.91
v 117.4313 		59.0506 		126.5493
v 117.321 		59.0506 		126.399
v 116.79 		59.0506 		125.891
v 116.162 		59.0506 		125.509
v 115.9884 		59.0506 		125.4416
v 115.2978 		59.0505 		125.2072
v 115.1138 		59.0505 		125.1785
v 118.8725 		59.0506 		126.5083
v 115.1919 		59.0507 		126.9049
v 110.834 		59.0509 		129.598
v 110.8859 		59.0509 		129.7769
v 111.1196 		59.051 		130.4683
v 111.2093 		59.051 		130.6314
v 113.0364 		59.0509 		130.0397
v 112.872 		59.0509 		129.8059
v 112.6791 		59.0509 		129.2869
v 112.6665 		59.0509 		129.2613
v 113.0091 		59.0509 		130.012
v 112.661 		59.0509 		129.2336
v 113.5914 		59.051 		130.5257
v 113.9797 		59.051 		130.6951
v 113.9308 		59.051 		130.6751
v 110.8459 		59.0508 		128.0762
v 110.7862 		59.0508 		128.6219
v 111.147 		59.0507 		127.212
v 111.0796 		59.0507 		127.3856
v 110.754 		59.0508 		128.868
v 113.568 		59.0507 		127.096
v 113.6 		59.0507 		127.068
v 112.7796 		59.0508 		128.0095
v 112.7933 		59.0508 		127.9693
v 113.5601 		59.0507 		127.1079
v 112.6094 		59.0508 		128.6619
v 112.609 		59.0508 		128.6833
v 109.7392 		59.051 		130.3774
v 109.7029 		59.0507 		127.5614
v 109.5333 		59.0508 		128.5244
v 109.5924 		59.0508 		128.2834
v 109.5224 		59.0508 		128.6899
v 109.5652 		59.0509 		129.6681
v 109.5495 		59.0508 		128.9365
v 109.928 		59.051 		130.8332
v 109.8086 		59.051 		130.6156
v 110.0761 		59.0506 		126.6611
v 110.176 		59.0506 		126.434
v 113.2595 		59.0504 		124.1318
v 113.6141 		59.0504 		124.023
v 112.5578 		59.0505 		124.3371
v 111.7134 		59.0505 		124.8238
v 114.3405 		59.0504 		123.9439
v 114.506 		59.0504 		123.933
v 111.462 		59.0505 		124.966
v 110.754 		59.0506 		125.644
v 114.5681 		59.0505 		125.1181
v 114.2599 		59.0505 		125.1467
v 113.7149 		59.0505 		125.2072
v 113.0236 		59.0506 		125.4416
v 112.7942 		59.0506 		125.5366
v 112.1873 		59.0506 		125.9428
v 112.037 		59.0506 		126.053
v 111.529 		59.0506 		126.584
v 113.9797 		59.0507 		126.9049
v 139.235 		78.954 		220.713
v 139.2024 		79.1263 		220.9966
v 139.197 		79.125 		220.994
v 139.1968 		79.1261 		220.9965
v 138.679 		78.876 		220.693
v 138.604 		79.043 		220.973
v 138.6258 		79.0506 		220.9846
v 138.6019 		79.0474 		220.984
v 138.032 		78.907 		220.939
v 138.025 		78.9162 		220.9632
v 138.0751 		78.9276 		220.965
v 138.282 		78.541 		220.389
v 138.773 		78.658 		220.418
v 137.817 		78.381 		220.349
v 137.385 		78.179 		220.299
v 137.635 		78.574 		220.618
v 138.143 		78.749 		220.662
v 137.49 		78.72 		220.893
v 137.555 		78.7611 		220.9386
v 137.4742 		78.7346 		220.9344
v 138.885 		78.391 		220.152
v 139.012 		78.08 		219.9
v 138.278 		77.867 		219.847
v 137.648 		77.964 		220.046
v 138.032 		78.144 		220.091
v 138.635 		77.99 		219.878
v 138.447 		78.287 		220.126
v 137.164 		78.354 		220.564
v 136.995 		77.94 		220.24
v 136.738 		78.093 		220.499
v 136.534 		78.207 		220.765
v 136.988 		78.485 		220.835
v 136.6319 		78.3163 		220.868
v 136.9585 		78.5048 		220.898
v 136.4846 		78.2312 		220.8545
v 136.234 		78.0438 		220.8248
v 137.0727 		78.5558 		220.906
v 136.0613 		77.915 		220.8044
v 136.135 		77.889 		220.687
v 139.153 		77.73 		219.666
v 138.843 		77.657 		219.647
v 138.278 		77.428 		219.591
v 138.55 		77.555 		219.622
v 139.068 		77.292 		219.439
v 138.843 		77.214 		219.42
v 139.153 		76.85 		219.244
v 138.282 		76.87 		219.335
v 138.447 		77.002 		219.367
v 138.635 		77.117 		219.396
v 137.817 		77.106 		219.51
v 138.032 		77.278 		219.553
v 137.648 		77.529 		219.763
v 137.385 		77.319 		219.711
v 137.635 		76.915 		219.463
v 137.947 		77.712 		219.809
v 137.3 		77.751 		219.993
v 138.679 		76.518 		219.162
v 138.773 		76.617 		219.186
v 138.885 		76.706 		219.208
v 139.012 		76.784 		219.228
v 138.143 		76.724 		219.298
v 138.032 		76.567 		219.259
v 185.517 		91.079 		119.685
v 185.517 		91.133 		119.723
v 185.517 		90.985 		119.581
v 185.517 		91.03 		119.638
v 185.517 		90.945 		119.517
v 185.517 		90.912 		119.446
v 185.517 		90.886 		119.369
v 185.568 		90.523 		119.767
v 185.568 		90.471 		119.615
v 185.568 		90.433 		119.455
v 185.517 		90.866 		119.289
v 185.517 		90.855 		119.205
v 185.517 		90.855 		119.035
v 185.517 		90.851 		119.12
v 185.517 		90.866 		118.951
v 185.517 		90.886 		118.87
v 185.517 		90.912 		118.793
v 185.568 		90.402 		119.12
v 185.568 		90.41 		119.289
v 185.568 		90.41 		118.951
v 185.568 		90.433 		118.785
v 186.982 		94.659 		118.489
v 186.982 		94.573 		117.87
v 186.735 		94.514 		118.517
v 186.735 		94.431 		117.924
v 186.5 		94.313 		118.555
v 186.5 		94.235 		117.999
v 186.982 		94.431 		117.272
v 186.735 		94.295 		117.352
v 186.982 		94.235 		116.705
v 186.735 		94.108 		116.81
v 186.5 		94.108 		117.463
v 186.5 		93.933 		116.955
v 186.282 		94.061 		118.602
v 186.282 		93.99 		118.093
v 185.913 		93.366 		118.332
v 186.086 		93.698 		118.205
v 186.086 		93.594 		117.767
v 186.086 		93.761 		118.658
v 185.913 		93.276 		117.955
v 185.913 		93.42 		118.722
v 185.652 		92.601 		118.625
v 185.768 		92.998 		118.473
v 185.652 		92.545 		118.388
v 185.768 		92.924 		118.163
v 185.768 		92.823 		117.87
v 185.652 		92.468 		118.163
v 185.652 		92.37 		117.955
v 185.652 		92.255 		117.767
v -133 		59.058 		217.812
v -135 		59.058 		217.269
v -134.035 		59.058 		217.674
v -137 		59.058 		213.762
v -135.828 		59.058 		216.625
v -136.464 		59.058 		215.787
v -136.864 		59.058 		214.81
v -133.0019 		56.143 		220.3865
v -133 		56.143 		220.3866
v -133.914 		56.143 		220.3256
v -134.8138 		56.143 		220.144
v -133.9159 		56.143 		220.3252
v -134.812 		56.143 		220.1446
v -137.2624 		56.143 		218.9204
v -137.261 		56.143 		218.9216
v -136.5016 		56.143 		219.4356
v -136.5 		56.143 		219.4366
v -135.679 		56.143 		219.8466
v -135.6807 		56.143 		219.8458
v -137.95 		56.143 		218.3106
v -137.9512 		56.143 		218.3092
v -138.553 		56.143 		217.6136
v -138.554 		56.143 		217.6121
v -139.062 		56.143 		216.8426
v -139.0628 		56.143 		216.841
v -139.94 		56.143 		214.2246
v -139.7613 		56.143 		215.1318
v -139.761 		56.143 		215.1336
v -139.467 		56.143 		216.0116
v -139.4676 		56.143 		216.0099
v -139.9401 		56.143 		214.2228
v -126.4 		59.0442 		47.3922
v -126.4 		59.0436 		40.1
v -126.4 		59.0434 		38.1
v -134.531 		59.043 		32.838
v -135 		59.043 		33.072
v -137 		59.043 		36.579
v -136.464 		59.043 		34.555
v -135.435 		59.043 		33.366
v -135.828 		59.043 		33.716
v -136.966 		59.043 		36.051
v -136.864 		59.043 		35.531
v -139.962 		56.143 		35.526
v -139.9999 		56.143 		36.1177
v -133 		59.058 		32.532
v -133.853 		59.043 		32.631
v -133.522 		59.053 		32.566
v -126.4 		59.261 		40.1
v -126.4 		59.261 		38.1
v 119.107 		56.849 		40.09
v 120.756 		56.849 		40.09
v 120.756 		56.849 		39.679
v 121.766 		56.849 		39.679
v 122.233 		56.849 		40.09
v 123.83 		56.849 		40.09
v 123.83 		56.849 		39.679
v 115.58 		56.849 		41.899
v 116.386 		56.849 		41.365
v 115.949 		56.849 		41.57
v 115.507 		56.849 		42.851
v 115.964 		56.849 		42.753
v 116.207 		56.849 		42.927
v 115.429 		56.849 		42.341
v 115.883 		56.849 		42.461
v 116.001 		56.849 		42.107
v 117.147 		56.849 		40.98
v 117.536 		56.849 		41.262
v 117.651 		56.849 		41.089
v 116.9 		56.849 		41.643
v 117.506 		56.849 		42.789
v 116.753 		56.849 		42.974
v 115.739 		56.849 		43.151
v 116.127 		56.849 		43.331
v 117.669 		56.849 		43.204
v 118.641 		56.849 		43.347
v 116.995 		56.849 		43.378
v 119.107 		56.849 		42.934
v 119.107 		56.849 		41.802
v 119.107 		56.849 		41.388
v 120.756 		56.849 		42.934
v 120.66 		56.849 		41.802
v 120.66 		56.849 		41.388
v 120.756 		56.849 		43.347
v 121.766 		56.849 		43.347
v 122.233 		56.849 		43.347
v -88.553 		76.012 		218.984
v -88.57 		75.954 		218.97
v -88.597 		76.247 		219.043
v -88.682 		75.794 		218.93
v -88.597 		75.897 		218.956
v -88.635 		75.844 		218.943
v -89.45 		76.494 		219.104
v -89.285 		76.524 		219.112
v -89.115 		76.524 		219.112
v -89.2 		76.528 		219.113
v -89.526 		76.467 		219.097
v -89.369 		76.513 		219.109
v -89.597 		76.434 		219.089
v -89.661 		76.395 		219.079
v -89.718 		76.35 		219.068
v -89.765 		76.3 		219.056
v -89.2 		76.074 		218.982
v 188.39 		87.262 		36.555
v 186.5 		87.515 		34.961
v 183.914 		87.652 		34.094
v 183 		87.662 		34.035
v 164.1 		82.9989 		36.3318
v 189.387 		127.452 		8.546
v 188 		128.121 		8.931
v 188.636 		128.141 		8.806
v 189.176 		128.197 		8.45
v 188.425 		128.766 		8.389
v 188 		128.753 		8.473
v 189.812 		127.552 		7.918
v 189.962 		127.67 		7.176
v 189.663 		128.382 		7.289
v 189.536 		128.282 		7.918
v 189.111 		128.927 		7.376
v 189.027 		128.86 		7.796
v 188.786 		128.804 		8.152
v 188.39 		129.222 		7.422
v 188 		129.161 		7.808
v 189.111 		89.538 		20.31
v 188.694 		89.678 		20.529
v 189.812 		88.696 		19.796
v 189.663 		89.044 		19.9
v 189.387 		89.273 		20.218
v 189.962 		88.43 		19.172
v 188.39 		89.798 		20.574
v 188 		89.786 		20.651
v 164.1 		82.464 		36.402
v 164.1 		82.2663 		37.599
v 164.1 		82.999 		36.4836
v 164.002 		82.2663 		37.599
v 156.61 		130.4 		0
v 155.889 		130.098 		0
v 155.337 		129.539 		0
v 155.038 		128.809 		0
v 155.038 		87.064 		0
v 156.61 		87.662 		34.035
v 155.889 		87.367 		33.988
v 155.592 		87.073 		33.941
v -88.079 		100.778 		39.21
v -88.635 		100.701 		39.191
v -88.5076 		100.6828 		39.1385
v -88.173 		100.997 		39.486
v -88.682 		100.926 		39.468
v -88.285 		101.264 		39.752
v -88.739 		101.201 		39.736
v 113.9394 		59.0507 		126.9186
v 130.626 		59.0484 		99.332
v 110.226 		59.0484 		99.332
v 110.226 		60.695 		99.332
v 130.626 		60.695 		99.332
v 93.226 		59.0484 		99.332
v 70.9103 		59.051 		130.9021
v 71.039 		59.051 		130.69
v 71.1482 		59.051 		130.5653
v 72.234 		59.0509 		129.585
v 73.093 		59.0508 		129.115
v 72.0404 		59.0509 		129.7403
v 73.35 		59.051 		130.309
v 72.722 		59.051 		130.691
v 72.5874 		59.051 		130.8197
v 74.032 		59.0508 		128.84
v 75.006 		59.0508 		128.734
v 75.979 		59.0508 		128.84
v 76.919 		59.0508 		129.115
v 77.778 		59.0509 		129.585
v 75.9162 		59.0509 		130.0308
v 75.7309 		59.0509 		130.0106
v 75.006 		59.0509 		129.915
v 74.2811 		59.0509 		130.0106
v 77.29 		59.051 		130.691
v 76.662 		59.051 		130.309
v 76.1506 		59.0509 		130.1104
v 74.0961 		59.0509 		130.0308
v 73.8614 		59.0509 		130.1104
v 78.973 		59.051 		130.69
v 78.542 		59.0509 		130.198
v 93.226 		60.695 		99.332
v 110.226 		59.0482 		96.332
v 130.626 		59.0482 		96.332
v 110.226 		60.695 		96.332
v 101.3496 		59.0459 		68.2336
v 101.3515 		59.0476 		89.5304
v 130.626 		60.695 		96.332
v 96.226 		59.0472 		84.332
v 96.226 		59.0482 		96.332
v 96.226 		60.695 		84.332
v 96.226 		60.695 		96.332
v 93.226 		59.0472 		84.332
v 93.226 		60.695 		84.332
v 117.712 		59.0454 		62.251
v 116.298 		59.0454 		62.251
v 130.909 		59.0454 		62.251
v 129.495 		59.0454 		62.251
v -88.6276 		100.6674 		39.1361
v -89.0857 		100.6473 		39.1329
v -89.661 		101.201 		39.736
v -89.2 		100.902 		39.462
v -89.2 		101.18 		39.731
v -89.2 		100.675 		39.185
v -89.718 		100.926 		39.468
v -89.765 		100.701 		39.191
v -89.2 		100.6422 		39.1321
v -89.7724 		100.6674 		39.1361
v -89.6552 		100.6621 		39.1352
v -90.365 		105.599 		41.003
v -90.722 		105.476 		40.972
v -90.553 		104.546 		41.007
v -90.968 		104.85 		40.965
v -90.157 		105.229 		41.059
v -90.45 		105.128 		41.034
v -90.365 		104.661 		41.035
v -90.722 		105.001 		41.002
v -90.157 		104.759 		41.059
v -90.718 		104.414 		40.974
v -90.321 		104.042 		40.967
v -90.227 		104.14 		40.991
v -90.115 		104.229 		41.013
v -91.048 		106.885 		40.237
v -91.0703 		106.9368 		40.1311
v -90.45 		107.027 		40.272
v -90.4667 		107.0868 		40.1549
v -90.7607 		107.0136 		40.1433
v -90.396 		106.854 		40.481
v -90.968 		106.718 		40.447
v -90.857 		106.502 		40.631
v -90.321 		106.63 		40.663
v -90.1702 		107.1297 		40.1617
v -91.3165 		106.848 		40.117
v -91.51 		106.531 		40.4
v -91.615 		106.689 		40.188
v -91.6396 		106.7309 		40.0984
v -91.8273 		106.6387 		40.0838
v -90.718 		106.241 		40.787
v -90.227 		106.357 		40.816
v -90.115 		106.042 		40.938
v 137.49 		76.71 		219.412
v 137.952 		76.402 		219.218
v 137.385 		76.494 		219.359
v 137.903 		76.23 		219.176
v 137.321 		76.269 		219.303
v 137.3 		76.041 		219.246
v 137.321 		75.813 		219.19
v 136.653 		77.667 		220.172
v 136.365 		77.795 		220.425
v 136.05 		77.465 		220.343
v 137.164 		77.088 		219.654
v 136.988 		76.838 		219.592
v 136.738 		77.238 		219.866
v 136.534 		76.948 		219.794
v 136.365 		77.365 		220.097
v 136.995 		77.507 		219.933
v 136.135 		77.039 		220.017
v 136.86 		76.574 		219.526
v 136.756 		76.023 		219.389
v 136.782 		76.301 		219.458
v 136.295 		76.325 		219.639
v 136.385 		76.642 		219.718
v 136.264 		76.002 		219.559
v 135.968 		76.696 		219.931
v 137.385 		73.776 		219.206
v 136.988 		75.208 		219.187
v 136.86 		75.472 		219.253
v 136.782 		75.745 		219.32
v 136.385 		75.362 		219.4
v 136.534 		75.055 		219.324
v 136.295 		75.679 		219.479
v 136.738 		74.765 		219.252
v 136.135 		74.916 		219.489
v 135.968 		75.259 		219.575
v 136.995 		74.496 		219.185
v 136.995 		74.015 		219.266
v 136.653 		74.288 		219.334
v 136.365 		74.59 		219.409
v 136.738 		73.809 		219.435
v 136.365 		74.107 		219.509
v 136.05 		74.436 		219.591
v 136.135 		73.954 		219.71
v 135.968 		73.834 		219.932
v 186.282 		93.712 		117.136
v 186.282 		93.873 		117.602
v 186.086 		93.451 		117.352
v 186.086 		93.271 		116.967
v 185.913 		93.153 		117.598
v 185.913 		92.998 		117.267
v 185.913 		92.814 		116.967
v 185.768 		92.696 		117.598
v 185.768 		92.545 		117.352
v 185.768 		92.373 		117.136
v 185.768 		92.183 		116.955
v 185.568 		92.145 		118.625
v 185.568 		92.092 		118.473
v 185.568 		92.026 		118.332
v 185.517 		91.67 		118.722
v 185.517 		91.536 		118.555
v 185.517 		91.631 		118.658
v 185.517 		91.586 		118.602
v 185.517 		91.189 		118.489
v 185.517 		91.482 		118.517
v 185.517 		91.426 		118.489
v 185.517 		91.248 		118.473
v 185.517 		91.308 		118.467
v 185.517 		91.367 		118.473
v 185.568 		91.948 		118.205
v 185.568 		91.761 		117.999
v 185.568 		91.654 		117.924
v 185.568 		91.859 		118.093
v 185.568 		91.189 		117.837
v 185.568 		91.308 		117.826
v 185.568 		91.426 		117.837
v 185.568 		91.542 		117.87
v 185.517 		91.133 		118.517
v 185.517 		90.945 		118.722
v 185.568 		90.471 		118.625
v 185.568 		90.523 		118.473
v 185.568 		90.589 		118.332
v 185.517 		90.985 		118.658
v 185.517 		91.03 		118.602
v 185.517 		91.079 		118.555
v 185.568 		90.961 		117.924
v 185.568 		91.073 		117.87
v 185.568 		90.667 		118.205
v 185.568 		90.756 		118.093
v 185.568 		90.855 		117.999
v -105.202 		56.143 		0
v -119.3281 		56.143 		206.354
v -119.75 		56.143 		206.0678
v -119.321 		56.143 		206.3588
v -119 		56.143 		206.4148
v -119.7538 		56.143 		206.06
v -119.9888 		56.143 		205.5024
v -119.9891 		56.143 		205.4947
v -119.9431 		56.143 		204.8709
v -119.9933 		56.143 		205.1256
v -119.996 		56.143 		205.1338
v -119 		56.143 		204.1868
v -119.323 		56.143 		204.2436
v -119.3157 		56.143 		204.2419
v -119.5586 		56.143 		204.3644
v -119.5521 		56.143 		204.3587
v -90.553 		105.938 		40.912
v -90.968 		105.795 		40.876
v -91.365 		106.327 		40.588
v -91.183 		106.08 		40.748
v -89.847 		76.131 		219.014
v -89.853 		76.072 		218.999
v -89.83 		76.19 		219.029
v -89.803 		76.247 		219.043
v -89.847 		76.012 		218.984
v -89.765 		75.844 		218.943
v -89.803 		75.897 		218.956
v -89.83 		75.954 		218.97
v -89.718 		75.794 		218.93
v -86.785 		75.588 		219.134
v -86.89 		75.372 		219.08
v -87.035 		75.166 		219.029
v -86.564 		74.958 		219.125
v -87.432 		75.543 		219.005
v -87.543 		75.386 		218.966
v -88.004 		75.719 		218.963
v -87.352 		75.709 		219.046
v -87.847 		75.109 		218.897
v -87.682 		75.24 		218.93
v -87.217 		74.976 		218.982
v -87.432 		74.804 		218.939
v -88.035 		74.993 		218.869
v -86.7 		74.253 		219.125
v -86.785 		74.727 		219.068
v -87.048 		74.517 		219.016
v -87.678 		74.653 		218.902
v -87.95 		74.526 		218.87
v -87.347 		74.334 		218.97
v -87.678 		74.179 		218.932
v -88.035 		74.056 		218.901
v -87.048 		74.04 		219.072
v -87.432 		73.86 		219.028
v -88.173 		75.514 		218.913
v -88.079 		75.613 		218.937
v -88.285 		75.425 		218.891
v -88.412 		75.347 		218.871
v -88.553 		75.282 		218.855
v -88.739 		75.749 		218.919
v -88.803 		75.71 		218.909
v -88.874 		75.676 		218.901
v -88.95 		75.65 		218.894
v -89.031 		75.631 		218.89
v -88.243 		74.896 		218.845
v -88.705 		75.229 		218.842
v -88.865 		75.191 		218.832
v -89.031 		75.168 		218.827
v -88.468 		74.819 		218.825
v -88.705 		74.762 		218.811
v -89.526 		75.676 		218.901
v -89.597 		75.71 		218.909
v -89.285 		75.619 		218.887
v -89.2 		75.615 		218.886
v -89.369 		75.631 		218.89
v -89.45 		75.65 		218.894
v -89.115 		75.619 		218.887
v -89.847 		75.282 		218.855
v -89.988 		75.347 		218.871
v 138.604 		76.412 		219.135
v 138.55 		76.3 		219.108
v 185.652 		90.245 		117.955
v 185.652 		90.148 		118.163
v 139.235 		76.3 		219.056
v 185.652 		90.361 		117.767
v 156.364 		128.141 		8.806
v 157 		128.121 		8.931
v 185.652 		92.123 		117.602
v 157 		128.753 		8.473
v 156.575 		128.766 		8.389
v 155.824 		128.197 		8.45
v 155.613 		127.452 		8.546
v 185.652 		91.654 		117.272
v 185.652 		91.82 		117.352
v 185.652 		91.977 		117.463
v 157 		129.161 		7.808
v 156.214 		128.804 		8.152
v 155.973 		128.86 		7.796
v 156.61 		129.222 		7.422
v 155.889 		128.927 		7.376
v 155.464 		128.282 		7.918
v 185.652 		91.308 		117.206
v 185.768 		91.977 		116.81
v 155.038 		127.67 		7.176
v 155.337 		128.382 		7.289
v 185.652 		91.482 		117.223
v 155.188 		127.552 		7.918
v 185.652 		90.961 		117.272
v 185.652 		90.492 		117.602
v 185.652 		90.638 		117.463
v 155.337 		87.073 		32.32
v 185.652 		90.795 		117.352
v -91.352 		105.615 		40.832
v -92.14 		106.444 		40.127
v -92.012 		106.297 		40.342
v -91.836 		106.107 		40.533
v 185.652 		91.133 		117.223
v -91.615 		105.879 		40.697
v -92.005 		105.639 		40.638
v 185.768 		90.433 		116.955
v 185.768 		90.242 		117.136
v 185.768 		90.638 		116.81
v -89.661 		75.749 		218.919
v -89.369 		75.168 		218.827
v -89.2 		75.16 		218.825
v -89.535 		75.191 		218.832
v -89.695 		75.229 		218.842
v -89.695 		74.762 		218.811
v -89.932 		74.819 		218.825
v -88.95 		74.728 		218.803
v -88.243 		74.425 		218.845
v -88.553 		74.352 		218.827
v -88.874 		74.307 		218.816
v -88.412 		73.966 		218.879
v -88.803 		73.912 		218.865
v -89.2 		74.717 		218.8
v -89.45 		74.728 		218.803
v -89.526 		74.307 		218.816
v -89.2 		74.292 		218.812
v -89.597 		73.912 		218.865
v -89.847 		74.352 		218.827
v 186.5 		93.712 		116.484
v 186.982 		93.99 		116.18
v 186.735 		93.873 		116.308
v 186.735 		93.594 		115.853
v 186.5 		93.451 		116.058
v 186.982 		93.698 		115.705
v 186.982 		93.366 		115.288
v 186.735 		93.276 		115.455
v 186.5 		93.153 		115.684
v 186.982 		92.998 		114.937
v 186.5 		92.823 		115.37
v 186.735 		92.924 		115.119
v 186.735 		92.545 		114.852
v 186.5 		92.468 		115.119
v 186.282 		93.511 		116.705
v 186.282 		93.271 		116.315
v 186.086 		93.058 		116.62
v 186.282 		92.998 		115.973
v 139.197 		76.247 		219.043
v 139.17 		76.19 		219.029
v 139.235 		75.844 		218.943
v 139.197 		75.897 		218.956
v 139.17 		75.954 		218.97
v 139.153 		76.012 		218.984
v 139.147 		76.072 		218.999
v 139.153 		76.131 		219.014
v 138.517 		76.184 		219.079
v 138.55 		75.831 		218.991
v 138.517 		75.947 		219.02
v 138.506 		76.066 		219.049
v 137.903 		75.88 		219.089
v 137.887 		76.055 		219.132
v 138.679 		75.613 		218.937
v 138.604 		75.719 		218.963
v 139.012 		75.347 		218.871
v 139.153 		75.282 		218.855
v 138.885 		75.425 		218.891
v 138.773 		75.514 		218.913
v 40.0112 		56.143 		205.4523
v 40.0109 		56.143 		205.4445
v 40.177 		56.143 		205.9588
v 40.1744 		56.143 		205.9528
v 36.864 		56.143 		204.8
v 33.0053 		56.143 		206.4138
v 33 		56.143 		206.4148
v 33.9793 		56.143 		205.0049
v 33.9792 		56.143 		205.011
v 33.8965 		56.143 		205.843
v 33.7524 		56.143 		206.0642
v 33.75 		56.143 		206.0678
v 33.895 		56.143 		205.8488
v 33.9771 		56.143 		204.9977
v 33.4665 		56.143 		206.2909
v 33.4736 		56.143 		206.2861
v 40.2561 		56.143 		204.5293
v 40.249 		56.143 		204.5351
v 40.2459 		56.143 		204.5437
v 40.2468 		56.143 		204.5394
v 33.3157 		56.143 		204.2419
v 33.321 		56.143 		204.2428
v 33 		56.143 		204.1868
v 33.7429 		56.143 		204.529
v 33.7519 		56.143 		204.5364
v 33.8945 		56.143 		204.7518
v 16.384 		56.143 		220.3866
v 20.0108 		56.143 		205.4975
v 20.0295 		56.143 		205.0087
v 20.1782 		56.143 		205.9606
v 20.1744 		56.143 		205.9528
v 20.0312 		56.143 		204.9996
v 20.0112 		56.143 		205.5024
v 20.6719 		56.143 		206.354
v 20.679 		56.143 		206.3588
v 16.384 		56.143 		204.8
v 21 		56.143 		206.4148
v 21 		56.143 		204.1868
v 20.678 		56.143 		204.2431
v 20.6843 		56.143 		204.2419
v 20.2299 		56.143 		204.564
v 20.2323 		56.143 		204.5603
v 20.2384 		56.143 		204.5559
v 16.384 		56.143 		196.608
v 13 		56.143 		206.4148
v 13.9764 		56.143 		204.9968
v 13.979 		56.143 		205.0028
v 13.9888 		56.143 		205.4424
v 13.9888 		56.143 		205.4523
v 13.8256 		56.143 		205.9528
v 13.8218 		56.143 		205.9606
v 13.3281 		56.143 		206.354
v 13.321 		56.143 		206.3588
v 0.0108 		56.143 		205.4975
v 0.0295 		56.143 		205.0087
v 0.6719 		56.143 		206.354
v 0.1782 		56.143 		205.9606
v 0.1744 		56.143 		205.9528
v 0.0312 		56.143 		204.9996
v 0.0112 		56.143 		205.5024
v 0.679 		56.143 		206.3588
v 1 		56.143 		206.4148
v 13.3157 		56.143 		204.2419
v 13.321 		56.143 		204.2428
v 13 		56.143 		204.1868
v 13.5502 		56.143 		204.3578
v 13.8147 		56.143 		204.6361
v 13.823 		56.143 		204.6428
v 0.2299 		56.143 		204.564
v 0.2323 		56.143 		204.5603
v 0.2384 		56.143 		204.5559
v 0.678 		56.143 		204.2431
v 0.6843 		56.143 		204.2419
v 1 		56.143 		204.1868
v -7 		56.143 		206.4148
v -6.1744 		56.143 		205.9528
v -6.1782 		56.143 		205.9606
v -6.679 		56.143 		206.3588
v -6.6719 		56.143 		206.354
v -8.192 		56.143 		212.1393
v -6.0236 		56.143 		204.9968
v -6.021 		56.143 		205.0028
v -6.0112 		56.143 		205.4424
v -6.0112 		56.143 		205.4523
v -7 		56.143 		204.1868
v -6.6843 		56.143 		204.2419
v -6.679 		56.143 		204.2428
v -6.4498 		56.143 		204.3578
v -6.1853 		56.143 		204.6361
v -6.177 		56.143 		204.6428
v -32.768 		56.143 		220.3866
v -19.8218 		56.143 		205.9606
v -19.8256 		56.143 		205.9528
v -19.9888 		56.143 		205.5024
v -19.9688 		56.143 		204.9996
v -19.9892 		56.143 		205.4975
v -19.9705 		56.143 		205.0087
v -19.3281 		56.143 		206.354
v -19.321 		56.143 		206.3588
v -19 		56.143 		206.4148
v -27 		56.143 		206.4148
v -26.0236 		56.143 		204.9968
v -26.021 		56.143 		205.0028
v -26.0112 		56.143 		205.4424
v -26.0112 		56.143 		205.4523
v -26.679 		56.143 		206.3588
v -26.1782 		56.143 		205.9606
v -26.6719 		56.143 		206.354
v -26.1744 		56.143 		205.9528
v -19 		56.143 		204.1868
v -19.322 		56.143 		204.2431
v -19.3157 		56.143 		204.2419
v -19.7701 		56.143 		204.564
v -19.7677 		56.143 		204.5603
v -19.7616 		56.143 		204.5559
v -26.6843 		56.143 		204.2419
v -26.679 		56.143 		204.2428
v -27 		56.143 		204.1868
v -26.4499 		56.143 		204.3578
v -26.1853 		56.143 		204.6361
v -26.177 		56.143 		204.6428
v -91.7 		105.402 		40.779
v -91.352 		105.137 		40.888
v -92.005 		105.158 		40.718
v -91.615 		104.928 		40.836
v -91.053 		105.321 		40.934
v -91.836 		104.696 		40.779
v -91.183 		104.678 		40.922
v -91.365 		104.488 		40.875
v -92.163 		106.4741 		40.0577
v -92.262 		105.846 		40.468
v -92.466 		106.018 		40.273
v -92.2907 		106.3914 		40.0446
v -92.615 		106.152 		40.055
v -92.6323 		106.1703 		40.0095
v -93.032 		105.82 		39.972
v -92.865 		105.7 		40.194
v -92.635 		105.548 		40.394
v -92.7037 		106.1099 		39.9999
v -93.0392 		105.8262 		39.9549
v -93.0611 		105.8016 		39.9509
v -92.95 		105.218 		40.313
v -92.347 		105.366 		40.57
v -92.635 		105.065 		40.495
v -92.262 		104.889 		40.652
v -92.865 		104.739 		40.415
v -92.466 		104.599 		40.58
v -93.201 		105.349 		40.107
v -93.468 		104.969 		40.013
v -93.201 		104.863 		40.225
v -93.383 		104.488 		40.131
v -93.2263 		105.6168 		39.9216
v -93.662 		104.569 		39.913
v -93.7927 		104.6134 		39.7624
v -93.7419 		104.7406 		39.7826
v -93.6225 		105.0383 		39.8298
v -93.5796 		105.1084 		39.8409
v -93.372 		105.4467 		39.8946
v -93.3554 		105.4662 		39.8977
v -90.857 		104.269 		40.938
v -91.048 		103.946 		40.858
v -90.968 		104.112 		40.899
v -90.483 		103.471 		40.825
v -90.45 		103.823 		40.913
v -90.396 		103.935 		40.94
v -90.483 		103.707 		40.884
v -90.494 		103.589 		40.854
v -91.097 		103.774 		40.815
v -91.113 		103.599 		40.772
v -91.097 		103.425 		40.728
v -92.012 		104.446 		40.717
v -91.679 		103.842 		40.714
v -91.51 		104.283 		40.824
v -92.14 		104.183 		40.651
v -91.615 		104.066 		40.77
v -91.7 		103.614 		40.658
v -90.45 		103.355 		40.796
v -90.396 		103.243 		40.768
v -90.115 		102.949 		40.696
v -90.227 		103.038 		40.718
v -90.321 		103.136 		40.742
v -91.048 		103.253 		40.686
v -90.968 		103.087 		40.644
v -90.857 		102.93 		40.606
v 155.038 		87.072 		27.729
v 156.61 		89.798 		20.574
v 156.306 		89.678 		20.529
v 157 		89.786 		20.651
v 155.889 		89.538 		20.31
v 155.038 		88.43 		19.172
v 155.337 		89.044 		19.9
v 155.188 		88.696 		19.796
v 155.613 		89.273 		20.218
v 155.502 		81.405 		0
v 164.1 		80.687 		35.9649
v 164.1 		80.6874 		37.599
v 164.002 		80.6874 		37.599
v 159.962 		80.687 		35.9649
v 159.962 		80.6876 		38.1
v 190 		107.985 		44.348
v 189.761 		108.269 		42.558
v 189.467 		108.405 		41.702
v 189.94 		108.128 		43.445
v 186.915 		108.107 		43.578
v 187 		107.985 		44.348
v 186.58 		108.261 		42.604
v 186.001 		108.397 		41.748
v -89.2 		73.894 		218.861
v -89.988 		73.966 		218.879
v -85.695 		73.407 		220.086
v -85.934 		73.637 		219.631
v -85.785 		73.502 		219.849
v -86.89 		73.123 		219.504
v -87.035 		73.327 		219.316
v -86.564 		73.547 		219.371
v -86.388 		73.358 		219.562
v -86.26 		73.211 		219.777
v -86.785 		72.965 		219.716
v -86.182 		73.108 		220.012
v -86.721 		72.856 		219.949
v -87.543 		73.152 		219.272
v -87.217 		73.574 		219.156
v -87.432 		72.936 		219.457
v -88.004 		72.8 		219.423
v -87.352 		72.77 		219.667
v -87.95 		72.628 		219.632
v -87.303 		72.656 		219.9
v -87.917 		72.51 		219.863
v -88.57 		72.541 		219.611
v -88.553 		72.421 		219.841
v -88.079 		73.025 		219.241
v -88.597 		72.718 		219.403
v -88.635 		72.947 		219.222
v -89.2 		72.921 		219.215
v -89.803 		72.718 		219.403
v -89.765 		72.947 		219.222
v -89.2 		72.69 		219.396
v -89.2 		72.513 		219.604
v -89.2 		72.392 		219.834
v -89.83 		72.541 		219.611
v -89.847 		72.421 		219.841
v -87.847 		73.717 		218.992
v -87.682 		73.414 		219.117
v -88.739 		73.55 		218.951
v -88.285 		73.613 		218.966
v -89.2 		73.528 		218.945
v -89.661 		73.55 		218.951
v -89.718 		73.226 		219.07
v -89.2 		73.202 		219.064
v -88.173 		73.297 		219.088
v -88.682 		73.226 		219.07
v -90.321 		78.876 		220.693
v -90.396 		79.043 		220.973
v -90.968 		78.907 		220.939
v -90.227 		78.658 		220.418
v -90.718 		78.541 		220.389
v -90.857 		78.749 		220.662
v -91.51 		78.72 		220.893
v -92.012 		78.485 		220.835
v -91.365 		78.574 		220.618
v -91.836 		78.354 		220.564
v -91.615 		78.179 		220.299
v -92.005 		77.94 		220.24
v -91.183 		78.381 		220.349
v -90.553 		78.287 		220.126
v -90.365 		77.99 		219.878
v -90.722 		77.867 		219.847
v -90.968 		78.144 		220.091
v -90.115 		78.391 		220.152
v -91.352 		77.964 		220.046
v -92.262 		78.093 		220.499
v -92.466 		78.207 		220.765
v -92.865 		77.889 		220.687
v -91.053 		77.712 		219.809
v 138.635 		74.993 		218.869
v 138.843 		74.896 		218.845
v 138.447 		75.109 		218.897
v 138.282 		75.24 		218.93
v 139.068 		74.819 		218.825
v 137.952 		75.709 		219.046
v 137.385 		75.588 		219.134
v 138.032 		75.543 		219.005
v 138.143 		75.386 		218.966
v 137.49 		75.372 		219.08
v 137.817 		74.976 		218.982
v 138.032 		74.804 		218.939
v 137.635 		75.166 		219.029
v 138.55 		74.526 		218.87
v 138.278 		74.653 		218.902
v 138.843 		74.425 		218.845
v 138.635 		74.056 		218.901
v 139.153 		74.352 		218.827
v 139.012 		73.966 		218.879
v 138.278 		74.179 		218.932
v 138.032 		73.86 		219.028
v 137.947 		74.334 		218.97
v 137.648 		74.517 		219.016
v 137.385 		74.727 		219.068
v 137.648 		74.04 		219.072
v 137.3 		74.253 		219.125
v 137.164 		74.958 		219.125
v 138.604 		72.8 		219.423
v 138.679 		73.025 		219.241
v 139.235 		72.947 		219.222
v 139.197 		72.718 		219.403
v 139.17 		72.541 		219.611
v 138.55 		72.628 		219.632
v 139.153 		72.421 		219.841
v 138.517 		72.51 		219.863
v 138.9317 		72.4306 		219.9341
v 138.5135 		72.4904 		219.9435
v 139.1509 		72.3992 		219.9291
v 138.3242 		72.5363 		219.9508
v 137.952 		72.77 		219.667
v 137.321 		72.856 		219.949
v 137.385 		72.965 		219.716
v 137.3168 		72.8443 		219.9997
v 137.216 		72.8924 		220.0073
v 137.817 		73.574 		219.156
v 137.635 		73.327 		219.316
v 138.143 		73.152 		219.272
v 138.032 		72.936 		219.457
v 137.49 		73.123 		219.504
v 137.903 		72.656 		219.9
v 137.8987 		72.6398 		219.9673
v 137.7512 		72.6917 		219.9755
v 136.534 		73.637 		219.631
v 136.385 		73.502 		219.849
v 137.164 		73.547 		219.371
v 136.988 		73.358 		219.562
v 136.86 		73.211 		219.777
v -39.9892 		56.143 		205.4975
v -39.9705 		56.143 		205.0087
v -39.3281 		56.143 		206.354
v -39.8218 		56.143 		205.9606
v -39.9888 		56.143 		205.5024
v -39.9688 		56.143 		204.9996
v -39.8256 		56.143 		205.9528
v -39.3205 		56.143 		206.3589
v -39 		56.143 		206.4148
v -39.0048 		56.143 		206.414
v -47 		56.143 		206.4148
v -46.177 		56.143 		205.9588
v -46.4701 		56.143 		206.2518
v -46.0112 		56.143 		205.4424
v -46.0112 		56.143 		205.4523
v -46.1744 		56.143 		205.9528
v -46.4784 		56.143 		206.2585
v -46.0236 		56.143 		204.9968
v -46.021 		56.143 		205.0028
v -46.9947 		56.143 		206.4138
v -39.322 		56.143 		204.2431
v -39.3157 		56.143 		204.2419
v -39.7677 		56.143 		204.5603
v -39.7616 		56.143 		204.5559
v -39 		56.143 		204.1868
v -39.7701 		56.143 		204.564
v -47 		56.143 		204.1868
v -46.6843 		56.143 		204.2419
v -46.679 		56.143 		204.2428
v -46.4498 		56.143 		204.3578
v -46.1853 		56.143 		204.6361
v -46.177 		56.143 		204.6428
v -65.536 		56.143 		220.3866
v -59.9888 		56.143 		205.5024
v -59.9892 		56.143 		205.4975
v -59.9705 		56.143 		205.0087
v -59.9688 		56.143 		204.9996
v -59.3205 		56.143 		206.3589
v -59.3248 		56.143 		206.3569
v -59 		56.143 		206.4148
v -59.0048 		56.143 		206.414
v -60.7995 		56.143 		204.8
v -59.3293 		56.143 		206.3522
v -59.823 		56.143 		205.9588
v -59.8256 		56.143 		205.9528
v -59.322 		56.143 		204.2431
v -59.3157 		56.143 		204.2419
v -59.7701 		56.143 		204.564
v -59.7677 		56.143 		204.5603
v -59.7616 		56.143 		204.5559
v -59 		56.143 		204.1868
v -66.0236 		56.143 		204.9968
v -66.021 		56.143 		205.0028
v -66.1758 		56.143 		205.957
v -66.1814 		56.143 		205.9635
v -66.0112 		56.143 		205.4424
v -66.0112 		56.143 		205.4523
v -66.1744 		56.143 		205.9528
v -66.4745 		56.143 		206.2566
v -66.4799 		56.143 		206.2588
v -66.9963 		56.143 		206.4143
v -67 		56.143 		206.4148
v -79.9888 		56.143 		205.4523
v -79.9891 		56.143 		205.4445
v -79.3205 		56.143 		206.3589
v -79.3281 		56.143 		206.354
v -79.8218 		56.143 		205.9606
v -79.8256 		56.143 		205.9528
v -79.938 		56.143 		204.882
v -79.9339 		56.143 		204.8721
v -79.0048 		56.143 		206.414
v -79 		56.143 		206.4148
v -66.6843 		56.143 		204.2419
v -66.679 		56.143 		204.2428
v -67 		56.143 		204.1868
v -66.4498 		56.143 		204.3578
v -66.1853 		56.143 		204.6361
v -66.177 		56.143 		204.6428
v -79 		56.143 		204.1868
v -79.3244 		56.143 		204.2445
v -79.3157 		56.143 		204.2419
v -79.75 		56.143 		204.5338
v -79.7463 		56.143 		204.5306
v -98.304 		56.143 		220.3866
v -86.0005 		56.143 		205.2959
v -86.0002 		56.143 		205.3041
v -86.1034 		56.143 		205.843
v -86.105 		56.143 		205.8488
v -86.8082 		56.143 		206.3931
v -87 		56.143 		206.4148
v -86.4713 		56.143 		206.2537
v -86.4837 		56.143 		206.2594
v -86.4745 		56.143 		206.2566
v -86.1074 		56.143 		205.8524
v -86.6843 		56.143 		204.2419
v -86.679 		56.143 		204.2428
v -87 		56.143 		204.1868
v -86.342 		56.143 		204.4398
v -86.1266 		56.143 		204.7201
v -86.1215 		56.143 		204.7294
v -99.3248 		56.143 		206.3567
v -99.7467 		56.143 		206.0705
v -99.8949 		56.143 		205.8487
v -99.9873 		56.143 		205.5065
v -99.9891 		56.143 		205.498
v -99.7523 		56.143 		206.0641
v -99.3189 		56.143 		206.3593
v -102.4 		56.143 		204.8
v -99 		56.143 		206.4148
v -99.0032 		56.143 		206.4144
v -99.3234 		56.143 		204.2439
v -99.3157 		56.143 		204.2419
v -99 		56.143 		204.1868
v -99.9031 		56.143 		204.7808
v -99.9065 		56.143 		204.7929
v -99.9062 		56.143 		204.7874
v -99.7454 		56.143 		204.5301
v -99.7507 		56.143 		204.5349
v -106.2535 		56.143 		206.0592
v -106.2591 		56.143 		206.0658
v -106.0332 		56.143 		205.6344
v -106.0316 		56.143 		205.6286
v -106.032 		56.143 		205.6204
v -106.9947 		56.143 		206.4138
v -107 		56.143 		206.4148
v -106.6466 		56.143 		206.3421
v -106.6505 		56.143 		206.344
v -106.2481 		56.143 		204.5364
v -106.1055 		56.143 		204.7518
v -106.1038 		56.143 		204.7569
v -106.2571 		56.143 		204.529
v -107 		56.143 		204.1868
v -106.7158 		56.143 		204.236
v -106.7105 		56.143 		204.2369
v 39.08 		56.143 		39.732
v 38.614 		56.143 		39.732
v 40.2589 		56.143 		41.3053
v 39.9622 		56.143 		41.2153
v 39.7888 		56.143 		41.5997
v 40.0613 		56.143 		41.6484
v 39.08 		56.143 		41.554
v 39.4824 		56.143 		41.5618
v 39.6941 		56.143 		41.5677
v 40.2244 		56.143 		41.7677
v 40.2846 		56.143 		41.8242
v 40.3055 		56.143 		41.8794
v 39.08 		56.143 		41.156
v 39.2202 		56.143 		41.156
v 40.329 		56.143 		42.688
v 40.047 		56.143 		42.922
v 39.08 		56.143 		43
v 38.614 		56.143 		43.4
v 39.627 		56.143 		43.4
v 40.344 		56.143 		43.281
v 40.102 		56.143 		45.148
v 39.8507 		56.143 		45.3324
v 38.9982 		56.143 		46.0418
v 38.7825 		56.143 		46.267
v 39.2897 		56.143 		46.9781
v 39.6387 		56.143 		46.5426
v 39.8992 		56.143 		46.3142
v 40.334 		56.143 		45.966
v 38.191 		56.143 		47.2047
v 38.0289 		56.143 		47.4717
v 37.8421 		56.143 		48.1123
v 37.7294 		56.143 		48.4028
v 37.6749 		56.143 		48.8149
v 38.5023 		56.143 		48.973
v 38.5698 		56.143 		48.6331
v 38.702 		56.143 		48.092
v 38.8071 		56.143 		47.8537
v 39.1356 		56.143 		47.1886
v 37.6313 		56.143 		49.9223
v 37.645 		56.143 		50.13
v 38.4957 		56.143 		49.7906
v 38.5298 		56.143 		49.9614
v 37.88 		56.143 		51.089
v 38.976 		56.143 		51.407
v 38.615 		56.143 		50.512
v 38.49 		56.143 		49.5304
v 39.08 		56.849 		39.732
v 38.614 		56.849 		39.732
v 40.327 		56.849 		41.875
v 40.122 		56.849 		41.683
v 39.557 		56.849 		41.156
v 39.8 		56.849 		41.574
v 39.08 		56.849 		41.554
v 39.08 		56.849 		41.156
v 40.398 		56.849 		42.063
v 40.329 		56.849 		42.688
v 40.047 		56.849 		42.922
v 39.08 		56.849 		43
v 38.614 		56.849 		43.4
v 39.627 		56.849 		43.4
v 40.344 		56.849 		43.281
v 136.782 		73.108 		220.012
v 136.295 		73.407 		220.086
v 135.9181 		73.7237 		220.1393
v 136.2535 		73.4401 		220.0942
v 136.2946 		73.4064 		220.0889
v 136.2902 		73.41 		220.0895
v 136.779 		73.1016 		220.0405
v 136.7286 		73.1333 		220.0456
v 138.447 		73.717 		218.992
v 138.885 		73.613 		218.966
v 138.282 		73.414 		219.117
v 138.773 		73.297 		219.088
v 139.883 		69.895 		49.261
v 139.314 		69.895 		50.414
v 139.487 		69.895 		50.218
v 139.632 		69.895 		50
v 139.748 		69.895 		49.765
v 139.832 		69.895 		49.518
v 137.9 		69.895 		51
v 138.161 		69.895 		50.983
v 138.418 		69.895 		50.932
v 138.665 		69.895 		50.848
v 138.9 		69.895 		50.732
v 139.118 		69.895 		50.587
v 137.382 		69.895 		50.932
v 137.639 		69.895 		50.983
v 136.682 		69.895 		50.587
v 136.9 		69.895 		50.732
v 137.135 		69.895 		50.848
v 135.917 		69.895 		49.261
v 135.968 		69.895 		49.518
v 136.052 		69.895 		49.765
v 136.168 		69.895 		50
v 136.313 		69.895 		50.218
v 136.486 		69.895 		50.414
v 139.9 		69.895 		49
v 139.883 		69.895 		48.739
v 139.832 		69.895 		48.482
v 139.748 		69.895 		48.235
v 139.632 		69.895 		48
v 139.487 		69.895 		47.782
v 139.314 		69.895 		47.586
v 139.118 		69.895 		47.413
v 138.9 		69.895 		47.268
v 136.9 		69.895 		47.268
v 136.682 		69.895 		47.413
v 136.486 		69.895 		47.586
v 136.313 		69.895 		47.782
v 136.168 		69.895 		48
v 136.052 		69.895 		48.235
v 135.968 		69.895 		48.482
v 135.917 		69.895 		48.739
v 135.9 		69.895 		49
v 139.346 		68.695 		50.413
v 139.314 		68.695 		50.414
v 139.519 		68.695 		50.217
v 139.487 		68.695 		50.218
v 139.632 		68.695 		50
v 139.78 		68.695 		49.765
v 139.748 		68.695 		49.765
v 139.832 		68.695 		49.518
v 139.883 		68.695 		49.261
v 138.161 		68.695 		50.983
v 137.9274 		68.695 		50.9982
v 137.932 		68.695 		50.999
v 138.193 		68.695 		50.982
v 137.9274 		68.6221 		50.9982
v 138.161 		68.6221 		50.983
v 138.1753 		68.4944 		50.9802
v 138.2178 		68.695 		50.9717
v 138.2309 		68.172 		50.9691
v 139.15 		68.695 		50.586
v 139.118 		68.695 		50.587
v 139.0693 		68.695 		50.6194
v 139.883 		68.695 		48.739
v 139.832 		68.2272 		48.482
v 139.832 		68.695 		48.482
v 139.78 		68.695 		48.234
v 139.748 		68.695 		48.235
v 139.592 		68.695 		47.89
v 139.632 		68.695 		48
v 139.487 		68.695 		47.782
v 139.314 		68.695 		47.586
v 139.248 		68.695 		47.499
v 139.135 		68.695 		47.428
v 138.8082 		68.695 		47.2227
v 121.983 		69.895 		49.261
v 121 		69.895 		50.732
v 121.218 		69.895 		50.587
v 121.414 		69.895 		50.414
v 121.587 		69.895 		50.218
v 121.732 		69.895 		50
v 121.848 		69.895 		49.765
v 121.932 		69.895 		49.518
v 120 		69.895 		51
v 120.261 		69.895 		50.983
v 120.518 		69.895 		50.932
v 120.765 		69.895 		50.848
v 119 		69.895 		50.732
v 119.235 		69.895 		50.848
v 119.482 		69.895 		50.932
v 119.739 		69.895 		50.983
v 118.268 		69.895 		50
v 118.413 		69.895 		50.218
v 118.586 		69.895 		50.414
v 118.782 		69.895 		50.587
v 118.017 		69.895 		49.261
v 118.068 		69.895 		49.518
v 118.152 		69.895 		49.765
v 122 		69.895 		49
v 121.983 		69.895 		48.739
v 121.932 		69.895 		48.482
v 121.848 		69.895 		48.235
v 121.732 		69.895 		48
v 121.587 		69.895 		47.782
v 121.414 		69.895 		47.586
v 121.218 		69.895 		47.413
v 121 		69.895 		47.268
v 119 		69.895 		47.268
v 118.782 		69.895 		47.413
v 118.586 		69.895 		47.586
v 118.413 		69.895 		47.782
v 118.268 		69.895 		48
v 118.152 		69.895 		48.235
v 118.068 		69.895 		48.482
v 118.017 		69.895 		48.739
v 118 		69.895 		49
v 121.161 		68.695 		50.658
v 121 		68.695 		50.732
v 121.218 		68.695 		50.587
v 121.553 		68.695 		50.315
v 121.414 		68.695 		50.414
v 121.587 		68.695 		50.218
v 121.842 		68.695 		49.882
v 121.732 		68.695 		50
v 121.848 		68.695 		49.765
v 121.932 		68.695 		49.518
v 121.983 		68.695 		49.261
v 120.765 		68.695 		50.848
v 120.6642 		68.695 		50.8823
v 120.818 		68.695 		50.847
v 121.983 		68.695 		48.739
v 121.932 		68.695 		48.482
v 121.848 		68.695 		48.235
v 121.712 		68.695 		47.89
v 121.732 		68.695 		48
v 121.587 		68.695 		47.782
v 121.368 		68.695 		47.499
v 121.414 		68.695 		47.586
v -90.157 		102.44 		40.484
v -90.365 		102.537 		40.508
v -90.553 		102.653 		40.537
v -90.718 		102.784 		40.569
v -91.679 		103.385 		40.601
v -91.615 		103.161 		40.545
v -91.183 		102.549 		40.393
v -91.365 		102.739 		40.441
v -92.012 		102.817 		40.312
v -91.836 		102.567 		40.25
v -91.51 		102.944 		40.492
v -92.14 		103.08 		40.378
v -90.45 		77.555 		219.622
v -90.722 		77.428 		219.591
v -90.157 		77.657 		219.647
v -90.553 		77.002 		219.367
v -90.365 		77.117 		219.396
v -90.718 		76.87 		219.335
v -90.968 		77.278 		219.553
v -90.157 		77.214 		219.42
v -92.615 		104.293 		40.504
v -93.032 		104.395 		40.329
v -92.705 		103.976 		40.425
v -93.133 		104.039 		40.241
v -93.167 		103.677 		40.151
v -92.736 		103.653 		40.345
v -92.244 		103.632 		40.515
v -91.183 		77.106 		219.51
v -91.615 		77.319 		219.711
v -92.218 		103.909 		40.584
v -91.365 		76.915 		219.463
v -91.836 		77.088 		219.654
v -92.005 		77.507 		219.933
v -91.352 		77.529 		219.763
v -91.7 		77.751 		219.993
v -93.493 		104.099 		40.035
v -92.012 		76.838 		219.592
v -90.115 		76.706 		219.208
v -90.227 		76.617 		219.186
v -90.321 		76.518 		219.162
v -90.857 		76.724 		219.298
v -90.968 		76.567 		219.259
v -91.048 		76.402 		219.218
v -91.097 		76.23 		219.176
v -91.51 		76.71 		219.412
v -91.679 		76.269 		219.303
v -91.7 		76.041 		219.246
v -91.615 		76.494 		219.359
v -92.14 		76.574 		219.526
v -91.679 		75.813 		219.19
v -92.347 		77.667 		220.172
v -92.95 		77.465 		220.343
v -92.635 		77.795 		220.425
v -93.201 		77.537 		220.599
v -93.201 		77.11 		220.255
v -93.468 		77.158 		220.505
v -93.78 		76.343 		220.303
v -93.819 		75.922 		220.198
v -93.988 		76.332 		220.552
v -94.03 		75.891 		220.442
v -93.662 		76.758 		220.406
v -93.383 		76.735 		220.162
v -92.466 		76.948 		219.794
v -92.262 		77.238 		219.866
v -92.635 		77.365 		220.097
v -92.865 		77.039 		220.017
v -92.218 		76.301 		219.458
v -92.615 		76.642 		219.718
v -92.244 		76.023 		219.389
v -93.53 		103.704 		39.937
v -92.466 		102.706 		40.11
v -92.262 		102.416 		40.038
v -92.705 		103.33 		40.265
v -92.218 		103.354 		40.446
v -93.133 		103.315 		40.061
v -93.032 		102.959 		39.973
v -92.615 		103.013 		40.186
v -93.78 		104.155 		39.81
v -93.8815 		104.1789 		39.6934
v -93.843 		104.3664 		39.7232
v -93.8853 		103.9899 		39.6634
v -93.8897 		103.7431 		39.6242
v -93.819 		103.733 		39.706
v -93.8678 		103.6143 		39.6038
v -92.865 		102.615 		39.887
v -93.493 		103.309 		39.839
v -93.78 		103.311 		39.601
v -93.662 		102.896 		39.498
v -93.383 		102.92 		39.742
v -93.201 		102.545 		39.649
v -93.8176 		103.313 		39.556
v -93.7933 		103.2448 		39.5451
v -93.6686 		102.8958 		39.4898
v -93.662 		102.8839 		39.4879
v -93.6171 		102.8034 		39.4751
v -93.4596 		102.538 		39.433
v -93.4379 		102.5015 		39.4272
v -90.157 		101.998 		40.257
v -90.45 		102.099 		40.282
v -90.722 		102.226 		40.313
v -90.968 		102.377 		40.351
v -90.365 		101.664 		40.026
v -90.722 		101.788 		40.057
v -91.053 		101.942 		40.095
v -91.352 		102.126 		40.141
v -92.005 		102.147 		39.971
v -91.615 		102.335 		40.193
v -91.7 		101.904 		39.911
v -91.352 		101.691 		39.858
v -91.615 		101.476 		39.604
v -92.005 		101.715 		39.664
v -90.968 		101.511 		39.813
v -92.146 		101.3797 		39.2491
v -90.115 		101.264 		39.752
v -90.321 		100.778 		39.21
v -90.3377 		100.7407 		39.1477
v -90.2089 		100.7241 		39.1451
v -90.553 		101.368 		39.777
v -90.738 		100.8291 		39.1617
v -90.857 		100.905 		39.242
v -90.8871 		100.8622 		39.167
v -90.227 		100.997 		39.486
v -90.718 		101.113 		39.515
v -91.836 		101.301 		39.34
v -91.365 		101.081 		39.286
v -91.183 		101.274 		39.554
v -91.4136 		101.0318 		39.1939
v -91.2401 		100.9759 		39.185
v -91.9088 		101.2464 		39.228
v -91.7115 		101.1609 		39.2144
v -92.635 		102.29 		39.807
v -92.262 		101.562 		39.405
v -92.366 		101.5039 		39.2688
v -92.635 		101.86 		39.479
v -92.778 		101.8015 		39.3161
v -92.5408 		101.6303 		39.2889
v -92.347 		101.988 		39.732
v -92.95 		102.189 		39.561
v -93.1382 		102.135 		39.369
v -92.8937 		101.9087 		39.3331
v -93.201 		102.2118 		39.3812
v 29.57 		56.143 		65.438
v 28.863 		56.143 		64.731
v 27.258 		56.143 		63.126
v 26.551 		56.143 		62.419
v 121.218 		68.695 		47.413
v 121.2088 		68.695 		47.4069
v 104.283 		69.895 		49.261
v 102.561 		69.895 		50.983
v 102.818 		69.895 		50.932
v 103.065 		69.895 		50.848
v 103.3 		69.895 		50.732
v 103.518 		69.895 		50.587
v 103.714 		69.895 		50.414
v 103.887 		69.895 		50.218
v 104.032 		69.895 		50
v 104.148 		69.895 		49.765
v 104.232 		69.895 		49.518
v 102.3 		69.895 		51
v 100.317 		69.895 		49.261
v 100.368 		69.895 		49.518
v 100.452 		69.895 		49.765
v 100.568 		69.895 		50
v 100.713 		69.895 		50.218
v 100.886 		69.895 		50.414
v 101.082 		69.895 		50.587
v 101.3 		69.895 		50.732
v 101.535 		69.895 		50.848
v 101.782 		69.895 		50.932
v 102.039 		69.895 		50.983
v 104.3 		69.895 		49
v 104.283 		69.895 		48.739
v 104.232 		69.895 		48.482
v 104.148 		69.895 		48.235
v 104.032 		69.895 		48
v 103.887 		69.895 		47.782
v 103.714 		69.895 		47.586
v 103.518 		69.895 		47.413
v 103.3 		69.895 		47.268
v 101.3 		69.895 		47.268
v 101.082 		69.895 		47.413
v 100.886 		69.895 		47.586
v 100.713 		69.895 		47.782
v 100.568 		69.895 		48
v 100.452 		69.895 		48.235
v 100.368 		69.895 		48.482
v 100.317 		69.895 		48.739
v 100.3 		69.895 		49
v 100.317 		68.695 		49.261
v 100.341 		68.695 		49.517
v 100.368 		68.695 		49.518
v 100.427 		68.695 		49.6915
v 100.686 		68.695 		50.217
v 100.6107 		68.695 		50.0641
v 100.713 		68.695 		50.218
v 100.859 		68.695 		50.413
v 100.886 		68.695 		50.414
v 101.0583 		68.695 		50.5661
v 101.273 		68.695 		50.731
v 101.1083 		68.695 		50.6045
v 101.3 		68.695 		50.732
v 101.5088 		68.695 		50.8351
v 101.631 		68.695 		50.889
v 101.5485 		68.695 		50.8526
v 101.6896 		68.695 		50.9006
v 102.1435 		68.695 		50.9898
v 102.142 		68.695 		50.99
v 102.1438 		68.663 		50.9898
v 102.1398 		68.695 		50.9896
v 100.957 		68.695 		47.499
v 100.886 		68.695 		47.586
v 101.037 		68.695 		47.4527
v 100.8619 		68.695 		47.6133
v 100.541 		68.695 		47.999
v 100.6789 		68.695 		47.8332
v 100.568 		68.695 		48
v 100.425 		68.695 		48.234
v 100.452 		68.695 		48.235
v 100.341 		68.695 		48.482
v 100.368 		68.695 		48.482
v 100.317 		68.695 		48.739
v 85.3 		69.895 		49.198
v 84.065 		69.895 		51.045
v 84.3 		69.895 		50.93
v 84.518 		69.895 		50.784
v 84.714 		69.895 		50.612
v 84.887 		69.895 		50.415
v 85.032 		69.895 		50.198
v 85.148 		69.895 		49.963
v 85.232 		69.895 		49.715
v 85.283 		69.895 		49.459
v 83.3 		69.895 		51.198
v 83.561 		69.895 		51.18
v 83.818 		69.895 		51.129
v 82.082 		69.895 		50.784
v 82.3 		69.895 		50.93
v 82.535 		69.895 		51.045
v 82.782 		69.895 		51.129
v 83.039 		69.895 		51.18
v 81.452 		69.895 		49.963
v 81.568 		69.895 		50.198
v 81.713 		69.895 		50.415
v 81.886 		69.895 		50.612
v 81.3 		69.895 		49.198
v 81.317 		69.895 		49.459
v 81.368 		69.895 		49.715
v 85.283 		69.895 		48.937
v 85.232 		69.895 		48.68
v 85.148 		69.895 		48.432
v 85.032 		69.895 		48.198
v 84.887 		69.895 		47.98
v 84.714 		69.895 		47.783
v 84.518 		69.895 		47.611
v 84.3 		69.895 		47.466
v 84.065 		69.895 		47.35
v 83.818 		69.895 		47.266
v 83.561 		69.895 		47.215
v 83.3 		69.895 		47.198
v 83.039 		69.895 		47.215
v 82.782 		69.895 		47.266
v 82.535 		69.895 		47.35
v 82.3 		69.895 		47.466
v 82.082 		69.895 		47.611
v 81.886 		69.895 		47.783
v 81.713 		69.895 		47.98
v 81.568 		69.895 		48.198
v 81.452 		69.895 		48.432
v 81.368 		69.895 		48.68
v 81.317 		69.895 		48.937
v 84.616 		68.695 		50.701
v 84.5955 		68.0342 		50.716
v 84.634 		68.695 		50.6822
v 84.6222 		68.5579 		50.6926
v 84.6041 		68.695 		50.7085
v 84.887 		68.695 		50.418
v 84.887 		68.695 		50.415
v 84.8552 		68.695 		50.4512
v 84.887 		68.4864 		50.415
v 84.8944 		68.695 		50.404
v 84.8962 		68.1986 		50.4013
v 85.1881 		68.695 		49.8446
v 85.19 		68.695 		49.841
v 85.1918 		68.695 		49.8338
v 85.1878 		68.5017 		49.8454
v 85.2809 		68.695 		49.4697
v 85.283 		68.695 		49.461
v 85.282 		68.6476 		49.4639
v 85.283 		68.5821 		49.459
v 85.283 		68.695 		49.459
v 85.2831 		68.5434 		49.4581
v 82.1787 		68.1921 		50.8488
v 82.191 		68.695 		50.859
v 82.1831 		68.695 		50.8517
v 82.2023 		68.695 		50.8646
v 82.6887 		67.8983 		51.0973
v 82.659 		68.695 		51.09
v 82.6307 		67.8912 		51.0776
v 82.673 		68.695 		51.0919
v 82.6406 		68.695 		51.0809
v 81.4119 		68.695 		49.8446
v 81.41 		68.695 		49.841
v 81.4096 		68.695 		49.8377
v 81.713 		68.695 		50.418
v 81.713 		67.978 		50.415
v 81.7056 		68.4473 		50.404
v 81.7056 		68.695 		50.404
v 81.713 		68.695 		50.415
v 81.7269 		68.695 		50.4308
v 81.3083 		68.668 		49.071
v 81.308 		68.695 		49.069
v 81.3088 		68.4687 		49.0632
v 81.3086 		68.695 		49.066
v 81.3083 		68.695 		49.071
v 65 		69.895 		49.198
v 63.518 		69.895 		51.129
v 63.765 		69.895 		51.045
v 64 		69.895 		50.93
v 64.218 		69.895 		50.784
v 64.414 		69.895 		50.612
v 64.587 		69.895 		50.415
v 64.732 		69.895 		50.198
v 64.848 		69.895 		49.963
v 64.932 		69.895 		49.715
v 64.983 		69.895 		49.459
v 63 		69.895 		51.198
v 63.261 		69.895 		51.18
v 61.586 		69.895 		50.612
v 61.782 		69.895 		50.784
v 62 		69.895 		50.93
v 62.235 		69.895 		51.045
v 62.482 		69.895 		51.129
v 62.739 		69.895 		51.18
v 61.068 		69.895 		49.715
v 61.152 		69.895 		49.963
v 61.268 		69.895 		50.198
v 61.413 		69.895 		50.415
v 61 		69.895 		49.198
v 61.017 		69.895 		49.459
v 64.983 		69.895 		48.937
v 64.932 		69.895 		48.68
v 64.848 		69.895 		48.432
v 64.732 		69.895 		48.198
v 64.587 		69.895 		47.98
v 64.414 		69.895 		47.783
v 64.218 		69.895 		47.611
v 64 		69.895 		47.466
v 63.765 		69.895 		47.35
v 63.518 		69.895 		47.266
v 63.261 		69.895 		47.215
v 63 		69.895 		47.198
v 62.739 		69.895 		47.215
v 62.482 		69.895 		47.266
v 62.235 		69.895 		47.35
v 62 		69.895 		47.466
v 61.782 		69.895 		47.611
v 61.586 		69.895 		47.783
v 61.413 		69.895 		47.98
v 61.268 		69.895 		48.198
v 61.152 		69.895 		48.432
v 61.068 		69.895 		48.68
v 61.017 		69.895 		48.937
v 63.6245 		68.695 		51.0928
v 63.641 		68.695 		51.09
v 63.6563 		68.695 		51.082
v 63.6211 		68.2984 		51.0939
v 64.1972 		68.695 		50.7979
v 64.218 		68.695 		50.787
v 64.218 		68.695 		50.784
v 64.254 		68.695 		50.7525
v 64.5 		68.695 		50.516
v 64.5086 		68.695 		50.5042
v 64.4891 		68.695 		50.5264
v 64.5043 		68.5552 		50.5092
v 64.4891 		68.3021 		50.5264
v 64.7171 		68.695 		50.2203
v 64.732 		68.695 		50.2
v 64.732 		68.695 		50.198
v 64.732 		68.4093 		50.198
v 64.7342 		68.695 		50.1936
v 64.982 		68.695 		49.4638
v 64.983 		68.695 		49.461
v 64.983 		68.695 		49.459
v 64.9819 		68.6278 		49.4647
v 64.983 		68.6283 		49.459
v 64.983 		68.6179 		49.4585
v 61.6726 		68.695 		50.688
v 61.684 		68.695 		50.701
v 61.7045 		68.695 		50.716
v 62 		68.695 		50.932
v 62 		68.695 		50.93
v 61.9674 		68.695 		50.9081
v 62.0406 		68.695 		50.9499
v 62.017 		68.3795 		50.9383
v 62.3307 		68.695 		51.0776
v 62.359 		68.695 		51.09
v 62.373 		68.695 		51.0919
v 61.1091 		68.695 		49.8362
v 61.11 		68.695 		49.841
v 61.1122 		68.695 		49.8454
v 61.1095 		68.6464 		49.8376
v 61.34 		68.695 		50.309
v 61.3491 		68.695 		50.3194
v 61.334 		68.695 		50.2967
v 44.4 		69.895 		49.198
v 43.165 		69.895 		51.045
v 43.4 		69.895 		50.93
v 43.618 		69.895 		50.784
v 43.814 		69.895 		50.612
v 43.987 		69.895 		50.415
v 44.132 		69.895 		50.198
v 44.248 		69.895 		49.963
v 44.332 		69.895 		49.715
v 44.383 		69.895 		49.459
v 42.4 		69.895 		51.198
v 42.661 		69.895 		51.18
v 42.918 		69.895 		51.129
v 40.986 		69.895 		50.612
v 41.182 		69.895 		50.784
v 41.4 		69.895 		50.93
v 41.635 		69.895 		51.045
v 41.882 		69.895 		51.129
v 42.139 		69.895 		51.18
v 40.468 		69.895 		49.715
v 40.552 		69.895 		49.963
v 40.668 		69.895 		50.198
v 40.813 		69.895 		50.415
v 40.4 		69.895 		49.198
v 40.417 		69.895 		49.459
v 44.383 		69.895 		48.937
v 44.332 		69.895 		48.68
v 44.248 		69.895 		48.432
v 44.132 		69.895 		48.198
v 43.987 		69.895 		47.98
v 43.814 		69.895 		47.783
v 43.618 		69.895 		47.611
v 43.4 		69.895 		47.466
v 43.165 		69.895 		47.35
v 42.918 		69.895 		47.266
v 42.661 		69.895 		47.215
v 42.4 		69.895 		47.198
v 42.139 		69.895 		47.215
v 41.882 		69.895 		47.266
v 41.635 		69.895 		47.35
v 41.4 		69.895 		47.466
v 41.182 		69.895 		47.611
v 40.986 		69.895 		47.783
v 40.813 		69.895 		47.98
v 40.668 		69.895 		48.198
v 40.552 		69.895 		48.432
v 40.468 		69.895 		48.68
v 40.417 		69.895 		48.937
v 43.262 		68.695 		51.011
v 43.2095 		68.695 		51.0232
v 43.4 		68.695 		50.93
v 43.658 		68.695 		50.787
v 43.618 		68.695 		50.784
v 43.8033 		68.695 		50.6214
v 43.814 		68.1392 		50.612
v 43.987 		68.1023 		50.415
v 44.173 		68.695 		50.2
v 43.9954 		68.695 		50.4024
v 44.132 		68.695 		50.198
v 44.331 		68.695 		49.841
v 44.248 		68.695 		49.963
v 44.332 		68.695 		49.715
v 44.383 		68.695 		49.459
v -92.705 		76.325 		219.639
v -92.736 		76.002 		219.559
v 44.383 		68.695 		48.937
v 44.332 		68.695 		48.68
v -93.167 		75.977 		219.753
v -93.133 		76.34 		219.843
v 44.173 		68.695 		48.2
v 44.248 		68.695 		48.432
v 44.132 		68.695 		48.198
v 43.941 		68.695 		47.884
v 43.987 		68.695 		47.98
v 43.814 		68.695 		47.783
v 43.549 		68.695 		47.54
v 43.618 		68.695 		47.611
v 43.4036 		68.695 		47.4684
v 43.082 		68.695 		47.31
v 43.1592 		68.695 		47.348
v 43.0121 		68.695 		47.298
v 42.441 		68.695 		47.2
v 42.4473 		68.695 		47.2011
v 42.4382 		68.695 		47.2005
v 42.4377 		68.621 		47.2005
v 32.768 		81.405 		38.887
v 37.6335 		59.0444 		49.1916
v 37.6146 		59.0444 		49.6699
v 37.645 		59.0444 		50.13
v 38.5027 		59.0444 		49.8959
v 38.5782 		59.0444 		50.2742
v 37.88 		59.0445 		51.089
v 38.976 		59.0445 		51.407
v -93.032 		76.696 		219.931
v 38.49 		59.0444 		49.3194
v 38.615 		59.0445 		50.512
v -93.493 		76.346 		220.065
v 40.3657 		59.044 		45.032
v 32.768 		59.0437 		41.7
v 38.4438 		59.0442 		46.7669
v 40.102 		59.044 		45.148
v 39.177 		59.0441 		45.863
v 39.5453 		59.044 		45.5566
v 38.6993 		59.0441 		46.3619
v 40.334 		59.0441 		45.966
v 40.1462 		59.0441 		46.1164
v 39.569 		59.0441 		46.6224
v 39.4183 		59.0442 		46.8105
v 38.0846 		59.0442 		47.3582
v 37.7542 		59.0443 		48.2785
v 38.004 		59.0442 		47.6349
v 39.0767 		59.0442 		47.2769
v 38.9349 		59.0442 		47.5642
v 38.702 		59.0443 		48.092
v 38.6449 		59.0443 		48.3257
v 38.4953 		59.0443 		49.0787
v 24.368 		77.652 		41.7
v 29.631 		66.042 		41.7
v 29.566 		65.777 		41.7
v 27.4267 		77.3201 		41.7
v 28.0674 		77.1443 		41.7
v 29.566 		76.226 		41.7
v 29.631 		75.961 		41.7
v 26.757 		77.468 		41.7
v 25.994 		77.569 		41.7
v 28.626 		76.955 		41.7
v 29.373 		76.484 		41.7
v 28.2261 		77.0905 		38.887
v 27.2364 		77.3621 		38.887
v 29.631 		75.961 		38.887
v 29.566 		76.226 		38.887
v 26.757 		77.468 		38.887
v 29.631 		66.042 		38.887
v 25.994 		77.569 		38.887
v 28.626 		76.955 		38.887
v 29.373 		76.484 		38.887
v 29.566 		65.777 		38.887
v 24.368 		77.652 		38.887
v 29.57 		59.0457 		65.438
v 28.863 		59.0456 		64.731
v 27.258 		59.0455 		63.126
v 26.551 		59.0454 		62.419
v 24.368 		64.35 		41.7
v 26.4955 		64.4994 		41.7
v 26.2202 		64.4781 		41.7
v 25.191 		64.371 		41.7
v 26.9987 		64.5816 		41.7
v 27.462 		64.673 		41.7
v 28.2737 		64.9153 		41.7
v 27.8747 		64.7867 		41.7
v 28.626 		65.048 		41.7
v 29.373 		65.519 		41.7
v 24.368 		64.35 		38.887
v 25.191 		64.371 		38.887
v 25.9278 		64.4477 		38.887
v 26.353 		64.4805 		38.887
v 27.1303 		64.6076 		38.887
v 27.462 		64.673 		38.887
v 27.7575 		64.7544 		38.887
v 28.3738 		64.953 		38.887
v 28.626 		65.048 		38.887
v 29.373 		65.519 		38.887
v -42.196 		59.0507 		126.734
v -39.926 		59.0507 		126.734
v -43.196 		59.0507 		126.734
v -38.926 		59.0507 		126.734
v -39.313 		68.845 		107.318
v -39.682 		68.845 		107.687
v -39.01 		68.845 		106.741
v -40.259 		68.845 		107.99
v -42.79 		68.845 		106.741
v -42.487 		68.845 		107.318
v -42.216 		68.845 		107.6
v -41.9 		68.845 		107.832
v -41.161 		68.845 		108.083
v -38.917 		68.845 		106.361
v -38.917 		68.845 		105.839
v -39.052 		68.845 		105.335
v -39.4 		68.845 		104.784
v -39.682 		68.845 		104.513
v -40.135 		68.845 		104.252
v -40.639 		68.845 		104.117
v -41.161 		68.845 		104.117
v -41.9 		68.845 		104.368
v -42.118 		68.845 		104.513
v -42.487 		68.845 		104.882
v -42.748 		68.845 		105.335
v -42.883 		68.845 		105.839
v -42.9 		68.845 		106.1
v -37.8666 		59.0493 		110.1252
v -37.7604 		59.0493 		109.9926
v -37.952 		59.0493 		110.2
v -39.926 		59.0493 		110.204
v -39.152 		59.0493 		109.905
v -39.0307 		59.0493 		109.8314
v -38.2836 		59.0492 		109.3322
v -38.1498 		59.0492 		109.1984
v -37.5564 		59.0492 		108.5224
v -37.4826 		59.0492 		108.4011
v -37.157 		59.0491 		107.8085
v -37.087 		59.0491 		107.583
v -36.8986 		59.0491 		106.9335
v -36.0883 		59.0491 		107.0937
v -36.1139 		59.0491 		107.2617
v -36.848 		59.0492 		109.005
v -36.3404 		59.0491 		108.0386
v -36.377 		59.0491 		108.146
v -38.926 		59.0494 		110.774
# 12361 vertices

g group_0_16089887

usemtl color_16089887
s 0

f 6 	7 	4
f 3 	4 	7
f 4 	5 	6
f 11 	12 	34
f 11 	30 	10
f 12 	11 	1886
f 15 	17 	18
f 14 	3 	31
f 17 	14 	31
f 3 	14 	1
f 18 	20 	16
f 20 	19 	16
f 16 	15 	18
f 10999 	17 	15
f 19 	23 	22
f 20 	23 	19
f 26 	24 	25
f 21 	25 	24
f 23 	25 	22
f 25 	21 	22
f 25 	37 	26
f 1646 	27 	1644
f 1677 	27 	24
f 28 	3 	7
f 29 	28 	8
f 31 	28 	29
f 28 	9 	8
f 34 	30 	11
f 8 	10 	29
f 29 	10 	30
f 32 	29 	30
f 30 	33 	32
f 30 	34 	33
f 31 	29 	32
f 32 	17 	31
f 31 	3 	28
f 32 	33 	18
f 17 	32 	18
f 18 	33 	20
f 35 	12 	13
f 37 	23 	36
f 36 	23 	20
f 23 	37 	25
f 34 	36 	33
f 36 	20 	33
f 35 	13 	38
f 35 	34 	12
f 37 	35 	38
f 26 	37 	38
f 35 	36 	34
f 37 	36 	35
f 39 	41 	40
f 62 	40 	41
f 40 	62 	66
f 66 	53 	40
f 39 	40 	43
f 44 	45 	46
f 44 	46 	48
f 47 	48 	46
f 48 	49 	44
f 48 	43 	49
f 44 	52 	45
f 8414 	39 	43
f 48 	8414 	43
f 53 	49 	43
f 53 	60 	49
f 40 	53 	43
f 8414 	48 	50
f 47 	50 	48
f 52 	44 	51
f 54 	55 	56
f 56 	57 	51
f 56 	51 	54
f 51 	57 	52
f 58 	51 	44
f 58 	59 	51
f 44 	49 	58
f 51 	59 	54
f 49 	60 	58
f 59 	75 	54
f 58 	76 	59
f 76 	77 	59
f 59 	77 	75
f 61 	41 	42
f 41 	61 	62
f 61 	42 	63
f 63 	64 	61
f 63 	65 	64
f 64 	65 	69
f 67 	62 	61
f 64 	67 	61
f 67 	64 	68
f 62 	70 	66
f 70 	62 	67
f 70 	71 	66
f 64 	69 	68
f 67 	72 	70
f 68 	72 	67
f 69 	73 	68
f 68 	84 	72
f 84 	86 	72
f 73 	84 	68
f 71 	74 	66
f 53 	74 	60
f 66 	74 	53
f 60 	76 	58
f 100 	77 	76
f 78 	75 	77
f 75 	78 	79
f 80 	81 	79
f 78 	80 	79
f 70 	72 	83
f 83 	71 	70
f 71 	83 	85
f 86 	87 	83
f 83 	87 	85
f 72 	86 	83
f 84 	9515 	86
f 85 	316 	88
f 86 	82 	87
f 82 	86 	9515
f 94 	95 	12346
f 95 	93 	12346
f 12346 	12347 	94
f 12347 	12348 	94
f 87 	316 	85
f 82 	331 	87
f 12322 	89 	97
f 99 	76 	60
f 163 	12346 	93
f 99 	100 	76
f 102 	88 	101
f 88 	102 	85
f 99 	60 	74
f 100 	99 	101
f 102 	99 	74
f 102 	101 	99
f 71 	102 	74
f 71 	85 	102
f 103 	848 	105
f 105 	848 	104
f 108 	104 	12318
f 110 	12318 	109
f 116 	117 	365
f 1705 	365 	117
f 139 	151 	144
f 453 	458 	122
f 123 	453 	122
f 458 	455 	122
f 124 	453 	123
f 125 	453 	124
f 452 	453 	125
f 121 	122 	455
f 114 	121 	455
f 821 	106 	128
f 112 	109 	12318
f 144 	151 	143
f 139 	140 	151
f 129 	112 	12318
f 134 	135 	130
f 135 	136 	130
f 136 	137 	130
f 130 	137 	138
f 1728 	1724 	133
f 143 	120 	133
f 140 	142 	152
f 142 	149 	152
f 152 	151 	140
f 148 	130 	147
f 134 	130 	148
f 146 	147 	130
f 181 	141 	130
f 146 	130 	145
f 187 	158 	149
f 158 	152 	149
f 127 	111 	153
f 245 	273 	157
f 157 	272 	156
f 111 	118 	150
f 150 	153 	111
f 118 	119 	151
f 151 	150 	118
f 452 	126 	450
f 163 	450 	126
f 1520 	1514 	160
f 159 	1630 	162
f 162 	1630 	161
f 246 	1520 	160
f 1630 	1667 	161
f 171 	272 	170
f 170 	272 	169
f 172 	272 	171
f 173 	272 	172
f 174 	272 	173
f 175 	272 	174
f 176 	272 	175
f 167 	272 	176
f 154 	272 	167
f 156 	272 	155
f 155 	272 	154
f 169 	272 	168
f 1667 	1663 	166
f 166 	161 	1667
f 1663 	1664 	166
f 141 	145 	130
f 183 	185 	182
f 185 	183 	179
f 130 	179 	183
f 130 	183 	184
f 184 	181 	130
f 216 	217 	185
f 180 	182 	217
f 182 	185 	217
f 718 	223 	191
f 190 	191 	223
f 189 	190 	223
f 198 	196 	197
f 196 	193 	197
f 192 	193 	196
f 197 	193 	199
f 197 	199 	200
f 197 	200 	201
f 201 	211 	197
f 223 	226 	204
f 205 	223 	204
f 202 	214 	213
f 693 	197 	208
f 209 	688 	208
f 207 	208 	197
f 206 	207 	197
f 210 	197 	211
f 216 	212 	213
f 185 	212 	216
f 187 	186 	158
f 186 	180 	217
f 217 	158 	186
f 216 	213 	215
f 214 	215 	213
f 202 	203 	214
f 204 	226 	203
f 220 	245 	219
f 218 	219 	245
f 239 	234 	220
f 188 	189 	223
f 718 	191 	194
f 205 	188 	223
f 224 	232 	223
f 221 	232 	224
f 214 	203 	226
f 226 	223 	225
f 221 	287 	230
f 231 	233 	221
f 233 	232 	221
f 232 	225 	223
f 236 	220 	235
f 237 	238 	240
f 238 	234 	240
f 242 	234 	241
f 238 	241 	234
f 239 	240 	234
f 235 	220 	234
f 243 	220 	236
f 244 	220 	243
f 245 	220 	244
f 157 	218 	245
f 230 	287 	228
f 230 	231 	221
f 228 	294 	227
f 248 	5286 	247
f 247 	5286 	246
f 251 	252 	5286
f 258 	272 	257
f 260 	272 	259
f 259 	272 	258
f 261 	272 	260
f 253 	272 	261
f 254 	272 	253
f 262 	272 	254
f 168 	272 	262
f 285 	5286 	252
f 257 	272 	256
f 255 	256 	272
f 292 	411 	229
f 269 	411 	268
f 268 	411 	267
f 267 	411 	271
f 264 	265 	411
f 265 	229 	411
f 270 	411 	269
f 266 	264 	411
f 274 	157 	273
f 276 	157 	275
f 274 	275 	157
f 277 	157 	276
f 278 	157 	277
f 279 	157 	278
f 280 	157 	279
f 281 	157 	280
f 272 	157 	281
f 284 	283 	272
f 255 	272 	283
f 282 	271 	286
f 263 	285 	252
f 290 	1432 	289
f 1432 	291 	289
f 288 	289 	291
f 1433 	287 	1439
f 294 	287 	1433
f 296 	297 	295
f 297 	1429 	295
f 293 	295 	1429
f 292 	229 	294
f 287 	294 	228
f 227 	294 	229
f 300 	301 	302
f 300 	302 	303
f 305 	304 	306
f 306 	304 	301
f 306 	301 	300
f 303 	302 	307
f 303 	307 	308
f 307 	302 	301
f 309 	307 	301
f 304 	310 	301
f 309 	301 	310
f 310 	312 	309
f 311 	309 	312
f 310 	313 	312
f 1524 	1451 	309
f 1525 	1524 	311
f 309 	311 	1524
f 310 	315 	313
f 1520 	308 	307
f 307 	1451 	1520
f 317 	318 	319
f 317 	319 	320
f 321 	317 	304
f 321 	304 	305
f 318 	317 	321
f 322 	320 	319
f 323 	324 	88
f 325 	315 	326
f 310 	326 	315
f 320 	1563 	317
f 304 	317 	326
f 304 	326 	310
f 88 	316 	323
f 340 	357 	341
f 87 	331 	316
f 327 	328 	332
f 333 	332 	328
f 316 	314 	323
f 331 	314 	316
f 335 	334 	337
f 335 	337 	336
f 338 	339 	340
f 338 	340 	341
f 331 	82 	10532
f 329 	330 	335
f 332 	333 	337
f 336 	337 	333
f 340 	342 	334
f 339 	1660 	340
f 343 	334 	342
f 343 	327 	337
f 334 	343 	337
f 332 	337 	327
f 323 	314 	346
f 334 	335 	330
f 334 	330 	340
f 101 	88 	324
f 342 	344 	343
f 345 	343 	344
f 348 	347 	349
f 10540 	346 	314
f 350 	348 	349
f 351 	348 	350
f 351 	350 	352
f 348 	351 	354
f 351 	352 	356
f 340 	330 	357
f 358 	355 	353
f 359 	341 	357
f 330 	329 	357
f 359 	357 	329
f 360 	354 	361
f 348 	362 	347
f 363 	347 	362
f 353 	324 	358
f 324 	323 	358
f 366 	355 	358
f 354 	364 	348
f 365 	364 	367
f 368 	364 	354
f 368 	354 	360
f 364 	368 	367
f 354 	614 	361
f 366 	358 	346
f 323 	346 	358
f 373 	370 	371
f 370 	372 	362
f 363 	362 	372
f 372 	370 	373
f 346 	10542 	366
f 370 	1689 	371
f 10540 	10542 	346
f 376 	1695 	375
f 364 	365 	375
f 377 	375 	365
f 376 	375 	377
f 348 	364 	362
f 370 	362 	375
f 1692 	1689 	375
f 375 	362 	364
f 384 	902 	80
f 386 	78 	77
f 384 	78 	386
f 100 	386 	77
f 78 	384 	80
f 903 	384 	387
f 388 	386 	100
f 528 	385 	924
f 387 	384 	386
f 391 	389 	994
f 391 	561 	389
f 388 	387 	386
f 101 	388 	100
f 1064 	561 	391
f 324 	353 	388
f 392 	394 	393
f 353 	387 	388
f 101 	324 	388
f 393 	395 	396
f 393 	396 	392
f 396 	395 	397
f 75 	398 	54
f 542 	395 	393
f 398 	399 	400
f 400 	55 	54
f 398 	400 	54
f 399 	398 	403
f 393 	541 	542
f 398 	79 	401
f 79 	398 	75
f 401 	403 	398
f 401 	402 	403
f 407 	408 	409
f 407 	402 	401
f 407 	401 	408
f 401 	81 	408
f 79 	81 	401
f 413 	418 	415
f 431 	432 	418
f 81 	416 	408
f 415 	418 	432
f 1211 	1210 	417
f 412 	413 	405
f 420 	405 	413
f 415 	420 	413
f 405 	784 	412
f 411 	405 	420
f 421 	412 	784
f 422 	421 	784
f 414 	416 	81
f 81 	80 	414
f 430 	423 	416
f 418 	419 	428
f 424 	410 	432
f 410 	415 	432
f 429 	438 	432
f 433 	432 	438
f 431 	429 	432
f 431 	418 	428
f 414 	430 	416
f 425 	433 	426
f 434 	426 	433
f 436 	434 	435
f 437 	434 	436
f 439 	435 	433
f 434 	433 	435
f 438 	439 	433
f 164 	163 	93
f 164 	450 	163
f 441 	442 	440
f 440 	442 	443
f 440 	443 	444
f 440 	444 	445
f 447 	448 	451
f 447 	451 	437
f 434 	437 	451
f 446 	286 	411
f 125 	126 	452
f 449 	2488 	448
f 12327 	452 	450
f 451 	11119 	446
f 12326 	453 	452
f 107 	114 	128
f 12325 	12324 	455
f 455 	128 	114
f 458 	453 	12326
f 455 	458 	12325
f 12326 	12325 	458
f 459 	454 	463
f 454 	7854 	463
f 7855 	7808 	460
f 470 	466 	462
f 404 	459 	463
f 466 	784 	465
f 464 	465 	405
f 463 	464 	405
f 460 	7808 	461
f 468 	478 	7809
f 110 	250 	108
f 249 	108 	250
f 257 	256 	125
f 780 	472 	473
f 124 	258 	125
f 466 	471 	472
f 470 	471 	466
f 780 	473 	475
f 475 	474 	780
f 121 	261 	122
f 479 	7809 	478
f 481 	7809 	480
f 480 	7809 	479
f 476 	7809 	481
f 477 	7809 	476
f 261 	121 	114
f 397 	395 	486
f 489 	969 	488
f 514 	515 	12295
f 515 	513 	12295
f 531 	532 	497
f 496 	531 	495
f 500 	531 	496
f 501 	530 	500
f 498 	535 	501
f 499 	534 	498
f 532 	503 	510
f 508 	503 	504
f 92 	12355 	504
f 510 	497 	532
f 497 	495 	531
f 9966 	9967 	511
f 9967 	9968 	511
f 513 	512 	12292
f 12292 	12293 	513
f 512 	506 	12292
f 12293 	12294 	513
f 507 	511 	9968
f 489 	214 	487
f 383 	517 	920
f 383 	516 	517
f 383 	518 	516
f 503 	12330 	504
f 488 	969 	519
f 519 	969 	520
f 523 	527 	522
f 524 	527 	523
f 521 	537 	526
f 522 	537 	521
f 502 	526 	534
f 385 	518 	383
f 385 	528 	518
f 535 	498 	534
f 502 	534 	499
f 531 	500 	530
f 509 	510 	503
f 518 	529 	505
f 530 	12331 	531
f 12329 	92 	504
f 508 	509 	503
f 536 	501 	535
f 525 	533 	528
f 534 	526 	537
f 537 	522 	527
f 537 	12334 	534
f 525 	555 	533
f 529 	518 	528
f 527 	12335 	537
f 12333 	534 	12334
f 530 	501 	536
f 533 	529 	528
f 536 	12332 	530
f 505 	516 	518
f 216 	215 	519
f 217 	216 	520
f 540 	529 	533
f 220 	521 	239
f 218 	523 	219
f 219 	522 	220
f 497 	236 	495
f 539 	540 	533
f 236 	497 	243
f 510 	243 	497
f 533 	555 	539
f 502 	240 	526
f 538 	505 	529
f 382 	505 	538
f 540 	538 	529
f 238 	237 	498
f 498 	501 	238
f 541 	538 	540
f 499 	237 	502
f 540 	542 	541
f 509 	244 	510
f 245 	244 	508
f 539 	542 	540
f 227 	229 	507
f 233 	231 	515
f 232 	233 	514
f 515 	514 	233
f 562 	539 	555
f 574 	539 	562
f 544 	851 	543
f 543 	851 	546
f 548 	769 	547
f 759 	835 	549
f 574 	542 	539
f 520 	970 	550
f 550 	970 	545
f 574 	395 	542
f 551 	552 	848
f 378 	379 	380
f 378 	380 	381
f 554 	553 	389
f 525 	990 	390
f 555 	525 	390
f 390 	553 	555
f 389 	561 	554
f 553 	562 	555
f 553 	554 	562
f 561 	570 	554
f 573 	562 	554
f 8511 	558 	557
f 578 	570 	571
f 8515 	564 	8516
f 1085 	570 	561
f 571 	570 	1085
f 567 	8517 	563
f 574 	562 	573
f 573 	586 	574
f 573 	578 	586
f 554 	570 	573
f 572 	490 	571
f 576 	10765 	575
f 575 	10765 	577
f 491 	578 	490
f 578 	571 	490
f 579 	580 	10765
f 580 	1526 	10765
f 573 	570 	578
f 583 	10765 	582
f 577 	10765 	585
f 588 	585 	10765
f 587 	10765 	589
f 10765 	10768 	582
f 586 	395 	574
f 592 	593 	1455
f 578 	494 	586
f 493 	586 	494
f 491 	494 	578
f 486 	395 	586
f 493 	486 	586
f 380 	379 	596
f 596 	379 	598
f 596 	598 	599
f 599 	598 	356
f 351 	356 	598
f 601 	602 	603
f 604 	605 	602
f 604 	602 	601
f 603 	602 	607
f 603 	607 	608
f 610 	605 	604
f 611 	606 	609
f 612 	605 	610
f 597 	613 	611
f 605 	612 	614
f 369 	614 	612
f 369 	361 	614
f 378 	602 	379
f 615 	607 	378
f 602 	605 	379
f 598 	379 	605
f 605 	614 	598
f 602 	378 	607
f 609 	597 	611
f 351 	598 	614
f 351 	614 	354
f 620 	615 	616
f 616 	615 	378
f 616 	378 	381
f 1716 	1719 	617
f 619 	620 	627
f 619 	627 	621
f 615 	620 	619
f 617 	618 	622
f 617 	622 	623
f 624 	623 	622
f 624 	625 	623
f 623 	625 	607
f 607 	625 	608
f 626 	621 	627
f 617 	623 	619
f 619 	621 	617
f 615 	619 	623
f 623 	607 	615
f 595 	594 	10921
f 628 	629 	630
f 630 	629 	631
f 632 	633 	631
f 632 	631 	629
f 632 	634 	633
f 637 	638 	636
f 635 	636 	638
f 637 	639 	638
f 632 	640 	634
f 641 	634 	640
f 642 	636 	635
f 653 	654 	640
f 643 	644 	645
f 636 	642 	645
f 636 	645 	644
f 629 	628 	647
f 646 	647 	628
f 632 	629 	636
f 629 	647 	636
f 637 	636 	647
f 636 	644 	632
f 644 	661 	640
f 640 	632 	644
f 647 	669 	637
f 651 	650 	130
f 641 	640 	654
f 654 	653 	656
f 652 	657 	655
f 656 	653 	131
f 653 	640 	661
f 138 	658 	659
f 660 	661 	644
f 660 	644 	643
f 662 	655 	657
f 663 	661 	660
f 664 	658 	661
f 664 	661 	663
f 864 	867 	648
f 659 	658 	664
f 867 	649 	648
f 661 	658 	653
f 655 	649 	652
f 668 	669 	670
f 667 	606 	662
f 670 	669 	647
f 670 	647 	646
f 671 	672 	669
f 671 	669 	668
f 662 	657 	667
f 669 	672 	674
f 674 	637 	669
f 667 	609 	606
f 673 	672 	671
f 675 	674 	676
f 672 	2391 	677
f 650 	651 	677
f 678 	677 	651
f 179 	672 	673
f 672 	677 	674
f 674 	677 	678
f 674 	678 	676
f 637 	674 	675
f 637 	675 	639
f 712 	696 	711
f 711 	680 	679
f 711 	679 	712
f 665 	666 	682
f 683 	682 	666
f 680 	711 	696
f 209 	687 	688
f 780 	485 	469
f 690 	689 	686
f 690 	686 	685
f 474 	483 	780
f 484 	780 	483
f 485 	780 	484
f 693 	692 	197
f 692 	693 	688
f 692 	688 	687
f 694 	700 	780
f 7866 	7867 	780
f 695 	681 	691
f 697 	696 	699
f 472 	780 	466
f 679 	680 	690
f 689 	690 	680
f 698 	681 	684
f 682 	683 	686
f 685 	686 	683
f 699 	696 	712
f 702 	684 	423
f 423 	430 	702
f 704 	698 	684
f 725 	722 	7920
f 724 	725 	7920
f 687 	665 	686
f 692 	689 	696
f 692 	687 	689
f 689 	687 	686
f 707 	780 	706
f 708 	780 	707
f 680 	696 	689
f 709 	780 	708
f 780 	717 	706
f 686 	665 	682
f 702 	704 	684
f 730 	728 	780
f 710 	730 	780
f 713 	714 	715
f 713 	715 	716
f 717 	780 	700
f 8478 	7920 	701
f 721 	7920 	720
f 716 	715 	719
f 716 	719 	718
f 723 	681 	695
f 729 	737 	728
f 722 	720 	7920
f 737 	780 	728
f 737 	729 	731
f 715 	714 	719
f 714 	727 	719
f 2815 	2816 	727
f 733 	2814 	732
f 221 	732 	2814
f 735 	736 	738
f 735 	738 	739
f 734 	780 	737
f 714 	713 	735
f 736 	735 	713
f 727 	743 	744
f 727 	744 	726
f 745 	777 	742
f 772 	755 	749
f 777 	745 	754
f 751 	752 	777
f 752 	753 	777
f 760 	761 	777
f 753 	760 	777
f 754 	751 	777
f 778 	777 	757
f 762 	768 	777
f 768 	756 	777
f 549 	835 	548
f 764 	835 	763
f 763 	835 	759
f 765 	834 	764
f 766 	833 	765
f 767 	841 	766
f 524 	547 	769
f 524 	769 	527
f 546 	851 	770
f 761 	762 	777
f 756 	757 	777
f 758 	778 	757
f 770 	851 	771
f 771 	851 	552
f 775 	755 	774
f 772 	773 	755
f 773 	774 	755
f 709 	710 	780
f 777 	780 	776
f 776 	780 	734
f 778 	6082 	777
f 779 	6082 	778
f 780 	781 	466
f 787 	466 	786
f 781 	878 	466
f 784 	466 	782
f 804 	1190 	784
f 405 	465 	784
f 552 	165 	771
f 832 	466 	785
f 782 	466 	783
f 783 	466 	788
f 788 	466 	787
f 848 	790 	551
f 848 	849 	12318
f 783 	799 	782
f 790 	848 	791
f 791 	848 	789
f 805 	848 	103
f 794 	839 	793
f 793 	840 	767
f 769 	548 	796
f 799 	792 	782
f 162 	161 	791
f 789 	162 	791
f 802 	806 	801
f 801 	800 	802
f 803 	806 	802
f 789 	848 	805
f 809 	810 	801
f 811 	818 	801
f 810 	811 	801
f 808 	809 	801
f 818 	819 	801
f 819 	820 	801
f 807 	808 	801
f 806 	807 	801
f 815 	106 	821
f 107 	128 	106
f 816 	1206 	812
f 820 	822 	801
f 821 	826 	814
f 814 	815 	821
f 795 	801 	822
f 869 	1235 	823
f 787 	797 	788
f 353 	825 	387
f 128 	12342 	821
f 798 	788 	797
f 353 	355 	825
f 827 	814 	826
f 827 	839 	794
f 794 	814 	827
f 821 	12342 	826
f 12342 	12341 	826
f 829 	831 	825
f 835 	764 	834
f 834 	765 	833
f 836 	786 	832
f 786 	466 	832
f 796 	548 	835
f 832 	861 	836
f 355 	829 	825
f 837 	838 	831
f 840 	793 	839
f 833 	766 	841
f 841 	767 	840
f 841 	12339 	833
f 12339 	841 	840
f 151 	544 	150
f 829 	837 	831
f 837 	843 	838
f 817 	829 	355
f 217 	520 	550
f 829 	750 	837
f 159 	789 	160
f 817 	750 	829
f 165 	552 	551
f 366 	817 	355
f 789 	159 	162
f 844 	5954 	845
f 846 	845 	5954
f 847 	846 	5954
f 767 	172 	793
f 766 	173 	767
f 172 	767 	173
f 765 	174 	766
f 178 	770 	771
f 831 	905 	903
f 831 	903 	825
f 848 	552 	851
f 970 	851 	545
f 7356 	12318 	849
f 104 	848 	12318
f 851 	970 	850
f 842 	10052 	853
f 842 	853 	9140
f 857 	858 	856
f 854 	856 	858
f 828 	824 	862
f 836 	862 	824
f 836 	861 	862
f 885 	896 	861
f 886 	896 	885
f 949 	950 	862
f 823 	865 	869
f 866 	787 	865
f 869 	865 	787
f 787 	866 	797
f 870 	830 	863
f 746 	855 	11282
f 1235 	869 	1234
f 868 	11282 	855
f 860 	11282 	868
f 860 	877 	11282
f 874 	870 	863
f 871 	872 	863
f 874 	863 	872
f 872 	947 	874
f 947 	948 	874
f 873 	874 	948
f 875 	466 	879
f 876 	466 	875
f 785 	466 	876
f 877 	10282 	10281
f 10282 	877 	860
f 884 	781 	880
f 879 	466 	878
f 882 	880 	781
f 881 	1181 	882
f 882 	781 	881
f 878 	781 	884
f 890 	892 	889
f 889 	892 	888
f 888 	892 	887
f 891 	892 	890
f 897 	893 	891
f 887 	892 	886
f 894 	886 	892
f 896 	886 	895
f 895 	886 	894
f 892 	891 	893
f 893 	897 	898
f 899 	861 	896
f 862 	861 	949
f 941 	1179 	939
f 934 	933 	880
f 80 	902 	414
f 384 	903 	902
f 414 	904 	430
f 414 	902 	904
f 905 	904 	902
f 903 	905 	902
f 906 	904 	905
f 825 	903 	387
f 838 	905 	831
f 906 	905 	838
f 838 	1392 	906
f 907 	10696 	910
f 867 	652 	649
f 864 	859 	913
f 914 	915 	912
f 932 	859 	852
f 914 	916 	915
f 913 	991 	990
f 652 	917 	657
f 6634 	914 	912
f 913 	918 	864
f 918 	867 	864
f 9147 	912 	10284
f 867 	919 	652
f 918 	919 	867
f 919 	917 	652
f 920 	667 	657
f 657 	917 	920
f 667 	920 	11800
f 918 	924 	919
f 917 	919 	385
f 923 	922 	3136
f 917 	385 	383
f 924 	385 	919
f 383 	920 	917
f 913 	990 	918
f 525 	528 	924
f 884 	880 	933
f 913 	859 	932
f 934 	880 	935
f 1179 	935 	880
f 931 	932 	852
f 936 	940 	928
f 858 	857 	942
f 854 	943 	856
f 941 	938 	1179
f 1179 	938 	935
f 928 	940 	931
f 948 	966 	873
f 949 	861 	899
f 871 	863 	950
f 863 	862 	950
f 952 	956 	951
f 953 	956 	952
f 954 	956 	953
f 900 	1174 	956
f 955 	956 	954
f 901 	959 	900
f 544 	545 	851
f 931 	957 	932
f 298 	851 	850
f 959 	901 	958
f 939 	1179 	901
f 958 	901 	1179
f 940 	957 	931
f 961 	1285 	960
f 850 	299 	298
f 962 	1285 	961
f 964 	1286 	963
f 963 	1286 	962
f 1450 	299 	850
f 1449 	848 	851
f 991 	913 	932
f 936 	968 	940
f 3388 	850 	970
f 976 	3388 	975
f 972 	3439 	971
f 974 	975 	3388
f 973 	3388 	976
f 971 	3388 	973
f 1100 	936 	11284
f 979 	974 	3388
f 982 	3388 	980
f 981 	3388 	982
f 981 	979 	3388
f 968 	936 	1100
f 389 	553 	983
f 3449 	986 	984
f 3449 	984 	985
f 553 	390 	983
f 3450 	987 	3449
f 990 	924 	918
f 932 	957 	991
f 988 	3449 	987
f 992 	987 	3466
f 994 	957 	940
f 986 	3449 	989
f 993 	3449 	985
f 940 	968 	994
f 983 	957 	994
f 996 	3449 	993
f 997 	3449 	996
f 998 	3449 	997
f 999 	3449 	998
f 995 	3449 	999
f 1309 	1320 	995
f 983 	991 	957
f 991 	390 	990
f 991 	983 	390
f 1008 	970 	1007
f 1006 	1007 	970
f 1000 	970 	1008
f 1001 	970 	1000
f 994 	968 	391
f 1011 	1003 	970
f 389 	983 	994
f 1003 	1006 	970
f 1010 	1011 	970
f 3388 	970 	980
f 525 	924 	990
f 970 	1001 	1002
f 970 	1002 	1013
f 970 	1013 	1012
f 1012 	980 	970
f 1024 	1025 	1023
f 1020 	1021 	1014
f 1022 	970 	1015
f 1019 	1015 	970
f 1023 	1025 	1022
f 1017 	1025 	1024
f 1016 	1025 	1017
f 1025 	1004 	1022
f 1004 	1005 	1022
f 970 	1022 	1005
f 970 	1005 	1009
f 1009 	1010 	970
f 1018 	1020 	1014
f 1018 	1032 	1020
f 970 	1027 	1030
f 1031 	1030 	1027
f 1036 	970 	1035
f 1052 	1032 	1018
f 1365 	1364 	970
f 1324 	1325 	1026
f 1026 	1338 	1324
f 1033 	1031 	1027
f 970 	1030 	1029
f 970 	1029 	1035
f 1019 	970 	1036
f 1021 	1020 	1068
f 1039 	1320 	1038
f 1041 	1047 	1040
f 1043 	1040 	1047
f 1047 	1041 	1042
f 1044 	1320 	1048
f 2115 	856 	946
f 1051 	1059 	1050
f 1049 	942 	857
f 2115 	857 	856
f 946 	856 	1053
f 1054 	1032 	1052
f 1055 	1053 	943
f 856 	943 	1053
f 1050 	1054 	1052
f 1056 	1057 	1058
f 1060 	1054 	1059
f 1054 	1050 	1059
f 1032 	1061 	1020
f 1058 	1062 	1056
f 968 	1063 	391
f 1063 	1064 	391
f 1063 	1066 	1064
f 1065 	1067 	1062
f 1065 	1062 	1053
f 1066 	1021 	1068
f 1055 	1065 	1053
f 1066 	1069 	1064
f 1071 	1056 	1070
f 1056 	1062 	1070
f 1067 	1070 	1062
f 1068 	1069 	1066
f 1072 	1086 	1056
f 1061 	1068 	1020
f 1071 	1072 	1056
f 1073 	1069 	1068
f 1061 	1073 	1068
f 1074 	1061 	1032
f 1061 	1083 	1073
f 1074 	1083 	1061
f 1053 	1080 	946
f 1076 	1074 	1075
f 1074 	1032 	1054
f 1081 	1075 	1074
f 1081 	1074 	1054
f 1077 	1057 	1078
f 1058 	1077 	1079
f 1080 	1058 	1079
f 1105 	1066 	1063
f 1066 	1105 	1021
f 1053 	1062 	1080
f 1080 	1062 	1058
f 1076 	1084 	1083
f 1076 	1083 	1074
f 1058 	1057 	1077
f 1069 	1085 	1064
f 1069 	1082 	1085
f 1060 	1081 	1054
f 1082 	1069 	1073
f 561 	1064 	1085
f 1078 	2614 	1077
f 1057 	1056 	1086
f 571 	1085 	1082
f 1072 	1088 	1086
f 1087 	1089 	1082
f 1090 	1082 	1089
f 1097 	1089 	1087
f 1082 	1090 	571
f 1091 	1078 	1092
f 572 	571 	1090
f 1087 	1082 	1073
f 1083 	1087 	1073
f 1093 	1094 	1087
f 1093 	1087 	1083
f 1092 	1078 	1057
f 1084 	1093 	1083
f 1091 	1095 	1096
f 1092 	1095 	1091
f 1094 	1097 	1087
f 1092 	1057 	1086
f 1095 	1099 	1096
f 1092 	1101 	1095
f 1086 	1101 	1092
f 1104 	1101 	1103
f 1086 	1103 	1101
f 1088 	1103 	1086
f 1098 	1105 	1100
f 1102 	1105 	1098
f 1063 	968 	1100
f 1105 	1063 	1100
f 1102 	1021 	1105
f 1014 	1021 	1102
f 1106 	1101 	1104
f 1926 	1927 	10572
f 1121 	7017 	1107
f 1119 	7017 	1121
f 1108 	1099 	1095
f 1110 	7017 	1109
f 1110 	1107 	7017
f 1095 	1101 	1108
f 1113 	7017 	1112
f 1099 	1108 	1111
f 1115 	1112 	7017
f 1111 	1108 	1116
f 1117 	1111 	1116
f 1101 	1106 	1108
f 1118 	1108 	1106
f 1118 	1116 	1108
f 1122 	7017 	1119
f 1122 	1123 	7017
f 1120 	6196 	1111
f 1117 	1120 	1111
f 1124 	1125 	2347
f 1123 	1115 	7017
f 1124 	1126 	1125
f 1133 	1124 	1134
f 1113 	1114 	7017
f 1114 	1130 	7017
f 1133 	1860 	1124
f 1127 	1128 	1129
f 1931 	7017 	1131
f 1130 	1131 	7017
f 1129 	1128 	1132
f 1133 	1134 	1132
f 4164 	4170 	1127
f 1131 	1136 	1931
f 1132 	1128 	1133
f 1135 	1931 	1136
f 1137 	1931 	1138
f 1138 	1931 	1135
f 1147 	1148 	6350
f 1145 	1144 	6350
f 1140 	1141 	6350
f 1141 	1142 	6350
f 1109 	7017 	1143
f 7017 	1142 	1143
f 7017 	6350 	1142
f 1139 	1140 	6350
f 1144 	1139 	6350
f 1148 	1146 	6350
f 1146 	1145 	6350
f 1149 	1147 	6350
f 1152 	1150 	6350
f 1150 	1149 	6350
f 1151 	1152 	6350
f 1153 	1151 	6350
f 1154 	1153 	6350
f 1156 	1154 	6350
f 1155 	1156 	6350
f 1158 	1155 	6350
f 1160 	1157 	6350
f 1157 	1158 	6350
f 1159 	1160 	6350
f 1165 	1163 	6350
f 1162 	1161 	6350
f 1163 	1164 	6350
f 1161 	1159 	6350
f 1164 	1162 	6350
f 1166 	1165 	6350
f 1166 	6350 	1168
f 1168 	6350 	1167
f 1167 	6350 	1170
f 1170 	6350 	1169
f 1927 	1172 	10572
f 1169 	6350 	1171
f 965 	1237 	966
f 960 	1237 	965
f 1237 	873 	966
f 1174 	900 	1173
f 1173 	900 	1175
f 951 	956 	1176
f 1176 	956 	1174
f 1175 	900 	959
f 1178 	958 	1179
f 1179 	1288 	1178
f 1178 	1288 	1177
f 1182 	1183 	1188
f 1188 	1183 	881
f 1181 	881 	1183
f 1181 	1183 	937
f 944 	937 	1183
f 1184 	1185 	1186
f 1184 	1186 	1187
f 1185 	1342 	1186
f 1187 	1180 	1182
f 945 	1182 	1180
f 1184 	1187 	1182
f 1188 	1184 	1182
f 812 	1206 	804
f 1202 	1200 	1207
f 1192 	1190 	804
f 1190 	1191 	784
f 1191 	422 	784
f 417 	1195 	1194
f 1197 	1193 	1196
f 1193 	1194 	1196
f 1195 	1196 	1194
f 417 	1194 	1198
f 417 	1198 	1199
f 1201 	1192 	804
f 804 	1207 	1201
f 1205 	1207 	1204
f 1202 	1207 	1205
f 1200 	1201 	1207
f 1203 	1204 	1207
f 1207 	1270 	1203
f 1207 	804 	1206
f 816 	823 	1235
f 1221 	1206 	1235
f 419 	417 	427
f 427 	428 	419
f 1199 	1211 	417
f 1210 	1209 	417
f 1209 	427 	417
f 1212 	1217 	1216
f 1213 	1217 	1212
f 1208 	1203 	1270
f 1215 	1208 	1270
f 1214 	1215 	1270
f 1213 	1214 	1217
f 1270 	1217 	1214
f 1218 	1216 	1217
f 445 	1216 	1218
f 440 	445 	1218
f 1220 	1219 	1235
f 816 	1235 	1206
f 1222 	1206 	1221
f 1223 	1206 	1222
f 1226 	1227 	1229
f 1228 	1229 	1227
f 1225 	1226 	1229
f 1230 	1229 	1228
f 1224 	1225 	1229
f 1229 	1230 	1231
f 1232 	1233 	1231
f 1229 	1231 	1233
f 1219 	1221 	1235
f 1236 	1234 	873
f 869 	873 	1234
f 1236 	873 	1237
f 1241 	1235 	1240
f 1240 	1235 	1239
f 1238 	1239 	1235
f 1220 	1235 	1241
f 1234 	1253 	1243
f 1273 	1246 	1235
f 1238 	1235 	1246
f 1247 	1246 	1273
f 1244 	1242 	1245
f 1248 	1237 	1255
f 1259 	1260 	1251
f 1252 	1259 	1251
f 1250 	1251 	1260
f 1236 	1253 	1234
f 1255 	1254 	1256
f 1237 	1289 	1255
f 1258 	1245 	1242
f 1249 	1250 	1260
f 1260 	1261 	1249
f 1261 	1262 	1249
f 1242 	1249 	1262
f 1262 	1263 	1242
f 1264 	1242 	1263
f 1258 	1242 	1264
f 1256 	1254 	1265
f 1254 	1308 	1265
f 1308 	1356 	1257
f 1267 	1217 	1270
f 1266 	1267 	2489
f 1269 	2487 	1268
f 1270 	2489 	1267
f 1266 	2489 	1269
f 1271 	2490 	1270
f 1268 	2487 	449
f 1272 	1247 	1273
f 1279 	1280 	1273
f 1274 	1279 	1273
f 2491 	1270 	2490
f 2490 	1271 	1276
f 1280 	1277 	1272
f 1277 	1276 	1272
f 1271 	1272 	1276
f 1278 	1279 	1274
f 1272 	1273 	1280
f 1274 	1275 	1278
f 1282 	1283 	1281
f 1281 	1283 	1284
f 1289 	1237 	1285
f 1285 	962 	1286
f 1237 	960 	1285
f 1287 	1286 	964
f 1287 	1177 	1288
f 964 	1177 	1287
f 1254 	1255 	1289
f 1291 	1292 	1290
f 1290 	1292 	1293
f 1290 	1293 	1294
f 1290 	1294 	1295
f 1290 	1295 	1296
f 1179 	1186 	1297
f 1298 	1179 	1297
f 1288 	1179 	1300
f 1298 	1300 	1179
f 1298 	1299 	1300
f 1290 	1296 	1301
f 1296 	1326 	1301
f 1046 	1047 	1042
f 1305 	1306 	1303
f 1306 	1307 	1303
f 1307 	1359 	1303
f 1359 	1360 	1303
f 1038 	1320 	1042
f 1042 	1320 	1046
f 1045 	1046 	1320
f 1044 	1045 	1320
f 1037 	1320 	1039
f 1257 	1265 	1308
f 1299 	1298 	1310
f 1332 	1301 	1316
f 1048 	1320 	1315
f 1311 	1320 	1309
f 1312 	1320 	1311
f 1313 	1320 	1312
f 1332 	1333 	1301
f 1314 	1320 	1313
f 1314 	1318 	1320
f 1318 	1315 	1320
f 3449 	995 	1320
f 967 	4274 	1320
f 1298 	1371 	1310
f 1326 	1316 	1301
f 1034 	1033 	1028
f 1304 	1305 	1303
f 1333 	1304 	1303
f 1303 	1301 	1333
f 1027 	1028 	1033
f 1317 	1310 	1371
f 1329 	1330 	1371
f 1325 	1034 	1026
f 1028 	1026 	1034
f 1330 	1317 	1371
f 1334 	1329 	1371
f 1350 	1331 	1344
f 1340 	1344 	1322
f 1323 	1335 	1337
f 1336 	1337 	1335
f 1335 	1327 	1336
f 1338 	1336 	1327
f 1327 	1328 	1338
f 1328 	1324 	1338
f 1343 	1297 	1342
f 1185 	1401 	1342
f 1406 	1342 	1401
f 1346 	1349 	1343
f 1297 	1186 	1342
f 1349 	1346 	1348
f 1319 	1348 	1339
f 1351 	1339 	1348
f 1322 	1323 	1340
f 1337 	1340 	1323
f 1297 	1349 	1321
f 1331 	1322 	1344
f 1344 	1345 	1350
f 1351 	1348 	1396
f 1346 	1396 	1348
f 1297 	1343 	1349
f 1037 	1347 	1320
f 1347 	1355 	1320
f 1355 	1354 	1320
f 1354 	1353 	1320
f 1352 	1350 	1345
f 1353 	1352 	1345
f 1320 	1353 	1345
f 1302 	1303 	1360
f 1357 	1366 	1356
f 1356 	1366 	1257
f 1371 	1372 	1358
f 1275 	1366 	1278
f 1363 	1368 	1357
f 1368 	1366 	1357
f 1275 	1257 	1366
f 1027 	970 	1369
f 1358 	1334 	1371
f 1363 	1372 	1368
f 1373 	970 	1362
f 970 	1373 	1370
f 1370 	1369 	970
f 1372 	1371 	1375
f 1363 	1358 	1372
f 1364 	1361 	970
f 1361 	1362 	970
f 1371 	1390 	1375
f 1365 	970 	1379
f 1381 	2492 	1385
f 1383 	1378 	1377
f 2492 	2493 	1384
f 1384 	1385 	2492
f 1382 	2492 	1381
f 1387 	2492 	1382
f 1388 	2505 	1387
f 1389 	2505 	1388
f 1396 	1390 	1351
f 1377 	1392 	1383
f 1392 	1394 	1383
f 1396 	1346 	1395
f 1419 	1399 	1391
f 1396 	1391 	1390
f 1374 	1375 	1390
f 1642 	1378 	1397
f 1374 	1390 	1400
f 1400 	1391 	1399
f 1398 	1399 	1419
f 1401 	1402 	1408
f 1378 	1383 	1397
f 1189 	883 	1402
f 883 	881 	781
f 781 	1408 	1402
f 1409 	1408 	781
f 1402 	883 	781
f 1405 	1406 	1407
f 1392 	838 	843
f 1422 	1393 	1405
f 1407 	1422 	1405
f 1394 	1392 	843
f 1407 	1401 	1408
f 1406 	1401 	1407
f 1409 	1404 	1408
f 1367 	1397 	1383
f 1423 	1404 	1409
f 1409 	781 	1410
f 1383 	1394 	1367
f 781 	1925 	1410
f 1412 	1417 	1411
f 11017 	1646 	1397
f 1413 	1411 	1417
f 1418 	1415 	1416
f 1414 	1416 	1415
f 1412 	1948 	1417
f 1391 	1400 	1390
f 1404 	1423 	1420
f 754 	580 	579
f 1421 	1419 	1422
f 751 	754 	576
f 1403 	1404 	1420
f 1407 	1421 	1422
f 1341 	1405 	1393
f 224 	740 	741
f 744 	743 	222
f 1425 	733 	732
f 741 	740 	739
f 741 	739 	738
f 740 	735 	739
f 743 	727 	735
f 714 	735 	727
f 1424 	1425 	732
f 1426 	1425 	1424
f 906 	1392 	1377
f 582 	757 	583
f 756 	589 	583
f 927 	3190 	925
f 1425 	1426 	3105
f 290 	3105 	1426
f 1429 	1430 	1431
f 1429 	1431 	1432
f 591 	590 	775
f 773 	772 	592
f 922 	1428 	921
f 773 	592 	591
f 922 	1435 	1428
f 1436 	923 	926
f 1434 	1433 	1439
f 1434 	1439 	1440
f 1425 	3105 	733
f 3112 	1434 	1430
f 1434 	1440 	1430
f 1431 	1430 	1440
f 1441 	1442 	1443
f 1441 	1443 	1444
f 1458 	1455 	1448
f 1444 	1443 	1446
f 1454 	1457 	569
f 569 	566 	1454
f 1445 	1458 	1448
f 3112 	1430 	1429
f 851 	298 	1449
f 930 	1438 	926
f 1528 	1529 	1574
f 591 	592 	1455
f 593 	1448 	1455
f 9795 	9812 	1453
f 590 	591 	1456
f 1438 	1436 	926
f 1458 	1445 	1457
f 1445 	569 	1457
f 1437 	930 	929
f 1453 	581 	1456
f 1437 	1438 	930
f 969 	1376 	1380
f 970 	969 	1379
f 1380 	1379 	969
f 1454 	11732 	1457
f 1455 	1456 	591
f 922 	923 	1436
f 1463 	1438 	1437
f 1471 	1438 	1463
f 1462 	1468 	1461
f 1437 	1467 	1463
f 1466 	1461 	1468
f 1438 	1471 	1436
f 3074 	2856 	1469
f 1470 	969 	1465
f 1459 	969 	1470
f 1464 	1502 	1462
f 1472 	1469 	2856
f 1464 	1465 	969
f 1460 	969 	1459
f 1376 	969 	1460
f 904 	1427 	430
f 1436 	1435 	922
f 1427 	702 	430
f 1436 	1471 	1435
f 1378 	1480 	1377
f 1463 	1774 	1471
f 1480 	704 	702
f 702 	1427 	1480
f 1483 	1493 	1479
f 904 	906 	1427
f 1427 	1377 	1480
f 1478 	1320 	1477
f 1479 	1493 	1478
f 1484 	1493 	1483
f 1485 	1477 	1320
f 1427 	906 	1377
f 1481 	1485 	1320
f 1475 	1476 	1320
f 1476 	1481 	1320
f 1482 	1475 	1320
f 1482 	1320 	1345
f 1487 	1492 	1542
f 1491 	1542 	1489
f 1486 	1542 	1491
f 1490 	1493 	1484
f 1488 	1493 	1490
f 1489 	1493 	1488
f 1492 	1494 	1542
f 1320 	1478 	1493
f 1533 	1542 	1494
f 1495 	1533 	1494
f 1468 	1533 	1497
f 1498 	1468 	1497
f 1466 	1468 	1498
f 1495 	1497 	1533
f 416 	1496 	408
f 1499 	1500 	969
f 423 	1496 	416
f 1502 	1464 	1505
f 1500 	1506 	969
f 1506 	1504 	969
f 1504 	1505 	969
f 1507 	684 	681
f 1464 	969 	1505
f 1503 	1468 	1502
f 1468 	1462 	1502
f 423 	684 	1507
f 1496 	1511 	1513
f 1451 	1524 	1512
f 1514 	1512 	1626
f 1517 	1576 	1516
f 1519 	1575 	1518
f 1518 	1576 	1517
f 1521 	1452 	1522
f 1452 	1512 	1524
f 307 	309 	1451
f 1527 	1474 	2858
f 1525 	1522 	1524
f 1452 	1524 	1522
f 1512 	1452 	1616
f 2857 	2858 	1474
f 1615 	1616 	1521
f 1531 	1532 	1453
f 581 	1453 	1532
f 1514 	1520 	1451
f 2858 	10765 	1526
f 1523 	2858 	1526
f 1501 	1499 	969
f 1510 	1501 	969
f 1509 	1510 	969
f 1486 	1487 	1542
f 1534 	1533 	1468
f 1503 	1534 	1468
f 1493 	1537 	1538
f 1493 	1538 	1535
f 1537 	1493 	1539
f 1539 	1493 	1540
f 1540 	1493 	1541
f 1496 	1513 	408
f 409 	408 	1513
f 1493 	1489 	1542
f 1542 	1541 	1493
f 1544 	1507 	1545
f 1535 	1536 	1493
f 1536 	1543 	1493
f 1511 	1496 	1544
f 1507 	1544 	1496
f 681 	723 	1507
f 1545 	1507 	723
f 1496 	423 	1507
f 3449 	1320 	4274
f 1320 	1493 	967
f 1493 	1543 	967
f 1543 	1546 	967
f 1547 	967 	1546
f 1549 	691 	1550
f 681 	1550 	691
f 1551 	1552 	1553
f 1550 	1552 	1551
f 1550 	1551 	1549
f 681 	698 	1550
f 1550 	1554 	1552
f 698 	1554 	1550
f 971 	1753 	972
f 1752 	972 	1753
f 1753 	971 	973
f 1554 	1555 	1552
f 1451 	1512 	1514
f 1554 	698 	1556
f 1557 	1558 	1559
f 1557 	1559 	1566
f 698 	704 	1556
f 1559 	1558 	1560
f 1554 	1548 	1555
f 1557 	1563 	1558
f 1562 	1563 	1557
f 320 	1558 	1563
f 1556 	1548 	1554
f 1620 	1561 	1564
f 320 	322 	1558
f 1560 	1558 	322
f 1557 	1565 	1561
f 1564 	1561 	1565
f 1565 	1557 	1566
f 327 	343 	1629
f 1630 	328 	1629
f 327 	1629 	328
f 1567 	1563 	1562
f 1567 	1562 	1568
f 1569 	1553 	1552
f 1754 	973 	976
f 1758 	978 	977
f 1752 	977 	972
f 1762 	1760 	981
f 980 	1761 	982
f 1762 	981 	1763
f 982 	1763 	981
f 1555 	1573 	1571
f 1997 	984 	2000
f 2000 	986 	2004
f 989 	2005 	2004
f 1474 	8498 	1473
f 1993 	995 	2009
f 1997 	985 	984
f 986 	2000 	984
f 989 	2004 	986
f 988 	2005 	989
f 987 	2005 	988
f 2001 	987 	992
f 2008 	1995 	993
f 985 	1996 	993
f 1994 	997 	996
f 998 	997 	1994
f 8504 	747 	1531
f 8505 	8504 	1530
f 2009 	999 	998
f 999 	2009 	995
f 8505 	1530 	1529
f 1529 	1528 	8506
f 1519 	8508 	1528
f 580 	745 	1526
f 1529 	1530 	1574
f 1519 	1528 	1575
f 1576 	1518 	1575
f 1530 	1531 	1453
f 1453 	1574 	1530
f 590 	1456 	581
f 1575 	1528 	1574
f 1575 	1574 	9813
f 9808 	2137 	1576
f 9813 	1576 	1575
f 1579 	1578 	9395
f 1583 	9395 	1582
f 1587 	1608 	1586
f 1585 	1586 	1603
f 1588 	1596 	1587
f 1589 	1596 	1588
f 8039 	8510 	1578
f 2011 	1001 	1000
f 2026 	1761 	1012
f 2017 	1005 	1004
f 2011 	1000 	1008
f 1577 	1578 	8510
f 1009 	2024 	1010
f 2024 	2023 	1010
f 1002 	2012 	1013
f 2027 	1012 	1013
f 2017 	1004 	1025
f 1584 	8475 	1585
f 2031 	1016 	1017
f 8474 	8473 	1586
f 8475 	8474 	1585
f 1586 	1585 	8474
f 2033 	2035 	1023
f 1588 	8472 	1589
f 1023 	1022 	2033
f 2034 	2033 	1022
f 8472 	1588 	1587
f 1015 	2034 	1022
f 2031 	1017 	1024
f 2134 	9825 	2135
f 2043 	2042 	1033
f 1034 	2044 	1033
f 2043 	1033 	2044
f 9832 	2141 	9829
f 1035 	2049 	1036
f 1029 	2040 	1035
f 995 	1993 	1309
f 1570 	1563 	1567
f 1562 	1591 	1568
f 1603 	1586 	1608
f 563 	564 	1447
f 1590 	1596 	1589
f 1467 	1776 	1463
f 1590 	1844 	1595
f 1595 	1596 	1590
f 1608 	1587 	1596
f 1548 	1573 	1555
f 1573 	1597 	1571
f 925 	1600 	927
f 1437 	929 	1601
f 1600 	925 	1598
f 1599 	1602 	1572
f 929 	927 	1601
f 1600 	1601 	927
f 564 	565 	1447
f 1600 	1598 	1764
f 1844 	1737 	1594
f 1562 	1592 	1591
f 1609 	1563 	1570
f 326 	1563 	1609
f 326 	1609 	325
f 326 	317 	1563
f 1610 	1611 	1612
f 1614 	1592 	1613
f 1562 	1613 	1592
f 1612 	1572 	1610
f 1616 	1615 	1617
f 1616 	1617 	1613
f 1614 	1613 	1617
f 1612 	1599 	1572
f 1452 	1521 	1616
f 1618 	1610 	1572
f 1623 	1610 	1618
f 1512 	1616 	1619
f 1561 	1621 	1562
f 1557 	1561 	1562
f 1616 	1613 	1619
f 1622 	1619 	1613
f 1572 	1571 	1618
f 1597 	1618 	1571
f 1613 	1562 	1621
f 1622 	1613 	1621
f 1622 	1621 	1624
f 1622 	1624 	1625
f 1620 	1624 	1621
f 1620 	1621 	1561
f 1618 	13 	1623
f 1626 	1619 	1627
f 1512 	1619 	1626
f 1597 	13 	1618
f 1627 	1619 	1628
f 1886 	1623 	12
f 1619 	1622 	1628
f 1625 	1628 	1622
f 13 	12 	1623
f 849 	1450 	850
f 1450 	849 	1449
f 848 	1449 	849
f 1571 	1572 	1633
f 1572 	1602 	1633
f 1571 	1633 	1555
f 1633 	1636 	1569
f 1633 	1569 	1552
f 1652 	1638 	1639
f 1633 	1602 	1636
f 1552 	1555 	1633
f 1646 	1644 	1642
f 1397 	1646 	1642
f 1631 	1652 	1639
f 342 	1647 	344
f 1652 	1631 	1651
f 1635 	1651 	1631
f 1556 	1650 	1653
f 1656 	1638 	1652
f 1655 	1651 	1634
f 1634 	1651 	1635
f 1654 	1658 	1651
f 1655 	1654 	1651
f 1655 	1669 	1654
f 1652 	1651 	1658
f 1637 	1654 	1632
f 1556 	1653 	1548
f 1653 	1657 	1548
f 339 	1656 	1659
f 1656 	1652 	1659
f 1658 	1659 	1652
f 1641 	1658 	1640
f 1658 	1641 	1659
f 1643 	1660 	1659
f 1643 	1659 	1641
f 1573 	1548 	1657
f 1658 	1645 	1640
f 1645 	1658 	1654
f 1645 	1654 	1637
f 1647 	1660 	1648
f 1573 	1661 	1597
f 342 	1660 	1647
f 1650 	1556 	704
f 1648 	1660 	1643
f 339 	1659 	1660
f 1650 	704 	1480
f 342 	340 	1660
f 1656 	339 	1649
f 338 	1649 	339
f 1657 	1661 	1573
f 1638 	1656 	1649
f 38 	13 	1597
f 1663 	1662 	1664
f 1654 	1665 	1632
f 1665 	1666 	1632
f 1662 	1663 	1668
f 1667 	1668 	1663
f 1661 	38 	1597
f 1669 	1655 	1670
f 1669 	1670 	1671
f 1661 	26 	38
f 1670 	1655 	1634
f 1662 	1665 	1669
f 1665 	1654 	1669
f 1480 	1378 	1650
f 1668 	1674 	1662
f 1642 	1653 	1650
f 1668 	1629 	1672
f 1629 	343 	1672
f 345 	1673 	343
f 1672 	343 	1673
f 1378 	1642 	1650
f 1674 	1668 	1672
f 1653 	1644 	1657
f 1665 	1662 	1674
f 1642 	1644 	1653
f 1675 	1676 	1674
f 1665 	1674 	1676
f 1677 	1661 	1657
f 1666 	1665 	1676
f 1677 	26 	1661
f 1678 	1674 	1672
f 1678 	1672 	1673
f 1677 	1657 	1644
f 1675 	1674 	1678
f 1669 	1679 	1662
f 1664 	1662 	1679
f 1679 	1669 	1671
f 1668 	1667 	1629
f 1630 	1629 	1667
f 1644 	27 	1677
f 1682 	1680 	1681
f 1683 	1681 	1684
f 1683 	1684 	1685
f 24 	26 	1677
f 1682 	1681 	1683
f 1681 	1692 	1684
f 1686 	1687 	1688
f 374 	371 	1689
f 1688 	1690 	1691
f 1688 	1691 	1686
f 1680 	374 	1689
f 1680 	1689 	1681
f 1692 	1681 	1689
f 370 	375 	1689
f 1693 	1692 	1694
f 1692 	375 	1695
f 1694 	1692 	1695
f 1692 	1708 	1684
f 1696 	1697 	1698
f 1696 	1698 	1699
f 1700 	1697 	1696
f 1711 	9 	11051
f 1697 	1708 	1698
f 1701 	1698 	1702
f 1699 	1698 	1703
f 1704 	1703 	1701
f 1698 	1701 	1703
f 127 	1704 	1701
f 1705 	1702 	1706
f 1690 	1720 	1691
f 1707 	1684 	1697
f 1707 	1697 	1700
f 1684 	1707 	1685
f 1702 	1698 	1708
f 1706 	1702 	1708
f 1706 	1708 	1710
f 1691 	1711 	11050
f 1735 	1701 	1702
f 1711 	11051 	11050
f 117 	1735 	1705
f 1710 	1708 	1712
f 1692 	1693 	1708
f 1712 	1708 	1693
f 1697 	1684 	1708
f 1716 	1731 	1715
f 1718 	1716 	1715
f 618 	617 	1719
f 1719 	1716 	1718
f 1713 	1691 	1720
f 1713 	1720 	1714
f 1723 	1724 	1722
f 1721 	1722 	1724
f 621 	626 	1722
f 1723 	1722 	626
f 1722 	1721 	1716
f 617 	621 	1716
f 1722 	1716 	621
f 1714 	1725 	1713
f 120 	1729 	1727
f 1728 	1721 	1724
f 1727 	1721 	1728
f 1730 	1731 	1729
f 1721 	1729 	1731
f 1721 	1731 	1716
f 111 	1734 	118
f 1717 	1715 	1731
f 1701 	1735 	1734
f 1735 	1736 	1734
f 1730 	1734 	1736
f 1734 	111 	127
f 1582 	9393 	1733
f 1732 	1733 	9347
f 1730 	118 	1734
f 116 	1735 	117
f 1735 	116 	1736
f 115 	1736 	116
f 1845 	1846 	1740
f 1740 	1741 	1744
f 1742 	1744 	1741
f 1846 	1848 	1740
f 1742 	1743 	1744
f 1743 	2138 	1744
f 1845 	1740 	1744
f 1730 	1736 	1731
f 1731 	113 	1717
f 8027 	8044 	1733
f 113 	1731 	1736
f 113 	1736 	115
f 1702 	1705 	1735
f 118 	1730 	119
f 1721 	1727 	1729
f 1701 	1734 	127
f 1730 	1729 	120
f 1730 	120 	119
f 650 	677 	1745
f 2391 	1745 	677
f 1745 	2391 	130
f 650 	1745 	130
f 653 	1746 	131
f 653 	658 	1746
f 1748 	133 	132
f 137 	1747 	138
f 135 	1749 	136
f 134 	1921 	135
f 658 	138 	1747
f 136 	1749 	1747
f 136 	1747 	137
f 1747 	1746 	658
f 1749 	1748 	1747
f 131 	1746 	132
f 1748 	132 	1746
f 139 	1750 	140
f 1751 	140 	1750
f 1040 	2383 	1041
f 2384 	1038 	1042
f 1041 	2382 	1042
f 2384 	1042 	2382
f 2396 	1045 	1044
f 2398 	2397 	1046
f 2396 	1044 	1048
f 2400 	2399 	1315
f 1315 	1318 	2400
f 1045 	2395 	1046
f 2387 	1312 	2388
f 1311 	2388 	1312
f 2389 	1314 	1313
f 2387 	1313 	1312
f 2392 	2400 	1318
f 2388 	1311 	1309
f 2392 	1318 	1314
f 2392 	1314 	2389
f 1322 	2405 	1323
f 2408 	1325 	1324
f 1327 	2410 	1328
f 2408 	1324 	2409
f 1328 	2409 	1324
f 1325 	2407 	1034
f 2414 	1327 	1335
f 2414 	1335 	2404
f 1323 	2404 	1335
f 2417 	1336 	1338
f 2418 	1340 	1337
f 1026 	2037 	1338
f 2637 	2636 	1354
f 2638 	2637 	1355
f 1354 	1355 	2637
f 2638 	1355 	1347
f 2644 	1369 	1370
f 2644 	1370 	1373
f 2639 	1362 	1361
f 1362 	2639 	1373
f 1459 	2650 	2649
f 1459 	2649 	1460
f 1464 	2654 	2653
f 1464 	2653 	1465
f 2654 	1464 	1462
f 2650 	1459 	1470
f 1465 	2653 	1470
f 1460 	2649 	1376
f 1476 	1475 	2659
f 1478 	1477 	2661
f 2659 	1475 	1482
f 2666 	1484 	1483
f 1490 	1484 	2666
f 1485 	2667 	1477
f 2661 	1477 	2667
f 2667 	1485 	1481
f 1491 	2673 	1486
f 2673 	1491 	1489
f 1492 	2676 	1494
f 1494 	2676 	1495
f 2682 	2681 	1501
f 2686 	1503 	1502
f 2689 	2688 	1504
f 1506 	2689 	1504
f 1503 	2686 	1534
f 1510 	2685 	1501
f 1538 	2693 	1535
f 2699 	1533 	1534
f 1535 	2692 	1536
f 2691 	1536 	2692
f 1540 	2696 	1539
f 2696 	1540 	1541
f 2696 	1541 	2697
f 2697 	1541 	1542
f 1533 	2699 	1542
f 1546 	1543 	2702
f 1536 	2691 	1543
f 2702 	1543 	2691
f 1757 	3182 	1756
f 1755 	3182 	1754
f 3182 	4249 	1752
f 1753 	3182 	1752
f 1753 	1754 	3182
f 1759 	1752 	4249
f 1755 	1756 	3182
f 1762 	3182 	1760
f 1761 	3182 	1763
f 1467 	1437 	1601
f 1765 	1601 	1600
f 1764 	1765 	1600
f 1765 	1467 	1601
f 1764 	1766 	1765
f 1764 	1767 	1766
f 1765 	1768 	1467
f 1765 	1766 	1768
f 1784 	1768 	1766
f 1764 	1598 	1771
f 1772 	1771 	1769
f 1770 	1772 	1769
f 1767 	1764 	1771
f 1772 	1767 	1771
f 921 	1428 	1773
f 1775 	1435 	1471
f 1463 	1776 	1774
f 1471 	1774 	1775
f 1777 	1428 	1435
f 1777 	1778 	1428
f 1777 	1435 	1775
f 1428 	1778 	1773
f 1778 	1779 	1773
f 1777 	1780 	1778
f 1781 	1779 	1778
f 1780 	1781 	1778
f 1787 	1775 	1774
f 1776 	1467 	1768
f 1766 	1767 	1783
f 1783 	1767 	1782
f 1783 	1784 	1766
f 1776 	1768 	1785
f 1784 	1785 	1768
f 1776 	1786 	1774
f 1776 	1785 	1786
f 1774 	1786 	1787
f 1775 	1787 	1796
f 1770 	1790 	1772
f 1782 	1772 	1790
f 1782 	1767 	1772
f 1793 	1770 	1788
f 1793 	1790 	1770
f 1792 	1793 	1788
f 1796 	1777 	1775
f 1796 	1780 	1777
f 1797 	1798 	1799
f 1797 	1799 	1800
f 1801 	1800 	1799
f 1800 	1802 	1797
f 1800 	1803 	1802
f 1801 	1806 	1800
f 1808 	1807 	1806
f 1805 	1798 	1797
f 1805 	1797 	2914
f 1807 	1808 	1809
f 1810 	1807 	1809
f 1811 	1810 	1809
f 1800 	1806 	1807
f 1812 	1807 	1810
f 1810 	1813 	1812
f 1807 	1803 	1800
f 1812 	1803 	1807
f 1814 	1804 	1812
f 1812 	1804 	1803
f 1812 	1813 	1814
f 1813 	1815 	1814
f 3179 	1814 	1815
f 1816 	1815 	1817
f 1813 	1817 	1815
f 1818 	1819 	1820
f 1821 	1810 	1811
f 1818 	1810 	1821
f 1818 	1821 	1819
f 1818 	1813 	1810
f 1818 	1817 	1813
f 1822 	1823 	1824
f 1824 	1825 	1822
f 1826 	1822 	1827
f 1825 	1827 	1822
f 1827 	1828 	1826
f 1825 	1829 	1827
f 1827 	1839 	1828
f 1830 	1831 	1823
f 1823 	1832 	1830
f 1823 	1822 	1832
f 1834 	1832 	1822
f 1826 	1835 	1836
f 1822 	1826 	1836
f 1822 	1836 	1834
f 1837 	1833 	1838
f 1826 	1837 	1838
f 1835 	1826 	1838
f 1826 	1828 	1837
f 1829 	1839 	1827
f 1840 	1837 	1828
f 1841 	1840 	1828
f 1828 	1839 	1841
f 1843 	1842 	1840
f 2865 	1840 	1842
f 1739 	1740 	1848
f 1738 	1739 	1848
f 1848 	1607 	1738
f 1737 	1738 	1607
f 2547 	2529 	2574
f 6083 	1865 	781
f 1924 	1925 	1850
f 781 	1850 	1925
f 1607 	1604 	1737
f 1604 	1594 	1737
f 1594 	1595 	1844
f 1855 	1849 	781
f 1850 	781 	1849
f 1851 	1852 	1128
f 1851 	1128 	1127
f 1853 	1854 	781
f 1989 	1849 	1855
f 1127 	1856 	1851
f 1855 	781 	1854
f 1858 	1133 	1857
f 1128 	1857 	1133
f 1128 	1852 	1857
f 1853 	781 	1859
f 1126 	1124 	1860
f 1862 	2146 	1861
f 1858 	1860 	1133
f 1859 	781 	1863
f 1862 	1859 	1863
f 1863 	1868 	1862
f 2147 	1861 	2146
f 1864 	781 	1866
f 2146 	1862 	1868
f 1874 	1726 	1725
f 1713 	1725 	1726
f 1713 	1726 	1875
f 1726 	1709 	1875
f 1713 	1711 	1691
f 1713 	1875 	1711
f 1872 	1876 	1877
f 1875 	1709 	8
f 1878 	1879 	1876
f 1878 	1876 	1880
f 1877 	1876 	1882
f 1709 	10 	8
f 1882 	1876 	1879
f 1875 	9 	1711
f 1878 	1880 	1881
f 1875 	8 	9
f 1882 	1883 	1877
f 1874 	1884 	1726
f 1883 	1049 	1877
f 1891 	1887 	1884
f 10 	1709 	1885
f 1872 	1877 	1893
f 10 	1885 	11
f 857 	1877 	1049
f 1887 	1709 	1726
f 1889 	1890 	1888
f 1872 	2340 	2344
f 1887 	1891 	1892
f 1892 	1890 	1889
f 1892 	1889 	1887
f 1876 	1872 	2344
f 1726 	1884 	1887
f 1885 	1887 	1889
f 1889 	1886 	1885
f 1872 	1893 	1873
f 1873 	1893 	1894
f 1895 	1896 	1897
f 1887 	1885 	1709
f 11 	1885 	1886
f 1897 	1894 	1895
f 1898 	1901 	1896
f 1895 	1898 	1896
f 1900 	1899 	1888
f 1889 	1888 	1899
f 1866 	781 	1865
f 1863 	781 	1864
f 1865 	6083 	1867
f 1867 	6083 	1910
f 1748 	1749 	1908
f 1903 	1902 	1905
f 1904 	1902 	1903
f 140 	1751 	142
f 1906 	145 	141
f 1904 	1907 	1902
f 133 	1908 	143
f 1748 	1908 	133
f 1910 	1902 	1909
f 1909 	1902 	1907
f 143 	1908 	144
f 144 	1908 	1750
f 144 	1750 	139
f 1912 	1913 	1911
f 1871 	1911 	1913
f 1871 	1913 	1914
f 2262 	1871 	1914
f 1906 	1751 	1915
f 1746 	1747 	1748
f 1902 	1910 	6083
f 1920 	1916 	6083
f 1908 	1921 	1750
f 146 	1906 	1915
f 146 	1915 	147
f 145 	1906 	146
f 1920 	6083 	1919
f 1749 	135 	1921
f 148 	1921 	134
f 1916 	1902 	6083
f 1917 	1916 	1920
f 1915 	1921 	148
f 1915 	148 	147
f 1919 	6083 	2289
f 1921 	1915 	1750
f 1921 	1908 	1749
f 1923 	1922 	2067
f 1924 	2067 	1922
f 1933 	1924 	1922
f 1171 	6350 	1172
f 1948 	1410 	1925
f 1940 	1947 	1931
f 1137 	1944 	1931
f 1944 	1936 	1931
f 1922 	1934 	1933
f 1929 	1933 	1943
f 1928 	1929 	1943
f 1939 	1941 	1934
f 1934 	1943 	1933
f 2189 	2190 	2176
f 1936 	1937 	1931
f 1940 	1931 	1937
f 1939 	1934 	1938
f 1942 	1943 	1941
f 1943 	1934 	1941
f 1943 	1942 	1945
f 1942 	1970 	1945
f 1946 	1931 	1947
f 1412 	1410 	1948
f 1950 	1931 	1949
f 1946 	1949 	1931
f 1899 	1900 	1951
f 1953 	1931 	1952
f 1899 	1951 	1610
f 1611 	1610 	1951
f 1952 	1931 	1950
f 1954 	1931 	1953
f 1623 	1886 	1899
f 1899 	1886 	1889
f 1610 	1623 	1899
f 1955 	1957 	1931
f 1957 	1960 	1931
f 1954 	1955 	1931
f 1964 	10065 	1963
f 1962 	2002 	1956
f 1963 	1931 	1960
f 1962 	1956 	1961
f 1965 	10065 	1964
f 2003 	1956 	2002
f 1968 	10065 	1965
f 1976 	10065 	1979
f 1977 	10065 	1976
f 1932 	1945 	1966
f 1970 	1971 	1945
f 1967 	1945 	1971
f 1966 	1945 	1967
f 1972 	10065 	1969
f 1969 	10065 	1968
f 1979 	10065 	1972
f 1973 	1967 	1971
f 1974 	1967 	1973
f 1975 	10065 	1977
f 1984 	2196 	2205
f 2207 	2208 	2196
f 2208 	2205 	2196
f 2206 	2207 	2196
f 396 	10572 	392
f 392 	10065 	394
f 2200 	2203 	2237
f 397 	10572 	396
f 2237 	2240 	2200
f 1967 	1974 	1988
f 1987 	1988 	1974
f 1987 	1985 	1988
f 1924 	1850 	2067
f 2045 	1849 	1989
f 1992 	2050 	1991
f 1990 	1991 	2070
f 2003 	1998 	1956
f 1998 	1999 	1956
f 2005 	4258 	2004
f 2006 	4272 	2001
f 1994 	2704 	2007
f 2009 	2007 	2704
f 2009 	2704 	1993
f 2704 	1994 	1995
f 2704 	1995 	2008
f 1996 	2704 	2008
f 1997 	2704 	1996
f 2000 	2704 	1997
f 2004 	4271 	2000
f 2019 	6613 	2018
f 2018 	6613 	2014
f 2020 	2028 	2022
f 2021 	2022 	2028
f 2011 	2021 	2028
f 2025 	2028 	2024
f 2016 	2017 	2034
f 2033 	2034 	2017
f 2020 	2015 	2028
f 2028 	2015 	2023
f 2024 	2028 	2023
f 1761 	2026 	3182
f 2027 	2028 	2026
f 2012 	2028 	2027
f 2010 	2028 	2012
f 2010 	2011 	2028
f 3182 	2026 	2028
f 2028 	2029 	2032
f 2028 	2025 	2034
f 2034 	2029 	2028
f 2035 	2033 	2036
f 2031 	2035 	2036
f 2030 	2031 	2036
f 2017 	2036 	2033
f 2025 	2016 	2034
f 2057 	6613 	2019
f 2038 	2039 	2043
f 2037 	2038 	2044
f 2043 	2044 	2038
f 2046 	1854 	1853
f 2047 	1854 	2046
f 2032 	2048 	2028
f 2048 	2049 	2028
f 2039 	2643 	2041
f 2041 	2042 	2039
f 2042 	2043 	2039
f 2040 	2041 	2643
f 2049 	2040 	2643
f 2640 	2641 	2028
f 2657 	2028 	2647
f 2046 	1853 	2052
f 2051 	2052 	1853
f 2063 	1991 	2056
f 2058 	6613 	2057
f 2071 	6613 	2058
f 2060 	1991 	2059
f 2050 	2059 	1991
f 2061 	1991 	2060
f 2062 	1991 	2061
f 2055 	1991 	2062
f 2055 	2056 	1991
f 2064 	1991 	2063
f 2065 	1991 	2064
f 2068 	1991 	2065
f 2051 	1853 	2113
f 2014 	1956 	2013
f 1999 	2013 	1956
f 2070 	1991 	2069
f 2074 	2075 	2066
f 2066 	2075 	2067
f 2067 	2075 	2073
f 2067 	2073 	1923
f 2069 	1991 	2068
f 2113 	2076 	2051
f 2078 	6613 	2072
f 1956 	2014 	6613
f 2072 	6613 	2071
f 1732 	8028 	1733
f 2078 	2079 	6613
f 6613 	2081 	2082
f 2079 	2080 	6613
f 2081 	6613 	2080
f 6613 	2083 	50
f 2082 	2083 	6613
f 47 	46 	6613
f 2085 	1956 	2084
f 2087 	1956 	2086
f 11280 	2091 	1956
f 2088 	1956 	2089
f 2084 	1956 	2088
f 2091 	11280 	2090
f 2090 	11280 	2092
f 2092 	11280 	2093
f 2089 	1956 	2091
f 2086 	1956 	2085
f 2094 	2095 	1956
f 2095 	2096 	1956
f 1959 	1958 	1956
f 2096 	1959 	1956
f 1958 	1961 	1956
f 2094 	1956 	2087
f 2100 	2097 	11280
f 2098 	11280 	2097
f 2099 	11280 	2098
f 2093 	11280 	2099
f 2100 	11280 	2101
f 2101 	11280 	2102
f 2105 	2104 	11280
f 2103 	11280 	2104
f 2102 	11280 	2103
f 2105 	11280 	2106
f 2109 	2106 	11280
f 2107 	2108 	11280
f 2109 	11280 	2108
f 2107 	11280 	2110
f 2111 	2110 	11280
f 1079 	1901 	1898
f 2113 	2143 	2076
f 2077 	2076 	2143
f 1898 	1080 	1079
f 8037 	1844 	8038
f 1894 	2115 	1895
f 8032 	1742 	1741
f 1741 	1740 	8032
f 8033 	8032 	1740
f 1893 	2115 	1894
f 1898 	1895 	946
f 946 	1080 	1898
f 1739 	8033 	1740
f 8036 	8035 	1737
f 2115 	946 	1895
f 1844 	8037 	1737
f 8036 	1737 	8037
f 2118 	3109 	2117
f 2119 	3109 	2118
f 2120 	3109 	2119
f 2117 	3109 	2116
f 2115 	1893 	857
f 2124 	1605 	2123
f 2126 	2142 	2125
f 2125 	2142 	2124
f 2127 	2142 	2126
f 2128 	3074 	1469
f 1893 	1877 	857
f 3109 	3141 	2129
f 2116 	3109 	2129
f 2131 	2132 	2134
f 2133 	2134 	2132
f 2134 	2135 	2131
f 1516 	2137 	1515
f 1515 	2136 	2133
f 2135 	2139 	2131
f 2130 	2131 	2139
f 2125 	8014 	2126
f 486 	10572 	397
f 494 	10572 	493
f 2118 	8010 	2119
f 2120 	8011 	2451
f 490 	10572 	491
f 491 	10572 	494
f 45 	52 	6613
f 2121 	8018 	2122
f 45 	6613 	46
f 8017 	2123 	2122
f 2124 	8015 	2125
f 493 	10572 	486
f 8024 	8023 	2132
f 8024 	2132 	2131
f 2134 	2133 	2136
f 50 	47 	6613
f 2134 	2136 	9806
f 2136 	1515 	2137
f 9808 	9806 	2137
f 2136 	2137 	9806
f 2122 	1606 	2121
f 572 	10572 	490
f 2123 	1605 	2122
f 2138 	2121 	1606
f 1606 	1744 	2138
f 2139 	2140 	2130
f 2140 	2141 	2130
f 2127 	2130 	2141
f 2141 	2142 	2127
f 1743 	8029 	2138
f 55 	400 	6613
f 2139 	9830 	2140
f 1605 	2124 	2142
f 2141 	9832 	2142
f 9831 	2142 	9832
f 1975 	394 	10065
f 1931 	1963 	10065
f 1926 	10572 	1930
f 1051 	1930 	10572
f 1060 	1059 	10572
f 1051 	10572 	1059
f 2066 	2077 	2114
f 2143 	2114 	2077
f 1869 	2149 	1868
f 2156 	2146 	2151
f 2148 	1868 	2149
f 2150 	1868 	2148
f 2151 	2146 	2150
f 1871 	2154 	2152
f 2149 	1869 	2152
f 1870 	2152 	1869
f 1868 	2150 	2146
f 1871 	2152 	1870
f 2165 	2145 	2155
f 2155 	2145 	2156
f 2158 	2172 	2157
f 2161 	2172 	2160
f 2157 	2172 	2162
f 2162 	2172 	2161
f 2153 	2172 	2158
f 2145 	2146 	2156
f 2163 	2113 	2164
f 2143 	2113 	2163
f 2163 	2164 	2175
f 2165 	2166 	2145
f 2144 	2145 	2166
f 2168 	2164 	2167
f 2169 	2175 	2168
f 2170 	2175 	2169
f 2171 	2175 	2170
f 2159 	2160 	2173
f 2173 	2160 	2172
f 2174 	2167 	2164
f 2164 	2165 	2174
f 2155 	2174 	2165
f 2164 	2168 	2175
f 2178 	2179 	2177
f 2176 	2177 	2179
f 2176 	2179 	2180
f 2176 	2180 	2181
f 2176 	2181 	2182
f 2182 	2191 	2176
f 2074 	2066 	2184
f 2183 	2184 	2114
f 2066 	2114 	2184
f 2185 	2183 	2114
f 2187 	2185 	2114
f 2186 	2187 	2114
f 2191 	2189 	2176
f 1935 	2176 	2190
f 2190 	1938 	1935
f 1934 	1935 	1938
f 2192 	2193 	2209
f 2193 	2186 	2209
f 2114 	2209 	2186
f 2188 	2192 	2209
f 2194 	2188 	2209
f 2195 	2194 	2202
f 2202 	2206 	2195
f 2197 	2195 	2206
f 2209 	2202 	2194
f 2220 	2237 	2204
f 2196 	2197 	2206
f 1983 	1984 	2205
f 2205 	1978 	1982
f 1981 	1982 	1978
f 1982 	1983 	2205
f 1980 	1981 	1978
f 2209 	2220 	2201
f 2203 	2204 	2237
f 2202 	2209 	2201
f 2204 	2201 	2220
f 2163 	2218 	2211
f 2199 	2143 	2212
f 2143 	2163 	2212
f 2211 	2212 	2163
f 2214 	2219 	2215
f 2175 	2275 	2215
f 2171 	2275 	2175
f 2216 	2210 	2211
f 2198 	2211 	2210
f 2217 	2216 	2218
f 2216 	2211 	2218
f 2213 	2215 	2219
f 2219 	2316 	2226
f 2225 	2226 	2316
f 1985 	1986 	2240
f 1847 	1418 	1948
f 1418 	1416 	1948
f 1417 	1948 	1416
f 2228 	2220 	2209
f 2217 	2227 	2209
f 1986 	2200 	2240
f 2224 	2227 	2217
f 2223 	2224 	2217
f 2218 	2219 	2223
f 2217 	2218 	2223
f 2222 	2223 	2219
f 2221 	2222 	2219
f 2226 	2221 	2219
f 2228 	2209 	2227
f 1988 	1985 	2240
f 2229 	2230 	2231
f 2232 	2233 	2231
f 2229 	2231 	2233
f 2229 	2233 	2234
f 2229 	2234 	2235
f 2229 	2235 	2236
f 2229 	2236 	2460
f 2240 	2241 	1988
f 2241 	2242 	1988
f 1847 	1948 	2242
f 2243 	1847 	2242
f 2244 	1847 	2243
f 1948 	1988 	2242
f 2244 	2245 	1847
f 2238 	1847 	2245
f 2239 	1847 	2238
f 2251 	2248 	2250
f 2253 	2248 	2252
f 2251 	2252 	2248
f 2249 	2250 	2248
f 2248 	2247 	2249
f 2249 	2247 	2254
f 2249 	2254 	2255
f 2249 	2255 	2229
f 2258 	2259 	2272
f 2259 	1905 	1902
f 2256 	2257 	2272
f 2257 	2258 	2272
f 1902 	2272 	2259
f 2272 	2265 	2256
f 2261 	2260 	2265
f 2260 	2256 	2265
f 2264 	1871 	2263
f 2154 	1871 	2264
f 2262 	2263 	1871
f 2153 	2261 	2265
f 2172 	2153 	2265
f 2267 	1918 	2266
f 1917 	2266 	1918
f 2269 	2266 	1920
f 1917 	1920 	2266
f 2265 	2272 	2270
f 2272 	2274 	2270
f 2271 	2270 	2274
f 2274 	2275 	2271
f 2276 	2274 	2272
f 2171 	2273 	2275
f 2291 	2215 	2275
f 2273 	2271 	2275
f 2277 	2276 	2272
f 2278 	2272 	2281
f 2277 	2272 	2278
f 2279 	2278 	2281
f 2268 	2269 	2280
f 2282 	2280 	2269
f 2281 	2282 	2283
f 2283 	2284 	2281
f 1920 	2283 	2269
f 2285 	2283 	1920
f 2282 	2269 	2283
f 2288 	2286 	2290
f 2287 	1919 	2289
f 2293 	2294 	2292
f 2292 	2294 	2295
f 2292 	2295 	2296
f 2292 	2296 	2297
f 2297 	2301 	2292
f 2214 	2215 	2291
f 2292 	2301 	2298
f 2301 	2305 	2298
f 2278 	2299 	2277
f 2304 	2300 	2278
f 2278 	2300 	2299
f 2281 	2284 	2279
f 2304 	2278 	2303
f 2306 	2298 	2305
f 2302 	2303 	2278
f 2373 	2374 	2332
f 2214 	2309 	2219
f 2306 	2320 	2298
f 2311 	2298 	2321
f 2321 	2312 	2311
f 2318 	2311 	2313
f 2318 	2317 	2311
f 2448 	2225 	2316
f 2314 	2448 	2316
f 2309 	2316 	2219
f 2310 	2311 	2317
f 2312 	2313 	2311
f 2321 	2298 	2320
f 2326 	2322 	2323
f 2319 	2302 	2326
f 2278 	2326 	2302
f 2323 	2319 	2326
f 2331 	2374 	2307
f 2322 	2326 	2325
f 2326 	2447 	2325
f 2411 	2445 	2326
f 2284 	2286 	2329
f 2330 	2284 	2329
f 2284 	2330 	2279
f 2308 	2279 	2330
f 2334 	2373 	2333
f 2369 	2373 	2335
f 2334 	2335 	2373
f 2332 	2333 	2373
f 1081 	10572 	1075
f 2328 	2329 	2286
f 2328 	2286 	2327
f 2336 	2327 	2286
f 2290 	2286 	2284
f 2290 	2429 	2288
f 10572 	1076 	1075
f 10572 	1081 	1060
f 1090 	10572 	572
f 1089 	1097 	10572
f 1076 	10572 	1084
f 1094 	1093 	10572
f 2340 	2342 	2341
f 2341 	2343 	2340
f 1089 	10572 	1090
f 1094 	10572 	1097
f 1084 	10572 	1093
f 2340 	1873 	2342
f 2344 	2340 	2343
f 2343 	2345 	2344
f 1872 	1873 	2340
f 2345 	2871 	2860
f 2860 	2347 	2345
f 2346 	11458 	11459
f 2346 	11459 	2348
f 2345 	1880 	2344
f 2347 	1880 	2345
f 11462 	11463 	2348
f 1880 	1876 	2344
f 1125 	2353 	2347
f 11465 	11466 	2350
f 1881 	1880 	2354
f 2347 	2354 	1880
f 2347 	2353 	2354
f 2352 	2376 	2350
f 11462 	2348 	11459
f 1841 	1843 	1840
f 2341 	2342 	2884
f 1843 	2355 	1842
f 1751 	1750 	1915
f 142 	1751 	149
f 3200 	1841 	1839
f 546 	153 	543
f 1843 	3267 	2355
f 150 	543 	153
f 158 	550 	152
f 2345 	2343 	2871
f 790 	791 	161
f 2288 	2358 	2338
f 2357 	2359 	2360
f 2358 	2288 	2339
f 2360 	2361 	2357
f 2364 	2366 	2359
f 2367 	2424 	2365
f 2363 	2365 	2424
f 2368 	2424 	2367
f 2424 	2425 	2363
f 2371 	2372 	2370
f 2372 	2373 	2370
f 2369 	2370 	2373
f 2331 	2332 	2374
f 2324 	2307 	2374
f 2346 	2348 	7590
f 2349 	2376 	2351
f 2350 	2376 	2349
f 2376 	2352 	2375
f 759 	167 	176
f 770 	177 	546
f 153 	546 	177
f 10572 	6350 	2377
f 2802 	2595 	687
f 2398 	2395 	2384
f 185 	666 	665
f 2382 	2383 	2397
f 2385 	2397 	2383
f 665 	2595 	185
f 672 	179 	2391
f 2391 	179 	130
f 2387 	2388 	2674
f 2386 	2704 	2388
f 2389 	2390 	2674
f 2390 	2387 	2674
f 1906 	141 	2394
f 181 	2394 	141
f 2394 	181 	184
f 2400 	2392 	2674
f 2392 	2389 	2674
f 2401 	2594 	182
f 2398 	2384 	2397
f 2053 	2054 	2674
f 2381 	2384 	2395
f 2384 	2382 	2397
f 2054 	2381 	2395
f 2674 	2054 	2395
f 2674 	2395 	2396
f 2674 	2396 	2399
f 2399 	2400 	2674
f 2286 	2426 	2406
f 2336 	2286 	2406
f 2403 	2406 	2426
f 2408 	2037 	2407
f 2409 	2417 	2408
f 2044 	2407 	2037
f 2402 	2426 	2413
f 2402 	2403 	2426
f 2426 	2454 	2413
f 2410 	2417 	2409
f 2414 	2404 	2415
f 2416 	2414 	2415
f 1606 	2122 	1605
f 2421 	2422 	2362
f 2337 	2362 	2422
f 2423 	2337 	2422
f 2420 	2421 	2362
f 2362 	2363 	2425
f 2425 	2440 	2362
f 2440 	2419 	2362
f 9831 	9818 	2142
f 2140 	9829 	2141
f 2441 	2485 	2428
f 2139 	2135 	9830
f 9824 	9830 	2135
f 2137 	1516 	1576
f 2339 	2288 	2429
f 2430 	2429 	6083
f 56 	55 	6613
f 57 	56 	6613
f 2431 	2432 	2429
f 2432 	2339 	2429
f 2289 	2429 	2290
f 2433 	2431 	2435
f 2429 	2435 	2431
f 52 	57 	6613
f 400 	399 	6613
f 2433 	2435 	2438
f 2435 	2441 	2437
f 2437 	2438 	2435
f 2439 	2437 	2441
f 399 	403 	6613
f 2419 	2420 	2362
f 2441 	2428 	2439
f 403 	402 	6613
f 2436 	2444 	2442
f 2447 	2326 	2446
f 2448 	2314 	2447
f 2455 	2411 	2454
f 2446 	2326 	2445
f 2315 	2447 	2314
f 2315 	2325 	2447
f 2445 	2411 	2455
f 2452 	3109 	2451
f 2451 	3109 	2120
f 2454 	2426 	2456
f 2456 	2426 	2468
f 2129 	3071 	2128
f 3109 	2452 	2453
f 2459 	2449 	3109
f 9347 	3109 	2449
f 2450 	2458 	9347
f 2458 	2457 	9347
f 2457 	1732 	9347
f 2449 	2450 	9347
f 2453 	2459 	3109
f 8006 	2457 	2458
f 2462 	2463 	2229
f 2465 	2229 	2464
f 2463 	2464 	2229
f 2461 	2462 	2229
f 2466 	2229 	2465
f 2460 	2461 	2229
f 2468 	2426 	2467
f 2442 	2484 	2441
f 2413 	2454 	2411
f 2428 	2485 	2427
f 2426 	2427 	2467
f 2470 	2229 	2469
f 2229 	2466 	2473
f 2229 	2473 	2474
f 2474 	2469 	2229
f 2229 	2470 	2475
f 2229 	2475 	2472
f 2472 	2471 	2229
f 2229 	2471 	2476
f 2229 	2476 	2477
f 2229 	2477 	2478
f 2229 	2478 	2929
f 2929 	2585 	2229
f 2482 	2483 	2444
f 2484 	2442 	2483
f 2442 	2444 	2483
f 2467 	2427 	2485
f 2485 	2441 	2484
f 2480 	2481 	4345
f 2443 	4345 	2482
f 2481 	2482 	4345
f 2443 	2482 	2444
f 2488 	449 	2487
f 2489 	1270 	2491
f 2487 	1269 	2489
f 1386 	1384 	2493
f 1284 	1386 	2493
f 1284 	2493 	2494
f 1284 	2494 	2495
f 1284 	2495 	2496
f 1281 	1284 	2496
f 2499 	451 	2488
f 2500 	451 	2499
f 2497 	11119 	2500
f 451 	448 	2488
f 2503 	2504 	2519
f 1389 	2519 	2505
f 2504 	2505 	2519
f 2492 	1387 	2505
f 2502 	2503 	2519
f 2501 	2502 	2519
f 451 	2500 	11119
f 2506 	11119 	2508
f 2506 	2507 	11119
f 2508 	11119 	2510
f 2509 	2510 	11119
f 2498 	11119 	2497
f 2513 	2519 	2512
f 2509 	11119 	2498
f 2514 	2519 	2513
f 2515 	2519 	2514
f 2517 	11119 	2516
f 11119 	2507 	2516
f 2556 	11119 	2518
f 2515 	2501 	2519
f 1419 	2521 	1398
f 2522 	2521 	1421
f 2520 	2522 	1420
f 1419 	1421 	2521
f 2525 	2526 	2511
f 2532 	2533 	2511
f 2526 	2532 	2511
f 2528 	2520 	1423
f 1420 	1423 	2520
f 1423 	1847 	2528
f 1847 	2574 	2528
f 2531 	2552 	2511
f 2533 	2534 	2511
f 2534 	2530 	2511
f 2524 	2525 	2511
f 2530 	2531 	2511
f 2552 	2553 	2511
f 2511 	2512 	2519
f 2519 	2523 	2511
f 2523 	2524 	2511
f 2553 	2554 	2511
f 2554 	2538 	2511
f 2539 	2540 	2511
f 2540 	2536 	2511
f 2535 	2511 	2536
f 2542 	2544 	2557
f 2543 	2535 	2537
f 2543 	2544 	2542
f 2542 	2535 	2543
f 2558 	2557 	2544
f 2545 	2558 	2544
f 2536 	2537 	2535
f 2529 	2527 	2574
f 2538 	2539 	2511
f 2548 	2574 	2550
f 2549 	2574 	2548
f 2551 	2574 	2549
f 2547 	2574 	2551
f 2550 	2574 	2546
f 2517 	2518 	11119
f 11119 	286 	446
f 2541 	2542 	2557
f 1420 	2522 	1421
f 2527 	2528 	2574
f 2559 	2560 	1847
f 2559 	1847 	2561
f 2561 	1847 	2239
f 2564 	2574 	2563
f 2563 	2574 	2562
f 2562 	2574 	2560
f 2566 	2567 	2586
f 2586 	2581 	2566
f 2249 	2229 	2246
f 2567 	2571 	2229
f 2569 	2229 	2571
f 2569 	2568 	2229
f 2572 	2229 	2568
f 2573 	2229 	2572
f 2570 	2229 	2573
f 2570 	2246 	2229
f 2555 	2546 	2574
f 1847 	2560 	2574
f 2932 	2575 	2581
f 2566 	2581 	2575
f 2579 	4345 	2578
f 2580 	4345 	2579
f 2582 	2932 	2581
f 2585 	2583 	2229
f 11474 	2379 	11473
f 2587 	11473 	2379
f 11475 	2589 	2378
f 2380 	2714 	2589
f 2378 	2589 	2714
f 2587 	2379 	2590
f 2378 	2590 	2379
f 11478 	11477 	2377
f 2587 	2590 	2588
f 11480 	2592 	11479
f 2591 	11479 	2592
f 2591 	11481 	11479
f 2592 	2346 	7590
f 11487 	2593 	11486
f 2380 	11486 	2593
f 2714 	2380 	2593
f 2589 	11488 	2380
f 11486 	2380 	11489
f 182 	2594 	183
f 183 	2594 	184
f 2394 	184 	2594
f 2394 	2594 	2393
f 2393 	2596 	2394
f 2401 	2393 	2594
f 180 	2393 	2401
f 180 	2401 	182
f 2596 	2393 	186
f 180 	186 	2393
f 1751 	1906 	2596
f 1906 	2394 	2596
f 187 	149 	2596
f 1751 	2596 	149
f 2596 	186 	187
f 188 	2598 	189
f 2597 	189 	2598
f 190 	2597 	2599
f 190 	2599 	191
f 189 	2597 	190
f 191 	2599 	194
f 188 	2606 	2598
f 2606 	2600 	2598
f 2597 	2598 	2602
f 192 	2601 	193
f 2602 	193 	2601
f 2599 	2603 	194
f 696 	697 	2603
f 195 	2603 	697
f 2599 	2597 	2602
f 2602 	2601 	2599
f 2603 	2599 	2601
f 2601 	2604 	2603
f 2604 	696 	2603
f 194 	2603 	195
f 193 	2602 	199
f 200 	2602 	2600
f 200 	2600 	201
f 196 	2601 	192
f 2601 	196 	2604
f 198 	2604 	196
f 199 	2602 	200
f 2604 	198 	197
f 2604 	197 	692
f 2602 	2598 	2600
f 696 	2604 	692
f 203 	202 	2605
f 2800 	2605 	202
f 2605 	2801 	2606
f 205 	204 	2606
f 2605 	2606 	204
f 2364 	2359 	2357
f 2361 	2607 	2608
f 2607 	2342 	2608
f 1897 	2357 	2361
f 1896 	2357 	1897
f 2608 	1897 	2361
f 2608 	1894 	1897
f 2357 	1896 	2364
f 1896 	1901 	2364
f 2342 	1873 	2608
f 2608 	1873 	1894
f 2886 	2607 	2361
f 2360 	2886 	2361
f 2359 	3016 	2360
f 2884 	2342 	2607
f 3016 	2359 	2366
f 1901 	1079 	2609
f 1079 	1077 	2609
f 2364 	1901 	2610
f 2611 	2612 	2613
f 2613 	2614 	2611
f 2615 	2610 	2609
f 2610 	1901 	2609
f 2614 	2613 	2615
f 2615 	2609 	2614
f 1077 	2614 	2609
f 2614 	1078 	2611
f 2619 	2612 	2611
f 2366 	2364 	2610
f 2615 	2625 	2610
f 2617 	2618 	2616
f 2618 	2619 	2616
f 2612 	2619 	2618
f 2620 	2621 	2617
f 2616 	2620 	2617
f 2611 	1091 	2619
f 1078 	1091 	2611
f 1096 	2616 	2619
f 1091 	1096 	2619
f 2616 	2622 	2620
f 2616 	1096 	2622
f 1096 	1099 	2622
f 2618 	2617 	2841
f 2617 	2621 	2842
f 2622 	6197 	2620
f 2624 	2623 	2613
f 2610 	2625 	2366
f 2625 	2615 	2623
f 2615 	2613 	2623
f 2624 	2612 	2626
f 2613 	2612 	2624
f 2612 	2618 	2626
f 2625 	3015 	2366
f 2629 	2625 	2623
f 3015 	2625 	2629
f 2629 	2623 	2630
f 2417 	2410 	2416
f 2417 	2037 	2408
f 2414 	2416 	2410
f 2405 	2412 	2631
f 2412 	2634 	2631
f 2635 	2632 	2634
f 2632 	2631 	2634
f 2636 	2664 	2635
f 2404 	2405 	2418
f 2418 	2415 	2404
f 2631 	2418 	2405
f 2667 	2663 	2053
f 2674 	2667 	2053
f 2637 	2659 	2636
f 2638 	2633 	2663
f 2642 	2647 	2028
f 2644 	2028 	2643
f 2640 	2028 	2639
f 2645 	2028 	2644
f 2645 	2639 	2028
f 2028 	2049 	2643
f 2641 	2642 	2028
f 2648 	2657 	2647
f 2646 	2657 	2648
f 2650 	2657 	2649
f 2657 	2646 	2649
f 2651 	2657 	2654
f 2652 	2657 	2651
f 2699 	2703 	2655
f 2656 	2657 	2650
f 2653 	2657 	2656
f 2653 	2654 	2657
f 2664 	2636 	2659
f 2660 	2674 	2662
f 2665 	2662 	2674
f 2666 	2665 	2674
f 2661 	2674 	2660
f 2667 	2674 	2661
f 2633 	2053 	2663
f 2658 	2659 	2638
f 2632 	2635 	2664
f 2637 	2638 	2659
f 2658 	2638 	2663
f 2670 	2671 	2698
f 2672 	2666 	2674
f 2672 	2674 	2671
f 2673 	2670 	2698
f 2674 	2698 	2671
f 2669 	2673 	2698
f 2675 	2668 	2698
f 2668 	2669 	2698
f 2676 	2675 	2698
f 2677 	2676 	2699
f 2679 	2699 	2655
f 2678 	2699 	2679
f 2698 	2699 	2676
f 2685 	2657 	2682
f 2689 	2657 	2688
f 2681 	2657 	2680
f 2682 	2657 	2681
f 2690 	2680 	2657
f 2683 	2684 	2657
f 2684 	12306 	2657
f 2685 	2683 	2657
f 2657 	2686 	2687
f 2657 	2687 	2688
f 2657 	2689 	2690
f 2694 	2674 	2693
f 2692 	2693 	2674
f 2695 	2674 	2694
f 2696 	2674 	2695
f 2698 	2674 	2697
f 2697 	2674 	2696
f 2702 	2674 	2701
f 2691 	2674 	2702
f 2691 	2692 	2674
f 2704 	2701 	2674
f 2652 	2655 	2703
f 2657 	2652 	2703
f 2678 	2677 	2699
f 2686 	2657 	2703
f 2700 	2701 	2704
f 1993 	2704 	2386
f 2674 	2388 	2704
f 1753 	973 	1754
f 1756 	975 	1757
f 974 	1757 	975
f 1755 	976 	1756
f 975 	1756 	976
f 976 	1755 	1754
f 1758 	977 	1759
f 1759 	977 	1752
f 979 	1760 	974
f 1757 	974 	1760
f 980 	1012 	1761
f 979 	981 	1760
f 1763 	982 	1761
f 1994 	996 	1995
f 985 	1997 	1996
f 2001 	2005 	987
f 2001 	992 	2006
f 998 	1994 	2007
f 996 	993 	1995
f 998 	2007 	2009
f 2008 	993 	1996
f 1001 	2011 	2010
f 1001 	2010 	1002
f 2012 	1002 	2010
f 1006 	1003 	2020
f 1005 	2017 	2016
f 2021 	1008 	2022
f 1007 	2022 	1008
f 2015 	2020 	1003
f 2022 	1007 	2020
f 1006 	2020 	1007
f 1008 	2021 	2011
f 1009 	2025 	2024
f 1011 	1010 	2023
f 1005 	2016 	1009
f 2025 	1009 	2016
f 2023 	2015 	1011
f 1003 	1011 	2015
f 2027 	1013 	2012
f 2026 	1012 	2027
f 1025 	2036 	2017
f 2029 	2034 	1015
f 1016 	2031 	2030
f 2030 	2036 	1016
f 1019 	2032 	2029
f 1019 	2029 	1015
f 1024 	1023 	2035
f 1024 	2035 	2031
f 1025 	1016 	2036
f 1027 	2039 	1028
f 2038 	1028 	2039
f 2643 	2039 	1369
f 1027 	1369 	2039
f 2038 	2037 	1028
f 1026 	1028 	2037
f 1030 	2041 	1029
f 2040 	1029 	2041
f 1030 	1031 	2041
f 2042 	2041 	1031
f 1031 	1033 	2042
f 2032 	1019 	2048
f 1036 	2048 	1019
f 1036 	2049 	2048
f 2049 	1035 	2040
f 2053 	2633 	1037
f 1038 	2381 	1039
f 2054 	1039 	2381
f 2382 	1041 	2383
f 2381 	1038 	2384
f 11493 	11494 	2706
f 2711 	2710 	2590
f 2705 	2590 	2710
f 2709 	2711 	2590
f 2378 	2707 	2590
f 2707 	2378 	2708
f 2714 	2708 	2378
f 2706 	2590 	2707
f 2709 	2590 	2706
f 11491 	11492 	2707
f 2709 	2706 	11494
f 2705 	11498 	11495
f 11494 	11500 	2709
f 2713 	2712 	11501
f 2714 	2712 	2713
f 2713 	2708 	2714
f 11508 	2715 	2717
f 2720 	2724 	2716
f 2719 	2724 	2720
f 2723 	2724 	2719
f 2715 	2716 	2725
f 11515 	11516 	2721
f 2725 	2718 	2717
f 2717 	2715 	2725
f 2722 	2724 	2723
f 2722 	2712 	3497
f 2714 	2739 	2712
f 2724 	2730 	2716
f 2725 	2716 	2726
f 2731 	2725 	2727
f 2726 	2727 	2725
f 11525 	11526 	2726
f 2728 	2734 	11534
f 2729 	2730 	2724
f 2728 	2729 	2724
f 2730 	2726 	2716
f 3497 	3493 	2722
f 2728 	2724 	2734
f 2733 	2734 	2724
f 2734 	2733 	11539
f 11537 	11534 	2734
f 3938 	3939 	2735
f 2736 	2737 	2738
f 2736 	2742 	2737
f 2742 	2739 	2735
f 2741 	2742 	2735
f 2741 	2740 	2737
f 2714 	2735 	2739
f 2741 	2737 	2742
f 2739 	2742 	2736
f 2748 	2749 	2747
f 2899 	2900 	2752
f 2753 	2754 	2762
f 2752 	2753 	2899
f 2761 	2762 	2754
f 2757 	2758 	2766
f 2746 	2747 	2787
f 2746 	2787 	2788
f 2788 	2789 	2746
f 2762 	2899 	2753
f 2761 	2754 	2755
f 2756 	2757 	2767
f 2759 	2760 	2764
f 2763 	2764 	2760
f 2749 	2763 	2760
f 2747 	2749 	2787
f 2760 	2787 	2749
f 2758 	2759 	2764
f 2764 	2765 	2758
f 2765 	2766 	2758
f 2766 	2767 	2757
f 2755 	2756 	2767
f 2767 	2768 	2755
f 2761 	2755 	2768
f 2769 	2797 	2771
f 2789 	2790 	2745
f 2779 	2889 	2778
f 2893 	2894 	2781
f 2892 	2893 	2782
f 2943 	2944 	2917
f 2743 	2744 	2791
f 2792 	2793 	2743
f 2791 	2792 	2743
f 2799 	2891 	2798
f 2797 	2772 	2796
f 2778 	2891 	2799
f 2855 	2770 	2798
f 2746 	2789 	2745
f 2790 	2791 	2744
f 2744 	2745 	2790
f 2777 	2743 	2793
f 2777 	2793 	2794
f 2795 	2776 	2794
f 2796 	2775 	2795
f 2777 	2794 	2776
f 2772 	2773 	2796
f 2776 	2795 	2775
f 203 	2605 	204
f 188 	205 	2606
f 2600 	211 	201
f 7990 	2452 	7991
f 2451 	7991 	2452
f 2800 	202 	213
f 7992 	2453 	7990
f 2802 	2803 	2800
f 2800 	2803 	2605
f 2600 	2606 	2801
f 210 	211 	2801
f 2600 	2801 	211
f 2802 	687 	209
f 7992 	2459 	2453
f 2803 	207 	206
f 2803 	206 	2801
f 2801 	206 	210
f 2803 	2802 	208
f 208 	2802 	209
f 207 	2803 	208
f 2595 	2800 	212
f 213 	212 	2800
f 2595 	212 	185
f 665 	687 	2595
f 2595 	2802 	2800
f 2801 	2605 	2803
f 719 	2816 	718
f 727 	726 	2815
f 222 	2815 	726
f 2986 	2808 	2807
f 2815 	222 	743
f 2986 	2980 	2808
f 2814 	733 	3105
f 2815 	743 	2817
f 719 	727 	2816
f 2810 	2998 	2811
f 2816 	2815 	2817
f 740 	2817 	743
f 735 	740 	743
f 221 	2814 	287
f 2809 	2996 	2810
f 2816 	223 	718
f 2817 	740 	224
f 223 	2816 	2817
f 223 	2817 	224
f 226 	225 	492
f 3006 	3005 	2820
f 2819 	2820 	3005
f 514 	492 	232
f 511 	507 	229
f 230 	512 	231
f 2822 	3064 	2821
f 11946 	3064 	2822
f 513 	515 	231
f 3066 	2818 	2823
f 2825 	3066 	2824
f 3067 	3068 	2827
f 511 	229 	265
f 3220 	3219 	2834
f 543 	150 	544
f 544 	151 	545
f 152 	545 	151
f 547 	156 	548
f 155 	548 	156
f 548 	155 	549
f 549 	155 	154
f 2837 	3223 	2838
f 154 	167 	549
f 156 	547 	157
f 524 	157 	547
f 550 	545 	152
f 550 	158 	217
f 805 	160 	789
f 2839 	2840 	3294
f 551 	166 	165
f 161 	166 	790
f 551 	790 	166
f 815 	814 	168
f 169 	168 	814
f 262 	815 	168
f 814 	794 	169
f 407 	409 	6613
f 7380 	6613 	409
f 402 	407 	6613
f 1513 	7380 	409
f 170 	169 	794
f 793 	172 	171
f 793 	171 	794
f 170 	794 	171
f 174 	765 	175
f 764 	175 	765
f 173 	766 	174
f 759 	549 	167
f 176 	763 	759
f 175 	764 	176
f 763 	176 	764
f 695 	691 	7380
f 2624 	2628 	2630
f 2624 	2626 	2628
f 1544 	1545 	7380
f 2623 	2624 	2630
f 2627 	2628 	2626
f 177 	770 	178
f 771 	165 	178
f 487 	226 	492
f 489 	488 	214
f 215 	214 	488
f 215 	488 	519
f 519 	520 	216
f 226 	487 	214
f 2366 	3015 	3016
f 526 	239 	521
f 522 	219 	523
f 157 	524 	218
f 523 	218 	524
f 521 	220 	522
f 225 	232 	492
f 236 	235 	495
f 2626 	2618 	2841
f 495 	235 	496
f 234 	496 	235
f 2841 	2627 	2626
f 496 	234 	500
f 242 	500 	234
f 239 	526 	240
f 2843 	2842 	2621
f 2617 	2842 	2841
f 499 	498 	237
f 501 	241 	238
f 502 	237 	240
f 500 	242 	241
f 500 	241 	501
f 227 	507 	506
f 227 	506 	228
f 243 	510 	244
f 509 	508 	244
f 2844 	2843 	2621
f 2621 	6202 	2844
f 512 	230 	506
f 228 	506 	230
f 513 	231 	512
f 2843 	2847 	2846
f 2842 	2843 	2846
f 160 	805 	246
f 250 	110 	251
f 112 	252 	109
f 126 	125 	256
f 163 	126 	255
f 256 	255 	126
f 2842 	2846 	2845
f 2845 	2841 	2842
f 2841 	2845 	2627
f 2847 	2843 	2848
f 2844 	2848 	2843
f 2850 	3300 	2849
f 6985 	3300 	2850
f 2838 	3234 	2851
f 3234 	3301 	2851
f 2848 	3189 	2847
f 2854 	10756 	2852
f 2853 	2848 	6221
f 6221 	6222 	2853
f 6221 	2848 	2844
f 1474 	1473 	2857
f 2859 	2857 	1473
f 2856 	2859 	1473
f 1473 	1472 	2856
f 2347 	2860 	1124
f 2864 	2862 	2863
f 2861 	2863 	2862
f 2865 	2866 	2867
f 2867 	1833 	1837
f 2867 	1837 	2865
f 2868 	2869 	2870
f 2884 	2864 	2341
f 2865 	2868 	2870
f 2865 	2870 	2866
f 1842 	2868 	2865
f 2863 	2341 	2864
f 1840 	2865 	1837
f 2861 	2871 	2863
f 2343 	2863 	2871
f 2872 	2871 	2861
f 2869 	2868 	2874
f 2863 	2343 	2341
f 2875 	2874 	2868
f 2860 	2871 	2872
f 2876 	2875 	2868
f 1842 	2876 	2868
f 2872 	1134 	2860
f 2877 	2878 	2879
f 1134 	1124 	2860
f 2875 	2877 	2879
f 2875 	2879 	2873
f 2873 	2874 	2875
f 2877 	2880 	2878
f 2875 	2881 	2877
f 2876 	2881 	2875
f 2880 	2882 	2883
f 2877 	2882 	2880
f 2881 	2882 	2877
f 2876 	1842 	2355
f 2876 	2356 	2881
f 2355 	2356 	2876
f 2885 	2882 	2881
f 2885 	2881 	2356
f 2946 	2892 	2783
f 2785 	2786 	2945
f 2944 	2945 	2786
f 2786 	2917 	2944
f 2783 	2784 	2946
f 2797 	2798 	2770
f 2770 	2771 	2797
f 2769 	2887 	2797
f 2772 	2797 	2887
f 2774 	2796 	2773
f 2775 	2796 	2888
f 2774 	2888 	2796
f 2855 	2798 	2891
f 2891 	2778 	2890
f 2780 	2781 	2895
f 2890 	2778 	2889
f 2779 	2780 	2895
f 2889 	2779 	2895
f 2902 	2897 	2901
f 2896 	2897 	2903
f 2750 	2751 	2900
f 2751 	2752 	2900
f 2898 	2882 	4494
f 2900 	2901 	2750
f 2898 	2883 	2882
f 2897 	2750 	2901
f 2903 	2897 	2902
f 2905 	2912 	2904
f 2906 	2912 	2905
f 2907 	2911 	2906
f 2912 	2913 	2904
f 2903 	2904 	2913
f 2910 	2911 	2907
f 1805 	2914 	2915
f 2896 	2903 	2913
f 2912 	2906 	2911
f 2916 	2918 	2919
f 2919 	2914 	2916
f 2923 	2924 	2939
f 2917 	2920 	2942
f 2942 	2943 	2917
f 2914 	2919 	2915
f 2936 	2938 	2926
f 2914 	1797 	2925
f 2926 	2908 	2936
f 2924 	2926 	2938
f 2935 	2936 	2908
f 1523 	1527 	2858
f 576 	579 	10765
f 2886 	2928 	2607
f 2884 	2607 	2928
f 2584 	2229 	2583
f 2586 	2229 	2584
f 2586 	2567 	2229
f 2928 	2886 	2958
f 2931 	2930 	2576
f 2576 	2577 	2931
f 2578 	4345 	2577
f 2479 	2480 	4345
f 2565 	2566 	2575
f 5471 	5479 	2574
f 5469 	5471 	2932
f 2575 	5471 	2574
f 2932 	5471 	2575
f 2360 	2955 	2886
f 2907 	2934 	2909
f 2910 	2907 	2909
f 2908 	2909 	2935
f 2935 	2909 	2934
f 2922 	2923 	2939
f 2938 	2939 	2924
f 2920 	2921 	2942
f 2939 	2940 	2922
f 2940 	2941 	2922
f 2921 	2922 	2941
f 2942 	2921 	2941
f 2945 	2946 	2784
f 2784 	2785 	2945
f 2781 	2782 	2893
f 2782 	2783 	2892
f 2894 	2895 	2781
f 2948 	2954 	10756
f 2947 	2948 	10756
f 2949 	2947 	10756
f 2864 	2884 	2953
f 10756 	2952 	2950
f 2950 	2949 	10756
f 2928 	2953 	2884
f 3532 	3627 	2954
f 2955 	2958 	2886
f 2928 	2958 	2962
f 2964 	3066 	2963
f 2960 	10756 	2965
f 2961 	10756 	2960
f 2951 	10756 	2961
f 2952 	10756 	2951
f 2854 	2965 	10756
f 2962 	2953 	2928
f 2927 	2955 	2360
f 2953 	2962 	2991
f 2994 	2862 	2864
f 2854 	737 	2965
f 3044 	2955 	2927
f 2861 	2967 	2966
f 2861 	2966 	2872
f 729 	2960 	731
f 2985 	2807 	2987
f 11946 	3065 	3064
f 3006 	2821 	3064
f 2987 	2818 	3066
f 2825 	3005 	3066
f 2826 	2827 	3068
f 11943 	2826 	3068
f 2999 	2813 	2812
f 2811 	2997 	2812
f 11943 	3068 	3069
f 2999 	2997 	2969
f 3151 	2999 	2968
f 2969 	2968 	2999
f 2862 	2967 	2861
f 2967 	2977 	2966
f 2978 	2979 	2972
f 2980 	2976 	2979
f 2981 	2976 	2986
f 2980 	2986 	2976
f 2972 	2979 	2976
f 2852 	2972 	2976
f 2981 	2985 	2964
f 2966 	2977 	2982
f 8486 	8485 	2973
f 2973 	2972 	8486
f 2984 	2966 	2982
f 2983 	2984 	2982
f 2979 	2978 	2805
f 2804 	2805 	2978
f 2973 	2996 	2972
f 2804 	2978 	2809
f 2806 	2980 	2979
f 2806 	2979 	2805
f 2872 	2966 	2984
f 2987 	2964 	2985
f 1132 	2984 	2983
f 2985 	2981 	2986
f 2985 	2986 	2807
f 2806 	2808 	2980
f 2983 	1129 	1132
f 2872 	2984 	1134
f 2818 	2987 	2807
f 1132 	1134 	2984
f 10900 	2975 	10902
f 2862 	2995 	2967
f 2971 	10902 	2975
f 2970 	10903 	2971
f 2962 	3332 	2990
f 2962 	2990 	2991
f 3332 	2962 	2958
f 10906 	2992 	10905
f 2991 	2993 	2994
f 2993 	2995 	2994
f 10909 	2989 	2992
f 2994 	2953 	2991
f 2994 	2864 	2953
f 2862 	2994 	2995
f 2978 	2972 	2996
f 2997 	2998 	2969
f 2978 	2996 	2809
f 2973 	2974 	2998
f 2811 	2998 	2997
f 2996 	2973 	2998
f 2998 	2810 	2996
f 2974 	2969 	2998
f 2999 	2812 	2997
f 2976 	2981 	703
f 3004 	2956 	3006
f 2956 	2957 	3005
f 3006 	3064 	3004
f 2963 	3066 	2959
f 3066 	3005 	2957
f 3064 	3065 	3004
f 3003 	3004 	3065
f 3002 	3003 	3065
f 3001 	3002 	3065
f 3530 	3627 	3532
f 2959 	3066 	2957
f 1545 	723 	7380
f 1511 	1544 	7380
f 1511 	7380 	1513
f 3013 	2993 	2991
f 3332 	3335 	2990
f 723 	695 	7380
f 1553 	7380 	1551
f 1551 	7380 	1549
f 3007 	2967 	2995
f 691 	1549 	7380
f 3008 	3009 	3010
f 3011 	3012 	3009
f 1569 	7380 	1553
f 3009 	3008 	3011
f 2993 	3013 	3012
f 3011 	2993 	3012
f 1611 	7380 	1612
f 1599 	1612 	7380
f 3007 	2995 	3011
f 3011 	2995 	2993
f 2991 	2990 	3013
f 1602 	1599 	7380
f 3007 	3011 	3008
f 1636 	7380 	1569
f 3008 	3014 	3007
f 1602 	7380 	1636
f 3014 	2977 	3007
f 2977 	2967 	3007
f 1688 	1687 	11280
f 1687 	2112 	11280
f 2112 	2111 	11280
f 1725 	11280 	1874
f 3013 	3377 	3012
f 1690 	1688 	11280
f 1714 	1720 	11280
f 1720 	1690 	11280
f 1714 	11280 	1725
f 2927 	2360 	3016
f 2629 	3039 	3015
f 11280 	7380 	1874
f 1884 	1874 	7380
f 1888 	1890 	7380
f 1891 	1884 	7380
f 1892 	1891 	7380
f 3017 	3018 	2627
f 1951 	1900 	7380
f 1900 	1888 	7380
f 3018 	2628 	2627
f 1951 	7380 	1611
f 3019 	3017 	2845
f 1890 	1892 	7380
f 284 	272 	12346
f 103 	246 	805
f 105 	104 	247
f 248 	247 	104
f 105 	247 	246
f 105 	246 	103
f 108 	249 	104
f 248 	104 	249
f 262 	254 	106
f 107 	106 	254
f 114 	107 	253
f 815 	262 	106
f 2845 	2846 	3019
f 5819 	5823 	3024
f 3025 	5820 	3023
f 3018 	3038 	2628
f 5819 	3024 	3022
f 2630 	2628 	3038
f 5827 	6261 	3027
f 2845 	3017 	2627
f 3028 	5822 	3029
f 5825 	3030 	3031
f 3026 	5823 	3031
f 3029 	5821 	3032
f 5829 	5828 	3034
f 3018 	3017 	3358
f 5827 	3027 	3035
f 5829 	3034 	3033
f 2629 	2630 	3041
f 3041 	2630 	3038
f 3044 	2927 	3046
f 2927 	3016 	3046
f 5094 	5097 	405
f 3334 	2955 	3044
f 3334 	2958 	2955
f 3052 	3046 	3016
f 3015 	3039 	3052
f 2992 	10578 	10577
f 3000 	3001 	3069
f 3536 	3000 	3068
f 3068 	3067 	3536
f 3005 	3006 	2956
f 3066 	2964 	2987
f 5115 	5426 	3047
f 3068 	3000 	3069
f 5105 	3055 	5106
f 3072 	2128 	3071
f 3071 	2129 	3070
f 3053 	5109 	3059
f 3060 	5117 	3062
f 5116 	3063 	3062
f 10911 	3075 	3076
f 2989 	10913 	3076
f 3086 	3077 	410
f 10911 	3076 	10914
f 3078 	3077 	3086
f 3079 	413 	412
f 413 	3079 	418
f 3080 	418 	3079
f 415 	3081 	3083
f 410 	3077 	415
f 3081 	415 	3077
f 3080 	3884 	417
f 419 	3080 	417
f 418 	3080 	419
f 421 	3079 	412
f 3079 	421 	3082
f 422 	3082 	421
f 415 	3083 	420
f 420 	3083 	3078
f 420 	3078 	411
f 3468 	3075 	3467
f 3884 	3080 	3082
f 3079 	3082 	3080
f 3078 	3083 	3077
f 3081 	3077 	3083
f 3744 	3075 	3084
f 3076 	3726 	2989
f 3285 	411 	3078
f 3876 	10575 	3877
f 3087 	3285 	3086
f 3085 	3285 	3087
f 424 	3086 	410
f 426 	3085 	3087
f 426 	3087 	425
f 428 	427 	3088
f 428 	3088 	431
f 2383 	1040 	1043
f 2383 	1043 	2385
f 2397 	2385 	1043
f 2053 	1037 	2054
f 1039 	2054 	1037
f 1993 	2386 	1309
f 1797 	1802 	2925
f 3089 	2916 	2914
f 2925 	3089 	2914
f 2925 	3090 	3089
f 2925 	3091 	3090
f 2916 	1824 	1823
f 2916 	3089 	1824
f 1802 	3091 	2925
f 3092 	1824 	3089
f 3089 	3090 	3092
f 2771 	3093 	2769
f 2770 	3093 	2771
f 3091 	3094 	3090
f 2769 	3093 	2887
f 2855 	3708 	3093
f 2770 	2855 	3093
f 2772 	3095 	2773
f 2772 	2887 	3095
f 109 	251 	110
f 251 	109 	252
f 257 	125 	258
f 123 	259 	124
f 258 	124 	259
f 122 	260 	123
f 259 	123 	260
f 122 	261 	260
f 254 	253 	107
f 114 	253 	261
f 129 	263 	112
f 1823 	1831 	2916
f 2918 	2916 	1831
f 3096 	1802 	1803
f 252 	112 	263
f 1804 	3096 	1803
f 12316 	163 	283
f 3097 	3098 	1804
f 12358 	269 	268
f 274 	12354 	275
f 275 	12353 	276
f 12352 	276 	12353
f 278 	12350 	279
f 3096 	1804 	3098
f 12348 	281 	280
f 12346 	272 	12347
f 12352 	277 	276
f 3091 	1802 	3096
f 279 	12349 	280
f 12348 	280 	12349
f 508 	12355 	245
f 3099 	3096 	3098
f 12345 	271 	282
f 3100 	3098 	3097
f 3098 	3101 	3099
f 3098 	3100 	3101
f 3096 	3099 	3091
f 3091 	3099 	3094
f 12359 	12357 	266
f 12359 	266 	270
f 12358 	12360 	269
f 3100 	3097 	3180
f 129 	285 	263
f 286 	12319 	12361
f 12319 	286 	284
f 287 	3102 	1440
f 3101 	3135 	3099
f 3104 	3102 	3103
f 2814 	3103 	3102
f 1440 	3102 	3104
f 3100 	923 	3136
f 291 	3104 	3103
f 291 	3103 	288
f 3103 	3105 	289
f 3103 	289 	288
f 3100 	3136 	3101
f 289 	3105 	290
f 1432 	3104 	291
f 287 	1440 	1439
f 3104 	1432 	1431
f 3180 	923 	3100
f 3105 	3103 	2814
f 1825 	3106 	1829
f 1431 	1440 	3104
f 2814 	3102 	287
f 292 	3107 	1442
f 292 	1442 	1441
f 1443 	3110 	1446
f 1313 	2390 	2389
f 2390 	1313 	2387
f 3111 	3108 	3107
f 3108 	3110 	3107
f 1443 	1442 	3110
f 1309 	2386 	2388
f 3016 	3015 	3052
f 1045 	2396 	2395
f 1047 	1046 	2397
f 3039 	2629 	3041
f 2396 	1048 	2399
f 3338 	3336 	3044
f 1048 	1315 	2399
f 1047 	2397 	1043
f 2398 	1046 	2395
f 2404 	1323 	2405
f 1325 	2408 	2407
f 2409 	1328 	2410
f 2405 	1322 	2412
f 1331 	2412 	1322
f 1350 	2634 	1331
f 2044 	1034 	2407
f 2414 	2410 	1327
f 2415 	1337 	1336
f 2415 	1336 	2416
f 2416 	1336 	2417
f 1337 	2415 	2418
f 2417 	1338 	2037
f 2631 	1344 	2418
f 1340 	2418 	1344
f 1345 	1344 	2632
f 2631 	2632 	1344
f 3041 	3038 	3341
f 1347 	1037 	2633
f 2412 	1331 	2634
f 2634 	1350 	2635
f 1352 	2635 	1350
f 1352 	1353 	2635
f 2636 	2635 	1353
f 1353 	1354 	2636
f 2638 	1347 	2633
f 1361 	2640 	2639
f 1364 	2641 	2640
f 1364 	2640 	1361
f 2641 	1364 	2642
f 1365 	2642 	1364
f 3074 	2128 	3073
f 3659 	3302 	3109
f 2644 	2643 	1369
f 2639 	2645 	1373
f 3073 	2128 	3072
f 1373 	2645 	2644
f 1376 	2649 	2646
f 7922 	7923 	3071
f 1379 	2647 	2642
f 1379 	2642 	1365
f 1380 	2648 	2647
f 1380 	2647 	1379
f 2648 	1380 	2646
f 1376 	2646 	1380
f 2651 	1462 	2652
f 1461 	2652 	1462
f 3111 	3107 	292
f 295 	3108 	296
f 293 	1446 	3110
f 3108 	295 	3110
f 293 	3110 	295
f 1433 	1434 	294
f 296 	3108 	3112
f 296 	3112 	297
f 297 	3112 	1429
f 3111 	294 	1434
f 3107 	3110 	1442
f 3108 	3111 	3112
f 3111 	1434 	3112
f 294 	3111 	292
f 5662 	299 	3116
f 3116 	299 	3115
f 3114 	3115 	3117
f 3092 	1825 	1824
f 3118 	3092 	3090
f 3094 	3118 	3090
f 3121 	3119 	3122
f 3106 	1825 	3092
f 3122 	3119 	3123
f 3117 	3124 	3119
f 3118 	3106 	3092
f 3123 	3119 	3124
f 3125 	3124 	3117
f 3127 	3118 	3094
f 3117 	3115 	3126
f 3125 	3117 	3126
f 3128 	3126 	3115
f 3118 	3132 	3106
f 3072 	3071 	7923
f 3127 	3132 	3118
f 3133 	1829 	3106
f 7923 	7924 	3072
f 3133 	3106 	3132
f 3156 	2829 	3157
f 2828 	3157 	2829
f 3134 	3132 	3127
f 2829 	3156 	2830
f 2832 	2831 	3217
f 3218 	3217 	2831
f 3219 	3157 	2833
f 2828 	2833 	3157
f 2833 	2834 	3219
f 3217 	2835 	2832
f 2830 	3158 	2836
f 3222 	2836 	3158
f 11960 	3290 	2840
f 3296 	7020 	3297
f 3099 	3135 	3094
f 2813 	3224 	2834
f 3222 	3218 	2836
f 2831 	2836 	3218
f 3298 	11967 	3299
f 3135 	3127 	3094
f 3135 	3137 	3127
f 3291 	2849 	3300
f 3138 	3109 	3139
f 3134 	3127 	3137
f 3145 	3135 	3101
f 3147 	3217 	3146
f 3146 	3218 	3144
f 3143 	3144 	3222
f 3148 	3221 	3147
f 3140 	3223 	3148
f 3145 	3137 	3135
f 3149 	2129 	3141
f 3150 	2129 	3149
f 3138 	3141 	3109
f 3305 	3139 	3109
f 3101 	3136 	3145
f 3070 	2129 	3150
f 3136 	921 	3145
f 3156 	3157 	3155
f 3158 	3156 	3155
f 3154 	3155 	3157
f 3142 	3158 	3155
f 3153 	3154 	3157
f 3157 	3219 	3153
f 3152 	3153 	3219
f 3138 	7908 	3141
f 7907 	7916 	3141
f 3773 	3775 	2794
f 1462 	2651 	2654
f 1466 	2655 	2652
f 1466 	2652 	1461
f 1498 	2655 	1466
f 1470 	2656 	2650
f 1470 	2653 	2656
f 2658 	1476 	2659
f 2660 	1478 	2661
f 1478 	2660 	1479
f 2662 	1479 	2660
f 1476 	2658 	1481
f 2663 	1481 	2658
f 2659 	1482 	2664
f 1479 	2662 	1483
f 2665 	1483 	2662
f 1483 	2665 	2666
f 2672 	1490 	2666
f 1481 	2663 	2667
f 2664 	1482 	2632
f 1345 	2632 	1482
f 2668 	1487 	2669
f 1486 	2669 	1487
f 2670 	1489 	1488
f 2670 	1488 	2671
f 2671 	1488 	1490
f 2671 	1490 	2672
f 2673 	2669 	1486
f 1489 	2670 	2673
f 2675 	1492 	1487
f 2675 	1487 	2668
f 921 	3136 	922
f 3159 	3137 	3145
f 3134 	3137 	3165
f 3159 	3165 	3137
f 3159 	3145 	921
f 3164 	3168 	3163
f 8650 	8649 	3160
f 6500 	3161 	6498
f 3161 	6499 	3160
f 3467 	3469 	2744
f 2747 	3481 	2748
f 3169 	3162 	3168
f 3170 	3162 	3169
f 3162 	3163 	3168
f 6886 	6496 	3162
f 2761 	2768 	2738
f 2761 	2738 	2762
f 3166 	8954 	3167
f 3171 	3172 	3173
f 2754 	2753 	3690
f 2754 	3690 	2755
f 3134 	3165 	3247
f 921 	1773 	3159
f 3159 	3258 	3165
f 1773 	3258 	3159
f 3097 	1804 	1814
f 1492 	2675 	2676
f 2677 	1495 	2676
f 3178 	3179 	1815
f 2677 	2678 	1495
f 1497 	1495 	2678
f 1497 	2678 	1498
f 2679 	1498 	2678
f 2655 	1498 	2679
f 1499 	2681 	2680
f 1499 	2680 	1500
f 1499 	1501 	2681
f 1509 	1508 	2683
f 2684 	2683 	1508
f 2682 	1501 	2685
f 1502 	2687 	2686
f 1505 	1504 	2688
f 2687 	1502 	2688
f 1505 	2688 	1502
f 3696 	2760 	2759
f 1506 	2690 	2689
f 3696 	3764 	2760
f 1506 	1500 	2690
f 2680 	2690 	1500
f 2855 	2891 	3708
f 2683 	2685 	1509
f 1510 	1509 	2685
f 2703 	1534 	2686
f 3708 	3713 	3093
f 2693 	1538 	2694
f 1537 	2694 	1538
f 2692 	1535 	2693
f 1537 	1539 	2694
f 2695 	2694 	1539
f 1539 	2696 	2695
f 2697 	1542 	2698
f 2775 	3181 	2776
f 1542 	2699 	2698
f 2775 	2888 	3181
f 1546 	2701 	2700
f 1546 	2700 	1547
f 923 	3180 	926
f 2702 	2701 	1546
f 1534 	2703 	2699
f 3744 	3084 	2777
f 3179 	3097 	1814
f 2657 	6778 	2028
f 5662 	2028 	6778
f 850 	3372 	849
f 3388 	3371 	850
f 3179 	3178 	3186
f 3347 	3039 	3041
f 3180 	3097 	3179
f 3186 	3180 	3179
f 3186 	926 	3180
f 930 	926 	3186
f 3019 	2846 	3187
f 3195 	929 	930
f 2846 	2847 	3187
f 2848 	2853 	3189
f 3191 	3189 	2853
f 1815 	1816 	3178
f 3194 	3195 	3193
f 3193 	3195 	3178
f 3187 	2847 	3196
f 3186 	3178 	3195
f 3178 	1816 	3193
f 3193 	3188 	3194
f 3188 	3190 	3194
f 3194 	3190 	927
f 3195 	3194 	929
f 927 	929 	3194
f 930 	3186 	3195
f 3196 	3355 	3187
f 3198 	3200 	1839
f 3197 	3199 	3666
f 3327 	3199 	3326
f 3201 	3196 	3189
f 1839 	1829 	3198
f 2847 	3189 	3196
f 1829 	3133 	3198
f 3191 	3197 	3201
f 3202 	1843 	1841
f 1841 	3200 	3202
f 3189 	3191 	3201
f 3133 	3132 	3203
f 3132 	3134 	3203
f 3133 	3204 	3198
f 3191 	3192 	3197
f 3355 	3353 	3187
f 3203 	3204 	3133
f 3198 	3205 	3200
f 3204 	3205 	3198
f 3206 	3202 	3200
f 3205 	3206 	3200
f 3204 	3203 	3251
f 3129 	3130 	3208
f 3208 	3130 	3207
f 3130 	3216 	3207
f 3214 	3215 	3122
f 3262 	3206 	3205
f 3134 	3247 	3203
f 3210 	3211 	3120
f 3264 	3205 	3204
f 3209 	3120 	3211
f 3131 	3120 	3209
f 3213 	3212 	3719
f 3264 	3204 	3251
f 3121 	3122 	3215
f 3215 	3214 	3724
f 3158 	2830 	3156
f 3217 	3147 	3221
f 3218 	3146 	3217
f 3222 	3158 	3143
f 3220 	3224 	3151
f 3151 	3152 	3220
f 3219 	3220 	3152
f 3221 	3148 	3223
f 3217 	3221 	2835
f 3142 	3143 	3158
f 2837 	2835 	3221
f 2837 	3221 	3223
f 3224 	2813 	2999
f 2999 	3151 	3224
f 3220 	2834 	3224
f 3222 	3144 	3218
f 3148 	7909 	3140
f 7906 	3140 	7909
f 7913 	7912 	3143
f 7910 	7909 	3147
f 2795 	2794 	3775
f 3143 	3142 	7913
f 3775 	2796 	2795
f 2745 	3479 	2746
f 3482 	2749 	3481
f 2748 	3481 	2749
f 2766 	3681 	2767
f 3682 	2767 	3681
f 3683 	2768 	3682
f 2768 	3683 	2738
f 7911 	7910 	3146
f 3687 	2751 	2750
f 3144 	7912 	3146
f 3687 	3688 	2751
f 2752 	2751 	3688
f 2753 	2752 	3688
f 3691 	2755 	3690
f 3692 	2756 	3691
f 3694 	2758 	2757
f 7921 	7920 	3152
f 3694 	3695 	2758
f 2759 	2758 	3695
f 2759 	3695 	3696
f 7918 	7914 	3155
f 7918 	3155 	3154
f 3226 	3659 	3225
f 3231 	3300 	3230
f 3232 	3291 	3231
f 3233 	3290 	3232
f 3229 	3230 	3300
f 3300 	3301 	3229
f 3223 	3140 	3234
f 3228 	3234 	3140
f 2776 	3744 	2777
f 7895 	7904 	3228
f 3212 	3207 	3216
f 3216 	3720 	3212
f 3238 	3239 	3237
f 3239 	3235 	3237
f 3123 	3124 	3235
f 3235 	3124 	3237
f 3126 	3241 	3125
f 3271 	3202 	3206
f 3124 	3610 	3237
f 3242 	3125 	3241
f 3244 	3128 	3243
f 3236 	3237 	3610
f 3249 	3601 	3245
f 3246 	3245 	3601
f 3601 	3602 	3246
f 3240 	3236 	3254
f 3253 	3254 	3236
f 3610 	3901 	3252
f 3247 	3251 	3203
f 3257 	3599 	3256
f 3165 	3260 	3247
f 3165 	3258 	3260
f 3247 	3261 	3251
f 3260 	3261 	3247
f 1779 	3551 	3258
f 3258 	3551 	3260
f 3263 	3264 	3251
f 3251 	3261 	3263
f 3262 	3205 	3264
f 3264 	3265 	3262
f 3263 	3265 	3264
f 3265 	3266 	3262
f 3554 	3265 	3263
f 3263 	3261 	3552
f 4087 	3333 	3266
f 3267 	1843 	3202
f 3268 	2356 	2355
f 3267 	3268 	2355
f 3270 	3269 	2885
f 3270 	2885 	2356
f 2356 	3268 	3270
f 3267 	3202 	3271
f 3272 	3268 	3267
f 3271 	3272 	3267
f 3273 	3270 	3268
f 3272 	3273 	3268
f 3270 	3274 	3269
f 3273 	3274 	3270
f 2780 	2779 	3755
f 2780 	3755 	2781
f 3756 	3757 	2781
f 3758 	2783 	3757
f 2782 	3757 	2783
f 2783 	3758 	2784
f 2787 	2760 	3764
f 2787 	3764 	2788
f 2788 	3766 	2789
f 2789 	3766 	2790
f 3767 	2790 	3766
f 2791 	2790 	3769
f 3767 	3769 	2790
f 2791 	3769 	2792
f 3771 	2792 	3769
f 3771 	2793 	2792
f 3773 	2794 	2793
f 3777 	2797 	2796
f 3777 	3778 	2797
f 2798 	2797 	3778
f 2798 	3778 	2799
f 3877 	2889 	2895
f 3877 	3878 	2889
f 431 	3088 	429
f 3086 	424 	3275
f 432 	3275 	424
f 3087 	3276 	433
f 3087 	433 	425
f 433 	3276 	3275
f 433 	3275 	432
f 3276 	3087 	3275
f 3086 	3275 	3087
f 434 	3277 	3085
f 434 	3085 	426
f 436 	435 	3278
f 3279 	447 	437
f 3282 	439 	438
f 435 	439 	3278
f 3282 	3278 	439
f 3284 	443 	442
f 3284 	3283 	443
f 3279 	437 	436
f 3279 	436 	3278
f 3281 	441 	3280
f 440 	3280 	441
f 438 	429 	3282
f 3088 	3282 	429
f 1216 	445 	3896
f 444 	3283 	445
f 3896 	445 	3283
f 3284 	442 	441
f 3284 	441 	3281
f 444 	443 	3283
f 3282 	3284 	3278
f 3280 	3286 	3281
f 3282 	3088 	3283
f 3279 	3278 	3284
f 3284 	3281 	3279
f 3283 	3284 	3282
f 446 	411 	3285
f 3078 	3086 	3285
f 447 	3279 	3286
f 3279 	3281 	3286
f 3287 	3286 	3280
f 3286 	3287 	449
f 3286 	449 	448
f 449 	3287 	1268
f 447 	3286 	448
f 3285 	3288 	451
f 3285 	451 	446
f 451 	3288 	3277
f 451 	3277 	434
f 3277 	3288 	3085
f 3285 	3085 	3288
f 4474 	459 	404
f 3234 	2838 	3223
f 3291 	3232 	3290
f 3233 	3292 	3293
f 3289 	3293 	3292
f 7898 	3289 	7899
f 7900 	7899 	3233
f 11960 	3291 	3290
f 3290 	3233 	3294
f 3293 	3294 	3233
f 3298 	3299 	3662
f 3294 	2840 	3290
f 3295 	3534 	3067
f 3297 	3298 	3663
f 3661 	3662 	3299
f 3296 	3533 	3295
f 3293 	3289 	3299
f 3289 	3661 	3299
f 4852 	4465 	461
f 3301 	3234 	3229
f 3300 	6985 	3301
f 3300 	3231 	3291
f 3228 	3229 	3234
f 6985 	2851 	3301
f 7903 	7902 	3230
f 7903 	3230 	3229
f 3233 	3232 	7900
f 483 	474 	3604
f 3605 	3604 	474
f 3292 	3233 	7899
f 3546 	3603 	473
f 3307 	3659 	3227
f 3611 	482 	477
f 3604 	3607 	483
f 462 	4854 	470
f 3611 	4852 	482
f 3605 	474 	475
f 3615 	478 	3636
f 3609 	476 	3612
f 3614 	479 	3615
f 480 	3613 	481
f 722 	2957 	720
f 2957 	2956 	720
f 3226 	3227 	3659
f 3308 	3659 	3307
f 3302 	3659 	3308
f 2961 	729 	728
f 3303 	3109 	3302
f 3306 	3109 	3303
f 3304 	3109 	3306
f 3305 	3109 	3304
f 2951 	2961 	730
f 7892 	7891 	3304
f 3640 	3318 	3319
f 3640 	3321 	3322
f 3330 	3272 	3271
f 3192 	3199 	3197
f 3274 	3273 	3344
f 3199 	3192 	3326
f 3344 	3346 	3274
f 3328 	3685 	3327
f 3326 	3328 	3327
f 3262 	3266 	3329
f 6700 	3685 	3328
f 3262 	3329 	3206
f 3329 	3271 	3206
f 3326 	6701 	3328
f 3329 	3330 	3271
f 3272 	3331 	3273
f 3329 	3333 	3330
f 3272 	3330 	3331
f 3381 	2990 	3335
f 3334 	3336 	3335
f 3332 	3334 	3335
f 3329 	3266 	3333
f 3337 	3331 	3330
f 3337 	3339 	3331
f 3338 	3044 	3046
f 3333 	3337 	3330
f 3044 	3336 	3334
f 3337 	4083 	3339
f 3332 	2958 	3334
f 4083 	4104 	3339
f 3341 	3038 	3342
f 4104 	3340 	3339
f 3018 	3358 	3342
f 3038 	3018 	3342
f 3343 	3338 	3046
f 3052 	3345 	3343
f 3273 	3331 	3344
f 3052 	3343 	3046
f 3345 	3039 	3347
f 3339 	3344 	3331
f 3052 	3039 	3345
f 3344 	3340 	3346
f 3041 	3341 	3347
f 3339 	3340 	3344
f 3185 	3183 	3348
f 3184 	10608 	3183
f 3348 	3349 	3350
f 3348 	3350 	3185
f 3349 	3351 	3352
f 3349 	3352 	3350
f 3353 	3354 	3019
f 3354 	3017 	3019
f 3357 	2735 	3356
f 3356 	2735 	3366
f 3351 	3349 	3357
f 3348 	3357 	3349
f 3354 	3358 	3017
f 3351 	3357 	3356
f 3019 	3187 	3353
f 3361 	3359 	3375
f 3358 	3619 	3342
f 3362 	3183 	3185
f 3362 	3185 	3365
f 3361 	3376 	3184
f 3360 	3363 	3359
f 3365 	3363 	3360
f 3360 	3362 	3365
f 7356 	3378 	3364
f 3363 	3364 	3378
f 3619 	3358 	3354
f 3352 	3365 	3350
f 3185 	3350 	3365
f 3364 	3363 	3352
f 3363 	3365 	3352
f 7356 	3364 	3366
f 3352 	3351 	3366
f 3364 	3352 	3366
f 3356 	3366 	3351
f 3359 	3361 	3117
f 3369 	3368 	3010
f 3371 	3372 	850
f 3009 	3370 	3369
f 7356 	849 	3372
f 3378 	7356 	3372
f 3371 	3374 	3372
f 3373 	3372 	3374
f 3370 	3009 	3012
f 3383 	3373 	3374
f 3376 	3361 	3375
f 3010 	3009 	3369
f 3385 	3184 	3376
f 3012 	3377 	3370
f 3363 	3378 	3375
f 3377 	3013 	3379
f 3375 	3359 	3363
f 3373 	3384 	3376
f 3375 	3373 	3376
f 3372 	3373 	3378
f 3375 	3378 	3373
f 3379 	2990 	3381
f 3379 	3013 	2990
f 3383 	3374 	3382
f 3380 	3382 	3374
f 3371 	3380 	3374
f 3383 	3384 	3373
f 3385 	3376 	3384
f 3386 	3385 	3383
f 3384 	3383 	3385
f 3382 	3387 	3383
f 3383 	3387 	3386
f 3377 	3619 	3370
f 3377 	3379 	3619
f 3394 	4276 	3393
f 3391 	4276 	3390
f 3396 	4276 	3395
f 3390 	4276 	3389
f 3399 	3389 	4276
f 3398 	3399 	4276
f 3397 	3388 	3402
f 3437 	3459 	3388
f 3408 	3388 	3407
f 3400 	3388 	3409
f 3408 	3409 	3388
f 3401 	3388 	3400
f 3413 	4274 	3412
f 3414 	4274 	3413
f 3619 	3347 	3341
f 3417 	4274 	3416
f 3418 	4274 	3417
f 3419 	4274 	3418
f 3341 	3342 	3619
f 3420 	4274 	3419
f 3415 	3416 	4274
f 3422 	4274 	3421
f 3421 	4274 	3420
f 3423 	4274 	3422
f 3425 	3449 	3424
f 3426 	3449 	3425
f 3427 	3449 	3426
f 3431 	3449 	3430
f 3433 	3458 	3432
f 3423 	3424 	4274
f 3428 	3449 	3427
f 3429 	3449 	3428
f 3432 	3449 	3431
f 3434 	3461 	3433
f 3435 	3462 	3434
f 3404 	3388 	3459
f 3407 	3388 	3406
f 3405 	3406 	3388
f 3405 	3388 	3404
f 3401 	3402 	3388
f 3398 	4276 	3397
f 3392 	4276 	3391
f 3392 	3393 	4276
f 3395 	4276 	3394
f 3388 	3397 	4276
f 4274 	4276 	3412
f 3415 	4274 	3414
f 3410 	3411 	4276
f 3410 	4276 	3396
f 700 	2954 	717
f 3440 	977 	978
f 3004 	701 	721
f 3438 	972 	3441
f 3440 	3441 	977
f 3446 	971 	3439
f 8478 	701 	3003
f 3403 	3404 	3459
f 705 	703 	2981
f 2964 	724 	2981
f 3445 	3388 	3447
f 3442 	3437 	3388
f 2947 	707 	706
f 2947 	706 	2948
f 3444 	3448 	3388
f 3448 	3442 	3388
f 3444 	3388 	3443
f 3436 	3463 	3435
f 2947 	2949 	707
f 708 	707 	2949
f 3388 	971 	3446
f 3446 	3447 	3388
f 3445 	3443 	3388
f 3439 	972 	3438
f 977 	3441 	972
f 2950 	709 	708
f 2950 	708 	2949
f 3429 	3430 	3449
f 730 	710 	2951
f 2952 	710 	2950
f 709 	2950 	710
f 3453 	3449 	3452
f 3457 	3452 	3449
f 722 	2959 	2957
f 3456 	3449 	3453
f 3454 	3449 	3456
f 3455 	3449 	3454
f 2954 	2948 	717
f 706 	717 	2948
f 3460 	3463 	3403
f 721 	720 	2956
f 3449 	3432 	3457
f 725 	2963 	722
f 3461 	3458 	3433
f 721 	2956 	3004
f 2960 	729 	2961
f 3462 	3435 	3463
f 3461 	3434 	3462
f 3436 	3403 	3463
f 3459 	3460 	3403
f 728 	730 	2961
f 2952 	2951 	710
f 3458 	3457 	3432
f 3464 	3449 	3455
f 3450 	3449 	3464
f 4274 	3424 	3449
f 3451 	987 	3450
f 724 	2964 	725
f 2963 	725 	2964
f 2959 	722 	2963
f 3465 	987 	3451
f 3466 	987 	3465
f 989 	3449 	988
f 705 	2981 	724
f 2965 	731 	2960
f 703 	734 	2976
f 731 	2965 	737
f 2852 	2976 	734
f 777 	2858 	8490
f 2854 	2852 	737
f 734 	737 	2852
f 3684 	3914 	2762
f 3937 	3941 	2900
f 752 	575 	753
f 4022 	2897 	2896
f 2897 	4022 	2750
f 584 	758 	582
f 4030 	4029 	2935
f 4029 	4033 	2936
f 4036 	2939 	2938
f 4036 	4038 	2939
f 2907 	4011 	2934
f 4050 	2935 	2934
f 2910 	2909 	4053
f 4053 	2911 	2910
f 4056 	2913 	2912
f 4061 	2923 	2922
f 2923 	4061 	2924
f 2924 	4062 	2926
f 4065 	4052 	2926
f 2942 	4334 	2943
f 2943 	4335 	2944
f 4333 	4335 	2943
f 4336 	4337 	2944
f 2945 	2944 	4337
f 4337 	4338 	2945
f 3467 	2733 	3469
f 2745 	3469 	3470
f 753 	577 	760
f 585 	588 	760
f 768 	589 	756
f 758 	584 	778
f 580 	754 	745
f 742 	1526 	745
f 747 	755 	1532
f 1445 	1448 	748
f 749 	748 	1448
f 772 	749 	593
f 752 	751 	575
f 576 	575 	751
f 577 	753 	575
f 585 	760 	577
f 579 	576 	754
f 590 	581 	775
f 581 	755 	775
f 581 	1532 	755
f 756 	583 	757
f 757 	582 	758
f 10768 	778 	584
f 748 	779 	1445
f 761 	760 	588
f 587 	762 	761
f 587 	761 	588
f 589 	768 	762
f 589 	762 	587
f 774 	591 	775
f 593 	592 	772
f 591 	774 	773
f 1448 	593 	749
f 10767 	1445 	779
f 10765 	777 	776
f 782 	3471 	3473
f 782 	3473 	784
f 3476 	3472 	783
f 3704 	785 	876
f 786 	3474 	3475
f 786 	3475 	787
f 3541 	3474 	786
f 3317 	3567 	3309
f 788 	3476 	783
f 3469 	2733 	3470
f 804 	784 	3473
f 2746 	3479 	3478
f 3479 	2745 	3470
f 3478 	3480 	2746
f 3480 	2733 	3477
f 3479 	2733 	3478
f 3470 	2733 	3479
f 782 	792 	3471
f 3483 	3490 	792
f 3477 	3481 	3480
f 3478 	2733 	3480
f 2747 	2746 	3480
f 3485 	798 	797
f 799 	3483 	792
f 783 	3472 	799
f 3489 	803 	802
f 3484 	3482 	3481
f 3491 	800 	801
f 3489 	802 	3491
f 3487 	3481 	3477
f 2747 	3480 	3481
f 800 	3491 	802
f 3481 	3487 	3486
f 3495 	3486 	3487
f 3484 	3481 	3486
f 3483 	799 	3472
f 3476 	798 	3485
f 797 	3488 	3485
f 3494 	3495 	3487
f 3477 	2733 	3487
f 3490 	3471 	792
f 2724 	2722 	3487
f 3491 	801 	3492
f 795 	3492 	801
f 3482 	3484 	2749
f 3492 	795 	3523
f 2749 	3484 	2763
f 3486 	2763 	3484
f 3485 	3491 	3483
f 3483 	3472 	3485
f 3476 	3485 	3472
f 3493 	3494 	2722
f 3494 	3487 	2722
f 3488 	3489 	3485
f 3490 	3473 	3471
f 3492 	3473 	3490
f 3495 	3494 	3496
f 3494 	3493 	3496
f 3491 	3492 	3483
f 3489 	3491 	3485
f 3490 	3483 	3492
f 3496 	2764 	3486
f 2763 	3486 	2764
f 3495 	3496 	3486
f 3473 	3498 	804
f 3653 	12042 	3499
f 3653 	3499 	3325
f 809 	3500 	810
f 3503 	3489 	3550
f 3488 	3550 	3489
f 803 	3489 	806
f 3503 	806 	3489
f 3653 	3650 	3504
f 3653 	3504 	12042
f 810 	3500 	811
f 3500 	809 	3505
f 808 	3505 	809
f 807 	3505 	808
f 3503 	3505 	807
f 3503 	807 	806
f 795 	822 	3523
f 3523 	3498 	3492
f 3520 	812 	804
f 812 	3520 	816
f 3521 	816 	3520
f 818 	811 	3522
f 3500 	3522 	811
f 819 	3525 	820
f 3522 	819 	818
f 3523 	822 	820
f 816 	3521 	3531
f 816 	3531 	823
f 3523 	820 	3525
f 3525 	819 	3522
f 3520 	804 	3498
f 3841 	3842 	3655
f 3527 	3627 	3529
f 3520 	3522 	3521
f 3522 	3500 	3521
f 3531 	3521 	3500
f 3525 	3520 	3523
f 3522 	3520 	3525
f 3498 	3523 	3520
f 3536 	3067 	3535
f 3065 	3069 	3001
f 3535 	3067 	3534
f 3630 	3628 	10756
f 3529 	3627 	3530
f 10756 	2954 	3627
f 3473 	3492 	3498
f 7875 	7874 	3527
f 7873 	3524 	3526
f 3537 	824 	828
f 3528 	7873 	3526
f 824 	3537 	3541
f 3474 	3541 	3537
f 3537 	3475 	3474
f 798 	3476 	788
f 3535 	7878 	3536
f 3536 	7877 	3000
f 869 	787 	3475
f 797 	866 	3488
f 3537 	828 	3538
f 3700 	3539 	830
f 3538 	828 	862
f 3528 	3527 	7874
f 3537 	3538 	3475
f 3539 	3699 	3538
f 3700 	3699 	3539
f 3528 	7874 	7873
f 3540 	832 	785
f 3704 	3540 	785
f 3529 	7876 	3527
f 3530 	694 	3529
f 832 	3540 	861
f 3530 	3532 	694
f 824 	3541 	836
f 786 	836 	3541
f 3704 	3740 	3540
f 3540 	3542 	861
f 3542 	885 	861
f 3545 	10763 	3546
f 3538 	862 	3547
f 4109 	3346 	3340
f 863 	3548 	3547
f 863 	3547 	862
f 3548 	3539 	3547
f 3538 	3547 	3539
f 3539 	3548 	863
f 3539 	863 	830
f 865 	3549 	3550
f 865 	3550 	866
f 4896 	3269 	3274
f 3550 	3488 	866
f 830 	870 	3700
f 4919 	2882 	2885
f 3317 	3311 	3567
f 1773 	1779 	3258
f 4360 	3317 	3309
f 4364 	3311 	3317
f 3553 	3552 	3261
f 3263 	3552 	3554
f 3553 	3261 	3260
f 3260 	3551 	3553
f 3265 	3558 	3266
f 3554 	3558 	3265
f 3565 	3310 	3557
f 3552 	3561 	3554
f 3571 	3553 	3551
f 3563 	3558 	3554
f 3563 	3554 	3561
f 3310 	4354 	3557
f 1779 	3560 	3551
f 3552 	3562 	3561
f 3564 	3558 	3563
f 3558 	3564 	4087
f 3174 	3566 	3559
f 3311 	3565 	3567
f 3570 	3175 	3568
f 3568 	3309 	3567
f 3311 	3310 	3565
f 3309 	3568 	3176
f 3569 	3565 	3557
f 3557 	3556 	3569
f 4067 	3422 	3421
f 4068 	3422 	4067
f 3176 	3568 	3175
f 3389 	3993 	3390
f 3391 	3996 	3392
f 3393 	3392 	3996
f 3569 	3559 	3566
f 4004 	3398 	3397
f 3559 	3569 	3555
f 3993 	3389 	3399
f 3556 	3555 	3569
f 4009 	3402 	3401
f 3570 	3177 	3175
f 4004 	3397 	4009
f 3402 	4009 	3397
f 3403 	4012 	3404
f 3404 	4012 	3405
f 3407 	4016 	3408
f 3408 	4016 	3409
f 3311 	4361 	3310
f 4019 	3411 	3410
f 3412 	3411 	4019
f 4024 	3414 	3413
f 4025 	3415 	3414
f 4025 	3414 	4024
f 3415 	4025 	3416
f 4026 	3416 	4025
f 3417 	3416 	4026
f 3568 	3567 	6611
f 3422 	4068 	3423
f 4069 	3424 	3423
f 4069 	3423 	4068
f 3424 	4069 	3425
f 4070 	3425 	4069
f 3426 	3425 	4070
f 3566 	6613 	6894
f 4072 	3427 	3426
f 3427 	4072 	3428
f 4073 	3428 	4072
f 3429 	3428 	4073
f 3432 	4078 	3433
f 3433 	4078 	3434
f 4346 	4347 	3555
f 1781 	3560 	1779
f 3556 	4348 	3555
f 3557 	4349 	3556
f 3560 	3571 	3551
f 3553 	3562 	3552
f 4353 	4351 	3559
f 3571 	3562 	3553
f 4353 	3559 	4347
f 4355 	3557 	4354
f 3569 	3566 	6894
f 3573 	3836 	3572
f 3574 	3576 	3575
f 3579 	3578 	3577
f 3578 	3580 	3577
f 3577 	3572 	3579
f 3581 	3582 	3577
f 3581 	3577 	3580
f 3582 	3584 	3577
f 3580 	3583 	3581
f 3573 	3572 	3584
f 3584 	3572 	3577
f 3578 	3586 	3588
f 3595 	3583 	3580
f 3585 	3586 	3579
f 3587 	3588 	3589
f 3589 	3590 	3587
f 3587 	3578 	3588
f 3578 	3579 	3586
f 3591 	3587 	3590
f 3578 	3587 	3580
f 3580 	3587 	3591
f 3590 	3574 	3591
f 5894 	3592 	5893
f 3574 	3575 	3591
f 3594 	3591 	3575
f 1793 	3592 	1790
f 3595 	3580 	3591
f 3594 	3595 	3591
f 1790 	3592 	1782
f 3592 	1783 	1782
f 3596 	3588 	3586
f 3592 	5895 	5893
f 3592 	5896 	5895
f 1795 	3592 	1789
f 3592 	1794 	5248
f 1795 	1794 	3592
f 3592 	5248 	5892
f 3592 	1791 	1789
f 3597 	3598 	3596
f 3586 	3597 	3596
f 1792 	1791 	3592
f 1793 	1792 	3592
f 3597 	3586 	3585
f 3592 	4149 	4150
f 5917 	4149 	3592
f 3585 	4231 	3597
f 3592 	1784 	1783
f 10763 	3543 	3544
f 3255 	3256 	3599
f 3599 	3600 	3255
f 3600 	3601 	3255
f 3601 	3249 	3255
f 3602 	3715 	3248
f 3715 	3616 	3248
f 3248 	3246 	3602
f 3259 	3255 	3249
f 1785 	1784 	3592
f 3546 	10763 	3603
f 10756 	3604 	10763
f 3592 	1786 	1785
f 3613 	3614 	3654
f 3614 	3615 	3646
f 3646 	3654 	3614
f 3636 	3646 	3615
f 3609 	3612 	3647
f 3252 	3253 	3610
f 3628 	3629 	10756
f 3635 	3607 	10756
f 3607 	3604 	10756
f 3605 	10763 	3604
f 3603 	10763 	3605
f 3543 	10763 	3545
f 475 	473 	3603
f 3605 	475 	3603
f 3381 	3335 	3619
f 3335 	3336 	3619
f 3609 	3608 	476
f 484 	483 	3607
f 3336 	3338 	3619
f 3543 	471 	3544
f 470 	3544 	471
f 472 	471 	3545
f 3543 	3545 	471
f 473 	472 	3546
f 3545 	3546 	472
f 3635 	485 	3607
f 468 	3636 	478
f 481 	3612 	476
f 478 	3615 	479
f 479 	3614 	480
f 3613 	480 	3614
f 3612 	481 	3613
f 477 	476 	3608
f 477 	3608 	3611
f 3639 	3638 	3315
f 3381 	3619 	3379
f 3650 	3649 	3324
f 3343 	3619 	3338
f 3345 	3619 	3343
f 3619 	3345 	3347
f 3654 	3646 	3502
f 3502 	3312 	3654
f 3623 	3627 	3526
f 3527 	3528 	3627
f 3528 	3526 	3627
f 3621 	3623 	3526
f 3354 	3353 	3619
f 3353 	3355 	3619
f 3355 	3667 	3619
f 3630 	10756 	3627
f 3624 	3639 	3634
f 3635 	10756 	3629
f 3674 	3678 	3619
f 7864 	7863 	3625
f 3975 	3977 	3619
f 3977 	3980 	3619
f 7867 	3630 	7868
f 3619 	3981 	3982
f 3635 	3629 	485
f 3982 	3986 	3619
f 3986 	3987 	3619
f 3980 	3981 	3619
f 3987 	4609 	3619
f 7859 	7858 	3620
f 4609 	4610 	3619
f 4610 	4614 	3619
f 4614 	4615 	3619
f 3634 	7869 	3624
f 3368 	3369 	3619
f 7864 	3625 	3624
f 3369 	3370 	3619
f 4615 	4620 	3619
f 4620 	4224 	3619
f 3630 	7867 	3628
f 3627 	7868 	3630
f 4224 	4225 	3619
f 4225 	4226 	3619
f 4226 	4227 	3619
f 4227 	4228 	3619
f 484 	3607 	485
f 4228 	4229 	3619
f 4229 	4221 	3619
f 3632 	3641 	3631
f 3634 	3640 	3633
f 3631 	3641 	3636
f 3608 	3609 	3647
f 3619 	4221 	4222
f 3636 	468 	3631
f 4222 	4223 	3619
f 467 	3631 	468
f 3367 	3368 	3619
f 3314 	3315 	3638
f 3638 	3637 	3314
f 3643 	3320 	3321
f 3320 	3642 	3315
f 3512 	3513 	3644
f 3325 	4424 	3651
f 3325 	3651 	3653
f 3312 	3647 	3654
f 3324 	3504 	3650
f 3639 	3624 	3638
f 3624 	3625 	3638
f 3637 	3638 	3625
f 3625 	3626 	3637
f 3642 	3634 	3639
f 3639 	3315 	3642
f 3316 	3314 	3637
f 3646 	3636 	3641
f 3641 	3632 	3640
f 3319 	3641 	3640
f 3640 	3634 	3643
f 3643 	3634 	3642
f 3643 	3642 	3320
f 3321 	3640 	3643
f 3316 	3637 	3645
f 3633 	3640 	3632
f 3501 	3502 	3646
f 3319 	3501 	3641
f 3646 	3641 	3501
f 3654 	3647 	3613
f 4852 	3611 	3649
f 3312 	3313 	3647
f 3648 	3647 	3313
f 3650 	4465 	3649
f 3653 	4465 	3650
f 3323 	3324 	3649
f 3648 	3313 	3649
f 3323 	3649 	3313
f 3652 	4470 	3651
f 3651 	4465 	3653
f 3612 	3613 	3647
f 3659 	3827 	3658
f 3657 	3658 	3840
f 3655 	3657 	3841
f 3524 	3655 	3842
f 3840 	3841 	3657
f 3659 	3658 	3656
f 3656 	3660 	3659
f 3660 	3225 	3659
f 3664 	3665 	3297
f 3665 	3533 	3296
f 3296 	3297 	3665
f 3534 	3295 	3533
f 3663 	3664 	3297
f 3662 	3663 	3298
f 3657 	7830 	3658
f 7896 	3225 	7831
f 3655 	7827 	3657
f 7830 	3657 	7827
f 3656 	7828 	3660
f 7834 	7833 	3664
f 3355 	3196 	3667
f 3493 	3497 	3675
f 3668 	3619 	3667
f 3496 	3493 	3672
f 3675 	3672 	3493
f 3496 	3672 	2764
f 3619 	3668 	3666
f 2765 	2764 	3672
f 3619 	3666 	3673
f 3675 	3681 	3676
f 3675 	3676 	3677
f 3619 	3673 	3674
f 3497 	2712 	3679
f 3675 	3497 	3679
f 3672 	3675 	3677
f 2739 	2736 	3679
f 3668 	3667 	3201
f 3679 	2712 	2739
f 3672 	3677 	2765
f 2766 	2765 	3676
f 3676 	2765 	3677
f 3201 	3667 	3196
f 3668 	3197 	3666
f 3201 	3197 	3668
f 3666 	3199 	3673
f 3682 	3681 	3675
f 3674 	3673 	3327
f 3199 	3327 	3673
f 3676 	3681 	2766
f 3675 	2736 	3682
f 3683 	3682 	2736
f 2738 	3683 	2736
f 3675 	3679 	2736
f 2767 	3682 	2768
f 2738 	2737 	3684
f 3685 	3678 	3674
f 3933 	3914 	2740
f 2762 	2738 	3684
f 2737 	2740 	3914
f 4249 	3441 	3440
f 4251 	3444 	3443
f 3446 	4255 	3447
f 3447 	4254 	3445
f 3585 	4175 	4231
f 2753 	3689 	3690
f 3549 	3531 	3505
f 3500 	3505 	3531
f 3505 	3503 	3549
f 3550 	3549 	3503
f 3475 	3699 	869
f 3686 	2750 	4022
f 823 	3531 	865
f 3549 	865 	3531
f 3702 	869 	3699
f 2750 	3686 	3687
f 870 	3703 	3700
f 2753 	3688 	3689
f 3475 	3538 	3699
f 3702 	3699 	3700
f 3702 	3700 	3703
f 871 	3701 	872
f 2755 	3691 	2756
f 3693 	2757 	3692
f 2756 	3692 	2757
f 2757 	3693 	3694
f 3702 	873 	869
f 874 	3703 	870
f 873 	3702 	3703
f 873 	3703 	874
f 876 	3705 	3704
f 875 	3705 	876
f 878 	3706 	879
f 3705 	879 	3706
f 3764 	3696 	3695
f 3764 	3695 	3694
f 3764 	3694 	3693
f 3764 	3693 	3692
f 3764 	3692 	3691
f 3764 	3691 	3690
f 3764 	3690 	3689
f 3764 	3689 	3688
f 3764 	3688 	3687
f 3764 	3687 	3686
f 3764 	3686 	4022
f 879 	3705 	875
f 3075 	3738 	3739
f 3713 	2989 	3712
f 3710 	3707 	880
f 3706 	3741 	3705
f 3741 	3740 	3705
f 3710 	3780 	3707
f 3710 	882 	1181
f 3444 	4251 	3448
f 3439 	4246 	3446
f 3727 	2989 	3726
f 3731 	3076 	3730
f 3076 	3714 	3726
f 3253 	3236 	3610
f 3454 	4262 	3455
f 3250 	3248 	3616
f 3617 	3250 	3616
f 3716 	3902 	3606
f 3930 	1450 	3717
f 3719 	3212 	3718
f 3712 	3093 	3713
f 2887 	3093 	3712
f 3720 	3721 	3718
f 3732 	2774 	2773
f 3722 	3723 	3724
f 883 	3711 	3709
f 883 	3709 	881
f 3951 	3949 	3722
f 3723 	3722 	3949
f 882 	3710 	880
f 3712 	2989 	3727
f 3727 	3726 	3095
f 3592 	1787 	1786
f 884 	933 	3733
f 2773 	3095 	3714
f 3726 	3714 	3095
f 3706 	878 	3733
f 884 	3733 	878
f 3592 	1796 	1787
f 3729 	3075 	3728
f 3714 	3076 	3731
f 3075 	3729 	3076
f 3730 	3076 	3729
f 3592 	1780 	1796
f 890 	3736 	891
f 1781 	1780 	3592
f 3732 	3731 	3730
f 3592 	3560 	1781
f 3714 	3732 	2773
f 885 	3740 	886
f 3571 	3560 	3592
f 3731 	3732 	3714
f 3571 	3592 	3562
f 886 	3741 	887
f 3728 	2888 	3732
f 2774 	3732 	2888
f 3592 	3561 	3562
f 3727 	3095 	3712
f 2887 	3712 	3095
f 3730 	3729 	3732
f 3729 	3728 	3732
f 3592 	3563 	3561
f 3734 	3735 	3733
f 3706 	3733 	3735
f 3741 	3706 	3735
f 3734 	889 	3735
f 888 	3735 	889
f 3739 	3738 	3181
f 3592 	4105 	4091
f 3737 	891 	3736
f 890 	889 	3736
f 3734 	3736 	889
f 3592 	3564 	3563
f 4088 	3564 	3592
f 3728 	3075 	3739
f 2776 	3181 	3738
f 3728 	3181 	2888
f 3741 	886 	3740
f 3181 	3728 	3739
f 3740 	885 	3542
f 3743 	3659 	3670
f 3670 	3659 	3669
f 2733 	3467 	3075
f 3735 	888 	3741
f 887 	3741 	888
f 3738 	3744 	2776
f 3742 	3659 	3743
f 3742 	3830 	3659
f 3736 	3734 	3781
f 3733 	3781 	3734
f 3704 	3705 	3740
f 3542 	3540 	3740
f 2743 	2777 	3084
f 3738 	3075 	3744
f 2745 	2744 	3469
f 897 	891 	3737
f 2743 	3468 	2744
f 3084 	3075 	3468
f 3770 	894 	892
f 3467 	2744 	3468
f 894 	3770 	895
f 3468 	2743 	3084
f 896 	3768 	899
f 901 	900 	3774
f 901 	3774 	939
f 898 	3763 	893
f 3760 	893 	3763
f 898 	897 	3763
f 3763 	897 	3737
f 892 	3760 	3770
f 895 	3768 	896
f 893 	3760 	892
f 3768 	895 	3770
f 3797 	899 	3768
f 3737 	3784 	3763
f 3760 	3763 	3774
f 3760 	3774 	3770
f 3774 	3799 	3770
f 937 	3780 	3822
f 937 	3822 	1181
f 3733 	933 	3781
f 934 	3782 	3781
f 934 	3781 	933
f 3782 	934 	935
f 1179 	880 	3816
f 3707 	3816 	880
f 3710 	3822 	3780
f 3737 	3736 	3782
f 3781 	3782 	3736
f 3780 	3787 	3707
f 3785 	941 	939
f 3785 	939 	3774
f 938 	941 	3784
f 3785 	3784 	941
f 945 	3788 	1182
f 935 	938 	3784
f 935 	3784 	3782
f 3783 	3698 	3697
f 3697 	3786 	3783
f 3780 	937 	3787
f 944 	3787 	937
f 3698 	3574 	3590
f 3774 	3763 	3785
f 3785 	3763 	3784
f 3782 	3784 	3737
f 3788 	3816 	3787
f 3816 	3707 	3787
f 3698 	3783 	3574
f 3789 	3790 	3783
f 3789 	3783 	3786
f 3701 	947 	872
f 948 	947 	3794
f 3701 	3794 	947
f 3786 	3791 	3789
f 3792 	3576 	3574
f 3792 	3574 	3783
f 3790 	3792 	3783
f 3797 	871 	950
f 3786 	3697 	9458
f 956 	3799 	900
f 3698 	3793 	3697
f 958 	3802 	959
f 3793 	3698 	3795
f 3701 	3801 	3794
f 871 	3797 	3701
f 899 	3797 	949
f 949 	3797 	950
f 3795 	3590 	3589
f 3798 	3801 	3701
f 3799 	3798 	3797
f 3797 	3768 	3799
f 3795 	3698 	3590
f 953 	3798 	954
f 3701 	3797 	3798
f 955 	954 	3799
f 3798 	3799 	954
f 955 	3799 	956
f 3796 	3794 	3801
f 952 	951 	3801
f 3796 	3801 	951
f 3798 	953 	3801
f 952 	3801 	953
f 3774 	900 	3799
f 3795 	3804 	3800
f 3768 	3770 	3799
f 3793 	3795 	3800
f 3802 	958 	1178
f 3806 	964 	963
f 961 	3807 	962
f 3808 	962 	3807
f 962 	3808 	963
f 3810 	1175 	959
f 965 	3812 	960
f 3812 	965 	966
f 3803 	3804 	3589
f 3589 	3588 	3803
f 3795 	3589 	3804
f 3807 	960 	3812
f 960 	3807 	961
f 3806 	963 	3808
f 3804 	3809 	3805
f 3810 	3802 	3806
f 3812 	3813 	3807
f 3800 	3804 	3805
f 3809 	3803 	3811
f 3804 	3803 	3809
f 3810 	959 	3802
f 3598 	3811 	3596
f 966 	948 	3794
f 3812 	966 	3794
f 3796 	951 	3813
f 1176 	3813 	951
f 3813 	1174 	3814
f 1173 	3814 	1174
f 3596 	3811 	3803
f 1174 	3813 	1176
f 3803 	3588 	3596
f 3810 	3814 	1175
f 1173 	1175 	3814
f 3814 	3807 	3813
f 3796 	3813 	3812
f 3794 	3796 	3812
f 3808 	3807 	3814
f 3814 	3810 	3808
f 3806 	3808 	3810
f 3811 	4558 	3809
f 3806 	3815 	1177
f 1178 	1177 	3815
f 3802 	1178 	3815
f 3806 	1177 	964
f 1179 	3816 	3838
f 945 	1180 	3788
f 3817 	3788 	1180
f 3839 	3817 	1180
f 3806 	3802 	3815
f 3817 	3816 	3788
f 3838 	3816 	3817
f 3817 	3839 	3838
f 3819 	4173 	3818
f 1188 	881 	3709
f 3820 	3821 	3819
f 1181 	3822 	3710
f 3823 	1183 	1182
f 3823 	1182 	3824
f 3746 	4086 	3745
f 3747 	3927 	3746
f 3748 	3927 	3747
f 3749 	3927 	3748
f 3750 	3926 	3749
f 3751 	4085 	3750
f 3844 	3843 	3644
f 3644 	3645 	3844
f 3847 	3848 	3645
f 944 	1183 	3787
f 3823 	3787 	1183
f 1182 	3788 	3824
f 883 	1189 	3711
f 3853 	3711 	1189
f 3853 	3709 	3711
f 3828 	3829 	3659
f 3829 	3826 	3659
f 3826 	3827 	3659
f 3840 	3658 	3827
f 3787 	3823 	3824
f 3787 	3824 	3788
f 3818 	3820 	3819
f 3745 	3752 	3833
f 3752 	3825 	3833
f 3834 	3835 	1185
f 3834 	1185 	1184
f 3830 	3828 	3659
f 1186 	3838 	3839
f 1186 	3839 	1187
f 3836 	3837 	3818
f 3572 	3836 	3818
f 1179 	3838 	1186
f 3526 	3524 	3620
f 3835 	3834 	3852
f 4173 	3572 	3818
f 3620 	3621 	3526
f 3622 	3620 	3524
f 3842 	3622 	3524
f 3846 	3820 	3845
f 3818 	3845 	3820
f 3849 	3850 	3890
f 3889 	3890 	3850
f 3850 	3831 	3889
f 3890 	3644 	3843
f 3831 	3832 	3825
f 3825 	3889 	3831
f 3832 	3833 	3825
f 3843 	3849 	3890
f 3837 	3845 	3818
f 3846 	3851 	3820
f 3862 	3866 	3851
f 3879 	4179 	3821
f 4137 	3592 	4135
f 3592 	4138 	4135
f 1188 	3852 	3834
f 1188 	3834 	1184
f 1187 	3839 	1180
f 3592 	4140 	4138
f 3709 	3852 	1188
f 3592 	4141 	4140
f 1401 	1185 	3835
f 4595 	3853 	1189
f 3853 	4594 	3852
f 3853 	3852 	3709
f 4595 	4594 	3853
f 3855 	3856 	3857
f 2778 	3779 	3753
f 3859 	3860 	3854
f 3859 	3854 	3855
f 1190 	3861 	1191
f 3754 	2779 	3753
f 2778 	3753 	2779
f 3861 	3082 	1191
f 1191 	3082 	422
f 2779 	3754 	3755
f 3755 	3756 	2781
f 1192 	3858 	3861
f 1192 	3861 	1190
f 2782 	2781 	3757
f 3857 	3859 	3855
f 3858 	3882 	3861
f 3882 	3884 	3861
f 3082 	3861 	3884
f 2784 	3758 	3759
f 2785 	2784 	3761
f 3759 	3761 	2784
f 3855 	3866 	3856
f 2785 	3761 	2786
f 3762 	2786 	3761
f 2917 	2786 	3762
f 2788 	3764 	3765
f 2799 	3778 	3779
f 3863 	3854 	3891
f 2799 	3779 	2778
f 3854 	3864 	3891
f 3860 	3864 	3854
f 3868 	3869 	1204
f 3854 	3865 	3855
f 2788 	3765 	3766
f 1203 	3868 	1204
f 3866 	3867 	3821
f 3866 	3865 	3867
f 1205 	1204 	3869
f 3772 	2793 	3771
f 3870 	1202 	3869
f 1205 	3869 	1202
f 3865 	3885 	3867
f 3772 	3773 	2793
f 3820 	3866 	3821
f 2796 	3775 	3776
f 2796 	3776 	3777
f 3820 	3851 	3866
f 1202 	3870 	1200
f 3855 	3865 	3866
f 3754 	4022 	3755
f 3753 	4022 	3754
f 3762 	3761 	4022
f 3761 	3759 	4022
f 3755 	4022 	3756
f 3759 	3758 	4022
f 3757 	4022 	3758
f 3756 	4022 	3757
f 3871 	1199 	1198
f 1200 	3870 	1201
f 3862 	3856 	3866
f 3865 	3854 	3863
f 1193 	3872 	1194
f 4022 	4057 	3762
f 4022 	3753 	3779
f 4022 	3779 	3778
f 4022 	3778 	3777
f 4022 	3777 	3776
f 4022 	3776 	3775
f 4022 	3775 	3773
f 4022 	3773 	3772
f 4022 	3772 	3771
f 4022 	3771 	3769
f 4022 	3769 	3767
f 4022 	3767 	3766
f 4022 	3766 	3765
f 4022 	3765 	3764
f 3858 	1201 	3870
f 1192 	1201 	3858
f 3879 	3821 	3867
f 2893 	2892 	3874
f 3873 	3874 	2892
f 3874 	10575 	3875
f 2894 	2893 	3875
f 3874 	3875 	2893
f 3877 	10575 	3878
f 2895 	2894 	3876
f 2894 	3875 	3876
f 3885 	3865 	3863
f 2895 	3876 	3877
f 3216 	3215 	3724
f 3722 	3724 	3214
f 1194 	3872 	3871
f 1194 	3871 	1198
f 3592 	4142 	4141
f 3883 	1197 	3882
f 1196 	3882 	1197
f 3592 	4143 	4142
f 1196 	1195 	3882
f 3884 	3882 	1195
f 3885 	3886 	3881
f 3883 	3872 	1197
f 3872 	1193 	1197
f 3879 	3867 	3881
f 1195 	417 	3884
f 3592 	4158 	4143
f 3871 	3872 	3869
f 3869 	3868 	3871
f 3592 	4159 	4158
f 3872 	3883 	3870
f 3870 	3869 	3872
f 3867 	3885 	3881
f 3887 	3886 	3888
f 3592 	4160 	4159
f 3885 	3888 	3886
f 3592 	4137 	4105
f 3885 	3863 	3888
f 3592 	4091 	4088
f 3507 	3506 	3752
f 3825 	3752 	3506
f 3645 	3637 	3847
f 3508 	3890 	3509
f 3889 	3509 	3890
f 3848 	3844 	3645
f 3870 	3883 	3858
f 3882 	3858 	3883
f 4100 	3888 	3863
f 1206 	3892 	3893
f 1206 	3893 	1207
f 4160 	3592 	3593
f 3892 	1206 	4111
f 3868 	1203 	1208
f 1199 	3894 	1211
f 3871 	3894 	1199
f 1210 	3895 	1209
f 1209 	3895 	427
f 5894 	5919 	3592
f 3592 	5919 	5917
f 427 	3895 	3088
f 1210 	3894 	3895
f 3894 	1210 	1211
f 3896 	3895 	3898
f 3894 	3871 	3899
f 3868 	3899 	3871
f 3283 	3088 	3896
f 3088 	3895 	3896
f 3894 	3898 	3895
f 3724 	3720 	3216
f 3720 	3718 	3212
f 1213 	1212 	3898
f 3896 	3898 	1212
f 1213 	3898 	1214
f 3718 	3721 	4934
f 3948 	3934 	3880
f 3880 	3934 	3721
f 1208 	3899 	3868
f 3898 	3894 	3899
f 1214 	3898 	3899
f 1214 	3899 	1215
f 3896 	1212 	1216
f 3899 	1208 	1215
f 1218 	3906 	3280
f 1218 	3280 	440
f 3907 	3901 	3905
f 2890 	2889 	3878
f 3878 	3909 	2890
f 3864 	3910 	3891
f 2891 	2890 	3909
f 3911 	3912 	3913
f 3911 	3913 	3891
f 2891 	3909 	3708
f 3907 	3252 	3901
f 3722 	3214 	3907
f 3214 	3252 	3907
f 3618 	3902 	3610
f 3327 	3685 	3674
f 3901 	3610 	3902
f 3606 	3902 	3618
f 3717 	1450 	3716
f 3678 	3915 	3680
f 3685 	3915 	3678
f 3904 	3916 	3903
f 3918 	3905 	3901
f 3962 	3919 	3901
f 3918 	3901 	3919
f 3915 	3917 	3680
f 3243 	3128 	3920
f 3128 	3115 	299
f 3922 	3920 	299
f 3128 	299 	3920
f 3825 	3509 	3889
f 3506 	3509 	3825
f 3669 	4987 	3671
f 3925 	3671 	4987
f 3917 	6717 	4092
f 6700 	3915 	3685
f 3927 	3749 	3926
f 5010 	4089 	3928
f 3926 	3511 	3927
f 3510 	3927 	3511
f 3626 	3847 	3637
f 3644 	3890 	3512
f 3508 	3512 	3890
f 3619 	3678 	3680
f 3645 	3644 	3513
f 3513 	3316 	3645
f 3930 	3931 	1450
f 3914 	3684 	2737
f 3924 	3921 	299
f 3921 	3922 	299
f 3931 	3923 	1450
f 3923 	3924 	299
f 299 	1450 	3923
f 2740 	2741 	2735
f 2899 	2762 	3914
f 2899 	3914 	3932
f 3932 	3914 	3933
f 3910 	3911 	3891
f 3935 	3941 	3937
f 3935 	3937 	3936
f 3912 	3940 	3913
f 3939 	3932 	2735
f 3935 	3938 	3942
f 3932 	3933 	2735
f 3938 	3935 	3939
f 3936 	3939 	3935
f 3942 	3947 	3935
f 3936 	2899 	3932
f 3932 	3939 	3936
f 3943 	4145 	3940
f 3937 	2900 	3936
f 2899 	3936 	2900
f 4934 	3721 	3934
f 3946 	4934 	3934
f 3942 	2735 	3944
f 3941 	3935 	3947
f 3942 	3944 	3947
f 3955 	3947 	3953
f 2901 	2900 	3941
f 3950 	3725 	3949
f 3725 	3723 	3949
f 2901 	3941 	3947
f 3952 	3949 	3951
f 3957 	3956 	5286
f 3953 	3954 	3955
f 3958 	3957 	5286
f 3944 	2735 	3960
f 3902 	3716 	1450
f 3960 	3961 	3944
f 3953 	3944 	3961
f 3903 	3916 	3958
f 3957 	3958 	3916
f 3944 	3953 	3947
f 3963 	3919 	3962
f 3951 	3958 	5286
f 3956 	1450 	5286
f 1450 	246 	5286
f 2901 	3955 	2902
f 3954 	2902 	3955
f 3947 	3955 	2901
f 3956 	3902 	1450
f 3952 	3951 	5286
f 3959 	3961 	3960
f 3953 	3964 	3954
f 3965 	3114 	3113
f 3965 	3113 	3966
f 3114 	3965 	3967
f 3114 	3967 	3115
f 3115 	3967 	3968
f 3115 	3968 	3116
f 3959 	2735 	3970
f 3970 	2735 	3969
f 3116 	3968 	3966
f 3116 	3966 	3113
f 3969 	3953 	3961
f 3969 	3961 	3970
f 3968 	3967 	3965
f 3968 	3965 	3966
f 3973 	3357 	3972
f 3972 	3357 	3971
f 3348 	3183 	4043
f 3974 	3973 	3972
f 3969 	3357 	3973
f 3964 	3953 	3974
f 3974 	3953 	3969
f 3974 	3969 	3973
f 2903 	2902 	3964
f 3954 	3964 	2902
f 3971 	2903 	3964
f 3119 	3360 	3117
f 3619 	3680 	3975
f 3976 	3122 	3123
f 3121 	3979 	3978
f 3121 	3978 	3120
f 3983 	4044 	3976
f 3983 	3976 	3123
f 4099 	3985 	3125
f 3125 	3985 	3984
f 3125 	3984 	3124
f 4099 	3984 	3985
f 3128 	3989 	3988
f 3128 	3988 	3126
f 3362 	3360 	3119
f 3359 	3117 	3360
f 3979 	3990 	3991
f 3129 	3991 	3990
f 3129 	3990 	3130
f 3979 	3991 	3978
f 3120 	3978 	3210
f 4032 	3210 	3978
f 3207 	3992 	3208
f 3129 	3208 	3991
f 3992 	3991 	3208
f 3458 	4265 	3457
f 3461 	4265 	3458
f 4261 	3464 	3455
f 4272 	992 	3466
f 3465 	4273 	3466
f 3964 	3974 	3971
f 3959 	3970 	3961
f 3972 	3971 	3974
f 3993 	5662 	3994
f 3971 	3357 	3997
f 3995 	5662 	3996
f 2903 	3971 	2904
f 3998 	5662 	3999
f 3997 	2904 	3971
f 3997 	3357 	4002
f 3997 	2905 	2904
f 2905 	3997 	4002
f 4003 	5662 	4005
f 2905 	4002 	2906
f 4006 	2906 	4002
f 4007 	3182 	4008
f 5662 	4009 	3182
f 2906 	4006 	2907
f 4010 	4266 	4012
f 4006 	4011 	2907
f 4013 	4256 	4014
f 4016 	3182 	4017
f 4015 	3182 	4016
f 4050 	2934 	4011
f 4019 	5662 	4021
f 4024 	4023 	4284
f 3212 	4034 	3207
f 2896 	2913 	4056
f 3978 	3991 	3992
f 4032 	3978 	3992
f 2896 	4020 	4022
f 3214 	3122 	3976
f 4039 	3979 	3121
f 4060 	4059 	4056
f 4061 	4060 	4056
f 4040 	3216 	3990
f 4030 	3348 	4029
f 4044 	4046 	3976
f 4040 	3990 	4039
f 4039 	3990 	3979
f 2936 	2935 	4029
f 3209 	4031 	3131
f 4031 	3211 	4032
f 3210 	4032 	3211
f 3211 	4031 	3209
f 2938 	2936 	4033
f 3992 	3207 	4034
f 4035 	4034 	3213
f 4033 	3348 	4036
f 3213 	4034 	3212
f 2938 	4033 	4036
f 4034 	4035 	4032
f 4031 	4032 	4035
f 3992 	4034 	4032
f 4036 	3348 	4038
f 3976 	4037 	3214
f 3215 	4039 	3121
f 2940 	2939 	4038
f 4039 	3215 	3216
f 4039 	3216 	4040
f 3130 	3990 	3216
f 4038 	3348 	4041
f 4418 	4037 	4047
f 3976 	4046 	4037
f 2941 	2940 	4041
f 4038 	4041 	2940
f 3235 	4042 	3983
f 3235 	3983 	3123
f 4041 	3348 	4043
f 4044 	3983 	4042
f 4045 	4043 	10608
f 3239 	4044 	4042
f 3239 	4042 	3235
f 4041 	4043 	2941
f 4047 	4037 	4046
f 2941 	4043 	2942
f 4045 	2942 	4043
f 3238 	4046 	4044
f 3238 	4044 	3239
f 3236 	4048 	4049
f 3236 	4049 	3237
f 3237 	4049 	4046
f 3237 	4046 	3238
f 4049 	4048 	4047
f 4049 	4047 	4046
f 3240 	4047 	4048
f 3240 	4048 	3236
f 3126 	3988 	3241
f 4101 	3241 	3988
f 3125 	3242 	4099
f 3988 	4102 	4101
f 2935 	4050 	4030
f 3244 	4102 	3128
f 3920 	4654 	3243
f 4102 	3244 	3243
f 4098 	3248 	3250
f 4026 	4284 	4027
f 4028 	4284 	4063
f 4066 	4064 	4284
f 4067 	4066 	4284
f 2704 	4069 	4284
f 4072 	4071 	2704
f 4073 	4072 	2704
f 4020 	2896 	4056
f 4074 	2704 	4075
f 2917 	3762 	4057
f 2920 	2917 	4058
f 4077 	4076 	4265
f 4077 	4265 	4078
f 2704 	4260 	4075
f 4074 	4073 	2704
f 4071 	4070 	2704
f 4068 	4284 	4069
f 4067 	4284 	4068
f 4069 	2704 	4070
f 3986 	4745 	3987
f 3680 	3917 	3975
f 3975 	4092 	3977
f 3977 	4093 	3980
f 4092 	4093 	3977
f 3981 	3980 	4094
f 3333 	4082 	3337
f 3929 	4089 	5010
f 4082 	4083 	3337
f 3514 	3929 	3515
f 4085 	3751 	4084
f 3751 	3928 	4084
f 4085 	4084 	3517
f 3516 	3517 	4084
f 4086 	3746 	3927
f 3927 	3510 	4086
f 3518 	4086 	3510
f 4092 	3975 	3917
f 3752 	3745 	4086
f 3518 	3507 	3752
f 3518 	3752 	4086
f 4090 	4162 	3945
f 3266 	3558 	4087
f 3887 	4095 	4096
f 4093 	4094 	3980
f 4095 	4122 	4096
f 4097 	3982 	3981
f 4094 	4097 	3981
f 3519 	4089 	3929
f 3519 	3929 	3514
f 4095 	3887 	3888
f 3926 	3750 	4085
f 3517 	3511 	3926
f 3517 	3926 	4085
f 4084 	3928 	4089
f 3519 	3516 	4089
f 4084 	4089 	3516
f 3888 	4100 	4095
f 4098 	3984 	4099
f 4100 	4128 	4095
f 3241 	4101 	4099
f 3241 	4099 	3242
f 4099 	4101 	4098
f 4102 	4103 	4101
f 4103 	4098 	4101
f 1217 	3908 	3906
f 1217 	3906 	1218
f 3906 	3908 	4515
f 3280 	3906 	3287
f 4513 	4515 	3908
f 7796 	3743 	3670
f 4087 	4082 	3333
f 7796 	7795 	3743
f 4082 	4091 	4083
f 4088 	4082 	3564
f 4087 	3564 	4082
f 7803 	7802 	3751
f 4088 	4091 	4082
f 3751 	3750 	7803
f 7804 	7803 	3750
f 4091 	4105 	4104
f 4091 	4104 	4083
f 4108 	4111 	1222
f 7809 	7808 	3745
f 1221 	4108 	1222
f 1223 	4111 	1206
f 3749 	7805 	3750
f 4108 	1221 	1219
f 4110 	4107 	1226
f 1225 	4110 	1226
f 4104 	4137 	4106
f 3832 	3831 	7821
f 7822 	7821 	3831
f 4110 	1225 	1224
f 3832 	7821 	3833
f 4104 	4105 	4137
f 7820 	3745 	3833
f 3827 	7810 	3840
f 4136 	4139 	4107
f 7811 	7813 	3840
f 1219 	1220 	4136
f 4107 	4110 	4136
f 1227 	4107 	1228
f 4890 	3346 	4109
f 1227 	1226 	4107
f 7824 	7823 	3849
f 7824 	3849 	3843
f 1223 	1222 	4111
f 3340 	4106 	4109
f 4115 	4116 	4109
f 4110 	1224 	4114
f 4104 	4106 	3340
f 4108 	1219 	4136
f 2908 	4052 	2909
f 4051 	2909 	4052
f 4108 	4136 	4110
f 2909 	4051 	4053
f 4115 	4117 	4116
f 4054 	2911 	4053
f 3892 	4111 	3893
f 4054 	4055 	2911
f 2912 	2911 	4055
f 4114 	4111 	4108
f 4110 	4114 	4108
f 4111 	4114 	3893
f 2912 	4055 	4056
f 4115 	4109 	4106
f 1233 	4121 	1229
f 4117 	4118 	4116
f 1230 	4125 	1231
f 4057 	4058 	2917
f 4107 	4125 	1228
f 4058 	4059 	2920
f 2921 	2920 	4059
f 1270 	1207 	3893
f 3863 	3891 	4100
f 4121 	4114 	1229
f 1233 	4120 	4121
f 4122 	4123 	4096
f 1232 	4124 	4120
f 1232 	4120 	1233
f 4117 	4119 	4118
f 1231 	4125 	1232
f 4124 	1232 	4125
f 1230 	1228 	4125
f 4127 	4123 	4126
f 1224 	1229 	4114
f 4518 	1270 	3893
f 4122 	4126 	4123
f 4120 	4521 	4121
f 4109 	4116 	4890
f 4128 	4122 	4095
f 4107 	4139 	4125
f 4124 	4125 	4147
f 4100 	3913 	4128
f 3893 	4114 	4518
f 4121 	4518 	4114
f 3891 	3913 	4100
f 1234 	4129 	4130
f 1234 	4130 	1235
f 1234 	1243 	4129
f 4133 	4129 	1243
f 3913 	4145 	4128
f 1237 	4153 	4132
f 1237 	4132 	4131
f 1237 	4131 	1236
f 4147 	4139 	1238
f 4980 	4119 	4479
f 4134 	4130 	4133
f 4129 	4133 	4130
f 1241 	4136 	1220
f 1239 	1238 	4139
f 1239 	4139 	1240
f 4136 	1240 	4139
f 1240 	4136 	1241
f 4147 	4125 	4139
f 4133 	4496 	4134
f 1243 	1253 	4133
f 4135 	4138 	4115
f 4138 	4117 	4115
f 1235 	4130 	1273
f 4106 	4135 	4115
f 1246 	4147 	1238
f 4106 	4137 	4135
f 1247 	4148 	4147
f 1247 	4147 	1246
f 4140 	4119 	4117
f 4119 	4140 	4141
f 4508 	4146 	1245
f 4140 	4117 	4138
f 1244 	4146 	1242
f 4134 	1242 	4146
f 4158 	4464 	4143
f 4147 	4148 	4124
f 4148 	4522 	4124
f 4146 	4525 	4134
f 4130 	4134 	4525
f 1248 	4153 	1237
f 4134 	1249 	1242
f 4142 	4143 	4466
f 4155 	4154 	1251
f 4155 	1251 	1250
f 4134 	4155 	1249
f 1256 	4498 	1255
f 1255 	4153 	1248
f 1253 	1236 	4131
f 4145 	4144 	4128
f 4145 	4162 	4144
f 4151 	3592 	4150
f 1252 	1251 	4154
f 4126 	4156 	4127
f 4144 	4126 	4122
f 4151 	3593 	3592
f 4144 	4122 	4128
f 4157 	4156 	4126
f 3593 	4152 	4160
f 4144 	4157 	4126
f 4161 	4156 	4157
f 4144 	4162 	4157
f 4162 	4163 	4157
f 6722 	4093 	4092
f 4163 	4161 	4157
f 6721 	4094 	4093
f 3913 	3940 	4145
f 3945 	4162 	4145
f 4162 	4166 	4163
f 4164 	4165 	4168
f 3943 	3945 	4145
f 4164 	1127 	4165
f 4167 	4163 	4166
f 1856 	1127 	4170
f 4166 	4162 	4090
f 1129 	4165 	1127
f 4169 	4164 	4168
f 4161 	4163 	7363
f 4171 	4172 	4169
f 4171 	4169 	4174
f 4173 	4175 	3585
f 4171 	4174 	4176
f 4177 	4178 	4164
f 4177 	4164 	4169
f 4172 	4177 	4169
f 3579 	4173 	3585
f 4178 	4170 	4164
f 3819 	4175 	4173
f 3579 	3572 	4173
f 4168 	4165 	4192
f 3881 	4180 	3879
f 2983 	4182 	4181
f 3819 	4179 	4175
f 2982 	4182 	2983
f 4184 	4180 	4187
f 4196 	4185 	4186
f 4188 	4186 	4185
f 4180 	4184 	4183
f 4185 	4189 	4188
f 4186 	4182 	4190
f 4186 	4188 	4182
f 4179 	4183 	4191
f 2977 	4190 	2982
f 4182 	2982 	4190
f 4189 	4192 	4188
f 4188 	4181 	4182
f 4191 	4175 	4179
f 4192 	4181 	4188
f 3879 	4180 	4183
f 3879 	4183 	4179
f 4179 	3819 	3821
f 4165 	4181 	4192
f 1129 	2983 	4181
f 4165 	1129 	4181
f 3010 	4193 	3008
f 4193 	4194 	4195
f 3014 	3008 	4193
f 4195 	3014 	4193
f 4195 	4196 	4186
f 3014 	4195 	4190
f 4190 	2977 	3014
f 4186 	4190 	4195
f 4194 	4196 	4195
f 4199 	4198 	4197
f 4194 	4199 	4196
f 4199 	4197 	4196
f 4197 	4185 	4196
f 4201 	4168 	4202
f 4192 	4202 	4168
f 4204 	4205 	4203
f 4202 	4189 	4203
f 4203 	4205 	4202
f 4192 	4189 	4202
f 4201 	4202 	4205
f 4205 	4206 	4201
f 4201 	4206 	4174
f 4206 	4207 	4174
f 4201 	4169 	4168
f 4201 	4174 	4169
f 4176 	4174 	4208
f 4207 	4208 	4174
f 4207 	4209 	4208
f 4207 	4206 	5224
f 4210 	4197 	4211
f 4210 	4185 	4197
f 4203 	4210 	4212
f 4203 	4212 	4204
f 4213 	4200 	5028
f 4211 	4198 	4200
f 4200 	4213 	4211
f 4197 	4198 	4211
f 4214 	4216 	4213
f 4212 	4211 	4213
f 4216 	4212 	4213
f 4212 	4210 	4211
f 4216 	4204 	4212
f 4189 	4185 	4210
f 4210 	4203 	4189
f 4204 	4216 	5234
f 3367 	4217 	4218
f 3367 	4218 	3368
f 4218 	3010 	3368
f 4219 	4217 	3367
f 4219 	4220 	4217
f 4220 	4199 	4217
f 4218 	4217 	4194
f 3010 	4218 	4193
f 4193 	4218 	4194
f 4199 	4194 	4217
f 4223 	4220 	4219
f 4583 	4198 	4220
f 4223 	4219 	3619
f 4219 	3367 	3619
f 4583 	4223 	4222
f 4224 	4590 	4225
f 4227 	4592 	4228
f 4551 	4221 	4229
f 4582 	4222 	4221
f 4582 	4221 	4551
f 4187 	4234 	4184
f 4227 	4226 	4591
f 4180 	4241 	4187
f 3881 	4241 	4180
f 4184 	4230 	4183
f 3597 	4232 	3598
f 4231 	4233 	4232
f 4231 	4232 	3597
f 4230 	4233 	4191
f 4231 	4191 	4233
f 4191 	4183 	4230
f 4175 	4191 	4231
f 4235 	4236 	4234
f 4237 	4238 	4233
f 4233 	4230 	4237
f 4233 	4238 	4232
f 4230 	4236 	4237
f 4184 	4236 	4230
f 4184 	4234 	4236
f 4187 	4241 	4239
f 4241 	4242 	4239
f 4239 	4242 	4240
f 4243 	4244 	4240
f 4242 	4243 	4240
f 3886 	4242 	4241
f 3881 	3886 	4241
f 4242 	3887 	4243
f 4243 	3887 	4096
f 4242 	3886 	3887
f 4012 	4245 	4013
f 4081 	4270 	4010
f 4079 	4078 	4268
f 4260 	4264 	4075
f 4080 	4270 	4081
f 4000 	3999 	5662
f 3998 	3996 	5662
f 3995 	3994 	5662
f 3993 	4005 	5662
f 5662 	4003 	4004
f 4004 	4009 	5662
f 4007 	4017 	3182
f 4015 	4014 	3182
f 4008 	3182 	4009
f 4064 	4063 	4284
f 4028 	4027 	4284
f 4284 	4026 	4025
f 4024 	4284 	4025
f 4018 	5662 	4019
f 4001 	5662 	4018
f 4000 	5662 	4001
f 4284 	4021 	5662
f 4023 	4021 	4284
f 4248 	1759 	4249
f 1758 	1759 	4248
f 4250 	4013 	4245
f 4255 	3182 	4254
f 4254 	3182 	4253
f 4251 	4014 	4256
f 3182 	4014 	4251
f 4252 	3182 	4251
f 4253 	3182 	4252
f 4250 	4256 	4013
f 4246 	3182 	4255
f 4247 	3182 	4246
f 4247 	4249 	3182
f 1760 	3182 	1757
f 1763 	3182 	1762
f 4076 	4075 	4264
f 4263 	2704 	4262
f 4259 	2704 	4263
f 4259 	4260 	2704
f 4245 	4012 	4266
f 4080 	4079 	4269
f 4270 	4080 	4269
f 4266 	4010 	4267
f 4267 	4010 	4270
f 4268 	4269 	4079
f 4268 	4078 	4265
f 4271 	2004 	4258
f 2005 	2001 	4258
f 4261 	2704 	4271
f 4262 	2704 	4261
f 4265 	4076 	4264
f 2704 	2000 	4271
f 4272 	4273 	2001
f 4257 	4258 	2001
f 4273 	4257 	2001
f 3993 	3994 	3390
f 3390 	3994 	3995
f 3390 	3995 	3391
f 3391 	3995 	3996
f 3998 	3393 	3996
f 3998 	3999 	3393
f 3394 	3393 	3999
f 3394 	3999 	3395
f 4000 	3395 	3999
f 4000 	4001 	3395
f 3396 	3395 	4001
f 4001 	4018 	3396
f 4003 	3398 	4004
f 3398 	4003 	3399
f 4005 	3399 	4003
f 3399 	4005 	3993
f 3400 	4017 	4007
f 3400 	4007 	4008
f 3400 	4008 	3401
f 3401 	4008 	4009
f 3436 	4010 	3403
f 3403 	4010 	4012
f 4013 	3405 	4012
f 3405 	4013 	3406
f 4014 	3406 	4013
f 4015 	3407 	3406
f 4015 	3406 	4014
f 3407 	4015 	4016
f 3409 	4016 	4017
f 4017 	3400 	3409
f 3410 	3396 	4018
f 3410 	4018 	4019
f 4021 	3412 	4019
f 3412 	4021 	3413
f 4023 	3413 	4021
f 3413 	4023 	4024
f 3417 	4026 	4027
f 3417 	4027 	3418
f 4028 	3418 	4027
f 4028 	4063 	3418
f 3419 	3418 	4063
f 3419 	4063 	3420
f 4064 	3420 	4063
f 4064 	4066 	3420
f 3421 	3420 	4066
f 3421 	4066 	4067
f 4071 	3426 	4070
f 3426 	4071 	4072
f 3429 	4073 	4074
f 3429 	4074 	3430
f 4075 	3430 	4074
f 4076 	3431 	3430
f 4076 	3430 	4075
f 4076 	4077 	3431
f 3432 	3431 	4077
f 3432 	4077 	4078
f 3434 	4078 	4079
f 3434 	4079 	3435
f 4080 	3435 	4079
f 4080 	4081 	3435
f 3436 	3435 	4081
f 4010 	3436 	4081
f 3440 	978 	1758
f 4245 	4266 	3437
f 3438 	4247 	3439
f 4246 	3439 	4247
f 4249 	4247 	3441
f 3438 	3441 	4247
f 4248 	3440 	1758
f 4248 	4249 	3440
f 4245 	3437 	3442
f 4245 	3442 	4250
f 3443 	4252 	4251
f 3445 	4252 	3443
f 3447 	4255 	4254
f 4252 	3445 	4253
f 4253 	3445 	4254
f 4256 	4250 	3448
f 3442 	3448 	4250
f 4251 	4256 	3448
f 4255 	3446 	4246
f 3451 	3450 	4257
f 4258 	4257 	3450
f 4259 	3453 	3452
f 4259 	3452 	4260
f 4261 	3455 	4262
f 3453 	4259 	3456
f 4263 	3456 	4259
f 3457 	4264 	3452
f 4260 	3452 	4264
f 3456 	4263 	3454
f 4262 	3454 	4263
f 4265 	4264 	3457
f 3459 	3437 	4266
f 4267 	3460 	3459
f 4267 	3459 	4266
f 3461 	4268 	4265
f 4268 	3461 	4269
f 3462 	4269 	3461
f 4269 	3462 	4270
f 3463 	4270 	3462
f 3460 	4267 	3463
f 4270 	3463 	4267
f 4271 	4258 	3464
f 3450 	3464 	4258
f 4271 	3464 	4261
f 4273 	3451 	4257
f 2006 	992 	4272
f 4272 	3466 	4273
f 3451 	4273 	3465
f 3411 	3412 	4276
f 5668 	5669 	4276
f 4275 	4277 	4274
f 4276 	4274 	4277
f 3388 	4276 	3371
f 4281 	4278 	4280
f 4279 	4280 	4278
f 4283 	4282 	4275
f 4277 	4275 	4282
f 4275 	4274 	4285
f 4274 	967 	4285
f 4283 	4275 	4286
f 4285 	4286 	4275
f 4282 	4283 	4287
f 4286 	4287 	4283
f 4299 	4295 	4288
f 4292 	4295 	4291
f 4292 	4290 	4295
f 4289 	4295 	4290
f 4313 	4302 	4296
f 5501 	4295 	5497
f 4293 	4295 	4296
f 4289 	5491 	4288
f 5494 	4292 	4291
f 4292 	5494 	5495
f 5495 	4290 	4292
f 4294 	5497 	4293
f 5490 	4299 	4288
f 4293 	5497 	4295
f 4289 	4288 	4295
f 4299 	4298 	4295
f 4297 	4295 	4298
f 4297 	4300 	4295
f 4312 	4295 	4300
f 4303 	4313 	4301
f 4302 	4313 	4304
f 4303 	4304 	4313
f 4313 	4296 	4295
f 4293 	4296 	4306
f 4302 	4309 	4296
f 4308 	4306 	4296
f 4305 	4294 	4306
f 4294 	4293 	4306
f 4309 	4308 	4296
f 5687 	5686 	4306
f 4305 	4306 	4307
f 4328 	4327 	4311
f 4311 	4310 	4332
f 4331 	4332 	4310
f 4315 	4318 	4316
f 4318 	4301 	4316
f 4313 	4295 	4314
f 4312 	4314 	4295
f 5728 	4316 	4313
f 4323 	4324 	4319
f 4320 	4330 	4310
f 4325 	4330 	4320
f 4313 	4316 	4301
f 4320 	4319 	4325
f 4317 	4318 	4321
f 4315 	4321 	4318
f 4322 	4317 	4321
f 4325 	4319 	4324
f 4323 	4317 	4322
f 4319 	4317 	4323
f 4307 	4311 	4326
f 4331 	4310 	4330
f 4332 	4328 	4311
f 4327 	4326 	4311
f 4329 	4307 	4326
f 4305 	4307 	4329
f 4297 	5669 	4300
f 4300 	5668 	4312
f 5677 	4301 	5720
f 5677 	5676 	4301
f 4310 	4311 	5680
f 4310 	5680 	5694
f 4298 	5670 	4297
f 5675 	5674 	4303
f 5676 	5675 	4303
f 5678 	5498 	4305
f 5688 	5687 	4306
f 5689 	5688 	4308
f 4309 	4302 	5692
f 4060 	2922 	4059
f 2921 	4059 	2922
f 2922 	4060 	4061
f 2924 	4061 	4062
f 4065 	2926 	4062
f 2908 	2926 	4052
f 4055 	4054 	4056
f 4054 	4053 	4056
f 4056 	4053 	4051
f 4056 	4051 	4052
f 4056 	4052 	4065
f 4056 	4065 	4062
f 4056 	4062 	4061
f 4020 	4056 	4059
f 4059 	4058 	4020
f 4022 	4020 	4058
f 4057 	4022 	4058
f 4333 	4334 	10608
f 4334 	4045 	10608
f 4333 	2943 	4334
f 2942 	4045 	4334
f 4335 	10608 	4336
f 4336 	2944 	4335
f 4338 	10608 	3873
f 4337 	10608 	4338
f 2946 	2945 	4338
f 4338 	3873 	2946
f 2892 	2946 	3873
f 4342 	4343 	4339
f 4354 	4362 	6037
f 4353 	4347 	6037
f 4352 	4351 	6037
f 4351 	4353 	6037
f 4346 	6037 	4347
f 4362 	4361 	6037
f 4357 	6037 	4358
f 4349 	4355 	6037
f 4363 	6037 	4364
f 4365 	4364 	6037
f 4365 	6037 	4361
f 4355 	4354 	6037
f 4360 	6037 	4363
f 4359 	6037 	4360
f 4358 	6037 	4359
f 4356 	6037 	4357
f 4366 	6037 	4356
f 4350 	4349 	6037
f 4345 	6086 	4340
f 6903 	6905 	4374
f 6068 	6070 	4370
f 6078 	6077 	4385
f 4377 	4376 	6072
f 4375 	4371 	6070
f 4371 	4370 	6070
f 6081 	6078 	4385
f 6903 	4374 	4378
f 4374 	4373 	4368
f 4379 	4368 	4369
f 4379 	4378 	4368
f 4378 	4374 	4368
f 4382 	4345 	4380
f 4384 	6927 	4383
f 4345 	6081 	4385
f 4384 	4383 	4345
f 6927 	4381 	4383
f 4385 	4384 	4345
f 4345 	4383 	4381
f 4381 	4380 	4345
f 4388 	4393 	4368
f 4386 	4389 	4401
f 4389 	4388 	4402
f 4392 	4397 	4391
f 6906 	4369 	4394
f 4403 	4402 	4368
f 4368 	4402 	4388
f 4369 	4368 	4394
f 4394 	4368 	4393
f 7027 	4403 	4395
f 4396 	4390 	4397
f 4398 	4390 	4396
f 7026 	7025 	4400
f 4399 	4397 	4392
f 4392 	4387 	4399
f 7027 	7026 	4402
f 4400 	4399 	4387
f 4403 	7027 	4402
f 4401 	4389 	4402
f 4387 	4386 	4400
f 4368 	4395 	4403
f 4401 	4400 	4386
f 4404 	4408 	2931
f 4391 	4397 	4390
f 4408 	4404 	7033
f 7033 	4409 	4408
f 4408 	4409 	2931
f 4415 	4414 	4409
f 4390 	4410 	4407
f 6928 	7032 	4382
f 4406 	4405 	2931
f 4405 	4404 	2931
f 4410 	4390 	4398
f 4415 	4409 	4416
f 4410 	7028 	4416
f 7028 	7030 	4416
f 2931 	4409 	4414
f 4414 	4412 	2931
f 4411 	4413 	2931
f 4407 	4416 	4409
f 4416 	4407 	4410
f 4412 	4411 	2931
f 4413 	4504 	2931
f 4382 	4406 	2931
f 4493 	4395 	4368
f 4102 	4654 	4417
f 4098 	4103 	3248
f 4417 	3245 	3246
f 4103 	4417 	3246
f 4103 	3246 	3248
f 4417 	4437 	3249
f 4417 	3249 	3245
f 4103 	4102 	4417
f 4037 	3252 	3214
f 4113 	5021 	4112
f 3593 	4151 	4152
f 4425 	3652 	4424
f 4429 	4860 	4428
f 4482 	4240 	4244
f 4865 	4863 	4430
f 4159 	4160 	4458
f 5020 	5030 	4112
f 3254 	4418 	4047
f 3254 	4047 	3240
f 3252 	4432 	4433
f 3252 	4433 	3253
f 3253 	4433 	4418
f 3253 	4418 	3254
f 4037 	4432 	3252
f 4418 	4433 	4432
f 4418 	4432 	4037
f 3601 	4434 	3602
f 4240 	4435 	4239
f 3600 	4436 	4434
f 3600 	4434 	3601
f 3249 	4437 	3259
f 4234 	4438 	4235
f 3256 	4439 	4440
f 3256 	4440 	3257
f 4439 	3256 	3255
f 4439 	3255 	4437
f 4441 	4442 	4438
f 3259 	4437 	3255
f 3257 	4440 	3599
f 4436 	3599 	4440
f 3599 	4436 	3600
f 4234 	4441 	4438
f 4422 	4473 	4431
f 3610 	3124 	3984
f 4435 	4443 	4442
f 3617 	4098 	3250
f 1250 	1249 	4155
f 4445 	4453 	4469
f 4445 	4469 	4446
f 4441 	4435 	4442
f 4449 	5408 	4448
f 5408 	5402 	4448
f 4451 	5408 	4449
f 4452 	5408 	4451
f 4454 	4456 	4469
f 4441 	4239 	4435
f 4456 	4457 	4469
f 4475 	4469 	4457
f 4453 	4454 	4469
f 4458 	4455 	4159
f 4234 	4187 	4441
f 4462 	5404 	4461
f 4461 	5404 	4460
f 4187 	4239 	4441
f 4240 	4482 	4435
f 4476 	4465 	4470
f 4143 	4464 	4466
f 4465 	3651 	4470
f 4470 	4860 	4472
f 4863 	4865 	4472
f 4473 	5030 	5019
f 4455 	4464 	4158
f 4474 	4475 	4457
f 4474 	5099 	4475
f 4468 	4446 	4469
f 4158 	4159 	4455
f 4160 	4450 	4458
f 4467 	4444 	4468
f 4465 	4476 	4477
f 4160 	4152 	4450
f 4442 	5518 	4438
f 4476 	5094 	4477
f 4475 	5094 	4476
f 7840 	7839 	4445
f 4141 	4479 	4119
f 5507 	4530 	4492
f 4141 	4142 	4479
f 4482 	4483 	4443
f 4435 	4482 	4443
f 4480 	4484 	4492
f 4479 	4142 	4466
f 5507 	4492 	4487
f 4488 	4487 	4492
f 4486 	5507 	4487
f 4981 	4479 	4466
f 7037 	4490 	4491
f 4228 	4592 	4589
f 4491 	4492 	4484
f 4490 	4492 	4491
f 4489 	4492 	4490
f 4220 	4198 	4199
f 4492 	4520 	4480
f 4313 	4314 	5725
f 5737 	5720 	4318
f 4489 	4488 	4492
f 4368 	5507 	4493
f 4486 	4493 	5507
f 4529 	4528 	4492
f 4496 	4133 	1253
f 4496 	1253 	4131
f 4436 	4659 	4434
f 2932 	2931 	4504
f 4440 	4656 	4436
f 4154 	4155 	4497
f 4153 	4497 	4155
f 4132 	4153 	4131
f 4153 	4155 	4496
f 4134 	4496 	4155
f 4496 	4131 	4153
f 1255 	4497 	4153
f 4498 	4497 	1255
f 4502 	4499 	7045
f 4503 	4502 	7045
f 4519 	5476 	4505
f 7044 	4500 	4504
f 4500 	4499 	2932
f 7044 	4504 	4413
f 4504 	4500 	2932
f 1258 	4508 	1245
f 4154 	1259 	1252
f 4499 	4502 	2932
f 4502 	4503 	2932
f 4520 	4519 	4505
f 4505 	4481 	4520
f 4481 	4480 	4520
f 1257 	4507 	4509
f 1257 	4509 	1265
f 4498 	1256 	4509
f 1265 	4509 	1256
f 4507 	4527 	4510
f 1257 	1275 	4507
f 1264 	4508 	1258
f 1244 	1245 	4146
f 4508 	4510 	4527
f 4510 	4512 	4507
f 4508 	1264 	4510
f 1263 	4510 	1264
f 1259 	4511 	1260
f 1262 	4512 	4510
f 1262 	4510 	1263
f 1261 	4512 	1262
f 4511 	4512 	1260
f 1261 	1260 	4512
f 1259 	4154 	4511
f 4507 	4512 	4509
f 4498 	4509 	4511
f 4511 	4154 	4498
f 4511 	4509 	4512
f 4497 	4498 	4154
f 1267 	4513 	3908
f 1267 	3908 	1217
f 4530 	5507 	4514
f 1269 	1268 	4515
f 3287 	4515 	1268
f 1269 	4515 	4513
f 1269 	4513 	1266
f 3287 	3906 	4515
f 1266 	4513 	1267
f 1270 	4518 	4521
f 1270 	4521 	1271
f 1271 	4521 	4522
f 1271 	4522 	1272
f 4120 	4522 	4521
f 4518 	4121 	4521
f 4520 	4492 	4516
f 4506 	4505 	5476
f 7051 	7049 	4524
f 4148 	1247 	4522
f 1272 	4522 	1247
f 4130 	4525 	1273
f 1273 	4525 	4526
f 1273 	4526 	1274
f 4120 	4124 	4522
f 4523 	4517 	4492
f 4517 	4516 	4492
f 4526 	4525 	4146
f 4146 	4508 	4526
f 4527 	4526 	4508
f 7051 	4524 	4528
f 1274 	4526 	4527
f 1274 	4527 	1275
f 4529 	7052 	4528
f 4527 	4507 	1275
f 4524 	4492 	4528
f 1278 	10731 	1279
f 7052 	4529 	4530
f 1286 	4532 	4531
f 1286 	4531 	1285
f 4529 	4492 	4530
f 4524 	4523 	4492
f 4533 	4537 	4532
f 1287 	4533 	4532
f 1287 	4532 	1286
f 1288 	4534 	4533
f 1288 	4533 	1287
f 1300 	4534 	1288
f 4535 	1289 	1285
f 4535 	1285 	4531
f 4537 	1292 	1291
f 1295 	4539 	1296
f 1293 	1292 	4537
f 1291 	1290 	4536
f 5736 	5735 	4316
f 4537 	1291 	4538
f 1294 	4539 	1295
f 5728 	4313 	5725
f 4540 	1293 	4537
f 4539 	1294 	4540
f 1293 	4540 	1294
f 4538 	1291 	4536
f 4532 	4537 	4531
f 4535 	4531 	4538
f 4538 	4531 	4537
f 4534 	4540 	4533
f 4537 	4533 	4540
f 4539 	4540 	4534
f 4320 	5742 	4319
f 4536 	4535 	4538
f 1297 	4541 	4542
f 1297 	4542 	1298
f 4578 	1298 	4542
f 5694 	5679 	4310
f 1296 	4539 	4555
f 4301 	4318 	5720
f 1299 	4543 	4544
f 1299 	4544 	1300
f 1300 	4544 	4534
f 4541 	4557 	4542
f 4543 	4539 	4544
f 4555 	4539 	4543
f 4539 	4534 	4544
f 1254 	4535 	4501
f 1289 	4535 	1254
f 4545 	1301 	4549
f 5758 	5757 	4321
f 4545 	4536 	1301
f 1301 	4536 	1290
f 4545 	4549 	4501
f 4536 	4545 	4501
f 4536 	4501 	4535
f 1308 	4573 	1356
f 4315 	5762 	4321
f 4575 	4546 	1302
f 4575 	1302 	1360
f 1303 	4549 	1301
f 4549 	1303 	1302
f 4549 	1302 	4546
f 4314 	5724 	5725
f 1307 	1306 	4547
f 4548 	4547 	1306
f 1305 	1304 	4548
f 1305 	4548 	1306
f 1254 	4501 	1308
f 4550 	1308 	4501
f 4550 	4573 	1308
f 4561 	4576 	4548
f 4550 	4501 	4549
f 4549 	4546 	4550
f 4573 	4550 	4546
f 4482 	4485 	4483
f 4556 	4571 	1319
f 4244 	4485 	4482
f 1330 	4559 	1317
f 4572 	4557 	1321
f 1321 	4557 	1297
f 1310 	4543 	1299
f 4555 	4554 	1326
f 1310 	4553 	4543
f 1310 	1317 	4553
f 1316 	1326 	4554
f 4554 	1332 	1316
f 4555 	1326 	1296
f 5610 	4552 	4485
f 4557 	4541 	1297
f 4578 	4542 	4556
f 4557 	4556 	4542
f 4553 	4560 	4554
f 4554 	4555 	4553
f 4543 	4553 	4555
f 4552 	5610 	5612
f 4571 	4556 	4557
f 4571 	4557 	4572
f 1329 	4559 	1330
f 4553 	1317 	4559
f 3811 	4567 	4558
f 1334 	4561 	1329
f 1371 	1298 	4578
f 3811 	3598 	4567
f 1339 	4556 	1319
f 1304 	4560 	4548
f 1333 	4560 	1304
f 1333 	1332 	4560
f 4560 	1332 	4554
f 4561 	4559 	1329
f 4567 	3598 	4564
f 1339 	4562 	4556
f 4560 	4559 	4548
f 4553 	4559 	4560
f 4561 	4548 	4559
f 4556 	4562 	4578
f 4232 	4564 	3598
f 1341 	4563 	4599
f 1341 	4599 	1405
f 4600 	4563 	4565
f 4599 	4563 	4600
f 4558 	4567 	4566
f 1342 	1406 	4568
f 4600 	4568 	1406
f 1342 	4568 	4569
f 1342 	4569 	1343
f 1343 	4569 	4565
f 1343 	4565 	1346
f 4569 	4568 	4565
f 4600 	4565 	4568
f 1339 	1351 	4562
f 4570 	4562 	1351
f 1348 	4571 	4572
f 1348 	4572 	1349
f 1348 	1319 	4571
f 1349 	4572 	1321
f 4232 	4238 	4564
f 4562 	4570 	4584
f 4584 	4570 	1351
f 1393 	4586 	1341
f 4563 	1341 	4586
f 4565 	4586 	4588
f 4563 	4586 	4565
f 4588 	1395 	4565
f 1356 	4573 	4574
f 1356 	4574 	1357
f 4567 	4564 	4641
f 4547 	4575 	1359
f 1360 	1359 	4575
f 4547 	1359 	1307
f 4575 	4547 	4574
f 4574 	4573 	4575
f 4546 	4575 	4573
f 4547 	4548 	4576
f 4577 	4574 	4547
f 4576 	4577 	4547
f 1357 	4574 	4577
f 1357 	4577 	1363
f 4577 	4576 	1363
f 4238 	4579 	4564
f 1363 	4576 	1358
f 10731 	1278 	10736
f 1358 	4561 	1334
f 4576 	4561 	1358
f 1371 	4578 	4584
f 1371 	4584 	1390
f 4578 	4562 	4584
f 4220 	4223 	4583
f 4582 	4583 	4222
f 1390 	4584 	1351
f 4587 	4588 	4585
f 4586 	4616 	4588
f 1395 	4588 	4587
f 1395 	4587 	1396
f 4582 	4200 	4583
f 1346 	4565 	1395
f 4587 	4585 	1391
f 4587 	1391 	1396
f 4200 	4198 	4583
f 10731 	10730 	1279
f 4551 	4589 	5033
f 10730 	10732 	1279
f 1283 	10733 	1284
f 1368 	1372 	10737
f 4591 	4592 	4227
f 1368 	10737 	1366
f 10740 	10739 	1374
f 10751 	10740 	1400
f 4620 	4813 	4224
f 4593 	4226 	4225
f 4225 	4590 	4593
f 1386 	1284 	10749
f 10744 	10743 	1384
f 10744 	1384 	1386
f 4591 	4226 	4593
f 4229 	4228 	4589
f 3835 	4594 	1401
f 4589 	4551 	4229
f 1402 	4595 	1189
f 1401 	4594 	4595
f 1401 	4595 	1402
f 3835 	3852 	4594
f 1403 	4596 	4597
f 1403 	4597 	1404
f 1405 	4599 	4600
f 1405 	4600 	1406
f 4601 	4596 	4598
f 4597 	4596 	4601
f 4224 	4813 	4590
f 4598 	1407 	4601
f 1408 	4601 	1407
f 5031 	4592 	4591
f 1404 	4597 	4601
f 1404 	4601 	1408
f 4602 	1409 	4604
f 4604 	1409 	1410
f 4605 	1412 	1411
f 4605 	1411 	4603
f 1412 	4605 	4604
f 1412 	4604 	1410
f 4602 	4604 	4603
f 4604 	4605 	4603
f 1423 	1409 	4602
f 4603 	1411 	4606
f 1413 	4606 	1411
f 1415 	4607 	4608
f 1415 	4608 	1414
f 4608 	4621 	4606
f 4607 	4621 	4608
f 4602 	4606 	4621
f 4603 	4606 	4602
f 4607 	1415 	4611
f 1418 	4611 	1415
f 1416 	4612 	4613
f 1416 	4613 	1417
f 4606 	1413 	4613
f 1417 	4613 	1413
f 4608 	4612 	1416
f 4608 	1416 	1414
f 4612 	4608 	4613
f 4606 	4613 	4608
f 1419 	1391 	4616
f 4585 	4616 	1391
f 1419 	4616 	4617
f 1419 	4617 	1422
f 4596 	1420 	4618
f 4619 	1421 	4598
f 1421 	4619 	4618
f 1421 	4618 	1420
f 1422 	4617 	4586
f 1422 	4586 	1393
f 1420 	4596 	1403
f 1421 	1407 	4598
f 4585 	4588 	4616
f 4617 	4616 	4586
f 4598 	4596 	4619
f 4618 	4619 	4596
f 4602 	4621 	1423
f 1423 	4621 	4622
f 1423 	4622 	1847
f 1847 	4622 	4611
f 1847 	4611 	1418
f 4439 	4437 	4655
f 3606 	3618 	4623
f 3715 	3602 	4624
f 4434 	4624 	3602
f 4622 	4621 	4607
f 4622 	4607 	4611
f 1989 	1855 	4631
f 4626 	3617 	3616
f 4626 	3616 	4624
f 3610 	4625 	3618
f 1849 	4627 	4628
f 1849 	4628 	1850
f 4625 	4623 	3618
f 3715 	4624 	3616
f 3984 	4625 	3610
f 1850 	4628 	2067
f 4098 	3617 	4626
f 4627 	4975 	4628
f 4623 	3716 	3606
f 3716 	4623 	3717
f 4629 	1853 	1859
f 4625 	4626 	4623
f 4434 	4623 	4624
f 1854 	4630 	4631
f 1854 	4631 	1855
f 4624 	4623 	4626
f 4626 	4625 	4098
f 3984 	4098 	4625
f 3718 	4632 	4633
f 3718 	4633 	3719
f 4630 	1854 	2047
f 3719 	4633 	3897
f 4657 	5132 	4629
f 4579 	4580 	4581
f 4635 	3721 	3720
f 4635 	3720 	4636
f 3721 	4635 	3880
f 4651 	4637 	3722
f 4651 	4653 	4637
f 3951 	3722 	4637
f 3723 	4638 	4639
f 3723 	4639 	3724
f 3725 	4640 	4638
f 3725 	4638 	3723
f 4639 	4636 	3724
f 4581 	4641 	4579
f 4642 	3880 	4635
f 4567 	4641 	4566
f 3720 	3724 	4636
f 4638 	4640 	4639
f 4636 	4639 	4642
f 4564 	4579 	4641
f 4635 	4636 	4642
f 4640 	4642 	4639
f 4643 	3897 	4633
f 4579 	4644 	4580
f 4934 	4632 	3718
f 3725 	3950 	4640
f 4235 	4645 	4236
f 4665 	3948 	4642
f 3880 	4642 	3948
f 4579 	4238 	4644
f 5397 	3897 	4643
f 4633 	4632 	4643
f 4646 	4643 	4632
f 4640 	4667 	4642
f 4665 	4642 	4667
f 4646 	5398 	4643
f 3902 	4649 	3901
f 4647 	3901 	4649
f 4650 	3904 	3903
f 4650 	3903 	4648
f 3901 	4647 	4676
f 4644 	4237 	4645
f 4651 	3905 	4653
f 3905 	4651 	3907
f 3907 	4651 	3722
f 4644 	4238 	4237
f 4676 	4647 	4648
f 4237 	4236 	4645
f 4648 	4647 	4650
f 4647 	4649 	4650
f 3918 	4653 	3905
f 4581 	5472 	4641
f 3904 	4650 	3916
f 4652 	3916 	4650
f 3916 	4652 	4674
f 3901 	4676 	3962
f 5508 	4580 	4644
f 3919 	4677 	4653
f 3919 	4653 	3918
f 3902 	3956 	4649
f 4650 	4649 	4652
f 4649 	4673 	4652
f 4674 	4652 	4673
f 4675 	4676 	4648
f 4645 	5508 	4644
f 4677 	4670 	4653
f 3989 	4102 	3988
f 3128 	4102 	3989
f 4102 	3243 	4654
f 3922 	4655 	4654
f 3922 	4654 	3920
f 3921 	4655 	3922
f 3921 	3924 	4655
f 4437 	4417 	4654
f 1859 	4634 	4629
f 3923 	4656 	3924
f 4656 	4655 	3924
f 1861 	4657 	4658
f 1861 	4658 	1862
f 3930 	3717 	4659
f 4623 	4659 	3717
f 4657 	1861 	2147
f 3931 	4656 	3923
f 1862 	4658 	4634
f 1862 	4634 	1859
f 4623 	4434 	4659
f 4659 	4436 	4656
f 4655 	4656 	4440
f 4654 	4655 	4437
f 4440 	4439 	4655
f 4658 	4657 	4634
f 4629 	4634 	4657
f 3930 	4659 	4656
f 3930 	4656 	3931
f 3934 	4665 	4660
f 3934 	4660 	4662
f 3934 	4662 	3946
f 1864 	4663 	4661
f 1864 	4661 	1863
f 3946 	4662 	4669
f 4663 	1866 	4664
f 1865 	4664 	1866
f 4669 	4662 	4665
f 4660 	4665 	4662
f 1866 	4663 	1864
f 3948 	4665 	3934
f 4664 	1865 	1867
f 3949 	4666 	4667
f 3949 	4667 	3950
f 4667 	4640 	3950
f 4759 	1911 	4668
f 3952 	4669 	4666
f 3952 	4666 	3949
f 4637 	4670 	3951
f 1863 	4661 	1868
f 4666 	4669 	4667
f 4665 	4667 	4669
f 1870 	4671 	4668
f 1870 	4668 	1871
f 1869 	4671 	1870
f 4672 	1868 	4661
f 4669 	3952 	3946
f 4671 	1869 	4672
f 1868 	4672 	1869
f 4668 	4671 	4663
f 4663 	4664 	4668
f 4663 	4671 	4661
f 3962 	4676 	4677
f 3962 	4677 	3963
f 3963 	4677 	3919
f 4671 	4672 	4661
f 4673 	4649 	3956
f 3916 	4674 	3957
f 4843 	4678 	1902
f 4648 	3903 	4675
f 3958 	4675 	3903
f 1867 	4679 	4664
f 4676 	4675 	4677
f 4670 	4677 	4675
f 4637 	4653 	4670
f 3957 	4674 	4673
f 3957 	4673 	3956
f 3958 	3951 	4675
f 4670 	4675 	3951
f 4700 	1903 	4702
f 1905 	4702 	1903
f 10054 	5662 	4683
f 4683 	4680 	10054
f 4680 	4681 	10054
f 4685 	10054 	4684
f 4684 	10054 	4681
f 10054 	4685 	4697
f 4689 	4708 	4688
f 4687 	4688 	4708
f 4690 	4706 	4689
f 4682 	4683 	5662
f 4693 	4682 	5662
f 4692 	4693 	5662
f 4760 	1912 	4759
f 1911 	4759 	1912
f 4691 	4692 	5662
f 4691 	5662 	4694
f 4726 	4694 	3113
f 1871 	4668 	1911
f 1913 	1912 	4760
f 1909 	1907 	4751
f 1903 	4700 	1904
f 1904 	4700 	1907
f 4690 	4695 	4706
f 4706 	4707 	4689
f 4708 	4689 	4707
f 4709 	4687 	4708
f 4686 	4687 	4709
f 4705 	4706 	4695
f 4704 	4705 	4695
f 4698 	10054 	4697
f 4699 	10054 	4698
f 4699 	4710 	10054
f 4701 	4755 	4711
f 4713 	4755 	4712
f 4986 	4615 	4614
f 4722 	4696 	4716
f 4782 	4609 	3987
f 4714 	4755 	4713
f 4715 	4744 	4755
f 4714 	4715 	4755
f 4712 	4755 	4718
f 4718 	4755 	4720
f 4720 	4755 	4719
f 4704 	4696 	4703
f 3987 	4745 	4782
f 4721 	4696 	4724
f 4723 	4724 	4696
f 4721 	4703 	4696
f 4722 	4723 	4696
f 4725 	4717 	4696
f 4717 	4716 	4696
f 4728 	3113 	4727
f 4610 	4609 	4990
f 4726 	3113 	4728
f 4732 	3113 	4731
f 4727 	3113 	4732
f 4730 	4734 	4729
f 4734 	4735 	4729
f 4735 	4736 	4729
f 4736 	4737 	4729
f 4737 	4738 	4729
f 4696 	4729 	4738
f 4696 	4738 	4739
f 4696 	4739 	4733
f 4733 	4750 	4696
f 4696 	4704 	4695
f 4740 	3986 	3982
f 4741 	4742 	3117
f 3117 	4742 	4743
f 4740 	4745 	3986
f 3117 	4755 	4744
f 4744 	4741 	3117
f 3113 	3114 	4731
f 4754 	4696 	4753
f 4752 	4753 	4696
f 4725 	4696 	4754
f 4750 	4752 	4696
f 4747 	3117 	4743
f 4748 	4746 	3117
f 4731 	3114 	4746
f 4747 	4748 	3117
f 1913 	4749 	1914
f 4700 	4751 	1907
f 4679 	1910 	4751
f 1909 	4751 	1910
f 4679 	1867 	1910
f 4757 	4758 	4756
f 4758 	10054 	4756
f 4762 	4779 	4756
f 4749 	1913 	4760
f 3119 	4764 	4756
f 4762 	4756 	4765
f 4765 	4756 	4764
f 4749 	4700 	4702
f 4763 	4764 	3119
f 4766 	4763 	3119
f 4824 	4822 	4761
f 4768 	4757 	4767
f 4769 	4757 	4768
f 4773 	4815 	4772
f 4816 	4800 	4772
f 4774 	4815 	4773
f 4771 	4772 	4795
f 4756 	4778 	4777
f 4767 	4757 	4775
f 4776 	4757 	4777
f 4775 	4757 	4776
f 4778 	4756 	4779
f 4097 	4740 	3982
f 4781 	4835 	4780
f 4767 	4775 	4784
f 4783 	4784 	4775
f 4756 	4777 	4757
f 4786 	4783 	4775
f 6740 	4740 	4097
f 4788 	4789 	4786
f 4775 	4788 	4786
f 4785 	4786 	4789
f 4780 	4835 	4792
f 4792 	4835 	4791
f 4803 	4790 	4838
f 4797 	4770 	4796
f 4740 	5022 	4745
f 4782 	4745 	5023
f 4795 	4796 	4771
f 4795 	4772 	4800
f 4770 	4771 	4796
f 4802 	4817 	4810
f 4837 	4838 	4790
f 4803 	4838 	4805
f 4791 	4837 	4790
f 4807 	4811 	4806
f 4801 	4806 	4812
f 4812 	4808 	4801
f 4787 	4785 	4789
f 4789 	4801 	4787
f 4808 	4787 	4801
f 4809 	4813 	4620
f 7841 	7840 	4446
f 4807 	4802 	4810
f 4810 	4811 	4807
f 4812 	4806 	4811
f 4774 	4814 	4815
f 4816 	4772 	4815
f 4820 	4821 	4894
f 4820 	4894 	4819
f 4817 	4894 	4821
f 4819 	4895 	4799
f 4821 	4810 	4817
f 4818 	4894 	4817
f 4897 	4894 	4870
f 4766 	3119 	4822
f 4826 	4781 	4825
f 4824 	4761 	4823
f 3119 	4761 	4822
f 4828 	4829 	4827
f 4781 	4827 	4829
f 4781 	4829 	4830
f 4781 	4830 	4831
f 4781 	4831 	4832
f 4781 	4832 	4833
f 4833 	4825 	4781
f 4781 	4826 	4834
f 4781 	4834 	4835
f 4836 	4791 	4835
f 4837 	4791 	4836
f 4861 	4804 	4838
f 4804 	4805 	4838
f 7852 	4467 	7853
f 4469 	7854 	4468
f 4751 	4700 	4760
f 4749 	4760 	4700
f 4668 	4664 	4759
f 4760 	4759 	4679
f 4679 	4751 	4760
f 7855 	4470 	4472
f 4679 	4759 	4664
f 1916 	4843 	1902
f 1917 	4844 	4843
f 1917 	4843 	1916
f 4844 	4845 	4843
f 4843 	4845 	4678
f 1918 	4845 	4844
f 1918 	4844 	1917
f 460 	461 	4465
f 1919 	4846 	4847
f 1919 	4847 	1920
f 5730 	4846 	1919
f 4847 	4846 	5730
f 460 	4465 	465
f 465 	4477 	466
f 4476 	464 	4475
f 1923 	4849 	4848
f 1923 	4848 	1922
f 1924 	4850 	4851
f 1924 	4851 	1925
f 4473 	4422 	5030
f 4850 	4935 	4851
f 4852 	3649 	4465
f 4860 	4470 	3652
f 4839 	4761 	4841
f 4841 	4761 	4842
f 3611 	3608 	3649
f 3648 	3649 	3608
f 3647 	3648 	3608
f 10763 	3544 	4478
f 10759 	10756 	10763
f 4854 	4478 	3544
f 4856 	4914 	4855
f 4761 	4839 	4840
f 4761 	4840 	4823
f 466 	4478 	4854
f 3651 	4424 	3652
f 4863 	4472 	4860
f 3652 	4425 	4860
f 4426 	4427 	4860
f 4426 	4860 	4425
f 4471 	4472 	4865
f 4473 	4471 	4865
f 4429 	4863 	4860
f 4864 	4858 	4862
f 4861 	4862 	4858
f 4866 	4858 	4864
f 4859 	4867 	4858
f 4861 	4858 	4867
f 4861 	4867 	4876
f 4876 	4877 	4861
f 4861 	4868 	4869
f 4861 	4869 	4804
f 4429 	4430 	4863
f 4865 	4431 	4473
f 4871 	4897 	4870
f 4872 	4898 	4871
f 4445 	4446 	7840
f 7841 	4446 	4444
f 4873 	4898 	4872
f 4878 	4861 	4877
f 4879 	4861 	4878
f 4868 	4861 	4879
f 4452 	7842 	5000
f 4889 	4886 	4881
f 4494 	4495 	2898
f 7849 	4463 	4462
f 4495 	4494 	4883
f 4882 	4907 	4875
f 4880 	4907 	4882
f 4881 	4886 	4880
f 4494 	2882 	4919
f 4857 	4914 	4853
f 4914 	3213 	4853
f 3719 	4905 	3213
f 4842 	4761 	4887
f 4888 	4887 	4886
f 4761 	4886 	4887
f 4886 	4907 	4880
f 4889 	4888 	4886
f 4893 	4897 	4891
f 4895 	4819 	4894
f 4794 	4798 	4895
f 4818 	4870 	4894
f 4799 	4895 	4798
f 3269 	4896 	4892
f 4894 	4897 	4893
f 4898 	4873 	4900
f 4897 	4871 	4898
f 4874 	4900 	4873
f 4896 	4899 	4892
f 4900 	4901 	4898
f 4874 	4875 	4900
f 4941 	4899 	4902
f 3897 	4910 	3719
f 3274 	3346 	4896
f 4896 	4890 	4899
f 4900 	4875 	4907
f 4906 	4907 	4886
f 4905 	4906 	4886
f 4905 	4886 	4885
f 3346 	4890 	4896
f 4908 	4902 	4899
f 4901 	4909 	4898
f 4898 	4909 	4926
f 4920 	4903 	4904
f 4890 	4908 	4899
f 4905 	3719 	4910
f 4890 	4116 	4908
f 3117 	4746 	3114
f 3121 	3120 	3119
f 4116 	4118 	4908
f 4761 	3119 	4912
f 3120 	4912 	3119
f 4941 	4902 	4944
f 4912 	3120 	3131
f 4857 	4855 	4914
f 4944 	4902 	4913
f 4885 	3213 	4905
f 4885 	4853 	3213
f 4891 	4897 	4917
f 4918 	4917 	4897
f 4916 	4917 	4918
f 4794 	4895 	4915
f 3269 	4919 	2885
f 4924 	4922 	5286
f 4922 	4923 	5286
f 4892 	4921 	4919
f 4920 	4924 	5286
f 4906 	4923 	4922
f 4907 	4906 	4922
f 3269 	4892 	4919
f 4925 	4884 	4883
f 4883 	4494 	4925
f 4927 	4928 	4926
f 4926 	4928 	4898
f 4929 	4930 	4931
f 4924 	4920 	4904
f 4923 	4934 	5286
f 4925 	4930 	4929
f 4884 	4925 	4929
f 4921 	4932 	4925
f 4911 	3900 	4933
f 4925 	4932 	4930
f 1928 	4936 	4935
f 1928 	4935 	1929
f 4942 	4930 	4932
f 4937 	4948 	4936
f 4936 	4851 	4935
f 4925 	4494 	4921
f 4851 	4948 	1925
f 4494 	4919 	4921
f 1948 	1925 	4948
f 4949 	4948 	4937
f 4949 	4937 	1932
f 4941 	4932 	4921
f 4935 	4938 	1933
f 4935 	1933 	1929
f 1933 	4938 	4850
f 1933 	4850 	1924
f 4941 	4944 	4932
f 4848 	4939 	1934
f 4848 	1934 	1922
f 1934 	4939 	4940
f 1934 	4940 	1935
f 5162 	2176 	4940
f 4850 	4938 	4935
f 4939 	4848 	4940
f 4848 	4849 	4940
f 4892 	4941 	4921
f 1939 	1938 	4943
f 4932 	4944 	4942
f 1939 	4943 	1941
f 1941 	4943 	4962
f 1941 	4962 	1942
f 1943 	4946 	4936
f 1943 	4936 	1928
f 1945 	4947 	4946
f 1945 	4946 	1943
f 4944 	4945 	4942
f 4937 	4947 	1945
f 4937 	1945 	1932
f 4941 	4892 	4899
f 4913 	4945 	4944
f 4936 	4946 	4947
f 4936 	4947 	4937
f 4851 	4936 	4948
f 1966 	4949 	1932
f 4948 	1988 	1948
f 4945 	4950 	4942
f 4964 	4949 	1966
f 1967 	4964 	1966
f 4951 	4952 	4953
f 1967 	1988 	4964
f 4955 	4951 	4953
f 4955 	4953 	4954
f 1973 	4963 	1974
f 4955 	4954 	4956
f 4930 	4955 	4956
f 4931 	4930 	4956
f 4957 	4958 	4959
f 4962 	1970 	1942
f 4958 	4957 	4951
f 4951 	4957 	4952
f 4969 	1980 	1978
f 4930 	4942 	4955
f 4950 	4951 	4955
f 1983 	4965 	1984
f 4961 	1971 	1970
f 4961 	1970 	4962
f 1973 	4961 	4963
f 4950 	4955 	4942
f 1971 	4961 	1973
f 4958 	4951 	4960
f 4951 	4950 	4960
f 1987 	1974 	4963
f 4961 	4962 	4968
f 4965 	4968 	4962
f 4943 	4965 	4962
f 4948 	4949 	4973
f 4965 	1983 	1982
f 4969 	4963 	4968
f 4968 	1981 	4969
f 1980 	4969 	1981
f 1978 	4970 	4969
f 1981 	4968 	1982
f 4965 	1982 	4968
f 4970 	4972 	4969
f 4963 	4961 	4968
f 4908 	4118 	4971
f 5186 	1986 	4972
f 1985 	4972 	1986
f 1985 	1987 	4972
f 4963 	4972 	1987
f 4967 	4945 	4913
f 4948 	4973 	1988
f 4902 	4971 	4913
f 1988 	4973 	4964
f 4902 	4908 	4971
f 4963 	4969 	4972
f 5186 	4972 	4970
f 4913 	4974 	4967
f 4964 	4973 	4949
f 4974 	4977 	4967
f 4971 	4974 	4913
f 5123 	5122 	4976
f 4975 	4976 	4628
f 4967 	4977 	4966
f 1849 	2045 	4627
f 2070 	5123 	4976
f 2070 	4976 	1990
f 4975 	4627 	2045
f 2045 	1989 	4975
f 4978 	4975 	1989
f 4631 	4978 	1989
f 4980 	4971 	4118
f 4979 	1991 	4976
f 1990 	4976 	1991
f 1991 	4979 	1992
f 4971 	4980 	4974
f 4979 	4976 	4978
f 4630 	4982 	4631
f 4975 	4978 	4976
f 4974 	4981 	4977
f 4980 	4981 	4974
f 4978 	4631 	4982
f 4979 	4978 	4982
f 4980 	4118 	4119
f 2047 	4982 	4630
f 2046 	4983 	4982
f 2046 	4982 	2047
f 4479 	4981 	4980
f 4983 	5118 	4982
f 4979 	2050 	1992
f 4629 	2113 	1853
f 5103 	2052 	2051
f 2052 	5103 	4983
f 2052 	4983 	2046
f 4984 	4458 	4450
f 4464 	4455 	5155
f 5155 	5157 	4464
f 4464 	5157 	4466
f 4475 	463 	4469
f 4468 	7854 	7853
f 4474 	4457 	459
f 454 	459 	4457
f 7854 	4469 	463
f 4470 	464 	4476
f 461 	482 	4852
f 4610 	4985 	4614
f 3544 	470 	4854
f 4985 	4986 	4614
f 462 	466 	4854
f 4477 	465 	4465
f 4478 	466 	4477
f 463 	4475 	464
f 4989 	4988 	4987
f 5024 	4990 	4782
f 4994 	5450 	5432
f 5430 	5431 	5450
f 4609 	4782 	4990
f 4446 	4468 	4444
f 4444 	4467 	4998
f 4998 	5016 	4997
f 4997 	5016 	4996
f 4610 	4990 	4985
f 5016 	5015 	4996
f 4615 	4809 	4620
f 5003 	5436 	5002
f 5436 	5437 	5002
f 4999 	4995 	4987
f 4988 	4999 	4987
f 4995 	4996 	5015
f 4615 	4986 	4809
f 5008 	5006 	4987
f 5006 	5005 	4987
f 4987 	5005 	5004
f 3925 	4987 	5004
f 3669 	3659 	4987
f 4813 	4809 	5060
f 5009 	4987 	5007
f 5008 	4987 	5009
f 4986 	4985 	5067
f 5026 	5027 	5014
f 5014 	5017 	5026
f 5025 	5026 	5017
f 5017 	5018 	5025
f 5016 	4998 	4467
f 5007 	4987 	5015
f 4987 	4995 	5015
f 4471 	4473 	5019
f 5021 	5025 	5018
f 5020 	5021 	5018
f 5013 	5014 	5027
f 5027 	5029 	5013
f 4782 	5023 	5024
f 7747 	5005 	7748
f 5006 	7748 	5005
f 5008 	7748 	5006
f 7750 	7749 	5009
f 4745 	5022 	5023
f 5007 	7751 	5009
f 7801 	7755 	5010
f 5011 	7755 	5012
f 4990 	5070 	4985
f 4990 	5024 	5070
f 3109 	10276 	3659
f 5020 	4112 	5021
f 5029 	3929 	5013
f 4419 	4420 	5026
f 4419 	5026 	5025
f 5012 	5013 	3929
f 5011 	5012 	3929
f 5027 	5026 	4421
f 4420 	4421 	5026
f 5010 	5011 	3929
f 5029 	3515 	3929
f 4200 	4582 	5028
f 5028 	4214 	4213
f 3515 	5029 	4421
f 5027 	4421 	5029
f 5021 	4113 	5025
f 4419 	5025 	4113
f 5028 	4582 	4551
f 5018 	5019 	5030
f 4423 	5030 	4422
f 5030 	5020 	5018
f 4423 	4112 	5030
f 4591 	4593 	5036
f 7726 	4988 	4989
f 7729 	7728 	4993
f 5032 	4589 	4592
f 4992 	7729 	4993
f 4592 	5031 	5032
f 7732 	4996 	4995
f 4997 	7733 	4998
f 5032 	5033 	4589
f 4999 	7734 	4995
f 5033 	5028 	4551
f 7736 	5003 	7737
f 5000 	7739 	5001
f 5001 	7738 	5002
f 7746 	7783 	5004
f 5005 	7746 	5004
f 5033 	4214 	5028
f 5035 	4593 	4590
f 5010 	3928 	7801
f 5011 	5010 	7755
f 7754 	5013 	5012
f 5093 	5035 	4590
f 7754 	5012 	7755
f 5035 	5036 	4593
f 5402 	5408 	5037
f 5404 	5039 	5040
f 5031 	5034 	5032
f 5405 	5041 	5406
f 5042 	5406 	5041
f 5406 	5043 	5044
f 4591 	5036 	5031
f 5035 	5624 	5036
f 5410 	5050 	5411
f 5036 	5628 	5031
f 5054 	5416 	5056
f 5032 	4215 	5033
f 5032 	5034 	4215
f 5051 	5411 	5050
f 4215 	4214 	5033
f 5044 	5412 	5406
f 5044 	5052 	5412
f 5054 	5055 	5410
f 5054 	5410 	5416
f 5416 	5415 	5056
f 5059 	5060 	4809
f 12145 	5415 	5058
f 5405 	5409 	5047
f 5427 	12151 	5061
f 5427 	5061 	5428
f 5062 	5428 	5061
f 5065 	5063 	5428
f 5066 	5427 	5057
f 5427 	5066 	12151
f 4985 	5070 	5067
f 5059 	4809 	4986
f 4986 	5067 	5059
f 5091 	5059 	5067
f 4813 	5093 	4590
f 4813 	5060 	5093
f 5068 	5441 	5080
f 5445 	5444 	5083
f 5070 	5096 	5067
f 5096 	5091 	5067
f 5060 	5059 	5635
f 5074 	5435 	5076
f 5434 	5438 	5076
f 5095 	12292 	5094
f 5086 	5070 	5024
f 5094 	405 	5095
f 5086 	5096 	5070
f 406 	5095 	405
f 5094 	4475 	5098
f 5102 	5098 	4475
f 5103 	2051 	5104
f 5094 	5098 	5105
f 5097 	5094 	5106
f 2056 	5111 	2063
f 5114 	2063 	5111
f 5113 	5116 	5413
f 5117 	5108 	5413
f 5412 	5413 	5108
f 5108 	5107 	5406
f 5109 	5406 	5107
f 5116 	5117 	5413
f 5110 	5406 	5109
f 5105 	5106 	5094
f 5100 	5101 	4475
f 5101 	5102 	4475
f 5099 	5100 	4475
f 5114 	2064 	2063
f 2050 	5118 	2059
f 3048 	405 	5097
f 2055 	5119 	5111
f 2055 	5111 	2056
f 2062 	5119 	2055
f 2061 	5119 	2062
f 5100 	5099 	3049
f 5118 	5119 	2060
f 2061 	2060 	5119
f 4979 	5118 	2050
f 3054 	5098 	5102
f 5118 	2060 	2059
f 5104 	5127 	5111
f 5111 	5119 	5104
f 5103 	5104 	5119
f 5114 	5111 	5127
f 4983 	5103 	5118
f 4979 	4982 	5118
f 5119 	5118 	5103
f 5120 	2066 	5122
f 2067 	5122 	2066
f 2065 	5121 	2068
f 404 	5099 	4474
f 4628 	5122 	2067
f 3048 	5097 	3056
f 5106 	3056 	5097
f 2068 	5121 	2069
f 5123 	2069 	5121
f 2069 	5123 	2070
f 404 	3049 	5099
f 2066 	5120 	5128
f 2066 	5128 	2077
f 5102 	5101 	3051
f 3050 	3051 	5101
f 5122 	5123 	5120
f 5120 	5121 	5128
f 5102 	3051 	3054
f 5101 	5100 	3050
f 3049 	3050 	5100
f 4628 	4976 	5122
f 5121 	5120 	5123
f 3053 	4459 	5110
f 2073 	5124 	4849
f 2073 	4849 	1923
f 5098 	3054 	5105
f 3055 	5105 	3054
f 3056 	5106 	3055
f 2075 	2074 	5125
f 2075 	5125 	5124
f 2075 	5124 	2073
f 5107 	5108 	3058
f 3057 	3058 	5108
f 5125 	5162 	5124
f 3058 	3059 	5107
f 2113 	4629 	5126
f 5108 	5117 	3057
f 3060 	3057 	5117
f 5112 	5115 	3061
f 3047 	3061 	5115
f 5114 	2065 	2064
f 2065 	5114 	5121
f 3053 	5110 	5109
f 2051 	2076 	5104
f 5127 	5104 	2076
f 5109 	5107 	3059
f 5116 	3062 	5117
f 2077 	5128 	5127
f 2077 	5127 	2076
f 3063 	5113 	3061
f 5112 	3061 	5113
f 5113 	3063 	5116
f 4629 	5132 	5126
f 5121 	5114 	5128
f 5127 	5128 	5114
f 5129 	5185 	5130
f 5185 	5129 	2143
f 5129 	5130 	2114
f 5129 	2114 	2143
f 2147 	5132 	4657
f 5133 	2145 	2144
f 5133 	2144 	5131
f 2145 	5133 	5134
f 2145 	5134 	2146
f 2146 	5134 	5132
f 2146 	5132 	2147
f 5146 	5126 	5131
f 5131 	5126 	5132
f 5132 	5134 	5133
f 5132 	5133 	5131
f 2148 	5135 	5136
f 2148 	5136 	2150
f 2149 	5135 	2148
f 2149 	2152 	5135
f 5137 	5135 	2152
f 5698 	5697 	5137
f 5135 	5141 	5136
f 2154 	5137 	2152
f 2151 	5140 	2156
f 2150 	5136 	2151
f 2156 	5138 	2155
f 5142 	5141 	2161
f 5142 	2161 	2160
f 2160 	2159 	5139
f 5140 	2151 	5136
f 2156 	5140 	5138
f 5141 	2157 	2162
f 2162 	2161 	5141
f 5141 	2158 	2157
f 5141 	5697 	2158
f 5142 	2160 	5139
f 5138 	5140 	5142
f 5141 	5142 	5140
f 5140 	5136 	5141
f 5137 	5141 	5135
f 5153 	5138 	5142
f 5142 	5139 	5153
f 5147 	5153 	5139
f 5205 	5201 	5156
f 2163 	2175 	5143
f 5156 	5143 	2175
f 5126 	5144 	2164
f 5126 	2164 	2113
f 2164 	5144 	5145
f 2164 	5145 	2165
f 2165 	5145 	5146
f 2165 	5146 	2166
f 2166 	5146 	5131
f 2166 	5131 	2144
f 5145 	5144 	5146
f 5146 	5144 	5126
f 5147 	2168 	2167
f 5148 	2170 	2169
f 5148 	2169 	5147
f 2168 	5147 	2169
f 2170 	5148 	2171
f 5157 	4981 	4466
f 2172 	5149 	5150
f 2172 	5150 	2173
f 2167 	5153 	5147
f 2173 	5150 	5139
f 2173 	5139 	2159
f 2174 	5153 	2167
f 2155 	5138 	2174
f 5153 	2174 	5138
f 5154 	5168 	5151
f 5148 	5147 	5150
f 5150 	5149 	5148
f 5150 	5147 	5139
f 5205 	5156 	2175
f 5163 	2177 	5162
f 2176 	5162 	2177
f 2179 	2178 	5167
f 5158 	5154 	4966
f 5167 	2178 	2177
f 5167 	2177 	5163
f 1935 	4940 	2176
f 5158 	4966 	4977
f 5161 	2184 	2183
f 5161 	2074 	2184
f 4984 	6448 	5159
f 2186 	5169 	2187
f 5155 	4455 	5160
f 4458 	4984 	5160
f 4458 	5160 	4455
f 2183 	5164 	5161
f 2074 	5161 	5125
f 2185 	5164 	2183
f 2179 	5165 	2180
f 5166 	2180 	5165
f 5165 	2179 	5167
f 5166 	2181 	2180
f 5159 	5152 	5151
f 5168 	5159 	5151
f 2187 	5169 	5164
f 5157 	5158 	4977
f 5157 	5155 	5158
f 2187 	5164 	2185
f 4981 	5157 	4977
f 5158 	5155 	5168
f 5125 	5161 	5163
f 5125 	5163 	5162
f 4940 	4849 	5162
f 5124 	5162 	4849
f 6447 	5152 	6448
f 5169 	5166 	5165
f 5164 	5167 	5161
f 5167 	5164 	5165
f 5169 	5165 	5164
f 5152 	5159 	6448
f 5163 	5161 	5167
f 5168 	5154 	5158
f 5169 	5170 	5166
f 5168 	5160 	5159
f 5160 	5168 	5155
f 5170 	2188 	5174
f 5160 	4984 	5159
f 2182 	5171 	2191
f 2181 	5166 	2182
f 5171 	2182 	5166
f 2189 	5172 	2190
f 2190 	5172 	1938
f 2191 	5171 	2189
f 1938 	5172 	4943
f 4967 	4966 	5177
f 5172 	2189 	5171
f 2188 	5170 	2192
f 2192 	5170 	2193
f 5169 	2193 	5170
f 5154 	5151 	5195
f 2193 	5169 	2186
f 2196 	1984 	5173
f 5173 	1984 	4965
f 5177 	4945 	4967
f 2194 	5174 	2188
f 5174 	2194 	2195
f 2197 	2196 	5175
f 5173 	5175 	2196
f 5174 	2195 	5175
f 2197 	5175 	2195
f 5171 	5166 	5170
f 5175 	5172 	5174
f 5177 	4966 	5176
f 5172 	5171 	5174
f 4943 	5172 	5173
f 4943 	5173 	4965
f 5170 	5174 	5171
f 5154 	5195 	5176
f 4966 	5154 	5176
f 5173 	5172 	5175
f 5180 	5181 	5179
f 5178 	5179 	5181
f 5179 	5183 	5180
f 2198 	5182 	5198
f 5179 	5184 	5183
f 5185 	5182 	5130
f 5176 	5195 	5184
f 5198 	5182 	5185
f 5198 	5185 	5199
f 5199 	5185 	2199
f 5184 	5195 	5183
f 2209 	2114 	5130
f 2199 	5185 	2143
f 1986 	5186 	2200
f 5187 	5188 	2202
f 5187 	2202 	2201
f 2200 	5186 	2203
f 5180 	5189 	5181
f 2203 	5186 	5190
f 2203 	5190 	2204
f 5179 	5178 	5191
f 4958 	5179 	5191
f 4958 	5191 	4959
f 5188 	5187 	5190
f 4970 	5192 	5186
f 5190 	5186 	5192
f 4958 	4960 	5184
f 2202 	5188 	2206
f 1978 	2205 	4970
f 5192 	4970 	2205
f 5184 	5179 	4958
f 2208 	5192 	2205
f 2207 	5192 	2208
f 5177 	4960 	4950
f 2207 	2206 	5192
f 5188 	5192 	2206
f 4945 	5177 	4950
f 5188 	5190 	5192
f 4960 	5176 	5184
f 2204 	5190 	5187
f 2204 	5187 	2201
f 5177 	5176 	4960
f 5130 	5193 	2209
f 2210 	5194 	5182
f 2210 	5182 	2198
f 2209 	5193 	5209
f 2209 	5209 	2217
f 5209 	5193 	5194
f 5130 	5182 	5193
f 5194 	5193 	5182
f 5211 	2218 	5143
f 5180 	5183 	5196
f 5197 	5196 	5183
f 5198 	2211 	2198
f 5197 	5204 	5196
f 2212 	5199 	2199
f 5195 	5197 	5183
f 2211 	5198 	5199
f 2211 	5199 	2212
f 5212 	5211 	5201
f 5143 	5201 	5211
f 5196 	5202 	5200
f 5196 	5200 	5180
f 5212 	5201 	2213
f 5204 	5202 	5196
f 5152 	5197 	5151
f 5201 	5205 	2215
f 5201 	2215 	2213
f 5143 	5156 	5201
f 5195 	5151 	5197
f 2215 	5205 	2175
f 5207 	5200 	5206
f 5194 	2210 	5208
f 2216 	5208 	2210
f 5206 	5200 	5210
f 5189 	5180 	5207
f 5200 	5207 	5180
f 5194 	5208 	5209
f 2217 	5209 	5208
f 2217 	5208 	2216
f 6460 	5210 	5200
f 2163 	5143 	2218
f 5200 	5202 	6460
f 2218 	5211 	5212
f 2218 	5212 	2219
f 2219 	5212 	2213
f 5202 	5204 	6464
f 5204 	5197 	5152
f 5091 	5635 	5059
f 5214 	5213 	5220
f 5504 	5215 	5502
f 5214 	5220 	1598
f 5214 	1598 	925
f 5217 	5220 	5213
f 5217 	5213 	5215
f 5219 	4205 	4204
f 5217 	5215 	5221
f 5223 	5216 	5236
f 5219 	5216 	5224
f 5224 	5216 	5223
f 5215 	5504 	5510
f 1598 	5220 	1771
f 1771 	5220 	1769
f 5220 	5217 	1769
f 5219 	4206 	4205
f 5221 	5225 	5217
f 5225 	5221 	5226
f 5226 	5222 	5227
f 5219 	5224 	4206
f 5223 	5228 	5224
f 5223 	5218 	5228
f 5222 	5226 	5221
f 5228 	4207 	5224
f 5229 	5230 	5228
f 5227 	5243 	5226
f 4209 	4207 	5230
f 5228 	5230 	4207
f 5225 	1769 	5217
f 5250 	5232 	5218
f 5229 	5228 	5233
f 5218 	5233 	5228
f 5218 	5232 	5233
f 5226 	1788 	5225
f 5216 	5234 	5235
f 1788 	1770 	5225
f 5234 	5216 	5219
f 5222 	5239 	5227
f 5216 	5235 	5236
f 5227 	5231 	5242
f 5231 	5246 	5242
f 1770 	1769 	5225
f 5222 	5511 	5239
f 5231 	5227 	5239
f 5809 	5245 	5239
f 5240 	4215 	5034
f 4214 	5241 	4216
f 5227 	5242 	5243
f 4204 	5234 	5219
f 5245 	5244 	5246
f 4215 	5241 	4214
f 4215 	5240 	5241
f 5231 	5245 	5246
f 5235 	5241 	5240
f 5231 	5239 	5245
f 5241 	5235 	5234
f 5238 	5235 	5240
f 1794 	5244 	5247
f 5253 	5236 	5238
f 5238 	5236 	5235
f 5234 	4216 	5241
f 5243 	1788 	5226
f 5247 	5248 	1794
f 5246 	5244 	1795
f 1795 	1789 	5246
f 5237 	5253 	5238
f 5244 	1794 	1795
f 1789 	5242 	5246
f 5249 	5250 	5218
f 5249 	5251 	5250
f 5256 	5264 	5249
f 5252 	5253 	5254
f 5248 	5900 	5892
f 5247 	5905 	5907
f 5907 	5900 	5247
f 5254 	5255 	5252
f 5255 	5256 	5252
f 5243 	5242 	1791
f 5243 	1791 	1792
f 5257 	5236 	5253
f 1791 	5242 	1789
f 1792 	1788 	5243
f 5253 	5252 	5257
f 5255 	5258 	5256
f 5257 	5252 	5249
f 5259 	5260 	5261
f 5249 	5252 	5256
f 5260 	5259 	5263
f 5262 	5263 	5259
f 5251 	5249 	5264
f 5249 	5218 	5257
f 5263 	5266 	5260
f 5268 	5256 	5267
f 5258 	5267 	5256
f 5265 	5266 	5263
f 5258 	5269 	5267
f 5270 	5266 	5265
f 5265 	5271 	5270
f 5270 	1816 	5266
f 5268 	5264 	5256
f 5254 	5237 	5647
f 5253 	5237 	5254
f 5261 	5260 	1820
f 1818 	1820 	5260
f 1817 	1818 	5260
f 1817 	5260 	5266
f 1817 	5266 	1816
f 3193 	1816 	5270
f 5270 	3188 	3193
f 5270 	5271 	3188
f 5269 	5258 	8358
f 5263 	5272 	5265
f 5274 	5272 	5273
f 5272 	5274 	5275
f 5274 	5276 	5275
f 5262 	5277 	5263
f 5273 	5272 	5277
f 5277 	5272 	5263
f 5275 	5278 	5272
f 5275 	5279 	5278
f 5279 	5280 	5278
f 5278 	5265 	5272
f 5278 	5271 	5265
f 5278 	5280 	5271
f 5281 	5834 	5275
f 5276 	5281 	5275
f 5283 	5284 	5282
f 5283 	3188 	5271
f 5285 	5282 	5284
f 3190 	3188 	5283
f 3190 	5283 	5282
f 5214 	5282 	5285
f 5285 	5213 	5214
f 4934 	3946 	5286
f 3946 	3952 	5286
f 4711 	4755 	4710
f 4701 	4719 	4755
f 10054 	4710 	4755
f 4755 	4756 	10054
f 5286 	10054 	4793
f 4794 	4915 	4793
f 5286 	4793 	4915
f 4758 	4793 	10054
f 4680 	5287 	4681
f 5287 	5289 	4681
f 4683 	5288 	5287
f 4683 	5287 	4680
f 4682 	5288 	4683
f 4684 	4681 	5289
f 4684 	5289 	4685
f 5296 	4697 	5289
f 5291 	4689 	5290
f 4688 	5290 	4689
f 5291 	4690 	4689
f 4685 	5289 	4697
f 4687 	5290 	4688
f 5290 	4687 	5292
f 4686 	5292 	4687
f 5287 	5288 	5290
f 5290 	5292 	5287
f 5289 	5287 	5292
f 5291 	5290 	5288
f 5292 	5300 	5289
f 5293 	4693 	4692
f 5293 	4692 	5294
f 5294 	4692 	4691
f 4693 	5293 	5288
f 4693 	5288 	4682
f 4694 	5294 	4691
f 4726 	5309 	4694
f 5293 	5294 	5295
f 5295 	5291 	5293
f 5288 	5293 	5291
f 4695 	5295 	4696
f 5291 	5295 	4695
f 5291 	4695 	4690
f 5296 	4699 	4698
f 5301 	4699 	5296
f 5298 	5299 	4704
f 4704 	5299 	4705
f 4703 	5298 	4704
f 4709 	5292 	4686
f 5292 	4709 	4708
f 5292 	4708 	5300
f 4707 	5300 	4708
f 5300 	4707 	4706
f 5300 	4706 	5299
f 4705 	5299 	4706
f 5297 	5301 	5298
f 5296 	5289 	5300
f 5300 	5299 	5296
f 5301 	5296 	5299
f 5299 	5298 	5301
f 4697 	5296 	4698
f 4711 	5297 	4701
f 5301 	4710 	4699
f 5297 	4711 	5301
f 4710 	5301 	4711
f 5302 	4713 	4712
f 4714 	5303 	4715
f 5303 	4714 	5302
f 4713 	5302 	4714
f 4717 	5304 	4716
f 4722 	4716 	5304
f 5302 	4712 	5305
f 4718 	5305 	4712
f 5302 	5304 	5303
f 5304 	5318 	5303
f 5305 	5307 	5302
f 5316 	4744 	5303
f 4719 	5306 	4720
f 4720 	5306 	5305
f 4720 	5305 	4718
f 5298 	5308 	5297
f 5306 	5308 	5305
f 5304 	5302 	5307
f 5307 	4722 	5304
f 4701 	5297 	4719
f 5306 	4719 	5297
f 4723 	5308 	4724
f 5307 	5308 	4723
f 5307 	4723 	4722
f 4703 	4721 	5298
f 5308 	5298 	4721
f 4724 	5308 	4721
f 5307 	5305 	5308
f 5306 	5297 	5308
f 5294 	4694 	5309
f 4727 	5310 	4728
f 5294 	5311 	5295
f 4732 	5310 	4727
f 4728 	5310 	5309
f 4728 	5309 	4726
f 5295 	5311 	4729
f 4730 	4729 	5311
f 5310 	5315 	5309
f 5310 	5312 	5314
f 5295 	4729 	4696
f 5310 	4732 	5312
f 4731 	5312 	4732
f 4731 	4746 	5312
f 5319 	5312 	4746
f 4738 	5313 	4739
f 5313 	4738 	5314
f 4737 	5314 	4738
f 4736 	5314 	4737
f 5314 	4736 	5315
f 4735 	5315 	4736
f 4733 	5313 	5321
f 4733 	5321 	4750
f 4739 	5313 	4733
f 4734 	5315 	4735
f 5311 	5315 	4734
f 5311 	4734 	4730
f 5313 	5314 	5312
f 5315 	5310 	5314
f 5315 	5311 	5309
f 5294 	5309 	5311
f 5316 	5317 	4742
f 5316 	4742 	4741
f 4717 	5318 	5304
f 4742 	5317 	4743
f 5316 	5303 	5318
f 5317 	5316 	5318
f 5316 	4741 	4744
f 4743 	5317 	4747
f 4715 	5303 	4744
f 4725 	5318 	4717
f 4747 	5317 	5319
f 4747 	5319 	4748
f 5318 	5320 	5317
f 4753 	5320 	5318
f 4753 	5318 	4754
f 4754 	5318 	4725
f 5320 	4752 	5321
f 4750 	5321 	4752
f 4752 	5320 	4753
f 5320 	5321 	5317
f 5319 	5317 	5321
f 5312 	5319 	5313
f 5321 	5313 	5319
f 4748 	5319 	4746
f 3117 	3361 	4755
f 5327 	5322 	5323
f 4757 	5323 	5322
f 4757 	5322 	4758
f 4755 	3184 	4756
f 3183 	4756 	3184
f 5327 	5323 	4757
f 3183 	3362 	4756
f 4763 	5326 	4764
f 4764 	5326 	5325
f 4764 	5325 	4765
f 4765 	5325 	4762
f 5326 	4763 	5361
f 4766 	5361 	4763
f 4822 	5361 	4766
f 3184 	4755 	3361
f 5343 	5341 	5328
f 5341 	5322 	5328
f 5327 	5328 	5322
f 4769 	5327 	4757
f 4770 	5343 	5328
f 4767 	4784 	5329
f 5327 	4768 	5329
f 4767 	5329 	4768
f 4768 	5327 	4769
f 5336 	5330 	5329
f 5327 	5329 	5331
f 4773 	5330 	4774
f 4771 	5331 	4772
f 5328 	5331 	4771
f 5328 	4771 	4770
f 5330 	4773 	5331
f 4772 	5331 	4773
f 5328 	5327 	5331
f 5331 	5329 	5330
f 5332 	4776 	5333
f 4776 	4777 	5333
f 4778 	5333 	4777
f 4776 	5332 	4775
f 4779 	4762 	5334
f 4779 	5334 	4778
f 4778 	5334 	5333
f 5334 	5358 	5333
f 5325 	5358 	5334
f 4827 	4781 	5335
f 4780 	5335 	4781
f 5336 	5329 	4784
f 4783 	5336 	4784
f 4785 	5337 	4786
f 5336 	4786 	5337
f 4786 	5336 	4783
f 4787 	5337 	4785
f 4775 	5332 	4788
f 5338 	4788 	5332
f 4788 	5338 	4789
f 4790 	5339 	4791
f 4790 	4803 	5339
f 4791 	5339 	5340
f 4791 	5340 	4792
f 4792 	5340 	5335
f 4792 	5335 	4780
f 5337 	5346 	5350
f 5350 	5330 	5337
f 5336 	5337 	5330
f 5339 	5352 	5351
f 5340 	5339 	5338
f 5338 	5332 	5340
f 5335 	5340 	5332
f 5351 	5338 	5339
f 5341 	4794 	4793
f 4796 	5342 	5343
f 4796 	5343 	4797
f 4796 	4795 	5342
f 5344 	5342 	4795
f 4794 	5341 	5345
f 4794 	5345 	4798
f 5341 	5343 	5345
f 5343 	5342 	5345
f 5342 	5344 	5345
f 4798 	5345 	4799
f 4800 	5344 	4795
f 4816 	5344 	4800
f 4797 	5343 	4770
f 4789 	5338 	5351
f 4801 	4789 	5351
f 5353 	5355 	4802
f 4801 	5351 	4806
f 4811 	5349 	4812
f 4815 	5347 	4816
f 5330 	4814 	4774
f 4808 	5346 	5337
f 4808 	5337 	4787
f 4811 	4810 	5349
f 5346 	5349 	5348
f 5344 	5347 	5357
f 5349 	5356 	5348
f 5348 	5350 	5346
f 4812 	5346 	4808
f 4812 	5349 	5346
f 5347 	5348 	5356
f 4815 	5348 	5347
f 4814 	5350 	5348
f 4814 	5348 	4815
f 4814 	5330 	5350
f 5347 	5344 	4816
f 5352 	5339 	4803
f 4805 	5352 	4803
f 4804 	5352 	4805
f 5352 	5353 	5351
f 5352 	5374 	5353
f 5353 	5374 	5355
f 4806 	5351 	5353
f 5353 	4807 	4806
f 4807 	5353 	4802
f 5354 	4818 	4817
f 5354 	4817 	5355
f 4817 	4802 	5355
f 4810 	5356 	5349
f 5357 	4819 	4799
f 4819 	5357 	4820
f 5356 	4820 	5357
f 5345 	5357 	4799
f 4820 	5356 	4821
f 4821 	5356 	4810
f 5345 	5344 	5357
f 5357 	5347 	5356
f 4823 	5362 	4824
f 4840 	5362 	4823
f 4825 	4833 	5365
f 5325 	5334 	4762
f 4833 	4832 	5365
f 5360 	5365 	4832
f 4828 	5358 	4829
f 5359 	4829 	5358
f 4827 	5358 	4828
f 5335 	5358 	4827
f 4831 	5360 	4832
f 5360 	4831 	5359
f 4830 	5359 	4831
f 5359 	4830 	4829
f 5358 	5325 	5359
f 5358 	5335 	5333
f 5332 	5333 	5335
f 5360 	5359 	5326
f 5325 	5326 	5359
f 5361 	4824 	5362
f 5363 	4825 	5365
f 4825 	5363 	4826
f 5364 	4826 	5363
f 5362 	5363 	5361
f 5361 	5363 	5365
f 5363 	5362 	5364
f 5361 	4822 	4824
f 5364 	4834 	4826
f 5364 	4835 	4834
f 5361 	5365 	5326
f 5360 	5326 	5365
f 4838 	5366 	4861
f 4837 	5366 	4838
f 5366 	4837 	5367
f 4836 	5367 	4837
f 5364 	5367 	4835
f 4836 	4835 	5367
f 5368 	5383 	5367
f 5364 	5368 	5367
f 4841 	5368 	4839
f 4839 	5368 	5362
f 4839 	5362 	4840
f 4842 	5368 	4841
f 5366 	5367 	5383
f 5362 	5368 	5364
f 5381 	5369 	4853
f 5370 	5369 	5324
f 5324 	5369 	5382
f 4857 	5369 	4855
f 5324 	5399 	5370
f 4856 	4855 	5370
f 5369 	5370 	4855
f 4853 	5369 	4857
f 5400 	4914 	5370
f 4856 	5370 	4914
f 5324 	5382 	4761
f 5380 	5384 	4881
f 4858 	5371 	4859
f 5371 	4858 	5372
f 4866 	5372 	4858
f 4864 	5372 	4866
f 5372 	4864 	5373
f 4862 	5373 	4864
f 5366 	5373 	4861
f 4861 	5373 	4862
f 4859 	5371 	4867
f 4868 	5374 	4869
f 4867 	5371 	5379
f 4867 	5379 	4876
f 5352 	4804 	5374
f 4869 	5374 	4804
f 5373 	5366 	5383
f 5354 	5355 	5374
f 5375 	4871 	4870
f 5375 	4870 	5354
f 5354 	4870 	4818
f 5375 	5376 	4872
f 4873 	4872 	5376
f 4871 	5375 	4872
f 5377 	4874 	5376
f 4873 	5376 	4874
f 5377 	4875 	4874
f 5354 	5378 	5375
f 5378 	5379 	5375
f 5376 	5375 	5379
f 5377 	5376 	5379
f 4878 	5378 	4879
f 5374 	4868 	5378
f 4879 	5378 	4868
f 5378 	4878 	5379
f 4877 	5379 	4878
f 4876 	5379 	4877
f 4880 	5380 	4881
f 4882 	5380 	4880
f 4875 	5377 	4882
f 5380 	4882 	5377
f 5374 	5378 	5354
f 5372 	5380 	5371
f 5377 	5371 	5380
f 5379 	5371 	5377
f 4853 	4885 	5381
f 5369 	5381 	5382
f 4886 	5382 	5381
f 4886 	5381 	4885
f 4761 	5382 	4886
f 4887 	5383 	4842
f 5368 	4842 	5383
f 4888 	5384 	5383
f 4888 	5383 	4887
f 4889 	5384 	4888
f 4889 	4881 	5384
f 5373 	5384 	5372
f 5380 	5372 	5384
f 5383 	5384 	5373
f 5388 	5482 	4897
f 4891 	4917 	5385
f 4891 	5385 	4893
f 5386 	4893 	5385
f 4893 	5386 	4894
f 4894 	5386 	5387
f 4894 	5387 	4895
f 5386 	5385 	5387
f 5483 	5401 	5385
f 4898 	5389 	5388
f 4898 	5388 	4897
f 5391 	4901 	4900
f 5392 	4904 	4903
f 5392 	4903 	5390
f 5392 	5390 	5389
f 5388 	5389 	5390
f 5482 	5388 	5390
f 5389 	5488 	5392
f 5397 	5394 	4905
f 5394 	5397 	5395
f 5391 	4900 	5393
f 4907 	5393 	4900
f 4905 	5394 	5395
f 4905 	5395 	4906
f 5390 	4903 	4920
f 5391 	5396 	4901
f 4909 	4901 	5396
f 4926 	4909 	5396
f 4898 	4928 	5389
f 5391 	5393 	5396
f 4907 	4922 	5393
f 4910 	5397 	4905
f 5398 	5395 	5397
f 3362 	3119 	4756
f 4912 	5399 	5324
f 4912 	5324 	4761
f 3131 	4031 	5399
f 3131 	5399 	4912
f 4031 	4035 	5400
f 5370 	5399 	5400
f 4031 	5400 	5399
f 4914 	5400 	4035
f 4914 	4035 	3213
f 4933 	3900 	5660
f 4646 	5660 	3900
f 4910 	3897 	5397
f 4911 	5398 	3900
f 4646 	3900 	5398
f 4632 	5661 	4646
f 5397 	4643 	5398
f 5429 	5063 	5064
f 5063 	5429 	5428
f 5039 	5403 	5038
f 5404 	5046 	5045
f 4460 	5405 	4459
f 4463 	5404 	4462
f 5413 	5414 	5113
f 4459 	5405 	5110
f 5402 	5038 	5403
f 5403 	5039 	5404
f 5407 	5049 	5048
f 5052 	5413 	5412
f 5413 	5052 	5053
f 5045 	5409 	5404
f 5411 	5057 	5427
f 5415 	5414 	5058
f 4463 	4447 	5402
f 5402 	5403 	4463
f 4447 	4448 	5402
f 5000 	5407 	4452
f 5403 	5404 	4463
f 5406 	5110 	5405
f 5408 	4452 	5407
f 5048 	5408 	5407
f 5048 	5037 	5408
f 5409 	4460 	5404
f 5405 	4460 	5409
f 5045 	5047 	5409
f 5424 	5425 	5428
f 5411 	5420 	5410
f 5414 	5415 	5113
f 5412 	5108 	5406
f 5112 	5113 	5415
f 5115 	5112 	5415
f 5414 	5413 	5053
f 5410 	5115 	5416
f 12145 	5056 	5415
f 5415 	5416 	5115
f 5053 	5058 	5414
f 5425 	5421 	5427
f 5411 	5427 	5421
f 5420 	5411 	5421
f 5427 	5428 	5425
f 5426 	5410 	5420
f 5115 	5410 	5426
f 5423 	5424 	5428
f 5422 	5423 	5428
f 5422 	5428 	5429
f 7693 	5419 	7694
f 3043 	5420 	406
f 5420 	3043 	5426
f 3045 	3047 	5426
f 5519 	5429 	5064
f 5764 	5519 	5089
f 7695 	7699 	5425
f 3045 	5426 	3043
f 5516 	6576 	5417
f 5421 	5814 	5420
f 5095 	5420 	5814
f 406 	5420 	5095
f 5421 	3042 	5814
f 5443 	5442 	5082
f 5767 	5090 	5088
f 5767 	5764 	5090
f 5085 	5447 	5083
f 5069 	5071 	5430
f 5440 	5443 	5080
f 5082 	5080 	5443
f 5049 	5407 	5078
f 5439 	5079 	5078
f 5440 	5080 	5441
f 5084 	5083 	5444
f 5069 	5430 	5068
f 5444 	5446 	5084
f 5447 	5085 	5442
f 5432 	5431 	5072
f 5073 	5433 	5072
f 5432 	5072 	5433
f 5435 	5074 	5436
f 5079 	5437 	5075
f 5073 	5077 	5433
f 5438 	5433 	5077
f 5436 	5075 	5437
f 5077 	5076 	5438
f 5432 	5433 	4994
f 4993 	4994 	5433
f 5433 	5438 	4993
f 4992 	4993 	5438
f 5438 	5434 	4992
f 5431 	5430 	5071
f 5071 	5072 	5431
f 4991 	4992 	5434
f 5434 	5435 	5003
f 5436 	5003 	5435
f 5001 	5002 	5437
f 5075 	5436 	5074
f 5000 	5001 	5439
f 5434 	5076 	5435
f 5407 	5000 	5439
f 5003 	4991 	5434
f 5439 	5078 	5407
f 5437 	5439 	5001
f 5079 	5439 	5437
f 5441 	5430 	5448
f 5450 	5448 	5430
f 5449 	5451 	5441
f 5442 	5525 	5447
f 5081 	5082 	5442
f 5445 	5526 	5444
f 5430 	5441 	5068
f 5444 	5524 	5446
f 5092 	5084 	5446
f 5447 	5525 	5445
f 5081 	5442 	5085
f 5445 	5083 	5447
f 5448 	5449 	5441
f 5092 	5446 	5087
f 5440 	5441 	5451
f 5453 	5443 	5452
f 5443 	5440 	5452
f 5451 	5452 	5440
f 5454 	5442 	5453
f 5455 	5442 	5454
f 5525 	5442 	5455
f 5443 	5453 	5442
f 5431 	5432 	5450
f 7057 	7054 	4514
f 4514 	5507 	5464
f 5466 	5465 	5507
f 4558 	5456 	3809
f 3805 	3809 	5456
f 5534 	5531 	5459
f 5462 	5458 	5535
f 5538 	5537 	5458
f 7057 	4514 	5464
f 5461 	5460 	5531
f 5460 	5459 	5531
f 4566 	5463 	4558
f 5507 	5538 	5458
f 5457 	5507 	5458
f 5463 	5456 	4558
f 5507 	5457 	5466
f 5465 	5464 	5507
f 4566 	5477 	5463
f 4566 	4641 	5472
f 4566 	5472 	5477
f 5476 	5475 	4506
f 5475 	5474 	2932
f 5474 	5473 	2932
f 5473 	5470 	2932
f 4503 	4506 	5475
f 2932 	4503 	5475
f 5470 	5469 	2932
f 2555 	2574 	5479
f 10448 	2226 	2225
f 10448 	10445 	2226
f 4317 	5740 	5739
f 5737 	4318 	5745
f 5754 	5753 	4324
f 7060 	5505 	7066
f 5481 	7066 	5505
f 2240 	10434 	2241
f 5479 	5471 	7064
f 5479 	5478 	2555
f 5480 	5481 	2555
f 5478 	5480 	2555
f 5481 	5505 	2555
f 4918 	5482 	5483
f 4918 	5483 	4916
f 5766 	4326 	4327
f 5482 	4918 	4897
f 4916 	5483 	4917
f 4327 	5768 	5766
f 5483 	5385 	4917
f 5387 	5401 	4915
f 5387 	4915 	4895
f 4915 	5401 	5484
f 4915 	5484 	4920
f 5769 	5771 	4328
f 4327 	4328 	5771
f 4920 	5484 	5390
f 4327 	5771 	5768
f 5482 	5484 	5483
f 5401 	5483 	5484
f 5484 	5482 	5390
f 4332 	4331 	5775
f 5387 	5385 	5401
f 5772 	5678 	4329
f 4924 	5486 	5485
f 4924 	5485 	4922
f 4923 	5487 	4934
f 5488 	5489 	5486
f 5485 	5486 	5489
f 4927 	5489 	5488
f 4927 	5488 	4928
f 4922 	5485 	5393
f 5271 	5280 	5283
f 5283 	5280 	5284
f 5491 	3380 	5490
f 3371 	5490 	3380
f 5671 	5490 	3371
f 5490 	4288 	5491
f 3380 	5491 	5492
f 3380 	5492 	5495
f 5495 	5494 	3380
f 5491 	4289 	5492
f 4290 	5492 	4289
f 5502 	5215 	5213
f 5493 	5500 	3380
f 5214 	925 	5282
f 5493 	3380 	5494
f 5493 	5494 	4291
f 925 	3190 	5282
f 4290 	5495 	5492
f 5477 	9476 	5463
f 5284 	5496 	5285
f 4294 	5498 	5497
f 5499 	5279 	5836
f 5499 	5280 	5279
f 5497 	3380 	5501
f 4291 	4295 	5500
f 4291 	5500 	5493
f 5499 	5284 	5280
f 4294 	4305 	5498
f 5284 	5499 	5496
f 5500 	5501 	3380
f 4295 	5501 	5500
f 5502 	5496 	5503
f 5497 	5498 	3380
f 5503 	5504 	5502
f 5543 	5541 	2555
f 5502 	5285 	5496
f 5506 	5545 	5505
f 5502 	5213 	5285
f 7060 	5506 	5505
f 5505 	5543 	2555
f 5468 	5539 	5506
f 5836 	5839 	5499
f 4645 	5509 	5508
f 5503 	5842 	5504
f 7671 	7670 	5448
f 5496 	5499 	5839
f 4645 	4235 	5509
f 5510 	5511 	5222
f 5221 	5510 	5222
f 7664 	5525 	7672
f 5454 	7673 	5455
f 5512 	5509 	4235
f 7673 	5454 	5453
f 5221 	5215 	5510
f 5513 	5785 	5514
f 5785 	6574 	5514
f 5517 	6574 	5516
f 5419 	5417 	5846
f 5512 	4438 	5518
f 5521 	5522 	5764
f 5519 	5764 	5522
f 5522 	5422 	5519
f 5429 	5519 	5422
f 4438 	5512 	4235
f 7692 	5516 	5417
f 5643 	4442 	4443
f 5764 	5767 	5521
f 5520 	5521 	5527
f 5524 	5444 	5526
f 5515 	5446 	5524
f 5515 	5520 	5446
f 5528 	5446 	5520
f 5525 	5526 	5445
f 5527 	5528 	5520
f 5533 	5468 	5532
f 5468 	5467 	5530
f 5530 	5532 	5468
f 5467 	5461 	5530
f 5531 	5530 	5461
f 5459 	5462 	5534
f 5535 	5534 	5462
f 8059 	5538 	5529
f 5538 	5507 	5529
f 8059 	8058 	5538
f 5537 	5536 	5458
f 5536 	5535 	5458
f 5468 	5533 	5539
f 5545 	5506 	5539
f 5545 	5539 	8057
f 8057 	8056 	5545
f 5541 	5540 	2555
f 5544 	5505 	5545
f 5543 	5505 	5544
f 5542 	5571 	2555
f 5540 	5542 	2555
f 2558 	2555 	5571
f 5507 	5561 	5548
f 5549 	5548 	5561
f 5552 	5548 	8085
f 5553 	8086 	5550
f 5550 	5507 	5553
f 5553 	5552 	8086
f 8085 	8086 	5552
f 5548 	5552 	5507
f 5553 	5507 	5552
f 5546 	5561 	5547
f 5550 	5551 	5507
f 5529 	5507 	5551
f 5558 	5561 	5559
f 5560 	5561 	5556
f 5561 	5507 	5556
f 5554 	5559 	5561
f 5573 	5561 	5558
f 5569 	5547 	5561
f 5546 	5549 	5561
f 5561 	5560 	5555
f 5561 	5555 	5554
f 5557 	5556 	5507
f 5586 	5562 	5578
f 5563 	5557 	5507
f 5564 	5563 	5507
f 5562 	5564 	5507
f 5567 	2557 	5565
f 5561 	2557 	5568
f 5568 	8087 	5570
f 8088 	5569 	5570
f 5568 	5570 	5561
f 5570 	5569 	5561
f 5573 	5572 	5561
f 5561 	5572 	2557
f 5567 	5568 	2557
f 5571 	5566 	2558
f 2557 	2558 	5566
f 5566 	5565 	2557
f 5575 	5576 	8129
f 5575 	2557 	5576
f 5577 	5576 	2557
f 5574 	5577 	2557
f 5574 	2557 	5572
f 5866 	5578 	5507
f 5592 	5588 	5585
f 8143 	8163 	5583
f 5585 	5584 	5592
f 5578 	5592 	5584
f 8143 	5583 	5584
f 5584 	5583 	5578
f 5582 	5578 	5583
f 5581 	5578 	5582
f 5507 	5578 	5562
f 5581 	8164 	5586
f 5578 	5581 	5586
f 5589 	5580 	5587
f 5590 	5592 	5578
f 5579 	5585 	5588
f 5587 	5580 	5588
f 5591 	5590 	5578
f 5596 	5601 	5589
f 5594 	5578 	5595
f 5597 	5578 	5594
f 5578 	5866 	5595
f 5578 	5597 	5593
f 5593 	5591 	5578
f 5580 	5579 	5588
f 5580 	5589 	5601
f 8129 	5598 	5575
f 5600 	2556 	5598
f 5599 	2556 	5600
f 5603 	2556 	5599
f 5598 	2556 	5575
f 5609 	5608 	5604
f 5602 	5609 	5604
f 5601 	5609 	5602
f 5607 	2556 	5605
f 5518 	5642 	5641
f 5641 	5512 	5518
f 5472 	4581 	6193
f 4580 	6195 	4581
f 4244 	5610 	4485
f 5611 	5610 	4244
f 4243 	5611 	4244
f 4243 	4096 	5611
f 5610 	5613 	5612
f 5610 	5611 	5613
f 5615 	5614 	5612
f 5613 	5615 	5612
f 5613 	4127 	5615
f 5613 	4123 	4127
f 5615 	5616 	5614
f 4123 	5613 	5611
f 4096 	4123 	5611
f 5618 	5615 	4127
f 5618 	5616 	5615
f 5618 	5619 	5616
f 5616 	5619 	5617
f 5617 	5619 	5620
f 4127 	4156 	5618
f 5621 	5619 	5618
f 5621 	5622 	5619
f 4156 	5621 	5618
f 5223 	5236 	5257
f 4161 	5621 	4156
f 5619 	5622 	5620
f 5257 	5218 	5223
f 5623 	5624 	5625
f 5627 	5624 	5623
f 4161 	7357 	5621
f 4161 	7363 	7357
f 5626 	5623 	5625
f 5624 	5627 	5628
f 5627 	5630 	5628
f 5237 	5238 	5630
f 5238 	5240 	5630
f 6303 	5617 	5620
f 6303 	5629 	6301
f 5629 	6303 	5620
f 5626 	5646 	5623
f 5647 	5627 	5623
f 5630 	5240 	5034
f 5631 	4483 	4485
f 5035 	5625 	5624
f 4552 	5632 	5631
f 5628 	5036 	5624
f 5628 	5034 	5031
f 5628 	5630 	5034
f 4485 	4552 	5631
f 5035 	5093 	5625
f 4552 	6287 	5632
f 5237 	5630 	5627
f 5633 	5634 	5635
f 5060 	5635 	5634
f 5631 	5632 	5648
f 5635 	5636 	5633
f 5634 	5626 	5625
f 5634 	5633 	5626
f 5638 	5639 	5637
f 6175 	5636 	5638
f 5637 	6175 	5638
f 5518 	5643 	5642
f 5633 	5645 	5626
f 5518 	4442 	5643
f 5640 	5643 	4443
f 5637 	6179 	6175
f 5634 	5093 	5060
f 5093 	5634 	5625
f 5639 	5096 	5086
f 5638 	5091 	5096
f 5636 	5091 	5638
f 5638 	5096 	5639
f 5640 	4483 	5644
f 5091 	5636 	5635
f 5644 	5648 	5659
f 5640 	4443 	4483
f 5646 	5626 	5645
f 5644 	4483 	5631
f 5644 	5631 	5648
f 5623 	5646 	5647
f 5632 	5649 	5648
f 5651 	5646 	5645
f 5647 	5646 	5652
f 5646 	5651 	5652
f 5650 	5651 	5645
f 5652 	5254 	5647
f 5652 	5255 	5254
f 5652 	5653 	5255
f 5655 	5651 	5650
f 5650 	5656 	5655
f 5651 	5653 	5652
f 5651 	5655 	5653
f 8359 	5655 	5656
f 5656 	8360 	8359
f 5657 	5658 	5640
f 5657 	5644 	5659
f 4906 	5395 	4923
f 5487 	4923 	5395
f 4933 	5660 	4911
f 5398 	4911 	5660
f 5489 	5396 	5485
f 5393 	5485 	5396
f 5660 	5487 	5398
f 4926 	5489 	4927
f 5396 	5489 	4926
f 5488 	5389 	4928
f 5486 	5392 	5488
f 5392 	5486 	4924
f 5392 	4924 	4904
f 4632 	4934 	5661
f 5658 	5643 	5640
f 5658 	5642 	5643
f 5487 	5661 	4934
f 5395 	5398 	5487
f 5660 	4646 	5661
f 5487 	5660 	5661
f 5648 	5663 	5659
f 5341 	4793 	5322
f 4758 	5322 	4793
f 3113 	4694 	5662
f 5657 	5640 	5644
f 5954 	5955 	847
f 5649 	5664 	5663
f 5654 	5665 	5664
f 5654 	5664 	5649
f 9545 	5940 	9548
f 5648 	5649 	5663
f 5953 	844 	5952
f 5666 	5952 	844
f 2237 	2220 	10442
f 10443 	10442 	2220
f 10445 	10444 	2221
f 2223 	10446 	2224
f 2221 	2226 	10445
f 5668 	4300 	5669
f 4298 	4299 	5671
f 4299 	5490 	5671
f 2227 	10450 	2228
f 4303 	4301 	5676
f 10455 	10454 	2233
f 5673 	5672 	4304
f 2233 	2232 	10455
f 10456 	10455 	2232
f 2232 	2231 	10456
f 4311 	5681 	5680
f 4307 	5686 	5685
f 4307 	4306 	5686
f 10437 	10439 	2243
f 10439 	10438 	2244
f 4306 	4308 	5688
f 5684 	5683 	4307
f 4308 	5690 	5689
f 5693 	5692 	4302
f 5690 	4308 	4309
f 4307 	5685 	5684
f 4276 	5669 	3371
f 5670 	3371 	5669
f 3371 	5670 	5671
f 5669 	4297 	5670
f 4298 	5671 	5670
f 5675 	5742 	5674
f 5676 	5742 	5675
f 5674 	5742 	5673
f 5720 	5742 	5677
f 5677 	5742 	5676
f 5672 	5693 	4302
f 4302 	4304 	5672
f 5674 	5673 	4304
f 5695 	2256 	2260
f 4304 	4303 	5674
f 2261 	5697 	2260
f 5678 	3380 	5498
f 5682 	5683 	5681
f 5680 	5681 	5683
f 5679 	5694 	5683
f 5679 	5683 	5684
f 5679 	5684 	5685
f 5679 	5685 	5686
f 5679 	5686 	5687
f 5679 	5687 	5688
f 5679 	5688 	5689
f 5679 	5689 	5690
f 5679 	5690 	5691
f 5691 	5699 	5679
f 5693 	5742 	5692
f 5672 	5742 	5693
f 5673 	5742 	5672
f 2262 	5698 	2263
f 1914 	4749 	2262
f 5680 	5683 	5694
f 4320 	4310 	5679
f 2272 	1902 	4678
f 5683 	5682 	4311
f 2258 	2257 	5696
f 5695 	5696 	2257
f 5681 	4311 	5682
f 2256 	5695 	2257
f 2259 	2258 	5696
f 2259 	5696 	4702
f 4702 	1905 	2259
f 4311 	4307 	5683
f 5695 	2260 	5697
f 2154 	2264 	5137
f 5698 	5137 	2264
f 2263 	5698 	2264
f 5698 	2262 	4749
f 5692 	5679 	5699
f 5699 	5691 	4309
f 4309 	5692 	5699
f 5697 	5698 	5695
f 5141 	5137 	5697
f 5696 	5695 	5698
f 5698 	4749 	5696
f 5691 	5690 	4309
f 4702 	5696 	4749
f 2153 	5697 	2261
f 2153 	2158 	5697
f 5705 	5700 	2265
f 5149 	2172 	5700
f 2265 	5700 	2172
f 5717 	4312 	5668
f 4312 	5718 	4314
f 5705 	5707 	5700
f 2267 	5701 	4845
f 2267 	4845 	1918
f 5724 	4314 	5719
f 5703 	5701 	2267
f 5703 	2267 	2266
f 2268 	5702 	5704
f 2268 	5704 	2269
f 5758 	4321 	5762
f 5702 	5706 	5701
f 4845 	5701 	4678
f 5701 	5703 	5704
f 5701 	5704 	5702
f 5731 	5762 	4315
f 2269 	5704 	5703
f 2269 	5703 	2266
f 2270 	5705 	2265
f 5731 	4315 	5732
f 2271 	5705 	2270
f 5706 	2272 	4678
f 2273 	2171 	5707
f 5148 	5707 	2171
f 5705 	2271 	5707
f 2273 	5707 	2271
f 4319 	5741 	4317
f 5740 	4317 	5741
f 4319 	5742 	5741
f 5149 	5700 	5707
f 4320 	5743 	5742
f 4678 	5701 	5706
f 5707 	5148 	5149
f 2274 	5708 	5709
f 2274 	5709 	2275
f 2276 	5710 	5708
f 2276 	5708 	2274
f 5711 	5710 	2276
f 5711 	2276 	2277
f 5711 	5749 	5710
f 5710 	5747 	5708
f 4322 	4321 	5757
f 5757 	5759 	4322
f 2279 	5713 	5712
f 2279 	5712 	2278
f 2281 	2272 	5706
f 5702 	2268 	5714
f 2280 	5714 	2268
f 5715 	2281 	5706
f 2308 	6040 	2279
f 5714 	2280 	2282
f 5714 	2282 	5716
f 4325 	4324 	5753
f 2281 	5715 	5716
f 2281 	5716 	2282
f 4323 	5756 	4324
f 5754 	4324 	5756
f 5728 	5725 	4277
f 5668 	4276 	5717
f 5714 	5706 	5702
f 5715 	5706 	5714
f 5717 	4276 	5718
f 5714 	5716 	5715
f 5717 	5718 	4312
f 1919 	2287 	5730
f 5718 	4276 	5719
f 4847 	5723 	1920
f 5719 	4314 	5718
f 4847 	5730 	5723
f 2283 	5721 	5722
f 2283 	5722 	2284
f 2285 	5723 	5721
f 2285 	5721 	2283
f 5723 	2285 	1920
f 5719 	4276 	5724
f 4276 	4277 	5725
f 5722 	5721 	5723
f 5724 	4276 	5725
f 2284 	5722 	2290
f 5728 	4277 	5727
f 2288 	5729 	5726
f 2288 	5726 	2286
f 4316 	5728 	5727
f 5758 	5762 	4277
f 5722 	5734 	2290
f 5731 	5732 	4277
f 5730 	2287 	5733
f 2289 	5733 	2287
f 2290 	5734 	5733
f 2290 	5733 	2289
f 5736 	4277 	5735
f 5732 	5735 	4277
f 5735 	5732 	4315
f 5722 	5723 	5734
f 5730 	5734 	5723
f 4315 	4316 	5735
f 5727 	4277 	5736
f 5730 	5733 	5734
f 5727 	5736 	4316
f 2275 	5709 	5752
f 2293 	5748 	2294
f 5745 	5738 	5737
f 5738 	5739 	5737
f 5739 	5740 	5737
f 5720 	5737 	5740
f 5720 	5740 	5741
f 5720 	5741 	5742
f 5743 	5692 	5742
f 5744 	5692 	5743
f 5679 	5692 	5744
f 4317 	5739 	5738
f 4317 	5738 	4318
f 5745 	4318 	5738
f 5744 	5743 	4320
f 2291 	2275 	5752
f 5748 	2293 	2292
f 5744 	4320 	5679
f 2291 	5752 	2214
f 5711 	5763 	5749
f 5748 	5709 	5747
f 5709 	5708 	5747
f 5748 	5747 	2294
f 2294 	5747 	2295
f 5749 	2295 	5747
f 5751 	10604 	5750
f 5753 	10604 	5751
f 2297 	5746 	2301
f 5750 	5778 	4330
f 2296 	5749 	2297
f 5746 	2297 	5749
f 5749 	2296 	2295
f 4330 	4325 	5750
f 5751 	5750 	4325
f 5754 	10604 	5753
f 5756 	10604 	5754
f 4325 	5753 	5751
f 2292 	5755 	5748
f 5747 	5710 	5749
f 10604 	5757 	4277
f 5709 	5748 	5752
f 5757 	10604 	5759
f 5759 	10604 	5760
f 5755 	5752 	5748
f 4323 	4322 	5759
f 2298 	5761 	5755
f 5755 	2292 	2298
f 4323 	5759 	5760
f 2311 	5761 	2298
f 5731 	4277 	5762
f 5755 	5761 	5203
f 5752 	5755 	5203
f 5756 	5760 	10604
f 5756 	4323 	5760
f 2214 	5752 	5203
f 2309 	2214 	5203
f 5758 	4277 	5757
f 4277 	4282 	10604
f 2299 	5763 	5711
f 2299 	5711 	2277
f 5527 	5088 	5528
f 5087 	5528 	5088
f 5767 	5527 	5521
f 5064 	5089 	5519
f 5765 	4326 	5766
f 5768 	10603 	5766
f 5767 	5088 	5527
f 5089 	5090 	5764
f 5770 	10603 	5769
f 5769 	4328 	5770
f 5528 	5087 	5446
f 5769 	10603 	5771
f 5768 	5771 	10603
f 5772 	10603 	5678
f 4305 	4329 	5678
f 5765 	10603 	5772
f 5524 	7554 	5515
f 4329 	4326 	5772
f 5765 	5772 	4326
f 7664 	5526 	5525
f 5775 	10604 	5774
f 5773 	10604 	5770
f 5774 	10604 	5773
f 4328 	4332 	5773
f 5774 	5773 	4332
f 4332 	5775 	5774
f 7666 	5517 	5516
f 4331 	5776 	5775
f 5770 	4328 	5773
f 5777 	5778 	10604
f 5750 	10604 	5778
f 5778 	5777 	4330
f 4331 	4330 	5777
f 7669 	7668 	5520
f 4331 	5777 	5776
f 7553 	7669 	5515
f 5783 	5784 	4987
f 5776 	10604 	5775
f 5782 	5783 	4987
f 4989 	4987 	5784
f 5513 	5523 	5785
f 5523 	5781 	5785
f 5785 	5781 	5779
f 5780 	5782 	5785
f 4987 	5785 	5782
f 5779 	5780 	5785
f 5781 	7537 	5779
f 5517 	5514 	6574
f 6259 	5791 	5792
f 6252 	12209 	6253
f 6257 	5786 	5791
f 6260 	6259 	5793
f 6263 	6262 	5795
f 5796 	6267 	5795
f 6578 	6577 	5798
f 5797 	5798 	6577
f 6577 	6587 	5802
f 5510 	5504 	5811
f 5811 	5511 	5510
f 5813 	12292 	5814
f 5813 	3040 	5418
f 5814 	3042 	5813
f 5511 	5815 	5239
f 3040 	5813 	3042
f 5815 	5809 	5239
f 5820 	5813 	5818
f 5813 	5825 	5823
f 5813 	5823 	5819
f 5813 	5819 	5817
f 5817 	5818 	5813
f 5825 	5813 	5824
f 5824 	5813 	5826
f 5830 	6258 	5829
f 5831 	6257 	5830
f 5821 	6257 	5831
f 5826 	5813 	5832
f 5504 	5842 	5811
f 5419 	5845 	5418
f 5418 	5857 	5813
f 5820 	3025 	5816
f 3021 	5816 	3025
f 5818 	3023 	5820
f 5865 	5815 	5511
f 3026 	3024 	5823
f 3036 	3030 	5826
f 3036 	5826 	5832
f 5818 	5817 	3023
f 3022 	3023 	5817
f 5835 	5834 	5281
f 3022 	5817 	5819
f 5821 	3029 	5822
f 5824 	3030 	5825
f 5834 	5837 	5836
f 5825 	3031 	5823
f 5824 	5826 	3030
f 3032 	5821 	5831
f 3033 	3032 	5830
f 5831 	5830 	3032
f 5837 	5838 	5836
f 3035 	3034 	5828
f 3035 	5828 	5827
f 5279 	5275 	5834
f 5829 	3033 	5830
f 3037 	3036 	5832
f 5834 	5836 	5279
f 5839 	5836 	5838
f 6256 	6255 	5787
f 5788 	5787 	6255
f 5838 	5840 	5839
f 6266 	6265 	5790
f 5840 	5841 	5842
f 5503 	5839 	5840
f 5839 	5503 	5496
f 12213 	6244 	6250
f 5842 	5503 	5840
f 5837 	5843 	5844
f 5793 	5788 	6260
f 5792 	5793 	6259
f 5860 	5859 	5844
f 5847 	5419 	5846
f 5847 	5845 	5419
f 5852 	5418 	5845
f 5854 	6252 	5853
f 5832 	5813 	5857
f 5857 	5418 	5852
f 5852 	5845 	7686
f 5856 	7689 	5848
f 5835 	5858 	5834
f 7686 	7691 	5852
f 5858 	5843 	5837
f 5858 	5837 	5834
f 5837 	5844 	5859
f 5838 	5837 	5859
f 5850 	7682 	5851
f 5859 	5861 	5838
f 5838 	5861 	5840
f 5861 	5841 	5840
f 5860 	5862 	5859
f 5884 	5859 	5862
f 2556 	5603 	5608
f 5863 	5606 	2556
f 5884 	5861 	5859
f 5609 	5601 	5596
f 5603 	5604 	5608
f 5608 	5863 	2556
f 5606 	5605 	2556
f 5864 	5842 	5841
f 5865 	5864 	5867
f 5595 	5868 	8173
f 5867 	5869 	5865
f 5595 	5866 	5868
f 5864 	5811 	5842
f 5811 	5864 	5865
f 5870 	5869 	5871
f 5874 	5866 	5873
f 5869 	5815 	5865
f 5872 	5873 	5866
f 5866 	5874 	5868
f 5869 	5870 	5815
f 5511 	5811 	5865
f 5875 	2556 	5607
f 5870 	5809 	5815
f 5870 	5833 	5809
f 5878 	5867 	5864
f 5875 	5877 	2556
f 5877 	5876 	2556
f 2557 	5575 	2556
f 5841 	5878 	5864
f 5878 	5881 	5882
f 5889 	5882 	5888
f 5880 	5878 	5882
f 5881 	5841 	5861
f 5881 	5878 	5841
f 5883 	5880 	5879
f 5867 	5878 	5880
f 5883 	5867 	5880
f 5883 	5869 	5867
f 5871 	5869 	5883
f 5881 	5888 	5882
f 5881 	5861 	5887
f 5889 	5890 	5882
f 5887 	5861 	5884
f 5880 	5885 	5879
f 5886 	5881 	5887
f 5888 	5881 	5886
f 5882 	5885 	5880
f 6271 	5879 	5885
f 5890 	5891 	5885
f 5890 	5885 	5882
f 5891 	6442 	5885
f 5885 	6442 	6271
f 5905 	5247 	5244
f 5895 	5896 	5902
f 5899 	6037 	5898
f 5898 	6037 	4367
f 5894 	5893 	5921
f 5897 	5896 	3592
f 5897 	3592 	5892
f 4348 	4350 	6037
f 5248 	5247 	5900
f 4367 	6037 	4366
f 5892 	5900 	5901
f 5903 	5895 	5902
f 5893 	5895 	5903
f 5896 	5904 	5902
f 5904 	5896 	5897
f 5897 	5901 	5904
f 5897 	5892 	5901
f 6041 	5899 	6034
f 4352 	6037 	4344
f 6036 	4344 	6037
f 5901 	5900 	5909
f 5914 	5903 	5902
f 5913 	5902 	5904
f 5244 	5245 	5905
f 4346 	4348 	6037
f 5907 	5906 	5908
f 5909 	5907 	5908
f 5905 	5833 	5906
f 5906 	5907 	5905
f 5245 	5809 	5833
f 5905 	5245 	5833
f 5900 	5907 	5909
f 5908 	5906 	6218
f 5910 	5911 	5912
f 5912 	5913 	5910
f 5911 	5909 	5908
f 5910 	5909 	5911
f 5902 	5913 	5914
f 5904 	5910 	5913
f 5910 	5901 	5909
f 5910 	5904 	5901
f 4149 	5917 	5916
f 5915 	5916 	5917
f 4150 	4149 	5918
f 5916 	5918 	4149
f 5919 	5920 	5915
f 5917 	5919 	5915
f 5921 	5920 	5894
f 5919 	5894 	5920
f 5903 	5921 	5893
f 5915 	5927 	5916
f 4152 	4151 	5925
f 5921 	5929 	5920
f 4150 	5918 	5922
f 5922 	4151 	4150
f 5922 	5923 	5924
f 5924 	5925 	5922
f 5923 	5918 	5926
f 5918 	5923 	5922
f 5927 	5926 	5916
f 5918 	5916 	5926
f 5925 	4151 	5922
f 5926 	6443 	5923
f 6444 	5924 	5923
f 5925 	5924 	6450
f 6450 	4450 	5925
f 4450 	4152 	5925
f 5923 	6443 	6444
f 5927 	5928 	6203
f 5930 	5931 	5932
f 5930 	5929 	5931
f 5933 	5932 	5914
f 5912 	5933 	5913
f 5933 	5914 	5913
f 5931 	5914 	5932
f 5903 	5914 	5931
f 5915 	5928 	5927
f 5928 	5920 	5929
f 5928 	5915 	5920
f 5921 	5931 	5929
f 5921 	5903 	5931
f 10065 	392 	10572
f 2724 	3487 	2733
f 5934 	5935 	5936
f 5944 	5945 	5937
f 5937 	5938 	5939
f 5939 	5940 	5937
f 9543 	5937 	5940
f 5941 	5943 	5939
f 5939 	5938 	5941
f 5938 	5980 	5941
f 5943 	5940 	5939
f 5941 	5942 	5943
f 5666 	5943 	5942
f 5938 	5937 	5945
f 5938 	5945 	5946
f 5938 	5946 	5979
f 5945 	5944 	5667
f 5945 	5978 	5946
f 5945 	5667 	5978
f 4285 	5947 	5934
f 4285 	5934 	5948
f 5949 	5935 	5947
f 5934 	5947 	5935
f 5954 	844 	5953
f 5950 	6429 	5955
f 5957 	5988 	5958
f 5988 	5960 	5959
f 5961 	5960 	5988
f 5962 	5961 	5988
f 5962 	5988 	5963
f 5964 	5963 	5988
f 5965 	5964 	5988
f 5968 	11260 	5969
f 5970 	5969 	11260
f 5971 	11260 	5972
f 5973 	5972 	11260
f 5974 	5973 	11260
f 5975 	5974 	11260
f 5976 	5975 	11260
f 5971 	5970 	11260
f 5968 	5967 	11260
f 5967 	5966 	11260
f 5988 	11260 	5966
f 5966 	5965 	5988
f 5959 	5958 	5988
f 6435 	5956 	5957
f 6435 	5957 	6436
f 5958 	6436 	5957
f 6541 	6540 	5972
f 5667 	10711 	5978
f 5989 	5946 	5978
f 11007 	11260 	5987
f 5979 	5984 	5980
f 5979 	5982 	5984
f 5979 	5980 	5938
f 5982 	5981 	5983
f 5981 	5954 	5983
f 5983 	5984 	5982
f 5952 	5666 	5942
f 5985 	5952 	5942
f 5986 	5941 	5980
f 5984 	5986 	5980
f 5953 	5983 	5954
f 5953 	5952 	5985
f 5953 	5985 	5983
f 5985 	5986 	5984
f 5985 	5984 	5983
f 5985 	5942 	5986
f 5942 	5941 	5986
f 5990 	5955 	5981
f 5982 	5979 	5991
f 5991 	5992 	5982
f 5987 	5978 	5977
f 5978 	5987 	5989
f 5991 	5987 	5988
f 5979 	5993 	5991
f 5988 	5957 	5956
f 5955 	5988 	5950
f 5979 	5946 	5989
f 5956 	5950 	5988
f 5988 	5955 	5990
f 5990 	5982 	5992
f 5992 	5991 	5988
f 5992 	5988 	5990
f 5993 	5989 	5987
f 5987 	5991 	5993
f 5993 	5979 	5989
f 5954 	5981 	5955
f 5990 	5981 	5982
f 5994 	6009 	5995
f 6009 	5996 	5995
f 5998 	5997 	6009
f 5998 	6009 	5994
f 5995 	11076 	5994
f 11077 	5994 	11076
f 11079 	5995 	11078
f 5872 	11078 	5996
f 5873 	5872 	8640
f 7684 	5849 	5848
f 7684 	5848 	7689
f 5854 	7689 	5856
f 5832 	5857 	3037
f 7691 	3037 	5857
f 5856 	6245 	5854
f 5855 	6254 	5999
f 5853 	6253 	5855
f 5829 	6259 	5828
f 3028 	5999 	5822
f 12210 	6245 	12213
f 6265 	6256 	5789
f 5791 	6259 	6258
f 2300 	2304 	6000
f 2300 	6000 	5763
f 2300 	5763 	2299
f 5713 	2279 	6040
f 6001 	5746 	6042
f 5763 	6000 	5746
f 5746 	5749 	5763
f 2302 	2319 	6038
f 2302 	6038 	2303
f 6042 	6000 	2304
f 2305 	6001 	2306
f 6001 	2305 	5746
f 2301 	5746 	2305
f 5712 	2326 	2278
f 2307 	6035 	2331
f 5998 	11095 	5997
f 6002 	8641 	6003
f 5996 	6009 	6005
f 6003 	11081 	6002
f 11085 	11088 	6005
f 11089 	11083 	6008
f 6005 	6006 	5996
f 6004 	6005 	6009
f 6006 	6007 	5996
f 6008 	6004 	6009
f 6003 	8640 	6007
f 6008 	6011 	11100
f 6008 	6009 	6011
f 6011 	6009 	6010
f 6012 	6010 	6009
f 6002 	6014 	8080
f 6013 	6014 	11112
f 6020 	6014 	6013
f 6019 	6023 	6018
f 6017 	6018 	6023
f 11105 	6016 	6015
f 11108 	6017 	6016
f 6020 	6013 	6015
f 6016 	6020 	6015
f 6014 	6020 	8080
f 6020 	6016 	6017
f 11114 	11115 	6022
f 8642 	8636 	9896
f 6012 	8642 	9896
f 6019 	6022 	6023
f 6021 	6023 	6022
f 11121 	11122 	6024
f 6028 	6020 	6027
f 6024 	6025 	6023
f 6025 	6026 	6023
f 6026 	6020 	6023
f 6027 	6020 	6026
f 6017 	6023 	6020
f 6020 	6028 	6029
f 6020 	6029 	8080
f 11124 	6026 	6025
f 6028 	11120 	6029
f 6330 	6329 	6231
f 6030 	6180 	6031
f 6358 	6365 	6231
f 6041 	6039 	5899
f 6035 	6161 	2331
f 6042 	2304 	2303
f 6043 	4344 	6036
f 6042 	2303 	6038
f 6037 	5899 	6039
f 6035 	5712 	6040
f 6161 	6035 	6040
f 6038 	6001 	6042
f 6044 	4344 	6045
f 6151 	6152 	6038
f 5713 	6040 	5712
f 6000 	6042 	5746
f 6047 	4344 	6043
f 6048 	4344 	6047
f 6046 	4344 	6048
f 6045 	4344 	6046
f 6052 	6049 	2312
f 5203 	6053 	2309
f 2313 	6049 	2318
f 2313 	2312 	6049
f 6054 	2311 	6051
f 2310 	6051 	2311
f 2311 	6054 	5761
f 6056 	6049 	6154
f 6051 	6053 	6054
f 6053 	5203 	6054
f 5761 	6054 	5203
f 2314 	6055 	6056
f 2314 	6056 	2315
f 6055 	6058 	6056
f 2314 	2316 	6055
f 6057 	6055 	2316
f 6049 	6058 	2318
f 6058 	2317 	2318
f 2316 	2309 	6057
f 6057 	2309 	6053
f 6051 	2310 	6058
f 2317 	6058 	2310
f 6051 	6058 	6057
f 6049 	6056 	6058
f 6055 	6057 	6058
f 6053 	6051 	6057
f 6151 	6038 	2319
f 6001 	6152 	2306
f 6152 	2321 	2320
f 6151 	2319 	2323
f 6035 	2307 	2324
f 6060 	6064 	4345
f 6064 	6060 	9294
f 6063 	6064 	9294
f 6063 	6062 	4345
f 6060 	4345 	6044
f 4344 	6044 	4345
f 6064 	6063 	4345
f 9301 	9306 	6074
f 6071 	4368 	6072
f 6069 	6072 	4376
f 4373 	4377 	6072
f 6071 	6072 	9303
f 6066 	4368 	6067
f 6073 	6034 	4368
f 5899 	4368 	6034
f 6079 	9308 	6076
f 9309 	6080 	6075
f 6080 	4345 	6075
f 4372 	4385 	6077
f 4370 	4372 	6077
f 6070 	6069 	4376
f 6080 	6081 	4345
f 6076 	4345 	6079
f 6076 	6075 	4345
f 6079 	4345 	6050
f 4376 	4375 	6070
f 4368 	4373 	6072
f 6066 	6065 	4368
f 6065 	6074 	4368
f 6074 	6073 	4368
f 6071 	6067 	4368
f 6077 	6068 	4370
f 4345 	4382 	2931
f 6062 	6061 	4345
f 6061 	6050 	4345
f 2486 	4345 	2580
f 2931 	2577 	4345
f 2486 	2479 	4345
f 2443 	2434 	4345
f 2289 	6083 	2429
f 2434 	2430 	4345
f 780 	777 	6082
f 6082 	6085 	6083
f 4345 	2430 	6083
f 6083 	6085 	4345
f 6085 	6084 	4345
f 4341 	6088 	4342
f 4340 	6088 	4341
f 6087 	4345 	6084
f 6086 	4345 	6087
f 6621 	6622 	6086
f 4340 	6086 	6088
f 4343 	4342 	6088
f 6091 	6089 	6088
f 6092 	6090 	6091
f 6089 	6091 	6090
f 6098 	6127 	6095
f 6096 	6097 	6100
f 6094 	6095 	6127
f 6100 	6127 	6098
f 6100 	6098 	6101
f 6100 	6101 	6099
f 6099 	6096 	6100
f 6097 	6106 	6100
f 6100 	8044 	6090
f 6103 	8041 	6102
f 8043 	8044 	6102
f 6105 	6104 	6100
f 8044 	6100 	6104
f 6104 	6102 	8044
f 6117 	6122 	6108
f 6110 	8040 	6113
f 6111 	8041 	6103
f 6112 	8042 	6111
f 6113 	8042 	6112
f 6107 	6122 	6116
f 6108 	6122 	6107
f 6115 	6116 	6122
f 6149 	6114 	6122
f 6122 	6117 	6118
f 6122 	6118 	6119
f 6122 	6119 	6120
f 6122 	6120 	6121
f 6143 	6624 	6124
f 6125 	6141 	6124
f 6624 	6625 	6124
f 6100 	6126 	6127
f 6128 	6093 	6127
f 6094 	6127 	6093
f 6129 	6131 	6127
f 6091 	6088 	6129
f 6128 	6127 	6131
f 6133 	6130 	6088
f 6132 	6133 	6088
f 6129 	6088 	6130
f 6129 	6130 	6131
f 6125 	6134 	6135
f 6136 	6137 	6135
f 6125 	6135 	6137
f 6139 	6132 	6088
f 6125 	6137 	6140
f 6125 	6140 	6141
f 6142 	6124 	6141
f 6143 	6124 	6142
f 6138 	6139 	6088
f 6086 	6622 	6088
f 6144 	8510 	6109
f 6145 	8512 	6144
f 6109 	8039 	6110
f 6122 	6146 	6147
f 6122 	6147 	6148
f 6122 	6148 	6149
f 6114 	6115 	6122
f 2322 	2325 	6153
f 2374 	6059 	2324
f 2320 	2306 	6152
f 2321 	6052 	2312
f 6152 	6052 	2321
f 2322 	6153 	6151
f 2322 	6151 	2323
f 2326 	5712 	6155
f 2324 	6059 	6035
f 6052 	6153 	6049
f 6154 	6049 	6153
f 6001 	6038 	6152
f 6151 	6153 	6052
f 6052 	6152 	6151
f 5712 	6035 	6155
f 6059 	6155 	6035
f 6154 	6153 	2325
f 6154 	2325 	6056
f 2315 	6056 	2325
f 2326 	6155 	6559
f 2326 	6559 	2411
f 6559 	6155 	6059
f 6159 	6040 	2330
f 6156 	2328 	6157
f 2327 	6157 	2328
f 2328 	6156 	2329
f 2330 	2329 	6159
f 6156 	6159 	2329
f 2334 	6158 	2335
f 6040 	2308 	2330
f 6158 	2334 	6160
f 2333 	6160 	2334
f 2332 	6160 	2333
f 6160 	2332 	6161
f 2331 	6161 	2332
f 2327 	2336 	6157
f 6162 	6157 	2336
f 6158 	6156 	6157
f 6158 	6157 	6162
f 6158 	6160 	6156
f 6159 	6156 	6160
f 6160 	6161 	6159
f 6040 	6159 	6161
f 2288 	2338 	5729
f 6166 	5729 	2338
f 6166 	2338 	6165
f 2432 	6163 	2339
f 2358 	6165 	2338
f 2339 	6163 	2358
f 6168 	6167 	2362
f 6165 	2358 	6163
f 6164 	6167 	6163
f 2363 	6167 	2365
f 6164 	2367 	6167
f 2365 	6167 	2367
f 2367 	6164 	2368
f 5726 	6564 	2426
f 2363 	2362 	6167
f 6168 	2362 	2337
f 6166 	6168 	5726
f 6163 	6167 	6165
f 6167 	6168 	6165
f 6166 	6165 	6168
f 5729 	6166 	5726
f 6564 	5726 	6168
f 2402 	6169 	6173
f 2402 	6173 	2403
f 6173 	2406 	2403
f 6170 	2370 	2369
f 2373 	6171 	2374
f 6059 	2374 	6171
f 2372 	6171 	2373
f 5653 	5258 	5255
f 2371 	6172 	6171
f 2371 	6171 	2372
f 6158 	6170 	2369
f 6158 	2369 	2335
f 6172 	2371 	6170
f 2370 	6170 	2371
f 6162 	2406 	6173
f 2406 	6162 	2336
f 6169 	6560 	6172
f 6173 	6169 	6172
f 6172 	6170 	6173
f 6162 	6173 	6170
f 6171 	6172 	6560
f 6059 	6171 	6559
f 5237 	5627 	5647
f 11129 	6032 	11135
f 5633 	6177 	5645
f 6176 	6226 	6032
f 5650 	5645 	6177
f 6032 	6226 	6174
f 5633 	5636 	6177
f 5636 	6175 	6177
f 6226 	6176 	6178
f 6033 	6174 	6031
f 6226 	6031 	6174
f 6030 	6029 	11137
f 6030 	11137 	6180
f 6180 	6033 	6031
f 5637 	6181 	6179
f 6182 	6177 	6175
f 6184 	11138 	6183
f 6175 	6179 	6182
f 11141 	11142 	6183
f 6183 	6024 	6023
f 6177 	6182 	5650
f 11142 	6024 	6183
f 6183 	11139 	11141
f 6023 	6184 	6183
f 6187 	6179 	6181
f 6181 	6188 	6187
f 6189 	6182 	6179
f 5650 	6182 	5656
f 5656 	6182 	6189
f 6187 	6189 	6179
f 8360 	5656 	6189
f 6186 	6305 	6190
f 4581 	6195 	6193
f 1120 	6194 	6196
f 6197 	2622 	6198
f 1099 	6198 	2622
f 5932 	6237 	6238
f 6199 	6205 	6197
f 6238 	5930 	5932
f 6198 	6199 	6197
f 6196 	6199 	6198
f 1099 	1111 	6198
f 1111 	6196 	6198
f 5912 	6239 	5933
f 6194 	6200 	6196
f 2621 	2620 	6202
f 6201 	6203 	5928
f 2620 	6197 	6202
f 6204 	6202 	6205
f 6197 	6205 	6202
f 5930 	6201 	5929
f 6205 	6206 	6204
f 5929 	6201 	5928
f 6205 	6207 	6206
f 6199 	6207 	6205
f 6209 	6207 	6199
f 5927 	6203 	6453
f 5871 	6208 	5870
f 5833 	6208 	5906
f 6208 	6218 	5906
f 6196 	6209 	6199
f 6207 	6209 	6210
f 5833 	5870 	6208
f 6196 	6200 	6209
f 6211 	6209 	6200
f 6213 	6214 	6210
f 6213 	6210 	6209
f 6212 	5911 	5908
f 6211 	6213 	6209
f 6212 	6216 	6215
f 6215 	6217 	6212
f 6218 	6219 	6216
f 6210 	6698 	6693
f 6214 	6698 	6210
f 6229 	6216 	6219
f 6212 	6218 	6216
f 6220 	3191 	2853
f 5871 	6219 	6208
f 6219 	6218 	6208
f 6217 	6239 	5912
f 5911 	6212 	6217
f 2853 	6222 	6220
f 5912 	5911 	6217
f 6212 	5908 	6218
f 6221 	2844 	6204
f 11147 	11148 	6185
f 6178 	6185 	6226
f 6224 	6226 	6185
f 11102 	10063 	11166
f 6225 	6229 	6219
f 6219 	5871 	6225
f 5883 	6225 	5871
f 6229 	6230 	6232
f 6232 	6234 	6229
f 6031 	6228 	6227
f 6225 	5879 	6230
f 11154 	11153 	6227
f 6227 	6233 	6031
f 6231 	6031 	6233
f 6225 	6230 	6229
f 5883 	5879 	6225
f 6236 	6226 	6235
f 6216 	6229 	6234
f 6234 	6215 	6216
f 6031 	6226 	6228
f 6236 	6228 	6226
f 6215 	6234 	6268
f 6359 	6358 	6231
f 6227 	6228 	11152
f 11153 	11150 	6233
f 6271 	6230 	5879
f 6227 	11152 	11154
f 11156 	11157 	6235
f 5791 	6258 	6257
f 5788 	6255 	6260
f 6237 	6241 	6240
f 6243 	5822 	6242
f 5848 	6245 	5856
f 6240 	6238 	6237
f 6240 	6246 	6238
f 6245 	5848 	6244
f 6252 	5854 	6245
f 6249 	6250 	5850
f 6247 	6249 	5851
f 6244 	12213 	6245
f 6246 	6248 	6238
f 5930 	6238 	6248
f 5848 	5849 	6244
f 6250 	6244 	5849
f 6239 	6251 	6241
f 5849 	5850 	6250
f 6253 	5853 	6252
f 6252 	6245 	12210
f 6254 	5855 	6253
f 6237 	6239 	6241
f 5933 	6239 	6237
f 6242 	5999 	6254
f 6215 	6251 	6217
f 6255 	5827 	6260
f 6256 	6261 	6255
f 6251 	6239 	6217
f 5822 	6243 	5821
f 6257 	5821 	6243
f 6248 	6201 	5930
f 6237 	5932 	5933
f 6265 	12246 	6256
f 5787 	5789 	6256
f 6259 	5829 	6258
f 6260 	5827 	6259
f 5999 	6242 	5822
f 6268 	6269 	6251
f 6258 	5830 	6257
f 6215 	6268 	6251
f 6261 	5827 	6255
f 12248 	12243 	6263
f 5828 	6259 	5827
f 6248 	6454 	6201
f 6248 	6246 	6476
f 5816 	12292 	5820
f 6264 	12292 	5816
f 5813 	5820 	12292
f 2937 	3027 	6261
f 5794 	5795 	6262
f 6266 	12246 	6265
f 6262 	6263 	12244
f 5789 	5790 	6265
f 12243 	12244 	6263
f 5790 	5794 	6266
f 6262 	6266 	5794
f 6251 	6269 	6241
f 6276 	6241 	6269
f 6270 	6195 	4580
f 6269 	6268 	6282
f 6272 	6230 	6271
f 6272 	6232 	6230
f 6270 	5508 	6273
f 5508 	5509 	6273
f 4580 	5508 	6270
f 6271 	6440 	6272
f 5641 	6274 	5512
f 6274 	5509 	5512
f 6274 	6273 	5509
f 6234 	6275 	6268
f 6240 	6241 	6276
f 6277 	6278 	6279
f 6280 	6277 	6279
f 6277 	6280 	6282
f 6281 	6282 	6280
f 6282 	6281 	6284
f 6283 	6284 	6281
f 6275 	6285 	6277
f 6285 	6431 	6432
f 6432 	6277 	6285
f 6282 	6275 	6277
f 6285 	6232 	6272
f 5616 	5617 	6286
f 6286 	5614 	5616
f 5617 	6297 	6286
f 6287 	4552 	5612
f 6287 	6288 	5632
f 5612 	5614 	6287
f 6288 	5654 	5649
f 5649 	5632 	6288
f 6290 	6289 	6288
f 6288 	6287 	6290
f 5614 	6290 	6287
f 6292 	6291 	6289
f 6290 	5614 	6286
f 6290 	6292 	6289
f 6291 	6293 	6294
f 6291 	6292 	6293
f 6294 	6293 	6295
f 6290 	6286 	6292
f 6295 	6293 	6296
f 6297 	6293 	6292
f 6286 	6297 	6292
f 6297 	6296 	6293
f 6295 	6298 	6299
f 6295 	6296 	6298
f 6298 	6300 	6299
f 6301 	6302 	6298
f 6298 	6302 	6300
f 6303 	6296 	6297
f 6301 	6298 	6296
f 6303 	6301 	6296
f 6303 	6297 	5617
f 6301 	5629 	7648
f 6304 	6186 	5665
f 5665 	5654 	6304
f 6304 	6305 	6186
f 6305 	6306 	6190
f 6294 	6306 	6305
f 6190 	6306 	6191
f 6306 	6307 	6191
f 11158 	11159 	6236
f 6309 	6226 	6308
f 6235 	6226 	6309
f 6224 	6308 	6226
f 11161 	6309 	6308
f 6386 	6387 	6313
f 6314 	6386 	6313
f 6315 	6384 	6314
f 6316 	6389 	6315
f 6317 	6389 	6316
f 6318 	6376 	6317
f 6319 	6376 	6318
f 6310 	6375 	6319
f 6311 	6312 	6387
f 6311 	6390 	6391
f 6392 	6320 	6391
f 6393 	6327 	6392
f 6324 	6395 	6323
f 6395 	6396 	6323
f 6325 	6395 	6324
f 6326 	6393 	6325
f 6327 	6393 	6326
f 6320 	6392 	6327
f 6328 	6329 	6310
f 6328 	6310 	6319
f 6329 	6330 	6310
f 6331 	6320 	6332
f 6333 	6311 	6320
f 6333 	6320 	6331
f 6334 	6312 	6311
f 6334 	6311 	6333
f 6312 	6334 	6313
f 6335 	6313 	6334
f 6313 	6335 	6314
f 6336 	6314 	6335
f 6314 	6336 	6315
f 6337 	6315 	6336
f 6315 	6337 	6316
f 6338 	6316 	6337
f 6316 	6338 	6317
f 6339 	6317 	6338
f 6339 	6340 	6318
f 6339 	6318 	6317
f 6340 	6341 	6319
f 6340 	6319 	6318
f 6341 	6328 	6319
f 6342 	6327 	6326
f 6342 	6326 	6343
f 6342 	6332 	6327
f 6320 	6327 	6332
f 6344 	6322 	6321
f 6344 	6321 	6345
f 6346 	6323 	6322
f 6346 	6322 	6344
f 6347 	6324 	6323
f 6347 	6323 	6346
f 6348 	6345 	6321
f 6349 	6325 	6324
f 6349 	6324 	6347
f 6349 	6343 	6325
f 6326 	6325 	6343
f 6340 	6339 	6231
f 6334 	6350 	6335
f 6339 	6338 	6031
f 6337 	6336 	8080
f 6336 	6335 	8080
f 6031 	6231 	6339
f 6332 	6350 	6331
f 6331 	6350 	6333
f 6333 	6350 	6334
f 8080 	6335 	6350
f 8080 	6338 	6337
f 8080 	6029 	6338
f 6029 	6030 	6338
f 6030 	6031 	6338
f 6343 	6350 	6342
f 6332 	6342 	6350
f 6350 	6343 	6349
f 6349 	6347 	6350
f 6346 	6344 	6350
f 6344 	6345 	6350
f 6848 	6923 	6849
f 6346 	6350 	6347
f 6350 	6345 	6348
f 6378 	6381 	6353
f 6354 	6378 	6353
f 6355 	6380 	6354
f 6381 	6382 	6352
f 6352 	6353 	6381
f 6359 	6351 	6358
f 6357 	6358 	6351
f 6359 	6360 	6352
f 6359 	6352 	6351
f 6360 	6361 	6353
f 6360 	6353 	6352
f 6361 	6362 	6354
f 6361 	6354 	6353
f 6364 	6355 	6363
f 6330 	6365 	6356
f 6330 	6356 	6310
f 6365 	6358 	6357
f 6365 	6357 	6356
f 6362 	6363 	6355
f 6362 	6355 	6354
f 6329 	6328 	6231
f 6328 	6341 	6231
f 6341 	6340 	6231
f 6365 	6330 	6231
f 6360 	6359 	6372
f 6373 	6360 	6372
f 6363 	6373 	6364
f 6362 	6373 	6363
f 6369 	6907 	6366
f 6370 	6907 	6368
f 6373 	6366 	6907
f 6907 	6369 	6368
f 6372 	6371 	6373
f 6371 	6367 	6373
f 6367 	6366 	6373
f 6372 	6359 	6231
f 6362 	6361 	6373
f 11168 	6366 	11167
f 6367 	11167 	6366
f 6366 	11168 	11169
f 6369 	6366 	11169
f 6369 	11172 	6368
f 6367 	11173 	11167
f 6371 	11174 	6367
f 11150 	11175 	6231
f 6818 	6364 	6373
f 6361 	6360 	6373
f 6374 	6375 	6310
f 6376 	6319 	6375
f 6310 	6356 	6379
f 6379 	6374 	6310
f 6377 	6354 	6380
f 6378 	6354 	6377
f 6351 	6352 	6382
f 6382 	6383 	6351
f 6357 	6351 	6383
f 6383 	6379 	6357
f 6356 	6357 	6379
f 6386 	6314 	6385
f 6390 	6311 	6387
f 6312 	6313 	6387
f 6388 	6317 	6376
f 6389 	6317 	6388
f 6384 	6315 	6389
f 6385 	6314 	6384
f 6395 	6325 	6394
f 6321 	6322 	6423
f 6394 	6325 	6393
f 6311 	6391 	6320
f 6355 	6397 	6380
f 6398 	6397 	6400
f 6355 	6399 	6397
f 6400 	6397 	6399
f 6405 	6407 	6882
f 6882 	6883 	6405
f 6407 	6414 	6882
f 6401 	6882 	6414
f 6410 	6783 	6409
f 6411 	6412 	6866
f 6864 	6865 	6412
f 6874 	6868 	6406
f 6402 	6403 	6874
f 6883 	6884 	6404
f 6400 	6401 	6414
f 6398 	6400 	6414
f 6404 	6405 	6883
f 6788 	6424 	6421
f 6416 	6787 	6415
f 6424 	6425 	6420
f 6425 	6426 	6419
f 6420 	6421 	6424
f 6421 	6415 	6788
f 6787 	6788 	6415
f 6426 	6427 	6417
f 6417 	6418 	6426
f 6418 	6419 	6426
f 6427 	6321 	6417
f 6422 	6417 	6321
f 6423 	6422 	6321
f 6396 	6423 	6322
f 6322 	6323 	6396
f 6275 	6232 	6285
f 6269 	6282 	6284
f 6284 	6276 	6269
f 6268 	6275 	6282
f 5951 	10710 	6430
f 6433 	5955 	6429
f 6275 	6234 	6232
f 6432 	6278 	6277
f 6436 	2704 	6435
f 6435 	2704 	6434
f 6434 	2704 	6429
f 6272 	6438 	6285
f 6530 	6531 	2704
f 6284 	6283 	6489
f 6431 	6285 	6438
f 6272 	6439 	6438
f 6440 	6271 	6441
f 6272 	6440 	6439
f 6441 	6271 	6442
f 6445 	6446 	6447
f 6447 	6448 	6445
f 6444 	6449 	6446
f 6445 	6444 	6446
f 6443 	6449 	6444
f 6450 	6448 	4984
f 6448 	6450 	6445
f 6445 	5924 	6444
f 5924 	6445 	6450
f 4984 	4450 	6450
f 6449 	6451 	6455
f 6452 	6451 	6453
f 6443 	6451 	6449
f 6443 	6453 	6451
f 6452 	6203 	6454
f 6203 	6201 	6454
f 6203 	6452 	6453
f 6453 	6443 	5926
f 5926 	5927 	6453
f 6458 	6452 	6454
f 6454 	6248 	6476
f 6456 	6458 	6457
f 6449 	6455 	6459
f 6446 	6449 	6459
f 6455 	6451 	6456
f 6452 	6458 	6456
f 6451 	6452 	6456
f 6447 	6446 	6464
f 6457 	6470 	6469
f 6469 	6456 	6457
f 6458 	6454 	6476
f 6461 	6462 	6460
f 5202 	6461 	6460
f 6461 	6463 	6462
f 5202 	6464 	6461
f 6459 	6463 	6461
f 6464 	6459 	6461
f 6463 	6459 	6455
f 5204 	5152 	6447
f 5204 	6447 	6464
f 6464 	6446 	6459
f 6465 	6466 	6462
f 6455 	6469 	6463
f 6460 	6467 	5210
f 6462 	6466 	6468
f 6460 	6462 	6468
f 6460 	6468 	6467
f 6456 	6469 	6455
f 6470 	6471 	6472
f 6473 	6470 	6472
f 6473 	6472 	6474
f 6465 	6473 	6474
f 6465 	6462 	6473
f 6462 	6463 	6473
f 6463 	6469 	6473
f 6473 	6469 	6470
f 6475 	6471 	6470
f 6475 	6470 	6490
f 6470 	6457 	6490
f 6477 	6478 	6479
f 6477 	6479 	6481
f 6480 	6481 	6479
f 6481 	6483 	6477
f 6482 	6483 	6481
f 6483 	6484 	6477
f 6457 	6458 	6482
f 6476 	6483 	6482
f 6484 	6483 	6246
f 6483 	6476 	6246
f 6458 	6476 	6482
f 6276 	6484 	6240
f 6484 	6246 	6240
f 6488 	6478 	6477
f 6480 	6485 	6481
f 6491 	6490 	6485
f 6486 	6487 	6488
f 6477 	6486 	6488
f 6486 	6284 	6489
f 6486 	6489 	6487
f 6484 	6486 	6477
f 6486 	6276 	6284
f 6276 	6486 	6484
f 6481 	6490 	6482
f 6490 	6457 	6482
f 6475 	6490 	6491
f 6481 	6485 	6490
f 915 	1801 	1799
f 915 	1799 	1798
f 1798 	1805 	915
f 1805 	2915 	915
f 1801 	915 	1806
f 1811 	1809 	915
f 915 	1809 	1808
f 1808 	1806 	915
f 1819 	6492 	1820
f 915 	6492 	1819
f 1821 	915 	1819
f 1811 	915 	1821
f 1830 	915 	1831
f 1832 	915 	1830
f 1834 	915 	1832
f 915 	1838 	1833
f 1834 	1836 	915
f 1835 	915 	1836
f 1835 	1838 	915
f 2867 	2866 	915
f 1833 	2867 	915
f 2866 	2870 	915
f 2870 	2869 	915
f 2879 	10678 	2873
f 2878 	10678 	2879
f 10678 	915 	2873
f 2874 	2873 	915
f 2880 	10678 	2878
f 2898 	4495 	10678
f 2915 	2919 	915
f 2918 	915 	2919
f 2918 	1831 	915
f 2869 	2874 	915
f 10678 	2880 	2883
f 2883 	2898 	10678
f 4495 	4883 	10678
f 4883 	4884 	10678
f 4929 	10678 	4884
f 4931 	10678 	4929
f 4952 	10678 	4953
f 4954 	4953 	10678
f 4952 	4957 	10678
f 4954 	10678 	4956
f 4956 	10678 	4931
f 5181 	10678 	5178
f 5189 	10678 	5181
f 5178 	10678 	5191
f 5206 	10678 	5207
f 5207 	10678 	5189
f 10678 	5206 	5210
f 5210 	6467 	10678
f 10678 	4957 	4959
f 6492 	5259 	5261
f 5259 	6492 	5262
f 5273 	5277 	6492
f 6492 	5261 	1820
f 5273 	6492 	5274
f 5274 	6492 	5276
f 5262 	6492 	5277
f 5276 	6492 	5281
f 5281 	6492 	5835
f 5843 	6492 	5844
f 5835 	6492 	5858
f 5843 	5858 	6492
f 5844 	6492 	5860
f 5860 	6492 	5862
f 5862 	6492 	5884
f 5884 	6492 	5887
f 5887 	6492 	5886
f 6493 	5889 	6492
f 6493 	5890 	5889
f 5886 	6492 	5888
f 6280 	6493 	6281
f 6278 	6493 	6279
f 6279 	6493 	6280
f 6281 	6493 	6283
f 5891 	5890 	6493
f 5888 	6492 	5889
f 5891 	6493 	6442
f 6439 	6493 	6438
f 6441 	6493 	6440
f 6440 	6493 	6439
f 6442 	6493 	6441
f 6438 	6493 	6431
f 6432 	6493 	6278
f 6432 	6431 	6493
f 6474 	10678 	6465
f 6466 	10678 	6468
f 6472 	10678 	6474
f 6479 	6478 	6493
f 6480 	6479 	6493
f 6493 	6487 	6489
f 6478 	6488 	6493
f 6487 	6493 	6488
f 6489 	6283 	6493
f 6491 	6493 	6475
f 6491 	6485 	6493
f 6485 	6480 	6493
f 6467 	6468 	10678
f 6493 	10678 	6471
f 6466 	6465 	10678
f 6472 	6471 	10678
f 6636 	916 	914
f 915 	916 	6492
f 6636 	6492 	916
f 4959 	5191 	10678
f 6493 	5935 	10678
f 6475 	6493 	6471
f 11272 	10705 	6495
f 6496 	6502 	6497
f 6498 	6496 	6497
f 6499 	3161 	6500
f 6496 	6501 	6502
f 8944 	8805 	6501
f 6504 	6526 	6503
f 6505 	3167 	6506
f 8797 	8794 	6499
f 8809 	8808 	6505
f 6509 	6507 	6511
f 6508 	6510 	6517
f 6513 	6508 	6518
f 6511 	6517 	6510
f 6509 	6511 	6510
f 6512 	6513 	6501
f 6518 	6501 	6513
f 6520 	6514 	6515
f 8940 	8939 	6514
f 6515 	6516 	6511
f 6516 	6517 	6511
f 6518 	6508 	6517
f 6496 	6512 	6501
f 6527 	6525 	6519
f 6514 	6520 	6519
f 6520 	6527 	6519
f 6515 	6511 	6520
f 6511 	6507 	6520
f 6494 	10705 	6523
f 6505 	6503 	3166
f 6528 	3166 	6503
f 6526 	6504 	6525
f 6504 	6519 	6525
f 6520 	6507 	3109
f 8963 	6526 	8964
f 6529 	6530 	2704
f 12239 	2704 	6532
f 6533 	12239 	6532
f 6531 	6532 	2704
f 6534 	12239 	6533
f 6535 	12239 	6534
f 6538 	12239 	6537
f 6540 	12239 	6539
f 6541 	12239 	6540
f 6544 	11269 	6543
f 6542 	11269 	6541
f 6545 	11269 	6544
f 12239 	6541 	11269
f 6430 	11269 	6545
f 6536 	12239 	6535
f 6537 	12239 	6536
f 6539 	12239 	6538
f 6543 	11269 	6542
f 6437 	2704 	6436
f 5974 	6543 	6542
f 6543 	5974 	5975
f 6543 	5975 	6544
f 5975 	5976 	6544
f 6429 	5950 	6434
f 5956 	6434 	5950
f 6434 	5956 	6435
f 5959 	6437 	5958
f 6436 	5958 	6437
f 6263 	6267 	12248
f 6263 	5795 	6267
f 6264 	5816 	2933
f 3021 	2933 	5816
f 2933 	11892 	6264
f 5800 	5799 	6583
f 5801 	5802 	6587
f 6583 	6586 	5800
f 6588 	5805 	5803
f 5806 	6587 	5804
f 6548 	5785 	6547
f 6546 	5785 	6548
f 6549 	6547 	5785
f 6549 	5785 	6551
f 6550 	6551 	5785
f 6162 	6170 	6158
f 6559 	6171 	6560
f 2411 	6559 	6560
f 2411 	6560 	2413
f 2402 	2413 	6169
f 6560 	6169 	2413
f 6164 	2424 	2368
f 6164 	6681 	2424
f 2286 	5726 	2426
f 2421 	6562 	2422
f 6168 	2337 	2423
f 6561 	6566 	6562
f 6562 	2420 	6561
f 2419 	6561 	2420
f 2425 	2424 	6681
f 2420 	6562 	2421
f 2422 	6563 	2423
f 6563 	2422 	6562
f 2423 	6563 	6168
f 6566 	6565 	6562
f 6168 	6563 	6564
f 2426 	6564 	6565
f 2426 	6565 	2427
f 2427 	6565 	6566
f 2427 	6566 	2428
f 6565 	6564 	6563
f 6563 	6562 	6565
f 2430 	6568 	6567
f 2430 	6567 	2429
f 2431 	6569 	2432
f 6163 	2432 	6569
f 2433 	6570 	6569
f 2433 	6569 	2431
f 6573 	6682 	2435
f 6570 	6164 	6569
f 6679 	6681 	6570
f 6163 	6569 	6164
f 2429 	6567 	2435
f 6684 	6571 	2434
f 6684 	2434 	2443
f 6573 	2435 	6567
f 2434 	6571 	6568
f 2434 	6568 	2430
f 6685 	2436 	6572
f 6581 	6579 	6554
f 6556 	6581 	6555
f 6554 	6555 	6581
f 6557 	6580 	6556
f 6558 	6582 	6557
f 6552 	6553 	6247
f 6546 	6574 	5785
f 6575 	5516 	6574
f 5846 	5417 	6576
f 7681 	6552 	5851
f 7230 	7229 	6549
f 6550 	7231 	6551
f 6551 	7232 	6549
f 7230 	6549 	7232
f 6554 	7249 	6555
f 7250 	6553 	7251
f 6552 	7251 	6553
f 6553 	7250 	6554
f 7248 	7247 	6555
f 6585 	5808 	5810
f 5804 	6589 	5803
f 6584 	5799 	5805
f 6593 	6592 	6578
f 6577 	6578 	6592
f 6592 	6591 	6577
f 6553 	6554 	6579
f 5851 	6552 	6247
f 5851 	6249 	5850
f 6990 	6247 	6579
f 6581 	6556 	6580
f 6580 	12223 	6581
f 6580 	6557 	6582
f 6593 	6578 	6558
f 6579 	6247 	6553
f 6581 	12223 	6579
f 6990 	6579 	12223
f 6582 	6558 	6578
f 6589 	6587 	6598
f 6597 	6598 	6587
f 6584 	6590 	6608
f 5799 	6584 	6583
f 6586 	12261 	6585
f 5810 	6586 	6585
f 6608 	12258 	6584
f 5810 	5800 	6586
f 6595 	6596 	6587
f 6588 	5803 	6589
f 6596 	6597 	6587
f 6588 	6590 	5805
f 6587 	6577 	6595
f 5804 	6587 	6589
f 6590 	6584 	5805
f 6591 	6594 	6577
f 6594 	6595 	6577
f 6590 	6588 	6599
f 6598 	6599 	6588
f 6588 	6589 	6598
f 6599 	6608 	6590
f 6558 	7224 	6593
f 7224 	7216 	6593
f 7221 	7220 	6596
f 7221 	6596 	6595
f 6602 	12252 	6601
f 6605 	5785 	6604
f 6600 	12252 	6607
f 6606 	6607 	12252
f 6600 	6601 	12252
f 6603 	5785 	6602
f 6604 	5785 	6603
f 6550 	5785 	6605
f 12252 	6602 	5785
f 6576 	5516 	6575
f 7169 	6601 	6600
f 7170 	7169 	6607
f 7176 	7231 	6605
f 6600 	6607 	7169
f 7170 	6607 	6606
f 12251 	6606 	12252
f 6583 	6584 	12259
f 6585 	12261 	6609
f 12258 	12259 	6584
f 7171 	6606 	7140
f 6585 	6609 	5808
f 5807 	5808 	6609
f 12268 	12269 	6267
f 12268 	6267 	6610
f 6610 	5807 	6609
f 5796 	5812 	6267
f 6610 	6267 	5812
f 5812 	5807 	6610
f 3177 	4367 	3175
f 3309 	4359 	4360
f 4346 	3555 	4348
f 4350 	3556 	4349
f 3556 	4350 	4348
f 4352 	3174 	4351
f 4352 	4344 	3174
f 3555 	4347 	3559
f 4359 	3309 	4358
f 3557 	4355 	4349
f 3559 	4351 	3174
f 3310 	4362 	4354
f 3176 	4358 	3309
f 4357 	3176 	4356
f 3175 	4356 	3176
f 4357 	4358 	3176
f 3310 	4361 	4362
f 3311 	4365 	4361
f 4363 	4364 	3317
f 4363 	3317 	4360
f 4365 	3311 	4364
f 3175 	4366 	4356
f 4366 	3175 	4367
f 6612 	3570 	3568
f 6611 	6612 	3568
f 6892 	3565 	6893
f 6893 	3565 	3569
f 6614 	8513 	6150
f 6146 	6122 	6617
f 6616 	6617 	6122
f 6615 	6616 	6122
f 6625 	6623 	6124
f 6621 	6086 	6620
f 6618 	6088 	6622
f 6138 	6088 	6618
f 6123 	6124 	6774
f 6623 	6774 	6124
f 6627 	6754 	6626
f 6629 	6626 	6754
f 6628 	6756 	6627
f 6626 	6629 	6090
f 6092 	6627 	6626
f 6092 	6626 	6090
f 6091 	6628 	6627
f 6091 	6627 	6092
f 6629 	6754 	6100
f 6629 	6100 	6090
f 5960 	6529 	5959
f 6437 	5959 	6529
f 6529 	5960 	6530
f 5961 	6530 	5960
f 5962 	6531 	5961
f 6530 	5961 	6531
f 6531 	5962 	6532
f 5963 	6532 	5962
f 5964 	6533 	5963
f 6532 	5963 	6533
f 6533 	5964 	6534
f 5965 	6534 	5964
f 5966 	6535 	5965
f 6534 	5965 	6535
f 5966 	5967 	6535
f 6536 	6535 	5967
f 5967 	5968 	6536
f 6537 	6536 	5968
f 5969 	6538 	6537
f 5969 	6537 	5968
f 5969 	5970 	6538
f 6539 	6538 	5970
f 5970 	5971 	6539
f 6540 	6539 	5971
f 5971 	5972 	6540
f 5972 	5973 	6541
f 5973 	6542 	6541
f 5973 	5974 	6542
f 6545 	6544 	5976
f 5976 	5951 	6545
f 6430 	6545 	5951
f 4285 	967 	5947
f 5934 	5936 	6630
f 5948 	5934 	6630
f 6631 	6630 	5936
f 5936 	6633 	6632
f 5936 	6632 	6631
f 4284 	5662 	6433
f 5948 	6630 	4285
f 4286 	4285 	6630
f 4286 	6630 	4287
f 6631 	4287 	6630
f 6634 	9146 	6635
f 6635 	9146 	5936
f 6635 	6636 	6634
f 6637 	6638 	6639
f 6639 	6640 	6637
f 6639 	6641 	6640
f 6642 	6640 	6643
f 6641 	6643 	6640
f 6643 	6668 	6642
f 6645 	6649 	6646
f 6650 	6645 	6648
f 6651 	6638 	6646
f 6648 	6647 	6660
f 6648 	8908 	6647
f 8914 	6645 	6646
f 6649 	6645 	6650
f 6650 	6648 	6660
f 6646 	6649 	6651
f 6638 	6651 	6639
f 6649 	6652 	6653
f 6649 	6653 	6651
f 6660 	6654 	6650
f 6650 	6652 	6649
f 6678 	6652 	6655
f 6654 	6652 	6650
f 6652 	6654 	6655
f 6656 	6639 	6651
f 6656 	6641 	6639
f 6651 	6653 	6656
f 6654 	6657 	6655
f 6664 	6657 	6654
f 6656 	6653 	6673
f 6659 	6647 	6644
f 6658 	6659 	6644
f 6647 	6659 	6660
f 6659 	6664 	6660
f 6654 	6660 	6664
f 6658 	6662 	6663
f 6665 	6666 	6662
f 6662 	6666 	6663
f 6658 	6663 	6659
f 6664 	6659 	6663
f 6661 	6665 	6662
f 6667 	6664 	6663
f 6664 	6667 	6657
f 6663 	6666 	6667
f 6666 	6665 	7626
f 6670 	6641 	6669
f 6643 	6641 	6670
f 6643 	6671 	6668
f 6641 	6656 	6669
f 6656 	6673 	6669
f 6643 	6670 	6671
f 6671 	6672 	6668
f 6677 	6669 	6673
f 6678 	6676 	6673
f 6676 	6677 	6673
f 7366 	6671 	6670
f 6674 	6655 	6657
f 6675 	6655 	6674
f 6678 	6653 	6652
f 6673 	6653 	6678
f 6685 	6572 	6684
f 6571 	6684 	6572
f 6572 	6573 	6571
f 6568 	6571 	6573
f 6568 	6573 	6567
f 2437 	6679 	2438
f 6570 	2438 	6679
f 2438 	6570 	2433
f 2439 	6680 	6679
f 2439 	6679 	2437
f 2435 	6682 	2441
f 2419 	2440 	6561
f 6681 	6561 	2440
f 2425 	6681 	2440
f 6566 	6561 	6680
f 6679 	6680 	6561
f 6679 	6561 	6681
f 6682 	6573 	6572
f 6164 	6570 	6681
f 6680 	2439 	6566
f 2428 	6566 	2439
f 2442 	6683 	6572
f 2441 	6682 	6683
f 2441 	6683 	2442
f 6572 	6683 	6682
f 6685 	2444 	2436
f 2442 	6572 	2436
f 2444 	6685 	6684
f 2444 	6684 	2443
f 10396 	10394 	2456
f 10390 	2446 	10391
f 10389 	2447 	10390
f 2454 	10394 	2455
f 10406 	2468 	2467
f 2461 	10404 	2462
f 2462 	10403 	2463
f 10406 	2467 	2485
f 6222 	6223 	6220
f 2844 	6202 	6204
f 6686 	6222 	6221
f 6687 	6223 	6222
f 6686 	6687 	6222
f 6686 	6221 	6204
f 6686 	6206 	6688
f 6686 	6688 	6687
f 6687 	6689 	6223
f 6204 	6206 	6686
f 6691 	6689 	6687
f 6688 	6691 	6687
f 6223 	6699 	6220
f 6223 	6703 	6699
f 6689 	6703 	6223
f 6207 	6690 	6206
f 6207 	6210 	6690
f 6206 	6690 	6688
f 6692 	6688 	6690
f 6688 	6692 	6691
f 6690 	6693 	6692
f 6210 	6693 	6690
f 6693 	6694 	6692
f 6696 	6694 	6695
f 6693 	6695 	6694
f 6693 	6697 	6695
f 6697 	6693 	6698
f 3192 	3191 	6220
f 6699 	3326 	3192
f 3192 	6220 	6699
f 3326 	6699 	6701
f 6702 	6700 	3328
f 6702 	6719 	6700
f 3328 	6701 	6702
f 6699 	6703 	6701
f 6701 	6704 	6702
f 6703 	6704 	6701
f 6705 	6719 	6702
f 6704 	6705 	6702
f 6703 	6689 	6708
f 6706 	6689 	6691
f 6691 	6707 	6706
f 6707 	6691 	6692
f 6692 	6694 	6707
f 6708 	6704 	6703
f 6704 	6709 	6705
f 6708 	6709 	6704
f 6708 	6689 	6706
f 6710 	6709 	6708
f 6706 	6710 	6708
f 6706 	6711 	6710
f 6706 	6707 	6711
f 6707 	6712 	6711
f 6694 	6712 	6707
f 6714 	6712 	6713
f 6694 	6713 	6712
f 6694 	6696 	6713
f 6714 	6715 	6712
f 6716 	6717 	3917
f 6718 	6717 	6716
f 6716 	6719 	6718
f 6716 	3917 	3915
f 6716 	3915 	6700
f 6723 	6722 	6717
f 6718 	6723 	6717
f 6700 	6719 	6716
f 6719 	6720 	6718
f 6705 	6720 	6719
f 6724 	6718 	6720
f 6717 	6722 	4092
f 6724 	6723 	6718
f 6724 	6742 	6723
f 6722 	6721 	4093
f 6722 	6725 	6721
f 6725 	6722 	6723
f 6742 	6725 	6723
f 6748 	6727 	6734
f 6729 	6737 	6727
f 6728 	6711 	6729
f 6712 	6729 	6711
f 6731 	6730 	6720
f 6724 	6720 	6730
f 6731 	6720 	6705
f 6709 	6731 	6705
f 6731 	6709 	6733
f 6709 	6710 	6733
f 6732 	6730 	6731
f 6733 	6732 	6731
f 6728 	6733 	6710
f 6710 	6711 	6728
f 6726 	6732 	6733
f 6726 	6733 	6728
f 6726 	6728 	6727
f 6729 	6727 	6728
f 6712 	6715 	6729
f 6736 	6729 	6715
f 6736 	6737 	6729
f 6727 	6735 	6734
f 6737 	6735 	6727
f 6721 	6738 	6739
f 6743 	6740 	6739
f 6739 	4097 	4094
f 6739 	4094 	6721
f 6738 	6721 	6725
f 6741 	6738 	6725
f 6741 	6725 	6742
f 4097 	6739 	6740
f 4740 	6740 	5022
f 6738 	6743 	6739
f 6745 	6740 	6743
f 6743 	6738 	6744
f 6738 	6741 	6744
f 6740 	6745 	5022
f 5023 	5022 	7656
f 6744 	6741 	6751
f 6726 	6727 	6748
f 6749 	6726 	6748
f 6747 	6749 	7558
f 6748 	8126 	6750
f 6724 	6730 	6746
f 6724 	6746 	6742
f 6730 	6732 	6747
f 6747 	6746 	6730
f 6749 	6747 	6732
f 6732 	6726 	6749
f 6751 	6741 	6752
f 6741 	6742 	6752
f 6746 	6752 	6742
f 6754 	6126 	6100
f 6755 	6127 	6126
f 6755 	6126 	6754
f 6756 	6129 	6755
f 6127 	6755 	6129
f 6091 	6129 	6628
f 6756 	6628 	6129
f 6754 	6627 	6756
f 6755 	6754 	6756
f 9346 	9348 	6128
f 6131 	9349 	6128
f 9348 	9407 	6093
f 9411 	9409 	6096
f 9410 	6098 	9408
f 9413 	9412 	6101
f 9392 	9391 	6102
f 6107 	9399 	6108
f 9402 	6110 	6113
f 6112 	9403 	6113
f 6115 	6114 	9405
f 9404 	9399 	6116
f 6117 	9397 	6118
f 6093 	6128 	9348
f 9362 	6140 	6137
f 9356 	9350 	6133
f 9362 	9361 	6140
f 9361 	9360 	6141
f 6150 	6145 	9020
f 9023 	6148 	9024
f 9024 	6147 	6146
f 9026 	6614 	9025
f 9033 	6757 	9026
f 9007 	9006 	6621
f 9009 	6623 	6625
f 6624 	9010 	6625
f 9009 	6625 	9010
f 6615 	6122 	6758
f 6761 	6777 	6757
f 6614 	6757 	8513
f 6145 	6150 	8513
f 6763 	6770 	6122
f 6760 	6122 	6759
f 6758 	6122 	6760
f 6768 	6777 	6761
f 6768 	6769 	6777
f 6772 	6122 	6771
f 6773 	6082 	6767
f 6764 	6777 	6766
f 6765 	6777 	6764
f 6770 	6771 	6122
f 6759 	6122 	6772
f 6766 	6777 	6769
f 6620 	6086 	6619
f 6623 	6087 	6084
f 6084 	6774 	6623
f 6122 	6123 	6774
f 6762 	6763 	6122
f 6775 	6762 	6122
f 6774 	6775 	6122
f 6777 	6082 	6776
f 6776 	6082 	779
f 6777 	6765 	6082
f 8513 	6757 	6777
f 6765 	6767 	6082
f 6085 	6082 	6773
f 9031 	6758 	6760
f 9036 	6768 	9035
f 9031 	6760 	6759
f 6765 	9050 	6767
f 6770 	9046 	6771
f 6763 	9048 	6770
f 9052 	6773 	9051
f 6776 	9001 	6777
f 6780 	6779 	12239
f 6778 	12283 	6779
f 6786 	6416 	6785
f 6784 	6785 	6428
f 6419 	6420 	6425
f 6787 	6416 	6786
f 6428 	6785 	6416
f 6428 	6408 	6784
f 6783 	6784 	6408
f 6408 	6409 	6783
f 6413 	6406 	6864
f 6783 	6410 	6867
f 6789 	6790 	6374
f 6375 	6374 	6790
f 6790 	6791 	6375
f 6376 	6375 	6791
f 6376 	6791 	6792
f 6793 	6794 	6377
f 6378 	6377 	6794
f 6789 	6374 	6379
f 6789 	6379 	6795
f 6796 	6797 	6380
f 6794 	6798 	6378
f 6381 	6378 	6798
f 6799 	6800 	6382
f 6383 	6382 	6800
f 6795 	6379 	6383
f 6795 	6383 	6800
f 6793 	6377 	6380
f 6793 	6380 	6797
f 6799 	6382 	6381
f 6799 	6381 	6798
f 6385 	6384 	6802
f 6801 	6802 	6384
f 6385 	6802 	6803
f 6385 	6803 	6386
f 6386 	6803 	6804
f 6386 	6804 	6387
f 6376 	6792 	6388
f 6805 	6388 	6792
f 6384 	6389 	6801
f 6806 	6801 	6389
f 6387 	6804 	6807
f 6387 	6807 	6390
f 6388 	6805 	6806
f 6388 	6806 	6389
f 6808 	6391 	6807
f 6390 	6807 	6391
f 6809 	6392 	6808
f 6391 	6808 	6392
f 6810 	6393 	6809
f 6392 	6809 	6393
f 6811 	6394 	6810
f 6393 	6810 	6394
f 6812 	6395 	6811
f 6394 	6811 	6395
f 6813 	6396 	6812
f 6395 	6812 	6396
f 6814 	6396 	6813
f 6815 	6796 	6397
f 6380 	6397 	6796
f 6815 	6397 	6398
f 6815 	6398 	6816
f 6816 	6398 	6817
f 6364 	6818 	6399
f 6364 	6399 	6355
f 6818 	6819 	6400
f 6818 	6400 	6399
f 6819 	6820 	6401
f 6819 	6401 	6400
f 6882 	6401 	6821
f 6820 	6821 	6401
f 6822 	6823 	6402
f 6403 	6402 	6823
f 6823 	6824 	6403
f 6404 	6403 	6824
f 6824 	6825 	6404
f 6405 	6404 	6825
f 6822 	6402 	6406
f 6822 	6406 	6826
f 6825 	6827 	6405
f 6407 	6405 	6827
f 6828 	6829 	6408
f 6830 	6409 	6829
f 6408 	6829 	6409
f 6410 	6409 	6830
f 6410 	6830 	6831
f 6411 	6410 	6831
f 6411 	6831 	6832
f 6412 	6411 	6832
f 6412 	6832 	6833
f 6413 	6412 	6833
f 6413 	6833 	6834
f 6413 	6834 	6406
f 6826 	6406 	6834
f 6827 	6835 	6407
f 6414 	6407 	6835
f 6835 	6817 	6414
f 6398 	6414 	6817
f 6836 	6837 	6416
f 6836 	6416 	6415
f 6428 	6416 	6838
f 6837 	6838 	6416
f 6839 	6840 	6418
f 6839 	6418 	6417
f 6841 	6419 	6840
f 6418 	6840 	6419
f 6842 	6420 	6841
f 6419 	6841 	6420
f 6843 	6836 	6415
f 6843 	6415 	6421
f 6844 	6839 	6417
f 6844 	6417 	6422
f 6843 	6421 	6842
f 6420 	6842 	6421
f 6814 	6845 	6423
f 6814 	6423 	6396
f 6844 	6422 	6845
f 6423 	6845 	6422
f 6846 	6424 	6847
f 6848 	6425 	6424
f 6848 	6424 	6846
f 6849 	6426 	6425
f 6849 	6425 	6848
f 6850 	6427 	6426
f 6850 	6426 	6849
f 6850 	6348 	6427
f 6321 	6427 	6348
f 6838 	6851 	6428
f 6408 	6428 	6828
f 6851 	6828 	6428
f 6852 	6788 	6787
f 6852 	6787 	6853
f 6852 	6847 	6788
f 6424 	6788 	6847
f 6854 	6855 	6783
f 6856 	6784 	6783
f 6856 	6783 	6855
f 6857 	6785 	6784
f 6857 	6784 	6856
f 6858 	6786 	6785
f 6858 	6785 	6857
f 6858 	6853 	6786
f 6787 	6786 	6853
f 6792 	6791 	6790
f 6792 	6790 	6789
f 6792 	6789 	6795
f 6792 	6795 	6800
f 6792 	6800 	6799
f 6792 	6799 	6798
f 6792 	6798 	6794
f 6792 	6794 	6793
f 6792 	6793 	6797
f 6803 	6797 	6804
f 6802 	6797 	6803
f 6801 	6797 	6802
f 6806 	6797 	6801
f 6805 	6797 	6806
f 6792 	6797 	6805
f 6807 	6804 	6797
f 6843 	6842 	6796
f 6814 	6813 	6797
f 6813 	6812 	6797
f 6812 	6811 	6797
f 6811 	6810 	6797
f 6810 	6809 	6797
f 6809 	6808 	6797
f 6807 	6797 	6808
f 6816 	6817 	6832
f 6835 	6833 	6817
f 6833 	6832 	6817
f 6824 	6823 	6825
f 6827 	6825 	6823
f 6823 	6822 	6827
f 6822 	6826 	6827
f 6826 	6834 	6827
f 6834 	6833 	6827
f 6835 	6827 	6833
f 6832 	6831 	6796
f 6831 	6830 	6796
f 6830 	6829 	6796
f 6829 	6828 	6796
f 6828 	6851 	6796
f 6851 	6838 	6796
f 6796 	6815 	6832
f 6815 	6816 	6832
f 6836 	6843 	6796
f 6842 	6841 	6796
f 6841 	6840 	6796
f 6840 	6839 	6796
f 6839 	6844 	6796
f 6844 	6845 	6796
f 6845 	6814 	6796
f 6797 	6796 	6814
f 6847 	6923 	6846
f 6846 	6923 	6848
f 6850 	6923 	6350
f 6849 	6923 	6850
f 6348 	6850 	6350
f 6837 	6836 	6796
f 6838 	6837 	6796
f 6852 	6923 	6847
f 6853 	6923 	6852
f 6856 	6923 	6857
f 6854 	6923 	6855
f 6855 	6923 	6856
f 6857 	6923 	6858
f 6858 	6923 	6853
f 11177 	11178 	6859
f 6866 	6867 	6410
f 6410 	6411 	6866
f 6870 	6866 	6869
f 6865 	6869 	6866
f 6867 	6866 	6871
f 6870 	6871 	6866
f 6783 	6867 	6854
f 6871 	6854 	6867
f 6412 	6413 	6864
f 6865 	6866 	6412
f 6884 	6873 	6404
f 6876 	6868 	6875
f 6874 	6875 	6868
f 6864 	6868 	6877
f 6876 	6877 	6868
f 6865 	6864 	6878
f 6877 	6878 	6864
f 6878 	6869 	6865
f 6875 	6874 	6879
f 6873 	6879 	6874
f 6872 	6863 	6373
f 6862 	6373 	6863
f 6907 	6859 	6860
f 6373 	6907 	6861
f 11184 	11182 	6861
f 6873 	6874 	6403
f 6868 	6864 	6406
f 6880 	6881 	6873
f 6884 	6880 	6873
f 6881 	6879 	6873
f 6406 	6402 	6874
f 6403 	6404 	6873
f 8963 	8966 	6526
f 6512 	6496 	6886
f 6497 	8791 	6498
f 8790 	8789 	6498
f 8807 	8802 	6502
f 8814 	8811 	6506
f 8818 	8817 	6503
f 6503 	6505 	8808
f 8788 	6499 	6500
f 6505 	8811 	8810
f 6507 	6509 	6523
f 8944 	6501 	6518
f 8927 	8928 	6510
f 6510 	8929 	8927
f 6508 	8923 	6510
f 8931 	8925 	6513
f 6515 	6514 	8939
f 8941 	8940 	6514
f 8943 	6519 	6504
f 9996 	10735 	2496
f 2519 	9954 	2523
f 9928 	1398 	2521
f 2523 	9933 	2524
f 9917 	2547 	2551
f 2549 	9914 	2551
f 9965 	2488 	9966
f 2491 	9968 	2489
f 9966 	2487 	9967
f 9971 	2493 	2492
f 9973 	9972 	2497
f 2500 	9975 	2497
f 9976 	2492 	2505
f 6888 	6883 	6887
f 6882 	6887 	6883
f 6888 	6889 	6884
f 6888 	6884 	6883
f 6889 	6880 	6884
f 6821 	6887 	6882
f 6860 	6861 	6907
f 6861 	6872 	6373
f 6870 	6923 	6871
f 6869 	6923 	6870
f 6871 	6923 	6854
f 6862 	6876 	6875
f 6862 	6875 	6879
f 6879 	6881 	6862
f 6876 	6862 	6877
f 6877 	6862 	6878
f 6889 	6888 	6862
f 6881 	6880 	6862
f 6880 	6889 	6862
f 6888 	6887 	6373
f 6887 	6821 	6373
f 6821 	6820 	6373
f 6818 	6373 	6819
f 6373 	6862 	6888
f 6819 	6373 	6820
f 11179 	11180 	6860
f 6862 	6863 	11176
f 2512 	2511 	9988
f 9988 	9987 	2512
f 9991 	9990 	2514
f 9930 	9931 	2520
f 9931 	9929 	2522
f 9935 	9934 	2526
f 2526 	2525 	9935
f 9937 	2528 	2527
f 9941 	9940 	2534
f 9901 	9900 	2536
f 9909 	2543 	2537
f 9901 	2536 	2540
f 9903 	2539 	2538
f 9921 	9989 	2535
f 9907 	2542 	9908
f 9907 	9921 	2542
f 2544 	2543 	9909
f 5654 	6289 	6304
f 9919 	9918 	2553
f 2553 	2552 	9919
f 5654 	6288 	6289
f 6305 	6304 	6291
f 2545 	9911 	2558
f 2518 	9995 	2556
f 6304 	6289 	6291
f 9898 	9908 	2557
f 6305 	6291 	6294
f 6306 	6895 	6307
f 6896 	6890 	6307
f 9416 	9417 	2562
f 6895 	6896 	6307
f 6611 	6892 	9289
f 6892 	6611 	3567
f 6893 	3569 	6894
f 3565 	6892 	3567
f 6896 	6897 	6890
f 6897 	6891 	6890
f 6306 	6294 	6895
f 6891 	6899 	6898
f 6897 	6899 	6891
f 6898 	6899 	6900
f 6294 	6295 	6895
f 6897 	7088 	6899
f 4375 	4376 	6901
f 6904 	6905 	6926
f 6926 	6905 	6903
f 6904 	6926 	6901
f 6902 	6901 	7008
f 6895 	6299 	6896
f 6895 	6295 	6299
f 7073 	6897 	6896
f 4371 	6901 	4370
f 4370 	6901 	6902
f 4370 	6902 	4372
f 4373 	4374 	6905
f 4375 	6901 	4371
f 6904 	6901 	4376
f 4377 	4373 	6905
f 4376 	4377 	6904
f 6905 	6904 	4377
f 6902 	4385 	4372
f 6902 	4384 	4385
f 4379 	4369 	6906
f 11186 	11187 	6909
f 11190 	11186 	6909
f 6370 	11189 	6909
f 6909 	6907 	6370
f 6908 	6907 	6909
f 9427 	2573 	2572
f 6908 	11185 	6308
f 9423 	9422 	2569
f 6908 	6308 	12319
f 9423 	2569 	2571
f 6308 	6224 	12319
f 11192 	6911 	11191
f 6910 	11191 	6911
f 2568 	9422 	2572
f 6517 	6516 	8935
f 8936 	8935 	6516
f 9429 	2575 	2574
f 8935 	8945 	6517
f 6191 	6307 	6912
f 8957 	6525 	8958
f 6527 	8958 	6525
f 6520 	6522 	6527
f 8957 	8965 	6525
f 6911 	6859 	6907
f 6911 	6907 	6910
f 6912 	6890 	6913
f 6912 	6307 	6890
f 6878 	6923 	6869
f 6862 	6923 	6878
f 6891 	6914 	6913
f 6891 	6913 	6890
f 6917 	11408 	6921
f 6914 	6898 	6915
f 6919 	7355 	6921
f 6915 	6924 	6916
f 6918 	11410 	6920
f 6920 	7274 	6918
f 6898 	6924 	6915
f 6914 	6891 	6898
f 10276 	3109 	6507
f 6522 	6520 	9347
f 2576 	9432 	2577
f 6916 	6924 	6925
f 6523 	10276 	6507
f 6924 	7336 	6925
f 6898 	6900 	6924
f 6900 	7336 	6924
f 6906 	6903 	4379
f 4378 	4379 	6903
f 4381 	6927 	4380
f 6928 	4380 	6927
f 6928 	4382 	4380
f 4384 	6902 	6927
f 6496 	6498 	3161
f 3160 	6506 	3167
f 6499 	6506 	3160
f 3167 	6505 	3166
f 6526 	6528 	6503
f 6886 	3162 	6885
f 3170 	6885 	3162
f 3161 	3162 	6496
f 6528 	8950 	3166
f 6931 	11631 	6930
f 6932 	11631 	6931
f 6933 	11631 	6932
f 6934 	11631 	6933
f 6937 	6933 	6936
f 6932 	6936 	6933
f 6937 	6938 	6934
f 6937 	6934 	6933
f 6946 	6935 	6938
f 6940 	8985 	6939
f 6939 	6942 	6940
f 6929 	6942 	6943
f 6943 	6939 	6941
f 6939 	6943 	6942
f 6930 	6929 	6944
f 6943 	6944 	6929
f 6944 	6945 	6931
f 6944 	6931 	6930
f 6945 	6936 	6932
f 6945 	6932 	6931
f 6934 	6938 	6935
f 6948 	6949 	6947
f 6950 	11719 	6949
f 6951 	11719 	6950
f 11719 	9816 	6958
f 6955 	6951 	6954
f 6950 	6954 	6951
f 6956 	6952 	6955
f 6955 	6952 	6951
f 6953 	6952 	6957
f 6956 	6957 	6952
f 6957 	9819 	6953
f 6958 	6959 	6960
f 6958 	6961 	6959
f 6960 	6947 	6958
f 6947 	11719 	6958
f 6962 	6960 	6959
f 6962 	6959 	6963
f 6962 	6948 	6947
f 6962 	6947 	6960
f 6948 	6962 	6964
f 6963 	6964 	6962
f 6948 	6964 	6949
f 6965 	6949 	6964
f 6966 	6967 	6968
f 6967 	6969 	6968
f 6966 	6970 	6967
f 6950 	6949 	6968
f 6954 	6950 	6968
f 6966 	6968 	6949
f 6965 	6966 	6949
f 6968 	6969 	6954
f 6965 	6970 	6966
f 6973 	6974 	11921
f 6977 	11921 	6976
f 6975 	6976 	11921
f 6978 	6979 	6972
f 6978 	6972 	6971
f 6979 	6980 	6973
f 6979 	6973 	6972
f 6974 	6973 	6980
f 6974 	6981 	6982
f 6974 	6982 	6975
f 6976 	6975 	6983
f 6982 	6983 	6975
f 6984 	6985 	6986
f 6985 	2850 	6986
f 6984 	2851 	6985
f 6986 	6977 	6984
f 6977 	6976 	6984
f 6983 	6984 	6976
f 6977 	6986 	6987
f 2850 	6987 	6986
f 6984 	6983 	2851
f 6987 	10149 	6977
f 6980 	6981 	6974
f 6250 	6249 	6988
f 6990 	6988 	6247
f 6988 	6990 	6989
f 6989 	12216 	6988
f 6249 	6247 	6988
f 6991 	6992 	6993
f 6993 	6996 	6995
f 6993 	6995 	6994
f 6991 	6993 	6994
f 6998 	6995 	6997
f 6999 	7014 	6998
f 6996 	6997 	6995
f 9952 	9957 	7001
f 7012 	7013 	6999
f 6999 	7005 	7012
f 7005 	7003 	7012
f 7004 	7012 	7003
f 7007 	7001 	7003
f 7006 	7001 	7007
f 7002 	7001 	7006
f 7000 	7001 	7002
f 7004 	7003 	7001
f 7008 	6927 	6902
f 6928 	6927 	7008
f 7011 	6998 	7014
f 7013 	7014 	6999
f 7010 	6998 	7011
f 7009 	6998 	7010
f 6995 	6998 	7009
f 7034 	7029 	7018
f 7015 	7019 	7029
f 7019 	7018 	7029
f 7018 	7022 	7034
f 7023 	7016 	7029
f 7016 	7015 	7029
f 4394 	4393 	7023
f 4387 	7019 	4386
f 7015 	4386 	7019
f 4388 	4389 	7016
f 7015 	7016 	4389
f 4390 	4407 	7018
f 4390 	7018 	4391
f 4392 	4391 	7018
f 4392 	7018 	7019
f 4387 	4392 	7019
f 4386 	7015 	4389
f 4409 	7033 	7022
f 7018 	4407 	7022
f 4409 	7022 	4407
f 4393 	4388 	7016
f 7023 	6906 	4394
f 7016 	7023 	4393
f 7026 	7029 	7025
f 7029 	7026 	7027
f 7034 	7024 	7029
f 7028 	7024 	7034
f 7025 	7029 	7024
f 7030 	7028 	7034
f 4396 	4397 	7024
f 4401 	4402 	7026
f 7027 	8644 	7029
f 4410 	7024 	7028
f 7025 	7024 	4397
f 7024 	4410 	4398
f 7024 	4398 	4396
f 4399 	4400 	7025
f 4399 	7025 	4397
f 7026 	4400 	4401
f 7027 	4395 	7031
f 4404 	4405 	7033
f 7032 	7033 	4405
f 7032 	4405 	4406
f 7022 	7033 	7034
f 7032 	7034 	7033
f 4406 	4382 	7032
f 7034 	7035 	7036
f 7034 	7036 	7030
f 7035 	4411 	7036
f 4412 	7036 	4411
f 7035 	4413 	4411
f 9698 	9752 	7032
f 4414 	4415 	7030
f 4415 	4416 	7030
f 4412 	4414 	7036
f 7030 	7036 	4414
f 6928 	9698 	7032
f 4368 	9060 	5507
f 7042 	7047 	7031
f 7031 	4395 	7042
f 4493 	7042 	4395
f 7038 	7046 	7037
f 4488 	7039 	7041
f 7039 	7043 	7041
f 7037 	7043 	7039
f 4490 	7037 	7039
f 7040 	7046 	7038
f 7042 	7041 	7043
f 7046 	7048 	7037
f 7043 	7047 	7042
f 4481 	7038 	4480
f 7037 	4480 	7038
f 7037 	4491 	4484
f 4484 	4480 	7037
f 4487 	7041 	4486
f 7042 	4486 	7041
f 4487 	4488 	7041
f 4488 	4489 	7039
f 4490 	7039 	4489
f 7038 	4505 	7040
f 4506 	7040 	4505
f 4505 	7038 	4481
f 7040 	4506 	4503
f 4493 	4486 	7042
f 7048 	7049 	7037
f 7044 	4413 	7035
f 7044 	9754 	7046
f 4499 	4500 	7045
f 7044 	7045 	4500
f 7044 	7046 	7045
f 7040 	4503 	7045
f 7045 	7046 	7040
f 8080 	7017 	7047
f 7119 	7047 	7120
f 7050 	4520 	7048
f 4523 	4524 	7049
f 7051 	7043 	7049
f 7052 	7043 	7051
f 7048 	7046 	7050
f 7043 	7037 	7049
f 7053 	7050 	7046
f 7054 	7055 	4514
f 7043 	7052 	7055
f 7043 	7055 	7054
f 7120 	7047 	7339
f 4516 	4517 	7048
f 7049 	7048 	4517
f 4519 	4520 	7050
f 4516 	7048 	4520
f 7049 	4517 	4523
f 4528 	7052 	7051
f 5475 	5476 	7053
f 7050 	7053 	5476
f 4519 	7050 	5476
f 5475 	7053 	5474
f 7065 	5474 	7053
f 4530 	4514 	7055
f 4530 	7055 	7052
f 7325 	7324 	7057
f 7324 	7323 	7057
f 7322 	7339 	7054
f 7056 	7326 	7057
f 7057 	7062 	7056
f 7058 	7059 	7056
f 5457 	5458 	7063
f 5460 	7059 	5459
f 7058 	5459 	7059
f 7059 	5460 	5461
f 5468 	5506 	7061
f 5506 	7060 	7061
f 5462 	5459 	7058
f 7057 	5464 	5465
f 7057 	5465 	7062
f 5466 	7062 	5465
f 7059 	5461 	7061
f 5467 	7061 	5461
f 5467 	5468 	7061
f 7063 	5458 	7058
f 5462 	7058 	5458
f 7063 	7062 	5457
f 5466 	5457 	7062
f 7062 	7063 	7056
f 7063 	7058 	7056
f 5470 	7065 	5469
f 7064 	5469 	7065
f 5471 	5469 	7064
f 5473 	5474 	7065
f 7065 	5470 	5473
f 7064 	7065 	7046
f 7053 	7046 	7065
f 7067 	7068 	7066
f 7060 	7066 	7068
f 7061 	7060 	7068
f 7046 	9758 	7064
f 5478 	5479 	7067
f 5480 	5478 	7066
f 7067 	7066 	5478
f 5481 	5480 	7066
f 8204 	7069 	6300
f 7067 	5479 	7064
f 7072 	7257 	7071
f 7071 	7258 	7070
f 7077 	7078 	7294
f 7278 	7294 	7078
f 7270 	7278 	7079
f 7254 	7270 	7079
f 7080 	7081 	7254
f 7081 	7082 	7252
f 7245 	7252 	7082
f 7082 	7083 	7243
f 7266 	7243 	7083
f 7083 	7084 	7266
f 7260 	7266 	7085
f 7070 	7258 	7085
f 7089 	7299 	7087
f 7088 	6897 	7073
f 7073 	7069 	7088
f 7093 	7152 	7095
f 7090 	7077 	7076
f 7090 	7076 	7096
f 7098 	7078 	7077
f 7098 	7077 	7090
f 7092 	7091 	7152
f 7091 	7099 	7152
f 7099 	7094 	7152
f 7094 	7095 	7152
f 7100 	7079 	7078
f 7100 	7078 	7098
f 6778 	7112 	7114
f 7100 	7101 	7080
f 7100 	7080 	7079
f 7101 	7104 	7081
f 7101 	7081 	7080
f 7103 	7102 	7115
f 7104 	7105 	7082
f 7104 	7082 	7081
f 7105 	7107 	7083
f 7105 	7083 	7082
f 7108 	7160 	7106
f 7107 	7109 	7084
f 7107 	7084 	7083
f 7102 	7110 	6778
f 7109 	7111 	7085
f 7109 	7085 	7084
f 7111 	7113 	7070
f 7111 	7070 	7085
f 7113 	7116 	7071
f 7113 	7071 	7070
f 7114 	7115 	6778
f 7089 	7118 	7074
f 7117 	7074 	7118
f 7116 	7119 	7072
f 7116 	7072 	7071
f 7102 	6778 	7115
f 7172 	7173 	7112
f 7119 	7120 	7072
f 7123 	7075 	7074
f 7123 	7074 	7117
f 7123 	7096 	7075
f 7076 	7075 	7096
f 7125 	7087 	7086
f 7125 	7086 	7126
f 7124 	7103 	7115
f 7127 	7089 	7087
f 7127 	7087 	7125
f 7127 	7118 	7089
f 7129 	7131 	6779
f 7130 	7126 	7086
f 7112 	6778 	7131
f 6778 	6779 	7131
f 7128 	7129 	6779
f 11543 	7110 	7132
f 7133 	7132 	7110
f 7134 	7164 	7136
f 7133 	7110 	7135
f 7110 	7134 	7135
f 11556 	11557 	11545
f 7143 	7146 	7142
f 7141 	7142 	7152
f 7167 	7142 	7166
f 7139 	7141 	7152
f 7139 	7152 	7093
f 7145 	6900 	6899
f 7166 	7142 	7146
f 6899 	7088 	7145
f 7150 	7152 	7149
f 7148 	7149 	7152
f 7092 	7152 	7150
f 7147 	7148 	7152
f 6896 	6299 	7073
f 7073 	6300 	7069
f 6300 	7073 	6299
f 7088 	7151 	7145
f 7088 	7069 	7151
f 7152 	7142 	7167
f 7152 	7153 	7154
f 7152 	7154 	7155
f 7152 	7155 	7156
f 7152 	7156 	7147
f 10427 	10426 	7152
f 7113 	7047 	7116
f 8644 	7031 	7047
f 7113 	7111 	7047
f 7107 	7047 	7109
f 7104 	7047 	7105
f 7096 	7123 	8080
f 7096 	8080 	7090
f 7090 	8080 	7098
f 8080 	7047 	7098
f 7100 	7047 	7101
f 7101 	7047 	7104
f 7105 	7047 	7107
f 7134 	7110 	7164
f 7109 	7047 	7111
f 7159 	7157 	7158
f 7103 	7158 	7157
f 7116 	7047 	7119
f 7106 	7160 	7161
f 7043 	7054 	7047
f 7117 	8080 	7123
f 7114 	7112 	7173
f 7122 	7174 	7121
f 7103 	7124 	7158
f 7100 	7098 	7047
f 7117 	7118 	8080
f 8080 	7125 	7126
f 8080 	7126 	7130
f 7163 	7162 	7174
f 7162 	7121 	7174
f 7125 	8080 	7127
f 7118 	7127 	8080
f 7164 	7171 	11560
f 7160 	7168 	7161
f 7163 	7168 	7160
f 7169 	7165 	7168
f 7140 	11560 	7171
f 7170 	7171 	7164
f 7165 	7161 	7168
f 7169 	7170 	7165
f 7164 	7165 	7170
f 10397 	10407 	7166
f 7177 	7172 	7176
f 7163 	7174 	7175
f 7168 	7163 	7175
f 7178 	7175 	7174
f 7174 	7173 	7178
f 7177 	7178 	7173
f 7177 	7173 	7172
f 7181 	7183 	7180
f 7179 	7180 	7183
f 7182 	7179 	7183
f 7187 	7131 	7186
f 7129 	7186 	7131
f 7185 	7188 	7184
f 7194 	7183 	7193
f 7192 	7193 	7183
f 7181 	7192 	7183
f 7128 	7189 	7191
f 7128 	7191 	7190
f 7195 	7196 	7183
f 7198 	7183 	7197
f 7183 	7198 	7195
f 7199 	10820 	7202
f 7204 	7183 	7203
f 7209 	7183 	7208
f 7197 	7183 	7209
f 7207 	7208 	7183
f 7194 	7205 	7183
f 7205 	7203 	7183
f 7204 	7210 	7183
f 7207 	7183 	7210
f 7202 	7206 	7199
f 7128 	6779 	7189
f 7211 	7212 	7199
f 7211 	7199 	7206
f 7232 	7231 	7214
f 7200 	7482 	7201
f 7212 	7271 	7199
f 7216 	11568 	7215
f 7206 	7217 	7211
f 7219 	7220 	7144
f 11568 	7144 	7220
f 11568 	7220 	7221
f 11568 	7221 	7222
f 11568 	7222 	7223
f 7223 	7215 	11568
f 11568 	7216 	7224
f 7224 	7244 	11568
f 7228 	7229 	7482
f 7229 	7230 	7482
f 7225 	7226 	7482
f 7482 	7665 	7225
f 7214 	7201 	7230
f 7201 	7482 	7230
f 7213 	7214 	7231
f 7231 	7176 	7213
f 7230 	7232 	7214
f 7172 	7213 	7176
f 7279 	7280 	7236
f 7281 	7279 	7236
f 7237 	7281 	7236
f 7238 	7310 	7237
f 7239 	7310 	7238
f 7605 	7312 	7240
f 7242 	7277 	7241
f 7233 	7284 	7242
f 7246 	11568 	7244
f 7249 	11568 	7248
f 7250 	11568 	7249
f 7247 	7248 	11568
f 7251 	11568 	7250
f 7681 	11568 	7251
f 7200 	7189 	7482
f 6780 	7255 	6779
f 7253 	7482 	6779
f 7253 	6779 	7255
f 7260 	7085 	7258
f 7262 	7489 	7261
f 6780 	7262 	7261
f 7259 	7255 	6780
f 7261 	7259 	6780
f 7264 	7217 	7206
f 7206 	7276 	7264
f 7252 	7254 	7081
f 7079 	7080 	7254
f 7243 	7245 	7082
f 7078 	7079 	7278
f 7294 	7296 	7077
f 7267 	7269 	7265
f 7084 	7085 	7266
f 2578 	9434 	2579
f 9433 	9435 	2579
f 7272 	7273 	7450
f 2586 	9441 	2581
f 7274 	6920 	6917
f 6921 	7355 	6917
f 6923 	6922 	7274
f 6922 	6918 	7274
f 7274 	6350 	6923
f 7202 	7275 	7206
f 7275 	7276 	7206
f 7072 	7256 	7257
f 7258 	7071 	7257
f 6920 	11411 	6917
f 7256 	7072 	7277
f 7072 	7241 	7277
f 7076 	7077 	7296
f 6921 	11432 	6919
f 11413 	6920 	11410
f 7277 	7242 	7284
f 7280 	7282 	7235
f 7234 	7235 	7282
f 7282 	7283 	7234
f 7233 	7234 	7283
f 7284 	7233 	7283
f 7235 	7236 	7280
f 7286 	7314 	8061
f 7289 	7290 	8066
f 7285 	7286 	8063
f 8062 	8063 	7286
f 8061 	8062 	7286
f 7297 	7298 	7075
f 7075 	7076 	7296
f 7074 	7075 	7298
f 7089 	7074 	7298
f 7296 	7297 	7075
f 7299 	7089 	7298
f 7301 	7087 	7299
f 7292 	7086 	7301
f 7291 	7285 	8064
f 8063 	8064 	7285
f 7287 	7086 	7292
f 7606 	7607 	7306
f 7306 	7307 	7606
f 7607 	7609 	7306
f 7605 	7606 	7307
f 7309 	7605 	7307
f 7281 	7237 	7310
f 7304 	7306 	7609
f 7312 	7605 	7309
f 7295 	7274 	7305
f 7313 	7239 	7312
f 7310 	7239 	7313
f 7240 	7312 	7239
f 7302 	7305 	7355
f 7274 	7355 	7305
f 7295 	7293 	7274
f 7316 	8060 	7314
f 7317 	7321 	7316
f 8060 	8061 	7314
f 7300 	7274 	7293
f 7274 	7300 	7315
f 7318 	7321 	7317
f 7308 	7303 	7610
f 7303 	7304 	7610
f 7609 	7610 	7304
f 7319 	7614 	7318
f 7323 	7233 	7322
f 7242 	7322 	7233
f 7323 	7324 	7234
f 7323 	7234 	7233
f 11418 	11419 	7293
f 7324 	7325 	7235
f 7324 	7235 	7234
f 11420 	11421 	7305
f 7295 	7305 	11421
f 7325 	7326 	7236
f 7325 	7236 	7235
f 7328 	7238 	7327
f 7237 	7327 	7238
f 11422 	11418 	7295
f 7293 	7295 	11418
f 7328 	7329 	7239
f 7328 	7239 	7238
f 7329 	7330 	7240
f 7329 	7240 	7239
f 2478 	9443 	2929
f 9446 	2932 	9436
f 2931 	2932 	9446
f 2558 	9897 	2555
f 9896 	9898 	2556
f 2557 	2556 	9898
f 7276 	7275 	7334
f 7272 	7276 	7334
f 7450 	7455 	7272
f 7334 	7332 	7333
f 909 	4340 	4341
f 7333 	7335 	7334
f 7275 	10834 	7332
f 7145 	7337 	6900
f 7275 	7332 	7334
f 7337 	7336 	6900
f 7335 	7273 	7272
f 7335 	7272 	7334
f 7202 	10834 	7275
f 7333 	7349 	7335
f 7338 	7337 	7145
f 7338 	7145 	7151
f 7330 	7331 	7240
f 7628 	7605 	7331
f 6678 	6655 	6675
f 7120 	7339 	7241
f 7120 	7241 	7072
f 7339 	7322 	7242
f 7339 	7242 	7241
f 7630 	6674 	6657
f 7343 	7442 	7342
f 7326 	7327 	7237
f 7326 	7237 	7236
f 7347 	7346 	7348
f 7257 	7256 	7378
f 7378 	7379 	7257
f 7382 	7373 	7266
f 7254 	7383 	7270
f 7382 	7266 	7260
f 7305 	7302 	11425
f 11424 	11425 	7302
f 11422 	7295 	11421
f 11426 	7315 	7300
f 7351 	7345 	7350
f 11427 	11428 	7353
f 7352 	7353 	11428
f 11429 	7353 	6919
f 7335 	7349 	7354
f 7353 	7355 	6919
f 11431 	11193 	7352
f 7355 	7353 	7352
f 7274 	6917 	7355
f 7278 	7270 	7383
f 6910 	12319 	7352
f 7389 	7390 	7279
f 7394 	7396 	7283
f 7277 	7284 	7384
f 7389 	7279 	7281
f 7357 	5622 	5621
f 7394 	7283 	7282
f 7374 	7375 	7245
f 7375 	7376 	7252
f 5622 	7358 	5620
f 4167 	7360 	4163
f 7359 	4163 	7360
f 7360 	7361 	7359
f 7379 	7381 	7258
f 7358 	5622 	7362
f 7254 	7376 	7383
f 7277 	7384 	7385
f 7362 	5622 	7357
f 7260 	7381 	7382
f 7385 	7377 	7277
f 7256 	7277 	7377
f 6678 	6675 	6676
f 7393 	7282 	7280
f 7284 	7396 	7384
f 6677 	7365 	6669
f 7282 	7393 	7394
f 7344 	7354 	7350
f 7344 	7273 	7354
f 7345 	7344 	7350
f 7273 	7335 	7354
f 11434 	7368 	7356
f 11436 	11437 	7368
f 11437 	7302 	7368
f 7351 	7369 	7345
f 7302 	7355 	7368
f 7368 	7355 	7356
f 10572 	1172 	6350
f 7315 	7571 	6350
f 7571 	2376 	6350
f 7274 	7315 	6350
f 7373 	7374 	7243
f 7245 	7243 	7374
f 7252 	7245 	7375
f 7254 	7252 	7376
f 7256 	7377 	7378
f 7258 	7257 	7379
f 7260 	7258 	7381
f 7243 	7266 	7373
f 7364 	7362 	7357
f 7363 	7364 	7357
f 7278 	7383 	7386
f 4163 	7359 	7363
f 7387 	7278 	7386
f 7363 	7388 	7364
f 7280 	7279 	7390
f 7359 	7388 	7363
f 7391 	7392 	7281
f 7390 	7393 	7280
f 7284 	7283 	7396
f 7388 	7397 	7395
f 7281 	7392 	7389
f 7397 	7388 	7398
f 7359 	7398 	7388
f 7361 	7398 	7359
f 7399 	7400 	7286
f 7399 	7286 	7285
f 7314 	7286 	7401
f 7400 	7401 	7286
f 7402 	7403 	7288
f 7402 	7288 	7287
f 7404 	7289 	7403
f 7288 	7403 	7289
f 7405 	7290 	7404
f 7289 	7404 	7290
f 7406 	7399 	7285
f 7406 	7285 	7291
f 7358 	7362 	8046
f 7407 	7402 	7287
f 7407 	7287 	7292
f 7406 	7291 	7405
f 7290 	7405 	7291
f 7278 	7387 	7294
f 7408 	7294 	7387
f 7409 	7296 	7408
f 7294 	7408 	7296
f 7410 	7297 	7409
f 7296 	7409 	7297
f 7411 	7298 	7410
f 7297 	7410 	7298
f 7412 	7299 	7411
f 7298 	7411 	7299
f 7413 	7301 	7412
f 7299 	7412 	7301
f 7358 	5629 	5620
f 7407 	7292 	7413
f 7301 	7413 	7292
f 7414 	7415 	7303
f 7304 	7303 	7415
f 7415 	7416 	7304
f 7306 	7304 	7416
f 7416 	7417 	7306
f 7307 	7306 	7417
f 7414 	7303 	7308
f 7414 	7308 	7418
f 7417 	7419 	7307
f 7309 	7307 	7419
f 7281 	7310 	7391
f 7420 	7391 	7310
f 7311 	7421 	7422
f 7311 	7422 	7308
f 7418 	7308 	7422
f 7419 	7423 	7309
f 7312 	7309 	7423
f 6669 	7365 	6670
f 7420 	7310 	7313
f 7420 	7313 	7424
f 7424 	7313 	7312
f 7424 	7312 	7423
f 7401 	7425 	7314
f 7426 	7316 	7425
f 7314 	7425 	7316
f 7427 	7317 	7426
f 7316 	7426 	7317
f 7318 	7317 	7427
f 7318 	7427 	7429
f 7319 	7318 	7429
f 7319 	7429 	7430
f 7320 	7319 	7430
f 7320 	7430 	7431
f 7431 	7421 	7320
f 7311 	7320 	7421
f 7321 	7432 	7433
f 7433 	7434 	7321
f 7325 	7057 	7326
f 7054 	7339 	7047
f 7323 	7322 	7054
f 7054 	7057 	7323
f 7327 	7056 	7328
f 7328 	7056 	7329
f 7329 	7056 	7330
f 7380 	7428 	7436
f 7380 	7436 	7435
f 7380 	7435 	7438
f 7380 	7438 	7437
f 7439 	7380 	7437
f 7375 	7387 	7376
f 7374 	7387 	7375
f 7373 	7387 	7374
f 7382 	7387 	7373
f 7381 	7387 	7382
f 7379 	7387 	7381
f 7378 	7387 	7379
f 7377 	7387 	7378
f 7385 	7387 	7377
f 7384 	7387 	7385
f 7383 	7376 	7387
f 7383 	7387 	7386
f 7387 	7384 	7396
f 7387 	7396 	7394
f 7387 	7394 	7393
f 7387 	7393 	7390
f 7387 	7390 	7389
f 7387 	7389 	7392
f 7387 	7392 	7391
f 7391 	7420 	7387
f 7449 	7445 	7440
f 7380 	7439 	7440
f 7408 	7418 	7409
f 7387 	7414 	7408
f 7409 	7418 	7410
f 7410 	7401 	7400
f 7410 	7400 	7399
f 7410 	7399 	7406
f 7410 	7406 	7405
f 7410 	7405 	7404
f 7410 	7404 	7403
f 7410 	7403 	7402
f 7410 	7402 	7407
f 7410 	7407 	7413
f 7410 	7413 	7412
f 7410 	7412 	7411
f 7380 	7440 	7347
f 7346 	7347 	7440
f 7346 	7440 	7445
f 7424 	7387 	7420
f 7423 	7387 	7424
f 7419 	7387 	7423
f 7417 	7387 	7419
f 7416 	7387 	7417
f 7415 	7387 	7416
f 7414 	7387 	7415
f 7418 	7408 	7414
f 7422 	7421 	7410
f 7421 	7431 	7410
f 7418 	7422 	7410
f 7445 	7447 	7346
f 7427 	7410 	7429
f 7426 	7410 	7427
f 7425 	7410 	7426
f 7401 	7410 	7425
f 7430 	7429 	7410
f 7431 	7430 	7410
f 7441 	11270 	7451
f 7442 	7369 	7370
f 4339 	10699 	4342
f 7370 	7443 	7442
f 7444 	7340 	10853
f 7341 	7443 	7340
f 7348 	7346 	7447
f 7443 	7342 	7442
f 7446 	7447 	7445
f 7446 	7445 	7448
f 7341 	7342 	7443
f 7369 	7461 	7345
f 7440 	7441 	7449
f 7442 	7461 	7369
f 7464 	7461 	7442
f 7343 	7464 	7442
f 7448 	7445 	7449
f 7449 	7441 	7451
f 7273 	7452 	7450
f 7448 	7449 	11273
f 7451 	11273 	7449
f 7264 	7276 	7453
f 7276 	7272 	7454
f 7276 	7454 	7453
f 7272 	7455 	7454
f 7458 	7450 	7457
f 7452 	7457 	7450
f 7456 	7457 	7452
f 7459 	7455 	7450
f 7458 	7459 	7450
f 7273 	7344 	7452
f 7460 	7344 	7345
f 7345 	7461 	7460
f 11275 	3174 	4345
f 7462 	7463 	7460
f 7456 	7452 	7463
f 7460 	7463 	7452
f 4340 	11275 	4345
f 7452 	7344 	7460
f 7465 	7461 	7464
f 7462 	7460 	7466
f 7461 	7466 	7460
f 7465 	7466 	7461
f 6780 	7268 	7267
f 7269 	7267 	7268
f 6780 	7267 	7262
f 7467 	7265 	7269
f 7467 	7516 	7265
f 7469 	7513 	7468
f 7476 	7527 	7469
f 7467 	7468 	7513
f 7513 	7514 	7467
f 7263 	7265 	7516
f 7263 	7516 	7507
f 7470 	7471 	6780
f 7268 	6780 	7471
f 7217 	7017 	7211
f 7473 	7474 	7703
f 7472 	7703 	7474
f 7475 	7473 	7703
f 7478 	7479 	7477
f 7476 	7477 	7479
f 7476 	7479 	7480
f 7476 	7480 	7481
f 7476 	7481 	7526
f 6779 	7482 	7189
f 7226 	7228 	7482
f 7484 	7485 	7483
f 7490 	7506 	7485
f 7259 	7487 	7255
f 7342 	7047 	7343
f 7340 	7047 	7341
f 7486 	7255 	7487
f 7492 	7493 	7491
f 7493 	7502 	7491
f 7343 	7047 	7464
f 7489 	7262 	7488
f 7341 	7047 	7342
f 7494 	7261 	7489
f 7512 	7495 	7262
f 7488 	7262 	7495
f 7496 	7495 	7512
f 7501 	7490 	7500
f 7502 	7503 	7491
f 7503 	7498 	7491
f 7490 	7491 	7498
f 7498 	7497 	7490
f 7490 	7497 	7504
f 7504 	7500 	7490
f 7490 	7501 	7505
f 7490 	7505 	7506
f 7499 	7485 	7506
f 7483 	7485 	7499
f 7444 	7047 	7340
f 7511 	7551 	7510
f 7512 	7551 	7496
f 7551 	7552 	7510
f 7511 	7496 	7551
f 7457 	7017 	7458
f 7456 	7047 	7457
f 7463 	7047 	7456
f 7462 	7047 	7463
f 7017 	7217 	7264
f 7454 	7455 	7017
f 7454 	7017 	7453
f 7453 	7017 	7264
f 7459 	7017 	7455
f 7517 	7516 	7515
f 7514 	7515 	7516
f 7516 	7467 	7514
f 7508 	7517 	7509
f 7458 	7017 	7459
f 7521 	7509 	7517
f 7517 	7518 	7521
f 7521 	7518 	7520
f 7519 	7541 	7520
f 7522 	7517 	7515
f 7466 	7047 	7462
f 7465 	7047 	7466
f 7518 	7517 	7522
f 7525 	7529 	7524
f 7528 	7469 	7527
f 7513 	7469 	7528
f 7526 	7527 	7476
f 7530 	7532 	7529
f 7464 	7047 	7465
f 7531 	7719 	7530
f 7523 	7529 	7534
f 7523 	7524 	7529
f 7533 	7534 	7529
f 7533 	7529 	7532
f 7703 	7719 	7475
f 7519 	7538 	7536
f 7536 	7541 	7519
f 10063 	9060 	7017
f 7536 	7537 	7541
f 7512 	7541 	7537
f 7512 	7537 	7550
f 7535 	7536 	7539
f 7538 	7539 	7536
f 7521 	7520 	7541
f 4344 	4345 	3174
f 7539 	7540 	7535
f 7542 	7543 	7548
f 7543 	7535 	7545
f 7545 	7546 	7543
f 7546 	7547 	7543
f 7545 	7535 	7540
f 7547 	7548 	7543
f 7548 	7549 	7544
f 7544 	7542 	7548
f 7719 	7544 	7549
f 7482 	7510 	7552
f 7551 	7512 	7550
f 11275 	1956 	3174
f 3566 	3174 	1956
f 1956 	6613 	3566
f 6752 	6746 	6753
f 11280 	1956 	11275
f 7557 	1961 	7555
f 6753 	6746 	6747
f 1958 	7555 	1961
f 6748 	7556 	6749
f 7555 	1958 	1959
f 2096 	8657 	1959
f 7557 	1962 	1961
f 6747 	7558 	6753
f 7558 	8110 	6753
f 7555 	7559 	7557
f 7560 	1999 	1998
f 7561 	2003 	2002
f 2002 	1962 	7557
f 2002 	7557 	7561
f 7561 	7560 	1998
f 7561 	1998 	2003
f 7557 	7562 	7561
f 7559 	7562 	7557
f 7559 	7563 	7562
f 7563 	7576 	7562
f 7365 	7366 	6670
f 6671 	7366 	7367
f 7367 	6672 	6671
f 7564 	2014 	2013
f 2018 	7566 	2019
f 7567 	7590 	7565
f 7564 	7566 	2018
f 7564 	2018 	2014
f 7590 	2376 	7565
f 2351 	2376 	7590
f 7572 	2058 	2057
f 8348 	2071 	7572
f 7568 	7590 	7567
f 7566 	7572 	2057
f 7566 	2057 	2019
f 7372 	7371 	2376
f 7371 	7565 	2376
f 7569 	7372 	2376
f 7571 	7570 	2376
f 7570 	7569 	2376
f 7573 	7574 	7564
f 7565 	7371 	11440
f 7565 	11440 	11441
f 11443 	7567 	11442
f 7565 	11442 	7567
f 7564 	7574 	7566
f 2013 	1999 	7560
f 2013 	7560 	7564
f 7570 	11444 	7569
f 7575 	7560 	7561
f 11442 	7565 	11441
f 7575 	7561 	7562
f 7573 	7564 	7560
f 7569 	11449 	7372
f 7573 	7560 	7575
f 7576 	7575 	7562
f 7590 	2348 	2351
f 7576 	7579 	7575
f 2375 	2377 	6350
f 2376 	2375 	6350
f 7579 	7573 	7575
f 7581 	7584 	7577
f 7577 	7583 	7578
f 7587 	7584 	7581
f 7587 	7581 	7580
f 7574 	7573 	7582
f 7583 	7577 	7584
f 7579 	7582 	7573
f 7585 	7578 	7583
f 7576 	8363 	7579
f 7356 	7583 	7584
f 7356 	7584 	7587
f 7587 	7586 	7356
f 7583 	7356 	7585
f 7586 	8276 	7356
f 7588 	7356 	8270
f 8271 	8270 	7356
f 8268 	7588 	8269
f 11452 	11453 	7589
f 7588 	7589 	11453
f 11456 	11452 	7589
f 7568 	11455 	7589
f 2591 	2592 	7590
f 7589 	7590 	7568
f 7588 	7590 	7589
f 7593 	7604 	7592
f 7594 	8192 	7593
f 7592 	7604 	7591
f 7618 	7620 	7597
f 7597 	7598 	7618
f 7591 	7618 	7598
f 7616 	7617 	7580
f 7577 	8226 	7581
f 7581 	8226 	7580
f 7616 	7580 	8226
f 7610 	7611 	7308
f 7611 	7612 	7308
f 7311 	7308 	7612
f 7612 	7613 	7320
f 7320 	7311 	7612
f 7613 	7614 	7320
f 7319 	7320 	7614
f 7615 	7318 	7614
f 7321 	7318 	7615
f 8149 	7380 	7622
f 7611 	7634 	7612
f 7634 	7635 	7612
f 7613 	7636 	7614
f 7615 	7614 	7637
f 7636 	7637 	7614
f 7321 	7615 	7432
f 7637 	7432 	7615
f 7638 	7606 	7629
f 7628 	7629 	7605
f 7607 	7639 	7609
f 7640 	7610 	7609
f 7240 	7331 	7605
f 7638 	7629 	7056
f 7629 	7628 	7056
f 7331 	7056 	7628
f 7326 	7056 	7327
f 7330 	7056 	7331
f 7630 	6657 	6667
f 7061 	7068 	7059
f 7056 	7059 	7068
f 7056 	7068 	8054
f 7633 	7611 	7632
f 7610 	7632 	7611
f 7611 	7633 	7634
f 7613 	7612 	7635
f 7613 	7635 	7636
f 7625 	7626 	6665
f 7627 	6667 	6666
f 7606 	7605 	7629
f 7638 	7639 	7607
f 7638 	7607 	7606
f 7640 	7609 	7639
f 7627 	6666 	7626
f 7610 	7640 	7632
f 7627 	7630 	6667
f 7635 	7634 	7631
f 7632 	7640 	7631
f 7640 	7639 	7631
f 7639 	7638 	7631
f 7633 	7632 	7631
f 7633 	7631 	7634
f 8149 	9297 	7380
f 7380 	7643 	7622
f 7622 	7643 	7642
f 7380 	7347 	7643
f 7380 	9297 	9294
f 7642 	7643 	7348
f 7347 	7348 	7643
f 6665 	6661 	7645
f 5629 	7649 	7648
f 7556 	7558 	6749
f 6748 	6750 	7556
f 7653 	7556 	6750
f 8345 	7652 	7650
f 7650 	8347 	8345
f 8111 	7558 	7556
f 8153 	7652 	8345
f 7631 	8081 	7635
f 7433 	7432 	8081
f 7654 	6745 	6743
f 6743 	6744 	7654
f 7637 	8081 	7432
f 7056 	7631 	7638
f 7655 	7656 	6745
f 7056 	8055 	8058
f 7631 	7056 	8059
f 7654 	7655 	6745
f 7657 	7658 	7656
f 7656 	7655 	7657
f 6744 	7659 	7654
f 7655 	7654 	7660
f 7659 	7660 	7654
f 8146 	7657 	7655
f 7660 	8146 	7655
f 8128 	5086 	7658
f 5024 	7658 	5086
f 8128 	5639 	5086
f 7659 	8150 	7660
f 7656 	5022 	6745
f 5023 	7656 	7658
f 7658 	5024 	5023
f 6753 	7661 	6752
f 7661 	6751 	6752
f 7653 	7662 	7556
f 6751 	7659 	6744
f 7664 	7671 	7663
f 7672 	7671 	7664
f 7554 	7663 	7671
f 7678 	7679 	7693
f 7552 	7665 	7482
f 7679 	7685 	7692
f 7692 	7693 	7679
f 7553 	7671 	7669
f 7668 	7669 	7671
f 7667 	7668 	7671
f 7553 	7554 	7671
f 7671 	7672 	7673
f 7671 	7673 	7674
f 7675 	7676 	7674
f 7671 	7674 	7676
f 7676 	7670 	7671
f 7729 	7730 	3059
f 7730 	7735 	3059
f 7246 	7247 	11568
f 7689 	7687 	11568
f 7683 	11568 	7682
f 7689 	11568 	7684
f 7683 	7684 	11568
f 7682 	11568 	7681
f 7678 	7693 	7680
f 7227 	7225 	7666
f 7665 	7666 	7225
f 7666 	7692 	7227
f 7687 	7688 	11568
f 7688 	7690 	11568
f 3020 	11568 	7690
f 7680 	7694 	7686
f 7686 	7694 	7691
f 7685 	7227 	7692
f 7698 	7671 	7697
f 7696 	7697 	7671
f 7667 	7671 	7698
f 7695 	7696 	7671
f 3040 	7691 	7694
f 7694 	7680 	7693
f 7695 	7728 	7699
f 7671 	7677 	7695
f 7677 	7728 	7695
f 457 	7738 	456
f 6780 	7700 	7701
f 7701 	7702 	6780
f 6780 	7702 	7703
f 7704 	7702 	7701
f 7701 	7717 	7704
f 7712 	7705 	7717
f 7704 	7717 	7705
f 7470 	6780 	7472
f 7703 	7472 	6780
f 6780 	6781 	7700
f 6781 	7707 	7724
f 7708 	6781 	7763
f 7709 	6781 	7708
f 6781 	7706 	7707
f 6782 	7773 	6781
f 7707 	7745 	7724
f 7706 	6781 	7709
f 7740 	7706 	7709
f 7549 	7532 	7719
f 7531 	7475 	7719
f 7532 	7530 	7719
f 7715 	7716 	7721
f 7715 	7713 	7718
f 7714 	7718 	7713
f 7715 	7718 	7716
f 7718 	7701 	7716
f 7717 	7701 	7718
f 7720 	7715 	7721
f 7721 	7726 	7720
f 7720 	7727 	7719
f 7701 	7723 	7716
f 7724 	7725 	7700
f 7700 	6781 	7724
f 7727 	7720 	7726
f 7731 	7732 	7757
f 7544 	7719 	7727
f 457 	3053 	7735
f 7735 	7736 	457
f 7732 	7734 	7757
f 7722 	7757 	7734
f 7721 	7722 	7734
f 7726 	7721 	7734
f 7737 	457 	7736
f 3053 	3059 	7735
f 7738 	457 	7737
f 7739 	7848 	7738
f 7733 	7852 	7838
f 7722 	7724 	7745
f 7740 	7741 	7706
f 7711 	7743 	7710
f 7710 	7743 	7744
f 7747 	7748 	7744
f 7743 	7746 	7744
f 7747 	7744 	7746
f 7745 	7744 	7749
f 7722 	7745 	7750
f 7748 	7749 	7744
f 7750 	7751 	7722
f 7749 	7750 	7745
f 7755 	7808 	7754
f 7754 	7808 	7753
f 7801 	7808 	7755
f 7756 	7722 	7751
f 7756 	7757 	7722
f 7752 	7808 	7760
f 7760 	7808 	7759
f 7759 	7808 	7758
f 7768 	6781 	7769
f 7762 	6781 	7761
f 7761 	6781 	7768
f 7763 	6781 	7764
f 7764 	6781 	7762
f 7763 	7781 	7708
f 7764 	7762 	7765
f 7769 	6781 	7770
f 7770 	6781 	7773
f 7771 	7788 	7769
f 7770 	7771 	7769
f 6782 	7774 	7773
f 7798 	7775 	7774
f 6782 	7826 	7774
f 7762 	7776 	7765
f 7787 	7777 	7762
f 7776 	7762 	7777
f 7742 	7708 	7781
f 7779 	7761 	7778
f 7768 	7778 	7761
f 7779 	7780 	7761
f 7793 	7761 	7780
f 7790 	7769 	7788
f 7772 	7788 	7771
f 7743 	7742 	7746
f 7785 	7783 	7781
f 7784 	7785 	7782
f 7781 	7782 	7785
f 7742 	7781 	7783
f 7783 	7746 	7742
f 7786 	7777 	7787
f 7766 	7767 	7782
f 7790 	7788 	7791
f 7792 	7793 	7780
f 7789 	7782 	7767
f 7790 	7796 	7789
f 7791 	7795 	7790
f 7782 	7789 	7784
f 7796 	7794 	7789
f 7794 	7784 	7789
f 7796 	7790 	7795
f 7788 	7772 	7797
f 7775 	7798 	7799
f 7800 	7795 	7791
f 7798 	7774 	7826
f 7795 	7800 	7819
f 7803 	7804 	7802
f 7801 	7802 	7804
f 7801 	7804 	7805
f 7801 	7805 	7806
f 7801 	7806 	7807
f 7801 	7807 	7808
f 7809 	477 	7808
f 7758 	7808 	7857
f 7753 	7808 	7752
f 7811 	7810 	7826
f 7810 	7814 	7826
f 7831 	7828 	7811
f 7826 	7831 	7811
f 7814 	7815 	7826
f 7800 	7826 	7815
f 7817 	7825 	7820
f 7819 	7800 	7818
f 7821 	7822 	7820
f 7822 	7824 	7820
f 7823 	7824 	7822
f 7824 	7816 	7820
f 7816 	7817 	7820
f 7825 	7862 	7820
f 7862 	7863 	7820
f 7800 	7815 	7818
f 7800 	7798 	7826
f 7812 	7813 	7827
f 7827 	7872 	7812
f 7859 	7860 	7872
f 7860 	7812 	7872
f 7813 	7811 	7830
f 7836 	7912 	7835
f 7835 	7912 	7834
f 7838 	7852 	7837
f 7731 	7757 	7733
f 7837 	7853 	7841
f 7841 	7853 	7840
f 7839 	7840 	7854
f 7843 	7844 	7842
f 7844 	7848 	7842
f 7845 	7848 	7844
f 7846 	7839 	7854
f 7847 	7846 	7854
f 7854 	454 	7847
f 7739 	7842 	7848
f 7849 	7738 	7848
f 7850 	7738 	7849
f 7851 	7738 	7850
f 456 	7738 	7851
f 7854 	7840 	7853
f 7853 	7837 	7852
f 460 	465 	464
f 7852 	7733 	7757
f 7855 	460 	464
f 7857 	7808 	7856
f 7856 	7808 	7855
f 461 	7808 	482
f 7870 	7871 	7809
f 482 	7808 	477
f 467 	468 	7809
f 7829 	7830 	7811
f 7830 	7827 	7813
f 7828 	7829 	7811
f 7858 	7873 	7861
f 7809 	7820 	7864
f 7869 	7809 	7865
f 7864 	7865 	7809
f 7870 	7809 	7869
f 7863 	7864 	7820
f 7868 	7875 	7867
f 7875 	7876 	7867
f 469 	7866 	780
f 467 	7809 	7871
f 7858 	7859 	7873
f 7872 	7873 	7859
f 7875 	7868 	7874
f 7868 	7861 	7874
f 780 	7867 	694
f 7873 	7874 	7861
f 7876 	694 	7867
f 7879 	7912 	7878
f 7833 	7912 	7880
f 7880 	7912 	7879
f 7881 	7826 	6782
f 7097 	7925 	6782
f 7883 	7881 	7882
f 7881 	6782 	7926
f 7882 	7881 	7926
f 7890 	7897 	7826
f 7888 	7890 	7889
f 7887 	7897 	7890
f 7888 	7887 	7890
f 7885 	7886 	7884
f 7890 	7884 	7886
f 7886 	7889 	7890
f 7892 	7893 	7894
f 7893 	7885 	7894
f 7884 	7894 	7885
f 7892 	7894 	7891
f 7831 	7826 	7896
f 7897 	7896 	7826
f 7899 	7900 	7898
f 7900 	7901 	7898
f 7901 	7902 	7898
f 7902 	7903 	7898
f 7903 	7904 	7898
f 7904 	7895 	7898
f 7895 	7906 	7898
f 7834 	7912 	7833
f 7832 	7912 	7836
f 7891 	7894 	7905
f 7906 	7909 	7898
f 7910 	7911 	7898
f 7911 	7912 	7898
f 7832 	7898 	7912
f 7909 	7910 	7898
f 8479 	8480 	7913
f 7914 	8479 	7913
f 7907 	7908 	7963
f 7908 	7905 	7963
f 7894 	7963 	7905
f 7907 	7963 	7916
f 8480 	8481 	7913
f 8479 	7914 	7918
f 8479 	7918 	7919
f 8479 	7919 	7920
f 7916 	7964 	7915
f 7915 	7964 	7917
f 7917 	7964 	7922
f 7923 	7922 	7983
f 7924 	7923 	7983
f 7924 	7984 	7985
f 7985 	8008 	7924
f 8019 	8021 	7924
f 7926 	7929 	7882
f 7928 	7925 	7097
f 7926 	6782 	7925
f 7927 	7928 	7097
f 7931 	7958 	7930
f 7929 	7955 	7882
f 7933 	7097 	7932
f 7935 	7097 	7933
f 7927 	7097 	7935
f 7934 	7939 	7097
f 7937 	7938 	7934
f 7932 	7097 	7939
f 7938 	7939 	7934
f 7941 	7942 	7940
f 7931 	7940 	7942
f 7931 	7942 	7943
f 7931 	7943 	7944
f 7934 	7945 	7936
f 7937 	7934 	7936
f 7989 	7945 	7934
f 7097 	7949 	7948
f 7934 	7097 	7948
f 7998 	7995 	8004
f 7952 	6089 	7951
f 7949 	7097 	7952
f 6089 	7952 	7097
f 7955 	7929 	7954
f 7954 	7929 	7953
f 7953 	7929 	7956
f 7956 	7930 	7957
f 7957 	7930 	7958
f 7961 	7962 	7882
f 7929 	7930 	7956
f 7960 	7982 	7959
f 7968 	7959 	7982
f 7961 	7882 	7955
f 7964 	7916 	7963
f 7965 	7922 	7964
f 7894 	7882 	7962
f 7962 	7963 	7894
f 7966 	7967 	7970
f 7969 	7970 	7967
f 7970 	7971 	7966
f 7971 	7972 	7966
f 7972 	7973 	7966
f 7973 	7959 	7966
f 7968 	7966 	7959
f 7958 	7931 	7974
f 7944 	7974 	7931
f 7977 	7989 	7976
f 7979 	7975 	7980
f 7980 	7981 	7978
f 7978 	7979 	7980
f 7989 	7980 	7975
f 7975 	7976 	7989
f 7989 	7977 	7945
f 7960 	7978 	7981
f 7982 	7960 	7981
f 7983 	7922 	7965
f 7984 	7924 	7983
f 7987 	8011 	7986
f 7980 	7989 	7988
f 7987 	7993 	8011
f 7985 	7986 	8011
f 7993 	7988 	7991
f 7991 	8011 	7993
f 7990 	7991 	7988
f 7992 	7990 	7988
f 7992 	7988 	7989
f 8003 	8001 	7989
f 7994 	7995 	7996
f 7947 	7949 	7997
f 7997 	8004 	7995
f 7947 	7997 	7946
f 7999 	7946 	7997
f 7996 	7995 	7998
f 7948 	7949 	7947
f 7949 	8004 	7997
f 7992 	7989 	8002
f 8006 	8000 	8003
f 8000 	8001 	8003
f 8002 	7989 	8001
f 8003 	7998 	8004
f 8006 	8004 	8005
f 8003 	8004 	8006
f 8007 	8005 	8004
f 7950 	7951 	8007
f 8005 	8007 	8028
f 8019 	7924 	8008
f 8010 	7985 	8009
f 8011 	8009 	7985
f 7985 	8010 	8008
f 8014 	8015 	8013
f 8016 	8017 	8015
f 8013 	8015 	8017
f 8012 	8013 	8017
f 8020 	7924 	8021
f 8024 	8017 	8023
f 8025 	8017 	8024
f 8026 	8017 	8025
f 8012 	8017 	8026
f 8022 	8023 	8017
f 8017 	8018 	755
f 8007 	6089 	8028
f 8029 	755 	8018
f 8031 	755 	8030
f 8031 	8032 	755
f 8029 	8030 	755
f 8033 	755 	8032
f 8033 	8034 	755
f 8035 	755 	8034
f 8037 	755 	8036
f 8038 	755 	8037
f 8471 	755 	8038
f 8035 	8036 	755
f 8040 	6110 	8039
f 8042 	6113 	8040
f 8039 	6109 	8510
f 8041 	6111 	8042
f 6089 	6090 	8044
f 6106 	6105 	6100
f 8043 	6102 	8041
f 8027 	8028 	6089
f 8044 	8027 	6089
f 7951 	6089 	8007
f 7358 	7649 	5629
f 7649 	8045 	7648
f 7358 	8046 	7649
f 7649 	8047 	8045
f 8046 	8047 	7649
f 8048 	8046 	7362
f 8048 	7362 	7364
f 8046 	8049 	8047
f 8046 	8048 	8049
f 8050 	8048 	7364
f 7364 	7388 	8050
f 8099 	8098 	8051
f 5530 	5531 	8054
f 8054 	8053 	5530
f 5532 	5530 	8053
f 8053 	5539 	5533
f 8053 	5533 	5532
f 8055 	8054 	5534
f 5531 	5534 	8054
f 8055 	7056 	8054
f 5539 	8053 	8057
f 8053 	8054 	7068
f 8056 	8057 	7068
f 8057 	8053 	7068
f 8055 	5534 	5535
f 8058 	8055 	5536
f 5535 	5536 	8055
f 8058 	5536 	5537
f 7631 	8059 	5529
f 5537 	5538 	8058
f 8059 	7056 	8058
f 5529 	5551 	7631
f 8060 	7316 	7321
f 8064 	8065 	7291
f 7290 	7291 	8065
f 8065 	8066 	7290
f 8066 	8067 	7289
f 7288 	7289 	8067
f 7288 	8067 	7287
f 8068 	7287 	8067
f 7086 	7287 	8068
f 7087 	7301 	7086
f 8069 	8064 	8063
f 8069 	8063 	8070
f 8071 	8065 	8064
f 8071 	8064 	8069
f 8072 	8066 	8065
f 8072 	8065 	8071
f 8073 	8067 	8066
f 8073 	8066 	8072
f 8074 	8068 	8067
f 8074 	8067 	8073
f 8074 	7130 	8068
f 7086 	8068 	7130
f 7321 	7434 	8060
f 8075 	8060 	7434
f 8076 	8061 	8060
f 8076 	8060 	8075
f 8077 	8062 	8061
f 8077 	8061 	8076
f 8077 	8070 	8062
f 8063 	8062 	8070
f 8070 	8081 	8069
f 8072 	8071 	8080
f 8076 	8075 	8081
f 8069 	8081 	8071
f 8081 	8080 	8071
f 8072 	8080 	8073
f 7130 	8074 	8080
f 8073 	8080 	8074
f 8075 	7434 	8081
f 8081 	7434 	7433
f 7637 	7636 	8081
f 7636 	7635 	8081
f 8076 	8081 	8077
f 8070 	8077 	8081
f 5541 	8079 	5540
f 8078 	5540 	8079
f 5542 	5540 	8078
f 5543 	5544 	8056
f 5544 	5545 	8056
f 8056 	8079 	5543
f 5541 	5543 	8079
f 8079 	8056 	7068
f 8078 	8079 	7068
f 7068 	9429 	8078
f 7067 	9429 	7068
f 8081 	7631 	5551
f 8081 	8082 	8080
f 8084 	5546 	8083
f 5547 	8083 	5546
f 5549 	8084 	5548
f 8085 	5548 	8084
f 5546 	8084 	5549
f 8082 	8085 	8084
f 8081 	5550 	8086
f 5550 	8081 	5551
f 8082 	8081 	8086
f 8082 	8086 	8085
f 5569 	8083 	5547
f 8083 	8093 	8082
f 8088 	8093 	8083
f 5569 	8088 	8083
f 8088 	5570 	8087
f 8084 	8083 	8082
f 8088 	8087 	8093
f 8091 	8092 	8082
f 8090 	8082 	8089
f 8091 	8082 	8090
f 8093 	8089 	8082
f 5572 	5573 	8093
f 5554 	5555 	8089
f 8090 	8089 	5555
f 8052 	8050 	7395
f 7388 	7395 	8050
f 5556 	5557 	8091
f 8092 	8091 	5557
f 8052 	8051 	8050
f 5558 	5559 	8093
f 8089 	8093 	5559
f 5554 	8089 	5559
f 8091 	8090 	5556
f 5560 	5556 	8090
f 5563 	8092 	5557
f 8045 	8047 	8103
f 5558 	8093 	5573
f 8090 	5555 	5560
f 5562 	8138 	8094
f 8095 	8092 	5564
f 5563 	5564 	8092
f 8082 	8092 	8095
f 5564 	5562 	8095
f 8094 	8095 	5562
f 8138 	8080 	8094
f 8094 	8080 	8082
f 8094 	8082 	8095
f 5565 	5566 	8097
f 8096 	8097 	5566
f 8098 	8049 	8048
f 5567 	5565 	8097
f 8050 	8098 	8048
f 8087 	5568 	8097
f 5567 	8097 	5568
f 8050 	8051 	8098
f 8049 	8098 	8133
f 8100 	8133 	8098
f 8100 	8098 	8099
f 7641 	7644 	10792
f 7646 	7644 	7624
f 7645 	7646 	7623
f 7623 	7646 	7624
f 7641 	7624 	7644
f 8102 	8045 	8103
f 8104 	8101 	8102
f 7625 	6665 	7645
f 7623 	7625 	7645
f 8103 	8104 	8102
f 8103 	8047 	8131
f 8103 	8132 	8104
f 8131 	8132 	8103
f 7623 	7624 	9345
f 6751 	8108 	7659
f 7623 	9345 	7625
f 6751 	7661 	8108
f 7661 	8109 	8108
f 7661 	8110 	8109
f 6753 	8110 	7661
f 8111 	8110 	7558
f 10791 	8106 	8107
f 7641 	10792 	8107
f 8110 	8112 	8109
f 8111 	8112 	8110
f 9345 	7624 	7641
f 8111 	7556 	7662
f 8113 	8111 	7662
f 8150 	7659 	8108
f 8115 	8116 	8117
f 8118 	8116 	8115
f 8118 	8115 	8886
f 8119 	8120 	8112
f 8119 	8112 	8111
f 8119 	8111 	8113
f 8121 	8122 	8123
f 8121 	8123 	8124
f 8125 	8124 	8123
f 8126 	6748 	6734
f 8122 	8121 	8117
f 8115 	8117 	8121
f 8127 	8121 	8124
f 8096 	5566 	5571
f 7657 	8128 	7658
f 8096 	8130 	8097
f 8097 	8130 	8087
f 5542 	8078 	5571
f 8096 	5571 	8078
f 5574 	5572 	8130
f 8130 	8129 	5576
f 8130 	5576 	5577
f 8047 	8049 	8131
f 8049 	8133 	8131
f 5577 	5574 	8130
f 8093 	8130 	5572
f 8096 	8129 	8130
f 8093 	8087 	8130
f 8096 	9897 	8129
f 8133 	8134 	8131
f 8133 	8135 	8136
f 7657 	8147 	8128
f 8078 	9895 	8096
f 8136 	8137 	8133
f 5507 	9060 	5866
f 8137 	8154 	8133
f 8137 	8136 	8135
f 8131 	8134 	8132
f 5562 	5586 	8138
f 8139 	8080 	8138
f 8135 	8133 	8140
f 8100 	8140 	8133
f 8138 	8164 	8139
f 8141 	5579 	8142
f 5580 	8142 	5579
f 5639 	8144 	5637
f 5585 	8141 	5584
f 8146 	8147 	7657
f 8146 	7660 	8148
f 8153 	8152 	7652
f 8144 	5639 	8128
f 8144 	8128 	8147
f 7660 	8150 	8148
f 8151 	8147 	8146
f 8149 	7647 	9297
f 8148 	8151 	8146
f 8144 	8147 	8184
f 6181 	5637 	8144
f 8646 	8153 	8645
f 8140 	8154 	8137
f 8140 	8137 	8135
f 8155 	8134 	8154
f 8134 	8133 	8154
f 7651 	7652 	8152
f 8132 	10025 	8104
f 8157 	8156 	8158
f 10754 	8158 	8156
f 8158 	10754 	8159
f 8150 	8160 	8148
f 10758 	10725 	8159
f 8159 	8161 	8158
f 8157 	8158 	8161
f 8152 	8161 	8159
f 7651 	8152 	8159
f 8153 	8157 	8161
f 8153 	8161 	8152
f 5579 	8141 	5585
f 5580 	5601 	8142
f 5601 	5602 	8145
f 5601 	8145 	8142
f 8145 	5602 	8162
f 5604 	8162 	5602
f 8145 	8624 	8142
f 8162 	8624 	8145
f 5582 	8163 	5581
f 8164 	5581 	8163
f 8165 	8108 	8109
f 5582 	5583 	8163
f 8624 	8139 	8142
f 8150 	8108 	8165
f 8143 	5584 	8141
f 8163 	8143 	8139
f 8143 	8141 	8139
f 8138 	5586 	8164
f 8165 	8160 	8150
f 8164 	8163 	8139
f 8109 	8166 	8165
f 8160 	8165 	8174
f 8165 	8166 	8174
f 8112 	8166 	8109
f 5587 	8168 	8167
f 5589 	5587 	8167
f 5590 	5591 	8169
f 5592 	5590 	8169
f 8168 	5592 	8169
f 5596 	5589 	8171
f 8167 	8171 	5589
f 8168 	8139 	8167
f 8169 	8139 	8168
f 8171 	8167 	8624
f 8624 	8167 	8139
f 8141 	8142 	8139
f 8139 	8169 	8170
f 8139 	8170 	8172
f 8139 	8172 	8173
f 8639 	6002 	8080
f 8139 	8173 	8080
f 8168 	5587 	5588
f 5608 	5609 	8171
f 8175 	8176 	8166
f 8175 	8166 	8112
f 5588 	5592 	8168
f 8120 	8175 	8112
f 8170 	8169 	5591
f 8178 	8174 	8177
f 8177 	8174 	8166
f 5591 	5593 	8170
f 8176 	8177 	8166
f 5863 	5608 	8609
f 8178 	8357 	8174
f 5595 	8173 	5594
f 8172 	5594 	8173
f 8171 	5609 	5596
f 8179 	8181 	8180
f 5597 	5594 	8172
f 8172 	8170 	5597
f 5593 	5597 	8170
f 5598 	8129 	8182
f 6188 	8180 	8181
f 5599 	5600 	8183
f 8182 	8183 	5600
f 8182 	8624 	8183
f 5598 	8182 	5600
f 5603 	5599 	8183
f 8162 	5604 	8183
f 5603 	8183 	5604
f 8185 	10026 	8134
f 8185 	8134 	8155
f 8198 	7595 	8187
f 7619 	8197 	8188
f 8188 	8197 	8187
f 7601 	7602 	8189
f 7617 	8189 	7602
f 8192 	7594 	8190
f 8190 	7601 	8189
f 7603 	7593 	8192
f 7604 	7593 	7603
f 7608 	7591 	7604
f 7600 	7601 	8190
f 8191 	6302 	7648
f 7618 	7591 	7608
f 7620 	7621 	7597
f 7596 	7597 	7621
f 8186 	8187 	7595
f 7621 	8186 	7595
f 7600 	8190 	7594
f 6302 	6301 	7648
f 8195 	8199 	8194
f 8196 	7619 	8195
f 8197 	7619 	8196
f 7595 	7596 	7621
f 7648 	8045 	8191
f 8201 	8195 	7619
f 8199 	8195 	8201
f 8210 	8212 	8206
f 8206 	8202 	8210
f 8202 	8203 	8210
f 8205 	8206 	8212
f 6302 	8204 	6300
f 8200 	8205 	8193
f 8213 	8193 	8205
f 8199 	8200 	8193
f 8193 	8194 	8199
f 8198 	8187 	8197
f 8212 	8213 	8205
f 8209 	8210 	8203
f 8207 	8209 	8203
f 8101 	8211 	8208
f 8215 	8223 	8214
f 8216 	8221 	8215
f 8217 	8234 	8216
f 8218 	8233 	8217
f 8219 	8233 	8218
f 8220 	8237 	8219
f 7578 	8225 	7577
f 8222 	8215 	8221
f 8208 	8102 	8101
f 8225 	7578 	8224
f 8226 	7577 	8225
f 6302 	8191 	8204
f 7602 	7580 	7617
f 8214 	8223 	7578
f 8227 	7151 	7069
f 8230 	8258 	8229
f 8231 	8257 	8230
f 7069 	8204 	8227
f 8229 	8258 	8228
f 8208 	8227 	8204
f 8208 	8211 	8227
f 8236 	8242 	8235
f 8232 	8239 	8231
f 8204 	8191 	8208
f 8221 	8216 	8234
f 8238 	8219 	8237
f 8236 	8237 	8220
f 8233 	8219 	8238
f 8234 	8217 	8233
f 8223 	8215 	8222
f 8224 	7578 	8223
f 8257 	8231 	8240
f 8235 	8239 	8232
f 8240 	8231 	8239
f 8220 	8241 	8236
f 8241 	8242 	8236
f 8239 	8235 	8242
f 8102 	8208 	8191
f 8184 	8147 	8151
f 8248 	8207 	8247
f 8255 	8256 	8246
f 8245 	8256 	8250
f 8249 	8263 	8246
f 8243 	8263 	8249
f 8244 	8261 	8243
f 8248 	8250 	8254
f 6181 	8144 	8184
f 8253 	8254 	8250
f 8203 	8247 	8207
f 8252 	8261 	8244
f 8251 	8151 	8148
f 8148 	8160 	8251
f 8207 	8248 	8254
f 8228 	8259 	8252
f 8263 	8243 	8262
f 8258 	8230 	8257
f 8263 	8255 	8246
f 8245 	8246 	8256
f 8253 	8250 	8256
f 8102 	8191 	8045
f 8260 	8252 	8259
f 8259 	8228 	8258
f 8261 	8252 	8260
f 8262 	8243 	8261
f 8264 	7595 	8265
f 8266 	7596 	7595
f 8266 	7595 	8264
f 7596 	8266 	7597
f 8267 	7597 	8266
f 7597 	8267 	7598
f 8268 	7598 	8267
f 7598 	8268 	7591
f 8269 	7591 	8268
f 7591 	8269 	7592
f 8270 	7592 	8269
f 10034 	8305 	8211
f 7592 	8270 	7593
f 8271 	7593 	8270
f 8271 	8272 	7594
f 8271 	7594 	7593
f 8272 	8273 	7594
f 8180 	8184 	8151
f 8273 	8274 	7600
f 8273 	7600 	7594
f 8274 	8275 	7601
f 8274 	7601 	7600
f 8180 	6188 	8184
f 8275 	8276 	7602
f 8275 	7602 	7601
f 7587 	7580 	7586
f 7580 	7602 	7586
f 8276 	7586 	7602
f 8180 	8151 	8251
f 7604 	7603 	8278
f 8277 	8278 	7603
f 6188 	6181 	8184
f 7604 	8278 	8279
f 7604 	8279 	7608
f 8280 	8281 	7616
f 7617 	7616 	8281
f 7608 	8279 	8283
f 7608 	8283 	7618
f 8282 	8251 	8160
f 8284 	8285 	7619
f 7621 	7620 	8287
f 8286 	8287 	7620
f 8174 	8282 	8160
f 7621 	8287 	8288
f 7621 	8288 	8186
f 8180 	8251 	8179
f 8289 	8187 	8288
f 8186 	8288 	8187
f 8282 	8179 	8251
f 8290 	8188 	8289
f 8187 	8289 	8188
f 8284 	7619 	8290
f 8188 	8290 	7619
f 8174 	8357 	8282
f 8281 	8293 	7617
f 8189 	7617 	8293
f 8293 	8296 	8189
f 8190 	8189 	8296
f 8295 	8179 	8294
f 8282 	8294 	8179
f 8282 	8292 	8294
f 8296 	8297 	8190
f 8192 	8190 	8297
f 8181 	6192 	8451
f 8277 	7603 	8192
f 8277 	8192 	8297
f 8301 	8370 	8300
f 8300 	8370 	8299
f 8302 	8344 	8301
f 8303 	8340 	8302
f 8335 	8307 	8298
f 8306 	8299 	8298
f 8305 	7338 	7151
f 8301 	8310 	8302
f 8227 	8305 	7151
f 8311 	8303 	8302
f 8305 	10033 	7338
f 8227 	8211 	8305
f 8162 	8183 	8624
f 8306 	8298 	8307
f 8211 	10027 	10034
f 8306 	8308 	8299
f 8299 	8308 	8300
f 8309 	8300 	8308
f 8300 	8309 	8301
f 8310 	8301 	8309
f 8155 	8154 	8644
f 7360 	4167 	8644
f 8311 	8302 	8310
f 8304 	8312 	8319
f 8313 	8319 	8312
f 8313 	8314 	8319
f 8303 	8311 	8315
f 8315 	8312 	8304
f 8315 	8304 	8303
f 3584 	9061 	3573
f 8316 	8335 	8317
f 8335 	8316 	8307
f 9061 	3790 	9457
f 3575 	3576 	9061
f 3792 	3790 	9061
f 8157 	8153 	8494
f 3792 	9061 	3576
f 9000 	9001 	8318
f 8156 	8157 	8318
f 8494 	8318 	8157
f 6082 	6083 	8318
f 8318 	6083 	8156
f 8347 	8149 	7622
f 8309 	8129 	8310
f 8307 	8129 	8306
f 8308 	8306 	8129
f 8129 	8316 	8182
f 8309 	8308 	8129
f 3582 	3581 	9061
f 3583 	9061 	3581
f 8311 	8129 	8315
f 8310 	8129 	8311
f 8129 	8313 	8312
f 8314 	8313 	8129
f 8315 	8129 	8312
f 3584 	3582 	9061
f 8317 	8544 	8182
f 3583 	3595 	9061
f 8307 	8316 	8129
f 8317 	8182 	8316
f 3575 	9061 	3594
f 3595 	3594 	9061
f 8391 	8393 	8320
f 8321 	8391 	8320
f 8322 	8391 	8321
f 8323 	8389 	8322
f 8325 	8384 	8324
f 8304 	8395 	8303
f 8299 	8371 	8298
f 8343 	8376 	8330
f 8330 	8331 	8343
f 8332 	8343 	8331
f 8338 	8341 	8334
f 8335 	8337 	8334
f 8298 	8337 	8335
f 3789 	9457 	3790
f 8340 	8303 	8339
f 8350 	8347 	7642
f 8346 	7599 	7574
f 8347 	8350 	8345
f 8346 	8353 	7599
f 7622 	7642 	8347
f 7574 	7582 	8346
f 2071 	8348 	2072
f 8350 	7642 	7447
f 2058 	7572 	2071
f 2078 	2072 	8348
f 8350 	8349 	8345
f 7599 	8352 	7572
f 8349 	8350 	8351
f 7447 	8351 	8350
f 6494 	6523 	8351
f 7642 	7348 	7447
f 8348 	7572 	8352
f 7446 	6495 	8351
f 8351 	7447 	7446
f 6494 	8351 	6495
f 7572 	7566 	7599
f 7566 	7574 	7599
f 3164 	3163 	8653
f 7599 	8353 	8352
f 8354 	8423 	8352
f 8647 	8651 	3162
f 8352 	8353 	8354
f 3161 	8648 	3162
f 8652 	8650 	3160
f 8662 	3169 	8663
f 3168 	8663 	3169
f 8667 	8666 	6886
f 8667 	6886 	6885
f 8668 	3170 	8662
f 3164 	8736 	3168
f 8364 	8353 	8346
f 8666 	8737 	6886
f 6505 	8810 	8809
f 8790 	6498 	8791
f 8348 	8352 	8423
f 8464 	8451 	6192
f 6504 	6503 	8817
f 3791 	9457 	3789
f 6501 	8803 	6502
f 3845 	9061 	3846
f 3862 	3851 	9061
f 9061 	3845 	3837
f 3837 	3836 	9061
f 3573 	9061 	3836
f 3857 	3856 	9061
f 3851 	3846 	9061
f 8925 	8924 	6508
f 3859 	9061 	3860
f 3857 	9061 	3859
f 3862 	9061 	3856
f 6508 	6513 	8925
f 3864 	3860 	9061
f 8933 	6513 	6512
f 9061 	8644 	3910
f 3864 	9061 	3910
f 8179 	8356 	8181
f 8355 	8181 	8356
f 6515 	8939 	8938
f 6192 	8181 	8355
f 8356 	8179 	8295
f 8941 	6514 	6519
f 8938 	8937 	6515
f 8292 	8282 	8357
f 5258 	8361 	8358
f 8945 	8944 	6518
f 6518 	6517 	8945
f 8358 	8361 	8362
f 8361 	5653 	5655
f 6528 	6526 	8966
f 8346 	8365 	8364
f 8966 	8951 	6528
f 8115 	8121 	8114
f 8127 	8114 	8121
f 8124 	8367 	8127
f 8366 	7576 	7563
f 8366 	8363 	7576
f 7563 	8745 	8366
f 8344 	8302 	8340
f 8369 	7582 	7579
f 8370 	8301 	8344
f 8371 	8299 	8370
f 8393 	8394 	8320
f 8336 	8298 	8371
f 8337 	8298 	8336
f 8338 	8334 	8337
f 8369 	7579 	8363
f 8332 	8333 	8341
f 8332 	8342 	8343
f 8341 	8342 	8332
f 8333 	8334 	8341
f 8365 	8346 	7582
f 7582 	8369 	8365
f 8329 	8330 	8377
f 8376 	8377 	8330
f 8378 	8374 	8328
f 8377 	8378 	8328
f 8327 	8328 	8374
f 8375 	8326 	8374
f 8372 	8326 	8375
f 8328 	8329 	8377
f 8373 	8617 	8372
f 8381 	8617 	8373
f 8327 	8374 	8326
f 8365 	8823 	8364
f 8382 	8615 	8381
f 8379 	8614 	8382
f 8380 	8614 	8379
f 8617 	8618 	8372
f 8389 	8323 	8385
f 8390 	8322 	8389
f 8392 	8397 	8388
f 8398 	8399 	8387
f 8384 	8397 	8392
f 8385 	8324 	8384
f 8388 	8398 	8387
f 8800 	8369 	8363
f 8391 	8322 	8390
f 8319 	8320 	8394
f 8394 	8395 	8319
f 8304 	8319 	8395
f 8339 	8303 	8395
f 8324 	8385 	8323
f 8418 	8415 	8417
f 8399 	8400 	8387
f 8397 	8384 	8325
f 8398 	8388 	8397
f 8386 	8387 	8400
f 8383 	8386 	8396
f 8417 	8415 	8396
f 8409 	8411 	8611
f 8409 	8612 	8408
f 8410 	8401 	8621
f 8622 	8623 	8407
f 8620 	8621 	8401
f 8402 	8619 	8401
f 41 	39 	8412
f 8610 	8611 	8411
f 8406 	8623 	8411
f 8408 	8612 	8380
f 8412 	42 	41
f 8403 	8420 	8413
f 8404 	8405 	8419
f 8421 	8619 	8413
f 8418 	8419 	8405
f 8415 	8418 	8405
f 8383 	8396 	8415
f 8400 	8396 	8386
f 8416 	2079 	2078
f 8421 	8413 	8420
f 8419 	8420 	8403
f 8403 	8404 	8419
f 8416 	2080 	2079
f 8528 	8529 	8325
f 8348 	8416 	2078
f 8422 	2081 	2080
f 8530 	8320 	8314
f 8319 	8314 	8320
f 8414 	2082 	8422
f 8530 	8321 	8320
f 8416 	8422 	2080
f 8323 	8533 	8324
f 8412 	8422 	8416
f 8534 	8528 	8325
f 8534 	8325 	8324
f 8326 	8618 	8535
f 8422 	39 	8414
f 8536 	8537 	8326
f 8412 	39 	8422
f 8416 	8423 	8412
f 8414 	2083 	2082
f 2081 	8422 	2082
f 8332 	8542 	8333
f 8333 	8543 	8334
f 8544 	8334 	8543
f 50 	2083 	8414
f 8544 	8317 	8334
f 8423 	8416 	8348
f 8545 	8546 	8336
f 8337 	8547 	8338
f 8548 	8549 	8339
f 8547 	8550 	8338
f 8551 	8552 	8343
f 8551 	8343 	8342
f 8552 	8553 	8343
f 8423 	42 	8412
f 8395 	8554 	8339
f 8423 	8354 	42
f 8371 	8370 	8557
f 8545 	8336 	8371
f 8545 	8371 	8557
f 63 	42 	8354
f 8341 	8551 	8342
f 8558 	8373 	8372
f 8560 	8375 	8374
f 8424 	2085 	2084
f 8375 	8561 	8372
f 2086 	8425 	2087
f 8343 	8553 	8376
f 2086 	2085 	8424
f 2086 	8424 	8425
f 8376 	8562 	8377
f 8425 	8655 	2087
f 8367 	8368 	8127
f 8125 	8428 	8124
f 8430 	8124 	8428
f 8430 	8367 	8124
f 2088 	8427 	2084
f 8424 	2084 	8427
f 8429 	8430 	8428
f 2088 	2089 	8427
f 8430 	8431 	8367
f 8426 	8424 	8427
f 8427 	8432 	8426
f 8367 	8431 	8433
f 8433 	8431 	8435
f 8433 	8368 	8367
f 8429 	8436 	8430
f 8525 	8427 	2089
f 8432 	8427 	8525
f 8430 	8440 	8431
f 8452 	8910 	8435
f 8440 	8441 	8443
f 8444 	8434 	8442
f 8438 	8440 	8443
f 8438 	8443 	8439
f 8445 	8440 	8438
f 8359 	8361 	5655
f 8438 	8446 	8445
f 8436 	8441 	8440
f 8430 	8436 	8440
f 8361 	5258 	5653
f 8453 	8460 	8360
f 8447 	8360 	8460
f 8449 	8359 	8448
f 8360 	8448 	8359
f 8360 	8447 	8448
f 8450 	8362 	8361
f 8450 	8361 	8359
f 8449 	8450 	8359
f 6188 	8181 	8451
f 8446 	8452 	8445
f 8451 	6187 	6188
f 7618 	8283 	8286
f 7618 	8286 	7620
f 6187 	8453 	6189
f 8454 	8193 	8455
f 8456 	8194 	8193
f 8456 	8193 	8454
f 8457 	8195 	8194
f 8457 	8194 	8456
f 8453 	8360 	6189
f 8458 	8196 	8195
f 8458 	8195 	8457
f 8459 	8460 	8453
f 8461 	8197 	8196
f 8461 	8196 	8458
f 8462 	8198 	8197
f 8462 	8197 	8461
f 8462 	8265 	8198
f 7595 	8198 	8265
f 6187 	8451 	8453
f 8463 	8455 	8213
f 8193 	8213 	8455
f 8465 	8466 	8200
f 8465 	8200 	8199
f 8459 	8453 	8467
f 8451 	8467 	8453
f 8451 	8464 	8467
f 8285 	8468 	8201
f 8285 	8201 	7619
f 8465 	8199 	8468
f 8201 	8468 	8199
f 8469 	8470 	8203
f 8469 	8203 	8202
f 8473 	8474 	755
f 8475 	755 	8474
f 8472 	8473 	755
f 8476 	755 	8475
f 8519 	755 	8476
f 8471 	8472 	755
f 8203 	8470 	8477
f 8759 	8247 	8477
f 8378 	8564 	8374
f 721 	701 	7920
f 8479 	7920 	8478
f 8481 	7877 	7913
f 7912 	7913 	7877
f 7878 	7912 	7877
f 703 	8487 	734
f 8565 	8566 	8380
f 8565 	8380 	8379
f 8483 	8485 	703
f 8485 	8486 	703
f 8482 	8483 	703
f 8487 	703 	8486
f 8484 	8482 	703
f 8566 	8567 	8380
f 776 	734 	8487
f 7921 	8484 	703
f 7920 	7921 	703
f 705 	724 	7920
f 703 	705 	7920
f 8955 	8954 	3166
f 3166 	8949 	8955
f 854 	858 	10070
f 858 	942 	10070
f 1049 	853 	942
f 854 	10070 	943
f 8956 	6528 	8951
f 3160 	3167 	8652
f 8020 	8495 	7924
f 8495 	8496 	8489
f 8498 	8503 	8490
f 8496 	8497 	8492
f 8492 	8489 	8496
f 8489 	8488 	8495
f 8488 	7924 	8495
f 9000 	8318 	8494
f 8382 	8569 	8379
f 8491 	8492 	8498
f 10070 	942 	853
f 8385 	8384 	8572
f 8386 	8383 	8570
f 8574 	8575 	8387
f 1055 	10070 	1065
f 943 	10070 	1055
f 8572 	8576 	8385
f 1070 	10070 	1071
f 8577 	8578 	8390
f 1088 	1072 	10070
f 1104 	1103 	10575
f 8575 	8579 	8388
f 8490 	8491 	8498
f 8497 	8498 	8492
f 8578 	8580 	8391
f 8393 	8391 	8580
f 8500 	8017 	8499
f 755 	747 	8017
f 8501 	8017 	8500
f 8022 	8017 	8501
f 8580 	8581 	8393
f 8502 	742 	8490
f 777 	8490 	742
f 8548 	8339 	8554
f 8503 	8502 	8490
f 8325 	8529 	8397
f 8507 	8017 	8506
f 8508 	8017 	8507
f 8506 	8017 	8505
f 8499 	8017 	8508
f 8504 	8017 	747
f 755 	8518 	748
f 748 	749 	755
f 8505 	8017 	8504
f 6776 	779 	8518
f 8396 	8588 	8417
f 10070 	1070 	1067
f 1065 	10070 	1067
f 8572 	8384 	8571
f 8386 	8570 	8573
f 8573 	8574 	8386
f 8387 	8386 	8574
f 8388 	8387 	8575
f 8389 	8385 	8576
f 8391 	8390 	8578
f 1071 	10070 	1072
f 8576 	8577 	8389
f 8390 	8389 	8577
f 8392 	8388 	8579
f 8579 	8571 	8392
f 8384 	8392 	8571
f 8394 	8393 	8581
f 1103 	1088 	10575
f 8581 	8582 	8394
f 10070 	10575 	1088
f 8397 	8583 	8398
f 8584 	8398 	8583
f 8398 	8584 	8399
f 8585 	8399 	8584
f 8585 	8400 	8399
f 1116 	1118 	10575
f 1120 	1117 	10575
f 8401 	8589 	8402
f 1106 	1104 	10575
f 8592 	8404 	8591
f 8403 	8591 	8404
f 8593 	8405 	8592
f 8406 	8594 	8407
f 8511 	6145 	8514
f 8509 	6144 	8512
f 8510 	6144 	8509
f 8512 	6145 	8511
f 8513 	8514 	6145
f 8408 	8596 	8409
f 8517 	755 	8516
f 8598 	8410 	8595
f 8407 	8595 	8410
f 748 	8518 	779
f 8410 	8598 	8401
f 8515 	755 	8520
f 8515 	8516 	755
f 8521 	755 	8517
f 8518 	755 	8521
f 8519 	8520 	755
f 8409 	8597 	8411
f 7103 	8522 	7102
f 8590 	8413 	8402
f 8601 	8570 	8415
f 8570 	8383 	8415
f 7108 	7106 	8523
f 7106 	9170 	8523
f 8524 	7110 	8522
f 7102 	8522 	7110
f 8522 	9169 	8523
f 8607 	8602 	8420
f 8590 	8402 	8589
f 8404 	8592 	8405
f 8432 	8442 	8434
f 8525 	2091 	2090
f 8597 	8409 	8596
f 2090 	2092 	8526
f 2090 	8526 	8525
f 2092 	2093 	8526
f 8411 	8599 	8406
f 8598 	8589 	8401
f 8413 	8600 	8403
f 8525 	2089 	2091
f 8601 	8415 	8593
f 8405 	8593 	8415
f 8396 	8587 	8588
f 8418 	8417 	8605
f 8604 	8605 	8417
f 8419 	8418 	8606
f 8605 	8606 	8418
f 8420 	8419 	8607
f 8606 	8607 	8419
f 8442 	8525 	8526
f 8421 	8420 	8602
f 8526 	8527 	8442
f 8583 	8397 	8529
f 8432 	8525 	8442
f 8321 	8530 	8531
f 8527 	10546 	8437
f 8531 	8532 	8322
f 8531 	8322 	8321
f 8322 	8532 	8323
f 8533 	8323 	8532
f 8534 	8324 	8533
f 8444 	8442 	8527
f 8327 	8326 	8537
f 1118 	1106 	10575
f 8537 	8538 	8327
f 8328 	8327 	8538
f 8538 	8539 	8328
f 8329 	8328 	8539
f 8330 	8329 	8540
f 8539 	8540 	8329
f 8540 	8541 	8331
f 8540 	8331 	8330
f 1117 	1116 	10575
f 8331 	8541 	8332
f 8542 	8332 	8541
f 6194 	1120 	10575
f 8543 	8333 	8542
f 1125 	1126 	853
f 8335 	8334 	8317
f 1860 	853 	1126
f 8337 	8336 	8546
f 8337 	8546 	8547
f 8340 	8339 	8549
f 8341 	8338 	8550
f 8562 	8376 	8553
f 8549 	8555 	8340
f 8344 	8340 	8555
f 1856 	853 	1851
f 1851 	853 	1852
f 8370 	8344 	8556
f 8555 	8556 	8344
f 8556 	8557 	8370
f 1858 	1857 	853
f 1857 	1852 	853
f 8341 	8550 	8551
f 8373 	8558 	8559
f 8560 	8561 	8375
f 8558 	8372 	8561
f 1858 	853 	1860
f 8562 	8563 	8377
f 1883 	1882 	853
f 8564 	8378 	8563
f 8377 	8563 	8378
f 1882 	1879 	853
f 8560 	8374 	8564
f 1881 	853 	1878
f 1879 	1878 	853
f 1881 	2354 	853
f 8408 	8380 	8567
f 8568 	8381 	8559
f 8373 	8559 	8381
f 8381 	8568 	8382
f 8569 	8382 	8568
f 1883 	853 	1049
f 8565 	8379 	8569
f 2354 	2353 	853
f 1125 	853 	2353
f 4170 	9140 	1856
f 8395 	8394 	8582
f 4172 	9140 	4177
f 8395 	8582 	8554
f 4178 	9140 	4170
f 4171 	9140 	4172
f 4176 	9140 	4171
f 4176 	4208 	9140
f 8400 	8585 	8586
f 4177 	9140 	4178
f 8586 	8587 	8396
f 8586 	8396 	8400
f 8595 	8407 	8594
f 853 	1856 	9140
f 8596 	8408 	8567
f 4208 	4209 	9140
f 8599 	8594 	8406
f 8411 	8597 	8599
f 8413 	8590 	8600
f 8591 	8403 	8600
f 8417 	8588 	8604
f 8586 	8585 	9896
f 8529 	9897 	8583
f 8528 	9897 	8529
f 8534 	9897 	8528
f 8533 	9897 	8534
f 8129 	9897 	8532
f 8532 	9897 	8533
f 8129 	8530 	8314
f 8530 	8129 	8531
f 8531 	8129 	8532
f 8538 	8537 	8624
f 8539 	8538 	8624
f 8536 	8624 	8537
f 8542 	8541 	8182
f 8539 	8624 	8540
f 8624 	8182 	8540
f 8541 	8540 	8182
f 8542 	8182 	8543
f 8543 	8182 	8544
f 8551 	8601 	8552
f 8550 	8601 	8551
f 8547 	8601 	8550
f 8546 	8601 	8547
f 8545 	8601 	8546
f 8557 	8601 	8545
f 8556 	8601 	8557
f 8555 	8601 	8556
f 8549 	8601 	8555
f 8548 	8601 	8549
f 8554 	8601 	8548
f 8553 	8552 	8601
f 8561 	8601 	8558
f 8560 	8601 	8561
f 8564 	8601 	8560
f 8563 	8601 	8564
f 8562 	8601 	8563
f 8553 	8601 	8562
f 8559 	8558 	8601
f 8567 	8566 	8601
f 8566 	8565 	8601
f 8565 	8569 	8601
f 8569 	8568 	8601
f 8559 	8601 	8568
f 8554 	8582 	8581
f 8554 	8581 	8580
f 8554 	8580 	8578
f 8554 	8578 	8577
f 8554 	8577 	8576
f 8554 	8576 	8572
f 8554 	8572 	8571
f 8554 	8571 	8579
f 8554 	8579 	8575
f 8554 	8575 	8574
f 8570 	8554 	8573
f 8601 	8554 	8570
f 8574 	8573 	8554
f 9898 	8584 	8583
f 9898 	9896 	8584
f 8585 	8584 	9896
f 8587 	8586 	9896
f 8598 	8601 	8589
f 8595 	8601 	8598
f 8594 	8601 	8595
f 8599 	8601 	8594
f 8597 	8601 	8599
f 8596 	8601 	8597
f 8567 	8601 	8596
f 8590 	8589 	8601
f 8592 	8590 	8593
f 8601 	8593 	8590
f 8590 	8592 	8591
f 8590 	8591 	8600
f 8605 	8604 	9896
f 8602 	8607 	9896
f 8588 	8587 	9896
f 8604 	8588 	9896
f 8606 	8605 	9896
f 8607 	8606 	9896
f 5606 	8609 	5605
f 8608 	5605 	8609
f 8608 	5607 	5605
f 8609 	8624 	8608
f 8624 	8625 	8608
f 8171 	8609 	5608
f 8609 	5606 	5863
f 8612 	8409 	8611
f 8613 	8380 	8612
f 8614 	8380 	8613
f 8615 	8382 	8614
f 8616 	8381 	8615
f 8326 	8372 	8618
f 8617 	8381 	8616
f 8402 	8413 	8619
f 8620 	8401 	8619
f 8407 	8410 	8621
f 8621 	8622 	8407
f 8406 	8407 	8623
f 8610 	8411 	8623
f 8616 	8625 	8617
f 8627 	8618 	8617
f 8627 	8617 	8625
f 8627 	8535 	8618
f 8633 	8632 	8611
f 8612 	8611 	8632
f 8634 	8613 	8612
f 8634 	8612 	8632
f 8634 	8629 	8613
f 8636 	8635 	8620
f 8637 	8630 	8622
f 8638 	8636 	8619
f 8620 	8619 	8636
f 8610 	8633 	8611
f 8622 	8621 	8637
f 8421 	8603 	8619
f 8602 	8603 	8421
f 8609 	8171 	8624
f 8616 	8626 	8625
f 8536 	8326 	8535
f 8628 	8626 	8615
f 8616 	8615 	8626
f 8615 	8614 	8628
f 8629 	8628 	8614
f 8610 	8623 	8631
f 8630 	8631 	8623
f 8614 	8613 	8629
f 8621 	8620 	8635
f 8623 	8622 	8630
f 8610 	8631 	8633
f 8621 	8635 	8637
f 8638 	8619 	8603
f 8632 	8633 	8642
f 8626 	8608 	8625
f 8536 	8535 	8624
f 8625 	8624 	8627
f 8627 	8624 	8535
f 8628 	8608 	8626
f 8634 	8608 	8629
f 8629 	8608 	8628
f 8630 	8637 	8642
f 8637 	8635 	8642
f 8633 	8631 	8642
f 6021 	6010 	9896
f 8638 	9896 	8636
f 8638 	8603 	9896
f 8635 	8636 	8642
f 8631 	8630 	8642
f 8603 	8602 	9896
f 8173 	8639 	8080
f 5874 	8641 	5868
f 8173 	5868 	8639
f 5996 	8640 	5872
f 5996 	6007 	8640
f 8643 	6012 	5997
f 8640 	6003 	8641
f 6002 	8639 	8641
f 5997 	11093 	8643
f 5873 	8640 	5874
f 8641 	5874 	8640
f 8639 	5868 	8641
f 5875 	5607 	8642
f 8608 	8642 	5607
f 8634 	8632 	8642
f 8608 	8634 	8642
f 8642 	8643 	5877
f 5876 	5877 	8643
f 11092 	5876 	8643
f 11093 	11092 	8643
f 8642 	5877 	5875
f 6009 	5997 	6012
f 6012 	8643 	8642
f 6010 	6012 	9896
f 3177 	5898 	4367
f 3570 	6612 	8644
f 6903 	8644 	6926
f 8644 	9306 	9301
f 6906 	8644 	6903
f 8644 	9290 	9291
f 6612 	6611 	9289
f 8494 	8153 	8493
f 8646 	8493 	8153
f 8345 	8349 	8153
f 6084 	6085 	8493
f 8645 	8153 	8349
f 8654 	8653 	8349
f 8645 	8651 	8647
f 8648 	8645 	8647
f 8649 	8645 	8648
f 8650 	8645 	8649
f 8647 	3162 	8648
f 8650 	8652 	8645
f 8649 	8648 	3161
f 6773 	9052 	6085
f 8494 	8493 	6085
f 6087 	8646 	8645
f 6087 	8645 	6086
f 3161 	3160 	8649
f 8645 	8349 	8653
f 8652 	8953 	8645
f 8437 	8444 	8527
f 8651 	8645 	8653
f 8653 	3163 	8651
f 3162 	8651 	3163
f 8654 	3164 	8653
f 8654 	8349 	8656
f 8657 	2096 	2095
f 8656 	3164 	8654
f 2095 	2094 	8655
f 2095 	8655 	8657
f 8736 	3164 	8656
f 7555 	1959 	8657
f 8665 	8664 	6885
f 8655 	8659 	8657
f 8655 	8658 	8659
f 3168 	8736 	8663
f 8668 	8665 	3170
f 8657 	8660 	7555
f 8657 	8659 	8660
f 8658 	8661 	8659
f 6506 	6499 	8794
f 8660 	8659 	8715
f 8660 	8715 	8717
f 8799 	8788 	6500
f 5233 	9140 	5229
f 5229 	9140 	5230
f 5230 	9140 	4209
f 5250 	9140 	5232
f 5233 	5232 	9140
f 5251 	9140 	5250
f 6505 	6506 	8811
f 5264 	9140 	5251
f 5268 	9140 	5264
f 8349 	8662 	8663
f 8736 	8349 	8663
f 5269 	8358 	9140
f 8665 	8349 	8664
f 8668 	8349 	8665
f 8349 	8351 	8667
f 8932 	8933 	8351
f 8666 	8667 	8351
f 8664 	8349 	8667
f 6885 	8664 	8667
f 8669 	8205 	8466
f 8200 	8466 	8205
f 8670 	8206 	8669
f 8205 	8669 	8206
f 8469 	8202 	8670
f 8206 	8670 	8202
f 8671 	8463 	8212
f 8213 	8212 	8463
f 8672 	8671 	8210
f 8212 	8210 	8671
f 8675 	8209 	8207
f 8675 	8207 	8673
f 8675 	8672 	8209
f 8210 	8209 	8672
f 8677 	8219 	8676
f 8218 	8676 	8219
f 8677 	8678 	8220
f 8677 	8220 	8219
f 8730 	8241 	8679
f 7585 	8680 	8214
f 7578 	7585 	8214
f 8680 	8681 	8215
f 8680 	8215 	8214
f 8681 	8682 	8216
f 8681 	8216 	8215
f 8682 	8683 	8217
f 8682 	8217 	8216
f 8683 	8676 	8218
f 8683 	8218 	8217
f 8224 	8223 	8688
f 8688 	8689 	8224
f 8291 	8280 	7616
f 8228 	8692 	8229
f 8720 	8230 	8229
f 8237 	8236 	8728
f 8728 	8729 	8237
f 8220 	8679 	8241
f 8678 	8679 	8220
f 6200 	6194 	10575
f 8730 	8242 	8241
f 8239 	8733 	8240
f 6211 	6200 	10575
f 6213 	6211 	10575
f 8686 	8687 	8222
f 8685 	8686 	8221
f 8222 	8221 	8686
f 8223 	8687 	8688
f 8225 	8224 	8689
f 8689 	8690 	8225
f 8291 	7616 	8226
f 6698 	6214 	10575
f 8230 	8721 	8231
f 8231 	8722 	8232
f 8724 	8725 	8233
f 8236 	8235 	8727
f 6695 	6697 	10575
f 8234 	8684 	8221
f 6214 	6213 	10575
f 8724 	8233 	8238
f 8223 	8222 	8687
f 6697 	6698 	10575
f 8226 	8225 	8690
f 6713 	6696 	10575
f 8226 	8690 	8291
f 8252 	8691 	8228
f 8446 	8693 	8452
f 8445 	8431 	8440
f 8435 	8431 	8445
f 8452 	8435 	8445
f 8452 	8693 	8911
f 8911 	8910 	8452
f 8696 	8697 	8695
f 8694 	8695 	8697
f 8695 	8698 	8696
f 8695 	8699 	8698
f 8699 	8700 	8698
f 8696 	8701 	8697
f 8694 	8702 	8695
f 8698 	8703 	8696
f 8704 	8703 	8705
f 8705 	8703 	8706
f 8703 	8698 	8706
f 8700 	8706 	8698
f 8705 	8707 	8704
f 8706 	8700 	8708
f 8706 	8709 	8705
f 8708 	8709 	8706
f 8709 	8740 	8705
f 8708 	8710 	8709
f 8718 	8711 	8703
f 8740 	8707 	8705
f 8740 	8742 	8707
f 8696 	8711 	8701
f 8696 	8703 	8711
f 8712 	8713 	8714
f 8660 	7559 	7555
f 8704 	8712 	8714
f 8716 	8704 	8714
f 8661 	8715 	8659
f 8716 	8719 	8704
f 8704 	8707 	8712
f 8713 	8712 	8866
f 8865 	8866 	8712
f 8717 	7559 	8660
f 8717 	7563 	7559
f 8704 	8719 	8703
f 8718 	8703 	8719
f 8720 	8229 	8692
f 8230 	8720 	8721
f 8722 	8231 	8721
f 8722 	8723 	8232
f 8234 	8233 	8725
f 8232 	8723 	8726
f 8232 	8726 	8235
f 8235 	8726 	8727
f 8236 	8727 	8728
f 8725 	8684 	8234
f 8685 	8221 	8684
f 8238 	8237 	8729
f 8238 	8729 	8724
f 8242 	8730 	8731
f 8242 	8731 	8239
f 8732 	8239 	8731
f 8732 	8733 	8239
f 8240 	8733 	8734
f 8755 	8756 	8244
f 8755 	8244 	8243
f 8757 	8758 	8246
f 8757 	8246 	8245
f 8203 	8477 	8247
f 8715 	8661 	8749
f 8248 	8247 	8759
f 8246 	8758 	8249
f 8751 	8717 	8715
f 8250 	8762 	8245
f 8249 	8761 	8243
f 8756 	8252 	8244
f 8692 	8228 	8691
f 2094 	2087 	8655
f 8767 	8253 	8256
f 8768 	8674 	8254
f 8254 	8674 	8207
f 8735 	8425 	8424
f 8662 	8349 	8668
f 3169 	8662 	3170
f 8424 	8426 	8735
f 8656 	8349 	8736
f 8666 	8351 	8737
f 8425 	8735 	8658
f 6885 	3170 	8665
f 8735 	8426 	8739
f 8655 	8425 	8658
f 8738 	8658 	8735
f 8738 	8735 	8739
f 8768 	8254 	8253
f 8768 	8253 	8767
f 8738 	8661 	8658
f 8772 	8263 	8262
f 8772 	8262 	8771
f 8707 	8741 	8712
f 8742 	8741 	8707
f 8738 	8739 	8765
f 8743 	8744 	8741
f 8739 	8763 	8765
f 7563 	8717 	8745
f 8742 	8743 	8741
f 8742 	8747 	8743
f 8746 	8661 	8738
f 8742 	8748 	8747
f 8746 	8749 	8661
f 8709 	8750 	8740
f 8709 	8710 	8750
f 8742 	8740 	8748
f 8749 	8751 	8715
f 8750 	8748 	8740
f 8915 	8747 	8748
f 8752 	8751 	8749
f 8751 	8745 	8717
f 8746 	8753 	8749
f 8753 	8752 	8749
f 8754 	8745 	8751
f 8859 	8743 	8747
f 8741 	8865 	8712
f 8754 	8751 	8752
f 8741 	8744 	8865
f 8753 	8780 	8752
f 8750 	8916 	8748
f 8753 	8781 	8780
f 8262 	8261 	8771
f 8240 	8734 	8257
f 8258 	8257 	8778
f 8777 	8778 	8257
f 8259 	8258 	8779
f 8778 	8779 	8258
f 8779 	8775 	8259
f 8813 	8752 	8780
f 8248 	8759 	8760
f 8761 	8249 	8758
f 8757 	8245 	8762
f 8755 	8243 	8761
f 8762 	8250 	8760
f 8248 	8760 	8250
f 8764 	8252 	8756
f 8252 	8764 	8691
f 8256 	8766 	8767
f 8673 	8207 	8674
f 8769 	8766 	8255
f 8256 	8255 	8766
f 8263 	8770 	8255
f 8769 	8255 	8770
f 8746 	8738 	8765
f 8261 	8773 	8771
f 8263 	8772 	8770
f 8260 	8775 	8773
f 8260 	8773 	8261
f 8776 	8765 	8763
f 8777 	8257 	8734
f 8776 	8783 	8765
f 8774 	8776 	8763
f 8260 	8259 	8775
f 2591 	8675 	2593
f 8673 	2593 	8675
f 7590 	8454 	2591
f 8783 	8746 	8765
f 8732 	8731 	2735
f 8731 	8730 	2735
f 8265 	7590 	8264
f 8264 	7588 	8266
f 8267 	8266 	7588
f 8267 	7588 	8268
f 8269 	7588 	8270
f 8273 	7356 	8274
f 8271 	7356 	8272
f 8272 	7356 	8273
f 8276 	8275 	7356
f 8274 	7356 	8275
f 8774 	8782 	8776
f 8285 	8284 	8290
f 8285 	8290 	8289
f 8285 	8289 	8288
f 8285 	8288 	8287
f 8285 	8287 	8286
f 8285 	8286 	8283
f 8285 	8283 	8279
f 8285 	8279 	8278
f 8285 	8278 	8277
f 8285 	8277 	8297
f 8285 	8297 	8296
f 8285 	8296 	8293
f 8285 	8293 	8281
f 8285 	8281 	8280
f 8291 	8690 	8285
f 8280 	8291 	8285
f 8455 	2591 	8454
f 8454 	7590 	8456
f 7588 	8264 	7590
f 8456 	7590 	8457
f 8457 	7590 	8458
f 8458 	7590 	8461
f 8783 	8753 	8746
f 8461 	7590 	8462
f 8462 	7590 	8265
f 8463 	2591 	8455
f 8671 	2591 	8463
f 8784 	8783 	8776
f 8477 	8470 	8469
f 8477 	8469 	8670
f 8477 	8670 	8669
f 8477 	8669 	8466
f 8477 	8466 	8465
f 8477 	8465 	8468
f 8672 	2591 	8671
f 8675 	2591 	8672
f 8674 	2593 	8673
f 8782 	8784 	8776
f 8782 	8785 	8784
f 8783 	8781 	8753
f 6500 	6498 	8789
f 8783 	8784 	8781
f 8799 	6500 	8789
f 8785 	8786 	8784
f 6503 	8819 	8818
f 8784 	8786 	8781
f 8781 	8787 	8780
f 8786 	8787 	8781
f 6503 	8808 	8819
f 6497 	8792 	8791
f 8812 	8814 	6506
f 8795 	8797 	6499
f 8788 	8795 	6499
f 8793 	8794 	8789
f 8791 	8812 	8790
f 8789 	8790 	8812
f 8792 	8812 	8791
f 8788 	8789 	8794
f 8788 	8794 	8795
f 8796 	8363 	8366
f 8793 	8812 	6506
f 8794 	8793 	6506
f 8795 	8794 	8797
f 8796 	8366 	8798
f 8788 	8799 	8789
f 8754 	8798 	8745
f 8366 	8745 	8798
f 8802 	8807 	8939
f 8803 	8804 	8805
f 6501 	8805 	8804
f 8798 	8801 	8796
f 8798 	8806 	8801
f 8792 	6497 	8802
f 8803 	8939 	8807
f 8807 	6502 	8803
f 6497 	6502 	8802
f 8804 	8803 	6501
f 8796 	8800 	8363
f 8810 	8792 	8809
f 8811 	8792 	8810
f 8812 	8792 	8814
f 8793 	8789 	8812
f 8808 	8809 	8792
f 8813 	8754 	8752
f 8806 	8798 	8754
f 8811 	8814 	8792
f 8813 	8806 	8754
f 8796 	8815 	8800
f 8817 	8792 	8816
f 8819 	8792 	8818
f 8817 	8818 	8792
f 8808 	8792 	8819
f 8802 	8939 	8792
f 8801 	8815 	8796
f 8817 	8816 	6504
f 8813 	9095 	8806
f 8678 	8677 	2735
f 8677 	8676 	2735
f 8676 	8683 	2735
f 8683 	8682 	2735
f 7356 	2735 	8682
f 8682 	8681 	7356
f 7585 	7356 	8680
f 8680 	7356 	8681
f 9097 	8801 	8806
f 8689 	8285 	8690
f 8688 	8285 	8689
f 8687 	8285 	8688
f 8686 	8285 	8687
f 8685 	8285 	8686
f 8725 	8285 	8684
f 8684 	8285 	8685
f 8468 	8285 	8728
f 8725 	8724 	8285
f 8729 	8285 	8724
f 8728 	8285 	8729
f 8726 	8468 	8727
f 8723 	8468 	8726
f 8722 	8468 	8723
f 8721 	8468 	8722
f 8720 	8468 	8721
f 8692 	8468 	8720
f 8691 	8468 	8692
f 8679 	8678 	2735
f 8730 	8679 	2735
f 8733 	2735 	8734
f 8764 	8468 	8691
f 8728 	8727 	8468
f 8468 	8764 	8756
f 8468 	8756 	8755
f 8468 	8755 	8761
f 8468 	8761 	8758
f 8468 	8758 	8757
f 8468 	8757 	8762
f 8468 	8762 	8760
f 8468 	8760 	8759
f 8468 	8759 	8477
f 8766 	2593 	8767
f 8768 	2593 	8674
f 8766 	8769 	2593
f 8768 	8767 	2593
f 8822 	8354 	8353
f 8772 	8771 	2593
f 8770 	8772 	2593
f 2735 	2593 	8771
f 8773 	2735 	8771
f 8769 	8770 	2593
f 8773 	8775 	2735
f 8779 	2735 	8775
f 8353 	8364 	8822
f 8734 	2735 	8777
f 8733 	8732 	2735
f 8777 	2735 	8778
f 8778 	2735 	8779
f 8824 	8365 	8369
f 6184 	12319 	6224
f 8800 	8824 	8369
f 7356 	7355 	12318
f 7352 	12317 	7355
f 2735 	7356 	3366
f 7017 	1931 	10063
f 10065 	10063 	1931
f 8826 	8825 	1110
f 8826 	1110 	1109
f 1107 	1110 	8825
f 1113 	1112 	8827
f 1113 	8827 	8828
f 1112 	1115 	8827
f 1113 	8828 	1114
f 1122 	1119 	8829
f 1119 	1121 	8829
f 8829 	1121 	8825
f 8825 	1121 	1107
f 8829 	8830 	1122
f 1122 	8830 	1123
f 8827 	1115 	8830
f 8831 	8833 	8832
f 8833 	8834 	8832
f 8830 	8835 	8836
f 8834 	8835 	8829
f 8830 	8829 	8835
f 8832 	8834 	8825
f 8829 	8825 	8834
f 8825 	8826 	8832
f 8835 	8837 	8838
f 8834 	8837 	8835
f 8833 	8837 	8834
f 8835 	8838 	8836
f 8830 	8836 	8827
f 1123 	8830 	1115
f 8838 	8839 	9239
f 8841 	8842 	8840
f 8839 	8841 	8840
f 8841 	8843 	8842
f 8839 	8837 	8841
f 8839 	8838 	8837
f 8841 	8833 	8843
f 8833 	8831 	8843
f 8833 	8841 	8837
f 8843 	9649 	8842
f 8845 	8828 	8846
f 8845 	8847 	8828
f 8846 	8827 	8836
f 8828 	8827 	8846
f 8847 	1130 	8828
f 1114 	8828 	1130
f 8847 	1131 	1130
f 8849 	8847 	8844
f 8850 	1138 	8849
f 1131 	8847 	1136
f 8849 	1136 	8847
f 1135 	1136 	8849
f 8844 	8847 	8845
f 8848 	8849 	8844
f 8849 	8848 	8850
f 1137 	8850 	1944
f 1135 	8849 	1138
f 1137 	1138 	8850
f 8852 	8854 	8853
f 8836 	8838 	8853
f 8851 	8844 	8855
f 8844 	8845 	8855
f 8855 	8845 	8854
f 8853 	8854 	8846
f 8846 	8836 	8853
f 8845 	8846 	8854
f 8855 	8856 	8857
f 8857 	8851 	8855
f 8856 	8854 	8852
f 8855 	8854 	8856
f 63 	8354 	8822
f 8743 	8858 	8744
f 8743 	8859 	8858
f 8824 	8823 	8365
f 8859 	8860 	8858
f 8821 	8822 	8364
f 8858 	8860 	8861
f 8860 	8864 	8861
f 8823 	8821 	8364
f 8862 	8863 	8824
f 8860 	9325 	8864
f 8863 	8823 	8824
f 8822 	65 	63
f 8822 	8821 	65
f 8862 	8824 	8800
f 8865 	8867 	8866
f 8868 	8869 	8870
f 8870 	8865 	8868
f 8865 	8870 	8867
f 8868 	8865 	8744
f 8869 	8868 	8872
f 8871 	8872 	8868
f 8873 	8871 	8868
f 8744 	8873 	8868
f 8871 	8874 	8872
f 8875 	8876 	8877
f 8875 	8878 	8876
f 8874 	8871 	8877
f 8875 	8877 	8871
f 8880 	8879 	8878
f 8880 	8878 	8875
f 8873 	8744 	8858
f 8875 	8881 	8880
f 8873 	8858 	8861
f 8875 	8871 	8881
f 8871 	8873 	8881
f 8882 	8881 	8861
f 8861 	8864 	8882
f 8881 	8882 	8880
f 8883 	8879 	8880
f 8880 	10302 	8883
f 8873 	8861 	8881
f 8884 	8115 	8114
f 8886 	8887 	8118
f 8887 	8886 	8702
f 8695 	8702 	8886
f 8884 	8886 	8115
f 8699 	8695 	8886
f 8884 	8699 	8886
f 8884 	8888 	8699
f 8888 	8884 	8889
f 8114 	8889 	8884
f 8889 	8114 	8885
f 8890 	8889 	8885
f 8699 	8888 	8700
f 8888 	8889 	8891
f 8890 	8891 	8889
f 8897 	8700 	8888
f 8888 	8891 	8897
f 8885 	8114 	8127
f 8885 	8892 	8890
f 8127 	8368 	8885
f 8433 	8893 	8368
f 8368 	8892 	8885
f 8893 	8892 	8368
f 8893 	8895 	8892
f 8894 	8895 	8893
f 8892 	8896 	8890
f 8892 	8895 	8896
f 8912 	6638 	8894
f 6637 	8895 	8894
f 6638 	6637 	8894
f 8898 	8899 	8891
f 8898 	8900 	8899
f 8897 	8891 	8899
f 8898 	8890 	8896
f 8898 	8891 	8890
f 8897 	8708 	8700
f 8901 	8708 	8897
f 8897 	8899 	8901
f 8901 	8710 	8708
f 8902 	8901 	8899
f 8900 	8902 	8899
f 8900 	8903 	8902
f 8901 	8917 	8710
f 8906 	8904 	8900
f 8901 	8902 	8917
f 6668 	8904 	6642
f 8905 	8896 	8895
f 8905 	8906 	8896
f 8906 	8898 	8896
f 8906 	8900 	8898
f 8895 	6637 	8905
f 6637 	6640 	8905
f 8905 	6642 	8906
f 8905 	6640 	6642
f 8906 	6642 	8904
f 8904 	8903 	8900
f 8909 	8433 	8435
f 8893 	8433 	8909
f 8910 	8909 	8435
f 8907 	8911 	8693
f 8912 	8909 	8910
f 8909 	8912 	8894
f 8893 	8909 	8894
f 10801 	10809 	8907
f 8913 	8914 	8911
f 8913 	6645 	8914
f 8911 	8914 	8910
f 8913 	8911 	8907
f 8907 	8908 	8913
f 8910 	8914 	8912
f 10810 	6647 	8908
f 6644 	6647 	10810
f 8908 	6648 	8913
f 6648 	6645 	8913
f 8914 	6646 	8912
f 6646 	6638 	8912
f 8916 	8915 	8748
f 8918 	8750 	8710
f 8710 	8917 	8918
f 8917 	8919 	8918
f 8916 	8750 	8918
f 8919 	8920 	8918
f 8918 	8920 	8916
f 8917 	8902 	8921
f 8902 	8903 	8921
f 8921 	8919 	8917
f 8916 	8922 	8915
f 8922 	8916 	8920
f 9315 	8922 	8920
f 8921 	9312 	8919
f 9316 	8920 	8919
f 6512 	6886 	8737
f 6512 	8934 	8933
f 6512 	8737 	8934
f 8923 	8351 	8929
f 8924 	8351 	8923
f 8924 	8925 	8351
f 8948 	8927 	8351
f 6508 	8924 	8923
f 8925 	8931 	8351
f 8927 	8948 	8926
f 8930 	8926 	8948
f 8930 	8948 	8928
f 6509 	8928 	8948
f 8926 	8928 	8927
f 6509 	6510 	8928
f 8929 	8351 	8927
f 8929 	6510 	8923
f 8926 	8930 	8928
f 8932 	8351 	8931
f 8933 	8934 	8351
f 6513 	8932 	8931
f 8932 	6513 	8933
f 8934 	8737 	8351
f 8937 	8938 	8803
f 8939 	8803 	8938
f 8936 	8937 	8803
f 8940 	8792 	8939
f 8941 	8792 	8940
f 8942 	8792 	8941
f 8946 	8792 	8942
f 8816 	8792 	8943
f 8935 	8936 	8803
f 8805 	8944 	8803
f 8945 	8935 	8944
f 8803 	8944 	8935
f 8942 	8941 	6519
f 6516 	6515 	8937
f 8816 	8943 	6504
f 8943 	8792 	8946
f 8946 	8942 	6519
f 8946 	6519 	8943
f 6516 	8937 	8936
f 6521 	8947 	8962
f 6523 	6509 	8948
f 8948 	8351 	6523
f 8949 	8950 	9003
f 8956 	9358 	8950
f 8949 	9003 	8955
f 9006 	8955 	9003
f 8952 	8954 	9004
f 8949 	3166 	8950
f 9007 	9004 	8954
f 9006 	9007 	8954
f 3167 	8952 	8953
f 8955 	9006 	8954
f 8951 	9357 	8956
f 9003 	8950 	9358
f 8950 	6528 	8956
f 8953 	8652 	3167
f 8952 	3167 	8954
f 8965 	9347 	8964
f 8961 	9347 	8958
f 9350 	8964 	9347
f 9347 	8962 	8947
f 8962 	9347 	8961
f 6522 	6521 	8961
f 8962 	8961 	6521
f 8958 	6527 	6522
f 8961 	8958 	6522
f 8964 	9356 	8963
f 8958 	9347 	8957
f 8966 	9355 	8951
f 6526 	6525 	8965
f 8965 	8964 	6526
f 8963 	9355 	8966
f 8960 	8959 	8968
f 8967 	8968 	8959
f 9041 	9040 	8971
f 8971 	8969 	9041
f 8974 	9053 	8976
f 8979 	9058 	8978
f 11667 	9053 	8980
f 9365 	3172 	9366
f 8983 	9365 	8982
f 9365 	9364 	8982
f 6941 	6939 	8985
f 8984 	6941 	8985
f 9377 	9389 	8987
f 8989 	9367 	8988
f 9370 	8990 	8991
f 9370 	9367 	8990
f 9382 	9381 	8985
f 8985 	9389 	9382
f 9387 	9374 	8997
f 8986 	8987 	9389
f 8984 	9381 	8998
f 9385 	9386 	8998
f 8999 	8998 	9386
f 9001 	9000 	6777
f 6623 	9002 	6087
f 9004 	9005 	8952
f 8953 	8952 	9005
f 8645 	8953 	9005
f 9011 	9012 	9009
f 9010 	9011 	9009
f 9002 	9009 	9012
f 9012 	9015 	9002
f 9008 	8493 	9002
f 8646 	9002 	8493
f 9004 	6620 	9005
f 8646 	6087 	9002
f 9002 	6623 	9009
f 8645 	9005 	6086
f 9013 	6775 	6774
f 9013 	6774 	9008
f 6774 	6084 	9008
f 9011 	9010 	9014
f 3171 	9011 	9014
f 9015 	9016 	9002
f 9016 	9017 	9002
f 9015 	11657 	9016
f 9016 	11655 	9017
f 9014 	9010 	9018
f 3172 	3171 	9018
f 9014 	9018 	3171
f 6619 	9005 	6620
f 6622 	6621 	9006
f 6622 	9006 	6618
f 9003 	6618 	9006
f 9004 	9007 	6620
f 6621 	6620 	9007
f 6619 	6086 	9005
f 6143 	9359 	6624
f 9010 	6624 	9359
f 8493 	9008 	6084
f 556 	557 	9019
f 9021 	9039 	9024
f 9024 	9041 	9023
f 558 	559 	9020
f 559 	560 	9020
f 9028 	9039 	9027
f 9029 	9039 	9028
f 9030 	9056 	9029
f 9031 	9056 	9030
f 9027 	9039 	9021
f 9026 	560 	9033
f 9035 	9033 	9000
f 9036 	9035 	9000
f 9020 	6145 	9019
f 6146 	6617 	9021
f 9040 	9024 	9039
f 9032 	9022 	9037
f 9038 	9059 	9034
f 9034 	9056 	9031
f 9045 	9059 	9038
f 9000 	9044 	9036
f 6772 	6771 	9038
f 9032 	9037 	8988
f 8969 	8988 	9037
f 9039 	9029 	9047
f 9041 	9024 	9040
f 9000 	9043 	9044
f 9046 	9055 	9045
f 9042 	9043 	9000
f 6771 	9046 	9045
f 8970 	8971 	9040
f 9037 	9023 	9041
f 8969 	9037 	9041
f 9040 	9039 	8970
f 8972 	8970 	9039
f 9056 	9034 	9059
f 9008 	9053 	9013
f 9013 	9053 	9049
f 9049 	9054 	9048
f 9000 	9050 	9042
f 9048 	9054 	9046
f 9000 	8494 	9050
f 9051 	9050 	8494
f 9052 	9051 	8494
f 8973 	8972 	9047
f 9039 	9047 	8972
f 9053 	9008 	9058
f 9055 	9046 	9054
f 9054 	9049 	9053
f 8974 	8975 	9054
f 9055 	9054 	8975
f 9059 	9045 	9055
f 9059 	9055 	8981
f 8975 	8981 	9055
f 11667 	8976 	9053
f 9054 	9053 	8974
f 9047 	9029 	9056
f 9047 	9056 	8973
f 8977 	8973 	9056
f 9058 	9008 	9057
f 9017 	9057 	9002
f 9057 	8978 	9058
f 9053 	9058 	8979
f 8979 	8980 	9053
f 9008 	9002 	9057
f 9017 	11673 	9057
f 9056 	9059 	8977
f 8981 	8977 	9059
f 6144 	9019 	6145
f 9022 	9406 	6149
f 6147 	9024 	6148
f 9022 	6149 	9023
f 6148 	9023 	6149
f 6146 	9021 	9024
f 6150 	9020 	9025
f 6150 	9025 	6614
f 6758 	9031 	9030
f 3912 	3911 	8644
f 3911 	3910 	8644
f 3940 	3912 	8644
f 4090 	8644 	4166
f 3943 	3940 	8644
f 4166 	8644 	4167
f 7361 	7360 	8644
f 7398 	8644 	7397
f 7397 	8644 	7395
f 7395 	8644 	8052
f 8644 	8099 	8051
f 8051 	8052 	8644
f 8100 	8099 	8644
f 8644 	8140 	8100
f 8154 	8140 	8644
f 8155 	8644 	8185
f 5899 	5898 	9060
f 3177 	9060 	5898
f 9061 	9060 	3177
f 3177 	3570 	9061
f 8644 	9061 	3570
f 9061 	9457 	9060
f 4090 	3945 	8644
f 9457 	7017 	9060
f 9064 	9079 	9063
f 9068 	9079 	9067
f 9065 	9078 	9068
f 9066 	9078 	9065
f 9691 	9690 	9066
f 9062 	9073 	9072
f 9063 	9073 	9062
f 9073 	9074 	9072
f 9071 	9072 	9074
f 9067 	9079 	9064
f 9070 	9071 	9074
f 9074 	9075 	9070
f 9086 	9085 	9077
f 9087 	9086 	9077
f 9076 	9077 	9085
f 9079 	9068 	9078
f 9073 	9063 	9079
f 9077 	9078 	9087
f 9069 	9087 	9078
f 9069 	9078 	9066
f 9082 	9091 	9083
f 9081 	9091 	9082
f 9091 	9092 	9083
f 9085 	9088 	9084
f 9080 	9088 	9081
f 9724 	9723 	9080
f 9084 	9076 	9085
f 9089 	9081 	9088
f 9090 	9081 	9089
f 9075 	9083 	9093
f 9070 	9075 	9093
f 9093 	9083 	9092
f 9091 	9081 	9090
f 9084 	9088 	9080
f 9062 	9683 	9063
f 9069 	9066 	9690
f 9079 	9706 	9073
f 9073 	9705 	9704
f 9077 	9712 	9078
f 9708 	9079 	9078
f 9727 	9726 	9082
f 9684 	9062 	9699
f 9069 	9689 	9087
f 9069 	9690 	9689
f 9693 	9065 	9685
f 9068 	9685 	9065
f 9705 	9073 	9706
f 8862 	8800 	8815
f 8823 	8820 	8821
f 8863 	8820 	8823
f 8801 	9094 	8815
f 8780 	9096 	8813
f 9096 	9095 	8813
f 9096 	8780 	8787
f 9095 	9097 	8806
f 9097 	9094 	8801
f 9096 	9099 	9095
f 9097 	9101 	9094
f 9098 	9096 	8787
f 9098 	9099 	9096
f 9100 	9101 	9097
f 9097 	9095 	9100
f 9095 	9099 	9100
f 9498 	9100 	9099
f 9109 	9094 	9101
f 8821 	8820 	9102
f 9102 	65 	8821
f 69 	65 	9102
f 9103 	8863 	8862
f 9104 	8862 	8815
f 9094 	9104 	8815
f 9104 	9103 	8862
f 9105 	8820 	8863
f 9105 	9110 	8820
f 9103 	9105 	8863
f 9106 	9105 	9103
f 9102 	9108 	69
f 9094 	9109 	9104
f 9505 	9508 	9108
f 9508 	73 	9108
f 9110 	9102 	8820
f 9110 	9108 	9102
f 73 	69 	9108
f 9107 	9103 	9104
f 9109 	9107 	9104
f 9107 	9106 	9103
f 9506 	9110 	9105
f 9106 	9506 	9105
f 9108 	9110 	9505
f 9111 	8426 	8432
f 8432 	8434 	9111
f 9113 	9111 	8434
f 8763 	8739 	9111
f 8739 	8426 	9111
f 9112 	9113 	9114
f 9114 	9115 	9112
f 9117 	9112 	9115
f 9116 	9117 	9115
f 9112 	9117 	9118
f 9119 	9118 	9117
f 8763 	9111 	9113
f 8434 	9114 	9113
f 8434 	8444 	9114
f 9113 	8774 	8763
f 9113 	9112 	8774
f 9119 	9120 	9118
f 8786 	8785 	9494
f 8774 	9112 	9118
f 9118 	8782 	8774
f 8782 	9118 	9120
f 9120 	8785 	8782
f 9121 	8785 	9120
f 9121 	9494 	8785
f 9122 	9117 	9116
f 9122 	9119 	9117
f 9123 	9119 	9122
f 9122 	9124 	9123
f 9125 	9120 	9119
f 9121 	9120 	9125
f 9123 	9125 	9119
f 9123 	9500 	9125
f 9502 	9121 	9125
f 9500 	9502 	9125
f 9115 	9126 	9116
f 9126 	9129 	9128
f 9126 	9128 	9127
f 9130 	9126 	9127
f 9129 	9115 	9114
f 9129 	9126 	9115
f 9127 	9131 	9130
f 9116 	9126 	9130
f 9133 	9130 	9131
f 9128 	9129 	8437
f 9486 	9131 	10563
f 8437 	9129 	8444
f 9129 	9114 	8444
f 9116 	9132 	9122
f 9124 	9516 	9517
f 9116 	9130 	9132
f 9133 	9132 	9130
f 9133 	9134 	9135
f 9133 	9135 	9132
f 9132 	9124 	9122
f 9132 	9135 	9124
f 9134 	9136 	9135
f 6696 	6695 	10575
f 6737 	10575 	6735
f 6736 	10575 	6737
f 6714 	6713 	10575
f 6715 	6714 	10575
f 6734 	6735 	10608
f 8126 	10608 	6750
f 6750 	10608 	7653
f 7653 	10608 	7662
f 7662 	10608 	8113
f 6734 	10608 	8126
f 8120 	10608 	8175
f 8292 	10608 	8294
f 8294 	10608 	8295
f 8295 	10608 	8356
f 8356 	10608 	8355
f 8292 	8357 	10608
f 8178 	10608 	8357
f 9140 	8447 	10608
f 8177 	10608 	8178
f 8120 	8119 	10608
f 8177 	8176 	10608
f 8119 	8113 	10608
f 8176 	8175 	10608
f 5269 	9140 	5267
f 5267 	9140 	5268
f 9140 	8358 	8362
f 9140 	8362 	8450
f 8460 	10608 	8447
f 8449 	9140 	8450
f 8448 	8447 	9140
f 6192 	10608 	8464
f 8355 	10608 	6192
f 8459 	10608 	8460
f 8464 	10608 	8467
f 8467 	10608 	8459
f 8449 	8448 	9140
f 9150 	9153 	9138
f 9138 	9153 	9155
f 9139 	9144 	9140
f 9144 	842 	9140
f 9143 	9137 	9141
f 9143 	9142 	9137
f 9142 	9139 	9137
f 842 	9144 	9541
f 9139 	9142 	9144
f 9526 	9143 	9527
f 9148 	9149 	9145
f 9145 	9149 	9151
f 9148 	9145 	9146
f 9148 	9146 	9147
f 9138 	9155 	9152
f 9145 	9151 	9150
f 9150 	9138 	9145
f 9141 	9138 	9152
f 9143 	9141 	9154
f 9154 	9141 	9152
f 9148 	9147 	9528
f 9528 	9529 	9148
f 9529 	9149 	9148
f 9155 	9533 	9152
f 10611 	10610 	9138
f 9531 	9150 	9151
f 9154 	9152 	9534
f 9143 	9154 	9527
f 842 	9541 	9540
f 9540 	10054 	842
f 10606 	10617 	9145
f 9141 	9137 	10609
f 8522 	8523 	8524
f 8523 	9170 	8524
f 9163 	9156 	7112
f 7114 	9157 	9158
f 7114 	9158 	7115
f 7115 	9158 	7124
f 7172 	7112 	9156
f 7114 	7173 	9157
f 9159 	9178 	7122
f 7121 	9160 	9159
f 7121 	9159 	7122
f 7124 	9158 	9171
f 9163 	9181 	9156
f 9159 	9158 	9157
f 9177 	9159 	9157
f 9159 	9160 	9158
f 9171 	9158 	9160
f 7128 	9161 	9162
f 7128 	9162 	7129
f 7129 	9162 	9180
f 7131 	9163 	7112
f 7131 	9181 	9163
f 9161 	7128 	7190
f 7133 	9165 	9164
f 7133 	9164 	7132
f 7134 	9166 	7135
f 7134 	7136 	9167
f 9165 	7133 	7135
f 9165 	7135 	9166
f 9166 	7134 	9167
f 7138 	7137 	9168
f 9167 	11596 	9166
f 9168 	11595 	9166
f 11560 	9167 	7136
f 9169 	7103 	7157
f 7160 	7108 	8523
f 7159 	9171 	7157
f 7103 	9169 	8522
f 9171 	9172 	9169
f 9169 	7157 	9171
f 9160 	9173 	9171
f 7158 	9171 	7159
f 7160 	8523 	9172
f 9170 	7106 	7161
f 8524 	9174 	7110
f 8523 	9169 	9172
f 9175 	9174 	9170
f 8524 	9170 	9174
f 7164 	7110 	9174
f 9175 	9170 	7161
f 9177 	9157 	7173
f 7174 	7122 	9178
f 7162 	9160 	7121
f 7158 	7124 	9171
f 9160 	7162 	9173
f 7163 	9173 	7162
f 9172 	9173 	7163
f 9172 	7163 	7160
f 9177 	9178 	9159
f 9172 	9171 	9173
f 7161 	7165 	9175
f 9174 	9175 	7165
f 9174 	7165 	7164
f 6606 	7171 	7170
f 12251 	7140 	6606
f 9156 	9176 	7172
f 9156 	9179 	9176
f 7172 	9176 	7213
f 7174 	9178 	9177
f 7174 	9177 	7173
f 7176 	6605 	7177
f 6604 	7177 	6605
f 7177 	6604 	7178
f 7187 	9181 	7131
f 9181 	7187 	7186
f 9180 	7186 	7129
f 9184 	7190 	7191
f 9183 	7192 	9186
f 7189 	9182 	7191
f 9186 	7179 	9179
f 7186 	9180 	9181
f 9180 	9179 	9181
f 9180 	9162 	9184
f 9184 	9186 	9180
f 9181 	9179 	9156
f 9183 	9186 	9184
f 9184 	9185 	9183
f 9179 	9180 	9186
f 7180 	9186 	7181
f 7192 	9183 	7193
f 7181 	9186 	7192
f 7179 	9186 	7180
f 7182 	9179 	7179
f 7191 	9185 	9184
f 9161 	9184 	9162
f 9182 	9185 	7191
f 9161 	7190 	9184
f 9179 	7183 	9187
f 9187 	7196 	7195
f 9182 	7189 	9188
f 7200 	9188 	7189
f 7201 	9189 	9188
f 7201 	9188 	7200
f 7203 	7205 	9193
f 7214 	9196 	7201
f 9187 	9176 	9179
f 7195 	9191 	9187
f 7198 	9191 	7195
f 7182 	7183 	9179
f 7196 	9187 	7183
f 9188 	9189 	9190
f 9190 	9194 	9188
f 9182 	9188 	9193
f 7210 	9190 	7207
f 9191 	7198 	7197
f 7209 	9192 	9191
f 7209 	9191 	7197
f 7208 	9192 	7209
f 7203 	9193 	9194
f 9193 	7205 	7194
f 7203 	9194 	7204
f 9190 	7204 	9194
f 7204 	9190 	7210
f 9183 	9193 	7194
f 7193 	9183 	7194
f 9192 	7208 	7207
f 9192 	7207 	9190
f 9191 	9192 	9196
f 9189 	9196 	9192
f 9194 	9193 	9188
f 9183 	9185 	9193
f 9182 	9193 	9185
f 9192 	9190 	9189
f 9176 	9195 	7213
f 7213 	9195 	9196
f 7213 	9196 	7214
f 9195 	9176 	9187
f 9196 	9195 	9191
f 9187 	9191 	9195
f 9189 	7201 	9196
f 6595 	6594 	7222
f 6599 	7218 	7144
f 6598 	7219 	6599
f 7221 	6595 	7222
f 6548 	7228 	6546
f 6599 	7144 	6608
f 7168 	6601 	7169
f 7175 	6602 	7168
f 6601 	7168 	6602
f 6603 	7178 	6604
f 7178 	6603 	7175
f 6602 	7175 	6603
f 6558 	7244 	7224
f 6591 	6592 	7215
f 7216 	7215 	6592
f 6594 	6591 	7223
f 6592 	6593 	7216
f 7223 	7222 	6594
f 7219 	6598 	7220
f 6597 	7220 	6598
f 7218 	6599 	7219
f 6597 	6596 	7220
f 7215 	7223 	6591
f 7225 	6574 	7226
f 6548 	6547 	7228
f 7226 	6546 	7228
f 7251 	6552 	7681
f 6547 	6549 	7229
f 7229 	7228 	6547
f 7232 	6551 	7231
f 7248 	6555 	7249
f 6550 	6605 	7231
f 6557 	6556 	7246
f 7247 	7246 	6556
f 6554 	7250 	7249
f 6556 	6555 	7247
f 6558 	6557 	7244
f 7246 	7244 	6557
f 6576 	7685 	5846
f 6546 	7226 	6574
f 7227 	6575 	6574
f 7227 	6574 	7225
f 6575 	7227 	6576
f 7685 	6576 	7227
f 7255 	9198 	9197
f 7255 	9197 	7253
f 9197 	9198 	9221
f 9221 	9198 	7255
f 9200 	7261 	7494
f 7263 	9202 	9203
f 7261 	9200 	9199
f 7261 	9199 	7259
f 7262 	9204 	9201
f 7262 	7267 	9204
f 9204 	9202 	9201
f 9203 	9202 	9204
f 9203 	7265 	7263
f 7265 	9203 	9204
f 7265 	9204 	7267
f 7268 	9205 	9206
f 7268 	9206 	7269
f 9207 	7269 	9206
f 9205 	7268 	7471
f 9205 	9207 	9206
f 7469 	7468 	9207
f 9207 	7467 	7269
f 7467 	9207 	7468
f 7471 	9209 	9205
f 9208 	9215 	9209
f 7470 	9208 	9209
f 7470 	9209 	7471
f 7472 	9210 	7470
f 7474 	9210 	7472
f 7473 	9211 	7474
f 9576 	9212 	7475
f 7475 	9212 	7473
f 7477 	9215 	7478
f 9215 	7477 	9216
f 7476 	9216 	7477
f 7480 	9217 	7481
f 9217 	9575 	7481
f 7479 	9213 	7480
f 9210 	9208 	7470
f 9210 	7474 	9211
f 7473 	9212 	9211
f 9211 	9213 	9210
f 9213 	9214 	9210
f 9208 	9210 	9214
f 7478 	9214 	7479
f 9213 	7479 	9214
f 9208 	9214 	9215
f 9215 	9214 	7478
f 9205 	9209 	9216
f 9216 	9209 	9215
f 9216 	7476 	7469
f 9216 	9207 	9205
f 9207 	9216 	7469
f 9217 	7480 	9213
f 9211 	9212 	9217
f 9212 	9576 	9217
f 9217 	9213 	9211
f 7482 	7253 	9218
f 9197 	9218 	7253
f 9220 	7483 	9219
f 7483 	9220 	7484
f 7486 	9221 	7255
f 7485 	7484 	9220
f 7482 	9218 	9561
f 9218 	9197 	9220
f 9219 	9218 	9220
f 9221 	9220 	9197
f 9232 	9561 	9219
f 9219 	9561 	9218
f 9221 	7486 	7487
f 9223 	7489 	7488
f 9223 	7488 	9222
f 7490 	9225 	7491
f 7489 	9223 	7494
f 7491 	9224 	7492
f 7493 	7492 	9224
f 9225 	7490 	7485
f 7491 	9225 	9224
f 9226 	7487 	7259
f 9225 	7485 	9220
f 7487 	9226 	9221
f 9223 	9227 	7494
f 9199 	9226 	7259
f 7494 	9227 	9200
f 9224 	9225 	9227
f 9227 	9223 	9224
f 9222 	9234 	9223
f 9226 	9227 	9225
f 9225 	9220 	9226
f 9221 	9226 	9220
f 9200 	9227 	9199
f 9226 	9199 	9227
f 9228 	9222 	7495
f 9228 	7495 	7496
f 7499 	9219 	7483
f 7488 	7495 	9222
f 7496 	9229 	9228
f 9231 	9228 	9230
f 9222 	9228 	9234
f 9231 	9234 	9228
f 9229 	9230 	9228
f 9230 	7497 	7498
f 7497 	9230 	7504
f 9230 	7498 	9231
f 7503 	9231 	7498
f 7499 	9232 	9219
f 7506 	9232 	7499
f 7505 	9232 	7506
f 9232 	7501 	9233
f 7500 	9233 	7501
f 9230 	9233 	7504
f 7501 	9232 	7505
f 7500 	7504 	9233
f 7502 	9234 	9231
f 7502 	9231 	7503
f 7493 	9234 	7502
f 9224 	9234 	7493
f 9233 	9230 	9229
f 9229 	9560 	9233
f 9224 	9223 	9234
f 9201 	9562 	7512
f 9201 	7512 	7262
f 9201 	9235 	9562
f 9237 	9562 	9236
f 9236 	9562 	9235
f 9202 	9235 	9201
f 7507 	9235 	9202
f 7507 	9202 	7263
f 7509 	9237 	9236
f 7509 	9236 	7508
f 7509 	7521 	9237
f 9565 	9235 	7507
f 9236 	9566 	7508
f 8848 	8844 	8851
f 8838 	9239 	8853
f 8840 	9238 	8839
f 9238 	9239 	8839
f 8857 	9243 	9240
f 8857 	8856 	9243
f 11344 	8857 	9240
f 11344 	8851 	8857
f 9242 	9243 	8856
f 8852 	9241 	9242
f 8856 	8852 	9242
f 9241 	9239 	9238
f 9239 	9241 	8852
f 8852 	8853 	9239
f 9670 	9241 	9238
f 8840 	9671 	9669
f 8840 	9669 	9238
f 9240 	9243 	9681
f 9682 	9243 	9242
f 1139 	9244 	1140
f 9244 	1141 	1140
f 8831 	8832 	9245
f 9246 	9247 	9245
f 9245 	8826 	9246
f 9248 	9247 	9244
f 9246 	9244 	9247
f 9246 	1141 	9244
f 8826 	1143 	9246
f 1142 	9246 	1143
f 1142 	1141 	9246
f 1143 	8826 	1109
f 8832 	8826 	9245
f 9247 	9256 	9640
f 9640 	9245 	9247
f 9254 	9248 	9249
f 9244 	9249 	9248
f 9249 	9250 	9254
f 1139 	1144 	9249
f 1139 	9249 	9244
f 9251 	9250 	9249
f 9251 	9249 	1145
f 1144 	1145 	9249
f 9250 	9252 	9253
f 9251 	9252 	9250
f 9253 	9252 	9266
f 1145 	1146 	9251
f 1148 	1147 	9252
f 1148 	9252 	9251
f 1147 	1149 	9252
f 1146 	1148 	9251
f 9254 	9255 	9248
f 9248 	9255 	9256
f 9256 	9247 	9248
f 9258 	9257 	9255
f 9254 	9258 	9255
f 9260 	9257 	9258
f 9261 	9259 	9260
f 9260 	9258 	9261
f 9262 	9261 	9258
f 9259 	9263 	9264
f 9261 	9263 	9259
f 9262 	9258 	9254
f 9261 	9265 	9263
f 9262 	9265 	9261
f 9262 	9254 	9250
f 9262 	9253 	9265
f 9250 	9253 	9262
f 9657 	9259 	9264
f 9266 	9267 	9268
f 1150 	9266 	1149
f 9252 	1149 	9266
f 1152 	1151 	9267
f 1152 	9267 	9266
f 1150 	1152 	9266
f 1153 	9267 	1151
f 1153 	1154 	9286
f 9267 	1153 	9286
f 1155 	9287 	1156
f 9253 	9266 	9268
f 9268 	9269 	9265
f 9268 	9270 	9269
f 9268 	9265 	9253
f 9268 	9267 	9270
f 9267 	9286 	9270
f 9263 	9271 	9264
f 9269 	9271 	9263
f 9269 	9263 	9265
f 9269 	9270 	9272
f 9274 	9275 	9273
f 9271 	9276 	9264
f 9277 	9273 	9276
f 9277 	9274 	9273
f 9277 	9276 	9271
f 9272 	9277 	9271
f 9269 	9272 	9271
f 9277 	9278 	9274
f 9272 	9278 	9277
f 9274 	9279 	9275
f 9280 	9278 	9272
f 9278 	9280 	9283
f 9280 	9272 	9270
f 9279 	9274 	9281
f 9274 	9278 	9281
f 9279 	9281 	9282
f 9281 	9278 	9283
f 9284 	9282 	9281
f 9283 	9284 	9281
f 9283 	9285 	9284
f 11286 	10127 	9282
f 9284 	11286 	9282
f 9284 	11287 	11286
f 9286 	9280 	9270
f 9287 	9283 	9280
f 9285 	9283 	9287
f 6613 	9293 	9295
f 6613 	9295 	9292
f 8644 	9289 	9290
f 8644 	6612 	9289
f 9290 	9289 	6037
f 6036 	6037 	9289
f 6036 	9289 	6043
f 9290 	6037 	6039
f 6039 	6041 	9290
f 9291 	9290 	6041
f 9289 	9292 	6043
f 6047 	6043 	9292
f 9289 	6893 	6894
f 6048 	6047 	9292
f 6892 	6893 	9289
f 9289 	6894 	6613
f 9289 	6613 	9292
f 6041 	6034 	9291
f 9288 	9291 	6034
f 9288 	8644 	9291
f 6044 	6045 	9293
f 9295 	9293 	6045
f 9295 	6045 	6046
f 6060 	6044 	9293
f 9292 	9295 	6048
f 6046 	6048 	9295
f 9306 	9288 	6073
f 6034 	6073 	9288
f 8644 	9288 	9306
f 6079 	6050 	9296
f 6061 	9296 	6050
f 6062 	9297 	6061
f 9296 	6061 	9297
f 9297 	6062 	6063
f 6060 	9293 	9294
f 9294 	9297 	6063
f 7380 	9294 	9293
f 5899 	9060 	4368
f 6079 	9296 	9308
f 3945 	3943 	8644
f 7027 	7031 	8644
f 9298 	9309 	7008
f 9298 	7008 	9299
f 9300 	9303 	6926
f 9300 	6926 	9301
f 9301 	6926 	8644
f 9300 	9304 	9305
f 9304 	9300 	9301
f 9302 	6069 	6070
f 9303 	6072 	9302
f 9302 	6070 	9299
f 9299 	6077 	9298
f 6068 	9299 	6070
f 9307 	9305 	9304
f 6078 	9298 	6077
f 6066 	9304 	6065
f 9301 	6065 	9304
f 6066 	6067 	9307
f 6066 	9307 	9304
f 6068 	6077 	9299
f 6081 	9298 	6078
f 9305 	6071 	9300
f 9307 	6067 	6071
f 9307 	6071 	9305
f 6069 	9302 	6072
f 9303 	9300 	6071
f 9298 	6081 	6080
f 6073 	6074 	9306
f 6065 	9301 	6074
f 6076 	9308 	6075
f 9309 	6075 	9308
f 9298 	6080 	9309
f 9309 	9308 	7008
f 9685 	9686 	9296
f 10063 	11102 	9060
f 7398 	7361 	8644
f 9302 	6926 	9303
f 9302 	9299 	7008
f 7023 	7029 	8644
f 6926 	9302 	7008
f 7023 	8644 	6906
f 7008 	6901 	6926
f 7380 	9293 	6613
f 7647 	9296 	9297
f 7647 	9685 	9296
f 9062 	9684 	9683
f 9067 	9686 	9068
f 9063 	9688 	9064
f 9065 	9692 	9066
f 9694 	9071 	9695
f 9694 	9697 	9071
f 9071 	9070 	9695
f 9696 	9699 	9072
f 9072 	9699 	9062
f 9073 	9703 	9074
f 9714 	9077 	9076
f 9711 	9078 	9712
f 9709 	9708 	9078
f 9081 	9726 	9719
f 9752 	9070 	9093
f 8747 	8915 	9329
f 9310 	6668 	6672
f 8904 	6668 	9310
f 9310 	8903 	8904
f 9311 	8921 	8903
f 9310 	9311 	8903
f 9311 	9312 	8921
f 9311 	9310 	9317
f 6672 	9317 	9310
f 9311 	9318 	9312
f 9318 	9319 	9312
f 8920 	9316 	9315
f 8919 	9312 	9316
f 9318 	9341 	9319
f 9319 	9316 	9312
f 9320 	9315 	9316
f 9319 	9320 	9316
f 8922 	9315 	9314
f 9311 	9317 	9318
f 9315 	9313 	9314
f 9313 	9315 	9320
f 9319 	9342 	9320
f 9341 	9342 	9319
f 9321 	9329 	8915
f 8915 	8922 	9321
f 8922 	9314 	9321
f 9325 	9323 	9324
f 9326 	9325 	9324
f 9327 	8860 	8859
f 8860 	9327 	9325
f 8864 	9328 	8882
f 8747 	9329 	8859
f 8859 	9329 	9327
f 8864 	9326 	9328
f 8864 	9325 	9326
f 9322 	9327 	9329
f 9322 	9329 	9321
f 9327 	9323 	9325
f 9322 	9323 	9327
f 9330 	9331 	9332
f 9331 	9333 	9332
f 9314 	9313 	9333
f 9331 	9314 	9333
f 9334 	9869 	9337
f 9331 	9321 	9314
f 9331 	9322 	9321
f 9330 	9323 	9322
f 9331 	9330 	9322
f 9330 	9334 	9323
f 9870 	9335 	9337
f 9869 	9870 	9337
f 9324 	9338 	9326
f 9337 	9338 	9324
f 9334 	9337 	9324
f 9335 	10308 	9338
f 9335 	9338 	9337
f 10308 	9335 	9336
f 9324 	9323 	9334
f 9344 	9317 	6672
f 9340 	9318 	9317
f 9340 	9341 	9318
f 9317 	9344 	9340
f 9313 	9320 	9343
f 9342 	9343 	9320
f 9339 	9333 	9313
f 9343 	9339 	9313
f 6672 	7367 	9344
f 9863 	9345 	9862
f 8105 	9864 	9345
f 9345 	8106 	8105
f 9345 	8107 	8106
f 9345 	7626 	7625
f 9345 	7627 	7626
f 9345 	7630 	7627
f 9345 	6674 	7630
f 6675 	6674 	9345
f 9345 	6676 	6675
f 9345 	6677 	6676
f 9028 	6616 	9029
f 6615 	9029 	6616
f 9029 	6615 	9030
f 6758 	9030 	6615
f 6617 	6616 	9027
f 9028 	9027 	6616
f 9027 	9021 	6617
f 6759 	9034 	9031
f 9026 	6757 	6614
f 6757 	9033 	6761
f 9035 	6761 	9033
f 9049 	6762 	9013
f 6762 	9049 	6763
f 9048 	6763 	9049
f 6775 	9013 	6762
f 9046 	6770 	9048
f 8494 	6085 	9052
f 9050 	6765 	9042
f 6764 	9042 	6765
f 6766 	9043 	6764
f 9042 	6764 	9043
f 9051 	6767 	9050
f 6761 	9035 	6768
f 6768 	9036 	6769
f 9044 	6769 	9036
f 9043 	6766 	9044
f 6769 	9044 	6766
f 9045 	9038 	6771
f 6759 	6772 	9034
f 9038 	9034 	6772
f 6767 	9051 	6773
f 9408 	9407 	9347
f 9407 	9348 	9347
f 9348 	9346 	9347
f 9346 	9349 	9347
f 9356 	8964 	9350
f 9378 	9379 	9381
f 9357 	8951 	9355
f 9355 	8963 	9356
f 9347 	9349 	9350
f 8957 	9347 	8965
f 9361 	9362 	9364
f 9351 	9363 	9362
f 9363 	9364 	9362
f 9364 	9365 	9361
f 9365 	9366 	9361
f 9360 	9361 	9366
f 9358 	8956 	9357
f 9346 	6128 	9349
f 6125 	9378 	6134
f 6135 	6134 	9353
f 6132 	9355 	9356
f 6141 	6140 	9361
f 6142 	6141 	9360
f 8947 	6521 	9347
f 9377 	11685 	9363
f 9359 	9360 	9366
f 9366 	9018 	9359
f 9010 	9359 	9018
f 9018 	9366 	3172
f 11679 	8982 	9364
f 9364 	9363 	11681
f 9364 	11681 	11679
f 6088 	6089 	6524
f 9349 	6131 	9350
f 6130 	9350 	6131
f 9354 	9353 	6134
f 9353 	9352 	6135
f 6136 	6135 	9352
f 6137 	9351 	9362
f 9352 	9351 	6136
f 6137 	6136 	9351
f 9357 	9355 	6139
f 9356 	6133 	6132
f 6130 	6133 	9350
f 6139 	6138 	9357
f 9358 	9357 	6138
f 9003 	9358 	6618
f 6138 	6618 	9358
f 6132 	6139 	9355
f 9359 	6143 	9360
f 6142 	9360 	6143
f 8993 	9374 	8992
f 9384 	9383 	8995
f 8995 	8999 	9384
f 9386 	9384 	8999
f 8996 	9388 	8997
f 9373 	8991 	8992
f 9373 	9374 	9399
f 9399 	9404 	9373
f 9371 	9373 	9404
f 9404 	9405 	9371
f 9032 	8988 	9367
f 9398 	9399 	9374
f 9374 	9387 	9398
f 8991 	9371 	9370
f 9397 	9398 	9387
f 9369 	9397 	9387
f 8991 	9373 	9371
f 8989 	8990 	9367
f 9368 	9369 	9388
f 9388 	9383 	9368
f 9373 	8992 	9374
f 9352 	9353 	9377
f 9363 	9351 	9377
f 9382 	9389 	9353
f 9385 	9381 	9379
f 9353 	9354 	9382
f 9379 	9380 	9386
f 9375 	9386 	9380
f 9354 	9378 	9382
f 8984 	8985 	9381
f 9384 	9375 	9383
f 9386 	9375 	9384
f 9375 	9376 	9383
f 8994 	8995 	9383
f 9381 	9382 	9378
f 9385 	8998 	9381
f 9385 	9379 	9386
f 9376 	9372 	9383
f 9372 	9368 	9383
f 9383 	9388 	8996
f 9383 	8996 	8994
f 9387 	8997 	9388
f 9389 	9377 	9353
f 9387 	9388 	9369
f 8993 	8997 	9374
f 9351 	9352 	9377
f 6120 	9376 	6121
f 9372 	9376 	6120
f 6122 	6121 	9375
f 9376 	9375 	6121
f 6123 	6122 	9380
f 9375 	9380 	6122
f 6124 	6123 	9379
f 9380 	9379 	6123
f 9354 	6134 	9378
f 9379 	9378 	6124
f 6125 	6124 	9378
f 9368 	9372 	6119
f 6120 	6119 	9372
f 9369 	9368 	6118
f 6119 	6118 	9368
f 9392 	1582 	9395
f 9393 	1582 	9392
f 9394 	1733 	9393
f 9391 	9392 	9395
f 9390 	9391 	9395
f 9396 	1733 	9394
f 9367 	9370 	9405
f 9395 	556 	9401
f 9400 	556 	9019
f 9403 	9395 	9402
f 9402 	9395 	9401
f 9390 	9395 	9403
f 1581 	1579 	9395
f 9395 	1580 	1581
f 9370 	9371 	9405
f 9405 	9406 	9367
f 9406 	9022 	9367
f 9032 	9367 	9022
f 9023 	9037 	9022
f 6144 	6109 	9019
f 6109 	6110 	9400
f 6112 	6111 	9403
f 6103 	6102 	9391
f 6111 	6103 	9390
f 9391 	9390 	6103
f 9392 	6102 	9393
f 6104 	9393 	6102
f 9390 	9403 	6111
f 6105 	9394 	6104
f 9393 	6104 	9394
f 6106 	9396 	9394
f 6106 	9394 	6105
f 9369 	6118 	9397
f 9397 	6117 	9398
f 6108 	9398 	6117
f 6108 	9399 	9398
f 6107 	6116 	9399
f 9400 	9019 	6109
f 9401 	9400 	6110
f 9401 	6110 	9402
f 9402 	6113 	9403
f 9405 	9404 	6115
f 6116 	6115 	9404
f 9406 	9405 	6114
f 6114 	6149 	9406
f 9347 	1733 	9409
f 9411 	9347 	9409
f 9409 	1733 	9396
f 1580 	9395 	1583
f 9410 	9347 	9413
f 9412 	9413 	9347
f 9408 	9347 	9410
f 9412 	9347 	9411
f 6094 	6093 	9407
f 9408 	6095 	9407
f 3109 	9347 	6520
f 8968 	4280 	8960
f 6094 	9407 	6095
f 6097 	6096 	9409
f 6106 	6097 	9396
f 9409 	9396 	6097
f 9412 	9411 	6099
f 6095 	9408 	6098
f 6101 	6098 	9413
f 9410 	9413 	6098
f 6096 	6099 	9411
f 6099 	6101 	9412
f 4280 	8968 	8967
f 10440 	9899 	9414
f 9429 	9416 	9899
f 9415 	9899 	9416
f 9414 	9899 	9415
f 9429 	9418 	9417
f 9417 	9416 	9429
f 9427 	9422 	10418
f 9423 	9428 	10420
f 10378 	10419 	9421
f 9428 	9421 	10420
f 10358 	10378 	9441
f 9421 	9441 	10378
f 9422 	9423 	10418
f 9420 	9430 	9419
f 9430 	9429 	7067
f 9431 	7650 	9432
f 9434 	7650 	9433
f 9433 	7650 	9435
f 9421 	9419 	9441
f 9440 	10382 	9439
f 9438 	10357 	9441
f 9442 	10384 	9440
f 9443 	10388 	9442
f 9437 	9441 	9419
f 10360 	9435 	7650
f 7650 	9434 	9432
f 9445 	7650 	9444
f 9444 	7650 	9431
f 9446 	9436 	9437
f 9419 	9430 	9437
f 9446 	7067 	9445
f 9446 	9437 	9430
f 7067 	9446 	9430
f 7650 	9445 	7067
f 7067 	8347 	7650
f 2560 	9414 	9415
f 2571 	2567 	9428
f 2570 	9425 	9424
f 9430 	2575 	9429
f 9416 	2560 	9415
f 2563 	2562 	9417
f 9419 	2566 	9420
f 2567 	2566 	9421
f 9419 	9421 	2566
f 9421 	9428 	2567
f 2568 	2569 	9422
f 2571 	9428 	9423
f 2570 	2573 	9425
f 2564 	9418 	2574
f 9431 	9432 	2576
f 9440 	2585 	9442
f 2929 	9443 	9442
f 2576 	2930 	9431
f 9444 	9431 	2930
f 2930 	2931 	9444
f 2582 	9436 	2932
f 9444 	2931 	9445
f 10440 	9414 	2561
f 9429 	2574 	9418
f 2559 	9414 	2560
f 9416 	2562 	2560
f 9418 	2564 	9417
f 2563 	9417 	2564
f 2566 	2565 	9420
f 9426 	2573 	9427
f 2570 	9424 	2246
f 9426 	9425 	2573
f 9075 	9721 	9083
f 9725 	9720 	9083
f 9086 	9732 	9733
f 9450 	9085 	9086
f 9734 	9450 	9733
f 9447 	9456 	9448
f 9449 	9448 	9456
f 9450 	9449 	9456
f 9450 	9735 	9449
f 9456 	9452 	9455
f 9456 	9085 	9450
f 9447 	9453 	9456
f 9453 	9454 	9456
f 9456 	9454 	9452
f 9451 	9455 	9452
f 9453 	9746 	9454
f 9448 	9728 	9447
f 9746 	9744 	9454
f 9732 	9086 	9087
f 9086 	9733 	9450
f 9734 	9735 	9450
f 9092 	9751 	9750
f 9092 	9750 	9093
f 9748 	9093 	9750
f 9759 	9758 	9089
f 9747 	9455 	9451
f 9085 	9456 	9088
f 9088 	9456 	9089
f 9090 	9756 	9091
f 9759 	9089 	9456
f 9091 	9757 	9092
f 9754 	9091 	9756
f 3697 	9462 	9458
f 9458 	10461 	9459
f 9458 	9459 	3786
f 9459 	9460 	3786
f 3791 	3786 	9460
f 10463 	10462 	9459
f 9461 	9460 	9459
f 9462 	9463 	9464
f 9464 	9465 	9462
f 3793 	3800 	9463
f 9462 	3793 	9463
f 9462 	9465 	9458
f 3697 	3793 	9462
f 9466 	9467 	9463
f 9467 	9464 	9463
f 3800 	3805 	9466
f 9463 	3800 	9466
f 9467 	9466 	9469
f 9468 	9471 	9469
f 9469 	9466 	9468
f 9468 	3805 	5456
f 9466 	3805 	9468
f 9469 	9471 	9470
f 9468 	9472 	9471
f 5456 	5463 	9472
f 9468 	5456 	9472
f 9471 	9473 	9474
f 9472 	9473 	9471
f 9471 	9474 	9470
f 9474 	9475 	9470
f 9472 	9476 	9473
f 9472 	5463 	9476
f 9476 	9482 	9473
f 9477 	9482 	9476
f 9476 	5477 	9477
f 9484 	9475 	9474
f 5472 	6193 	9478
f 9478 	5477 	5472
f 9477 	5477 	9478
f 9473 	9482 	9483
f 9483 	9474 	9473
f 9484 	9481 	9475
f 9474 	9483 	9484
f 9134 	9488 	9136
f 9131 	9486 	9133
f 9488 	9134 	9487
f 9487 	9486 	9489
f 9490 	9487 	9489
f 9486 	9134 	9133
f 9486 	9487 	9134
f 9493 	9487 	9490
f 9491 	9493 	9490
f 9492 	10039 	9491
f 10039 	10040 	9491
f 9491 	10040 	9493
f 9493 	9488 	9487
f 9121 	9501 	9494
f 9502 	9501 	9121
f 9495 	9504 	9098
f 10037 	9499 	9497
f 9495 	8787 	8786
f 9495 	9098 	8787
f 8786 	9494 	9495
f 9100 	9497 	9101
f 9496 	9099 	9098
f 9098 	9504 	9496
f 9496 	9498 	9099
f 9498 	9497 	9100
f 9499 	9109 	9101
f 9101 	9497 	9499
f 9507 	9109 	9499
f 9494 	9503 	9495
f 9503 	9504 	9495
f 9500 	9123 	9517
f 9501 	9503 	9494
f 9522 	9523 	9501
f 9501 	9523 	9503
f 9504 	9503 	9524
f 9524 	9525 	9504
f 10035 	9497 	9498
f 10035 	9498 	10036
f 10036 	9498 	9496
f 9106 	9107 	9510
f 10038 	10524 	9507
f 9505 	9110 	9506
f 9107 	9109 	9507
f 9506 	9509 	9505
f 9510 	9107 	9507
f 9511 	9510 	10523
f 9506 	9511 	9509
f 9507 	9499 	10038
f 10524 	9510 	9507
f 9505 	9509 	9512
f 9509 	9511 	10526
f 9106 	9510 	9511
f 9506 	9106 	9511
f 9512 	9508 	9505
f 9513 	9514 	9508
f 9508 	9512 	9513
f 9513 	10528 	10530
f 9514 	10530 	9515
f 9514 	9513 	10530
f 84 	9514 	9515
f 9514 	84 	73
f 73 	9508 	9514
f 9516 	9124 	9135
f 9123 	9124 	9517
f 9135 	9136 	9516
f 9517 	9518 	9500
f 9516 	9519 	9520
f 9520 	9517 	9516
f 9516 	9136 	9519
f 9519 	9136 	10042
f 9520 	9518 	9517
f 9522 	9501 	9502
f 9518 	9521 	9500
f 9534 	9527 	9154
f 9155 	9536 	9533
f 9150 	9531 	9532
f 9535 	9153 	9532
f 9150 	9532 	9153
f 9530 	9531 	9149
f 9142 	9538 	9537
f 9144 	9142 	9537
f 9541 	9144 	9537
f 9138 	10609 	10611
f 9138 	9141 	10609
f 9145 	10607 	10606
f 9149 	9529 	9530
f 9151 	9149 	9531
f 9152 	9533 	9534
f 9535 	9536 	9155
f 9155 	9153 	9535
f 9145 	10618 	9146
f 9142 	9143 	9539
f 9142 	9539 	9538
f 9539 	9143 	9526
f 9145 	9138 	10607
f 9138 	10610 	10607
f 9145 	10617 	10618
f 9544 	9546 	9542
f 9547 	9544 	9543
f 9545 	9547 	9543
f 9547 	9550 	9544
f 9550 	9546 	9544
f 9550 	9551 	9546
f 9549 	844 	845
f 9550 	9547 	9548
f 9548 	9549 	9550
f 5943 	9548 	5940
f 9548 	9547 	9545
f 9555 	9551 	9552
f 845 	9552 	9549
f 9551 	9549 	9552
f 9550 	9549 	9551
f 9555 	846 	847
f 9553 	9555 	847
f 9553 	9556 	9555
f 9554 	9542 	9556
f 9553 	9554 	9556
f 845 	846 	9552
f 9552 	846 	9555
f 9546 	9556 	9542
f 9556 	9551 	9555
f 9546 	9551 	9556
f 5667 	5944 	9528
f 9557 	9532 	9531
f 9526 	10047 	10048
f 10055 	10614 	10050
f 10050 	9540 	9541
f 9537 	9538 	10051
f 9534 	9533 	10047
f 10047 	9527 	9534
f 10047 	9526 	9527
f 5937 	9543 	5944
f 9558 	9544 	9542
f 9542 	9554 	10049
f 9529 	9528 	9557
f 9530 	9529 	9557
f 9530 	9557 	9531
f 9557 	9543 	9559
f 9544 	9559 	9543
f 9544 	9558 	9559
f 9559 	9558 	9533
f 9235 	9565 	9566
f 9235 	9566 	9236
f 9561 	9232 	9560
f 9232 	9233 	9560
f 9561 	7510 	7482
f 9561 	9560 	7511
f 9561 	7511 	7510
f 9229 	7496 	9560
f 9560 	7496 	7511
f 9577 	9563 	7513
f 7513 	9563 	9564
f 7513 	9564 	7514
f 9571 	7515 	9564
f 7514 	9564 	7515
f 7516 	9565 	7507
f 9566 	7517 	7508
f 7517 	9566 	9565
f 7517 	9565 	7516
f 9577 	9574 	9563
f 9574 	9572 	9563
f 7522 	9567 	7518
f 7515 	9571 	7522
f 7523 	9569 	7524
f 9567 	9573 	9568
f 9582 	9569 	9579
f 9582 	7519 	9568
f 9568 	7520 	9567
f 7518 	9567 	7520
f 9570 	9237 	7521
f 7522 	9571 	9567
f 9572 	9573 	9571
f 9573 	9569 	9568
f 9567 	9571 	9573
f 9572 	7525 	9573
f 7524 	9573 	7525
f 9582 	9568 	9569
f 9569 	9573 	7524
f 9564 	9563 	9572
f 9575 	9217 	9576
f 9578 	9575 	9576
f 7526 	9575 	7527
f 9575 	9578 	9577
f 7528 	9577 	7513
f 7528 	7527 	9577
f 9575 	9577 	7527
f 7526 	7481 	9575
f 9574 	9577 	9578
f 9574 	9578 	7530
f 9574 	7530 	7529
f 9576 	7531 	9578
f 7530 	9578 	7531
f 7531 	9576 	7475
f 9569 	7534 	9579
f 7534 	9569 	7523
f 7533 	9580 	9579
f 7533 	9579 	7534
f 9581 	9580 	7533
f 9581 	7533 	7532
f 9571 	9564 	9572
f 7525 	9572 	7529
f 9574 	7529 	9572
f 9581 	7532 	7549
f 7519 	9582 	7538
f 7520 	9568 	7519
f 7539 	7538 	9583
f 9582 	9583 	7538
f 9587 	7540 	9583
f 7539 	9583 	7540
f 9582 	9579 	9583
f 9562 	9237 	9584
f 9570 	9584 	9237
f 9562 	9584 	7541
f 9562 	7541 	7512
f 7541 	9584 	7521
f 9570 	7521 	9584
f 9581 	9585 	9586
f 9579 	9580 	9587
f 9583 	9579 	9587
f 9586 	9587 	9580
f 9581 	9586 	9580
f 9587 	7546 	7545
f 9587 	9586 	7547
f 9587 	7547 	7546
f 7547 	9586 	7548
f 7548 	9586 	9585
f 7548 	9585 	7549
f 9587 	7545 	7540
f 9585 	9581 	7549
f 7551 	7550 	5523
f 7552 	5514 	7665
f 5450 	7677 	7671
f 4994 	7728 	5450
f 5779 	7536 	7535
f 5779 	7535 	5780
f 5779 	7537 	7536
f 5782 	7543 	5783
f 7542 	5783 	7543
f 7535 	7543 	5780
f 5782 	5780 	7543
f 7544 	7727 	5784
f 7542 	7544 	5783
f 5784 	5783 	7544
f 5523 	7550 	5781
f 5523 	5513 	7551
f 7551 	5513 	7552
f 5514 	7552 	5513
f 7537 	5781 	7550
f 5517 	7665 	5514
f 7553 	5515 	7554
f 5526 	7664 	7663
f 5455 	7672 	5525
f 5526 	7663 	5524
f 7554 	5524 	7663
f 5520 	5515 	7669
f 7666 	7665 	5517
f 5516 	7692 	7666
f 5522 	5521 	7667
f 7668 	7667 	5521
f 5521 	5520 	7668
f 5449 	5448 	7670
f 5448 	5450 	7671
f 5451 	7676 	5452
f 7675 	5452 	7676
f 5449 	7670 	5451
f 7676 	5451 	7670
f 7672 	5455 	7673
f 7675 	7674 	5452
f 5453 	5452 	7674
f 7674 	7673 	5453
f 5845 	5847 	7680
f 5849 	7683 	5850
f 7688 	7687 	5853
f 3020 	5999 	3028
f 5999 	3020 	5855
f 5845 	7680 	7686
f 7678 	5847 	5846
f 7678 	5846 	7679
f 7678 	7680 	5847
f 7681 	5851 	7682
f 7683 	5849 	7684
f 7682 	5850 	7683
f 7679 	5846 	7685
f 5853 	7690 	7688
f 5854 	5853 	7687
f 5854 	7687 	7689
f 3020 	7690 	5855
f 5855 	7690 	5853
f 5857 	5852 	7691
f 5418 	3040 	7694
f 7699 	3042 	5421
f 5421 	5425 	7699
f 5418 	7694 	5419
f 7698 	7697 	5422
f 5423 	5422 	7697
f 7667 	7698 	5522
f 5422 	5522 	7698
f 7695 	5425 	7696
f 5424 	7696 	5425
f 7696 	5424 	7697
f 5423 	7697 	5424
f 7692 	5417 	7693
f 5419 	7693 	5417
f 9588 	9589 	7701
f 9588 	7701 	7700
f 9611 	7701 	9589
f 7702 	9590 	9591
f 7702 	9591 	7703
f 7704 	9592 	9590
f 7704 	9590 	7702
f 9592 	7704 	7705
f 9592 	7705 	9593
f 9611 	9589 	9588
f 9592 	9593 	9590
f 9591 	9590 	9593
f 7725 	9588 	7700
f 7706 	9594 	9595
f 7706 	9595 	7707
f 9619 	9595 	9614
f 9594 	9614 	9595
f 7707 	9595 	9619
f 9614 	9594 	7706
f 7708 	9596 	9598
f 7708 	9598 	7709
f 7709 	9598 	9615
f 9597 	7711 	7710
f 9597 	7710 	9599
f 9598 	9596 	9597
f 9597 	9599 	9598
f 9615 	9598 	9599
f 9608 	9607 	9600
f 9601 	9607 	9602
f 9606 	9601 	9602
f 9606 	9602 	9605
f 7719 	7703 	9591
f 7712 	9605 	9602
f 9593 	7705 	9602
f 7712 	9602 	7705
f 9593 	9602 	9591
f 7714 	9601 	9606
f 9600 	9607 	9601
f 7713 	9600 	9601
f 7713 	9601 	7714
f 7716 	9604 	7721
f 7715 	9600 	7713
f 7715 	9603 	9600
f 9611 	9604 	7716
f 7717 	9605 	7712
f 9606 	7718 	7714
f 7718 	9606 	9605
f 7718 	9605 	7717
f 9603 	9608 	9600
f 9591 	9607 	7719
f 7715 	7720 	9603
f 9608 	9603 	7720
f 9604 	9609 	7721
f 9591 	9602 	9607
f 9611 	9609 	9604
f 7719 	9607 	9608
f 7719 	9608 	7720
f 7721 	9609 	7722
f 9612 	9610 	9611
f 9609 	9611 	9610
f 9610 	9612 	9613
f 9609 	9610 	7722
f 7723 	9611 	7716
f 9613 	9612 	7725
f 9613 	7725 	7724
f 9611 	7723 	7701
f 9588 	9612 	9611
f 7725 	9612 	9588
f 7722 	9610 	9613
f 7722 	9613 	7724
f 4994 	4993 	7728
f 7677 	5450 	7728
f 7731 	4996 	7732
f 9615 	9618 	9614
f 7740 	9615 	9614
f 7740 	9614 	7741
f 7707 	9619 	7745
f 7741 	9614 	7706
f 7708 	7742 	9596
f 9597 	9617 	7743
f 9597 	7743 	7711
f 7709 	9615 	7740
f 7744 	9599 	7710
f 9596 	9616 	9597
f 9617 	9597 	9616
f 9616 	9596 	7742
f 9618 	9599 	7744
f 9619 	9614 	9618
f 9599 	9618 	9615
f 7743 	9617 	9616
f 7743 	9616 	7742
f 7745 	9619 	9618
f 7745 	9618 	7744
f 5015 	7756 	5007
f 7726 	7734 	4988
f 7726 	4989 	7727
f 4989 	5784 	7727
f 4992 	4991 	7730
f 7735 	7730 	4991
f 4992 	7730 	7729
f 4991 	5003 	7735
f 4996 	7731 	7733
f 7733 	4997 	4996
f 7732 	4995 	7734
f 4999 	4988 	7734
f 5000 	7842 	7739
f 5002 	7737 	5003
f 7738 	5001 	7739
f 7737 	5002 	7738
f 5003 	7736 	7735
f 7746 	5005 	7747
f 5008 	7749 	7748
f 5008 	5009 	7749
f 5009 	7751 	7750
f 7753 	5013 	7754
f 5013 	7753 	5014
f 7752 	5014 	7753
f 5017 	5014 	7760
f 7751 	5007 	7756
f 4467 	7852 	5016
f 5016 	7852 	7757
f 7756 	5015 	7757
f 5016 	7757 	5015
f 7758 	7857 	5019
f 7759 	7758 	5018
f 5019 	5018 	7758
f 7760 	7759 	5017
f 5018 	5017 	7759
f 7752 	7760 	5014
f 9625 	9624 	9620
f 9620 	9621 	7762
f 9620 	7762 	7761
f 7763 	7764 	9622
f 9623 	9622 	7764
f 9634 	9623 	7765
f 7765 	9623 	7764
f 7781 	7763 	9622
f 9621 	9620 	9624
f 9624 	9625 	7767
f 9624 	7767 	7766
f 7778 	7768 	9626
f 9627 	9626 	7768
f 9627 	7768 	7769
f 7773 	9632 	7770
f 7770 	9628 	9629
f 7770 	9629 	7771
f 9630 	9629 	9628
f 7771 	9629 	9630
f 9628 	7770 	9632
f 9630 	7772 	7771
f 9631 	9630 	9632
f 9628 	9632 	9630
f 7774 	9633 	9632
f 7774 	9632 	7773
f 9632 	9633 	9631
f 9631 	9633 	7774
f 9631 	7774 	7775
f 7762 	9621 	7787
f 9639 	7787 	9621
f 7776 	9634 	7765
f 7777 	9634 	7776
f 9622 	9636 	7781
f 9621 	9624 	9639
f 9637 	9639 	9624
f 9636 	9622 	9634
f 9634 	9622 	9623
f 7766 	9637 	9624
f 7779 	7778 	9635
f 9626 	9635 	7778
f 9627 	9635 	9626
f 9635 	10080 	7780
f 7779 	9635 	7780
f 9620 	7761 	7793
f 7767 	9625 	7789
f 9627 	7769 	7790
f 9637 	9636 	9638
f 9637 	9638 	9639
f 7781 	9636 	9637
f 7781 	9637 	7782
f 7787 	9639 	9638
f 7787 	9638 	7786
f 9634 	7777 	9638
f 7786 	9638 	7777
f 9634 	9638 	9636
f 7782 	9637 	7766
f 7788 	7797 	10076
f 7788 	10076 	7791
f 9280 	9286 	9287
f 9285 	11287 	9284
f 1156 	9287 	9286
f 1158 	9287 	1155
f 1154 	1156 	9286
f 1157 	9285 	1158
f 1158 	9285 	9287
f 1157 	1160 	9285
f 9641 	8831 	9640
f 8831 	9245 	9640
f 9256 	9645 	9640
f 9643 	9644 	9642
f 9641 	8843 	8831
f 9641 	9645 	9648
f 9644 	9646 	9647
f 9646 	9645 	9647
f 9644 	9257 	9642
f 9647 	9257 	9644
f 9641 	9640 	9645
f 9647 	9645 	9256
f 9255 	9257 	9647
f 9256 	9255 	9647
f 9641 	9648 	9649
f 8843 	9641 	9649
f 9257 	9260 	9642
f 9648 	9645 	9646
f 9648 	9652 	9649
f 9650 	9651 	9646
f 9648 	9646 	9651
f 9654 	9651 	9655
f 9654 	9652 	9651
f 9656 	9655 	9650
f 9651 	9650 	9655
f 9650 	9643 	9656
f 9650 	9644 	9643
f 9653 	9649 	9652
f 8842 	9649 	9653
f 9652 	9648 	9651
f 9646 	9644 	9650
f 9658 	9259 	9657
f 9259 	9658 	9260
f 9659 	9660 	9657
f 9661 	9662 	9659
f 9657 	9661 	9659
f 9663 	9643 	9642
f 9660 	9663 	9658
f 9658 	9663 	9642
f 9658 	9657 	9660
f 9642 	9260 	9658
f 9264 	9661 	9657
f 9276 	10120 	9661
f 9264 	9276 	9661
f 9665 	9643 	9663
f 9660 	9659 	9667
f 10120 	9662 	9661
f 9656 	9643 	9665
f 9663 	9666 	9665
f 9660 	9667 	9666
f 9663 	9660 	9666
f 9659 	9668 	9667
f 9662 	9668 	9659
f 9668 	10130 	9667
f 10118 	9665 	9666
f 9669 	9670 	9238
f 8842 	9671 	8840
f 9672 	9673 	9669
f 9671 	9676 	9672
f 9669 	9673 	9670
f 9671 	9672 	9669
f 9671 	8842 	9653
f 9671 	9653 	9676
f 9653 	9652 	9674
f 9670 	9673 	10108
f 9654 	9674 	9652
f 9678 	9672 	9675
f 9672 	9676 	9675
f 9676 	9677 	9675
f 9673 	9672 	9678
f 9674 	9679 	9677
f 9676 	9674 	9677
f 9676 	9653 	9674
f 9674 	9654 	9679
f 9679 	9654 	10117
f 10117 	9655 	10116
f 9241 	9680 	9242
f 9243 	9682 	9681
f 9682 	9242 	9680
f 9241 	9670 	9680
f 9680 	10107 	9682
f 9680 	9670 	10108
f 9685 	9068 	9686
f 9063 	9683 	9688
f 9698 	9695 	9070
f 9070 	9752 	9698
f 9074 	9701 	9075
f 9077 	9713 	9712
f 9078 	9710 	9709
f 9736 	9740 	9076
f 9083 	9721 	9725
f 9081 	9082 	9726
f 9080 	9717 	9724
f 9308 	9296 	9699
f 9683 	9684 	9296
f 9699 	9696 	9308
f 9686 	9687 	9296
f 9693 	9685 	7647
f 9688 	9683 	9296
f 9686 	9067 	9687
f 9064 	9687 	9067
f 9684 	9699 	9296
f 9064 	9688 	9687
f 7647 	9730 	9689
f 9690 	7647 	9689
f 9690 	9691 	7647
f 9691 	9692 	7647
f 7647 	9692 	9693
f 9691 	9066 	9692
f 9692 	9065 	9693
f 9687 	9688 	9296
f 9695 	6928 	9694
f 9698 	6928 	9695
f 9697 	9694 	7008
f 6928 	7008 	9694
f 9696 	9072 	9697
f 9072 	9071 	9697
f 7008 	9308 	9697
f 9696 	9697 	9308
f 9703 	9704 	9718
f 9704 	9705 	9718
f 9705 	9706 	9718
f 9702 	9703 	9718
f 9717 	9718 	9706
f 9707 	9739 	9706
f 9073 	9704 	9703
f 9074 	9702 	9701
f 9702 	9074 	9703
f 9700 	9075 	9701
f 9706 	9079 	9707
f 9077 	9714 	9713
f 9081 	9718 	9080
f 9717 	9080 	9718
f 9081 	9719 	9718
f 9710 	9078 	9711
f 9722 	9721 	9075
f 9707 	9716 	9740
f 9716 	9708 	9740
f 9715 	9740 	9709
f 9715 	9709 	9710
f 9711 	9712 	9710
f 9715 	9710 	9712
f 9713 	9714 	9712
f 9715 	9712 	9714
f 9740 	9715 	9076
f 9715 	9714 	9076
f 9716 	9707 	9079
f 9708 	9709 	9740
f 9079 	9708 	9716
f 9719 	9726 	9718
f 9720 	9721 	9718
f 9721 	9722 	9718
f 9722 	9700 	9718
f 9700 	9701 	9718
f 9701 	9702 	9718
f 9724 	9706 	9723
f 9717 	9706 	9724
f 9725 	9721 	9720
f 9082 	9083 	9720
f 9727 	9720 	9726
f 9720 	9718 	9726
f 9720 	9727 	9082
f 9700 	9722 	9075
f 9452 	9742 	9451
f 9741 	9451 	9742
f 9743 	9742 	9452
f 9084 	9080 	9723
f 9739 	9738 	9084
f 9723 	9739 	9084
f 9076 	9084 	9736
f 9084 	9737 	9736
f 9447 	9729 	9453
f 9745 	9746 	9453
f 9087 	9689 	9730
f 9449 	9731 	9448
f 9728 	9448 	9731
f 9730 	9732 	9087
f 9731 	9449 	9735
f 9728 	8149 	9729
f 9729 	9447 	9728
f 8149 	9731 	7647
f 9730 	7647 	9732
f 9728 	9731 	8149
f 9732 	7647 	9733
f 9733 	7647 	9734
f 9734 	7647 	9735
f 9735 	7647 	9731
f 9738 	9707 	9737
f 9739 	9707 	9738
f 9723 	9706 	9739
f 9740 	9736 	9707
f 9736 	9737 	9707
f 9084 	9738 	9737
f 9743 	8149 	9742
f 8347 	9741 	8149
f 9742 	8149 	9741
f 8149 	9743 	9744
f 9744 	9746 	8149
f 9744 	9743 	9452
f 9729 	8149 	9745
f 9746 	9745 	8149
f 9745 	9453 	9729
f 9747 	9741 	8347
f 9747 	9451 	9741
f 9452 	9454 	9744
f 9752 	9749 	7032
f 7034 	7032 	9748
f 9749 	9093 	9748
f 9757 	7044 	9751
f 9755 	7044 	9757
f 7067 	7064 	8347
f 9749 	9748 	7032
f 9749 	9752 	9093
f 9754 	7044 	9753
f 9091 	9754 	9753
f 9753 	7044 	9755
f 9091 	9753 	9755
f 9091 	9755 	9757
f 9751 	9092 	9757
f 9756 	7046 	9754
f 9751 	7035 	9750
f 7034 	9750 	7035
f 9758 	7046 	9756
f 9759 	9760 	7064
f 9759 	7064 	9758
f 9090 	9758 	9756
f 8347 	7064 	9760
f 9761 	9762 	8347
f 9090 	9089 	9758
f 9762 	9747 	8347
f 9761 	8347 	9760
f 9761 	9760 	9456
f 9456 	9455 	9761
f 9761 	9455 	9762
f 9747 	9762 	9455
f 9760 	9759 	9456
f 9750 	7034 	9748
f 7035 	9751 	7044
f 6941 	8984 	6943
f 8984 	8998 	6943
f 6944 	6943 	8998
f 6938 	6937 	8995
f 8999 	8995 	6937
f 6944 	8998 	6945
f 6936 	6945 	8998
f 6936 	8999 	6937
f 8998 	8999 	6936
f 6946 	8995 	8994
f 6946 	8994 	9791
f 6946 	6938 	8995
f 8994 	8996 	9791
f 6955 	9763 	6956
f 9763 	9820 	6956
f 6957 	6956 	9820
f 6969 	9764 	6954
f 6955 	6954 	9764
f 6955 	9764 	9763
f 6965 	6964 	6963
f 6970 	6965 	6963
f 6978 	2835 	6979
f 2838 	6981 	2837
f 6979 	2835 	6980
f 2837 	6980 	2835
f 6980 	2837 	6981
f 6982 	6981 	2838
f 2849 	10148 	2850
f 6987 	2850 	10149
f 2838 	2851 	6983
f 2838 	6983 	6982
f 8975 	8974 	9766
f 9765 	9766 	8974
f 8976 	9765 	8974
f 9766 	9767 	8975
f 8981 	8975 	9767
f 8979 	8978 	9768
f 8979 	9768 	9769
f 8979 	9769 	9770
f 8979 	9770 	8980
f 9780 	8981 	9771
f 9767 	9771 	8981
f 9780 	8977 	8981
f 9773 	8969 	9772
f 8988 	8969 	9773
f 8969 	9776 	9772
f 9775 	9776 	8971
f 8971 	8970 	9775
f 8972 	9774 	8970
f 9774 	9775 	8970
f 8969 	8971 	9776
f 8972 	8973 	9779
f 9774 	8972 	9779
f 9778 	9779 	8973
f 8973 	8977 	9778
f 9777 	9778 	8977
f 9780 	9777 	8977
f 8982 	9781 	8983
f 9783 	8987 	9782
f 8986 	9782 	8987
f 8989 	8988 	9784
f 9773 	9784 	8988
f 9786 	8991 	9785
f 8991 	8990 	9785
f 9784 	9785 	8990
f 8989 	9784 	8990
f 9788 	8992 	9787
f 9786 	9787 	8991
f 9789 	8993 	9788
f 8993 	8992 	9788
f 8997 	9790 	8996
f 9790 	9791 	8996
f 8991 	9787 	8992
f 9789 	9792 	8993
f 8997 	8993 	9792
f 8997 	9792 	9790
f 9809 	9812 	9794
f 9793 	9794 	9795
f 9798 	9799 	9797
f 9799 	9800 	9797
f 9796 	9797 	9800
f 9798 	9801 	9799
f 9795 	9799 	9801
f 9795 	9801 	9793
f 9800 	9802 	9803
f 9800 	9803 	9796
f 9821 	9806 	9805
f 9806 	9808 	9805
f 9804 	9805 	9808
f 9808 	9815 	9804
f 9807 	9804 	9815
f 9810 	9812 	9809
f 9811 	9812 	9810
f 9795 	9794 	9812
f 9812 	9811 	9813
f 9811 	9814 	9813
f 9813 	9814 	9807
f 9813 	9807 	9815
f 6961 	9816 	9817
f 9819 	6957 	9820
f 9820 	9818 	9819
f 9823 	9824 	9822
f 9824 	9825 	9822
f 9821 	9822 	9825
f 9806 	9821 	9825
f 9827 	9829 	9826
f 9828 	9832 	9827
f 9829 	9830 	9826
f 9823 	9826 	9830
f 9828 	9831 	9832
f 9829 	9827 	9832
f 9828 	9833 	9831
f 9819 	9818 	9834
f 9833 	9834 	9818
f 9833 	9818 	9831
f 9830 	9824 	9823
f 9837 	2806 	9836
f 9839 	2808 	9837
f 2806 	2805 	9836
f 2804 	9835 	2805
f 9835 	9836 	2805
f 9835 	2804 	9841
f 9840 	2807 	9838
f 9839 	9838 	2807
f 2807 	2808 	9839
f 2806 	9837 	2808
f 9840 	2818 	2807
f 2804 	2809 	9841
f 9844 	2810 	9843
f 2810 	2811 	9843
f 9842 	9843 	2811
f 9844 	9841 	2810
f 2809 	2810 	9841
f 2812 	9845 	9842
f 9845 	2812 	2813
f 2834 	9860 	2813
f 2811 	2812 	9842
f 2818 	9840 	9846
f 2819 	9847 	2820
f 2821 	9848 	2822
f 9846 	2823 	2818
f 9850 	2825 	9849
f 2824 	9849 	2825
f 9852 	2827 	9851
f 2826 	9851 	2827
f 9855 	2828 	9854
f 9859 	2833 	9855
f 2828 	2829 	9854
f 9853 	9854 	2829
f 9856 	9853 	2830
f 2829 	2830 	9853
f 9858 	2831 	9857
f 2831 	2832 	9857
f 9845 	2813 	9860
f 9859 	9860 	2834
f 9859 	2834 	2833
f 2828 	9855 	2833
f 9857 	2832 	6978
f 2835 	6978 	2832
f 9858 	9861 	2836
f 2830 	2836 	9861
f 2830 	9861 	9856
f 2836 	2831 	9858
f 9345 	7365 	6677
f 9345 	7366 	7365
f 7367 	7366 	9345
f 9345 	9344 	7367
f 9340 	9344 	9345
f 9340 	9345 	9341
f 9345 	9342 	9341
f 9345 	9343 	9342
f 9345 	9339 	9343
f 9871 	9339 	9345
f 9875 	9345 	9874
f 9345 	9876 	9874
f 9345 	9877 	9876
f 9345 	9878 	9877
f 9345 	9885 	9878
f 9345 	9886 	9885
f 9888 	9345 	9887
f 9345 	9889 	9887
f 9345 	9890 	9886
f 9345 	9888 	9890
f 9875 	9873 	9345
f 9345 	9891 	9889
f 9345 	9892 	9891
f 9345 	9893 	9892
f 9345 	9894 	9893
f 9345 	9865 	9867
f 9867 	9862 	9345
f 10292 	9894 	9345
f 9863 	10292 	9345
f 9345 	7641 	8107
f 9866 	9865 	9345
f 9866 	9345 	9864
f 11241 	11242 	9865
f 9865 	9866 	11241
f 11238 	9862 	9867
f 9867 	9865 	11242
f 9868 	9334 	9330
f 9332 	9868 	9330
f 9339 	9332 	9333
f 9868 	9869 	9334
f 9868 	9332 	9872
f 9869 	9875 	9870
f 9872 	9871 	9345
f 9345 	9873 	9872
f 9871 	9332 	9339
f 9871 	9872 	9332
f 9873 	9869 	9872
f 9868 	9872 	9869
f 9873 	9875 	9869
f 9874 	9870 	9875
f 9870 	9879 	9335
f 9870 	9874 	9879
f 9879 	9336 	9335
f 9336 	9880 	9881
f 9879 	9880 	9336
f 9880 	9882 	9881
f 9882 	9878 	9883
f 9878 	9885 	9883
f 9884 	9883 	9885
f 9882 	9877 	9878
f 9876 	9880 	9879
f 9876 	9877 	9880
f 9874 	9876 	9879
f 9882 	9880 	9877
f 9882 	9883 	10344
f 9886 	9884 	9885
f 10295 	9890 	9888
f 9888 	9887 	10297
f 9889 	9891 	10298
f 9427 	2572 	9422
f 2565 	2575 	9420
f 9430 	9420 	2575
f 9433 	2579 	9434
f 9434 	2578 	9432
f 2577 	9432 	2578
f 2580 	2579 	9435
f 9435 	10360 	2580
f 9437 	9436 	2581
f 2582 	2581 	9436
f 2929 	9442 	2585
f 9437 	2581 	9441
f 9440 	9439 	2585
f 2583 	2585 	9439
f 9439 	9438 	2583
f 2584 	2583 	9438
f 9438 	9441 	2584
f 2586 	2584 	9441
f 2477 	10355 	2478
f 9445 	2931 	9446
f 9897 	8096 	9895
f 9915 	9916 	9429
f 9895 	8078 	9429
f 9898 	8583 	9897
f 2555 	9897 	9895
f 9895 	9906 	2555
f 9905 	6993 	9922
f 6992 	9922 	6993
f 9922 	6992 	9923
f 6991 	9923 	6992
f 9924 	9923 	6991
f 9925 	9924 	6991
f 6991 	6994 	9925
f 9981 	9927 	7009
f 6996 	9943 	6997
f 9948 	9949 	6998
f 9959 	9958 	7005
f 9960 	7002 	7006
f 9959 	7005 	9964
f 7007 	9962 	7006
f 9982 	9981 	7010
f 7009 	7010 	9981
f 7010 	7011 	9982
f 9998 	9982 	7011
f 10003 	10002 	7013
f 7011 	7014 	9998
f 10002 	9998 	7014
f 9906 	9895 	9429
f 9910 	9898 	9897
f 9911 	9910 	9897
f 2546 	2555 	9906
f 9897 	2558 	9911
f 9901 	9902 	9905
f 9903 	9905 	9902
f 9904 	9905 	9903
f 9918 	9947 	9904
f 9908 	9898 	9907
f 9910 	9907 	9898
f 9901 	9922 	9900
f 9907 	9910 	9909
f 9900 	9924 	9909
f 9913 	9429 	9912
f 9939 	9943 	9920
f 9429 	9916 	9906
f 9917 	9429 	9913
f 9914 	9429 	9917
f 9915 	9429 	9914
f 9918 	9904 	2554
f 2538 	2554 	9904
f 2538 	9904 	9903
f 9916 	2550 	9906
f 2545 	2544 	9911
f 2547 	9913 	9912
f 9914 	2549 	9915
f 2548 	9915 	2549
f 9913 	2547 	9917
f 2550 	9916 	2548
f 9923 	9900 	9922
f 9922 	9901 	9905
f 9907 	9909 	9921
f 9924 	9900 	9923
f 9924 	9925 	9909
f 9921 	9909 	9925
f 9988 	9989 	9927
f 9987 	9988 	9927
f 9927 	9981 	9987
f 6994 	9926 	9925
f 9927 	9926 	6995
f 6994 	6995 	9926
f 9902 	2540 	9903
f 2539 	9903 	2540
f 2537 	2536 	9900
f 2540 	9902 	9901
f 2546 	9906 	2550
f 2541 	9908 	2542
f 2541 	2557 	9908
f 2535 	2542 	9921
f 9900 	9909 	2537
f 9910 	2544 	9909
f 9910 	9911 	2544
f 9912 	2529 	2547
f 2554 	2553 	9918
f 2552 	9920 	9919
f 2531 	9939 	2552
f 9915 	2548 	9916
f 9917 	2551 	9914
f 6997 	9946 	9945
f 9950 	9951 	7000
f 7001 	7000 	9951
f 7001 	9951 	9952
f 7002 	9953 	7000
f 7006 	9961 	9960
f 9948 	6998 	9945
f 6997 	9945 	6998
f 9946 	6997 	9943
f 6999 	9964 	7005
f 9961 	7006 	9962
f 9929 	9931 	9899
f 9931 	9930 	9899
f 9937 	9429 	9930
f 9928 	9929 	9899
f 10750 	9928 	9899
f 9936 	9964 	9935
f 9933 	9958 	9932
f 9899 	9930 	9429
f 9912 	9429 	9938
f 9937 	9938 	9429
f 9941 	9945 	9940
f 9934 	9949 	9942
f 9942 	9948 	9941
f 9940 	9946 	9939
f 9919 	9920 	9943
f 2520 	2528 	9930
f 9912 	9938 	2529
f 9941 	2533 	9942
f 2521 	9929 	9928
f 2522 	2520 	9931
f 2521 	2522 	9929
f 9932 	9936 	2524
f 2525 	2524 	9936
f 2524 	9933 	9932
f 2532 	2526 	9934
f 9934 	9942 	2532
f 2533 	2532 	9942
f 2525 	9936 	9935
f 9937 	2527 	9938
f 2530 	2534 	9940
f 9939 	2531 	9940
f 2530 	9940 	2531
f 2527 	2529 	9938
f 9937 	9930 	2528
f 9920 	2552 	9939
f 9941 	2534 	2533
f 9991 	9987 	9981
f 9982 	9998 	9980
f 6995 	7009 	9927
f 9918 	9919 	9944
f 9944 	9947 	9918
f 9943 	9944 	9919
f 6996 	9944 	9943
f 9946 	9940 	9945
f 9905 	9904 	9947
f 9944 	6996 	9947
f 6993 	9947 	6996
f 6993 	9905 	9947
f 9948 	9942 	9949
f 9943 	9939 	9946
f 9949 	9934 	9964
f 6999 	9949 	9964
f 6999 	6998 	9949
f 9953 	10744 	9950
f 9950 	7000 	9953
f 9950 	10748 	9951
f 9951 	10749 	9952
f 9960 	9961 	10743
f 9962 	9963 	10747
f 10745 	10746 	9963
f 9963 	9955 	10745
f 9955 	9956 	10745
f 9933 	9954 	9956
f 9956 	9958 	9933
f 9954 	2519 	10745
f 7003 	9956 	9955
f 10749 	10733 	9952
f 9957 	9999 	7004
f 9959 	9936 	9958
f 9964 	9936 	9959
f 9932 	9958 	9936
f 9935 	9964 	9934
f 9945 	9941 	9948
f 9958 	9956 	7003
f 7003 	7005 	9958
f 10742 	10743 	9961
f 10746 	10747 	9963
f 9960 	9953 	7002
f 7004 	7001 	9957
f 7007 	9963 	9962
f 9954 	10745 	9956
f 9963 	7007 	9955
f 7003 	9955 	7007
f 1389 	10745 	2519
f 9933 	2523 	9954
f 506 	507 	9968
f 10727 	10728 	506
f 9968 	10727 	506
f 9976 	10002 	9971
f 9971 	10003 	9970
f 9974 	12360 	9975
f 12360 	12358 	9975
f 9980 	9990 	9982
f 9981 	9982 	9991
f 9979 	9980 	9998
f 9978 	9979 	9998
f 9998 	10002 	9978
f 9985 	9986 	6021
f 9986 	9972 	12358
f 9984 	9985 	6021
f 9926 	9927 	9989
f 9973 	9975 	12358
f 9989 	9921 	9926
f 9925 	9926 	9921
f 9990 	9991 	9982
f 9994 	9992 	9896
f 9983 	9984 	6021
f 9993 	9983 	6021
f 9992 	9993 	6021
f 9967 	2489 	9968
f 2510 	9985 	2508
f 2514 	2513 	9991
f 9896 	2556 	9995
f 2518 	2517 	9995
f 9970 	10003 	9969
f 10003 	10001 	9969
f 9997 	9969 	10001
f 9996 	9997 	10001
f 9977 	9978 	10002
f 9976 	9977 	10002
f 2491 	2490 	9968
f 9957 	9952 	10734
f 9999 	9957 	10735
f 9999 	10735 	10000
f 10000 	9996 	10001
f 9999 	10000 	7004
f 7012 	7004 	10000
f 10000 	10001 	7012
f 7014 	7013 	10002
f 10003 	9971 	10002
f 10003 	7013 	10001
f 7012 	10001 	7013
f 2487 	9966 	2488
f 2499 	2488 	9965
f 2489 	9967 	2487
f 2492 	9976 	9971
f 11059 	11060 	10004
f 11060 	11061 	10004
f 11061 	11062 	10004
f 11062 	11063 	10004
f 10004 	11063 	11057
f 10980 	9479 	10004
f 9479 	9480 	10004
f 10004 	9481 	9484
f 9485 	10004 	9480
f 9484 	9483 	10004
f 9483 	9482 	10004
f 9482 	9477 	10004
f 9477 	9478 	10004
f 9478 	6193 	10004
f 6193 	6195 	10004
f 6195 	6270 	10004
f 6270 	6273 	10004
f 6274 	10004 	6273
f 6274 	5641 	10004
f 5641 	5642 	10004
f 5642 	5658 	10004
f 5658 	5657 	10004
f 5659 	10004 	5657
f 5659 	5663 	10004
f 5663 	5664 	10004
f 5664 	5665 	10004
f 5665 	6186 	10004
f 6186 	6190 	10004
f 6913 	10004 	6912
f 6913 	6914 	10004
f 6915 	6916 	10004
f 10004 	6916 	10006
f 10006 	10007 	10004
f 10007 	10010 	10004
f 10010 	10011 	10004
f 10012 	10004 	10011
f 6190 	6191 	10004
f 6191 	6912 	10004
f 6914 	6915 	10004
f 9485 	9481 	10004
f 10013 	10008 	10004
f 10004 	10012 	10013
f 6916 	6925 	10006
f 10006 	10014 	10007
f 6925 	10014 	10006
f 10004 	10008 	10009
f 10005 	10004 	10009
f 10005 	10009 	11075
f 10010 	10016 	10011
f 11073 	10013 	10012
f 10020 	10014 	6925
f 10017 	10010 	10007
f 10014 	10017 	10007
f 10016 	10010 	10017
f 10015 	10012 	10011
f 10016 	10015 	10011
f 10014 	10019 	10017
f 10014 	10020 	10019
f 10018 	10017 	10019
f 10018 	10016 	10017
f 10016 	11354 	10015
f 10018 	11354 	10016
f 10020 	6925 	7336
f 10020 	10021 	10022
f 10020 	10022 	10019
f 7336 	10021 	10020
f 7336 	7337 	10021
f 10021 	10024 	10022
f 10023 	10024 	10021
f 10023 	10021 	7337
f 7338 	10023 	7337
f 10033 	10023 	7338
f 10024 	10023 	10032
f 11611 	10024 	10032
f 10030 	10029 	10026
f 10027 	8101 	10028
f 8101 	10027 	8211
f 8104 	10028 	8101
f 10025 	11381 	10028
f 8104 	10025 	10028
f 10026 	10025 	8132
f 8132 	8134 	10026
f 8185 	10030 	10026
f 10032 	10023 	10033
f 10032 	10033 	10031
f 10033 	10034 	10031
f 10034 	10033 	8305
f 9504 	9525 	9496
f 9521 	9502 	9500
f 9522 	9502 	9521
f 9524 	9503 	9523
f 10037 	10038 	9499
f 9525 	10036 	9496
f 10035 	10037 	9497
f 10041 	9488 	9493
f 9488 	10041 	10042
f 10042 	9136 	9488
f 10039 	9492 	10043
f 10041 	9493 	10040
f 9523 	9522 	10046
f 10046 	9524 	9523
f 10046 	9518 	9520
f 10046 	9521 	9518
f 10046 	10039 	10043
f 10046 	10040 	10039
f 10046 	10041 	10040
f 10046 	10042 	10041
f 10046 	9519 	10042
f 10046 	9520 	9519
f 10046 	9522 	9521
f 10046 	9525 	9524
f 10046 	10036 	9525
f 10046 	10035 	10036
f 10046 	10037 	10035
f 10046 	10038 	10037
f 10046 	10524 	10038
f 10046 	10533 	10529
f 10046 	10534 	10533
f 10536 	10046 	10535
f 10046 	10537 	10535
f 10046 	10538 	10537
f 10046 	10539 	10538
f 10046 	10887 	10539
f 10536 	10534 	10046
f 10046 	10875 	10872
f 10046 	10876 	10875
f 10046 	10877 	10876
f 10046 	10891 	10887
f 10046 	10892 	10891
f 10893 	10892 	10046
f 10046 	10872 	10886
f 10873 	10874 	10046
f 10046 	10869 	10873
f 10046 	10044 	10045
f 10043 	10044 	10046
f 10045 	10868 	10046
f 10871 	10869 	10046
f 10046 	10874 	10877
f 10886 	10893 	10046
f 9542 	10047 	9558
f 9533 	9558 	10047
f 9532 	9557 	9559
f 9559 	9533 	9536
f 9532 	9559 	9535
f 9559 	9536 	9535
f 9542 	10048 	10047
f 9542 	10049 	10048
f 10050 	9554 	9553
f 9526 	10048 	10049
f 9554 	10050 	10051
f 9537 	10051 	10050
f 9541 	9537 	10050
f 10049 	9554 	10051
f 9538 	10049 	10051
f 9526 	10049 	9539
f 10049 	9538 	9539
f 9553 	847 	10050
f 10055 	10050 	847
f 10054 	10053 	842
f 10052 	842 	10053
f 847 	5955 	10055
f 6433 	10055 	5955
f 10587 	10588 	10058
f 10582 	10584 	10061
f 10065 	10056 	10063
f 10056 	10065 	10064
f 10057 	10061 	10066
f 10062 	10064 	10066
f 10062 	10056 	10064
f 10061 	10062 	10066
f 10067 	10058 	10057
f 10067 	10057 	10066
f 10067 	10069 	10059
f 10069 	10068 	10060
f 10069 	10060 	10059
f 10071 	10068 	10069
f 10074 	10068 	10071
f 10595 	10594 	10068
f 10058 	10067 	10059
f 10594 	10593 	10068
f 10060 	10068 	10593
f 10070 	10578 	10575
f 10070 	853 	10052
f 10070 	10072 	10071
f 10052 	10072 	10070
f 10074 	10595 	10068
f 10073 	10071 	10072
f 10071 	10073 	10074
f 10058 	10586 	10587
f 10066 	10064 	10574
f 10070 	10071 	10578
f 10592 	10591 	10060
f 10074 	10596 	10595
f 10072 	10597 	10598
f 10598 	10599 	10072
f 10056 	10062 	10581
f 10583 	10581 	10062
f 10058 	10059 	10586
f 10057 	10058 	10588
f 10061 	10057 	10589
f 10590 	10589 	10057
f 10079 	9620 	7793
f 7791 	10076 	10075
f 10078 	10079 	10080
f 10078 	10080 	10077
f 10079 	7793 	10080
f 7792 	10080 	7793
f 10080 	9635 	10077
f 9627 	10077 	9635
f 9627 	7790 	10077
f 7792 	7780 	10080
f 10078 	9625 	10079
f 9620 	10079 	9625
f 9625 	10078 	7789
f 10077 	7790 	10078
f 7789 	10078 	7790
f 3670 	3669 	7794
f 7797 	10081 	10076
f 7797 	7772 	10081
f 9630 	10081 	7772
f 10082 	10084 	10081
f 10076 	10081 	10075
f 9630 	9631 	10081
f 10082 	10081 	9631
f 7799 	10082 	9631
f 7799 	9631 	7775
f 10083 	10084 	10082
f 10075 	10081 	10084
f 10083 	10082 	7799
f 10083 	7799 	7798
f 7800 	7791 	10075
f 10075 	10084 	7800
f 7800 	10084 	10083
f 7800 	10083 	7798
f 3928 	7802 	7801
f 3830 	3742 	7819
f 7818 	7815 	3828
f 7814 	3826 	7815
f 3830 	7819 	7818
f 7826 	7881 	10085
f 7826 	10085 	10090
f 10088 	10087 	10085
f 3658 	7830 	7829
f 7828 	3656 	7829
f 7836 	7835 	3662
f 3663 	7835 	7834
f 3925 	5004 	7783
f 7784 	7794 	3669
f 7784 	3669 	3671
f 7784 	3671 	7785
f 3925 	7783 	7785
f 3671 	3925 	7785
f 7795 	7819 	3742
f 3670 	7794 	7796
f 3742 	3743 	7795
f 3748 	7806 	3749
f 7805 	3749 	7806
f 3928 	3751 	7802
f 7807 	3747 	3746
f 7807 	3746 	7808
f 3746 	3745 	7808
f 3745 	7820 	7809
f 7804 	3750 	7805
f 7806 	3748 	7807
f 3747 	7807 	3748
f 3826 	7814 	3827
f 3827 	7814 	7810
f 7811 	3840 	7810
f 3829 	3828 	7815
f 7818 	3828 	3830
f 3829 	7815 	3826
f 3831 	3850 	7822
f 3833 	7821 	7820
f 7813 	7812 	3841
f 3842 	3841 	7812
f 3841 	3840 	7813
f 7812 	7860 	3842
f 7862 	7825 	3847
f 3848 	3847 	7825
f 3844 	7817 	3843
f 7816 	3843 	7817
f 3848 	7825 	3844
f 7817 	3844 	7825
f 7823 	7822 	3850
f 3850 	3849 	7823
f 3843 	7816 	7824
f 3524 	7872 	3655
f 3658 	7829 	3656
f 7833 	7880 	3665
f 7831 	3660 	7828
f 3665 	3664 	7833
f 3663 	3662 	7835
f 7832 	7836 	3661
f 3662 	3661 	7836
f 3289 	7898 	3661
f 3663 	7834 	3664
f 4998 	7733 	7838
f 7837 	4444 	7838
f 4453 	4445 	7839
f 4448 	7845 	4449
f 4449 	7844 	4451
f 4453 	7839 	4454
f 7846 	4454 	7839
f 4454 	7846 	4456
f 7847 	4456 	7846
f 7847 	454 	4456
f 4998 	7838 	4444
f 4444 	7837 	7841
f 4451 	7843 	4452
f 7842 	4452 	7843
f 4448 	4447 	7845
f 7848 	7845 	4447
f 7844 	4449 	7845
f 7843 	4451 	7844
f 7848 	4447 	4463
f 4463 	7849 	7848
f 454 	4457 	4456
f 7849 	4462 	7850
f 7851 	7850 	4461
f 4462 	4461 	7850
f 456 	7851 	4460
f 4461 	4460 	7851
f 457 	456 	4459
f 4460 	4459 	456
f 3053 	457 	4459
f 4470 	7855 	464
f 4468 	7853 	4467
f 7857 	7856 	4471
f 4472 	4471 	7856
f 7857 	4471 	5019
f 4472 	7856 	7855
f 3621 	3620 	7858
f 7859 	3622 	7860
f 3622 	3842 	7860
f 3621 	7858 	3623
f 7861 	3623 	7858
f 7869 	3634 	7870
f 3633 	7871 	7870
f 7871 	3632 	467
f 7827 	3655 	7872
f 7873 	7872 	3524
f 694 	7876 	3529
f 7859 	3620 	3622
f 7868 	3627 	7861
f 3626 	3625 	7863
f 3624 	7865 	7864
f 3847 	3626 	7862
f 7863 	7862 	3626
f 3623 	7861 	3627
f 3629 	3628 	469
f 7866 	469 	3628
f 3628 	7867 	7866
f 469 	485 	3629
f 3633 	7870 	3634
f 7865 	3624 	7869
f 7871 	3633 	3632
f 3631 	467 	3632
f 7875 	3527 	7876
f 7877 	3536 	7878
f 7879 	3534 	7880
f 3533 	7880 	3534
f 3533 	3665 	7880
f 7878 	3535 	7879
f 3534 	7879 	3535
f 7882 	10086 	10087
f 7882 	10087 	7883
f 7883 	10087 	10088
f 7883 	10088 	7881
f 10086 	7882 	7894
f 10086 	10091 	10087
f 10088 	10085 	7881
f 10090 	7890 	7826
f 10090 	10089 	7884
f 10087 	10089 	10085
f 10090 	10085 	10089
f 7890 	10090 	7884
f 7892 	3304 	7893
f 3306 	7885 	7893
f 7894 	10091 	10086
f 10089 	10091 	7894
f 10089 	7894 	7884
f 10089 	10087 	10091
f 3226 	7896 	7897
f 7887 	3227 	7897
f 3149 	3141 	7916
f 3150 	3149 	7915
f 3070 	3150 	7917
f 7922 	3071 	7917
f 7915 	7917 	3150
f 3073 	3072 	7924
f 3302 	7886 	3303
f 7885 	3303 	7886
f 3305 	3304 	7891
f 3306 	7893 	3304
f 7887 	3307 	3227
f 7888 	3307 	7887
f 3305 	7891 	7905
f 7886 	3302 	7889
f 3308 	7889 	3302
f 7889 	3308 	7888
f 3307 	7888 	3308
f 7885 	3306 	3303
f 3660 	7831 	3225
f 3225 	7896 	3226
f 7832 	3661 	7898
f 3226 	7897 	3227
f 3292 	7899 	3289
f 7895 	3228 	7906
f 3140 	7906 	3228
f 3229 	3228 	7904
f 3231 	3230 	7902
f 7903 	3229 	7904
f 3232 	7901 	7900
f 3232 	3231 	7901
f 7902 	7901 	3231
f 7908 	3138 	7905
f 3139 	7905 	3138
f 3305 	7905 	3139
f 7907 	3141 	7908
f 3144 	3143 	7912
f 3148 	3147 	7909
f 3142 	7914 	7913
f 3142 	3155 	7914
f 3147 	3146 	7910
f 7911 	3146 	7912
f 7916 	7915 	3149
f 3070 	7917 	3071
f 3154 	3153 	7919
f 7920 	7919 	3153
f 3153 	3152 	7920
f 7921 	3152 	3151
f 7918 	3154 	7919
f 7925 	10092 	10093
f 7925 	10093 	7926
f 7927 	7935 	10094
f 7928 	10094 	10092
f 7928 	10092 	7925
f 7927 	10094 	7928
f 10094 	10095 	10092
f 10095 	10096 	10092
f 10095 	10105 	7931
f 7930 	10096 	10095
f 7930 	10095 	7931
f 10096 	7930 	7929
f 10096 	7929 	10097
f 10097 	7926 	10093
f 7926 	10097 	7929
f 10097 	10093 	10096
f 10093 	10092 	10096
f 7932 	10100 	7933
f 10099 	7933 	10100
f 10099 	10094 	7935
f 7933 	10099 	7935
f 10623 	10621 	10098
f 10100 	10104 	10099
f 10104 	10105 	10099
f 7937 	10102 	7938
f 7931 	10105 	7940
f 7941 	7940 	10105
f 7945 	10101 	7936
f 7989 	7934 	10098
f 10101 	7937 	7936
f 7937 	10101 	10102
f 7939 	7938 	10102
f 10637 	7974 	7944
f 10102 	10100 	7939
f 7932 	7939 	10100
f 7942 	10103 	7943
f 10103 	7942 	10104
f 7941 	10104 	7942
f 10105 	10104 	7941
f 7943 	10103 	7944
f 10637 	7944 	10103
f 10101 	10639 	10103
f 10100 	10102 	10104
f 10103 	10104 	10102
f 10102 	10101 	10103
f 10094 	10099 	10105
f 10095 	10094 	10105
f 10623 	10098 	7934
f 10106 	10109 	9681
f 10106 	9682 	10107
f 10106 	9681 	9682
f 10107 	9680 	10108
f 10112 	10109 	10106
f 10108 	10114 	10107
f 10110 	10108 	9673
f 9673 	9678 	10110
f 10112 	10111 	10109
f 10113 	10112 	10106
f 10107 	10114 	10113
f 10106 	10107 	10113
f 10114 	10108 	10110
f 10666 	10110 	9678
f 10111 	10112 	10667
f 10115 	10116 	9656
f 9656 	10116 	9655
f 9665 	10115 	9656
f 10137 	9677 	9679
f 9654 	9655 	10117
f 10115 	9665 	10118
f 10115 	10141 	10116
f 10112 	10113 	10663
f 10664 	10114 	10110
f 10668 	10663 	10113
f 10668 	10114 	10664
f 10113 	10114 	10668
f 10120 	9664 	9662
f 10121 	9664 	10120
f 10121 	10120 	9273
f 9276 	9273 	10120
f 9275 	10122 	10121
f 9273 	9275 	10121
f 9275 	10123 	10122
f 9275 	9279 	10123
f 10123 	10931 	10122
f 9282 	10125 	9279
f 10127 	10126 	10125
f 10125 	9282 	10127
f 10125 	10124 	10123
f 10123 	9279 	10125
f 10125 	10126 	10124
f 10931 	10123 	10124
f 9667 	10129 	9666
f 9667 	10130 	10129
f 10129 	10118 	9666
f 10143 	10118 	10129
f 10130 	9668 	10131
f 9668 	10133 	10131
f 9668 	9662 	10133
f 10133 	10132 	10131
f 10135 	10132 	10134
f 10132 	10133 	10134
f 9664 	10134 	10133
f 10133 	9662 	9664
f 9677 	10137 	10138
f 10138 	9675 	9677
f 10139 	10137 	9679
f 10117 	10140 	10139
f 9679 	10117 	10139
f 10141 	10140 	10116
f 10673 	10140 	10141
f 10142 	10673 	10141
f 10117 	10116 	10140
f 10141 	10115 	10142
f 10143 	10142 	10118
f 10115 	10118 	10142
f 10129 	10659 	10143
f 10144 	10145 	10131
f 10130 	10131 	10145
f 10132 	10146 	10144
f 10132 	10135 	10146
f 10131 	10132 	10144
f 2839 	10147 	2840
f 10149 	2850 	10148
f 10152 	3315 	10151
f 3315 	3314 	10151
f 3316 	10150 	3314
f 10151 	3314 	10150
f 3320 	3315 	10156
f 10152 	10156 	3315
f 3318 	10153 	3319
f 3322 	3321 	10155
f 10154 	10155 	3321
f 10154 	3321 	3320
f 10154 	3320 	10156
f 3316 	10157 	10150
f 3502 	3501 	10158
f 10159 	10158 	3501
f 10158 	10165 	3502
f 3501 	3319 	10153
f 3501 	10153 	10159
f 10163 	3313 	10160
f 3313 	3312 	10160
f 10166 	10160 	3312
f 10167 	3504 	10162
f 10161 	10162 	3324
f 10161 	3324 	3323
f 10163 	10161 	3313
f 3323 	3313 	10161
f 10170 	3325 	10164
f 3325 	3499 	10164
f 10165 	10166 	3502
f 3312 	3502 	10166
f 3324 	10162 	3504
f 3325 	10170 	4424
f 4426 	10171 	4427
f 4430 	4429 	10173
f 10172 	10173 	4429
f 4428 	10172 	4429
f 10174 	10168 	4422
f 10169 	4422 	10168
f 10177 	3506 	10176
f 10175 	10176 	3506
f 10175 	3506 	3507
f 10180 	3508 	10178
f 3508 	3509 	10178
f 3509 	3506 	10178
f 10177 	10178 	3506
f 10182 	3510 	10179
f 3510 	3511 	10179
f 3513 	3512 	10181
f 10180 	10181 	3512
f 10180 	3512 	3508
f 3316 	3513 	10157
f 10181 	10157 	3513
f 10182 	10183 	3510
f 3518 	3510 	10183
f 3507 	3518 	10183
f 3507 	10183 	10175
f 3514 	3515 	10186
f 10185 	10186 	3515
f 10187 	10191 	3517
f 10187 	3517 	3516
f 10187 	3516 	10190
f 10190 	3519 	10189
f 10188 	10189 	3519
f 10186 	10188 	3519
f 10186 	3519 	3514
f 10197 	10185 	3515
f 3517 	10191 	3511
f 10191 	10184 	3511
f 10179 	3511 	10184
f 3516 	3519 	10190
f 10193 	4113 	10192
f 4113 	4112 	10192
f 10196 	10192 	4112
f 4420 	4419 	10194
f 10193 	10194 	4419
f 10193 	4419 	4113
f 10194 	10197 	4421
f 10194 	4421 	4420
f 10195 	4423 	10169
f 4423 	4422 	10169
f 4112 	4423 	10195
f 4112 	10195 	10196
f 4431 	10174 	4422
f 10197 	3515 	4421
f 5039 	5038 	10198
f 5039 	10198 	10199
f 5039 	10199 	5040
f 5041 	10200 	10201
f 5041 	10201 	5042
f 10209 	5044 	10202
f 5043 	10202 	5044
f 10209 	5052 	5044
f 5046 	10203 	5045
f 10203 	5047 	5045
f 10205 	5048 	10204
f 10207 	5048 	10205
f 5048 	5049 	10204
f 10206 	10204 	5049
f 5049 	5078 	10206
f 5048 	10207 	5037
f 5050 	10208 	5051
f 10210 	5052 	10209
f 10214 	5053 	10211
f 10210 	10211 	5053
f 10210 	5053 	5052
f 5055 	5054 	10212
f 5056 	10212 	5054
f 10220 	5066 	10213
f 10214 	5058 	5053
f 10216 	5062 	10215
f 5061 	10215 	5062
f 10219 	5064 	10218
f 5064 	5063 	10218
f 10217 	10218 	5063
f 5065 	10217 	5063
f 10241 	5089 	10219
f 5057 	10213 	5066
f 10221 	10222 	5069
f 10221 	5069 	5068
f 10224 	5072 	10223
f 10222 	10223 	5072
f 10222 	5072 	5071
f 10222 	5071 	5069
f 10224 	10225 	5073
f 10224 	5073 	5072
f 10228 	5075 	10227
f 5075 	5074 	10227
f 10226 	10227 	5076
f 5074 	5076 	10227
f 10228 	5079 	5075
f 5073 	10225 	5077
f 10229 	10206 	5078
f 10229 	5079 	10228
f 5078 	5079 	10229
f 10225 	10230 	5077
f 5076 	5077 	10230
f 5076 	10230 	10226
f 10221 	5068 	10232
f 10231 	10232 	5068
f 10231 	5068 	5080
f 10233 	10234 	5081
f 5082 	5081 	10234
f 10231 	5082 	10234
f 10237 	5083 	10236
f 5083 	5084 	10236
f 10235 	10236 	5084
f 10237 	10238 	5083
f 5085 	5083 	10238
f 5081 	5085 	10238
f 5081 	10238 	10233
f 5080 	5082 	10231
f 10243 	5087 	10240
f 5087 	5088 	10240
f 10239 	10240 	5088
f 5064 	10219 	5089
f 10241 	10242 	5090
f 5088 	5090 	10242
f 5088 	10242 	10239
f 5090 	5089 	10241
f 10243 	10235 	5092
f 5084 	5092 	10235
f 5092 	5087 	10243
f 10246 	10247 	5787
f 5787 	5788 	10246
f 10245 	10246 	5788
f 10249 	5790 	10248
f 5794 	5790 	10258
f 5790 	5789 	10248
f 10247 	10248 	5789
f 10247 	5789 	5787
f 10253 	5793 	10250
f 5792 	5791 	10250
f 10252 	10250 	5791
f 10249 	10258 	5790
f 10252 	5791 	10251
f 10244 	10251 	5791
f 5786 	10244 	5791
f 5792 	10250 	5793
f 5788 	5793 	10253
f 5788 	10253 	10245
f 10256 	5795 	10255
f 5795 	5794 	10255
f 10254 	10255 	5794
f 5794 	10258 	10254
f 10257 	10259 	5796
f 5796 	5795 	10257
f 10256 	10257 	5795
f 5797 	10260 	10261
f 5797 	10261 	5798
f 10264 	5799 	10263
f 10270 	5805 	10264
f 5799 	5800 	10263
f 10262 	10263 	5800
f 5801 	10265 	5802
f 10266 	5802 	10265
f 10268 	10269 	5803
f 5804 	5803 	10269
f 10267 	5804 	10269
f 10270 	10268 	5805
f 5803 	5805 	10268
f 10267 	5806 	5804
f 5799 	10264 	5805
f 5810 	5808 	10273
f 10274 	5810 	10273
f 5800 	5810 	10262
f 10272 	10273 	5808
f 5807 	10272 	5808
f 10271 	10272 	5807
f 5812 	10275 	5807
f 10274 	10262 	5810
f 10259 	10275 	5812
f 5796 	10259 	5812
f 10271 	5807 	10275
f 5988 	5987 	11260
f 5951 	5976 	11260
f 5977 	10713 	5987
f 6634 	6636 	914
f 4987 	3659 	10276
f 5785 	4987 	10276
f 12239 	6524 	6782
f 6782 	6781 	12239
f 6781 	6780 	12239
f 12271 	12252 	10276
f 5785 	10276 	12252
f 12286 	12283 	6778
f 11269 	10710 	4339
f 10279 	4339 	10710
f 10282 	10288 	10281
f 10291 	10675 	868
f 10284 	912 	10283
f 877 	10281 	10283
f 912 	877 	10283
f 10284 	10283 	10677
f 10291 	868 	855
f 860 	868 	10675
f 4342 	10699 	909
f 11277 	911 	10285
f 813 	11277 	10286
f 10286 	10287 	813
f 10287 	746 	813
f 10697 	10285 	911
f 10674 	855 	746
f 10289 	10281 	10288
f 10700 	10290 	10674
f 9889 	10293 	9887
f 9892 	11254 	10294
f 9892 	10294 	9891
f 9863 	11253 	10292
f 10292 	11256 	9894
f 9889 	10298 	10293
f 9893 	11255 	11254
f 11256 	11255 	9894
f 9893 	11254 	9892
f 9893 	9894 	11255
f 11253 	11256 	10292
f 9890 	10295 	10296
f 9890 	10296 	9886
f 9886 	10296 	9884
f 10295 	9888 	10297
f 9887 	10293 	10297
f 9891 	10294 	10298
f 10349 	10295 	10297
f 10297 	10293 	10345
f 10294 	11752 	11751
f 10294 	11751 	10298
f 11254 	11752 	10294
f 10299 	10300 	10301
f 10301 	10303 	10302
f 10301 	10302 	10299
f 10299 	10304 	10300
f 10303 	8883 	10302
f 10305 	10302 	8880
f 8882 	10305 	8880
f 10306 	9326 	9338
f 9328 	10307 	10305
f 10305 	8882 	9328
f 10306 	10307 	9328
f 9328 	9326 	10306
f 10306 	9338 	10308
f 10306 	10309 	10307
f 10308 	10309 	10306
f 10310 	10311 	10309
f 10308 	10310 	10309
f 10311 	10312 	10313
f 10310 	10312 	10311
f 9336 	10310 	10308
f 10321 	10311 	10313
f 10337 	10314 	10313
f 10313 	10312 	10337
f 10315 	10316 	10304
f 10304 	10299 	10315
f 10317 	10299 	10302
f 10302 	10305 	10317
f 10318 	10327 	10315
f 10315 	10319 	10318
f 10319 	10315 	10299
f 10317 	10319 	10299
f 10317 	10320 	10319
f 10305 	10307 	10317
f 10307 	10320 	10317
f 10319 	10321 	10318
f 10320 	10321 	10319
f 10318 	10321 	10322
f 10320 	10311 	10321
f 10307 	10309 	10320
f 10311 	10320 	10309
f 10313 	10322 	10321
f 10313 	10314 	10322
f 10327 	10328 	10315
f 10316 	10315 	10328
f 10323 	10324 	10325
f 10327 	10323 	10325
f 10327 	10325 	10326
f 10327 	10326 	10328
f 10335 	10323 	10327
f 10335 	10327 	10318
f 10322 	10314 	10329
f 10332 	10331 	10333
f 10333 	10334 	10332
f 10334 	10324 	10323
f 10334 	10323 	10332
f 10335 	10336 	10323
f 10336 	10332 	10323
f 10329 	10335 	10322
f 10335 	10329 	10336
f 10318 	10322 	10335
f 10336 	10717 	10332
f 9881 	10312 	10310
f 9881 	10310 	9336
f 10338 	10339 	10314
f 10340 	10341 	10339
f 10338 	10340 	10339
f 10337 	10338 	10314
f 10337 	10342 	10338
f 10344 	10342 	10337
f 10342 	10343 	10338
f 10338 	10343 	10340
f 10344 	10337 	10312
f 9881 	10344 	10312
f 9881 	9882 	10344
f 10342 	9884 	10343
f 10343 	10348 	10340
f 9883 	10342 	10344
f 9883 	9884 	10342
f 9884 	10296 	10343
f 10293 	10346 	10345
f 10293 	10298 	10346
f 10298 	11751 	10346
f 10340 	10348 	10347
f 10295 	10348 	10296
f 10345 	10349 	10297
f 10351 	10352 	10350
f 10350 	10353 	10351
f 10353 	10350 	10354
f 10347 	10353 	10354
f 10347 	10354 	10341
f 10341 	10340 	10347
f 10349 	10353 	10347
f 10347 	10348 	10349
f 10351 	10353 	10345
f 10349 	10345 	10353
f 10345 	10346 	10351
f 10295 	10349 	10348
f 10343 	10296 	10348
f 2496 	2495 	9996
f 9997 	9996 	2495
f 9970 	2493 	9971
f 2493 	9970 	2494
f 9969 	2494 	9970
f 2495 	9969 	9997
f 2494 	9969 	2495
f 2498 	2497 	9972
f 9974 	2499 	9965
f 9973 	2497 	9975
f 2499 	9974 	2500
f 9975 	2500 	9974
f 9978 	9977 	2503
f 2504 	2503 	9977
f 2504 	9977 	2505
f 9976 	2505 	9977
f 9978 	2503 	2502
f 9978 	2502 	9979
f 9980 	9979 	2501
f 2502 	2501 	9979
f 9990 	9980 	2515
f 2501 	2515 	9980
f 2506 	9983 	2507
f 9993 	2507 	9983
f 9984 	2508 	9985
f 9983 	2506 	9984
f 2508 	9984 	2506
f 2511 	9989 	9988
f 9985 	2510 	9986
f 2509 	9986 	2510
f 2513 	2512 	9987
f 2511 	2535 	9989
f 2498 	9972 	9986
f 2509 	2498 	9986
f 2515 	2514 	9990
f 9987 	9991 	2513
f 9992 	2516 	9993
f 2516 	2507 	9993
f 9994 	2517 	2516
f 9994 	2516 	9992
f 9994 	9995 	2517
f 9896 	9992 	6021
f 9995 	9994 	9896
f 9972 	9973 	12358
f 7092 	10358 	7091
f 10357 	7091 	10358
f 10366 	7093 	10367
f 7099 	10384 	7094
f 7095 	10377 	7093
f 7095 	7094 	10388
f 10384 	10388 	7094
f 7093 	10366 	7139
f 10365 	7139 	10366
f 10381 	7141 	10365
f 7139 	10365 	7141
f 10381 	10386 	7141
f 10385 	10387 	7142
f 10380 	10379 	7143
f 10722 	10396 	7652
f 10356 	10377 	10355
f 10355 	10377 	9443
f 10358 	9441 	10357
f 10419 	10420 	9421
f 9439 	10382 	9438
f 10372 	10371 	7650
f 10355 	2477 	10356
f 10356 	2477 	2476
f 9443 	2478 	10355
f 10359 	2479 	10360
f 2486 	10360 	2479
f 2479 	10359 	2480
f 2486 	2580 	10360
f 10368 	10362 	10366
f 10364 	10368 	10366
f 10367 	10364 	10366
f 10367 	10377 	10363
f 10363 	10364 	10367
f 10365 	10366 	10362
f 10381 	10365 	10361
f 10369 	10381 	10361
f 10380 	10387 	10400
f 10371 	10359 	7650
f 10360 	7650 	10359
f 10373 	10372 	7650
f 7650 	7652 	10373
f 10375 	7652 	10374
f 10375 	10373 	7652
f 2481 	10371 	10372
f 10373 	2482 	10372
f 10374 	2484 	10375
f 10375 	2483 	10373
f 2484 	10374 	10376
f 10363 	10377 	10356
f 10367 	7093 	10377
f 10362 	2470 	10361
f 2469 	10361 	2470
f 2474 	10361 	2469
f 10368 	2475 	10362
f 2470 	10362 	2475
f 2471 	2472 	10363
f 10364 	10363 	2472
f 2476 	2471 	10363
f 10364 	2472 	2475
f 10364 	2475 	10368
f 10361 	2474 	10369
f 10369 	2474 	2473
f 10369 	2473 	10370
f 10363 	10356 	2476
f 10399 	10370 	2466
f 10371 	2480 	10359
f 2480 	10371 	2481
f 2482 	2481 	10372
f 10375 	2484 	2483
f 2482 	10373 	2483
f 10376 	2485 	2484
f 10399 	10400 	10387
f 10400 	10401 	10380
f 7146 	7143 	10379
f 10362 	10361 	10365
f 10383 	9438 	10382
f 10382 	7099 	10383
f 7091 	10383 	7099
f 10357 	9438 	10383
f 7091 	10357 	10383
f 10382 	9440 	10384
f 10384 	7099 	10382
f 10381 	10369 	10386
f 10385 	10386 	10369
f 10386 	10385 	7142
f 10370 	10399 	10385
f 10387 	10385 	10399
f 10369 	10370 	10385
f 7142 	7141 	10386
f 10384 	9442 	10388
f 10388 	9443 	10377
f 10377 	7095 	10388
f 10380 	7143 	10387
f 7143 	7142 	10387
f 10420 	10418 	9423
f 10391 	10722 	10390
f 10389 	10390 	10722
f 10394 	10722 	10393
f 10396 	10722 	10394
f 10393 	10722 	10391
f 10395 	7652 	10396
f 10401 	10402 	10380
f 10379 	10380 	10402
f 10402 	10403 	10379
f 10398 	10379 	10403
f 10403 	10404 	10398
f 10397 	10398 	10404
f 10407 	10397 	10405
f 10406 	7652 	10395
f 10376 	7652 	10406
f 10374 	7652 	10376
f 10393 	2455 	10394
f 2454 	2456 	10394
f 2464 	10401 	2465
f 2466 	2465 	10399
f 7146 	10398 	10397
f 10379 	10398 	7146
f 2445 	10391 	2446
f 2446 	10390 	2447
f 2455 	10393 	2445
f 10389 	10392 	2447
f 2448 	2447 	10392
f 2225 	2448 	10449
f 10392 	10449 	2448
f 10391 	2445 	10393
f 10395 	2468 	10406
f 10396 	2456 	10395
f 2468 	10395 	2456
f 10401 	2464 	10402
f 2463 	10402 	2464
f 10400 	2465 	10401
f 10403 	2462 	10404
f 10404 	2461 	10405
f 2460 	10405 	2461
f 2473 	2466 	10370
f 10400 	10399 	2465
f 2463 	10403 	10402
f 2460 	10452 	10405
f 10376 	10406 	2485
f 10392 	10389 	10722
f 10358 	7092 	10378
f 7148 	7147 	10414
f 10429 	10428 	7154
f 10397 	7166 	7146
f 7167 	7166 	10407
f 7150 	10378 	7092
f 10415 	7147 	10417
f 7153 	7152 	10426
f 10412 	10418 	7149
f 7155 	7154 	10428
f 10426 	10430 	7153
f 7155 	10428 	10431
f 10432 	10417 	7156
f 7156 	7155 	10432
f 10431 	10432 	7155
f 7149 	7148 	10412
f 10416 	10412 	7148
f 10418 	10412 	9427
f 10411 	2249 	9424
f 10416 	10413 	9424
f 10411 	9424 	10413
f 10410 	10411 	10413
f 10413 	10414 	10410
f 10409 	10410 	10414
f 10408 	2252 	10409
f 2250 	10410 	2251
f 2246 	9424 	2249
f 2249 	10411 	2250
f 10414 	10415 	10409
f 10408 	10409 	10415
f 10432 	10431 	10422
f 10413 	7148 	10414
f 7148 	10413 	10416
f 2251 	10409 	2252
f 10409 	2251 	10410
f 10410 	2250 	10411
f 7147 	10415 	10414
f 7156 	10417 	7147
f 10412 	10416 	9425
f 9424 	9425 	10416
f 9425 	9426 	10412
f 9426 	9427 	10412
f 7150 	10419 	10378
f 10420 	7149 	10418
f 10419 	7150 	10420
f 7149 	10420 	7150
f 10422 	10425 	10432
f 10417 	10432 	10425
f 10408 	10417 	10425
f 10427 	10457 	10426
f 2252 	10408 	10425
f 2248 	10422 	10421
f 2248 	10421 	2247
f 10424 	2254 	10421
f 2247 	10421 	2254
f 10425 	10422 	2253
f 2248 	2253 	10422
f 2254 	10424 	2255
f 10423 	2255 	10424
f 10425 	2253 	2252
f 10423 	10459 	2255
f 10423 	10424 	10429
f 10430 	10458 	10429
f 10424 	10421 	10428
f 10415 	10417 	10408
f 10426 	10457 	10430
f 10430 	10429 	7154
f 10428 	10429 	10424
f 7154 	7153 	10430
f 10421 	10422 	10431
f 10431 	10428 	10421
f 10721 	10455 	10427
f 10434 	9899 	10436
f 10435 	10436 	9899
f 10437 	10435 	9899
f 10439 	10437 	9899
f 10438 	10439 	9899
f 10433 	10438 	9899
f 10441 	9899 	10440
f 10441 	10433 	9899
f 10435 	2242 	10436
f 2241 	10434 	10436
f 2245 	10438 	2238
f 2241 	10436 	2242
f 2242 	10435 	2243
f 10437 	2243 	10435
f 2244 	2243 	10439
f 2245 	2244 	10438
f 10433 	2238 	10438
f 2238 	10433 	2239
f 10441 	2239 	10433
f 2559 	2561 	9414
f 10441 	10440 	2239
f 2561 	2239 	10440
f 10451 	10726 	10443
f 10445 	10448 	10723
f 10444 	10445 	10723
f 10446 	10444 	10723
f 10723 	10726 	10446
f 10448 	10449 	10723
f 10449 	10392 	10723
f 10722 	10723 	10392
f 10450 	10447 	10726
f 10460 	10407 	10453
f 10455 	10721 	10454
f 10453 	10454 	10460
f 10456 	10427 	10455
f 10457 	10427 	10456
f 10458 	10430 	10457
f 10459 	10429 	10458
f 10452 	10453 	10407
f 10404 	10405 	10397
f 10405 	10452 	10407
f 10444 	10446 	2222
f 2231 	2230 	10457
f 2230 	2229 	10458
f 11379 	10031 	10034
f 9465 	10461 	9458
f 9461 	9459 	10462
f 10463 	10464 	10462
f 10473 	10461 	9465
f 10473 	10465 	10461
f 10463 	10461 	10465
f 9459 	10461 	10463
f 10465 	10466 	10463
f 10464 	10463 	10467
f 10466 	10467 	10463
f 10466 	10468 	10467
f 10466 	10469 	10471
f 10470 	10471 	10469
f 10468 	10466 	10471
f 10477 	10466 	10465
f 10465 	10473 	10472
f 9465 	10481 	10473
f 10474 	10475 	10476
f 10477 	10472 	10474
f 10476 	10477 	10474
f 10476 	10469 	10477
f 10477 	10465 	10472
f 10478 	10469 	10476
f 10477 	10469 	10466
f 10479 	10470 	10469
f 10479 	10469 	10478
f 10478 	10480 	10479
f 9464 	10482 	10481
f 9464 	9467 	10482
f 10484 	10474 	10485
f 10487 	10486 	10483
f 10483 	10485 	10487
f 10481 	10482 	10486
f 10487 	10481 	10486
f 10487 	10473 	10481
f 10475 	10484 	10516
f 10474 	10484 	10475
f 10472 	10487 	10485
f 10474 	10472 	10485
f 10487 	10472 	10473
f 9465 	9464 	10481
f 10475 	10488 	10476
f 10475 	10489 	10488
f 10490 	10488 	10489
f 10492 	10488 	10490
f 10491 	10492 	10490
f 10494 	10492 	10493
f 10491 	10493 	10492
f 10491 	10495 	10493
f 10488 	10478 	10476
f 10488 	10492 	10478
f 10491 	10499 	10496
f 10491 	10496 	10495
f 10492 	10497 	10478
f 10480 	10478 	10497
f 10494 	10497 	10492
f 10498 	10496 	10499
f 10499 	7271 	10498
f 10482 	9467 	10500
f 9469 	10500 	9467
f 10500 	9469 	9470
f 10509 	10502 	10503
f 10501 	10505 	10503
f 10503 	10502 	10483
f 10503 	10483 	10486
f 10515 	10483 	10502
f 10486 	10501 	10503
f 10501 	10482 	10500
f 10486 	10482 	10501
f 9470 	10504 	10500
f 10501 	10500 	10504
f 10504 	10506 	10505
f 10508 	10502 	10509
f 10509 	10503 	10505
f 10504 	10505 	10501
f 10507 	10508 	10518
f 10508 	10509 	10519
f 10520 	10509 	10505
f 9475 	9481 	10506
f 10506 	10504 	9475
f 10504 	9470 	9475
f 10506 	9481 	9485
f 10511 	10507 	10510
f 10511 	10508 	10507
f 10510 	10512 	10511
f 10511 	10502 	10508
f 10513 	10510 	10514
f 10513 	10512 	10510
f 10511 	10515 	10502
f 10511 	10512 	10515
f 10516 	10512 	10513
f 10521 	10514 	10510
f 10484 	10485 	10515
f 10515 	10485 	10483
f 10484 	10515 	10512
f 10484 	10512 	10516
f 10518 	10517 	10507
f 10519 	10518 	10508
f 10520 	10519 	10509
f 10506 	10520 	10505
f 10506 	9485 	10520
f 10524 	10523 	9510
f 10525 	9512 	9509
f 9509 	10526 	10525
f 10046 	10523 	10524
f 10046 	10526 	10523
f 10526 	10046 	10525
f 10046 	10527 	10525
f 10526 	9511 	10523
f 10527 	9513 	9512
f 10527 	9512 	10525
f 9513 	10527 	10528
f 10531 	82 	9515
f 9515 	10530 	10531
f 10531 	10532 	82
f 10530 	10529 	10531
f 10529 	10530 	10528
f 10531 	10533 	10532
f 10528 	10527 	10046
f 10528 	10046 	10529
f 10531 	10529 	10533
f 10539 	10888 	10538
f 10534 	10541 	10532
f 10534 	10532 	10533
f 10535 	10537 	10542
f 10536 	10541 	10534
f 10539 	10889 	10888
f 314 	10541 	10540
f 10542 	10540 	10535
f 10540 	10536 	10535
f 10537 	10543 	10542
f 10538 	10543 	10537
f 10541 	10536 	10540
f 331 	10541 	314
f 331 	10532 	10541
f 10543 	366 	10542
f 817 	366 	10543
f 10544 	2099 	2098
f 2093 	2099 	10544
f 10544 	2098 	10545
f 2097 	10545 	2098
f 10545 	10546 	10544
f 10545 	10547 	10546
f 10547 	10548 	10546
f 10547 	10549 	10548
f 2097 	2100 	10545
f 10548 	9128 	8437
f 8526 	2093 	10544
f 8527 	8526 	10544
f 8527 	10544 	10546
f 8437 	10546 	10548
f 2100 	2101 	10550
f 2100 	10550 	10545
f 10550 	10547 	10545
f 10551 	10547 	10550
f 10551 	10549 	10547
f 2101 	2102 	10550
f 10550 	2102 	10552
f 2103 	10552 	2102
f 10552 	10551 	10550
f 10552 	2103 	2104
f 11039 	10552 	2104
f 10554 	10551 	10553
f 10553 	10555 	10554
f 10554 	10549 	10551
f 10554 	10557 	10549
f 10855 	10554 	10555
f 11040 	10555 	10553
f 9127 	9128 	10556
f 10549 	10557 	10556
f 10561 	10556 	10557
f 10561 	10557 	10559
f 10556 	10548 	10549
f 10548 	10556 	9128
f 10558 	10559 	10560
f 10561 	9127 	10556
f 10560 	10562 	10558
f 10563 	10561 	10559
f 10558 	10563 	10559
f 9131 	9127 	10561
f 10563 	9131 	10561
f 9489 	9486 	10563
f 10554 	10855 	10557
f 10855 	10560 	10559
f 9492 	9491 	10564
f 9490 	10564 	9491
f 10558 	9489 	10563
f 10558 	10565 	9489
f 9490 	9489 	10565
f 10565 	10564 	9490
f 9492 	10564 	10566
f 10565 	10558 	10562
f 10562 	10567 	10565
f 10567 	10564 	10565
f 10567 	10566 	10564
f 10567 	10568 	10566
f 10566 	10568 	10569
f 10573 	10576 	10067
f 10059 	10060 	10591
f 10592 	10060 	10593
f 10583 	10062 	10584
f 10062 	10061 	10584
f 10580 	10063 	10579
f 10067 	10066 	10573
f 10066 	10574 	10573
f 10572 	10574 	10064
f 10065 	10572 	10064
f 10061 	10589 	10582
f 10057 	10588 	10590
f 10572 	2731 	2732
f 10572 	2988 	2992
f 10069 	10067 	10576
f 10577 	10069 	10576
f 2992 	10574 	10572
f 2970 	2971 	10572
f 3909 	10575 	3708
f 2970 	10572 	2732
f 10577 	10578 	10071
f 10069 	10577 	10071
f 10597 	10072 	10052
f 10073 	10072 	10599
f 10600 	10596 	10074
f 10056 	10579 	10063
f 10581 	10579 	10056
f 10594 	10901 	10593
f 10579 	10581 	10901
f 10581 	10583 	10901
f 10583 	10584 	10901
f 10584 	10582 	10901
f 10582 	10589 	10901
f 10059 	10585 	10586
f 10059 	10591 	10585
f 10589 	10590 	10901
f 10590 	10588 	10901
f 10587 	10901 	10588
f 10587 	10586 	10901
f 10585 	10591 	10901
f 10585 	10901 	10586
f 10592 	10901 	10591
f 10593 	10901 	10592
f 10595 	10901 	10594
f 10601 	10901 	10600
f 10600 	10901 	10596
f 10596 	10901 	10595
f 10602 	10901 	10597
f 10074 	10073 	10600
f 10601 	10600 	10073
f 10073 	10599 	10601
f 10602 	10597 	10052
f 10052 	10053 	10602
f 10598 	10901 	10599
f 10598 	10597 	10901
f 10053 	10901 	10602
f 2992 	10575 	10578
f 10599 	10901 	10601
f 6736 	6715 	10575
f 10608 	6735 	10575
f 10053 	10054 	5286
f 10604 	10617 	10603
f 10614 	10615 	9540
f 9137 	9139 	10612
f 9540 	10050 	10614
f 10615 	5662 	10054
f 10617 	10606 	10603
f 10613 	10609 	9137
f 9137 	10612 	10613
f 10604 	10605 	10617
f 10607 	10612 	10606
f 10610 	10612 	10607
f 9139 	9140 	10608
f 9139 	10608 	10612
f 10609 	10613 	10611
f 10613 	10612 	10611
f 10608 	10606 	10612
f 10610 	10611 	10612
f 10615 	10054 	9540
f 10614 	5662 	10615
f 6632 	10616 	10617
f 10617 	10605 	6632
f 9146 	10618 	10616
f 10618 	10617 	10616
f 10604 	10619 	10620
f 10604 	10620 	10605
f 9528 	9147 	5667
f 5935 	6635 	5936
f 5940 	9545 	9543
f 5943 	5666 	9548
f 5666 	844 	9549
f 9548 	5666 	9549
f 9557 	5944 	9543
f 9557 	9528 	5944
f 6633 	5936 	10616
f 5662 	10614 	10899
f 6631 	6632 	10605
f 10616 	6632 	6633
f 10620 	4287 	10605
f 6631 	10605 	4287
f 10616 	5936 	9146
f 9146 	912 	9147
f 10572 	2721 	2718
f 10572 	2718 	2725
f 10572 	2725 	2731
f 10572 	2590 	2705
f 10572 	2588 	2590
f 10572 	2377 	2588
f 2705 	2721 	10572
f 10580 	10579 	10901
f 10575 	2992 	2989
f 10576 	10573 	2992
f 10576 	2992 	10577
f 10574 	2992 	10573
f 10621 	10650 	10098
f 10650 	10621 	7946
f 10621 	10622 	7947
f 10621 	7947 	7946
f 7947 	10622 	10623
f 7947 	10623 	7948
f 7948 	10623 	7934
f 10623 	10622 	10621
f 7949 	10624 	10655
f 7949 	10655 	8004
f 10624 	10625 	10655
f 10656 	10655 	10625
f 7950 	8007 	10625
f 10625 	10626 	7950
f 10624 	7949 	7952
f 10624 	10627 	10625
f 10626 	7951 	7950
f 7951 	10626 	10627
f 7951 	10627 	7952
f 7952 	10627 	10624
f 10626 	10625 	10627
f 7953 	10630 	7954
f 10628 	7955 	7954
f 10628 	7954 	10630
f 7958 	10629 	7957
f 7953 	7956 	10630
f 10630 	7956 	10629
f 7957 	10629 	7956
f 10629 	10636 	10630
f 10630 	10636 	10628
f 10631 	10643 	7965
f 7969 	10635 	7970
f 7971 	7970 	10635
f 7964 	7963 	10631
f 7964 	10631 	7965
f 10632 	7967 	10633
f 7967 	10632 	7969
f 10634 	7962 	7961
f 7961 	10628 	10634
f 7955 	10628 	7961
f 7962 	10634 	7963
f 7963 	10634 	10631
f 7969 	10632 	10635
f 10633 	7966 	10642
f 7966 	10633 	7967
f 7968 	10642 	7966
f 10636 	7959 	7973
f 7959 	10636 	10640
f 7972 	10636 	7973
f 10636 	7972 	7971
f 10636 	7971 	10635
f 10632 	10631 	10635
f 10634 	10628 	10636
f 10642 	10644 	10633
f 10640 	10636 	10629
f 10636 	10635 	10634
f 10631 	10634 	10635
f 7958 	10637 	10629
f 7974 	10637 	7958
f 7976 	10638 	10639
f 7976 	10639 	7977
f 10638 	7976 	7975
f 10101 	7945 	10639
f 7977 	10639 	7945
f 7960 	10640 	7978
f 7959 	10640 	7960
f 10638 	7979 	10640
f 7978 	10640 	7979
f 10629 	10637 	10640
f 10638 	10640 	10637
f 10639 	10638 	10637
f 10637 	10103 	10639
f 7979 	10638 	7975
f 7980 	10641 	7981
f 10642 	7968 	7982
f 10642 	7982 	7981
f 10642 	7981 	10641
f 10641 	10647 	10642
f 7983 	7965 	10643
f 10644 	7984 	10643
f 7983 	10643 	7984
f 10644 	7985 	7984
f 7985 	10644 	7986
f 10644 	10643 	10633
f 10632 	10633 	10643
f 10631 	10632 	10643
f 10647 	10645 	7988
f 7988 	10645 	10641
f 7988 	10641 	7980
f 10098 	10646 	7989
f 10641 	10645 	10647
f 10098 	10650 	10646
f 7989 	10646 	10654
f 7989 	10654 	8003
f 7986 	10647 	7987
f 10644 	10647 	7986
f 7987 	10647 	7993
f 7993 	10647 	7988
f 10644 	10642 	10647
f 7996 	10648 	10649
f 7996 	10649 	7994
f 7999 	10650 	7946
f 10648 	7996 	10651
f 7998 	10651 	7996
f 10652 	7995 	7994
f 10652 	7994 	10649
f 7995 	10652 	10653
f 7995 	10653 	7997
f 7997 	10653 	10650
f 7997 	10650 	7999
f 10648 	10646 	10649
f 10654 	10646 	10648
f 10649 	10646 	10650
f 10651 	10654 	10648
f 10650 	10653 	10652
f 10650 	10652 	10649
f 10656 	10625 	8007
f 2459 	7992 	8002
f 2458 	2450 	8006
f 10651 	7998 	10654
f 8003 	10654 	7998
f 8004 	10655 	10656
f 8004 	10656 	8007
f 8005 	2457 	8006
f 2117 	2116 	8008
f 8011 	2120 	8009
f 7991 	2451 	8011
f 8010 	2118 	8008
f 2121 	2138 	8018
f 2129 	8021 	8019
f 2128 	8020 	2129
f 8021 	2129 	8020
f 2130 	8026 	8025
f 2130 	2127 	8026
f 1733 	8028 	8027
f 8028 	1732 	8005
f 8035 	8034 	1738
f 8039 	1579 	8040
f 1579 	1581 	8040
f 1587 	1586 	8473
f 2450 	2449 	8000
f 8001 	8000 	2449
f 2452 	7990 	2453
f 2459 	8002 	2449
f 8001 	2449 	8002
f 8000 	8006 	2450
f 8019 	8008 	2116
f 2119 	8010 	8009
f 8009 	2120 	2119
f 2117 	8008 	2118
f 8015 	2124 	8016
f 2123 	8016 	2124
f 8017 	2122 	8018
f 8029 	8018 	2138
f 2126 	8013 	2127
f 8012 	2127 	8013
f 2126 	8014 	8013
f 8026 	2127 	8012
f 2123 	8017 	8016
f 8014 	2125 	8015
f 2129 	8019 	2116
f 2133 	2132 	8023
f 1515 	2133 	8022
f 8024 	2131 	8025
f 8025 	2131 	2130
f 2457 	8005 	1732
f 1582 	1733 	8044
f 1589 	8471 	1590
f 1590 	8038 	1844
f 8031 	1742 	8032
f 1743 	8030 	8029
f 8030 	1743 	8031
f 1742 	8031 	1743
f 1739 	8034 	8033
f 1738 	1737 	8035
f 1739 	1738 	8034
f 8039 	1578 	1579
f 1583 	8041 	1580
f 8042 	8040 	1581
f 1581 	1580 	8042
f 8041 	8042 	1580
f 1584 	568 	8476
f 568 	8519 	8476
f 8043 	8041 	1583
f 1583 	1582 	8043
f 8044 	8043 	1582
f 1584 	8476 	8475
f 1589 	8472 	8471
f 1587 	8473 	8472
f 8038 	1590 	8471
f 7921 	3151 	8484
f 8488 	3074 	7924
f 3073 	7924 	3074
f 3074 	8488 	2856
f 2954 	700 	3532
f 694 	3532 	700
f 3004 	3003 	701
f 3000 	7877 	8481
f 8478 	3003 	3002
f 8478 	3002 	8479
f 3002 	3001 	8479
f 8480 	8479 	3001
f 8481 	8480 	3000
f 3001 	3000 	8480
f 2972 	776 	8487
f 8482 	2968 	8483
f 2969 	8483 	2968
f 8482 	8484 	2968
f 8483 	2969 	8485
f 2974 	8485 	2969
f 3151 	2968 	8484
f 2974 	2973 	8485
f 2972 	8487 	8486
f 8489 	2856 	8488
f 2858 	2857 	8490
f 8491 	8490 	2857
f 2859 	8492 	2857
f 8491 	2857 	8492
f 8492 	2859 	8489
f 2856 	8489 	2859
f 8020 	2128 	8495
f 8495 	2128 	1469
f 1469 	1472 	8495
f 8496 	8495 	1472
f 1473 	8497 	1472
f 1516 	1515 	8501
f 1517 	1516 	8500
f 8023 	8022 	2133
f 1523 	1526 	8502
f 1527 	1523 	8503
f 8498 	1474 	8503
f 1577 	8510 	556
f 8509 	556 	8510
f 8512 	556 	8509
f 8513 	560 	8514
f 8514 	559 	8511
f 8513 	6777 	560
f 567 	566 	8517
f 8516 	563 	8517
f 8496 	1472 	8497
f 1473 	8498 	8497
f 8500 	8499 	1517
f 1518 	1517 	8499
f 1518 	8499 	1519
f 8508 	1519 	8499
f 8022 	8501 	1515
f 8501 	8500 	1516
f 1527 	8503 	1474
f 742 	8502 	1526
f 8502 	8503 	1523
f 1532 	1531 	747
f 1531 	1530 	8504
f 1529 	8506 	8505
f 8507 	8506 	1528
f 8507 	1528 	8508
f 6776 	8518 	569
f 8512 	557 	556
f 557 	8512 	8511
f 559 	8514 	560
f 559 	558 	8511
f 563 	8516 	564
f 8520 	565 	8515
f 564 	8515 	565
f 8521 	8517 	566
f 8520 	8519 	565
f 568 	565 	8519
f 8518 	8521 	569
f 566 	569 	8521
f 11584 	11568 	2937
f 2937 	11894 	11584
f 3029 	3032 	11568
f 7691 	3040 	3037
f 3040 	11892 	3025
f 3021 	3025 	11892
f 3023 	3040 	3025
f 3022 	3040 	3023
f 3024 	3040 	3022
f 3026 	3040 	3024
f 3029 	11568 	3028
f 3036 	3040 	3030
f 3031 	3030 	3040
f 3026 	3031 	3040
f 3028 	11568 	3020
f 3034 	3035 	11568
f 3033 	3034 	11568
f 3035 	3027 	11568
f 3032 	3033 	11568
f 3027 	2937 	11568
f 3037 	3040 	3036
f 3040 	3042 	11892
f 405 	11892 	406
f 3042 	406 	11892
f 3043 	406 	3042
f 3045 	7728 	3047
f 3043 	7728 	3045
f 7699 	7728 	3043
f 405 	3048 	3056
f 3055 	3054 	405
f 3056 	3055 	405
f 7699 	3043 	3042
f 3049 	404 	463
f 3050 	463 	3051
f 3049 	463 	3050
f 463 	405 	3054
f 3057 	7728 	3058
f 3047 	7728 	3061
f 7728 	7729 	3059
f 3059 	3058 	7728
f 3063 	7728 	3062
f 3060 	3062 	7728
f 3057 	3060 	7728
f 3061 	7728 	3063
f 3051 	463 	3054
f 10135 	10657 	10146
f 10135 	10136 	10657
f 10136 	10658 	10657
f 10659 	10130 	10145
f 10129 	10130 	10659
f 9678 	9675 	10665
f 10665 	10666 	9678
f 9675 	10138 	10665
f 10663 	10667 	10112
f 10110 	10666 	10664
f 10669 	10670 	10119
f 10669 	10111 	10667
f 10669 	10119 	10111
f 594 	10922 	10921
f 594 	11790 	10922
f 10663 	10668 	10673
f 10668 	10664 	10673
f 10664 	10666 	10673
f 10666 	10665 	10673
f 10665 	10138 	10673
f 10138 	10137 	10673
f 10137 	10139 	10673
f 10139 	10140 	10673
f 10673 	10142 	10143
f 10143 	10659 	10673
f 10659 	10145 	10673
f 10144 	10673 	10145
f 10144 	10146 	10673
f 10657 	10673 	10146
f 10658 	10673 	10657
f 10661 	10673 	10658
f 10661 	10662 	10673
f 10660 	10673 	10662
f 10673 	10956 	10957
f 10956 	10673 	10660
f 10957 	10958 	10673
f 10959 	10673 	10958
f 10960 	10973 	10673
f 10673 	10970 	10969
f 10973 	10970 	10673
f 10959 	10960 	10673
f 10673 	10969 	10971
f 10673 	10971 	10972
f 10673 	10967 	10968
f 10924 	10925 	10673
f 10925 	10926 	10673
f 10926 	10923 	10673
f 10673 	10927 	10924
f 10673 	10968 	11019
f 10673 	11019 	10927
f 10673 	10667 	10663
f 10923 	10920 	10673
f 10919 	10673 	10920
f 855 	10290 	10291
f 10287 	10674 	746
f 10288 	10282 	860
f 10290 	855 	10674
f 10289 	10676 	10281
f 10675 	10288 	860
f 10283 	10281 	10676
f 10677 	10283 	10676
f 7441 	912 	10678
f 11270 	7441 	10678
f 915 	10678 	912
f 877 	912 	7440
f 7440 	912 	7441
f 10680 	10681 	10683
f 10684 	10680 	10683
f 10679 	10682 	10681
f 10685 	10686 	10687
f 10686 	10279 	10687
f 10687 	10688 	10685
f 10688 	10682 	10679
f 10685 	10688 	10679
f 10278 	10687 	10279
f 10278 	10277 	10689
f 10278 	10689 	10687
f 10689 	10690 	10688
f 10689 	10688 	10687
f 10688 	10691 	10682
f 10681 	10682 	10691
f 10688 	10690 	10691
f 10692 	10690 	10689
f 10693 	10691 	10690
f 10691 	10693 	10683
f 10683 	10681 	10691
f 10692 	10277 	10280
f 10692 	10689 	10277
f 10690 	10692 	10693
f 10280 	10693 	10692
f 10683 	10693 	10684
f 10684 	10693 	10985
f 10684 	10985 	10680
f 10674 	10287 	10694
f 10700 	10291 	10290
f 10288 	10675 	10701
f 10701 	10676 	10289
f 10694 	10287 	10286
f 10681 	10680 	10700
f 10701 	10700 	10680
f 10694 	10679 	10695
f 10679 	10681 	10695
f 10695 	10674 	10694
f 907 	908 	10699
f 10696 	10697 	910
f 10697 	911 	910
f 908 	909 	10699
f 10697 	10696 	10685
f 10694 	10286 	10285
f 10694 	10285 	10698
f 10694 	10698 	10679
f 10696 	907 	10699
f 10699 	10685 	10696
f 10698 	10285 	10697
f 10698 	10697 	10679
f 10679 	10697 	10685
f 10700 	10701 	10675
f 10677 	10676 	10701
f 10700 	10675 	10291
f 10695 	10681 	10700
f 10695 	10700 	10674
f 10289 	10288 	10701
f 10677 	10701 	11263
f 10699 	10279 	10686
f 10685 	10699 	10686
f 11271 	11270 	10703
f 11270 	10678 	10702
f 10704 	10702 	10678
f 10702 	10703 	11270
f 10992 	10693 	10280
f 10680 	10983 	11263
f 11271 	10703 	10705
f 10702 	10705 	10703
f 10710 	10709 	10280
f 10708 	10707 	10280
f 10706 	10280 	10707
f 10709 	10708 	10280
f 10280 	10277 	10710
f 11269 	6430 	10710
f 5977 	5978 	10713
f 10711 	10284 	10677
f 5667 	10284 	10711
f 10352 	10771 	10350
f 10339 	10329 	10314
f 10354 	10350 	10773
f 10720 	10341 	10354
f 10714 	10330 	10331
f 10714 	10716 	10330
f 10332 	10714 	10331
f 10715 	10716 	10714
f 10332 	10717 	10714
f 10718 	10715 	10714
f 10717 	10718 	10714
f 10719 	10717 	10336
f 10329 	10719 	10336
f 10720 	10718 	10717
f 10719 	10720 	10717
f 7167 	10407 	10460
f 10434 	10442 	9899
f 10442 	10443 	9899
f 10423 	10429 	10459
f 2237 	10442 	10434
f 10460 	10454 	10721
f 10721 	7167 	10460
f 7152 	10721 	10427
f 10721 	7152 	7167
f 10434 	2240 	2237
f 2228 	10451 	2220
f 10443 	2220 	10451
f 2222 	2221 	10444
f 2223 	2222 	10446
f 10450 	2227 	10447
f 10447 	2224 	10446
f 2225 	10449 	10448
f 2460 	2236 	10452
f 2224 	10447 	2227
f 10451 	2228 	10450
f 10458 	10457 	2230
f 10459 	10458 	2229
f 2235 	10453 	2236
f 10452 	2236 	10453
f 2234 	2233 	10454
f 2234 	10454 	2235
f 10453 	2235 	10454
f 2229 	2255 	10459
f 2231 	10457 	10456
f 10447 	10446 	10726
f 10724 	10726 	10723
f 10722 	10725 	10758
f 10722 	7652 	10725
f 7651 	10725 	7652
f 7651 	8159 	10725
f 10737 	4478 	10736
f 5094 	10736 	4478
f 10728 	10729 	12292
f 10729 	10732 	12292
f 10732 	10730 	12292
f 5094 	12292 	10730
f 10731 	10736 	5094
f 12292 	506 	10728
f 9966 	12357 	9965
f 10726 	4478 	10737
f 10731 	5094 	10730
f 9965 	12360 	9974
f 10734 	9952 	10733
f 10734 	10735 	9957
f 9996 	10000 	10735
f 10740 	10751 	10726
f 10738 	10739 	10726
f 10737 	10738 	10726
f 10750 	9899 	10726
f 10744 	10748 	9950
f 10747 	10741 	9962
f 9961 	9962 	10742
f 10741 	10742 	9962
f 10744 	9953 	10743
f 10749 	9951 	10748
f 9960 	10743 	9953
f 10751 	10750 	10726
f 9899 	10443 	10726
f 10451 	10450 	10726
f 10739 	10740 	10726
f 10734 	1282 	10735
f 1281 	2496 	10735
f 1388 	10746 	1389
f 1399 	1398 	10750
f 1399 	10750 	10751
f 10724 	10752 	10726
f 10724 	10762 	10752
f 10752 	10764 	10726
f 2490 	1276 	10727
f 10728 	10727 	1276
f 10727 	9968 	2490
f 1277 	10729 	1276
f 10728 	1276 	10729
f 1277 	1280 	10729
f 10732 	10729 	1280
f 1280 	1279 	10732
f 1366 	10736 	1278
f 10749 	1284 	10733
f 10734 	10733 	1282
f 1283 	1282 	10733
f 1281 	10735 	1282
f 1372 	10738 	10737
f 10737 	10736 	1366
f 1372 	1375 	10738
f 10739 	10738 	1375
f 1375 	1374 	10739
f 1374 	1400 	10740
f 10745 	1389 	10746
f 10741 	10747 	1382
f 10747 	1387 	1382
f 1381 	10742 	1382
f 10741 	1382 	10742
f 10742 	1381 	10743
f 1385 	10743 	1381
f 10747 	10746 	1387
f 1388 	1387 	10746
f 10748 	1386 	10749
f 1385 	1384 	10743
f 1386 	10748 	10744
f 9928 	10750 	1398
f 10751 	1400 	1399
f 10723 	10722 	10753
f 10722 	10754 	10753
f 10754 	8156 	10753
f 6082 	8318 	780
f 10753 	10755 	10723
f 10724 	10723 	10755
f 10757 	10756 	10759
f 10760 	10753 	10757
f 780 	10756 	781
f 10757 	781 	10756
f 10753 	10760 	10755
f 10722 	10758 	10754
f 10757 	10753 	8156
f 10758 	8159 	10754
f 10756 	780 	8318
f 10757 	8156 	781
f 6083 	781 	8156
f 10760 	10757 	10759
f 10760 	10759 	10761
f 10760 	10761 	10762
f 10726 	10763 	4478
f 4478 	4477 	5094
f 10759 	10763 	10764
f 10759 	10764 	10761
f 10764 	10762 	10761
f 10760 	10762 	10755
f 10762 	10724 	10755
f 10764 	10752 	10762
f 10763 	10726 	10764
f 1593 	7184 	1447
f 1447 	11735 	1454
f 11732 	1454 	11735
f 1456 	1455 	9799
f 9800 	9799 	1455
f 1457 	11729 	1458
f 1453 	1456 	9795
f 9799 	9795 	1456
f 1458 	9802 	1455
f 9800 	1455 	9802
f 11742 	9802 	1458
f 1574 	1453 	9812
f 1574 	9812 	9813
f 1576 	9815 	9808
f 9813 	9815 	1576
f 6089 	7097 	6524
f 7097 	6782 	6524
f 11897 	11749 	9817
f 1604 	9817 	11749
f 1607 	6959 	6961
f 9817 	1604 	6961
f 11749 	1594 	1604
f 1594 	11749 	1595
f 11746 	1596 	1595
f 1603 	7185 	1593
f 7184 	1593 	7185
f 9818 	9820 	1605
f 1606 	1605 	9820
f 1607 	6961 	1604
f 11746 	1608 	1596
f 11746 	7185 	1608
f 1603 	1608 	7185
f 9820 	9763 	1606
f 6959 	1607 	1848
f 1744 	1606 	9763
f 1845 	1744 	9764
f 9763 	9764 	1744
f 1845 	9764 	6969
f 6967 	1846 	6969
f 1846 	1845 	6969
f 6967 	6970 	1846
f 1848 	1846 	6970
f 1848 	6970 	6963
f 1848 	6963 	6959
f 9824 	2135 	9825
f 2134 	9806 	9825
f 2140 	9830 	9829
f 1605 	2142 	9818
f 6521 	6522 	9347
f 2852 	10756 	10766
f 2972 	2852 	10766
f 10765 	10766 	10756
f 10767 	10768 	8318
f 584 	582 	10768
f 583 	589 	10765
f 587 	588 	10765
f 10768 	10765 	8318
f 10756 	8318 	10765
f 8318 	9001 	10767
f 9001 	569 	10767
f 10765 	776 	10766
f 2972 	10766 	776
f 2858 	777 	10765
f 10767 	779 	10768
f 778 	10768 	779
f 6776 	569 	9001
f 9000 	560 	6777
f 9025 	9020 	560
f 1577 	556 	9395
f 9026 	9025 	560
f 9000 	9033 	560
f 557 	558 	9020
f 9400 	9401 	556
f 9020 	9019 	557
f 1578 	1577 	9395
f 565 	568 	1593
f 10767 	569 	1445
f 1447 	1454 	566
f 566 	567 	1447
f 567 	563 	1447
f 1593 	1447 	565
f 568 	1584 	1593
f 1593 	1584 	1603
f 1585 	1603 	1584
f 10329 	10339 	10719
f 10719 	10341 	10720
f 10341 	10719 	10339
f 10354 	10773 	10720
f 10715 	10769 	10716
f 10769 	10715 	10770
f 10773 	10772 	10718
f 10720 	10773 	10718
f 10775 	10776 	10774
f 10774 	10772 	10775
f 10772 	10774 	10715
f 10772 	10715 	10718
f 10771 	10775 	10772
f 10772 	10773 	10771
f 10773 	10350 	10771
f 10777 	10770 	10774
f 10774 	10770 	10715
f 10776 	10778 	10779
f 10776 	10779 	10774
f 10774 	10779 	10777
f 6644 	10810 	10915
f 10780 	6644 	10915
f 10782 	10783 	10789
f 10784 	10780 	10781
f 10781 	10785 	10784
f 10786 	10787 	10783
f 10782 	10786 	10783
f 10788 	10785 	10787
f 10787 	10786 	10788
f 6661 	10784 	10785
f 10788 	6661 	10785
f 10780 	10784 	6658
f 10780 	6658 	6644
f 10784 	6662 	6658
f 6662 	10784 	6661
f 7645 	6661 	10788
f 10788 	7646 	7645
f 10786 	7646 	10788
f 10792 	10782 	10789
f 10791 	10792 	10789
f 10782 	7644 	10786
f 10782 	10792 	7644
f 10791 	8107 	10792
f 7644 	7646 	10786
f 10790 	8106 	10791
f 8106 	10790 	8105
f 10795 	10796 	10797
f 10794 	10793 	10797
f 10795 	10797 	10793
f 10798 	10795 	10793
f 10793 	10799 	10798
f 10799 	10804 	10800
f 10799 	10801 	10798
f 10799 	10800 	10801
f 10802 	8438 	8439
f 10802 	10796 	10795
f 10802 	10795 	8438
f 10795 	8446 	8438
f 10795 	10798 	8446
f 8693 	8446 	10798
f 10801 	8693 	10798
f 10801 	8907 	8693
f 10794 	10803 	10793
f 10806 	10805 	10803
f 10803 	10805 	10793
f 10799 	10793 	10805
f 10805 	10804 	10799
f 10806 	10807 	10805
f 10804 	10805 	11010
f 11011 	10804 	11010
f 10808 	10809 	10800
f 10800 	10809 	10801
f 10809 	10808 	10810
f 10521 	10507 	10517
f 10522 	10812 	10811
f 10812 	10813 	10811
f 10521 	10522 	10514
f 10522 	10811 	10514
f 10521 	10510 	10507
f 10812 	10814 	10813
f 10977 	10812 	10522
f 10813 	10814 	10815
f 10829 	10816 	10817
f 10816 	10830 	10815
f 10816 	10829 	10830
f 10818 	10819 	10490
f 10489 	10826 	10818
f 10490 	10489 	10818
f 10819 	10491 	10490
f 10820 	10499 	10819
f 10499 	10491 	10819
f 10820 	7199 	10499
f 10499 	7199 	7271
f 10514 	10821 	10513
f 10514 	10811 	10821
f 10823 	10821 	10822
f 10513 	10821 	10826
f 10826 	10821 	10823
f 10822 	10824 	10823
f 10824 	10825 	10823
f 10826 	10516 	10513
f 10824 	10827 	10825
f 10823 	10818 	10826
f 10823 	10825 	10818
f 10820 	10825 	10827
f 10818 	10825 	10819
f 10825 	10820 	10819
f 10827 	7202 	10820
f 10822 	10821 	10811
f 10832 	10827 	10824
f 10832 	10834 	10827
f 7202 	10827 	10834
f 10489 	10516 	10826
f 10489 	10475 	10516
f 10811 	10813 	10822
f 10828 	10822 	10813
f 10828 	10813 	10815
f 10828 	10815 	10830
f 10830 	10831 	10832
f 10832 	10828 	10830
f 10828 	10824 	10822
f 10828 	10832 	10824
f 10831 	10830 	10829
f 10829 	10833 	10831
f 10833 	7332 	10831
f 10831 	10834 	10832
f 7332 	10833 	7333
f 10834 	10831 	7332
f 10829 	10817 	10838
f 10836 	10839 	10837
f 10836 	10840 	10839
f 10841 	10838 	10837
f 10838 	10841 	10833
f 10839 	10841 	10837
f 10829 	10838 	10833
f 10841 	10839 	7349
f 10843 	10840 	10842
f 10840 	10843 	10844
f 10844 	10839 	10840
f 10841 	7349 	7333
f 7333 	10833 	10841
f 10839 	10844 	7349
f 7350 	10844 	10843
f 7349 	10844 	7354
f 7350 	7354 	10844
f 7350 	10843 	7351
f 10845 	10847 	10848
f 10848 	10842 	10845
f 10848 	10843 	10842
f 10835 	10849 	10846
f 10846 	10850 	10847
f 10846 	10849 	10850
f 7351 	10843 	10848
f 10848 	10851 	7351
f 7369 	7351 	10851
f 10849 	10852 	10850
f 11402 	10852 	10849
f 10848 	10847 	10851
f 10847 	10850 	10851
f 7370 	10851 	10850
f 7370 	10850 	10852
f 7370 	7369 	10851
f 10853 	10852 	11402
f 7443 	7370 	10852
f 10853 	7443 	10852
f 10854 	10555 	11038
f 10555 	10854 	10855
f 10855 	10854 	10560
f 10856 	10560 	10854
f 10562 	10856 	10858
f 10856 	10562 	10560
f 10855 	10559 	10557
f 10567 	10858 	10568
f 10857 	10858 	10856
f 10859 	10858 	10857
f 10859 	10860 	10861
f 10860 	10862 	10861
f 10858 	10859 	10568
f 10568 	10859 	10861
f 10861 	10569 	10568
f 10567 	10562 	10858
f 10862 	10863 	10571
f 10862 	10570 	10861
f 10570 	10569 	10861
f 10571 	10570 	10862
f 10864 	14 	10999
f 10863 	10862 	2
f 10864 	1 	14
f 2 	1 	10863
f 10863 	1 	10864
f 10566 	10865 	9492
f 10044 	10043 	10865
f 10043 	9492 	10865
f 10866 	10570 	10867
f 10866 	10569 	10570
f 10566 	10569 	10865
f 10569 	10866 	10865
f 10045 	10866 	10867
f 10866 	10045 	10044
f 10045 	10867 	10868
f 10044 	10865 	10866
f 10878 	10868 	10867
f 10870 	10871 	10046
f 10870 	10046 	10868
f 10885 	10874 	10873
f 10868 	10878 	10870
f 10879 	10869 	10871
f 10570 	10571 	10867
f 10878 	10867 	10571
f 10881 	10879 	10871
f 10881 	10870 	10878
f 10881 	10871 	10870
f 10990 	10880 	10879
f 10990 	10879 	10991
f 10991 	10879 	10881
f 10876 	10882 	10875
f 10869 	10879 	10880
f 10880 	10873 	10869
f 10882 	10876 	10883
f 10884 	10883 	10877
f 10877 	10883 	10876
f 10884 	10874 	10885
f 10884 	10877 	10874
f 10873 	10880 	10885
f 10882 	11004 	10895
f 10875 	10882 	10895
f 10895 	10872 	10875
f 10884 	10998 	10883
f 10880 	10989 	10885
f 10885 	10989 	11002
f 11002 	10884 	10885
f 10888 	750 	817
f 10543 	10888 	817
f 10543 	10538 	10888
f 10887 	10890 	10889
f 10889 	10539 	10887
f 10887 	10891 	10890
f 10872 	10894 	10886
f 10897 	10892 	10893
f 10888 	10889 	750
f 10896 	10890 	10891
f 10892 	10897 	10896
f 10892 	10896 	10891
f 10893 	10898 	10897
f 10886 	10894 	10898
f 10893 	10886 	10898
f 10895 	10894 	10872
f 10981 	10896 	10897
f 2975 	10572 	2971
f 10572 	2975 	2988
f 3708 	10575 	3713
f 3878 	10575 	3909
f 2989 	3713 	10575
f 3875 	10575 	3876
f 3873 	10608 	10575
f 4336 	10608 	4337
f 3874 	3873 	10575
f 3386 	10608 	3385
f 3387 	10608 	3386
f 3116 	3113 	5662
f 3387 	3382 	10608
f 3184 	3385 	10608
f 5765 	5766 	10603
f 3380 	5678 	10603
f 10606 	3382 	10603
f 3380 	10603 	3382
f 3382 	10606 	10608
f 10603 	5770 	10604
f 5776 	5777 	10604
f 4282 	10619 	10604
f 4282 	4287 	10620
f 4282 	10620 	10619
f 10055 	10899 	10614
f 10055 	6433 	10899
f 10899 	6433 	5662
f 10910 	11538 	2733
f 10901 	10900 	10580
f 10063 	10580 	11490
f 2988 	10905 	2992
f 2992 	10906 	10909
f 2975 	10901 	2988
f 10904 	10905 	2988
f 2970 	2732 	10903
f 2975 	10900 	10901
f 10902 	2971 	10903
f 10904 	2988 	10901
f 10902 	10903 	10580
f 11490 	10580 	10903
f 10904 	10053 	10905
f 10900 	10902 	10580
f 2989 	10908 	10907
f 10909 	10908 	2989
f 10909 	10053 	10908
f 10906 	10053 	10909
f 10905 	10053 	10906
f 10901 	10053 	10904
f 10913 	10907 	5286
f 10907 	10908 	10053
f 3075 	10910 	2733
f 3075 	10911 	10912
f 10671 	10670 	10673
f 3075 	10912 	10910
f 10911 	5286 	10912
f 10911 	10914 	5286
f 10670 	10669 	10673
f 10914 	3076 	10913
f 10053 	5286 	10907
f 10667 	10673 	10669
f 2989 	10907 	10913
f 10912 	5286 	10910
f 10914 	10913 	5286
f 10915 	10808 	10918
f 10918 	10916 	10915
f 10808 	10915 	10810
f 10809 	8908 	8907
f 10810 	8908 	10809
f 10916 	11009 	10781
f 10916 	10780 	10915
f 10916 	10781 	10780
f 11009 	11201 	10781
f 10800 	10917 	10808
f 10917 	10918 	10808
f 600 	595 	10919
f 10673 	10919 	10921
f 10919 	10920 	600
f 10920 	613 	600
f 10921 	10922 	10673
f 10673 	10922 	10672
f 10671 	10673 	10672
f 595 	10921 	10919
f 11790 	10672 	10922
f 10923 	613 	10920
f 606 	10926 	10925
f 10927 	655 	10924
f 10924 	662 	10925
f 662 	606 	10925
f 606 	611 	10926
f 10926 	611 	10923
f 10923 	611 	613
f 10928 	10134 	9664
f 9664 	10121 	10928
f 10928 	10122 	10929
f 10121 	10122 	10928
f 10929 	10931 	10930
f 10929 	10122 	10931
f 10934 	10932 	10933
f 10934 	10933 	10952
f 10952 	10933 	10937
f 10135 	10134 	10935
f 10932 	10935 	10929
f 10932 	10136 	10935
f 10136 	10932 	10934
f 10934 	10658 	10136
f 10928 	10935 	10134
f 10928 	10929 	10935
f 10929 	10930 	10932
f 10136 	10135 	10935
f 10938 	10933 	10930
f 10937 	10933 	10938
f 10939 	10936 	10937
f 10938 	10939 	10937
f 10943 	10939 	10938
f 10930 	10933 	10932
f 10942 	10124 	10941
f 10124 	10126 	10941
f 10126 	10128 	10941
f 10938 	10930 	10942
f 10931 	10942 	10930
f 10931 	10124 	10942
f 10941 	10943 	10942
f 10944 	10940 	10936
f 10936 	10939 	10944
f 10944 	10945 	10940
f 10943 	10946 	10939
f 10943 	10938 	10942
f 10939 	10946 	10944
f 10947 	10945 	10944
f 11027 	10945 	10948
f 10944 	10946 	10947
f 10948 	10945 	10947
f 10949 	10946 	10943
f 10943 	10941 	10949
f 10950 	10947 	10946
f 10950 	11317 	10947
f 10949 	10950 	10946
f 10941 	10128 	10949
f 10936 	10951 	10937
f 10951 	10952 	10937
f 10953 	10951 	10936
f 10953 	10940 	10954
f 10936 	10940 	10953
f 10661 	10658 	10934
f 10661 	10952 	10662
f 10934 	10952 	10661
f 10660 	10662 	10951
f 10662 	10952 	10951
f 10954 	10956 	10953
f 10660 	10953 	10956
f 10951 	10953 	10660
f 10957 	10956 	10954
f 10957 	10955 	10958
f 10957 	10954 	10955
f 10961 	10955 	10954
f 10962 	10959 	10958
f 10955 	10962 	10958
f 10963 	10960 	10959
f 10963 	10959 	10962
f 10963 	10964 	10960
f 10954 	10940 	10961
f 10962 	10955 	10965
f 10955 	10961 	10965
f 10962 	10966 	10963
f 10965 	10966 	10962
f 11026 	10963 	10966
f 10961 	11027 	10965
f 10970 	11020 	10969
f 10967 	10972 	10974
f 10964 	10973 	10960
f 10970 	10973 	11021
f 10964 	11021 	10973
f 10967 	10673 	10972
f 7340 	7443 	10853
f 10967 	10974 	10975
f 10853 	11403 	11604
f 10517 	10976 	10521
f 11006 	10898 	10894
f 10976 	10522 	10521
f 10522 	10976 	10977
f 10979 	10890 	10978
f 9479 	10980 	10518
f 9479 	10518 	10519
f 10890 	10979 	10889
f 10980 	10517 	10518
f 10978 	10896 	10981
f 10978 	10890 	10896
f 9479 	10519 	9480
f 11005 	10981 	10897
f 11005 	10897 	10898
f 10519 	10520 	9480
f 10979 	843 	837
f 10980 	11056 	10517
f 750 	10979 	837
f 10978 	843 	10979
f 750 	10889 	10979
f 10988 	10982 	10987
f 1394 	843 	10978
f 1394 	10978 	10981
f 10680 	10985 	10983
f 10986 	10982 	10983
f 10986 	10993 	10982
f 10984 	10878 	10571
f 10984 	10881 	10878
f 10985 	10986 	10983
f 10987 	10982 	10993
f 10880 	10990 	10989
f 10984 	10863 	10864
f 11268 	11264 	10988
f 10984 	10571 	10863
f 10984 	10991 	10881
f 10693 	10992 	10985
f 10993 	10986 	10992
f 10986 	10985 	10992
f 10993 	10997 	10987
f 10994 	10993 	10992
f 15 	10989 	10990
f 10995 	10994 	10992
f 10706 	10995 	10280
f 10991 	10999 	10990
f 10280 	10995 	10992
f 10707 	10996 	10995
f 10995 	10706 	10707
f 10984 	10864 	10991
f 10994 	10995 	10996
f 10997 	10993 	10994
f 10709 	10710 	11000
f 10997 	10996 	11001
f 11003 	10997 	11001
f 11000 	11003 	11001
f 15 	16 	10989
f 10996 	10997 	10994
f 11001 	10708 	10709
f 11002 	10989 	16
f 11001 	10709 	11000
f 10999 	10991 	10864
f 11003 	10988 	10997
f 10707 	10708 	10996
f 10996 	10708 	11001
f 10998 	11013 	10883
f 10988 	10987 	10997
f 11002 	10998 	10884
f 14 	17 	10999
f 11261 	10983 	10982
f 15 	10990 	10999
f 10982 	11262 	11261
f 10701 	10680 	11263
f 11002 	16 	19
f 10998 	11002 	19
f 11003 	11265 	11267
f 11265 	11003 	11000
f 11006 	11005 	10898
f 11017 	11005 	11006
f 11005 	1367 	10981
f 11264 	11007 	10712
f 10894 	11008 	11006
f 11004 	11008 	10895
f 11008 	10894 	10895
f 11005 	11017 	1367
f 10805 	10807 	11010
f 11205 	11010 	10807
f 11004 	11018 	11008
f 10804 	11011 	10917
f 11017 	1397 	1367
f 11011 	11207 	11012
f 1394 	10981 	1367
f 11012 	10917 	11011
f 10800 	10804 	10917
f 10882 	11013 	11004
f 10882 	10883 	11013
f 11012 	10918 	10917
f 11012 	11014 	10918
f 11014 	11015 	11009
f 11016 	11017 	11006
f 10918 	11014 	10916
f 11014 	11009 	10916
f 11016 	11008 	11018
f 10967 	10975 	10968
f 10968 	648 	11019
f 10975 	648 	10968
f 10972 	10971 	11023
f 10974 	10972 	11023
f 11019 	649 	10927
f 648 	649 	11019
f 10975 	864 	648
f 10927 	649 	655
f 655 	662 	10924
f 10970 	11021 	11020
f 10969 	11022 	10971
f 11022 	10969 	11020
f 852 	859 	10974
f 10975 	10974 	859
f 11023 	10971 	11022
f 11020 	11024 	11022
f 11025 	11023 	11022
f 11024 	11025 	11022
f 11023 	11025 	852
f 11023 	852 	10974
f 11032 	11021 	10964
f 11024 	928 	11025
f 859 	864 	10975
f 10964 	10963 	11026
f 10961 	10940 	10945
f 10961 	10945 	11027
f 11028 	10966 	10965
f 11028 	11029 	10966
f 10965 	11027 	11028
f 11029 	11026 	10966
f 11027 	11030 	11028
f 10948 	11030 	11027
f 11028 	11031 	11029
f 11030 	11031 	11028
f 11032 	11026 	11035
f 11029 	11035 	11026
f 11026 	11032 	10964
f 11033 	11020 	11021
f 11033 	11021 	11032
f 11033 	11024 	11020
f 11034 	11033 	11032
f 11035 	11034 	11032
f 11035 	11036 	11034
f 11033 	11037 	11024
f 11034 	11037 	11033
f 27 	11016 	11018
f 11008 	11016 	11006
f 11004 	21 	11018
f 11013 	22 	21
f 11013 	21 	11004
f 19 	22 	10998
f 11018 	24 	27
f 11018 	21 	24
f 10998 	22 	11013
f 1646 	11016 	27
f 11016 	1646 	11017
f 10553 	10551 	10552
f 2104 	2105 	11039
f 11039 	10553 	10552
f 11039 	11040 	10553
f 11038 	11040 	11041
f 11038 	10555 	11040
f 11038 	11041 	11042
f 11039 	2105 	2106
f 11045 	11042 	11041
f 11045 	11046 	11042
f 11043 	2109 	2108
f 11039 	2106 	11043
f 11043 	2108 	11044
f 2107 	11044 	2108
f 2109 	11043 	2106
f 11041 	11040 	11043
f 11043 	11040 	11039
f 11044 	11041 	11043
f 11045 	11041 	11044
f 2107 	2110 	11044
f 2111 	11047 	2110
f 11044 	2110 	11047
f 11048 	11049 	11050
f 11050 	11051 	11048
f 11045 	11044 	11047
f 11049 	11045 	11047
f 11045 	11049 	11046
f 11049 	11048 	11046
f 11055 	11048 	6
f 11048 	11055 	11046
f 11048 	11051 	6
f 11051 	7 	6
f 28 	7 	9
f 11051 	9 	7
f 2111 	2112 	11047
f 11047 	2112 	1686
f 2112 	1687 	1686
f 11050 	1686 	1691
f 11049 	11047 	1686
f 11049 	1686 	11050
f 11042 	11052 	11038
f 11042 	11053 	11052
f 11042 	11046 	11053
f 10854 	11038 	11052
f 10857 	11052 	11053
f 11052 	10856 	10854
f 11052 	10857 	10856
f 10859 	10857 	11054
f 10859 	11054 	10860
f 11053 	11046 	11055
f 3 	1 	4
f 11055 	6 	5
f 11055 	11054 	11053
f 11055 	5 	11054
f 11054 	10857 	11053
f 2 	5 	4
f 4 	1 	2
f 11054 	5 	10860
f 2 	10860 	5
f 2 	10862 	10860
f 10976 	10517 	11056
f 10520 	9485 	9480
f 11056 	11057 	10976
f 11059 	10004 	11058
f 10005 	11058 	10004
f 11056 	10004 	11057
f 10004 	11056 	10980
f 10005 	11070 	11058
f 10977 	11064 	10812
f 11065 	11060 	11059
f 11065 	11066 	11060
f 11060 	11066 	11061
f 11067 	11062 	11061
f 11061 	11066 	11067
f 11064 	11063 	11062
f 11062 	11067 	11064
f 11063 	10977 	11057
f 11064 	10977 	11063
f 10977 	10976 	11057
f 10814 	10812 	11064
f 11065 	11068 	11066
f 11069 	11067 	11066
f 11068 	11069 	11066
f 11067 	10814 	11064
f 10814 	11067 	11069
f 11068 	10816 	11069
f 11068 	10817 	10816
f 11069 	10815 	10814
f 11069 	10816 	10815
f 11355 	10817 	11068
f 11058 	11070 	11071
f 11071 	11059 	11058
f 11070 	11357 	11071
f 11355 	11071 	11357
f 11357 	11070 	11358
f 11065 	11059 	11071
f 11358 	11070 	11075
f 11071 	11355 	11065
f 5996 	11078 	5995
f 5995 	11079 	11076
f 11094 	5994 	11077
f 11095 	5998 	11094
f 11087 	6007 	6006
f 6005 	11084 	11085
f 11100 	11101 	6008
f 11087 	11091 	6007
f 11091 	11090 	6007
f 6003 	6007 	11090
f 6014 	6002 	11112
f 11088 	11080 	5866
f 11078 	5866 	11080
f 5994 	11094 	5998
f 11085 	11080 	11088
f 11078 	5872 	5866
f 11082 	6002 	11081
f 11083 	11084 	6004
f 6005 	6004 	11084
f 6006 	11086 	11087
f 11088 	11086 	6006
f 6006 	6005 	11088
f 6004 	6008 	11083
f 11089 	11080 	11083
f 6003 	11090 	11081
f 11090 	5866 	11081
f 11085 	11084 	11080
f 11080 	11084 	11083
f 11086 	11088 	5866
f 11094 	11077 	11080
f 11089 	6008 	11101
f 11101 	11080 	11089
f 11090 	11091 	5866
f 11091 	11087 	5866
f 11087 	11086 	5866
f 11082 	11081 	5866
f 6010 	11096 	6011
f 6011 	11099 	11100
f 11093 	5997 	11095
f 11077 	11076 	11080
f 2556 	5876 	11080
f 11076 	11079 	11080
f 11079 	11078 	11080
f 6011 	11096 	11097
f 11096 	6010 	11098
f 11113 	11119 	11098
f 11099 	2556 	11100
f 6011 	11097 	11099
f 11092 	11080 	5876
f 11095 	11094 	11080
f 11093 	11095 	11080
f 11092 	11093 	11080
f 11100 	2556 	11101
f 11080 	11101 	2556
f 2556 	11099 	11097
f 2556 	11097 	11096
f 11096 	11098 	2556
f 5866 	9060 	11102
f 6002 	11082 	11112
f 11112 	11082 	11102
f 5866 	11102 	11082
f 11109 	6015 	11110
f 6013 	11110 	6015
f 6013 	11112 	11110
f 11107 	11116 	6018
f 11103 	6017 	11108
f 6017 	11104 	6018
f 6018 	11116 	6019
f 11109 	11105 	6015
f 6022 	6019 	11117
f 6017 	11103 	11104
f 6016 	11105 	11106
f 11108 	11111 	11103
f 11107 	6018 	11104
f 11107 	11104 	11111
f 11111 	11104 	11103
f 11110 	11102 	11109
f 6016 	11106 	11108
f 11111 	11108 	11106
f 11102 	11111 	11105
f 11109 	11102 	11105
f 11106 	11105 	11111
f 11102 	11110 	11112
f 11098 	6010 	11113
f 6010 	6021 	11113
f 2556 	11098 	11119
f 6022 	11118 	11114
f 6022 	11117 	11118
f 6021 	6022 	11115
f 11107 	11111 	11116
f 6021 	11115 	11113
f 11115 	11119 	11113
f 11114 	11119 	11115
f 11117 	6019 	11116
f 11118 	11117 	11119
f 11114 	11118 	11119
f 11117 	11116 	11119
f 11116 	11111 	11119
f 6025 	6024 	11122
f 11123 	11124 	6025
f 11126 	6027 	6026
f 11127 	11128 	6027
f 6028 	6027 	11128
f 11127 	6027 	11126
f 11123 	6025 	11122
f 11128 	11120 	6028
f 11125 	11126 	6026
f 6026 	11124 	11125
f 11124 	11123 	11111
f 11124 	11111 	11125
f 11102 	11126 	11111
f 11125 	11111 	11126
f 11123 	11122 	11111
f 11121 	11111 	11122
f 11102 	11120 	11128
f 11102 	11128 	11127
f 11102 	11127 	11126
f 11129 	11130 	6032
f 11131 	11132 	6033
f 11133 	6174 	11132
f 6033 	11132 	6174
f 6174 	11135 	6032
f 11130 	6176 	6032
f 6176 	11144 	6178
f 6174 	11133 	11135
f 6180 	11136 	6033
f 11134 	11144 	6176
f 11130 	11134 	6176
f 11135 	11133 	11151
f 11155 	11154 	11133
f 11131 	6033 	11136
f 11132 	11131 	11155
f 11136 	11137 	11155
f 6180 	11137 	11136
f 11131 	11136 	11155
f 11102 	11155 	11137
f 6029 	11120 	11137
f 11120 	11102 	11137
f 11121 	6024 	11143
f 11139 	6183 	11138
f 6184 	11140 	11138
f 11140 	11149 	11119
f 11149 	11140 	6224
f 6184 	6224 	11140
f 11119 	11111 	11143
f 11143 	6024 	11142
f 11142 	11119 	11143
f 11141 	11119 	11142
f 11121 	11143 	11111
f 11141 	11139 	11119
f 11139 	11138 	11119
f 11138 	11140 	11119
f 11145 	6178 	11144
f 11157 	11156 	11134
f 11146 	11147 	6185
f 11146 	6185 	11145
f 6178 	11145 	6185
f 11146 	11145 	286
f 11156 	11165 	11134
f 6224 	6185 	11148
f 11146 	286 	11147
f 11148 	11149 	6224
f 11148 	11147 	286
f 286 	11119 	11149
f 11149 	11148 	286
f 286 	271 	411
f 6228 	11151 	11152
f 6231 	6233 	11150
f 6233 	6227 	11153
f 6236 	6235 	11157
f 11164 	11165 	6235
f 11158 	6236 	11157
f 11153 	11155 	11150
f 11159 	11158 	11129
f 11129 	11135 	11159
f 11155 	11153 	11154
f 11152 	11133 	11154
f 6228 	6236 	11159
f 11165 	11164 	11144
f 6228 	11159 	11151
f 11152 	11151 	11133
f 11133 	11132 	11155
f 11151 	11159 	11135
f 11130 	11129 	11158
f 11158 	11157 	11130
f 11144 	11134 	11165
f 11166 	11175 	11155
f 11150 	11155 	11175
f 6308 	11160 	11161
f 6309 	11164 	6235
f 11156 	6235 	11165
f 11162 	6309 	11161
f 11163 	11164 	6309
f 11145 	11144 	286
f 11164 	11163 	11144
f 286 	11144 	11163
f 11162 	11163 	6309
f 11134 	11130 	11157
f 286 	11163 	11162
f 11162 	11161 	286
f 11102 	11166 	11155
f 6369 	11169 	11171
f 11173 	6367 	11174
f 6372 	11175 	6371
f 11170 	6368 	11172
f 11169 	11168 	11184
f 11166 	11183 	11167
f 11173 	11166 	11167
f 11174 	11166 	11173
f 11172 	6369 	11171
f 11178 	11177 	11170
f 11182 	11184 	11168
f 11168 	11167 	11182
f 11183 	11182 	11167
f 11174 	6371 	11175
f 11175 	11166 	11174
f 6372 	6231 	11175
f 6863 	6872 	11181
f 11183 	11181 	6872
f 6860 	6859 	11178
f 6861 	6860 	11180
f 6863 	11181 	11176
f 11181 	11166 	11176
f 11182 	11183 	6872
f 11183 	11166 	11181
f 11184 	11180 	11169
f 6860 	11178 	11179
f 286 	11189 	11196
f 6872 	6861 	11182
f 6861 	11180 	11184
f 11180 	11179 	11171
f 11171 	11169 	11180
f 11172 	11171 	11179
f 11178 	11172 	11179
f 11190 	6909 	11189
f 11160 	6308 	11185
f 6908 	6909 	11187
f 6368 	11170 	11188
f 6908 	11187 	11185
f 11187 	286 	11185
f 11186 	286 	11187
f 6368 	11188 	6370
f 11189 	6370 	11188
f 11172 	11178 	11170
f 286 	11160 	11185
f 11190 	286 	11186
f 286 	11190 	11189
f 11177 	11196 	11170
f 11196 	11177 	6859
f 11189 	11188 	11196
f 11191 	6910 	11193
f 11194 	11195 	6911
f 6911 	11195 	6859
f 11196 	6859 	11195
f 11195 	286 	11196
f 11194 	286 	11195
f 6911 	11192 	11194
f 11192 	11191 	286
f 11188 	11170 	11196
f 11194 	11192 	286
f 6923 	6862 	11415
f 6917 	11407 	11408
f 11412 	6921 	11408
f 11015 	11197 	11009
f 11198 	11197 	11199
f 11199 	11200 	11198
f 11201 	11009 	11197
f 11197 	11198 	11201
f 11200 	11202 	11203
f 11202 	11204 	11203
f 11200 	10783 	11198
f 11200 	11203 	10783
f 11201 	11198 	10787
f 10785 	11201 	10787
f 10783 	10787 	11198
f 10785 	10781 	11201
f 11204 	10789 	11203
f 10789 	10783 	11203
f 11220 	11202 	11200
f 11206 	11012 	11207
f 11010 	11205 	11208
f 11208 	11210 	11209
f 11208 	11209 	11010
f 11207 	11209 	11211
f 11209 	11210 	11214
f 11209 	11214 	11211
f 11211 	11212 	11207
f 11207 	11212 	11206
f 11213 	11206 	11212
f 11209 	11011 	11010
f 11209 	11207 	11011
f 11015 	11014 	11206
f 11206 	11014 	11012
f 11213 	11015 	11206
f 11211 	11214 	11215
f 11215 	11216 	11211
f 11211 	11227 	11212
f 11218 	11213 	11217
f 11217 	11219 	11218
f 11015 	11213 	11218
f 11219 	11221 	11220
f 11222 	11220 	11221
f 11219 	11199 	11218
f 11220 	11199 	11219
f 11220 	11200 	11199
f 11218 	11197 	11015
f 11218 	11199 	11197
f 11202 	11220 	11222
f 11225 	11221 	11219
f 11217 	11225 	11219
f 11212 	11223 	11213
f 11213 	11223 	11217
f 11223 	11224 	11217
f 11224 	11225 	11217
f 11225 	11226 	11221
f 11224 	11231 	11230
f 11230 	11228 	11224
f 11223 	11232 	11224
f 11228 	11225 	11224
f 11226 	11828 	11786
f 11227 	11211 	11216
f 11212 	11227 	11234
f 11234 	11223 	11212
f 11228 	11230 	11229
f 11232 	11223 	11233
f 11231 	11224 	11232
f 11233 	11223 	11234
f 11228 	11226 	11225
f 10790 	10791 	11235
f 10789 	11235 	10791
f 10789 	11204 	11235
f 11235 	11237 	10790
f 11252 	9863 	9862
f 11239 	11240 	11236
f 11236 	11240 	11237
f 11240 	10790 	11237
f 9866 	11239 	11241
f 9862 	11238 	11252
f 11242 	11238 	9867
f 11240 	11239 	9864
f 11239 	9866 	9864
f 10790 	11240 	8105
f 9864 	8105 	11240
f 11247 	11243 	11236
f 11242 	11244 	11245
f 11242 	11241 	11244
f 11242 	11245 	11238
f 11244 	11241 	11243
f 11243 	11239 	11236
f 11243 	11241 	11239
f 11244 	11243 	11251
f 11246 	11202 	11222
f 11248 	11246 	11249
f 11202 	11246 	11204
f 11248 	11204 	11246
f 11249 	11250 	11248
f 11247 	11251 	11243
f 11250 	11247 	11236
f 11237 	11248 	11250
f 11236 	11237 	11250
f 11248 	11235 	11204
f 11248 	11237 	11235
f 11251 	11247 	11777
f 11252 	11253 	9863
f 11252 	11258 	11253
f 11255 	11754 	11753
f 11254 	11255 	11753
f 11259 	11754 	11256
f 11256 	11754 	11255
f 11245 	11755 	11756
f 11245 	11756 	11257
f 11259 	11253 	11258
f 11259 	11256 	11253
f 11258 	11252 	11257
f 10713 	10712 	11007
f 11007 	11266 	11260
f 11007 	11264 	11268
f 11007 	11268 	11266
f 11261 	11263 	10983
f 11262 	10982 	10988
f 11263 	11261 	10711
f 10712 	10711 	11261
f 11262 	10988 	11264
f 11261 	11262 	10712
f 10711 	10677 	11263
f 10988 	11003 	11266
f 11003 	11267 	11266
f 11268 	10988 	11266
f 11266 	11267 	11260
f 11265 	11260 	11267
f 11260 	11265 	10710
f 11000 	10710 	11265
f 11264 	10712 	11262
f 11007 	5987 	10713
f 10712 	10713 	5978
f 10710 	5951 	11260
f 10284 	5667 	9147
f 5978 	10711 	10712
f 10678 	5935 	5949
f 5949 	10704 	10678
f 12239 	11269 	6524
f 6523 	10702 	10276
f 5947 	10276 	10702
f 10702 	5949 	5947
f 6523 	10705 	10702
f 5949 	10702 	10704
f 4343 	11269 	4339
f 7437 	7438 	11282
f 11279 	7428 	7380
f 7440 	7439 	877
f 877 	7437 	11282
f 7437 	877 	7439
f 4342 	909 	4341
f 11275 	4340 	909
f 10279 	10699 	4339
f 11271 	11272 	11270
f 6495 	11274 	11272
f 11274 	11273 	11272
f 11270 	11272 	11273
f 11271 	10705 	11272
f 6494 	6495 	10705
f 11273 	7451 	11270
f 10278 	10279 	10710
f 11273 	11274 	7448
f 10277 	10278 	10710
f 6088 	6524 	4343
f 11269 	4343 	6524
f 11274 	6495 	7446
f 11274 	7446 	7448
f 908 	11278 	11275
f 909 	908 	11275
f 11278 	11280 	11275
f 11276 	11277 	11279
f 11279 	11280 	11278
f 11279 	11278 	11276
f 746 	11282 	11281
f 7435 	11282 	7438
f 11277 	11281 	11279
f 11277 	813 	11281
f 7380 	11280 	11279
f 813 	746 	11281
f 10285 	10286 	11277
f 11278 	908 	907
f 907 	11276 	11278
f 11282 	7435 	7436
f 7428 	11279 	11281
f 7436 	7428 	11281
f 11282 	7436 	11281
f 907 	910 	11276
f 911 	11276 	910
f 11276 	911 	11277
f 11037 	928 	11024
f 928 	931 	11025
f 11035 	11283 	11036
f 11284 	11037 	11034
f 11284 	936 	11037
f 11036 	11284 	11034
f 11283 	11035 	11029
f 11031 	11283 	11029
f 11025 	931 	852
f 11037 	936 	928
f 1098 	1100 	11284
f 11285 	1160 	1159
f 1159 	1161 	11285
f 11294 	11287 	11285
f 1162 	11294 	1161
f 11287 	9285 	11285
f 9285 	1160 	11285
f 11288 	11289 	11290
f 11291 	11288 	11290
f 11291 	11286 	11292
f 11287 	11292 	11286
f 11293 	11288 	11291
f 11292 	11293 	11291
f 11287 	11294 	11292
f 11295 	11293 	11292
f 11294 	11295 	11292
f 1162 	1164 	11294
f 1163 	11295 	1164
f 11294 	1164 	11295
f 11285 	1161 	11294
f 11297 	11289 	11296
f 1166 	11302 	1165
f 1163 	1165 	11295
f 11290 	10128 	10126
f 11290 	11289 	10128
f 10127 	11290 	10126
f 11297 	10128 	11289
f 10127 	11291 	11290
f 10127 	11286 	11291
f 11296 	11298 	11299
f 11298 	11296 	11289
f 11289 	11288 	11298
f 11300 	11298 	11288
f 11298 	11300 	11301
f 11293 	11300 	11288
f 11298 	11301 	11299
f 11302 	11300 	11293
f 11303 	11300 	11302
f 11302 	11293 	11295
f 11300 	11303 	11301
f 11297 	11318 	10950
f 11297 	11296 	11318
f 11296 	11299 	11306
f 11297 	10949 	10128
f 11295 	1165 	11302
f 1168 	1167 	11303
f 1168 	11303 	11302
f 1166 	1168 	11302
f 11299 	11301 	11304
f 11305 	11304 	11301
f 11303 	11305 	11301
f 11307 	11308 	11306
f 11299 	11307 	11306
f 11299 	11304 	11307
f 11313 	11307 	11304
f 1169 	11305 	1170
f 11303 	1170 	11305
f 11303 	1167 	1170
f 1172 	11314 	1171
f 1169 	1171 	11305
f 11310 	11311 	11309
f 11309 	11308 	11312
f 11326 	11308 	11309
f 11311 	11324 	11309
f 11311 	1018 	1014
f 11311 	11310 	1018
f 1052 	1018 	11310
f 11313 	11312 	11307
f 11305 	1171 	11314
f 11312 	11310 	11309
f 11308 	11307 	11312
f 11312 	11315 	11310
f 11312 	11313 	11315
f 11316 	11315 	11313
f 11316 	1050 	11315
f 1050 	1052 	11315
f 11316 	11313 	11314
f 11314 	11313 	11304
f 11304 	11305 	11314
f 11316 	11314 	1927
f 1926 	11316 	1927
f 11314 	1172 	1927
f 11316 	1930 	1050
f 1051 	1050 	1930
f 1926 	1930 	11316
f 1052 	11310 	11315
f 10948 	10947 	11317
f 10949 	11297 	10950
f 11317 	10950 	11318
f 11296 	11306 	11318
f 11319 	11031 	11030
f 11030 	11320 	11319
f 11283 	11321 	11322
f 11283 	11322 	11036
f 11323 	11322 	11321
f 11030 	10948 	11320
f 10948 	11317 	11320
f 11321 	11283 	11031
f 11031 	11319 	11321
f 11321 	11324 	11323
f 11320 	11317 	11325
f 11317 	11318 	11325
f 11320 	11326 	11319
f 11325 	11326 	11320
f 11321 	11319 	11324
f 11326 	11324 	11319
f 11324 	11311 	11323
f 11323 	11311 	1014
f 11318 	11306 	11325
f 11308 	11326 	11325
f 11308 	11325 	11306
f 11326 	11309 	11324
f 11036 	1098 	11284
f 11036 	11322 	1098
f 11322 	11323 	1102
f 11323 	1014 	1102
f 11322 	1102 	1098
f 11328 	8850 	11327
f 1936 	11328 	1937
f 11329 	1937 	11328
f 1940 	11329 	1947
f 1940 	1937 	11329
f 11327 	8850 	8848
f 8850 	11328 	1944
f 1936 	1944 	11328
f 11327 	11330 	11331
f 11332 	11327 	11331
f 11328 	11327 	11332
f 11332 	11329 	11328
f 11330 	8848 	8851
f 11330 	11327 	8848
f 1946 	1947 	11333
f 11329 	11333 	1947
f 11335 	11333 	11329
f 11333 	11334 	1949
f 11333 	1949 	1946
f 11334 	1950 	1949
f 11334 	11333 	11336
f 11336 	11337 	11338
f 11335 	11339 	11337
f 11336 	11335 	11337
f 11332 	11331 	11339
f 11335 	11332 	11339
f 11334 	11336 	11346
f 11336 	11333 	11335
f 11329 	11332 	11335
f 11340 	11341 	11342
f 11342 	11343 	11340
f 9240 	11341 	11344
f 11340 	11344 	11341
f 11343 	11345 	11339
f 11345 	11337 	11339
f 11343 	11331 	11340
f 11331 	11330 	11340
f 11339 	11331 	11343
f 11330 	11344 	11340
f 11344 	11330 	8851
f 11349 	11345 	11343
f 11349 	11343 	11342
f 11337 	11345 	11785
f 11785 	11338 	11337
f 11338 	11346 	11336
f 11334 	11346 	11347
f 11347 	1952 	11334
f 1950 	11334 	1952
f 11348 	1954 	11347
f 1953 	11347 	1954
f 1954 	11348 	1955
f 1953 	1952 	11347
f 11803 	11348 	11347
f 11338 	11783 	11801
f 11764 	11349 	11342
f 11070 	10005 	11075
f 10008 	11074 	10009
f 10009 	11074 	11075
f 11072 	10008 	10013
f 10013 	11073 	11072
f 10008 	11072 	11074
f 11350 	11072 	11073
f 11073 	11351 	11350
f 11074 	11072 	11352
f 11072 	11350 	11352
f 11074 	11352 	11353
f 11074 	11353 	11075
f 10015 	11351 	11073
f 10012 	10015 	11073
f 11354 	11351 	10015
f 11353 	11352 	11360
f 11361 	11352 	11350
f 11361 	11360 	11352
f 10817 	11355 	11356
f 11075 	11353 	11358
f 11358 	11353 	11362
f 11355 	11068 	11065
f 11359 	11357 	11358
f 11358 	11362 	11359
f 11356 	11355 	11357
f 11357 	11359 	11356
f 11359 	10837 	11356
f 10836 	10837 	11359
f 10838 	10817 	11356
f 11356 	10837 	10838
f 11353 	11360 	11362
f 11361 	11373 	11360
f 10836 	11359 	11362
f 11364 	11351 	11363
f 11351 	11364 	11350
f 11354 	11363 	11351
f 11354 	11365 	11363
f 11366 	11365 	11367
f 11368 	11366 	11367
f 11369 	11363 	11365
f 11365 	11366 	11369
f 11610 	11366 	11368
f 11361 	11350 	11364
f 11364 	11363 	11371
f 11363 	11369 	11371
f 11365 	11354 	10018
f 10019 	11367 	10018
f 11367 	11365 	10018
f 10022 	11367 	10019
f 11367 	10022 	11368
f 10024 	11368 	10022
f 10024 	11611 	11368
f 11366 	11370 	11369
f 11372 	11361 	11364
f 11371 	11372 	11364
f 11373 	11361 	11372
f 11374 	11371 	11369
f 11370 	11374 	11369
f 11371 	11375 	11372
f 11371 	11374 	11375
f 11370 	10835 	11374
f 11375 	11374 	10846
f 10835 	10846 	11374
f 10847 	11375 	10846
f 11375 	10847 	10845
f 10845 	11372 	11375
f 11366 	11610 	11370
f 11360 	11376 	11362
f 11373 	11372 	10845
f 11376 	10836 	11362
f 10840 	10836 	11376
f 11376 	11360 	11373
f 11376 	11373 	10842
f 10842 	10840 	11376
f 10842 	11373 	10845
f 11377 	11378 	11379
f 11379 	11380 	11377
f 11379 	10027 	11380
f 10027 	10028 	11380
f 10034 	10027 	11379
f 11382 	11380 	11381
f 11380 	11382 	11377
f 10025 	10026 	11383
f 10026 	10029 	11383
f 10025 	11383 	11381
f 11381 	11384 	11382
f 11383 	11384 	11381
f 11385 	11386 	11384
f 11385 	11384 	11383
f 11386 	11388 	11384
f 11383 	11387 	11385
f 11381 	11380 	10028
f 11383 	10029 	11387
f 11389 	11390 	11391
f 11401 	11392 	11390
f 11401 	11390 	11399
f 11392 	11393 	11390
f 11391 	11390 	11602
f 11602 	11390 	11393
f 11394 	10835 	11370
f 11395 	11394 	11612
f 11396 	11395 	11612
f 11397 	11398 	11396
f 11398 	11395 	11396
f 10835 	11394 	11404
f 10849 	10835 	11404
f 11396 	11378 	11397
f 11378 	11377 	11397
f 11397 	11391 	11398
f 11389 	11397 	11377
f 11389 	11391 	11397
f 11395 	11398 	11405
f 11399 	11389 	11382
f 11382 	11389 	11377
f 11384 	11399 	11382
f 11399 	11390 	11389
f 11384 	11388 	11399
f 11400 	11399 	11388
f 11400 	11401 	11399
f 10853 	11402 	11403
f 11395 	11404 	11394
f 11395 	11405 	11404
f 10849 	11404 	11402
f 11405 	11402 	11404
f 11406 	11405 	11398
f 11402 	11405 	11403
f 6922 	6923 	11416
f 11415 	11416 	6923
f 11416 	11414 	6922
f 11414 	11416 	11166
f 11409 	11410 	6918
f 11407 	6917 	11411
f 11413 	11422 	11411
f 11411 	11421 	11407
f 6922 	11414 	6918
f 11409 	6918 	11414
f 11414 	11166 	11409
f 11176 	11166 	11415
f 11413 	11411 	6920
f 11410 	11418 	11413
f 11410 	11409 	11418
f 11166 	11418 	11409
f 11408 	11425 	11412
f 11415 	6862 	11176
f 11407 	11420 	11408
f 11416 	11415 	11166
f 7293 	11423 	7300
f 7305 	11425 	11420
f 11417 	7315 	11426
f 7300 	11423 	11426
f 7293 	11419 	11423
f 11418 	11166 	11419
f 11421 	11411 	11422
f 11420 	11407 	11421
f 11425 	11408 	11420
f 11432 	11412 	11438
f 11426 	11166 	11417
f 11423 	11166 	11426
f 11419 	11166 	11423
f 11422 	11413 	11418
f 7353 	11429 	11430
f 7352 	11428 	11431
f 11428 	286 	11431
f 11427 	286 	11428
f 11429 	6919 	11432
f 11424 	11438 	11412
f 6910 	7352 	11193
f 11191 	11193 	286
f 7353 	11430 	11427
f 11430 	286 	11427
f 11429 	286 	11430
f 11412 	11432 	6921
f 11425 	11424 	11412
f 11433 	11434 	7356
f 7368 	11434 	11435
f 11457 	11433 	7356
f 7302 	11438 	11424
f 286 	11429 	11438
f 11438 	7302 	11437
f 11429 	11432 	11438
f 11437 	286 	11438
f 11436 	286 	11437
f 11436 	7368 	11435
f 11434 	284 	11435
f 11435 	286 	11436
f 11433 	284 	11434
f 11417 	11446 	7315
f 11417 	11166 	11439
f 7372 	11450 	7371
f 11440 	7371 	11451
f 7570 	7571 	11447
f 7569 	11445 	11449
f 7571 	7315 	11446
f 11444 	11447 	11439
f 11441 	11440 	11448
f 11445 	7569 	11444
f 7571 	11446 	11447
f 11442 	11441 	11448
f 11454 	7567 	11443
f 11448 	11454 	11443
f 11448 	11443 	11442
f 11451 	7371 	11450
f 11451 	11439 	11440
f 11440 	11439 	11448
f 7372 	11449 	11450
f 11450 	11439 	11451
f 11449 	11439 	11450
f 11445 	11439 	11449
f 11444 	11439 	11445
f 11447 	11444 	7570
f 11447 	11446 	11439
f 11446 	11417 	11439
f 7356 	7588 	11457
f 11456 	7589 	11455
f 11252 	11238 	11257
f 7567 	11454 	7568
f 11455 	7568 	11454
f 11257 	11238 	11245
f 11454 	11448 	11455
f 283 	11455 	11448
f 7588 	11453 	11457
f 11452 	283 	11453
f 11456 	283 	11452
f 286 	11435 	284
f 11456 	11455 	283
f 11453 	283 	11457
f 11161 	11160 	286
f 11193 	11431 	286
f 11457 	283 	11433
f 284 	11433 	283
f 11460 	11461 	2349
f 2351 	2348 	11463
f 11464 	11460 	2351
f 11467 	2375 	2352
f 2350 	2349 	11461
f 2349 	2351 	11460
f 11463 	11448 	11464
f 2352 	2350 	11466
f 2352 	11466 	11467
f 11461 	11439 	11465
f 2350 	11461 	11465
f 11466 	11465 	11439
f 11439 	11461 	11460
f 283 	11448 	11484
f 11463 	11464 	2351
f 11464 	11448 	11460
f 11439 	11460 	11448
f 11448 	11463 	11462
f 11448 	11462 	11459
f 11468 	2375 	11467
f 11467 	11466 	11439
f 11468 	11467 	11439
f 11478 	2377 	2375
f 2378 	2379 	11469
f 2378 	11469 	11470
f 2587 	2588 	11471
f 2587 	11472 	11473
f 2379 	11474 	11469
f 11475 	2378 	11470
f 11488 	2589 	11476
f 11468 	11439 	11478
f 2587 	11471 	11472
f 11439 	11497 	11471
f 11474 	11473 	11494
f 11473 	11472 	11497
f 11476 	2589 	11475
f 11469 	11474 	11493
f 11494 	11493 	11474
f 11470 	11491 	11475
f 2588 	11477 	11471
f 11472 	11471 	11497
f 11477 	11439 	11471
f 11468 	11478 	2375
f 2588 	2377 	11477
f 11439 	11477 	11478
f 11484 	11458 	2346
f 11458 	11484 	11448
f 11485 	285 	11481
f 11482 	11483 	2592
f 11484 	2346 	11483
f 2592 	11483 	2346
f 11483 	283 	11484
f 11482 	283 	11483
f 2592 	11480 	11482
f 11459 	11458 	11448
f 11480 	285 	11482
f 11479 	285 	11480
f 11481 	285 	11479
f 2591 	2593 	11481
f 11485 	11481 	2593
f 2593 	11487 	11485
f 11486 	285 	11487
f 11504 	285 	11486
f 11489 	2380 	11488
f 11475 	11506 	11476
f 11487 	285 	11485
f 11504 	11486 	11489
f 11504 	11489 	11488
f 11476 	11506 	11488
f 11439 	11166 	10063
f 10063 	11490 	11439
f 11498 	2705 	2710
f 2711 	2709 	11500
f 2706 	2707 	11492
f 2705 	11495 	11496
f 11439 	11490 	11495
f 2710 	2711 	11499
f 11497 	11499 	2711
f 11499 	11498 	2710
f 11496 	11495 	11490
f 11439 	11495 	11498
f 11439 	11498 	11499
f 11497 	11439 	11499
f 11500 	11497 	2711
f 11500 	11473 	11497
f 11494 	11473 	11500
f 2706 	11492 	11493
f 11493 	11492 	11469
f 11470 	11469 	11492
f 11491 	11470 	11492
f 2707 	11506 	11491
f 11506 	11475 	11491
f 2721 	2705 	11496
f 2712 	2722 	11519
f 2713 	11501 	11502
f 11503 	2712 	11519
f 11501 	2712 	11503
f 285 	11503 	5286
f 2708 	11504 	11505
f 2707 	2708 	11506
f 11505 	11506 	2708
f 11502 	11504 	2713
f 2708 	2713 	11504
f 11503 	285 	11501
f 11505 	11488 	11506
f 11504 	11488 	11505
f 11507 	11508 	2717
f 2715 	11510 	2716
f 2715 	11512 	11509
f 11507 	2717 	11513
f 2718 	11513 	2717
f 11522 	2719 	2720
f 11523 	2723 	11524
f 2721 	11496 	11515
f 2718 	2721 	11516
f 11513 	2718 	11516
f 2715 	11509 	11510
f 11511 	2716 	11510
f 11509 	11514 	11510
f 11512 	2715 	11508
f 11490 	11514 	11512
f 11512 	11508 	11490
f 11513 	11490 	11507
f 2719 	11522 	11520
f 2716 	11521 	2720
f 11511 	11510 	11514
f 11507 	11490 	11508
f 11516 	11490 	11513
f 11516 	11515 	11490
f 11496 	11490 	11515
f 2723 	11517 	2722
f 2719 	11524 	2723
f 11518 	2722 	11517
f 11511 	11521 	2716
f 11522 	2720 	11521
f 11522 	11521 	11514
f 11511 	11514 	11521
f 2723 	11523 	11517
f 11518 	11519 	2722
f 11518 	5286 	11519
f 11517 	5286 	11518
f 11523 	5286 	11517
f 11524 	5286 	11523
f 2719 	11520 	11524
f 5286 	11524 	11514
f 11520 	11522 	11514
f 11520 	11514 	11524
f 11501 	285 	11502
f 11509 	11512 	11514
f 11490 	10903 	11531
f 2727 	2726 	11526
f 11527 	11525 	2726
f 11527 	2726 	2730
f 2729 	11536 	11529
f 11529 	11528 	2729
f 11536 	2729 	2728
f 11525 	11527 	11490
f 11526 	11532 	2727
f 11525 	11490 	11526
f 2730 	11528 	11527
f 11527 	11528 	11514
f 2730 	2729 	11528
f 11514 	11490 	11527
f 11514 	11528 	11529
f 2731 	11530 	2732
f 11531 	2732 	11530
f 2731 	2727 	11533
f 11532 	11533 	2727
f 11533 	11530 	2731
f 11532 	11490 	11533
f 11526 	11490 	11532
f 10903 	2732 	11531
f 11530 	11490 	11531
f 11533 	11490 	11530
f 2728 	11534 	11535
f 11535 	11536 	2728
f 11534 	11514 	11535
f 11514 	11534 	5286
f 11540 	5286 	11537
f 11529 	11536 	11514
f 11536 	11535 	11514
f 11537 	5286 	11534
f 2734 	11540 	11537
f 11538 	11539 	2733
f 2734 	11539 	11540
f 11540 	11539 	5286
f 11538 	5286 	11539
f 5286 	11538 	10910
f 11558 	11564 	5662
f 6778 	11541 	11542
f 7110 	11543 	6778
f 11570 	11571 	5662
f 11544 	6778 	11543
f 11541 	6778 	11544
f 7137 	7138 	11545
f 11551 	11552 	11550
f 11546 	11550 	11545
f 11545 	11550 	11552
f 11552 	7137 	11545
f 7138 	11555 	11545
f 11541 	11544 	11554
f 11554 	11553 	11541
f 11548 	11549 	11557
f 11547 	11548 	11557
f 11549 	11545 	11557
f 11555 	11556 	11545
f 11560 	7140 	11559
f 11559 	11561 	11558
f 7136 	7164 	11560
f 11564 	11558 	11563
f 11562 	11558 	11561
f 11563 	11558 	11562
f 7140 	11561 	11559
f 11569 	5662 	11564
f 11566 	11567 	11565
f 11568 	11577 	11567
f 7218 	7219 	7144
f 11573 	11579 	5662
f 11571 	11572 	5662
f 11542 	11558 	5662
f 11572 	11573 	5662
f 11570 	5662 	11569
f 11568 	11574 	11575
f 11568 	11575 	11576
f 11568 	11576 	11577
f 11578 	11565 	11577
f 11565 	11567 	11577
f 11895 	5662 	11580
f 11579 	11580 	5662
f 11895 	11580 	11583
f 11584 	11585 	11568
f 11582 	11568 	11585
f 11581 	11568 	11582
f 11574 	11568 	11586
f 11581 	11586 	11568
f 11541 	11587 	11588
f 11541 	11588 	11542
f 11587 	11541 	11594
f 11558 	11542 	11588
f 11594 	11553 	11554
f 11553 	11594 	11541
f 9164 	11543 	7132
f 9164 	9165 	11589
f 11591 	11544 	9164
f 11589 	11552 	11551
f 11543 	9164 	11544
f 11589 	11590 	9164
f 11550 	11590 	11589
f 11550 	11589 	11551
f 11546 	11590 	11550
f 11545 	11590 	11546
f 11590 	11545 	11592
f 11549 	11592 	11545
f 11549 	11548 	11592
f 11592 	11548 	11593
f 11547 	11593 	11548
f 11591 	11594 	11554
f 11544 	11591 	11554
f 11591 	9164 	11592
f 11590 	11592 	9164
f 11592 	11593 	11591
f 11594 	11591 	11593
f 11594 	11593 	11588
f 11594 	11588 	11587
f 11556 	11598 	11557
f 11547 	11557 	11593
f 11598 	11593 	11557
f 11552 	11595 	7137
f 11589 	11595 	11552
f 7138 	9168 	11555
f 11596 	11555 	9168
f 7137 	11595 	9168
f 11556 	11597 	11598
f 11555 	11596 	11597
f 11555 	11597 	11556
f 11589 	9165 	11595
f 9168 	9166 	11596
f 9165 	9166 	11595
f 9167 	11601 	11596
f 11588 	11599 	11558
f 11558 	11599 	11600
f 11558 	11600 	11559
f 11588 	11593 	11599
f 11598 	11599 	11593
f 11600 	11599 	11598
f 11598 	11597 	11600
f 11601 	11600 	11597
f 11597 	11596 	11601
f 11559 	11600 	11601
f 11559 	11601 	11560
f 11601 	9167 	11560
f 12258 	6608 	11568
f 12255 	12257 	11563
f 12257 	12253 	11564
f 11405 	11406 	11403
f 11398 	11391 	11406
f 11391 	11602 	11406
f 11603 	11403 	11406
f 11406 	11602 	11603
f 7444 	10853 	11604
f 11604 	11403 	11605
f 11603 	11605 	11403
f 11606 	11607 	11603
f 11603 	11607 	11605
f 11608 	11602 	11393
f 11609 	11606 	11603
f 11609 	11603 	11602
f 11608 	11609 	11602
f 11368 	11611 	11610
f 11611 	11612 	11610
f 10032 	10031 	11613
f 11611 	10032 	11613
f 11613 	11612 	11611
f 11394 	11370 	11610
f 11610 	11612 	11394
f 11396 	11612 	11613
f 11613 	11378 	11396
f 10031 	11378 	11613
f 10031 	11379 	11378
f 9461 	10462 	9457
f 3791 	9460 	9457
f 10464 	10467 	9457
f 9461 	9457 	9460
f 8644 	7047 	10030
f 8185 	8644 	10030
f 10464 	9457 	10462
f 10467 	10468 	9457
f 10470 	10479 	9457
f 10471 	10470 	9457
f 10480 	7017 	10479
f 10468 	10471 	9457
f 10495 	10496 	7017
f 7017 	10493 	10495
f 9457 	10479 	7017
f 10493 	7017 	10494
f 10497 	7017 	10480
f 10494 	7017 	10497
f 7211 	7017 	7212
f 10498 	7017 	10496
f 7271 	7017 	10498
f 7212 	7017 	7271
f 11387 	10029 	7047
f 10029 	10030 	7047
f 11385 	11387 	7047
f 11386 	11385 	7047
f 11392 	11401 	7047
f 11401 	11400 	7047
f 11388 	11386 	7047
f 11400 	11388 	7047
f 11393 	11392 	7047
f 11609 	7047 	11606
f 11604 	7047 	7444
f 11605 	7047 	11604
f 11606 	7047 	11607
f 11607 	7047 	11605
f 11608 	11393 	7047
f 11608 	7047 	11609
f 11637 	11633 	11614
f 11618 	11619 	11633
f 11614 	11633 	11619
f 11623 	11615 	11622
f 11624 	11615 	11623
f 11622 	11615 	11621
f 11625 	11615 	11624
f 11616 	11634 	11615
f 11621 	11615 	11620
f 11617 	11618 	11633
f 11626 	11615 	11630
f 11627 	11615 	11626
f 11620 	11615 	11627
f 11630 	11615 	11629
f 11633 	11634 	11617
f 11629 	11615 	11628
f 11616 	11617 	11634
f 11635 	11615 	11634
f 11636 	11615 	11635
f 11628 	11615 	11636
f 11639 	11640 	11633
f 11632 	11633 	11641
f 11640 	11641 	11633
f 11642 	11632 	11641
f 11631 	11632 	11643
f 11639 	11633 	11638
f 11638 	11633 	11637
f 11644 	11631 	11643
f 11645 	11631 	11644
f 6929 	11631 	11645
f 6929 	6930 	11631
f 11642 	11643 	11632
f 6934 	6935 	11631
f 11631 	6935 	11646
f 11631 	11646 	11647
f 11631 	11647 	11648
f 11631 	11648 	11649
f 11631 	11649 	11650
f 11651 	11653 	11650
f 11652 	11653 	11651
f 11654 	11650 	11653
f 11631 	11650 	11654
f 11657 	11655 	9016
f 11655 	11657 	11658
f 11658 	11656 	11655
f 11656 	11658 	11616
f 11656 	11616 	11615
f 11658 	11657 	11659
f 11660 	11659 	11657
f 11658 	11659 	11617
f 11658 	11617 	11616
f 9011 	11660 	9012
f 9015 	9012 	11657
f 11660 	11657 	9012
f 11659 	11660 	11661
f 11659 	11661 	11618
f 11659 	11618 	11617
f 9011 	3171 	11660
f 11661 	11660 	11662
f 3171 	11662 	11660
f 11661 	11662 	11619
f 11661 	11619 	11618
f 11662 	3171 	11663
f 11662 	11663 	11614
f 11662 	11614 	11619
f 11663 	3173 	11614
f 11630 	9780 	11626
f 9771 	11626 	9780
f 11626 	9767 	11627
f 9771 	9767 	11626
f 11627 	9766 	11620
f 9767 	9766 	11627
f 11665 	11666 	11664
f 11664 	11666 	11667
f 11666 	11668 	11669
f 11666 	11669 	11667
f 11665 	11668 	11666
f 11664 	11621 	11665
f 11620 	11665 	11621
f 9765 	11669 	11668
f 9765 	11668 	9766
f 11620 	9766 	11665
f 11668 	11665 	9766
f 11667 	11669 	11670
f 8976 	11667 	11670
f 11672 	11671 	11667
f 11667 	8980 	11672
f 11664 	11667 	11671
f 11669 	9765 	11670
f 8976 	11670 	9765
f 9770 	11622 	11671
f 11622 	11621 	11671
f 11671 	11672 	9770
f 9770 	11672 	8980
f 11671 	11621 	11664
f 11622 	9770 	11623
f 9769 	11623 	9770
f 11624 	11623 	9768
f 9768 	11623 	9769
f 11675 	11673 	11674
f 9057 	11673 	8978
f 11675 	8978 	11673
f 11674 	11625 	11675
f 11625 	11624 	11675
f 9768 	11675 	11624
f 8978 	11675 	9768
f 11655 	11656 	11673
f 11674 	11673 	11656
f 11673 	9017 	11655
f 11674 	11656 	11625
f 11625 	11656 	11615
f 11654 	9773 	11631
f 9772 	11632 	11631
f 9772 	11631 	9773
f 11632 	9776 	11633
f 9772 	9776 	11632
f 9775 	11634 	11633
f 9775 	11633 	9776
f 9774 	11635 	11634
f 9774 	11634 	9775
f 9779 	11636 	11635
f 9779 	11635 	9774
f 9778 	11628 	11636
f 9778 	11636 	9779
f 9777 	11629 	11628
f 9777 	11628 	9778
f 11629 	9777 	11630
f 9780 	11630 	9777
f 11663 	3171 	3173
f 3173 	11637 	11614
f 8983 	3172 	9365
f 3173 	3172 	11676
f 3173 	11676 	11638
f 3173 	11638 	11637
f 3172 	8983 	11677
f 11679 	3172 	11677
f 11676 	3172 	11678
f 11679 	11678 	3172
f 9781 	11677 	8983
f 11676 	11678 	11639
f 11676 	11639 	11638
f 11677 	8982 	11679
f 11678 	11679 	11680
f 11681 	11682 	11679
f 9781 	8982 	11677
f 11678 	11680 	11640
f 11678 	11640 	11639
f 11680 	11679 	11682
f 11680 	11682 	11641
f 11680 	11641 	11640
f 11682 	11681 	11683
f 11685 	11683 	11681
f 11682 	11683 	11642
f 11682 	11642 	11641
f 11681 	9363 	11685
f 11683 	11685 	11684
f 11683 	11684 	11643
f 11683 	11643 	11642
f 11684 	11686 	11643
f 11684 	11685 	11686
f 11686 	11685 	8987
f 9377 	8987 	11685
f 11644 	11643 	11686
f 11686 	8987 	9783
f 11686 	9783 	11644
f 9782 	11645 	9783
f 9783 	11645 	11644
f 9389 	8985 	6940
f 6942 	11687 	6940
f 9389 	6940 	8986
f 11687 	8986 	6940
f 11645 	11687 	6929
f 9782 	11687 	11645
f 6942 	6929 	11687
f 11687 	9782 	8986
f 6935 	6946 	9791
f 6935 	9791 	11646
f 9791 	9790 	11647
f 9791 	11647 	11646
f 9792 	11648 	9790
f 11648 	11647 	9790
f 9789 	11649 	11648
f 9792 	9789 	11648
f 9788 	11650 	11649
f 9788 	11649 	9789
f 9787 	11651 	11650
f 9788 	9787 	11650
f 9786 	11652 	11651
f 9787 	9786 	11651
f 9785 	11653 	11652
f 9785 	11652 	9786
f 11653 	9784 	11654
f 9785 	9784 	11653
f 11654 	9784 	9773
f 7017 	7457 	7047
f 11689 	11690 	6952
f 11690 	11691 	6952
f 11691 	11692 	6952
f 11692 	11693 	6952
f 11693 	11694 	6952
f 11694 	11695 	6952
f 11688 	6952 	11695
f 11699 	6952 	11698
f 11697 	11698 	6952
f 11689 	6952 	11699
f 11696 	11697 	6952
f 11728 	11708 	6953
f 11700 	11701 	6952
f 11701 	11702 	6952
f 11703 	6952 	11702
f 11696 	6952 	11703
f 11706 	6952 	11705
f 11707 	6952 	11706
f 11700 	6952 	11707
f 11705 	6952 	11704
f 11708 	11709 	6953
f 11710 	11704 	6953
f 6952 	6953 	11704
f 11714 	6952 	11713
f 11715 	6952 	11714
f 11712 	11713 	6952
f 11716 	6952 	11715
f 11717 	6952 	11716
f 11718 	6952 	11717
f 11719 	6952 	11718
f 6947 	6949 	11719
f 11711 	11712 	6952
f 11711 	6952 	11688
f 6952 	11719 	6951
f 11727 	11728 	11720
f 11721 	11727 	11720
f 11722 	11727 	11721
f 11723 	11727 	11722
f 6953 	11720 	11728
f 11727 	11723 	11724
f 11727 	11724 	11725
f 11727 	11725 	11726
f 11709 	11710 	6953
f 11742 	1458 	11729
f 11732 	11733 	11729
f 11729 	11731 	11730
f 1457 	11732 	11729
f 11730 	11731 	11690
f 11730 	11690 	11689
f 11731 	11729 	11733
f 11691 	11690 	11733
f 11731 	11733 	11690
f 11735 	11736 	11732
f 11733 	11732 	11734
f 11691 	11734 	11692
f 11733 	11734 	11691
f 11734 	11732 	11736
f 11734 	11693 	11692
f 11734 	11736 	11693
f 11735 	11737 	11736
f 11693 	11737 	11694
f 11736 	11737 	11693
f 11735 	7184 	11738
f 11735 	11738 	11737
f 11735 	1447 	7184
f 11737 	11695 	11694
f 11695 	11737 	11738
f 11738 	7184 	11739
f 7188 	11739 	7184
f 11695 	11739 	11688
f 11738 	11739 	11695
f 7188 	11688 	11739
f 9794 	11700 	9809
f 9793 	11701 	11700
f 9793 	11700 	9794
f 9801 	11702 	11701
f 9801 	11701 	9793
f 9798 	11703 	11702
f 9801 	9798 	11702
f 9797 	11696 	11703
f 9797 	11703 	9798
f 9796 	11697 	11696
f 9796 	11696 	9797
f 11697 	9796 	11698
f 9803 	11698 	9796
f 11741 	11742 	11740
f 11729 	11730 	11742
f 11740 	11742 	11730
f 11742 	11741 	9802
f 11698 	11741 	11699
f 9803 	11741 	11698
f 11740 	11699 	11741
f 9802 	11741 	9803
f 11699 	11740 	11689
f 11689 	11740 	11730
f 9805 	11708 	9821
f 9804 	11709 	11708
f 9804 	11708 	9805
f 9807 	11710 	11709
f 9807 	11709 	9804
f 9814 	11704 	11710
f 9814 	11710 	9807
f 9811 	11705 	11704
f 9814 	9811 	11704
f 9810 	11706 	11705
f 9810 	11705 	9811
f 9809 	11707 	11706
f 9809 	11706 	9810
f 11700 	11707 	9809
f 11711 	11688 	7188
f 7185 	11743 	7188
f 7188 	11712 	11711
f 11712 	7188 	11743
f 11743 	7185 	11744
f 11743 	11744 	11713
f 11743 	11713 	11712
f 7185 	11746 	11745
f 7185 	11745 	11744
f 11714 	11713 	11745
f 11744 	11745 	11713
f 11746 	11747 	11745
f 11714 	11747 	11715
f 11745 	11747 	11714
f 11749 	11748 	11746
f 11746 	11748 	11747
f 11746 	1595 	11749
f 11747 	11716 	11715
f 11747 	11748 	11716
f 11749 	11750 	11748
f 11748 	11750 	11717
f 11748 	11717 	11716
f 11753 	11752 	11254
f 11850 	11752 	11753
f 11753 	11754 	11851
f 11757 	11754 	11259
f 11251 	11755 	11244
f 11755 	11245 	11244
f 11754 	11757 	11851
f 11259 	11758 	11757
f 11760 	11761 	11759
f 11761 	11760 	11758
f 11756 	11762 	11759
f 11756 	11759 	11761
f 11761 	11257 	11756
f 11755 	11762 	11756
f 11258 	11761 	11758
f 11257 	11761 	11258
f 11258 	11758 	11259
f 11349 	11769 	11784
f 11763 	11764 	11342
f 11765 	11770 	11763
f 11765 	11763 	11341
f 11341 	9240 	11765
f 9240 	9681 	11765
f 11341 	11763 	11342
f 11766 	11768 	11769
f 11764 	11767 	11766
f 11762 	11755 	11824
f 11770 	11767 	11763
f 11767 	11764 	11763
f 11755 	11251 	11824
f 11769 	11764 	11766
f 11760 	11857 	11758
f 10109 	11770 	11765
f 11757 	11855 	11851
f 11246 	11222 	11771
f 11769 	11349 	11764
f 11773 	11774 	11775
f 11791 	11768 	11790
f 11775 	11776 	11773
f 11771 	11772 	11774
f 11774 	11773 	11771
f 11222 	11221 	11772
f 11765 	9681 	10109
f 11771 	11222 	11772
f 10109 	10111 	11770
f 11249 	11246 	11771
f 11770 	10111 	10119
f 11770 	10119 	11767
f 11768 	11778 	11769
f 11779 	11778 	11781
f 11780 	11773 	11776
f 11776 	11777 	11780
f 11771 	11773 	11249
f 11781 	11782 	11779
f 11780 	11249 	11773
f 11777 	11247 	11780
f 11783 	11779 	11782
f 11780 	11247 	11250
f 11769 	11778 	11784
f 11250 	11249 	11780
f 11778 	11779 	11784
f 11785 	11784 	11779
f 11779 	11783 	11785
f 11772 	11786 	11774
f 11349 	11784 	11345
f 11774 	11820 	11775
f 11784 	11785 	11345
f 11825 	11776 	11775
f 11772 	11221 	11226
f 11338 	11785 	11783
f 11772 	11226 	11786
f 11791 	11778 	11768
f 11781 	11778 	11791
f 11814 	11782 	11787
f 11767 	11788 	11766
f 11788 	10670 	10671
f 10119 	10670 	11788
f 11789 	11788 	10671
f 594 	11791 	11790
f 11792 	11791 	594
f 11789 	11790 	11768
f 11789 	11768 	11766
f 11789 	10672 	11790
f 11788 	11789 	11766
f 11781 	11791 	11792
f 11793 	11792 	595
f 594 	595 	11792
f 595 	600 	11793
f 10119 	11788 	11767
f 11789 	10671 	10672
f 11794 	600 	613
f 613 	597 	11794
f 11793 	600 	11794
f 11795 	11781 	11792
f 11782 	11781 	11795
f 11797 	11796 	597
f 11794 	11796 	11798
f 11796 	11799 	11798
f 11798 	11793 	11794
f 11793 	11795 	11792
f 11793 	11798 	11795
f 11795 	11787 	11782
f 11787 	11795 	11798
f 11799 	11787 	11798
f 11794 	597 	11796
f 609 	11797 	597
f 11797 	609 	11800
f 920 	517 	11800
f 517 	11819 	11800
f 11800 	11819 	11797
f 609 	667 	11800
f 11346 	11338 	11801
f 11801 	11803 	11346
f 11348 	11803 	11802
f 11803 	11347 	11346
f 1955 	11348 	1957
f 11802 	11815 	11816
f 11802 	11816 	11805
f 11802 	11803 	11815
f 11805 	11804 	11802
f 1957 	11348 	11804
f 1960 	1957 	11804
f 11805 	11806 	11804
f 11348 	11802 	11804
f 1963 	1960 	11804
f 1963 	11804 	11806
f 11806 	1964 	1963
f 1965 	1964 	11806
f 1965 	11806 	11811
f 1965 	11811 	1968
f 11809 	11807 	11808
f 11808 	11810 	11809
f 1968 	11811 	1969
f 11807 	1969 	11811
f 11812 	11806 	11805
f 11811 	11806 	11812
f 1969 	11807 	1972
f 11809 	1972 	11807
f 1975 	11810 	394
f 393 	394 	11810
f 1976 	11809 	1977
f 11810 	1977 	11809
f 1975 	1977 	11810
f 1979 	1972 	11809
f 1976 	1979 	11809
f 11808 	538 	541
f 541 	11810 	11808
f 541 	393 	11810
f 11783 	11782 	11814
f 11813 	11814 	11787
f 11815 	11814 	11813
f 11813 	11816 	11815
f 11814 	11801 	11783
f 11814 	11815 	11801
f 11803 	11801 	11815
f 11787 	11799 	11813
f 12247 	11805 	11816
f 11797 	11817 	11796
f 11818 	11813 	11799
f 11786 	11820 	11774
f 11786 	11828 	11833
f 11833 	11820 	11786
f 11226 	11228 	11828
f 11822 	11759 	11821
f 11759 	11822 	11760
f 11776 	11823 	11777
f 11825 	11823 	11776
f 11777 	11823 	11824
f 11251 	11777 	11824
f 11825 	11775 	11836
f 11823 	11825 	11826
f 11826 	11827 	11823
f 11821 	11762 	11827
f 11821 	11759 	11762
f 11824 	11823 	11827
f 11762 	11824 	11827
f 11827 	11826 	11835
f 11827 	11835 	11821
f 11828 	11228 	11830
f 11828 	11830 	11829
f 11229 	11830 	11228
f 11831 	11828 	11829
f 11831 	11832 	11833
f 11831 	11833 	11828
f 11833 	11832 	11834
f 11826 	11840 	11835
f 11840 	11826 	11839
f 11881 	11821 	11835
f 11775 	11820 	11836
f 11833 	11837 	11820
f 11837 	11836 	11820
f 11837 	11838 	11836
f 11842 	11837 	11841
f 11842 	11838 	11837
f 11839 	11836 	11838
f 11839 	11825 	11836
f 11825 	11839 	11826
f 11838 	11843 	11844
f 11845 	11838 	11844
f 11845 	11846 	11839
f 11845 	11839 	11838
f 11846 	11847 	11840
f 11846 	11840 	11839
f 11838 	11842 	11843
f 11841 	11837 	11834
f 11833 	11834 	11837
f 11840 	11847 	11891
f 11848 	10351 	10346
f 10346 	11751 	11848
f 11849 	11752 	11850
f 11851 	11850 	11753
f 11848 	11852 	10352
f 10351 	11848 	10352
f 11849 	11853 	11852
f 11848 	11849 	11852
f 11850 	11854 	11853
f 11850 	11853 	11849
f 11851 	11854 	11850
f 11848 	11751 	11849
f 11849 	11751 	11752
f 11851 	11855 	11854
f 11760 	11822 	11856
f 11856 	11857 	11760
f 11857 	11757 	11758
f 11857 	11855 	11757
f 11858 	11859 	11855
f 11855 	11859 	11854
f 11861 	11874 	11860
f 11858 	11861 	11860
f 11856 	11861 	11858
f 11858 	11860 	11859
f 11853 	11862 	11868
f 11853 	11854 	11862
f 11852 	11853 	11868
f 11859 	11862 	11854
f 11858 	11857 	11856
f 11855 	11857 	11858
f 11874 	11882 	11863
f 10771 	11864 	10775
f 11865 	11866 	11867
f 10776 	11865 	11867
f 10778 	10776 	11867
f 11869 	11870 	11871
f 11870 	11869 	11865
f 11866 	11865 	11869
f 11872 	11865 	10776
f 10775 	11872 	10776
f 11872 	10775 	11864
f 11870 	11865 	11873
f 11865 	11872 	11873
f 11873 	11876 	11870
f 11868 	11873 	11872
f 11864 	11868 	11872
f 10771 	10352 	11864
f 11873 	11868 	11862
f 11868 	11864 	11852
f 10352 	11852 	11864
f 11870 	11878 	11871
f 11876 	11873 	11862
f 11878 	11870 	11875
f 11870 	11876 	11875
f 11878 	11875 	11877
f 11874 	11879 	11880
f 11874 	11880 	11875
f 11880 	11877 	11875
f 11874 	11875 	11860
f 11876 	11860 	11875
f 11876 	11859 	11860
f 11862 	11859 	11876
f 11879 	11874 	11863
f 11822 	11821 	11881
f 11881 	11887 	11822
f 11882 	11883 	11863
f 11884 	11885 	11886
f 11882 	11884 	11886
f 11882 	11886 	11883
f 11882 	11887 	11884
f 11882 	11861 	11887
f 11888 	11889 	11890
f 11884 	11888 	11890
f 11884 	11890 	11885
f 11874 	11861 	11882
f 11881 	11888 	11884
f 11887 	11881 	11884
f 11840 	11888 	11835
f 11881 	11835 	11888
f 11861 	11856 	11887
f 11822 	11887 	11856
f 11891 	11888 	11840
f 11889 	11888 	11891
f 912 	9146 	6634
f 8116 	6492 	8117
f 8118 	6492 	8116
f 8887 	6492 	8118
f 6492 	8123 	8122
f 8117 	6492 	8122
f 8123 	6492 	8125
f 6492 	8429 	8428
f 6492 	8428 	8125
f 8429 	6492 	8436
f 6635 	8441 	6492
f 8443 	6635 	8439
f 8443 	8441 	6635
f 8436 	6492 	8441
f 8702 	8694 	6492
f 6492 	8694 	8697
f 8697 	8701 	6492
f 6492 	8701 	8711
f 8718 	6492 	8711
f 8719 	6493 	8718
f 8714 	6493 	8716
f 8713 	6493 	8714
f 8716 	6493 	8719
f 8866 	6493 	8713
f 6492 	8718 	6493
f 8867 	6493 	8866
f 8870 	6493 	8867
f 8869 	6493 	8870
f 8869 	8872 	6493
f 8872 	8874 	6493
f 8874 	8877 	6493
f 8876 	6493 	8877
f 7144 	11568 	6608
f 11567 	12259 	11568
f 12264 	12263 	11571
f 11572 	11571 	12263
f 12262 	12264 	11570
f 12263 	11573 	11572
f 12241 	12242 	11579
f 6778 	11542 	5662
f 11893 	1441 	11894
f 11892 	1441 	11893
f 411 	1441 	11892
f 2933 	3021 	11892
f 11893 	11894 	2937
f 411 	11892 	405
f 11894 	1441 	11895
f 270 	266 	411
f 11893 	12293 	11892
f 2937 	6261 	11893
f 283 	11482 	285
f 11502 	285 	11504
f 4915 	4920 	5286
f 11519 	5286 	11503
f 3182 	2028 	5662
f 298 	299 	5662
f 303 	298 	328
f 333 	328 	298
f 300 	303 	306
f 305 	306 	303
f 308 	298 	303
f 1525 	311 	312
f 315 	1522 	313
f 321 	328 	318
f 303 	328 	305
f 321 	305 	328
f 319 	318 	328
f 322 	319 	328
f 322 	328 	1560
f 359 	329 	298
f 5662 	11895 	298
f 329 	335 	333
f 333 	298 	329
f 336 	333 	335
f 338 	341 	359
f 347 	363 	359
f 349 	347 	359
f 350 	349 	359
f 359 	298 	350
f 352 	298 	356
f 352 	350 	298
f 373 	371 	338
f 368 	603 	367
f 368 	360 	361
f 368 	361 	369
f 373 	338 	372
f 1649 	338 	371
f 363 	372 	359
f 374 	1638 	371
f 376 	377 	365
f 596 	298 	380
f 599 	298 	596
f 356 	298 	599
f 610 	604 	612
f 604 	601 	368
f 603 	368 	601
f 612 	604 	368
f 608 	365 	603
f 369 	612 	368
f 381 	380 	633
f 298 	631 	380
f 634 	641 	381
f 625 	365 	608
f 365 	367 	603
f 365 	625 	624
f 365 	624 	622
f 622 	618 	365
f 620 	656 	627
f 627 	131 	626
f 633 	380 	631
f 616 	381 	641
f 634 	381 	633
f 631 	298 	630
f 635 	638 	651
f 638 	639 	651
f 639 	675 	651
f 678 	651 	675
f 630 	298 	628
f 642 	635 	651
f 654 	620 	641
f 656 	620 	654
f 616 	641 	620
f 131 	627 	656
f 664 	663 	651
f 660 	643 	651
f 660 	651 	663
f 645 	651 	643
f 651 	130 	664
f 659 	664 	130
f 138 	659 	130
f 738 	716 	11895
f 628 	298 	646
f 673 	671 	666
f 666 	298 	683
f 646 	298 	670
f 668 	298 	671
f 670 	298 	668
f 298 	666 	671
f 185 	179 	666
f 179 	673 	666
f 645 	642 	651
f 676 	678 	675
f 683 	298 	679
f 683 	690 	685
f 693 	208 	688
f 210 	206 	197
f 679 	690 	683
f 699 	712 	697
f 697 	712 	195
f 712 	718 	195
f 194 	195 	718
f 712 	298 	718
f 679 	298 	712
f 718 	298 	716
f 716 	738 	713
f 736 	713 	738
f 221 	741 	732
f 224 	741 	221
f 222 	726 	744
f 298 	11895 	716
f 292 	1441 	411
f 1432 	1424 	11895
f 741 	738 	11895
f 1424 	732 	11895
f 732 	741 	11895
f 1426 	1424 	1432
f 290 	1426 	1432
f 1429 	1432 	11895
f 1444 	1429 	11895
f 1446 	1429 	1444
f 1429 	1446 	293
f 1441 	1444 	11895
f 298 	308 	1449
f 1521 	1522 	315
f 312 	313 	1522
f 1525 	312 	1522
f 1520 	1449 	308
f 1514 	1626 	159
f 159 	160 	1514
f 1566 	1559 	328
f 1560 	328 	1559
f 1564 	1565 	1630
f 328 	1630 	1566
f 1565 	1566 	1630
f 315 	1609 	1567
f 1568 	315 	1567
f 1570 	1567 	1609
f 1592 	315 	1591
f 1568 	1591 	315
f 325 	1609 	315
f 1617 	315 	1614
f 1617 	1615 	315
f 1521 	315 	1615
f 1592 	1614 	315
f 1564 	1630 	1620
f 1624 	1620 	1630
f 1630 	159 	1625
f 1626 	1627 	159
f 1628 	1625 	159
f 1625 	1624 	1630
f 1627 	1628 	159
f 1520 	246 	1449
f 249 	5286 	248
f 250 	251 	5286
f 1449 	246 	1450
f 249 	250 	5286
f 1682 	1683 	1635
f 1680 	1682 	1631
f 1635 	1631 	1682
f 344 	1647 	1645
f 1643 	1640 	1648
f 1641 	1640 	1643
f 1647 	1648 	1640
f 1640 	1645 	1647
f 344 	1645 	1637
f 344 	1637 	1632
f 359 	372 	338
f 1638 	1680 	1639
f 1631 	1639 	1680
f 1649 	371 	1638
f 1680 	1638 	374
f 1666 	344 	1632
f 345 	344 	1678
f 1675 	1678 	344
f 1673 	345 	1678
f 1676 	1675 	344
f 1666 	1676 	344
f 1670 	1707 	1671
f 1696 	178 	1679
f 1704 	177 	1703
f 1664 	1679 	178
f 1699 	1703 	178
f 1634 	1635 	1685
f 1670 	1634 	1685
f 113 	115 	365
f 1694 	1695 	1693
f 365 	1712 	1695
f 365 	1695 	376
f 1683 	1685 	1635
f 1700 	1696 	1679
f 1699 	178 	1696
f 1707 	1700 	1671
f 177 	178 	1703
f 153 	177 	127
f 1670 	1685 	1707
f 1679 	1671 	1700
f 1712 	365 	1710
f 1693 	1695 	1712
f 1705 	1706 	365
f 115 	116 	365
f 1710 	365 	1706
f 1704 	127 	177
f 178 	165 	1664
f 165 	166 	1664
f 618 	1719 	365
f 1715 	365 	1718
f 1717 	365 	1715
f 1719 	1718 	365
f 113 	365 	1717
f 1723 	626 	131
f 131 	132 	1723
f 1727 	133 	120
f 1728 	133 	1727
f 132 	133 	1724
f 1724 	1723 	132
f 120 	143 	151
f 119 	120 	151
f 11749 	11897 	11896
f 11896 	11750 	11749
f 11718 	11717 	11896
f 11750 	11896 	11717
f 11719 	11718 	11897
f 11896 	11897 	11718
f 11719 	11897 	9816
f 9817 	9816 	11897
f 6961 	6958 	9816
f 6953 	9819 	11720
f 9819 	11721 	11720
f 9819 	9834 	11721
f 9834 	9833 	11722
f 9834 	11722 	11721
f 11722 	9828 	11723
f 9833 	9828 	11722
f 9827 	11724 	11723
f 9827 	11723 	9828
f 9826 	11725 	11724
f 9826 	11724 	9827
f 9823 	11726 	11725
f 9826 	9823 	11725
f 9822 	11727 	11726
f 9822 	11726 	9823
f 9821 	11728 	11727
f 9821 	11727 	9822
f 11708 	11728 	9821
f 11899 	11900 	6977
f 11900 	11901 	6977
f 11901 	11902 	6977
f 11902 	11903 	6977
f 11903 	11904 	6977
f 11904 	11905 	6977
f 11905 	11906 	6977
f 11906 	11907 	6977
f 11907 	11908 	6977
f 11898 	6977 	11908
f 11909 	11899 	6977
f 11911 	11909 	11910
f 6977 	11930 	11909
f 11909 	11911 	11912
f 11909 	11912 	11913
f 11909 	11913 	11914
f 11909 	11914 	11915
f 11909 	11915 	11916
f 11909 	11916 	11917
f 11918 	11920 	11917
f 11919 	11920 	11918
f 11909 	11917 	11920
f 11923 	11924 	11922
f 11924 	11925 	11922
f 11921 	11922 	11925
f 11921 	11925 	11926
f 11921 	11926 	11927
f 11921 	11927 	11928
f 11921 	11928 	11929
f 6971 	6972 	11921
f 6972 	6973 	11921
f 11929 	6971 	11921
f 11921 	6977 	11898
f 6974 	6975 	11921
f 11932 	11909 	11931
f 11930 	11931 	11909
f 11933 	11909 	11932
f 11934 	11909 	11933
f 11935 	11909 	11934
f 11936 	11909 	11935
f 11937 	11909 	11936
f 11938 	11909 	11937
f 11910 	11909 	11938
f 9838 	11900 	9840
f 11900 	11899 	9840
f 11901 	11900 	9839
f 9838 	9839 	11900
f 9837 	11902 	9839
f 11902 	11901 	9839
f 9837 	9836 	11903
f 9837 	11903 	11902
f 9836 	9835 	11904
f 9836 	11904 	11903
f 11905 	11904 	9841
f 9835 	9841 	11904
f 9844 	11906 	9841
f 11906 	11905 	9841
f 9844 	9843 	11907
f 9844 	11907 	11906
f 9843 	9842 	11908
f 9843 	11908 	11907
f 9845 	11898 	9842
f 9842 	11898 	11908
f 11940 	7020 	3295
f 7021 	7020 	11939
f 11938 	7021 	11910
f 3067 	11940 	3295
f 3067 	2827 	11940
f 3296 	3295 	7020
f 7020 	11940 	11939
f 11941 	11939 	11940
f 11942 	11941 	11940
f 11939 	11941 	11911
f 11939 	11911 	11910
f 11942 	11940 	2827
f 11911 	11942 	11912
f 9852 	11912 	11942
f 9852 	11942 	2827
f 11941 	11942 	11911
f 11912 	9852 	11913
f 9851 	11913 	9852
f 2826 	11943 	11944
f 11947 	11945 	11946
f 11943 	11945 	11944
f 11913 	9851 	11944
f 2826 	11944 	9851
f 11913 	11944 	11914
f 11945 	11914 	11944
f 11943 	11946 	11945
f 11948 	11947 	11946
f 11946 	11943 	3069
f 11946 	3069 	3065
f 11915 	11914 	11947
f 11945 	11947 	11914
f 11946 	2822 	11948
f 11915 	11948 	11916
f 9848 	11916 	11948
f 9848 	11948 	2822
f 11947 	11948 	11915
f 3006 	2820 	11949
f 11949 	11950 	2821
f 11949 	2821 	3006
f 11950 	11949 	11951
f 11916 	11950 	11917
f 11951 	11917 	11950
f 11916 	9848 	11950
f 2821 	11950 	9848
f 11952 	11949 	2820
f 11952 	11951 	11949
f 11951 	11952 	11917
f 9847 	11918 	11952
f 9847 	11952 	2820
f 11918 	11917 	11952
f 11953 	11954 	2819
f 11953 	2819 	3005
f 2825 	11955 	11953
f 2825 	11953 	3005
f 11955 	11954 	11953
f 11955 	11919 	11918
f 11955 	11918 	11954
f 11918 	9847 	11954
f 2819 	11954 	9847
f 9850 	11919 	11955
f 9850 	11955 	2825
f 11920 	11919 	9849
f 11919 	9850 	9849
f 11956 	11957 	11958
f 11958 	11957 	2823
f 3066 	2823 	11957
f 11957 	11959 	2824
f 11957 	2824 	3066
f 11956 	11959 	11957
f 9849 	11959 	11920
f 11920 	11956 	11909
f 9846 	11909 	11956
f 9846 	11956 	11958
f 9846 	11958 	2823
f 11956 	11920 	11959
f 2824 	11959 	9849
f 9840 	11899 	9846
f 11909 	9846 	11899
f 11921 	11898 	9860
f 9845 	9860 	11898
f 9860 	9859 	11922
f 9860 	11922 	11921
f 9855 	11923 	9859
f 9859 	11923 	11922
f 9855 	9854 	11924
f 9855 	11924 	11923
f 9854 	9853 	11925
f 9854 	11925 	11924
f 9856 	11926 	9853
f 9853 	11926 	11925
f 9861 	11927 	9856
f 11927 	11926 	9856
f 9861 	9858 	11928
f 9861 	11928 	11927
f 9858 	9857 	11929
f 9858 	11929 	11928
f 6978 	6971 	9857
f 6971 	11929 	9857
f 6977 	10149 	11930
f 10149 	10148 	11931
f 10149 	11931 	11930
f 11962 	11960 	11961
f 3291 	11960 	2849
f 11962 	2849 	11960
f 11931 	11962 	11932
f 11961 	11932 	11962
f 11931 	10148 	11962
f 2849 	11962 	10148
f 11963 	11960 	2840
f 11963 	11961 	11960
f 11932 	11963 	11933
f 10147 	11933 	11963
f 10147 	11963 	2840
f 11961 	11963 	11932
f 3294 	3293 	11964
f 11964 	2839 	3294
f 2839 	11964 	11965
f 11964 	11966 	11965
f 11964 	3293 	3299
f 11933 	10147 	11965
f 2839 	11965 	10147
f 11933 	11965 	11934
f 11966 	11934 	11965
f 11964 	11967 	11968
f 11964 	11968 	11966
f 3297 	11969 	3298
f 11964 	3299 	11967
f 11935 	11934 	11968
f 11966 	11968 	11934
f 11968 	11967 	11970
f 11967 	11969 	11970
f 11967 	3298 	11969
f 11968 	11970 	11936
f 11968 	11936 	11935
f 11969 	3297 	7020
f 11970 	11969 	11971
f 7020 	11971 	11969
f 11937 	11936 	11971
f 11970 	11971 	11936
f 7021 	11971 	7020
f 11971 	7021 	11938
f 11971 	11938 	11937
f 7021 	11939 	11910
f 11984 	11973 	11972
f 11973 	11974 	11972
f 11972 	11974 	11975
f 11972 	11975 	11976
f 11972 	11976 	11977
f 11972 	11977 	11978
f 11972 	11978 	11979
f 11972 	11979 	11980
f 11972 	11980 	11981
f 11984 	11972 	11983
f 11982 	11983 	11972
f 12015 	12016 	11972
f 11985 	11986 	11972
f 11986 	11987 	11972
f 11987 	11988 	11972
f 11989 	11972 	11988
f 11982 	11972 	11989
f 11992 	11972 	11991
f 11993 	11972 	11992
f 11985 	11972 	11993
f 11991 	11972 	11990
f 12016 	12017 	11972
f 11996 	11972 	11995
f 11990 	11972 	11996
f 11972 	11997 	11998
f 11972 	11998 	11999
f 11972 	11999 	12000
f 11972 	12000 	12001
f 11972 	12001 	12002
f 11972 	12002 	12003
f 11972 	12003 	12004
f 12005 	11972 	12004
f 11972 	12005 	12006
f 11972 	12006 	12007
f 11972 	12007 	12008
f 11972 	12008 	12009
f 11972 	12009 	12010
f 11972 	12010 	12011
f 11972 	12011 	12012
f 11972 	12012 	12013
f 12013 	12014 	11972
f 12015 	11972 	12014
f 12018 	11972 	12017
f 12019 	11972 	12018
f 11994 	11972 	12019
f 11995 	11972 	11994
f 10158 	11973 	11984
f 11974 	11973 	10159
f 10158 	10159 	11973
f 10159 	10153 	11975
f 10159 	11975 	11974
f 12021 	3318 	12020
f 3640 	12020 	3318
f 12023 	12022 	12020
f 12023 	12020 	3322
f 3640 	3322 	12020
f 12022 	12024 	12020
f 12024 	12021 	12020
f 10153 	3318 	12021
f 10153 	12021 	12024
f 10153 	12024 	11975
f 10155 	11976 	12022
f 11975 	12024 	11976
f 12022 	12023 	10155
f 10155 	12023 	3322
f 12022 	11976 	12024
f 12025 	12026 	12027
f 12027 	12028 	12025
f 12026 	11977 	12027
f 11977 	11976 	12027
f 10155 	12027 	11976
f 10155 	10154 	12028
f 12027 	10155 	12028
f 12025 	12029 	12026
f 12028 	12030 	12025
f 12030 	12029 	12025
f 11978 	11977 	12029
f 12026 	12029 	11977
f 10154 	12030 	12028
f 10154 	10156 	12030
f 11978 	12029 	10156
f 12030 	10156 	12029
f 11979 	11978 	10152
f 10156 	10152 	11978
f 12031 	12032 	12033
f 12032 	12034 	12033
f 12031 	12034 	12032
f 11980 	11979 	12033
f 12031 	12033 	11979
f 10152 	10151 	12034
f 11980 	12033 	10151
f 12034 	10151 	12033
f 12031 	10152 	12034
f 10152 	12031 	11979
f 12039 	12035 	12036
f 12035 	12037 	12036
f 12037 	12038 	12036
f 12039 	11981 	12035
f 10151 	10150 	12038
f 12037 	12035 	10151
f 11980 	10151 	12035
f 12038 	12037 	10151
f 11980 	12035 	11981
f 12038 	12040 	12036
f 12040 	12039 	12036
f 10150 	12040 	12038
f 10150 	10157 	12040
f 12039 	12040 	10157
f 12039 	10157 	11972
f 12039 	11972 	11981
f 10164 	11985 	10170
f 12041 	12042 	12043
f 12042 	12044 	12043
f 12042 	12041 	3499
f 12042 	3504 	12044
f 11985 	10164 	12043
f 11986 	11985 	12043
f 12041 	12043 	10164
f 12043 	12044 	11986
f 3499 	12041 	10164
f 3504 	10167 	12044
f 11986 	12044 	10167
f 11986 	10167 	11987
f 10162 	11987 	10167
f 12045 	12046 	12047
f 12045 	12048 	12046
f 12048 	12049 	12046
f 12049 	12047 	12046
f 10161 	12045 	12047
f 12047 	12049 	10162
f 10161 	12047 	10162
f 12045 	10161 	12048
f 10161 	11988 	12048
f 11988 	11987 	12048
f 12049 	12048 	11987
f 11987 	10162 	12049
f 11988 	10161 	11989
f 10163 	11989 	10161
f 10160 	11982 	11989
f 10160 	11989 	10163
f 11982 	10166 	11983
f 10160 	10166 	11982
f 10165 	11984 	11983
f 10165 	11983 	10166
f 11984 	10165 	10158
f 11994 	12063 	10169
f 10168 	11995 	11994
f 10168 	11994 	10169
f 11995 	10168 	11996
f 10174 	11996 	10168
f 4430 	12050 	12051
f 4430 	12051 	4865
f 12050 	12052 	12051
f 4865 	12051 	4431
f 12052 	4431 	12051
f 11996 	12052 	11990
f 10173 	11990 	12050
f 10173 	12050 	4430
f 12050 	11990 	12052
f 11996 	10174 	12052
f 4431 	12052 	10174
f 10172 	11991 	11990
f 10172 	11990 	10173
f 12054 	12053 	4427
f 4860 	4427 	12053
f 4860 	12053 	4428
f 12055 	4428 	12053
f 12053 	12056 	12055
f 12056 	12053 	12057
f 12058 	12057 	12053
f 10171 	12054 	4427
f 11991 	10172 	12056
f 12055 	12056 	10172
f 4428 	12055 	10172
f 12056 	12057 	11992
f 12056 	11992 	11991
f 4424 	12058 	4425
f 12053 	4425 	12058
f 4426 	4425 	12054
f 12053 	12054 	4425
f 11992 	12058 	11993
f 10170 	11993 	12058
f 10170 	12058 	4424
f 4426 	12054 	10171
f 12057 	12058 	11992
f 11985 	11993 	10170
f 10157 	10181 	11997
f 10157 	11997 	11972
f 10181 	10180 	11998
f 10181 	11998 	11997
f 10178 	11999 	10180
f 10180 	11999 	11998
f 12000 	11999 	10177
f 10178 	10177 	11999
f 10177 	10176 	12001
f 10177 	12001 	12000
f 10176 	10175 	12002
f 10176 	12002 	12001
f 10183 	12003 	10175
f 10175 	12003 	12002
f 10183 	10182 	12004
f 10183 	12004 	12003
f 10179 	12005 	10182
f 10182 	12005 	12004
f 12008 	10187 	10190
f 12008 	10190 	12009
f 10190 	10189 	12010
f 10190 	12010 	12009
f 10189 	10188 	12011
f 10189 	12011 	12010
f 10188 	10186 	12012
f 10188 	12012 	12011
f 10186 	10185 	12013
f 10186 	12013 	12012
f 10185 	10197 	12013
f 12006 	12005 	10184
f 10179 	10184 	12005
f 10191 	12007 	10184
f 12007 	12006 	10184
f 10187 	12008 	10191
f 12008 	12007 	10191
f 10197 	12014 	12013
f 12014 	10197 	12015
f 10197 	10194 	12015
f 12015 	10193 	12016
f 10194 	10193 	12015
f 10192 	12017 	12016
f 10192 	12016 	10193
f 12017 	10196 	12018
f 10192 	10196 	12017
f 10195 	12019 	12018
f 10195 	12018 	10196
f 12059 	12060 	12061
f 12060 	12062 	12061
f 12060 	12063 	12062
f 12060 	12059 	12063
f 12019 	12062 	11994
f 12061 	10169 	12059
f 10195 	10169 	12061
f 12019 	10195 	12062
f 12061 	12062 	10195
f 12063 	11994 	12062
f 12059 	10169 	12063
f 12067 	12068 	12089
f 12068 	12069 	12089
f 12064 	12089 	12069
f 12064 	12069 	12070
f 12064 	12070 	12071
f 12064 	12071 	12072
f 12064 	12072 	12073
f 12064 	12073 	12074
f 12066 	12077 	12065
f 12065 	12077 	12076
f 12086 	12077 	12066
f 12078 	12076 	12077
f 12075 	12076 	12078
f 12079 	12082 	12078
f 12080 	12082 	12079
f 12081 	12082 	12080
f 12075 	12078 	12082
f 12085 	12066 	12084
f 12086 	12066 	12085
f 12084 	12066 	12083
f 12083 	12066 	12088
f 12090 	12066 	12089
f 12091 	12066 	12090
f 12092 	12066 	12091
f 12093 	12066 	12092
f 12094 	12066 	12093
f 12095 	12066 	12094
f 12096 	12066 	12095
f 12097 	12066 	12096
f 12098 	12066 	12097
f 12099 	12066 	12098
f 12067 	12089 	12066
f 12066 	12099 	12100
f 12066 	12100 	12101
f 12066 	12101 	12102
f 12066 	12102 	12103
f 12066 	12103 	12104
f 12066 	12104 	12105
f 12066 	12105 	12106
f 12106 	12107 	12066
f 12107 	12108 	12066
f 12108 	12109 	12066
f 12109 	12110 	12066
f 12110 	12111 	12066
f 12111 	12087 	12066
f 12087 	12088 	12066
f 12112 	12113 	12114
f 12113 	5406 	5042
f 12113 	5042 	12114
f 5406 	12113 	5043
f 12115 	5043 	12113
f 12112 	12115 	12113
f 12066 	12065 	12114
f 12112 	12114 	12065
f 12114 	5042 	10201
f 12114 	10201 	12066
f 10202 	5043 	12115
f 12065 	10202 	12112
f 12115 	12112 	10202
f 12067 	12066 	10200
f 10201 	10200 	12066
f 12119 	12118 	12117
f 12116 	12117 	12118
f 5405 	12117 	5041
f 12116 	5041 	12117
f 5047 	12119 	12117
f 5047 	12117 	5405
f 12118 	12068 	12116
f 12068 	12067 	12116
f 10200 	12116 	12067
f 10200 	5041 	12116
f 12069 	12068 	12119
f 12118 	12119 	12068
f 12069 	12119 	10203
f 5047 	10203 	12119
f 12122 	12120 	12121
f 12123 	12121 	12120
f 12123 	12120 	5040
f 5404 	5040 	12120
f 5404 	12120 	5046
f 12124 	5046 	12120
f 12120 	12122 	12124
f 12070 	12069 	12121
f 10199 	12070 	12121
f 12122 	12121 	12069
f 5040 	10199 	12123
f 12121 	12123 	10199
f 10203 	5046 	12124
f 12069 	10203 	12122
f 12124 	12122 	10203
f 12125 	12126 	12127
f 12126 	12125 	12128
f 12127 	12071 	12125
f 12071 	12070 	12125
f 10199 	12125 	12070
f 10199 	10198 	12128
f 12125 	10199 	12128
f 12126 	12129 	12127
f 5402 	5037 	12126
f 5037 	12129 	12126
f 12126 	12128 	5038
f 12126 	5038 	5402
f 5037 	10207 	12129
f 12072 	12071 	12129
f 12127 	12129 	12071
f 10198 	5038 	12128
f 12072 	12129 	10207
f 12073 	12072 	10205
f 10207 	10205 	12072
f 12130 	12131 	12132
f 12131 	12133 	12134
f 12130 	12133 	12131
f 12073 	12130 	12074
f 12132 	12074 	12130
f 12134 	12133 	10204
f 12133 	10205 	10204
f 12073 	10205 	12130
f 12133 	12130 	10205
f 12135 	12131 	12134
f 12135 	12132 	12131
f 12132 	12064 	12074
f 10204 	10206 	12135
f 10204 	12135 	12134
f 12064 	12132 	10206
f 12135 	10206 	12132
f 10229 	12089 	12064
f 10206 	10229 	12064
f 12077 	12086 	10213
f 12136 	12137 	12138
f 12137 	5411 	5051
f 12137 	5051 	12138
f 5411 	12137 	5057
f 12136 	5057 	12137
f 12077 	12136 	12078
f 12138 	12078 	12136
f 10208 	12078 	12138
f 10208 	12138 	5051
f 12077 	10213 	12136
f 5057 	12136 	10213
f 12139 	12140 	12141
f 12141 	5050 	12139
f 5410 	12139 	5050
f 12143 	12139 	5055
f 12078 	12141 	12079
f 12140 	12079 	12141
f 12078 	10208 	12141
f 5050 	12141 	10208
f 12139 	12142 	12140
f 5410 	5055 	12139
f 12139 	12143 	12142
f 12140 	12142 	12079
f 12080 	12079 	12142
f 10212 	12080 	12142
f 12142 	12143 	10212
f 10212 	12143 	5055
f 12144 	12145 	12146
f 12144 	5056 	12145
f 5058 	12146 	12145
f 12144 	12146 	12080
f 10212 	12144 	12080
f 12081 	12080 	12146
f 5056 	12144 	10212
f 5058 	10214 	12146
f 12081 	12146 	10214
f 10211 	12082 	12081
f 10211 	12081 	10214
f 10210 	12075 	12082
f 10210 	12082 	10211
f 10209 	12076 	12075
f 10209 	12075 	10210
f 10209 	12065 	12076
f 10202 	12065 	10209
f 10219 	12087 	10241
f 12087 	10219 	12088
f 10218 	12088 	10219
f 12088 	10218 	12083
f 10217 	12083 	10218
f 12147 	12148 	12149
f 12148 	5428 	5062
f 12148 	5062 	12149
f 12147 	12150 	12148
f 5428 	12148 	5065
f 12150 	5065 	12148
f 12083 	12147 	12084
f 10217 	12147 	12083
f 12147 	12149 	12084
f 10216 	12084 	12149
f 10216 	12149 	5062
f 12147 	10217 	12150
f 5065 	12150 	10217
f 12084 	10216 	12085
f 10215 	12085 	10216
f 12151 	12152 	12153
f 12153 	5061 	12151
f 12151 	5066 	12152
f 12085 	12153 	12086
f 10215 	12153 	12085
f 12153 	12152 	12086
f 10220 	12086 	12152
f 5061 	12153 	10215
f 10220 	12152 	5066
f 10220 	10213 	12086
f 10229 	10228 	12090
f 10229 	12090 	12089
f 10227 	12091 	10228
f 12091 	12090 	10228
f 10227 	10226 	12092
f 10227 	12092 	12091
f 10230 	12093 	10226
f 10226 	12093 	12092
f 12094 	12093 	10225
f 10230 	10225 	12093
f 10225 	10224 	12095
f 10225 	12095 	12094
f 10223 	12096 	10224
f 10224 	12096 	12095
f 10223 	10222 	12097
f 10223 	12097 	12096
f 12098 	12097 	10221
f 10222 	10221 	12097
f 10221 	12099 	12098
f 10234 	12101 	10231
f 12100 	10231 	12101
f 10234 	10233 	12102
f 10234 	12102 	12101
f 10238 	12103 	10233
f 10233 	12103 	12102
f 10238 	10237 	12104
f 10238 	12104 	12103
f 10236 	12105 	10237
f 12105 	12104 	10237
f 10236 	10235 	12106
f 10236 	12106 	12105
f 10221 	10232 	12099
f 10232 	10231 	12100
f 10232 	12100 	12099
f 10235 	10243 	12106
f 12107 	12106 	10243
f 10240 	12108 	12107
f 10240 	12107 	10243
f 10239 	12109 	12108
f 10239 	12108 	10240
f 10242 	12110 	12109
f 10242 	12109 	10239
f 10241 	12111 	12110
f 10242 	10241 	12110
f 12087 	12111 	10241
f 8080 	6350 	7017
f 12179 	12180 	12158
f 12154 	12179 	12158
f 12154 	12158 	12159
f 12154 	12159 	12160
f 12154 	12160 	12161
f 12154 	12161 	12162
f 12154 	12162 	12163
f 12156 	12187 	12155
f 12155 	12167 	12166
f 12166 	12167 	12165
f 12199 	12155 	12198
f 12168 	12165 	12167
f 12169 	12165 	12168
f 12164 	12165 	12169
f 12170 	12172 	12169
f 12171 	12172 	12170
f 12164 	12169 	12172
f 12175 	12155 	12174
f 12176 	12155 	12175
f 12167 	12155 	12176
f 12174 	12155 	12173
f 12178 	12155 	12177
f 12173 	12155 	12178
f 12157 	12158 	12180
f 12181 	12157 	12180
f 12182 	12157 	12181
f 12183 	12157 	12182
f 12184 	12157 	12183
f 12185 	12157 	12184
f 12186 	12157 	12185
f 12187 	12157 	12186
f 12156 	12157 	12187
f 12188 	12155 	12187
f 12189 	12155 	12188
f 12190 	12155 	12189
f 12191 	12155 	12190
f 12192 	12155 	12191
f 12193 	12155 	12192
f 12194 	12155 	12193
f 12195 	12155 	12194
f 12196 	12155 	12195
f 12197 	12155 	12196
f 12198 	12155 	12197
f 12200 	12155 	12199
f 12201 	12155 	12200
f 12177 	12155 	12201
f 12202 	6243 	6242
f 6257 	6243 	12202
f 12205 	12204 	12202
f 12203 	12202 	12204
f 12202 	6242 	12205
f 6257 	12202 	5786
f 12203 	5786 	12202
f 12155 	12203 	12156
f 10244 	5786 	12203
f 10244 	12203 	12155
f 12203 	12204 	12156
f 6253 	12205 	6254
f 6253 	12208 	12205
f 12204 	12205 	12206
f 12207 	12206 	12205
f 6254 	12205 	6242
f 12157 	12156 	12206
f 12204 	12206 	12156
f 12207 	12205 	12208
f 12206 	12207 	12157
f 12208 	12158 	12207
f 12158 	12157 	12207
f 12208 	6253 	12209
f 12210 	12209 	6252
f 12158 	12208 	12159
f 12209 	12159 	12208
f 12210 	12211 	12209
f 12211 	12210 	12212
f 12209 	12211 	12159
f 12159 	12211 	12160
f 12212 	12160 	12211
f 6988 	12213 	6250
f 12212 	12210 	12214
f 12210 	12213 	12214
f 6988 	12216 	12213
f 12212 	12214 	12161
f 12212 	12161 	12160
f 12214 	12213 	12215
f 12162 	12161 	12215
f 12214 	12215 	12161
f 12215 	12213 	12216
f 12162 	12216 	12163
f 12215 	12216 	12162
f 12216 	6989 	12154
f 12216 	12154 	12163
f 6989 	12219 	12154
f 10249 	12167 	10258
f 10248 	12168 	12167
f 10248 	12167 	10249
f 12168 	10247 	12169
f 10248 	10247 	12168
f 10246 	12170 	12169
f 10246 	12169 	10247
f 10245 	12171 	12170
f 10245 	12170 	10246
f 10253 	12172 	12171
f 10253 	12171 	10245
f 12172 	10253 	12164
f 10250 	12164 	10253
f 12164 	10252 	12165
f 10250 	10252 	12164
f 10251 	12166 	12165
f 10251 	12165 	10252
f 10251 	10244 	12166
f 12155 	12166 	10244
f 11819 	11817 	11797
f 10257 	12178 	12177
f 10259 	10257 	12177
f 10256 	12173 	12178
f 10256 	12178 	10257
f 11817 	11799 	11796
f 10255 	12174 	12173
f 10255 	12173 	10256
f 10254 	12175 	12174
f 10254 	12174 	10255
f 12217 	11817 	11819
f 10258 	12176 	12175
f 10258 	12175 	10254
f 12167 	12176 	10258
f 11819 	12218 	12217
f 6989 	6990 	12219
f 12154 	12219 	12179
f 11817 	11818 	11799
f 12219 	6990 	12220
f 11817 	12217 	11818
f 8879 	8883 	6493
f 516 	505 	12221
f 12218 	516 	12221
f 10303 	6493 	8883
f 8887 	8702 	6492
f 8876 	8878 	6493
f 8878 	8879 	6493
f 10303 	10301 	6493
f 10300 	10304 	6493
f 10304 	10316 	6493
f 10316 	10328 	6493
f 10301 	10300 	6493
f 10325 	10324 	6493
f 10328 	10326 	6493
f 5935 	6493 	10324
f 10326 	10325 	6493
f 12219 	12220 	12180
f 12219 	12180 	12179
f 12220 	6990 	12224
f 6990 	12223 	12224
f 12180 	12224 	12181
f 12220 	12224 	12180
f 12223 	6580 	12226
f 6582 	12226 	6580
f 12224 	12223 	12225
f 12182 	12181 	12225
f 12224 	12225 	12181
f 12225 	12223 	12227
f 12223 	12226 	12227
f 12225 	12227 	12183
f 12225 	12183 	12182
f 12227 	12226 	12228
f 12229 	12228 	12226
f 12227 	12228 	12184
f 12227 	12184 	12183
f 6578 	5798 	12229
f 12226 	6582 	12229
f 6582 	6578 	12229
f 12228 	12229 	12230
f 12228 	12230 	12185
f 12228 	12185 	12184
f 5798 	12231 	12229
f 12231 	12230 	12229
f 5798 	10261 	12231
f 10261 	12186 	12231
f 12185 	12231 	12186
f 12230 	12231 	12185
f 10261 	10260 	12187
f 10261 	12187 	12186
f 12233 	5797 	12232
f 6577 	12232 	5797
f 12234 	12232 	5802
f 6577 	5802 	12232
f 12234 	12233 	12232
f 10260 	5797 	12233
f 10260 	12233 	12187
f 5802 	10266 	12234
f 12234 	12187 	12233
f 12190 	10267 	10269
f 12190 	10269 	12191
f 10269 	10268 	12192
f 10269 	12192 	12191
f 10270 	12193 	10268
f 10268 	12193 	12192
f 10264 	12194 	10270
f 12194 	12193 	10270
f 10264 	10263 	12195
f 10264 	12195 	12194
f 10263 	10262 	12196
f 10263 	12196 	12195
f 12187 	12234 	12188
f 10266 	12188 	12234
f 10266 	10265 	12189
f 10266 	12189 	12188
f 12235 	12236 	5801
f 12235 	5801 	6587
f 12237 	12235 	12238
f 12238 	12235 	5806
f 6587 	5806 	12235
f 12237 	12236 	12235
f 10265 	5801 	12236
f 10265 	12236 	12189
f 12238 	10267 	12237
f 10267 	12190 	12237
f 12189 	12236 	12190
f 12238 	5806 	10267
f 12237 	12190 	12236
f 10262 	10274 	12196
f 12197 	12196 	10274
f 10273 	12198 	12197
f 10273 	12197 	10274
f 10272 	12199 	12198
f 10272 	12198 	10273
f 10271 	12200 	12199
f 10271 	12199 	10272
f 12200 	10271 	12201
f 10275 	12201 	10271
f 10275 	10259 	12201
f 12177 	12201 	10259
f 10333 	10331 	5935
f 10334 	10333 	5935
f 5935 	10331 	10330
f 10716 	5935 	10330
f 10324 	10334 	5935
f 10769 	5935 	10716
f 10770 	5935 	10769
f 10778 	5935 	10779
f 10777 	5935 	10770
f 10779 	5935 	10777
f 10794 	10797 	6635
f 10796 	6635 	10797
f 10802 	6635 	10796
f 6635 	10802 	8439
f 6635 	10803 	10794
f 10803 	6635 	10806
f 10806 	6635 	10807
f 11205 	10807 	6635
f 11205 	6635 	11208
f 11208 	6635 	11210
f 11214 	6635 	11215
f 11210 	6635 	11214
f 11215 	6635 	11216
f 11233 	11234 	6635
f 11216 	6635 	11227
f 11232 	6635 	11231
f 11232 	11233 	6635
f 11231 	6635 	11230
f 11230 	6635 	11229
f 11227 	6635 	11234
f 11831 	6635 	11832
f 11830 	6635 	11829
f 11829 	6635 	11831
f 11832 	6635 	11834
f 6635 	5935 	11843
f 11844 	11843 	5935
f 11842 	6635 	11843
f 11845 	11844 	5935
f 11841 	6635 	11842
f 11846 	11845 	5935
f 6635 	11841 	11834
f 11229 	6635 	11830
f 11866 	5935 	11867
f 11869 	5935 	11866
f 11867 	5935 	10778
f 11871 	5935 	11869
f 11880 	5935 	11877
f 11877 	5935 	11878
f 11879 	5935 	11880
f 11883 	5935 	11863
f 11890 	11889 	5935
f 11885 	11890 	5935
f 11886 	11885 	5935
f 11889 	11891 	5935
f 11847 	11846 	5935
f 11891 	11847 	5935
f 11879 	11863 	5935
f 11883 	11886 	5935
f 11871 	11878 	5935
f 6635 	6492 	6636
f 6908 	12319 	6907
f 6021 	9986 	12358
f 492 	514 	12295
f 12294 	12295 	513
f 6433 	6429 	2704
f 5814 	12292 	5095
f 12292 	6264 	11892
f 12293 	11893 	6261
f 12218 	12222 	12217
f 12242 	12241 	12295
f 12245 	12242 	12295
f 12218 	12221 	12222
f 12217 	12247 	11818
f 6266 	6262 	12246
f 6261 	6256 	12246
f 12249 	12246 	6262
f 12244 	12249 	6262
f 12293 	6261 	12294
f 12217 	12222 	12247
f 11816 	11813 	11818
f 12246 	12294 	6261
f 12247 	11816 	11818
f 12247 	11812 	11805
f 12250 	12222 	12221
f 12221 	505 	382
f 11819 	517 	12218
f 517 	516 	12218
f 12250 	11812 	12222
f 11812 	12250 	11811
f 12247 	12222 	11812
f 12250 	12221 	382
f 11808 	11807 	382
f 12250 	382 	11807
f 382 	538 	11808
f 11807 	11811 	12250
f 12295 	11895 	12245
f 11573 	12240 	11579
f 11580 	11579 	12242
f 11582 	12244 	12243
f 11582 	12243 	11581
f 12248 	11586 	12243
f 12245 	11583 	12242
f 11580 	12242 	11583
f 11582 	11585 	12244
f 12249 	12244 	11585
f 12246 	12249 	11584
f 11585 	11584 	12249
f 11581 	12243 	11586
f 11584 	11894 	12246
f 12251 	12252 	12254
f 12257 	12252 	12253
f 12256 	12252 	12255
f 12257 	12255 	12252
f 12256 	12254 	12252
f 6586 	6583 	12260
f 12265 	6609 	12261
f 12261 	6586 	12260
f 12252 	12262 	12253
f 12262 	12252 	12264
f 12263 	12264 	12252
f 12252 	12295 	12240
f 12266 	6609 	12265
f 12259 	12260 	6583
f 12267 	6609 	12266
f 12248 	6267 	12269
f 12268 	6609 	12267
f 6610 	6609 	12268
f 12254 	11561 	12251
f 11569 	11564 	12253
f 12240 	11573 	12263
f 12269 	11574 	12248
f 4279 	8959 	8960
f 8967 	4281 	4280
f 8960 	4280 	4279
f 12290 	12286 	6778
f 7140 	12251 	11561
f 11562 	12256 	11563
f 12255 	11563 	12256
f 11564 	11563 	12257
f 12256 	11562 	12254
f 11561 	12254 	11562
f 11565 	12261 	11566
f 12260 	11566 	12261
f 12258 	11568 	12259
f 12259 	11567 	12260
f 11566 	12260 	11567
f 11578 	12265 	11565
f 11570 	11569 	12262
f 11569 	12253 	12262
f 11571 	11570 	12264
f 12241 	11579 	12240
f 11586 	12248 	11574
f 11577 	12266 	11578
f 12265 	11578 	12266
f 12268 	11575 	12269
f 11574 	12269 	11575
f 11575 	12268 	11576
f 12267 	11576 	12268
f 12261 	11565 	12265
f 11576 	12267 	11577
f 12266 	11577 	12267
f 967 	12270 	10276
f 10276 	5947 	967
f 12305 	12252 	12272
f 12272 	12252 	12271
f 12279 	10276 	12274
f 12280 	12275 	10276
f 12276 	10276 	12275
f 12271 	10276 	12276
f 12278 	12277 	10276
f 12277 	12273 	10276
f 12273 	12274 	10276
f 12279 	12280 	10276
f 12278 	10276 	12270
f 12282 	12281 	12273
f 12275 	12283 	12276
f 12282 	12273 	12277
f 12276 	12283 	12271
f 12274 	12281 	12279
f 12280 	12279 	12288
f 12270 	12291 	12278
f 12285 	12239 	12282
f 12282 	12239 	12281
f 12281 	12239 	12288
f 12289 	12288 	12239
f 12289 	12239 	12284
f 12283 	12284 	12239
f 12239 	6779 	12283
f 12287 	12239 	12285
f 12291 	12239 	12287
f 12274 	12273 	12281
f 12275 	12284 	12283
f 12282 	12277 	12285
f 12271 	12283 	12286
f 12278 	12287 	12277
f 12285 	12277 	12287
f 12288 	12279 	12281
f 12280 	12288 	12289
f 12284 	12275 	12289
f 12280 	12289 	12275
f 12290 	12272 	12286
f 12271 	12286 	12272
f 12272 	12290 	12315
f 12278 	12291 	12287
f 12291 	12270 	2700
f 2704 	4284 	6433
f 12295 	969 	492
f 487 	492 	969
f 489 	487 	969
f 12294 	11894 	12295
f 12294 	12246 	11894
f 11583 	12245 	11895
f 12292 	11892 	12293
f 12295 	11894 	11895
f 12263 	12252 	12240
f 969 	12295 	12252
f 12298 	12299 	12252
f 12296 	12252 	12299
f 12297 	12298 	12252
f 12303 	12301 	12252
f 12301 	12300 	12252
f 12300 	12297 	12252
f 12304 	12252 	12305
f 12302 	12252 	12304
f 12302 	12303 	12252
f 8967 	8959 	4281
f 12296 	12299 	12306
f 12297 	12309 	12298
f 12298 	12308 	12299
f 12307 	12299 	12308
f 12307 	12306 	12299
f 12311 	12310 	12301
f 12303 	12312 	12301
f 12272 	12315 	12305
f 12305 	12315 	12304
f 12308 	6778 	12307
f 12309 	6778 	12308
f 12307 	6778 	12306
f 12311 	6778 	12310
f 12313 	6778 	12312
f 12310 	6778 	12309
f 12315 	12290 	6778
f 12311 	12312 	6778
f 12313 	12314 	6778
f 12314 	12315 	6778
f 12296 	12306 	1508
f 12308 	12298 	12309
f 12300 	12310 	12297
f 12309 	12297 	12310
f 12300 	12301 	12310
f 12302 	12313 	12303
f 12312 	12303 	12313
f 12302 	12304 	12313
f 12314 	12313 	12304
f 12311 	12301 	12312
f 12304 	12315 	12314
f 12241 	12240 	12295
f 970 	520 	969
f 12252 	12296 	969
f 1508 	1509 	969
f 1508 	969 	12296
f 1547 	12270 	967
f 8959 	4279 	4278
f 4278 	4281 	8959
f 2684 	1508 	12306
f 1547 	2700 	12270
f 6778 	2657 	12306
f 2704 	12239 	2700
f 12291 	2700 	12239
f 6437 	6529 	2704
f 6023 	12319 	6184
f 2735 	3357 	3969
f 4011 	3357 	4050
f 4002 	3357 	4006
f 4006 	3357 	4011
f 3960 	2735 	3959
f 3938 	2735 	3942
f 3933 	2740 	2735
f 4029 	3348 	4033
f 4050 	3357 	4030
f 4335 	4333 	10608
f 2593 	2735 	2714
f 10608 	4043 	3183
f 3348 	4030 	3357
f 6023 	6021 	12358
f 6910 	6907 	12319
f 12317 	12346 	12316
f 163 	12316 	12346
f 110 	108 	12318
f 12317 	7352 	12319
f 12316 	7355 	12317
f 12318 	7355 	12316
f 12317 	284 	12346
f 255 	283 	163
f 12318 	285 	129
f 12319 	284 	12317
f 12316 	283 	285
f 12316 	285 	12318
f 89 	12320 	90
f 90 	12320 	91
f 12321 	91 	12320
f 12322 	12327 	12320
f 12320 	12327 	12321
f 12323 	95 	94
f 12321 	96 	91
f 12322 	97 	92
f 89 	12322 	12320
f 96 	12321 	98
f 12323 	98 	12321
f 12323 	94 	98
f 12322 	12324 	12325
f 12322 	12325 	12326
f 12322 	12326 	12327
f 12328 	12323 	12327
f 12321 	12327 	12323
f 93 	12328 	164
f 12327 	450 	12328
f 164 	12328 	450
f 12327 	12326 	452
f 12323 	12328 	95
f 93 	95 	12328
f 128 	455 	12324
f 12331 	12332 	12330
f 12329 	12330 	12332
f 12322 	12329 	12332
f 12322 	12332 	12333
f 12322 	12333 	12334
f 12322 	12334 	12335
f 12336 	12322 	12335
f 12329 	504 	12330
f 532 	531 	12331
f 12331 	12330 	532
f 503 	532 	12330
f 535 	534 	12333
f 12332 	536 	535
f 12332 	535 	12333
f 527 	769 	12335
f 12334 	537 	12335
f 12322 	92 	12329
f 12331 	530 	12332
f 12338 	12322 	12337
f 12339 	12322 	12338
f 12340 	12322 	12339
f 12341 	12322 	12340
f 12342 	12322 	12341
f 12324 	12322 	12342
f 12336 	12337 	12322
f 12336 	12335 	769
f 769 	796 	12336
f 12342 	128 	12324
f 827 	826 	12341
f 12337 	835 	834
f 12337 	12336 	835
f 833 	12338 	834
f 12337 	834 	12338
f 839 	12340 	840
f 12341 	12340 	839
f 12341 	839 	827
f 833 	12339 	12338
f 12340 	12339 	840
f 796 	835 	12336
f 90 	91 	12350
f 12351 	12352 	90
f 12350 	12351 	90
f 89 	90 	12352
f 12352 	12353 	89
f 12349 	12350 	91
f 12353 	12354 	97
f 92 	97 	12354
f 12355 	92 	12354
f 508 	504 	12355
f 97 	89 	12353
f 91 	96 	12349
f 12348 	12349 	96
f 96 	98 	12348
f 98 	94 	12348
f 12319 	12343 	12345
f 12357 	9966 	12356
f 12356 	9966 	511
f 12359 	9965 	12357
f 12360 	9965 	12359
f 12358 	12344 	6023
f 12319 	6023 	12343
f 12344 	12343 	6023
f 12345 	12361 	12319
f 12343 	267 	271
f 12343 	12344 	267
f 268 	267 	12344
f 268 	12344 	12358
f 12353 	275 	12354
f 12354 	274 	12355
f 273 	12355 	274
f 12343 	271 	12345
f 12349 	279 	12350
f 281 	12348 	12347
f 281 	12347 	272
f 277 	12352 	12351
f 277 	12351 	278
f 12350 	278 	12351
f 273 	245 	12355
f 265 	264 	12356
f 12357 	12356 	264
f 12356 	511 	265
f 264 	266 	12357
f 270 	12360 	12359
f 270 	269 	12360
f 282 	286 	12361
f 12361 	12345 	282
# 24838 faces

 #end of obj_0

