# Object Export From Tinkercad Server 2015

mtllib obj.mtl

o obj_0
v 663.74 		347.197 		22.725
v 664.166 		347.174 		22.993
v 663.8077 		347.8005 		23.3072
v 455.998 		172.204 		1.183
v 713.737 		246.653 		17.94
v 435.4471 		347.8005 		23.612
v 435.95 		347.589 		23.715
v 705.672 		172.879 		1.183
v 435.3336 		347.8005 		23.5707
v 663.9526 		347.8005 		23.3795
v 435.908 		347.8006 		23.781
v 498.473 		259.733 		0.801
v 498.347 		259.407 		0.801
v 705.75 		172.721 		1.183
v 497.969 		259.091 		0.801
v 705.807 		172.554 		1.183
v 497.6 		259.006 		0.801
v 705.841 		172.38 		1.183
v 498.443 		259.62 		0.001
v 498.275 		259.314 		0.001
v 497.6 		259.006 		0.001
v 435.9892 		347.8006 		23.8014
v 668.65 		166.037 		21.67
v 705.853 		172.204 		1.183
v 387 		344 		16
v 663.99 		347.393 		23.151
v 667.759 		165.965 		22.504
v 713.8 		246.6677 		17.9027
v 663.862 		347.628 		23.262
v 436.031 		347.355 		23.584
v 387 		344 		2.5
v 713.8 		246.512 		17.8907
v 713.737 		246.067 		17.895
v 667.967 		165.973 		22.405
v 705.574 		173.026 		1.182
v 713.8 		246.0749 		17.8572
v 713.8 		245.9161 		17.8602
v 664.492 		347.372 		23.392
v 664.387 		347.606 		23.515
v 436.504 		346.462 		20.555
v 713.502 		247.602 		18.38
v 668.32 		165.995 		22.151
v 436.515 		346.452 		20.677
v 705.457 		173.159 		1.182
v 668.155 		165.984 		22.286
v 713.737 		247.751 		18.193
v 705.324 		173.275 		1.182
v 502.021 		186.186 		2.511
v 502.426 		185.126 		2.511
v 664.3368 		347.8005 		23.5707
v 713.737 		247.218 		18.04
v 664.4503 		347.8005 		23.612
v 713.502 		247.102 		18.236
v 705.178 		173.373 		1.182
v 436.548 		346.441 		20.796
v 705.019 		173.452 		1.182
v 502 		186.512 		2.511
v 713.8 		247.7784 		18.1587
v 704.852 		173.508 		1.182
v 713.8 		247.6369 		18.1181
v 713.8 		247.2393 		18.0039
v 436.603 		346.431 		20.911
v 713.8 		247.0892 		17.9773
v 704.679 		173.543 		1.182
v 669.111 		165.893 		22.005
v 502 		186.512 		3.0985
v 664.649 		346.802 		22.554
v 669.217 		165.912 		21.782
v 665.034 		346.786 		22.739
v 387 		169.014 		16.001
v 664.818 		346.958 		23.001
v 437.151 		346.417 		20.496
v 502.732 		184.744 		2.511
v 387 		169.013 		2.501
v 712.916 		246.589 		19.107
v 437.146 		346.411 		20.557
v 665.449 		346.774 		22.886
v 697.274 		161.852 		0
v 697.101 		161.5 		0
v 696.884 		161.174 		0
v 696.627 		160.879 		0
v 696.334 		160.62 		0
v 712.916 		246.217 		19.042
v 665.284 		346.944 		23.165
v 502.0201 		186.2002 		3.0985
v 696.334 		160.62 		5.475
v 712.77 		246.067 		19.422
v 696.627 		160.879 		5.734
v 696.884 		161.174 		6.029
v 697.274 		161.852 		6.707
v 697.101 		161.5 		6.355
v 502.0261 		186.1653 		3.0985
v 437.151 		346.406 		20.618
v 697.3284 		162.014 		2.501
v 697.3284 		162.014 		6.869
v 669.28 		165.932 		21.552
v 502.0347 		186.1457 		3.0985
v 437.195 		346.396 		20.737
v 628.226 		161.852 		0
v 711.959 		177.208 		6.184
v 629.166 		160.62 		0
v 628.873 		160.879 		0
v 628.616 		161.174 		0
v 628.399 		161.5 		0
v 711.959 		177.207 		3.0979
v 669.846 		165.808 		21.322
v 628.399 		161.5 		6.355
v 713.088 		246.353 		18.698
v 437.233 		346.391 		20.792
v 628.226 		161.852 		6.707
v 628.1716 		162.014 		6.869
v 712.916 		245.831 		19.012
v 628.616 		161.174 		6.029
v 628.873 		160.879 		5.734
v 669.742 		165.857 		20.756
v 629.166 		160.62 		5.475
v 664.637 		347.154 		23.22
v 502.732 		184.744 		3.0986
v 628.1716 		162.014 		2.501
v 502.7545 		184.7267 		3.0986
v 502.7673 		184.7204 		3.0986
v 670.337 		165.637 		21.328
v 714.5 		169.013 		0.001
v 502.4393 		185.1094 		3.0986
v 669.82 		165.833 		21.037
v 716.94 		168.1 		2.501
v 502.422 		185.1319 		3.0986
v 713.088 		245.905 		18.664
v 717 		169.013 		2.501
v 694.521 		160 		0
v 670.217 		165.694 		20.67
v 712.739 		165.443 		0.001
v 714.158 		167.291 		0.001
v 630.78 		160 		0
v 713.376 		166.053 		0.001
v 694.428 		161.691 		0
v 499.908 		186.512 		0.001
v 693.452 		161.498 		0
v 665.145 		347.139 		23.4
v 437.168 		346.401 		20.678
v 693.949 		161.552 		0
v 714.95 		164.064 		2.501
v 500.065 		185.324 		0.001
v 715.553 		164.752 		2.501
v 500.27 		184.731 		0.001
v 696.011 		160.402 		0
v 695.661 		160.228 		0
v 695.292 		160.102 		0
v 694.911 		160.026 		0
v 680.273 		161.839 		0
v 680.572 		161.691 		0
v 716.762 		167.202 		2.501
v 716.467 		166.335 		2.501
v 681.23 		161.519 		0
v 436.28 		346.473 		21.39
v 680.888 		161.584 		0
v 670.307 		165.666 		20.996
v 664.954 		347.589 		23.715
v 681.548 		161.497 		0
v 683.161 		161.497 		0
v 683.161 		161.498 		0
v 664.9121 		347.8006 		23.781
v 676.227 		161.839 		0
v 665.522 		347.8006 		23.9346
v 665.552 		347.576 		23.861
v 664.9932 		347.8006 		23.8014
v 674.952 		161.498 		0
v 675.928 		161.691 		0
v 670.633 		165.506 		20.597
v 436.678 		346.422 		21.02
v 665.5766 		347.8006 		23.9427
v 713.088 		247.57 		19.048
v 675.285 		161.52 		0
v 712.916 		247.265 		19.343
v 501.236 		183.285 		0.001
v 665.034 		347.355 		23.584
v 502.695 		182.294 		0.001
v 631.072 		161.691 		0
v 503.901 		181.96 		0.001
v 631.388 		161.584 		0
v 500.842 		183.739 		0.001
v 632.048 		161.497 		0
v 633.66 		161.497 		0
v 502.204 		182.536 		0.001
v 633.66 		161.498 		0
v 716.062 		165.514 		2.501
v 630.634 		161.932 		0
v 504.5 		181.921 		0.001
v 712.916 		246.941 		19.208
v 437.01 		346.398 		21.293
v 630.78 		160.013 		0
v 630.589 		160.026 		0
v 630.208 		160.102 		0
v 629.839 		160.228 		0
v 629.489 		160.402 		0
v 503.543 		184.202 		2.511
v 694.428 		161.691 		2.098
v 694.6697 		161.8312 		2.098
v 694.9796 		162.014 		2.098
v 437.151 		346.393 		21.361
v 693.452 		161.498 		2.098
v 670.735 		165.474 		20.962
v 693.949 		161.552 		2.098
v 711.722 		164.856 		0.001
v 710.587 		164.552 		0.001
v 710 		164.514 		0.001
v 504.5 		184.012 		2.511
v 671.132 		165.226 		21.341
v 671.1193 		165.214 		21.4805
v 670.769 		165.442 		21.334
v 680.5801 		161.6977 		2.098
v 680.7046 		161.6461 		2.098
v 680.273 		161.839 		2.098
v 680.4465 		161.7531 		2.098
v 713.088 		247.194 		18.892
v 680.0738 		162.014 		2.098
v 681.0865 		161.5463 		2.098
v 436.772 		346.413 		21.122
v 681.3634 		161.5098 		2.098
v 681.5336 		161.498 		2.098
v 671.095 		165.261 		20.935
v 680.888 		161.584 		2.098
v 683.161 		161.498 		2.098
v 681.548 		161.497 		2.098
v 683.161 		161.497 		2.098
v 713.088 		246.786 		18.774
v 676.1645 		161.808 		2.098
v 676.3432 		161.917 		2.098
v 503.543 		184.202 		3.0986
v 676.4203 		161.9764 		2.098
v 705.841 		172.0298 		6.1856
v 674.952 		161.498 		2.098
v 675.991 		161.722 		2.098
v 705.807 		171.8568 		6.1856
v 503.5705 		184.1947 		3.0986
v 504.4858 		184.0129 		3.0986
v 676.4693 		162.014 		2.098
v 436.883 		346.405 		21.213
v 675.1453 		161.5108 		2.098
v 675.2457 		161.5239 		2.098
v 705.75 		171.6897 		6.1857
v 671.147 		165.214 		21.3414
v 675.6177 		161.6228 		2.098
v 705.672 		171.5308 		6.1857
v 675.4222 		161.5469 		2.098
v 671.1474 		165.214 		21.3148
v 671.1536 		165.214 		20.9311
v 705.574 		171.3837 		6.1857
v 504.5 		184.012 		3.0986
v 705.457 		171.2517 		6.1858
v 705.324 		171.1347 		6.1858
v 671.1359 		165.214 		20.8272
v 630.843 		161.817 		2.098
v 631.072 		161.691 		2.098
v 670.984 		165.296 		20.536
v 705.178 		171.0367 		6.1859
v 630.784 		161.8468 		2.098
v 631.9083 		161.5067 		2.098
v 632.0335 		161.498 		2.098
v 705.019 		170.9588 		6.1859
v 631.388 		161.584 		2.098
v 631.5252 		161.5571 		2.098
v 704.852 		170.9017 		6.1859
v 704.679 		170.8678 		6.1859
v 713.285 		247.415 		18.614
v 633.66 		161.498 		2.098
v 671.0843 		165.214 		20.5195
v 632.048 		161.497 		2.098
v 633.66 		161.497 		2.098
v 630.6923 		161.893 		2.098
v 665.606 		346.431 		20.911
v 630.5349 		162.014 		2.098
v 711.959 		167.266 		6.187
v 713.285 		246.958 		18.482
v 456.673 		173.373 		1.182
v 456.514 		173.452 		1.182
v 463.5 		177.207 		3.0987
v 463.5 		177.208 		6.184
v 670.068 		165.554 		22.3
v 666.155 		346.417 		20.496
v 666.149 		346.411 		20.557
v 670.217 		165.581 		21.985
v 694.521 		160 		4.855
v 669.742 		165.76 		21.888
v 463.5 		167.266 		6.187
v 463.5 		167.266 		3.0988
v 666.155 		346.406 		20.618
v 712.77 		246.661 		19.559
v 669.82 		165.784 		21.608
v 630.78 		160 		4.855
v 456.347 		173.508 		1.182
v 694.428 		161.691 		5
v 670.467 		165.348 		22.425
v 712.77 		246.373 		19.476
v 695.661 		160.228 		5.083
v 695.292 		160.102 		4.957
v 696.011 		160.402 		5.257
v 456.174 		173.543 		1.182
v 694.911 		160.026 		4.881
v 455.998 		173.554 		1.182
v 693.452 		161.498 		5
v 693.949 		161.552 		5
v 670.307 		165.609 		21.659
v 712.77 		247.69 		20.343
v 455.821 		173.543 		1.182
v 666.171 		346.401 		20.678
v 437.337 		346.383 		20.889
v 437.401 		346.379 		20.929
v 694.7849 		161.898 		3.098
v 694.428 		161.691 		3.098
v 712.77 		247.377 		19.965
v 694.9816 		162.014 		3.098
v 693.452 		161.498 		3.098
v 670.6674 		165.214 		22.489
v 693.949 		161.552 		3.098
v 712.77 		247.168 		19.806
v 457.167 		172.879 		1.183
v 670.633 		165.379 		22.072
v 457.245 		172.721 		1.183
v 437.549 		346.374 		20.99
v 457.302 		172.554 		1.183
v 457.336 		172.38 		1.183
v 680.888 		161.584 		5
v 680.7678 		161.6247 		3.098
v 680.6818 		161.6603 		3.098
v 680.3867 		161.7827 		3.098
v 680.273 		161.839 		3.098
v 680.273 		161.839 		5
v 457.348 		172.204 		1.183
v 680.0738 		162.014 		3.098
v 666.199 		346.396 		20.737
v 437.281 		346.387 		20.843
v 681.4271 		161.5054 		3.098
v 681.0181 		161.5593 		3.098
v 681.5336 		161.498 		3.098
v 683.161 		161.498 		5
v 433.9722 		165.214 		19.6144
v 433.885 		165.214 		19.7228
v 705.457 		171.25 		1.183
v 433.7537 		165.214 		19.9524
v 433.6616 		165.214 		20.1144
v 705.324 		171.133 		1.183
v 712.77 		247.552 		20.145
v 670.735 		165.41 		21.706
v 705.178 		171.035 		1.183
v 680.888 		161.584 		3.098
v 456.952 		173.159 		1.182
v 705.019 		170.957 		1.183
v 433.5952 		165.214 		20.2998
v 457.069 		173.026 		1.182
v 683.161 		161.498 		3.098
v 704.852 		170.9 		1.183
v 681.548 		161.497 		5
v 681.548 		161.497 		3.098
v 704.679 		170.866 		1.183
v 670.8297 		165.214 		22.23
v 683.161 		161.497 		5
v 666.34 		346.383 		20.889
v 456.819 		173.275 		1.182
v 683.161 		161.497 		3.098
v 670.8939 		165.214 		22.1277
v 437.472 		346.376 		20.963
v 666.404 		346.379 		20.929
v 712.916 		247.557 		19.509
v 671.0385 		165.214 		21.7876
v 671.0572 		165.214 		21.7436
v 705.841 		172.028 		1.183
v 705.807 		171.855 		1.183
v 712.77 		246.928 		19.669
v 705.75 		171.688 		1.183
v 676.078 		161.765 		5
v 433.5158 		165.214 		20.5195
v 705.672 		171.529 		1.183
v 433.4929 		165.214 		20.6536
v 433.4463 		165.214 		20.9311
v 705.574 		171.382 		1.183
v 666.552 		346.374 		20.99
v 433.4476 		165.214 		21.0079
v 433.4531 		165.214 		21.3414
v 433.4807 		165.214 		21.4805
v 674.952 		161.498 		5
v 433.4569 		165.214 		21.3606
v 675.612 		161.584 		5
v 668.324 		165.83 		22.743
v 713.737 		248.243 		18.398
v 676.3986 		161.9542 		3.098
v 676.1347 		161.7931 		3.098
v 433.5349 		165.214 		21.7101
v 433.5428 		165.214 		21.7436
v 666.284 		346.387 		20.843
v 676.4763 		162.014 		3.098
v 674.952 		161.498 		3.098
v 676.0209 		161.7369 		3.098
v 433.6721 		165.214 		22.0476
v 433.7061 		165.214 		22.1277
v 675.2269 		161.5257 		3.098
v 675.0787 		161.5064 		3.098
v 668.57 		165.843 		22.588
v 433.8576 		165.214 		22.3697
v 433.9326 		165.214 		22.489
v 675.7764 		161.6718 		3.098
v 675.4876 		161.5597 		3.098
v 713.8 		248.2763 		18.366
v 666.237 		346.391 		20.792
v 713.8 		248.1455 		18.3116
v 667.967 		165.634 		23.343
v 697.5 		176.998 		0
v 697.5 		176.998 		0.001
v 667.759 		165.81 		22.977
v 697.5 		164.514 		0.001
v 713.088 		247.91 		19.241
v 694.521 		179.998 		0.001
v 694.521 		179.998 		0
v 696.884 		178.824 		0
v 696.884 		178.824 		0.001
v 697.101 		178.498 		0.001
v 697.101 		178.498 		0
v 697.399 		177.7739 		0.001
v 697.399 		177.774 		0
v 697.399 		177.774 		0.001
v 668.324 		165.645 		23.216
v 697.274 		178.146 		0
v 697.274 		178.146 		0.001
v 713.285 		248.551 		19.259
v 666.475 		346.376 		20.963
v 697.5 		176.998 		0.001
v 668.052 		165.819 		22.873
v 696.884 		178.824 		0.001
v 696.621 		179.125 		0
v 696.621 		179.125 		0.001
v 434.0885 		165.214 		22.6721
v 633.66 		161.498 		5
v 696.621 		179.125 		0.001
v 696.334 		179.378 		0
v 696.334 		179.378 		0.001
v 633.66 		161.497 		5
v 696.32 		179.3875 		0.001
v 665.681 		346.422 		21.02
v 713.285 		247.838 		18.789
v 695.98 		176.283 		0
v 631.388 		161.584 		5
v 631.072 		161.691 		4.397
v 695.568 		177.364 		0
v 695.809 		176.926 		0
v 631.715 		161.52 		5
v 632.048 		161.497 		5
v 437.798 		346.394 		20.558
v 695.25 		177.758 		0
v 666.014 		346.398 		21.293
v 693.77 		178.479 		0
v 693.452 		178.501 		0
v 713.502 		248.479 		18.807
v 436.0161 		165.214 		18.2578
v 435.92 		165.214 		18.294
v 713.285 		248.219 		19.005
v 631.072 		161.691 		3.098
v 630.9426 		161.7622 		3.098
v 630.784 		161.8422 		3.098
v 694.921 		178.018 		0
v 632.0335 		161.498 		3.098
v 631.8417 		161.5112 		3.098
v 631.388 		161.584 		3.098
v 631.5906 		161.5443 		3.098
v 694.428 		178.307 		0
v 668.57 		165.448 		23.528
v 633.66 		161.498 		3.098
v 632.048 		161.497 		3.098
v 633.66 		161.497 		3.098
v 668.655 		165.659 		23.057
v 434.877 		165.214 		18.7846
v 434.5811 		165.214 		18.9919
v 434.5495 		165.214 		19.014
v 434.2468 		165.214 		19.2927
v 630.773 		161.839 		5
v 434.1817 		165.214 		19.3532
v 694.911 		179.972 		0.001
v 694.911 		179.972 		0
v 695.292 		179.896 		0.001
v 695.292 		179.896 		0
v 695.661 		179.77 		0.001
v 695.661 		179.77 		0
v 696.011 		179.596 		0
v 629.489 		160.402 		5.257
v 696.011 		179.596 		0.001
v 713.737 		248.687 		18.649
v 434.9827 		165.214 		18.7131
v 696.003 		179.6 		0.001
v 630.208 		160.102 		4.957
v 629.839 		160.228 		5.083
v 696.003 		175.95 		0
v 696.003 		175.95 		0.001
v 434.9721 		165.214 		18.7203
v 630.78 		160.013 		4.868
v 630.589 		160.026 		4.881
v 690.733 		178.5 		0
v 713.502 		248.064 		18.571
v 690.733 		178.501 		0
v 696.003 		164.048 		0
v 665.775 		346.413 		21.122
v 696.003 		164.514 		0.001
v 630.7201 		161.8744 		3.098
v 630.5386 		162.014 		3.098
v 668.954 		165.675 		22.869
v 435.4768 		165.214 		18.4609
v 435.4225 		165.214 		18.4886
v 713.8 		248.7251 		18.62
v 713.8 		248.6075 		18.5532
v 665.887 		346.405 		21.213
v 438.2365 		165.214 		18.0114
v 437.798 		165.214 		17.9901
v 713.502 		249.145 		19.396
v 668.954 		165.464 		23.343
v 437.6237 		165.214 		17.9987
v 437.1877 		165.214 		18.0199
v 437.0259 		165.214 		18.0441
v 436.59 		165.214 		18.1104
v 436.4564 		165.214 		18.1448
v 669.607 		165.504 		22.874
v 669.217 		165.694 		22.654
v 713.502 		248.842 		19.084
v 666.155 		346.393 		21.361
v 434.2173 		165.214 		22.8228
v 434.363 		165.214 		22.9542
v 434.5521 		165.214 		23.126
v 434.6772 		165.214 		23.2147
v 434.9321 		165.214 		23.3953
v 435.0294 		165.214 		23.4492
v 697.5 		163.84 		0.675
v 696.003 		164.048 		0.467
v 713.737 		249.073 		18.944
v 666.467 		346.385 		21.454
v 713.8 		249.1159 		18.9183
v 669.607 		165.269 		23.35
v 713.8 		249.013 		18.8401
v 669.302 		165.483 		23.124
v 710 		162.014 		16.001
v 710 		162.014 		2.501
v 435.3509 		165.214 		23.6271
v 435.4165 		165.214 		23.6549
v 435.8027 		165.214 		23.8188
v 696.236 		179.722 		3.098
v 696.236 		179.722 		3.098
v 696.236 		176.0497 		3.098
v 689.6626 		179.722 		3.098
v 690.9497 		179.003 		3.098
v 696.003 		176.1799 		3.098
v 435.8358 		165.214 		23.8293
v 697 		177.208 		6.184
v 697 		177.207 		3.098
v 697 		167.266 		3.0981
v 697 		167.266 		6.187
v 704.502 		170.8557 		6.1859
v 704.326 		170.8678 		6.1859
v 704.153 		170.9017 		6.1859
v 713.737 		249.397 		19.277
v 703.986 		170.9588 		6.1859
v 703.827 		171.0367 		6.1859
v 703.681 		171.1347 		6.1858
v 703.548 		171.2517 		6.1858
v 666.307 		346.388 		21.415
v 669.6679 		165.214 		23.3953
v 703.431 		171.3837 		6.1857
v 713.8 		249.4435 		19.2552
v 703.333 		171.5308 		6.1857
v 713.8 		249.3576 		19.1668
v 703.255 		171.6897 		6.1857
v 703.198 		171.8568 		6.1856
v 436.3694 		165.214 		23.9896
v 436.7592 		165.214 		24.0709
v 436.7765 		165.214 		24.0746
v 703.164 		172.0298 		6.1856
v 668.155 		165.435 		23.675
v 703.152 		172.2057 		6.1855
v 436.2788 		165.214 		23.9701
v 436.2832 		165.214 		23.9711
v 703.161 		172.3377 		6.1855
v 703.164 		172.382 		6.1855
v 703.1895 		172.5125 		6.1854
v 703.198 		172.5558 		6.1854
v 712.916 		248.193 		20.163
v 703.255 		172.7227 		6.1853
v 667.8043 		165.214 		24.077
v 703.333 		172.8808 		6.1853
v 667.717 		165.426 		23.782
v 703.431 		173.0278 		6.1852
v 703.548 		173.1608 		6.1852
v 712.916 		248.025 		19.923
v 703.681 		173.2767 		6.1852
v 703.827 		173.3748 		6.1852
v 667.8235 		165.214 		24.0746
v 703.986 		173.4538 		6.1851
v 704.153 		173.5097 		6.1851
v 437.798 		165.214 		24.1607
v 704.326 		173.5447 		6.1851
v 704.502 		173.5558 		6.1851
v 437.2547 		165.214 		24.135
v 437.2848 		165.214 		24.1388
v 437.7629 		165.214 		24.1592
v 713.088 		248.787 		20.3
v 712.916 		248.313 		20.421
v 394 		165.214 		30.001
v 668.32 		165.216 		23.968
v 713.088 		248.648 		20.001
v 668.2305 		165.214 		23.9896
v 394 		167.014 		30.001
v 393.359 		167.124 		30.001
v 668.3212 		165.214 		23.9701
v 668.3258 		165.214 		23.9686
v 393.26 		165.295 		16.001
v 439.0067 		165.214 		18.1104
v 394 		165.214 		16.001
v 712.916 		247.812 		19.703
v 669.217 		165.248 		23.596
v 438.8559 		165.214 		18.0878
v 438.4086 		165.214 		18.0199
v 394 		167.014 		16.001
v 393.482 		167.082 		16.001
v 668.785 		165.23 		23.803
v 394 		162.014 		16.001
v 394 		162.014 		2.501
v 439.581 		165.214 		18.2578
v 713.57 		346.739 		0
v 714.158 		345.722 		0
v 668.7974 		165.214 		23.8188
v 712.739 		347.57 		0
v 439.4652 		165.214 		18.2281
v 668.8334 		165.214 		23.8035
v 710.587 		348.461 		0
v 669.2491 		165.214 		23.6271
v 711.443 		348.252 		0
v 710 		348.5 		0
v 394 		164.514 		0.001
v 713.285 		248.829 		19.545
v 669.3212 		165.214 		23.5871
v 713.088 		248.453 		19.721
v 440.1201 		165.214 		18.4609
v 714.5 		344 		0
v 440.0506 		165.214 		18.4347
v 712.905 		331.504 		0
v 712.996 		332.16 		0
v 712.847 		332.6 		0
v 441.0815 		165.214 		19.0456
v 441.0474 		165.214 		19.014
v 713.088 		248.206 		19.466
v 440.7192 		165.214 		18.7846
v 712.99 		331.813 		0
v 390.2 		246.6064 		18.0578
v 713.9371 		327.68 		0
v 440.6133 		165.214 		18.7131
v 712.497 		332.906 		0
v 390.2 		246.0419 		18.0151
v 390.2 		246.2863 		18.0339
v 712.1 		333.001 		0
v 440.5989 		165.214 		18.7058
v 705.004 		332.16 		0
v 705.101 		332.495 		0
v 705.9 		333.001 		0
v 705.308 		332.776 		0
v 669.949 		165.293 		23.069
v 441.4837 		165.214 		19.4395
v 441.4145 		165.214 		19.3532
v 670.237 		165.319 		22.759
v 669.864 		165.528 		22.598
v 713.285 		249.203 		20.194
v 713.285 		249.047 		19.858
v 669.7752 		165.214 		23.3193
v 390.2 		247.6641 		18.302
v 670.0479 		165.214 		23.126
v 390.2 		247.1504 		18.1543
v 390.2 		247.3726 		18.2181
v 442.0171 		165.214 		20.3418
v 441.9349 		165.214 		20.1144
v 670.186 		165.214 		23.0014
v 670.3827 		165.214 		22.8228
v 390.2 		246.842 		18.0995
v 670.5413 		165.214 		22.6368
v 441.799 		165.214 		19.8757
v 441.7116 		165.214 		19.7228
v 712.1 		331.001 		0
v 705.05 		331.612 		0
v 705.153 		331.402 		0
v 705.611 		331.05 		0
v 705.9 		331.001 		0
v 666.802 		346.394 		20.558
v 390.2 		247.8693 		18.3875
v 390.2 		248.5657 		18.7411
v 390.2 		248.7267 		18.8641
v 700.688 		335.936 		0
v 699.5 		336.092 		0
v 677.503 		165.998 		5
v 390.2 		248.1386 		18.4989
v 390.2 		248.3238 		18.6035
v 677.503 		164.048 		5
v 442.1153 		165.214 		21.4805
v 703.158 		334.274 		0
v 702.736 		334.755 		0
v 442.143 		165.214 		21.3414
v 713.737 		249.833 		20.034
v 701.281 		335.731 		0
v 442.1434 		165.214 		21.3148
v 442.1497 		165.214 		20.9311
v 678.997 		165.998 		5
v 713.502 		249.554 		20.105
v 678.997 		164.048 		5
v 704.048 		332.113 		0
v 442.132 		165.214 		20.8272
v 442.0809 		165.214 		20.5195
v 703.935 		332.689 		0
v 713.737 		249.651 		19.643
v 704.2032 		327.68 		0
v 704.092 		331.501 		0
v 713.502 		249.384 		19.738
v 441.664 		165.214 		22.489
v 441.8264 		165.214 		22.23
v 390.2 		249.2501 		19.3464
v 441.8909 		165.214 		22.1277
v 712.792 		323.334 		0
v 390.2 		248.9383 		19.0256
v 390.2 		249.0734 		19.1645
v 712.775 		324.694 		0
v 442.0346 		165.214 		21.7876
v 712.973 		323.728 		0
v 442.0532 		165.214 		21.7436
v 679.052 		163.551 		5
v 679.525 		162.496 		5
v 712.972 		324.245 		0
v 713.6545 		319.488 		0
v 712.522 		324.89 		0
v 712.1 		325.001 		0
v 713.8 		249.8363 		19.9169
v 713.8 		249.7005 		19.6252
v 679.191 		163.072 		5
v 713.8 		249.633 		19.5282
v 705.004 		324.16 		0
v 705.031 		323.669 		0
v 390.2 		249.7713 		20.4712
v 705.9 		325.001 		0
v 705.45 		324.881 		0
v 676.504 		162.025 		5
v 390.2 		249.6704 		20.0754
v 390.2 		249.7141 		20.2468
v 705.186 		324.649 		0
v 713.737 		249.938 		20.445
v 677.48 		163.715 		5
v 677.416 		163.388 		5
v 390.2 		249.4954 		19.6984
v 390.2 		249.5712 		19.8614
v 676.975 		162.496 		5
v 677.228 		162.907 		5
v 713.8 		249.9908 		20.4366
v 438.048 		346.374 		20.99
v 713.8 		249.9629 		20.3274
v 438.2807 		165.214 		24.1401
v 390.2 		249.356 		19.499
v 438.3122 		165.214 		24.1388
v 676.755 		162.245 		5
v 712.303 		323.03 		0
v 438.8014 		165.214 		24.077
v 438.8204 		165.214 		24.0746
v 705.202 		323.347 		0
v 705.506 		323.103 		0
v 713.8 		249.8846 		20.0208
v 705.9 		323.002 		0
v 712.1 		323.002 		0
v 712.52 		245.944 		20.902
v 712.879 		316.552 		0
v 439.2267 		165.214 		23.9896
v 712.753 		315.291 		0
v 712.52 		245.898 		20.855
v 712.52 		245.843 		20.814
v 712.944 		315.631 		0
v 712.973 		316.276 		0
v 713.3719 		311.296 		0
v 390.2 		249.7484 		21.2923
v 390.2 		249.6946 		21.47
v 439.3172 		165.214 		23.9701
v 696.003 		167.266 		6.003
v 712.497 		316.907 		0
v 390.2 		249.7977 		20.8791
v 390.2 		249.7764 		21.058
v 439.3218 		165.214 		23.9686
v 439.7943 		165.214 		23.8188
v 712.1 		317.002 		0
v 712.52 		245.98 		20.954
v 696.003 		167.266 		3.0981
v 439.8303 		165.214 		23.8035
v 440.2451 		165.214 		23.6271
v 390.2 		249.7825 		20.6476
v 696.003 		164.048 		5
v 438.125 		346.376 		20.963
v 440.3173 		165.214 		23.5871
v 705.085 		316.471 		0
v 696.003 		165.998 		5
v 705.401 		316.849 		0
v 705.9 		317.002 		0
v 696.003 		165.998 		6.003
v 438.26 		346.383 		20.889
v 440.6639 		165.214 		23.3953
v 440.7715 		165.214 		23.3193
v 441.0442 		165.214 		23.126
v 705.031 		315.669 		0
v 705.004 		316.161 		0
v 441.182 		165.214 		23.0014
v 712.52 		245.781 		20.778
v 390.2 		249.1606 		22.4899
v 390.2 		249.4267 		22.1044
v 390.2 		249.3116 		22.2712
v 712.497 		315.097 		0
v 712.1 		315.002 		0
v 705.202 		315.348 		0
v 705.506 		315.104 		0
v 703.431 		171.382 		1.183
v 705.9 		315.002 		0
v 390.2 		249.6241 		21.7026
v 390.2 		249.5386 		21.8765
v 438.196 		346.379 		20.929
v 703.333 		171.529 		1.183
v 703.255 		171.688 		1.183
v 680.2725 		178.1203 		2.098
v 679.9545 		177.9369 		2.098
v 704.68 		311.296 		0
v 703.198 		171.855 		1.183
v 680.4333 		178.2282 		2.098
v 703.164 		172.028 		1.183
v 441.3792 		165.214 		22.8228
v 681.548 		178.5 		2.098
v 681.3587 		178.4875 		2.098
v 680.7902 		178.3762 		2.098
v 680.5276 		178.2673 		2.098
v 712.915 		308.472 		0
v 441.5382 		165.214 		22.6368
v 712.847 		307.404 		0
v 712.996 		308.161 		0
v 680.98 		178.4134 		2.098
v 712.973 		307.729 		0
v 704.502 		170.854 		1.183
v 704.326 		170.866 		1.183
v 681.3547 		178.4872 		2.098
v 704.153 		170.9 		1.183
v 703.986 		170.957 		1.183
v 703.827 		171.035 		1.183
v 679.936 		177.9185 		2.098
v 712.571 		246.654 		20.967
v 712.668 		307.211 		0
v 703.681 		171.133 		1.183
v 679.0046 		176.062 		2.098
v 678.997 		175.95 		2.098
v 703.548 		171.25 		1.183
v 712.604 		308.832 		0
v 712.275 		308.983 		0
v 679.0864 		176.5368 		2.098
v 712.1 		309.003 		0
v 679.1154 		176.7017 		2.098
v 712.571 		246.624 		20.851
v 390.2 		246.4338 		24.1311
v 390.2 		246.1873 		24.1819
v 679.0173 		176.2466 		2.098
v 712.571 		246.573 		20.742
v 679.0055 		176.0763 		2.098
v 390.2 		246.7468 		24.0355
v 679.1946 		176.9035 		2.098
v 437.463 		346.385 		21.454
v 390.2 		245.8644 		24.2484
v 705.153 		307.404 		0
v 679.6811 		177.6635 		2.098
v 705.027 		307.729 		0
v 679.3113 		177.1688 		2.098
v 705.085 		308.472 		0
v 705.401 		308.849 		0
v 705.9 		309.003 		0
v 679.525 		177.502 		2.098
v 679.4171 		177.3412 		2.098
v 442.798 		165.214 		30.001
v 432.798 		165.214 		16.001
v 705.004 		308.161 		0
v 703.333 		172.879 		1.183
v 676.227 		178.159 		2.098
v 676.0535 		178.2449 		2.098
v 703.431 		173.026 		1.182
v 705.503 		307.097 		0
v 712.1 		307.003 		0
v 712.389 		307.052 		0
v 675.84 		178.3334 		2.098
v 676.3004 		178.1025 		2.098
v 705.9 		307.003 		0
v 677.3853 		176.7017 		2.098
v 677.2783 		176.9598 		2.098
v 704.9184 		303.104 		0
v 677.4146 		176.5297 		2.098
v 703.152 		172.204 		1.183
v 677.4959 		176.0549 		2.098
v 703.164 		172.38 		1.183
v 712.973 		300.277 		0
v 677.496 		176.053 		2.098
v 434.133 		165.536 		20.244
v 677.503 		175.95 		2.098
v 437.303 		346.388 		21.415
v 712.973 		299.73 		0
v 703.198 		172.554 		1.183
v 712.692 		300.778 		0
v 677.2002 		177.076 		2.098
v 712.571 		246.502 		20.639
v 677.1079 		177.1813 		2.098
v 703.255 		172.721 		1.183
v 676.7521 		177.7559 		2.098
v 676.4485 		177.9887 		2.098
v 712.1 		301.003 		0
v 712.415 		300.941 		0
v 437.629 		346.372 		21.01
v 433.798 		165.329 		20.151
v 390.2 		246.9854 		23.9629
v 712.571 		246.412 		20.546
v 705.503 		300.909 		0
v 705.308 		300.778 		0
v 390.2 		247.509 		23.7471
v 675.612 		178.414 		2.098
v 390.2 		247.2821 		23.8405
v 674.9596 		178.5 		2.098
v 437.713 		346.371 		21.022
v 705.9 		301.003 		0
v 675.7954 		178.3519 		2.098
v 437.629 		346.383 		21.477
v 390.2 		247.7859 		23.5996
v 705.101 		300.497 		0
v 705.004 		300.162 		0
v 672.234 		178.5 		2.098
v 674.952 		178.501 		2.098
v 672.234 		178.501 		2.098
v 434.048 		165.36 		19.786
v 677.503 		164.048 		2.098
v 712.52 		245.999 		21.248
v 677.4902 		163.8634 		2.098
v 677.4886 		163.84 		2.098
v 712.52 		246.017 		21.188
v 704.502 		172.204 		1.183
v 678.997 		164.048 		2.098
v 679.0104 		163.8547 		2.098
v 679.012 		163.84 		2.098
v 712.52 		246.024 		21.127
v 712.52 		246.02 		21.067
v 677.3539 		163.2046 		2.098
v 677.3807 		163.3418 		2.098
v 712.52 		246.005 		21.009
v 677.4805 		163.7236 		2.098
v 390.2 		247.9969 		23.487
v 677.1688 		162.8303 		2.098
v 677.275 		163.0028 		2.098
v 437.967 		346.383 		21.477
v 677.4806 		163.7237 		2.098
v 390.2 		248.439 		23.187
v 390.2 		248.2476 		23.3167
v 438.133 		346.385 		21.454
v 390.2 		248.8294 		22.8529
v 390.2 		248.6605 		22.9976
v 677.0765 		162.725 		2.098
v 676.8702 		162.417 		2.098
v 433.967 		165.506 		20.597
v 679.0335 		163.6462 		2.098
v 679.1019 		163.3647 		2.098
v 679.4171 		162.6568 		2.098
v 679.4305 		162.6368 		2.098
v 679.2769 		162.8985 		2.098
v 697.5 		163 		0
v 697.399 		162.224 		0
v 679.1602 		163.1637 		2.098
v 695.028 		162.045 		0
v 695.255 		162.245 		0
v 695.809 		163.072 		0
v 679.525 		162.496 		2.098
v 679.604 		162.417 		2.098
v 437.798 		346.371 		21.026
v 712.52 		245.825 		21.465
v 695.916 		163.388 		0
v 712.52 		245.882 		21.416
v 680.273 		178.159 		0
v 679.996 		177.973 		0
v 681.548 		178.5 		0
v 681.215 		178.478 		0
v 680.888 		178.414 		0
v 679.936 		179.998 		0
v 679.138 		176.768 		0
v 679.019 		176.268 		0
v 678.997 		175.95 		0
v 390.2 		249.0171 		22.6471
v 433.505 		165.261 		20.935
v 433.865 		165.474 		20.962
v 679.525 		177.502 		0
v 679.339 		177.225 		0
v 712.52 		245.931 		21.363
v 675.928 		178.307 		0
v 677.503 		175.95 		0
v 677.363 		176.768 		0
v 712.52 		245.97 		21.307
v 433.831 		165.442 		21.334
v 676.227 		178.159 		0
v 437.798 		346.382 		21.485
v 676.75 		177.758 		0
v 675.612 		178.414 		0
v 674.952 		178.501 		0
v 672.234 		178.501 		0
v 672.234 		178.5 		0
v 677.503 		164.048 		0
v 678.997 		164.048 		0
v 433.616 		165.296 		20.536
v 437.883 		346.371 		21.022
v 679.996 		162.025 		0
v 390.298 		246.024 		18.101
v 712.571 		246.554 		21.441
v 437.967 		346.372 		21.01
v 677.309 		163.072 		0
v 677.481 		163.73 		0
v 677.503 		165.998 		3.098
v 677.503 		164.048 		3.098
v 712.571 		246.611 		21.325
v 676.755 		162.245 		0
v 390.515 		246.473 		18.396
v 679.02 		163.715 		0
v 679.138 		163.23 		0
v 677.4946 		163.927 		3.098
v 390.298 		246.573 		18.142
v 677.4887 		163.84 		3.098
v 679.339 		162.773 		0
v 678.997 		164.048 		3.098
v 678.997 		165.998 		3.098
v 667.052 		346.374 		20.99
v 433.468 		165.226 		21.341
v 712.571 		246.661 		21.085
v 679.0148 		163.84 		3.098
v 679.0057 		163.9213 		3.098
v 679.525 		162.496 		0
v 390.515 		245.969 		18.358
v 667.128 		346.376 		20.963
v 679.936 		162.135 		3.098
v 676.5107 		162.0404 		3.098
v 677.415 		163.4704 		3.098
v 677.3753 		163.2678 		3.098
v 436.445 		346.462 		21.525
v 677.4804 		163.7206 		3.098
v 631.388 		178.414 		0
v 677.2588 		162.9698 		3.098
v 677.102 		162.7151 		3.098
v 632.048 		178.5 		0
v 677.4804 		163.7207 		3.098
v 436.633 		346.452 		21.643
v 433.865 		165.41 		21.706
v 630.589 		179.972 		0
v 630.78 		179.985 		0
v 630.78 		179.998 		0
v 436.276 		346.538 		21.974
v 676.9658 		162.5596 		3.098
v 676.5995 		162.1087 		3.098
v 628.399 		178.498 		0
v 628.616 		178.824 		0
v 712.571 		246.647 		21.205
v 628.873 		179.119 		0
v 629.166 		179.378 		0
v 629.489 		179.596 		0
v 676.755 		162.245 		3.098
v 629.839 		179.77 		0
v 630.208 		179.896 		0
v 630.709 		178.103 		0
v 390.298 		247.602 		18.38
v 679.0847 		163.4289 		3.098
v 630.472 		177.953 		0
v 679.0399 		163.6134 		3.098
v 630.088 		177.558 		0
v 390.298 		247.102 		18.236
v 679.4299 		162.6434 		3.098
v 679.2473 		162.9583 		3.098
v 434.133 		165.348 		22.425
v 679.1708 		163.1321 		3.098
v 629.691 		176.926 		0
v 629.519 		176.268 		0
v 679.8095 		162.2461 		3.098
v 679.7042 		162.3168 		3.098
v 628 		176.998 		0
v 628.101 		177.774 		0
v 628.226 		178.146 		0
v 437.066 		346.436 		21.823
v 679.9318 		162.1387 		3.098
v 629.497 		175.95 		0
v 679.525 		162.496 		3.098
v 679.4542 		162.6014 		3.098
v 629.497 		164.048 		0
v 630.25 		162.24 		0
v 712.655 		247.202 		21.399
v 629.932 		162.634 		0
v 433.967 		165.379 		22.072
v 629.691 		163.072 		0
v 629.584 		163.388 		0
v 712.655 		247.255 		21.222
v 628.101 		162.224 		0
v 628 		163 		0
v 504.5 		336.092 		0
v 667.432 		346.401 		20.678
v 436.842 		346.443 		21.743
v 390.712 		245.905 		18.664
v 712.655 		247.265 		20.869
v 503.015 		335.833 		0
v 667.449 		346.406 		20.618
v 502.204 		335.477 		0
v 501.264 		334.755 		0
v 499.952 		332.113 		0
v 667.449 		346.417 		20.496
v 712.655 		247.147 		20.537
v 390.884 		246.589 		19.107
v 500.683 		334.035 		0
v 436.031 		165.257 		18.282
v 500.167 		332.985 		0
v 390.884 		246.217 		19.042
v 436.276 		346.641 		22.438
v 390.712 		246.353 		18.698
v 499.908 		331.501 		0
v 498.496 		331.842 		0
v 498.41 		332.437 		0
v 436.548 		346.526 		22.105
v 497.775 		332.982 		0
v 497.6 		333.001 		0
v 434.993 		165.616 		19.319
v 498.168 		331.209 		0
v 498.379 		331.451 		0
v 497.889 		331.05 		0
v 712.655 		247.277 		21.045
v 436.842 		346.517 		22.209
v 498.45 		331.612 		0
v 628 		176.998 		0.001
v 628 		164.514 		0.001
v 498.154 		332.799 		0
v 667.454 		346.411 		20.557
v 437.151 		346.511 		22.284
v 497.6 		331.001 		0
v 630.78 		179.998 		0.001
v 704.502 		173.554 		1.182
v 712.655 		247.222 		20.699
v 434.363 		165.389 		19.447
v 498.473 		323.728 		0
v 498.496 		324.16 		0
v 630.589 		179.972 		0.001
v 630.78 		179.985 		0.001
v 497.969 		324.916 		0
v 497.6 		325.001 		0
v 391.03 		246.067 		19.422
v 498.347 		324.6 		0
v 630.589 		179.972 		0.001
v 630.589 		179.972 		0.001
v 630.208 		179.896 		0.001
v 629.839 		179.77 		0.001
v 629.489 		179.596 		0.001
v 628.399 		178.498 		0.001
v 628.2407 		178.176 		0.001
v 628.873 		179.119 		0.001
v 434.986 		165.22 		18.716
v 628.616 		178.824 		0.001
v 390.884 		245.831 		19.012
v 435.162 		165.439 		18.873
v 497.775 		323.021 		0
v 498.347 		323.403 		0
v 629.166 		179.378 		0.001
v 628.998 		179.2295 		0.001
v 704.326 		173.543 		1.182
v 497.6 		323.002 		0
v 667.32 		346.387 		20.843
v 712.52 		245.76 		21.509
v 498.444 		315.631 		0
v 498.496 		316.161 		0
v 712.571 		245.844 		21.982
v 437.798 		346.506 		22.345
v 498.45 		316.391 		0
v 497.997 		316.907 		0
v 434.736 		165.416 		19.141
v 704.153 		173.508 		1.182
v 712.571 		245.996 		21.919
v 499.2565 		317.0774 		0
v 667.405 		346.396 		20.737
v 497.6 		317.002 		0
v 703.986 		173.452 		1.182
v 390.515 		247.415 		18.614
v 712.571 		246.266 		21.756
v 498.253 		315.291 		0
v 390.515 		246.958 		18.482
v 497.6 		315.002 		0
v 628.226 		178.146 		0.001
v 703.827 		173.373 		1.182
v 497.997 		315.097 		0
v 628.101 		177.774 		0.001
v 437.798 		346.427 		21.928
v 498.9954 		311.296 		0
v 438.125 		346.507 		22.33
v 390.712 		247.57 		19.048
v 498.473 		307.729 		0
v 703.681 		173.275 		1.182
v 390.712 		247.194 		18.892
v 667.263 		346.383 		20.889
v 498.168 		307.211 		0
v 498.496 		308.161 		0
v 712.571 		246.476 		21.554
v 498.345 		308.583 		0
v 703.548 		173.159 		1.182
v 498.347 		307.404 		0
v 435.646 		165.811 		19.312
v 667.199 		346.379 		20.929
v 497.6 		309.003 		0
v 497.6 		307.003 		0
v 497.889 		307.052 		0
v 390.884 		247.265 		19.343
v 498.809 		307.1698 		0
v 435.815 		165.654 		18.866
v 712.571 		246.138 		21.843
v 436.031 		165.827 		19.128
v 437.472 		346.507 		22.33
v 667.367 		346.391 		20.792
v 498.192 		300.778 		0
v 497.915 		300.941 		0
v 498.473 		300.277 		0
v 390.712 		246.786 		18.774
v 498.473 		299.73 		0
v 497.6 		301.003 		0
v 666.971 		346.383 		21.477
v 712.571 		246.38 		21.659
v 438.048 		346.428 		21.916
v 436.141 		165.474 		18.467
v 390.884 		246.941 		19.208
v 628 		163.84 		0.675
v 628 		163 		1.515
v 435.633 		165.458 		18.647
v 628.0823 		162.3434 		2.1716
v 628.0664 		162.467 		2.048
v 628.101 		162.224 		2.291
v 394 		348.5 		0
v 628.0023 		162.965 		1.55
v 435.383 		165.637 		19.073
v 712.655 		245.831 		22.443
v 391.03 		246.661 		19.559
v 630.2479 		162.2421 		2.098
v 630.4708 		162.0633 		2.098
v 630.1068 		162.417 		2.098
v 666.802 		346.371 		21.026
v 712.655 		246.068 		22.37
v 391.03 		246.373 		19.476
v 437.303 		346.431 		21.881
v 392.701 		348.28 		0
v 712.655 		246.502 		22.166
v 435.489 		165.241 		18.475
v 695.9809 		176.2639 		2.098
v 695.9083 		176.5528 		2.098
v 391.145 		246.563 		20.021
v 389.653 		345.165 		0
v 390.103 		346.25 		0
v 666.633 		346.372 		21.01
v 695.9813 		176.2624 		2.098
v 390.818 		347.182 		0
v 437.549 		346.428 		21.916
v 391.75 		347.897 		0
v 389.5 		344 		0
v 695.9905 		176.128 		2.098
v 695.6691 		177.1802 		2.098
v 391.653 		332.6 		0
v 391.504 		332.16 		0
v 666.717 		346.371 		21.022
v 695.529 		177.4219 		2.098
v 392.4 		333.001 		0
v 392.003 		332.906 		0
v 391.808 		332.776 		0
v 695.809 		176.926 		2.098
v 666.633 		346.383 		21.477
v 628.998 		165.214 		16.001
v 695.4366 		177.5272 		2.098
v 695.2521 		177.7559 		2.098
v 391.145 		245.905 		19.832
v 694.1582 		178.3787 		2.098
v 694.2954 		178.3519 		2.098
v 391.595 		331.504 		0
v 712.655 		246.293 		22.278
v 392.111 		331.05 		0
v 693.7764 		178.4786 		2.098
v 666.802 		346.382 		21.485
v 392.4 		331.001 		0
v 436.678 		347.128 		23.53
v 435.298 		165.792 		19.532
v 693.5782 		178.4923 		2.098
v 693.452 		178.501 		2.098
v 390.2461 		327.68 		0
v 693.6366 		178.4882 		2.098
v 437.233 		347.121 		23.61
v 391.527 		323.728 		0
v 693.7763 		178.4786 		2.098
v 391.901 		324.848 		0
v 391.585 		324.471 		0
v 628.998 		167.266 		6.003
v 392.4 		325.001 		0
v 628.998 		167.266 		3.0983
v 694.3173 		178.3445 		2.098
v 391.504 		324.16 		0
v 695.2004 		177.7967 		2.098
v 695.0612 		177.9068 		2.098
v 434.736 		165.746 		20.058
v 629.497 		164.048 		5
v 694.8396 		178.0772 		2.098
v 694.6858 		178.1559 		2.098
v 436.28 		346.944 		23.165
v 629.497 		165.998 		5
v 712.655 		246.693 		22.037
v 391.145 		246.747 		20.126
v 391.653 		323.403 		0
v 694.428 		178.307 		2.098
v 392.003 		323.096 		0
v 628.998 		165.998 		6.003
v 666.887 		346.371 		21.022
v 436.772 		346.934 		23.285
v 392.4 		323.002 		0
v 666.971 		346.372 		21.01
v 390.6205 		319.488 		0
v 391.595 		315.505 		0
v 630.245 		162.245 		5
v 391.517 		315.756 		0
v 695.9946 		176.0692 		2.098
v 630.025 		162.496 		5
v 696.003 		175.95 		2.098
v 392.003 		316.907 		0
v 391.595 		316.499 		0
v 391.517 		316.248 		0
v 712.655 		246.86 		21.893
v 690.733 		178.5 		2.098
v 434.651 		165.591 		19.599
v 629.691 		163.072 		5
v 690.733 		178.501 		2.098
v 629.584 		163.388 		5
v 392.4 		317.002 		0
v 434.993 		165.77 		19.781
v 667.137 		346.385 		21.454
v 391.145 		246.36 		19.937
v 695.9954 		163.936 		2.098
v 696.003 		164.048 		2.098
v 695.9828 		163.84 		2.098
v 436.445 		346.774 		22.886
v 712.655 		247.117 		21.571
v 392.111 		315.052 		0
v 392.4 		315.002 		0
v 390.995 		311.296 		0
v 391.527 		307.729 		0
v 391.673 		307.382 		0
v 667.449 		346.393 		21.361
v 391.145 		246.139 		19.873
v 392.006 		308.901 		0
v 391.725 		308.695 		0
v 391.504 		308.161 		0
v 392.4 		309.003 		0
v 436.633 		346.63 		22.565
v 434.532 		165.721 		20.356
v 712.655 		247.003 		21.737
v 392.006 		307.104 		0
v 392.4 		307.003 		0
v 437.01 		346.623 		22.657
v 391.1913 		307.003 		0
v 436.883 		346.764 		22.992
v 696.003 		164.048 		3.098
v 667.297 		346.388 		21.415
v 695.9918 		163.8826 		3.098
v 628.998 		179.003 		3.0982
v 392.4 		301.003 		0
v 391.725 		300.695 		0
v 695.9862 		163.84 		3.098
v 391.504 		300.162 		0
v 629.236 		179.003 		3.096
v 628.998 		179.003 		3.096
v 717 		344 		16
v 629.236 		165.998 		3.098
v 629.236 		165.998 		3.096
v 628.998 		165.998 		3.096
v 717 		344 		2.5
v 629.236 		179.003 		3.098
v 712.77 		247.762 		21.469
v 391.03 		247.377 		19.965
v 713.5 		162.952 		16.001
v 712.679 		162.547 		16.001
v 434.363 		165.565 		19.909
v 714.261 		163.461 		16.001
v 630.8613 		178.1886 		2.098
v 630.784 		178.1438 		2.098
v 391.03 		247.168 		19.806
v 667.59 		346.398 		21.293
v 630.9939 		178.2335 		2.098
v 711.812 		162.253 		16.001
v 710.914 		162.074 		16.001
v 390.884 		247.557 		19.509
v 631.388 		178.414 		2.098
v 632.048 		178.5 		2.098
v 632.006 		178.4975 		2.098
v 631.623 		178.4476 		2.098
v 436.518 		347.8006 		23.9346
v 631.6281 		178.4482 		2.098
v 436.548 		347.576 		23.861
v 630.1539 		177.6398 		2.098
v 630.0748 		177.537 		2.098
v 437.1521 		347.8006 		24.0269
v 714.261 		163.46 		2.501
v 630.6196 		178.0485 		2.098
v 436.5727 		347.8006 		23.9427
v 630.617 		178.0468 		2.098
v 713.5 		162.952 		2.501
v 630.1849 		177.6671 		2.098
v 630.2127 		177.6914 		2.098
v 437.1909 		347.8006 		24.0288
v 712.77 		247.788 		20.555
v 630.4821 		177.9614 		2.098
v 630.4355 		177.9207 		2.098
v 630.1539 		177.6398 		2.098
v 712.679 		162.547 		2.501
v 435.815 		166.047 		20.224
v 629.8986 		177.2564 		2.098
v 629.691 		176.926 		2.098
v 437.195 		347.336 		23.808
v 665.637 		346.452 		21.643
v 391.03 		246.928 		19.669
v 629.9835 		177.4183 		2.098
v 437.168 		347.569 		23.95
v 629.6461 		176.7934 		2.098
v 629.6171 		176.6285 		2.098
v 711.812 		162.252 		2.501
v 629.5173 		176.2466 		2.098
v 629.5091 		176.128 		2.098
v 666.07 		346.436 		21.823
v 710.914 		162.074 		2.501
v 391.03 		247.69 		20.343
v 717 		169.014 		16.001
v 435.646 		165.941 		19.776
v 436.603 		347.343 		23.724
v 436.031 		166.062 		20.047
v 712.77 		246.848 		22.471
v 713.291 		167.114 		30.001
v 713.671 		168.031 		30.001
v 713.8 		169.014 		30.001
v 710 		167.014 		30.001
v 710.883 		167.224 		30.001
v 712.77 		247.096 		22.303
v 391.145 		247.041 		20.386
v 391.03 		247.552 		20.145
v 710.9457 		167.266 		30.001
v 712.77 		247.316 		22.115
v 435.162 		165.902 		20.229
v 710 		165.214 		30.001
v 710.496 		165.247 		30.001
v 435.633 		166.03 		20.419
v 665.845 		346.443 		21.743
v 697.5 		163 		1.515
v 711.454 		165.504 		30.001
v 697.4982 		162.9728 		1.5421
v 697.4182 		162.3537 		2.1613
v 711.959 		167.266 		30.001
v 391.145 		246.907 		20.248
v 697.399 		162.224 		2.291
v 712 		169.014 		30.001
v 711.959 		168.7751 		30.001
v 712.313 		166 		30.001
v 695.0179 		162.0366 		2.098
v 695.1497 		162.1527 		2.098
v 629.5046 		176.062 		2.098
v 629.497 		175.95 		2.098
v 437.798 		347.119 		23.636
v 671.802 		165.214 		30.001
v 629.497 		164.048 		2.098
v 629.5244 		163.84 		2.098
v 695.3473 		162.3503 		2.098
v 695.3884 		162.417 		2.098
v 630.0634 		162.4708 		2.098
v 437.798 		346.925 		23.382
v 629.971 		162.5761 		2.098
v 629.691 		163.072 		2.098
v 629.8309 		162.8178 		2.098
v 666.307 		346.431 		21.881
v 629.584 		163.388 		2.098
v 435.945 		165.958 		19.587
v 629.9524 		162.6083 		2.098
v 392.068 		168.496 		30.001
v 392 		169.014 		30.001
v 666.552 		346.428 		21.916
v 392.254 		168.1524 		30.001
v 438.26 		346.759 		23.057
v 712.77 		247.502 		21.911
v 695.5194 		162.6396 		2.098
v 695.5939 		162.7509 		2.098
v 393.1465 		167.266 		30.001
v 695.809 		163.072 		2.098
v 391.229 		246.303 		20.464
v 695.4535 		162.5228 		2.098
v 390.2 		169.014 		30.001
v 695.916 		163.388 		2.098
v 695.9449 		163.5529 		2.098
v 392.254 		167.266 		30.001
v 435.383 		165.923 		19.991
v 393.016 		165.344 		30.001
v 391.229 		246.179 		20.393
v 390.329 		168.031 		30.001
v 390.709 		167.114 		30.001
v 391.313 		166.327 		30.001
v 392.1 		165.723 		30.001
v 437.337 		346.759 		23.057
v 713.768 		344.497 		30
v 713.671 		344.984 		30
v 713.291 		345.901 		30
v 713.015 		346.314 		30
v 712.77 		247.651 		21.695
v 665.845 		346.517 		22.209
v 391.229 		246.041 		20.336
v 437.281 		346.927 		23.358
v 695.004 		162.025 		5
v 391.229 		245.892 		20.293
v 666.155 		346.511 		22.284
v 695.809 		163.072 		4.397
v 695.728 		162.907 		5
v 695.475 		162.496 		5
v 695.916 		163.388 		5
v 710.74 		347.719 		30
v 710 		347.801 		30
v 712.313 		347.015 		30
v 711.454 		347.511 		30
v 695.985 		163.781 		5
v 438.196 		346.618 		22.713
v 629.5244 		163.84 		3.098
v 712.916 		247.738 		22.321
v 629.497 		164.048 		3.098
v 629.497 		165.998 		3.098
v 630.393 		162.1259 		3.098
v 630.2469 		162.2431 		3.098
v 437.233 		165.492 		18.257
v 630.1259 		162.393 		3.098
v 629.9896 		162.5485 		3.098
v 629.7826 		162.9054 		3.098
v 629.691 		163.072 		3.098
v 437.401 		346.618 		22.713
v 629.584 		163.388 		3.098
v 711.959 		344.3719 		30
v 629.9621 		162.596 		3.098
v 695.0995 		162.1087 		3.098
v 695.0131 		162.0326 		3.098
v 695.294 		162.3032 		3.098
v 437.798 		346.757 		23.079
v 666.475 		346.507 		22.33
v 695.6453 		162.8277 		3.098
v 695.7554 		162.992 		3.098
v 695.809 		163.072 		3.098
v 437.798 		165.279 		18.03
v 695.5481 		162.6552 		3.098
v 437.798 		165.494 		18.23
v 710.6415 		345.871 		30
v 710.636 		345.874 		30
v 695.3913 		162.4005 		3.098
v 712.77 		247.845 		20.777
v 390.298 		248.479 		18.807
v 695.9587 		163.6315 		3.098
v 695.916 		163.388 		3.098
v 711.959 		345.871 		30
v 710 		346.001 		30
v 712.916 		248.366 		21.253
v 666.802 		346.506 		22.345
v 436.603 		165.269 		18.143
v 712.77 		247.832 		21.238
v 667.449 		346.511 		22.284
v 436.678 		165.485 		18.336
v 390.515 		248.551 		19.259
v 711.959 		344.3719 		29.3488
v 507.904 		347.8 		16
v 437.798 		346.616 		22.731
v 712.77 		247.86 		21.007
v 390.515 		247.838 		18.789
v 390.298 		248.064 		18.571
v 710.6426 		345.871 		29.8037
v 437.8301 		347.8006 		24.0572
v 666.802 		346.427 		21.928
v 667.128 		346.507 		22.33
v 712.916 		248.382 		20.692
v 437.798 		347.8006 		24.0588
v 437.195 		165.277 		18.058
v 667.297 		346.431 		21.881
v 390.712 		247.91 		19.241
v 390.515 		248.219 		19.005
v 437.798 		347.566 		23.98
v 667.534 		346.436 		21.823
v 504.5 		334.001 		2.51
v 504.4718 		333.9973 		3.0977
v 436.883 		165.848 		18.874
v 504.5 		334.001 		3.0977
v 712.916 		248.4 		20.971
v 436.445 		165.839 		18.981
v 437.798 		347.334 		23.837
v 503.114 		333.575 		2.51
v 503.698 		333.863 		2.51
v 667.052 		346.428 		21.916
v 390.298 		249.145 		19.396
v 502.732 		333.269 		2.51
v 713.088 		248.888 		20.939
v 390.298 		248.842 		19.084
v 438.586 		346.986 		18.432
v 502.021 		331.827 		2.51
v 436.772 		165.679 		18.581
v 502.335 		332.751 		2.51
v 438.9655 		347.8001 		17.3903
v 390.515 		248.829 		19.545
v 438.3855 		347.8001 		17.3138
v 438.7476 		347.8001 		17.3614
v 713.285 		249.293 		20.547
v 713.088 		248.868 		20.615
v 436.28 		165.669 		18.701
v 390.712 		248.787 		20.3
v 502.19 		332.458 		2.51
v 438.919 		347.645 		17.52
v 665.681 		347.128 		23.53
v 713.502 		249.678 		20.887
v 713.285 		249.317 		20.911
v 665.775 		346.934 		23.285
v 438.26 		165.854 		18.809
v 390.712 		248.206 		19.466
v 438.316 		347.414 		17.706
v 713.502 		249.652 		20.49
v 438.363 		347.652 		17.44
v 502.0201 		331.8128 		3.0977
v 502.0224 		331.834 		3.0977
v 390.884 		248.313 		20.421
v 502.184 		332.4375 		3.0977
v 437.337 		165.854 		18.809
v 502.335 		332.751 		3.0977
v 390.884 		248.193 		20.163
v 679.936 		162.1302 		2.098
v 679.9592 		162.1147 		2.098
v 390.712 		248.648 		20.001
v 502.19 		332.458 		3.0977
v 439.151 		347.177 		18.192
v 666.34 		346.759 		23.057
v 437.798 		165.687 		18.484
v 666.284 		346.927 		23.358
v 437.798 		165.856 		18.787
v 390.884 		248.025 		19.923
v 438.713 		347.187 		18.085
v 438.825 		347.407 		17.779
v 390.712 		248.453 		19.721
v 676.6497 		162.1527 		2.098
v 676.755 		162.245 		2.098
v 665.637 		346.63 		22.565
v 713.088 		248.849 		21.267
v 503.7047 		333.8653 		3.0977
v 503.6785 		333.8544 		3.0977
v 666.014 		346.623 		22.657
v 502.732 		333.269 		3.0977
v 665.887 		346.764 		22.992
v 679.7983 		162.2226 		2.098
v 679.93 		162.1342 		2.098
v 503.1199 		333.579 		3.0977
v 437.281 		165.685 		18.508
v 503.0974 		333.5617 		3.0977
v 713.285 		249.273 		21.279
v 390.884 		247.812 		19.703
v 438.196 		165.995 		19.154
v 663.2508 		165.214 		19.2927
v 663.1855 		165.214 		19.3532
v 439.963 		347.618 		17.831
v 502 		331.501 		2.51
v 712 		344.001 		30
v 437.798 		165.996 		19.135
v 713.8 		344.001 		30
v 440.0695 		347.8001 		17.6929
v 439.9226 		347.8001 		17.6453
v 439.455 		347.634 		17.651
v 502 		331.501 		3.0977
v 439.529 		347.8001 		17.5176
v 439.3406 		347.8001 		17.475
v 713.502 		249.63 		21.289
v 666.404 		346.618 		22.713
v 498.347 		332.6 		0.8
v 439.316 		347.397 		17.899
v 498.496 		331.842 		0.8
v 498.496 		332.16 		0.8
v 497.6 		333.001 		0.8
v 497.944 		332.932 		0.8
v 436.633 		165.982 		19.302
v 498.347 		331.402 		0.8
v 497.803 		331.03 		0.8
v 498.121 		331.174 		0.8
v 662.9752 		165.214 		19.6144
v 662.8884 		165.214 		19.7228
v 390.298 		249.554 		20.105
v 666.237 		347.121 		23.61
v 713.5 		350.062 		16
v 714.261 		349.553 		16
v 436.276 		165.971 		19.428
v 662.7577 		165.214 		19.9524
v 714.95 		348.95 		16
v 715.553 		348.261 		16
v 440.213 		347.365 		18.271
v 497.6 		331.001 		0.8
v 390.298 		249.384 		19.738
v 712.916 		248.146 		21.809
v 662.6652 		165.214 		20.1144
v 666.156 		347.8006 		24.0269
v 716.94 		344.914 		16
v 662.5986 		165.214 		20.2998
v 666.1949 		347.8006 		24.0288
v 437.401 		165.995 		19.154
v 716.467 		346.679 		16
v 716.762 		345.812 		16
v 716.062 		347.5 		16
v 666.199 		347.336 		23.808
v 662.5191 		165.214 		20.5195
v 713.671 		344.984 		16
v 666.171 		347.569 		23.95
v 662.4961 		165.214 		20.6536
v 439.566 		347.165 		18.339
v 662.4504 		165.214 		20.9311
v 439.782 		347.383 		18.064
v 713.401 		345.677 		16
v 662.4514 		165.214 		21.0079
v 662.457 		165.214 		21.3414
v 437.01 		165.99 		19.21
v 713.088 		248.119 		22.507
v 662.4847 		165.214 		21.4805
v 390.515 		249.203 		20.194
v 712.851 		346.5 		16
v 713.088 		248.382 		22.218
v 662.4609 		165.214 		21.3606
v 712.916 		247.964 		22.073
v 665.606 		347.343 		23.724
v 463.5 		345.871 		3.0978
v 463.5 		345.871 		6.124
v 463.5 		335.908 		6.127
v 463.5 		335.907 		3.0978
v 390.515 		249.047 		19.858
v 438.963 		346.978 		18.524
v 713.088 		248.75 		21.593
v 712.916 		248.281 		21.534
v 437.151 		166.102 		19.582
v 666.802 		347.119 		23.636
v 391.03 		247.788 		20.555
v 436.842 		166.095 		19.658
v 662.5389 		165.214 		21.7101
v 662.5468 		165.214 		21.7436
v 436.548 		166.086 		19.762
v 436.548 		166.086 		19.762
v 391.145 		247.265 		20.869
v 662.6753 		165.214 		22.0476
v 662.7091 		165.214 		22.1277
v 710 		351 		16
v 662.8607 		165.214 		22.3697
v 662.936 		165.214 		22.489
v 710.914 		350.94 		16
v 666.802 		346.925 		23.382
v 713.285 		248.749 		22.346
v 667.367 		347.121 		23.61
v 436.276 		166.075 		19.892
v 711.812 		350.761 		16
v 712.679 		350.467 		16
v 713.088 		248.594 		21.912
v 663.0925 		165.214 		22.6721
v 663.2208 		165.214 		22.8228
v 712.313 		347.015 		16
v 663.366 		165.214 		22.9542
v 711.677 		347.401 		16
v 436.548 		166.086 		19.762
v 710.74 		347.719 		16
v 438.755 		346.648 		19.362
v 436.548 		166.086 		19.762
v 439.048 		346.794 		18.993
v 391.145 		247.222 		20.699
v 710 		347.8 		16
v 667.263 		346.759 		23.057
v 667.32 		346.927 		23.358
v 391.145 		247.147 		20.537
v 665.5933 		165.214 		18.1104
v 438.755 		346.803 		18.889
v 665.4597 		165.214 		18.1448
v 665.0192 		165.214 		18.2578
v 711.959 		344.3123 		16
v 664.9232 		165.214 		18.294
v 438.294 		346.66 		19.225
v 437.066 		166.177 		20.044
v 438.445 		346.809 		18.814
v 391.03 		247.762 		21.469
v 436.842 		166.17 		20.123
v 667.199 		346.618 		22.713
v 666.802 		346.616 		22.731
v 713.502 		249.058 		22.454
v 710 		346 		16
v 667.59 		346.623 		22.657
v 663.5841 		165.214 		18.9919
v 663.5526 		165.214 		19.014
v 710.642 		345.89 		16
v 710.6806 		345.871 		16
v 436.633 		166.161 		20.223
v 664.4799 		165.214 		18.4609
v 710.261 		345.983 		16
v 391.145 		247.255 		21.222
v 713.285 		248.986 		22.003
v 664.4255 		165.214 		18.4886
v 663.9868 		165.214 		18.7131
v 436.445 		166.151 		20.342
v 663.8808 		165.214 		18.7846
v 438.531 		346.655 		19.283
v 666.802 		346.757 		23.079
v 498.473 		323.728 		0.8
v 498.496 		324.16 		0.8
v 663.9761 		165.214 		18.7203
v 436.28 		166.139 		20.477
v 497.775 		324.982 		0.8
v 713.502 		249.509 		21.688
v 498.347 		324.6 		0.8
v 497.6 		325.001 		0.8
v 713.285 		249.162 		21.645
v 666.1914 		165.214 		18.0199
v 666.0299 		165.214 		18.0441
v 391.145 		247.202 		21.399
v 667.4123 		165.214 		18.0199
v 667.2405 		165.214 		18.0114
v 666.802 		165.214 		17.9901
v 440.298 		347.13 		18.742
v 713.502 		249.317 		22.079
v 666.6274 		165.214 		17.9987
v 667.4479 		347.8006 		24.0269
v 667.432 		347.569 		23.95
v 666.8341 		347.8006 		24.0572
v 391.145 		247.277 		21.045
v 667.4877 		347.8006 		24.021
v 438.048 		166.185 		19.951
v 440.213 		346.919 		19.213
v 666.802 		347.8006 		24.0588
v 663.5557 		165.214 		23.126
v 713.5 		350.062 		2.5
v 663.6812 		165.214 		23.2147
v 663.9361 		165.214 		23.3953
v 714.261 		349.553 		2.5
v 667.405 		347.336 		23.808
v 664.0335 		165.214 		23.4492
v 713.737 		249.58 		22.14
v 437.549 		166.185 		19.951
v 714.95 		348.949 		2.5
v 391.145 		245.831 		22.443
v 715.553 		348.261 		2.5
v 439.951 		347.149 		18.523
v 666.802 		347.566 		23.98
v 665.3733 		165.214 		23.9896
v 391.145 		246.068 		22.37
v 664.3549 		165.214 		23.6271
v 438.125 		166.106 		19.537
v 713.8 		249.4229 		22.4496
v 713.8 		249.6288 		22.1512
v 664.4205 		165.214 		23.6549
v 664.8057 		165.214 		23.8188
v 713.8 		249.6829 		22.0404
v 664.8389 		165.214 		23.8293
v 665.2828 		165.214 		23.9701
v 713.737 		249.785 		21.723
v 716.467 		346.679 		2.5
v 716.062 		347.5 		2.5
v 437.798 		166.186 		19.939
v 716.762 		345.812 		2.5
v 665.2872 		165.214 		23.9711
v 391.145 		246.502 		22.166
v 713.8 		249.8358 		21.7294
v 716.94 		344.914 		2.5
v 437.472 		166.106 		19.537
v 666.802 		347.334 		23.837
v 439.782 		346.754 		19.455
v 665.7623 		165.214 		24.0709
v 665.7795 		165.214 		24.0746
v 666.2577 		165.214 		24.135
v 666.2878 		165.214 		24.1388
v 439.951 		346.937 		18.998
v 712.77 		245.97 		22.833
v 439.32 		346.783 		19.124
v 391.145 		246.293 		22.278
v 439.651 		346.954 		18.809
v 437.798 		166.107 		19.521
v 497.833 		323.032 		0.8
v 497.997 		323.096 		0.8
v 498.347 		323.403 		0.8
v 710 		350.999 		2.5
v 712.77 		246.574 		22.617
v 710.914 		350.94 		2.5
v 497.6 		323.002 		0.8
v 666.802 		165.214 		24.1607
v 667.2847 		165.214 		24.1401
v 667.3161 		165.214 		24.1388
v 667.9689 		347.8001 		17.3903
v 667.751 		347.8001 		17.3614
v 439.32 		346.967 		18.65
v 666.7668 		165.214 		24.1592
v 391.145 		246.693 		22.037
v 668.459 		347.634 		17.651
v 668.533 		347.8001 		17.5176
v 711.812 		350.761 		2.5
v 668.3447 		347.8001 		17.475
v 712.77 		246.28 		22.739
v 438.133 		166.228 		20.413
v 712.679 		350.467 		2.5
v 668.32 		347.397 		17.899
v 439.566 		346.769 		19.279
v 391.03 		247.502 		21.911
v 667.923 		347.645 		17.52
v 668.5848 		165.214 		18.2578
v 437.629 		166.23 		20.389
v 668.4692 		165.214 		18.2281
v 668.01 		165.214 		18.1104
v 711.959 		345.871 		6.124
v 713.088 		246.216 		23.522
v 667.8589 		165.214 		18.0878
v 712.916 		246.099 		23.195
v 391.145 		246.86 		21.893
v 437.463 		166.228 		20.413
v 668.57 		347.165 		18.339
v 713.088 		246.654 		23.388
v 713.8 		344 		16
v 439.151 		346.629 		19.581
v 712.916 		246.476 		23.08
v 391.145 		247.117 		21.571
v 667.717 		347.187 		18.085
v 712 		344 		16
v 391.03 		247.651 		21.695
v 438.963 		346.639 		19.462
v 669.6173 		165.214 		18.7131
v 667.828 		347.407 		17.779
v 669.6028 		165.214 		18.7058
v 669.1232 		165.214 		18.4609
v 711.959 		343.3543 		16
v 669.0536 		165.214 		18.4347
v 711.959 		343.9488 		16
v 437.967 		166.23 		20.389
v 670.4877 		165.214 		19.4395
v 670.4183 		165.214 		19.3532
v 391.145 		247.003 		21.737
v 670.0845 		165.214 		19.0456
v 670.0505 		165.214 		19.014
v 438.713 		346.519 		19.898
v 668.155 		347.177 		18.192
v 437.798 		166.231 		20.381
v 669.723 		165.214 		18.7846
v 712.916 		246.835 		22.932
v 438.586 		346.525 		19.818
v 712.916 		247.168 		22.754
v 705.457 		339.9568 		6.1258
v 705.324 		339.8397 		6.1258
v 438.294 		346.536 		19.696
v 705.178 		339.7418 		6.1258
v 669.438 		347.599 		18.057
v 669.5813 		347.8001 		17.9161
v 705.019 		339.6638 		6.1259
v 670.715 		165.214 		19.7228
v 437.303 		166.182 		19.986
v 704.8937 		339.621 		6.1259
v 704.852 		339.6067 		6.1259
v 391.03 		246.848 		22.471
v 669.4838 		347.8001 		17.8733
v 669.0728 		347.8001 		17.6929
v 704.7222 		339.5812 		6.1259
v 704.679 		339.5727 		6.1259
v 671.0206 		165.214 		20.3418
v 670.9384 		165.214 		20.1144
v 713.088 		247.458 		23.01
v 437.303 		166.225 		20.452
v 668.9258 		347.8001 		17.6453
v 391.03 		247.096 		22.303
v 705.324 		341.9817 		6.1252
v 705.457 		341.8657 		6.1252
v 670.802 		165.214 		19.8757
v 669.217 		347.365 		18.271
v 712.916 		247.471 		22.549
v 705.574 		341.7328 		6.1253
v 705.672 		341.5858 		6.1253
v 705.75 		341.4278 		6.1253
v 390.884 		247.738 		22.321
v 668.785 		347.383 		18.064
v 705.807 		341.2607 		6.1254
v 668.967 		347.618 		17.831
v 705.841 		341.0868 		6.1254
v 705.853 		340.9107 		6.1255
v 705.841 		340.7347 		6.1255
v 705.807 		340.5617 		6.1256
v 705.75 		340.3947 		6.1257
v 438.445 		346.531 		19.75
v 705.672 		340.2357 		6.1257
v 705.574 		340.0888 		6.1258
v 713.285 		247.277 		23.467
v 704.679 		342.2498 		6.1251
v 704.852 		342.2147 		6.1251
v 713.088 		247.07 		23.217
v 705.019 		342.1578 		6.1251
v 434.986 		165.88 		20.485
v 705.178 		342.0797 		6.1251
v 713.285 		247.712 		23.235
v 391.03 		247.316 		22.115
v 711.959 		335.908 		6.127
v 711.959 		335.907 		3.0971
v 434.754 		165.808 		21.322
v 667.967 		346.978 		18.524
v 438.363 		346.432 		20.323
v 391.28 		245.98 		20.954
v 438.316 		346.436 		20.272
v 668.57 		346.769 		19.279
v 391.28 		245.944 		20.902
v 668.324 		346.783 		19.124
v 434.858 		165.857 		20.756
v 391.28 		245.898 		20.855
v 713.088 		245.764 		23.615
v 668.655 		346.954 		18.809
v 391.28 		245.843 		20.814
v 713.285 		246.319 		23.809
v 391.28 		245.781 		20.778
v 434.78 		165.833 		21.037
v 668.324 		346.967 		18.65
v 498.099 		316.849 		0.8
v 497.889 		316.952 		0.8
v 434.263 		165.637 		21.328
v 498.5 		316.102 		0.8
v 498.483 		315.756 		0.8
v 438.429 		346.422 		20.436
v 438.401 		346.427 		20.378
v 498.275 		316.694 		0.8
v 713.502 		245.851 		24.165
v 498.405 		316.499 		0.8
v 434.383 		165.694 		20.67
v 713.285 		245.811 		23.914
v 439.081 		346.472 		20.434
v 667.759 		346.648 		19.362
v 434.293 		165.666 		20.996
v 668.052 		346.794 		18.993
v 391.229 		246.654 		20.967
v 497.6 		317.002 		0.8
v 439.048 		346.483 		20.315
v 713.502 		246.405 		24.051
v 391.229 		246.624 		20.851
v 391.229 		246.573 		20.742
v 667.759 		346.803 		18.889
v 438.825 		346.511 		19.989
v 713.737 		246.474 		24.243
v 434.858 		165.76 		21.888
v 669.607 		347.344 		18.517
v 434.986 		165.736 		22.159
v 438.994 		346.493 		20.2
v 391.229 		246.502 		20.639
v 713.8 		246.4867 		24.2786
v 713.8 		246.0458 		24.3696
v 713.8 		246.6386 		24.2323
v 438.919 		346.502 		20.091
v 713.737 		245.883 		24.365
v 391.229 		246.412 		20.546
v 434.293 		165.609 		21.659
v 434.78 		165.784 		21.608
v 713.8 		245.8888 		24.4018
v 663.366 		165.389 		19.447
v 713.285 		246.81 		23.659
v 434.383 		165.581 		21.985
v 440.108 		346.719 		19.862
v 669.438 		346.898 		19.451
v 713.502 		246.942 		23.887
v 704.852 		339.605 		1.124
v 713.502 		247.451 		23.677
v 669.217 		346.919 		19.213
v 704.679 		339.571 		1.124
v 391.28 		246.017 		21.188
v 391.28 		245.999 		21.248
v 669.607 		347.109 		18.992
v 391.28 		246.024 		21.127
v 435.162 		165.714 		22.416
v 391.28 		246.02 		21.067
v 498.275 		315.31 		0.8
v 498.022 		315.113 		0.8
v 497.6 		315.002 		0.8
v 439.455 		346.605 		19.865
v 663.052 		165.36 		19.786
v 439.963 		346.737 		19.651
v 663.366 		165.565 		19.909
v 391.28 		246.005 		21.009
v 669.302 		347.13 		18.742
v 705.457 		339.955 		1.123
v 705.324 		339.838 		1.123
v 668.954 		347.149 		18.523
v 705.178 		339.74 		1.123
v 705.019 		339.662 		1.123
v 434.532 		165.554 		22.3
v 705.324 		341.98 		1.123
v 713.737 		247.046 		24.069
v 391.28 		245.825 		21.465
v 705.457 		341.864 		1.123
v 705.574 		341.731 		1.123
v 391.28 		245.882 		21.416
v 713.8 		247.0653 		24.1025
v 705.672 		341.584 		1.123
v 439.316 		346.617 		19.716
v 713.8 		247.2098 		24.0428
v 391.28 		245.931 		21.363
v 705.75 		341.426 		1.123
v 705.807 		341.259 		1.123
v 713.737 		247.59 		23.845
v 668.785 		346.754 		19.455
v 663.137 		165.536 		20.244
v 663.535 		165.721 		20.356
v 391.28 		245.97 		21.307
v 668.954 		346.937 		18.998
v 435.815 		165.858 		22.411
v 440.213 		346.7 		20.084
v 713.8 		247.6157 		23.8757
v 713.8 		247.75 		23.8041
v 705.841 		341.085 		1.123
v 439.695 		346.561 		20.373
v 391.229 		246.554 		21.441
v 440.277 		346.68 		20.314
v 662.801 		165.329 		20.151
v 713.088 		247.809 		22.772
v 391.229 		246.611 		21.325
v 668.459 		346.605 		19.865
v 391.229 		246.647 		21.205
v 435.633 		165.875 		22.216
v 662.509 		165.261 		20.935
v 713.285 		248.454 		22.67
v 439.566 		346.591 		20.027
v 668.155 		346.629 		19.581
v 705.853 		340.909 		1.123
v 662.472 		165.226 		21.341
v 705.841 		340.733 		1.123
v 667.967 		346.639 		19.462
v 705.807 		340.56 		1.123
v 713.502 		247.926 		23.424
v 705.75 		340.393 		1.123
v 705.672 		340.234 		1.123
v 705.574 		340.087 		1.123
v 713.502 		248.356 		23.132
v 713.285 		248.106 		22.968
v 439.647 		346.576 		20.197
v 668.32 		346.617 		19.716
v 704.679 		342.248 		1.123
v 391.229 		246.661 		21.085
v 704.852 		342.213 		1.123
v 705.019 		342.156 		1.123
v 667.717 		346.519 		19.898
v 705.178 		342.078 		1.123
v 663.387 		165.694 		20.67
v 440.86 		347.576 		18.325
v 441.361 		347.8002 		18.4132
v 663.266 		165.637 		21.328
v 441.0476 		347.8002 		18.1832
v 440.434 		347.599 		18.057
v 441.0057 		347.8001 		18.1594
v 713.502 		248.736 		22.807
v 440.5773 		347.8001 		17.9161
v 436.141 		166.126 		20.626
v 440.4799 		347.8001 		17.8733
v 668.57 		346.591 		20.027
v 663.296 		165.666 		20.996
v 713.737 		248.555 		23.264
v 435.95 		166.098 		20.958
v 668.085 		346.472 		20.434
v 713.8 		248.5918 		23.2881
v 713.8 		248.2494 		23.5201
v 668.052 		346.483 		20.315
v 713.8 		248.6993 		23.1959
v 668.65 		346.576 		20.197
v 435.489 		166.012 		20.63
v 436.031 		166.113 		20.788
v 662.619 		165.296 		20.536
v 667.997 		346.493 		20.2
v 662.97 		165.506 		20.597
v 391.229 		245.844 		21.982
v 440.945 		347.32 		18.797
v 441.234 		347.549 		18.631
v 662.869 		165.474 		20.962
v 667.828 		346.511 		19.989
v 391.229 		245.996 		21.919
v 713.737 		249.304 		22.54
v 435.383 		165.993 		20.853
v 440.603 		347.344 		18.517
v 391.229 		246.266 		21.756
v 662.835 		165.442 		21.334
v 713.737 		248.96 		22.917
v 440.86 		347.085 		19.268
v 667.923 		346.502 		20.091
v 441.234 		347.293 		19.107
v 713.8 		249.0014 		22.9371
v 713.8 		249.0929 		22.837
v 391.229 		246.476 		21.554
v 713.8 		249.3495 		22.5557
v 435.885 		166.067 		21.314
v 713.737 		248.096 		23.575
v 663.387 		165.581 		21.985
v 713.8 		248.1275 		23.6027
v 391.28 		245.76 		21.509
v 391.229 		246.138 		21.843
v 435.32 		165.973 		21.083
v 440.434 		346.898 		19.451
v 435.901 		166.083 		21.134
v 498.473 		307.729 		0.8
v 498.49 		308.19 		0.8
v 497.889 		308.953 		0.8
v 713.737 		249.965 		20.868
v 669.217 		346.7 		20.084
v 498.405 		308.5 		0.8
v 440.603 		347.109 		18.992
v 435.298 		165.952 		21.318
v 662.869 		165.41 		21.706
v 663.296 		165.609 		21.659
v 391.229 		246.38 		21.659
v 669.614 		346.876 		19.707
v 435.901 		166.052 		21.493
v 713.737 		249.914 		21.297
v 498.099 		308.849 		0.8
v 713.8 		249.9663 		21.2983
v 663.137 		165.348 		22.425
v 713.8 		249.98 		21.1847
v 713.8 		250.0181 		20.8647
v 442.1218 		347.8002 		19.228
v 442.066 		347.728 		19.247
v 663.535 		165.554 		22.3
v 442.2 		347.8002 		19.3699
v 498.347 		307.404 		0.8
v 441.8802 		347.8002 		18.9149
v 441.799 		347.762 		18.858
v 497.6 		309.003 		0.8
v 713.8 		250.011 		20.7522
v 441.8266 		347.8002 		18.8453
v 668.699 		346.561 		20.373
v 441.463 		347.793 		18.497
v 669.28 		346.68 		20.314
v 441.4798 		347.8002 		18.506
v 390.884 		248.366 		21.253
v 441.4677 		347.8002 		18.4942
v 713.8 		249.8701 		21.6161
v 713.8 		245.76 		16.0006
v 390.884 		248.4 		20.971
v 436.031 		166.022 		21.84
v 662.97 		165.379 		22.072
v 712.995 		260.05 		0.001
v 436.141 		166.008 		22.001
v 669.111 		346.719 		19.862
v 712.905 		259.509 		0.001
v 712.95 		332.39 		0.8
v 712.84 		260.601 		0.001
v 712.905 		331.504 		0.8
v 435.32 		165.932 		21.552
v 441.463 		347.264 		19.441
v 391.03 		247.832 		21.238
v 441.799 		347.489 		19.334
v 712.996 		332.16 		0.8
v 668.967 		346.737 		19.651
v 435.383 		165.912 		21.782
v 391.03 		247.86 		21.007
v 712.983 		331.755 		0.8
v 435.95 		166.037 		21.67
v 712.847 		259.407 		0.801
v 390.884 		248.382 		20.692
v 663.366 		165.319 		22.759
v 712.775 		260.698 		0.801
v 712.981 		260.282 		0.801
v 712.973 		259.733 		0.801
v 441.548 		347.52 		18.969
v 712.692 		332.776 		0.8
v 712.497 		332.906 		0.8
v 712.1 		333.001 		0.8
v 712.1 		259.006 		0.001
v 712.599 		259.16 		0.001
v 712.573 		260.866 		0.001
v 712.1 		261.006 		0.001
v 669.864 		347.576 		18.325
v 497.803 		307.031 		0.8
v 670.3648 		347.8002 		18.4132
v 498.121 		307.175 		0.8
v 670.0507 		347.8002 		18.1832
v 670.0089 		347.8001 		18.1594
v 705.004 		332.16 		0.8
v 705.101 		332.495 		0.8
v 705.352 		332.815 		0.8
v 705.45 		332.88 		0.8
v 705.783 		332.993 		0.8
v 705.9 		333.001 		0.8
v 665.034 		165.257 		18.282
v 497.6 		307.003 		0.8
v 391.03 		247.845 		20.777
v 441.213 		347.032 		19.881
v 712.469 		259.091 		0.801
v 712.1 		261.006 		0.801
v 712.444 		260.938 		0.801
v 670.4838 		347.8002 		18.506
v 441.065 		347.059 		19.566
v 670.4717 		347.8002 		18.4942
v 712.1 		259.006 		0.801
v 390.298 		249.63 		21.289
v 440.816 		346.829 		20.259
v 441.304 		347.004 		20.207
v 435.489 		165.893 		22.005
v 670.237 		347.549 		18.631
v 390.298 		249.678 		20.887
v 663.997 		165.616 		19.319
v 670.467 		347.793 		18.497
v 712.497 		331.095 		0.8
v 712.1 		331.001 		0.8
v 705.9 		331.001 		0.8
v 705.611 		331.05 		0.8
v 705.153 		331.402 		0.8
v 705.05 		331.612 		0.8
v 664.387 		165.637 		19.073
v 437.151 		166.22 		20.506
v 390.515 		249.273 		21.279
v 670.467 		347.264 		19.441
v 436.883 		166.207 		20.654
v 390.515 		249.293 		20.547
v 670.237 		347.293 		19.107
v 390.298 		249.652 		20.49
v 670.552 		347.52 		18.969
v 440.738 		346.853 		19.978
v 664.492 		165.241 		18.475
v 705.9 		261.006 		0.001
v 705.614 		260.949 		0.001
v 663.99 		165.22 		18.716
v 390.712 		248.849 		21.267
v 705.9 		261.006 		0.801
v 440.61 		346.876 		19.707
v 664.166 		165.439 		18.873
v 436.603 		166.181 		20.955
v 697 		345.871 		6.124
v 697 		345.871 		3.097
v 390.712 		248.888 		20.939
v 390.515 		249.317 		20.911
v 705.0001 		260.1061 		0.001
v 669.864 		347.085 		19.268
v 705.095 		260.503 		0.001
v 663.74 		165.416 		19.141
v 705.288 		260.759 		0.001
v 437.01 		166.214 		20.573
v 697 		335.907 		3.0971
v 697 		335.908 		6.127
v 669.949 		347.32 		18.797
v 442.3474 		347.8003 		19.6378
v 704.502 		339.5608 		6.1259
v 442.26 		347.693 		19.658
v 704.326 		339.5727 		6.1259
v 705 		260.106 		0.001
v 704.1962 		339.5982 		6.1259
v 704.153 		339.6067 		6.1259
v 704.0278 		339.6495 		6.1259
v 703.986 		339.6638 		6.1259
v 705.044 		260.366 		0.801
v 705.231 		260.693 		0.801
v 705.503 		260.912 		0.801
v 703.827 		339.7418 		6.1258
v 442.091 		347.421 		20.119
v 703.681 		339.8397 		6.1258
v 703.548 		339.9568 		6.1258
v 441.981 		347.456 		19.72
v 703.431 		340.0888 		6.1258
v 390.712 		248.868 		20.615
v 703.333 		340.2357 		6.1257
v 436.772 		166.199 		20.745
v 703.255 		340.3947 		6.1257
v 703.198 		340.5617 		6.1256
v 703.164 		340.7347 		6.1255
v 705 		259.906 		0.001
v 703.152 		340.9107 		6.1255
v 671.1259 		347.8002 		19.228
v 671.07 		347.728 		19.247
v 671.204 		347.8002 		19.3699
v 665.449 		165.839 		18.981
v 703.164 		341.0868 		6.1254
v 705.095 		259.509 		0.001
v 705.225 		259.314 		0.001
v 703.198 		341.2607 		6.1254
v 705.611 		259.056 		0.001
v 705.9 		259.006 		0.001
v 670.8834 		347.8002 		18.9149
v 703.255 		341.4278 		6.1253
v 670.802 		347.762 		18.858
v 670.8296 		347.8002 		18.8453
v 703.333 		341.5858 		6.1253
v 703.431 		341.7328 		6.1253
v 703.548 		341.8657 		6.1252
v 436.678 		166.191 		20.846
v 703.681 		341.9817 		6.1252
v 664.649 		165.811 		19.312
v 670.802 		347.489 		19.334
v 703.827 		342.0797 		6.1251
v 703.986 		342.1578 		6.1251
v 441.731 		347.203 		20.16
v 704.153 		342.2147 		6.1251
v 704.326 		342.2498 		6.1251
v 705.9 		259.006 		0.801
v 705.495 		259.118 		0.801
v 705.153 		259.407 		0.801
v 705.004 		259.848 		0.801
v 704.502 		342.2607 		6.1251
v 390.712 		248.119 		22.507
v 390.712 		248.382 		22.218
v 390.515 		248.749 		22.346
v 441.63 		347.234 		19.794
v 664.818 		165.654 		18.866
v 665.034 		165.827 		19.128
v 498.192 		300.778 		0.8
v 497.969 		300.918 		0.8
v 436.548 		166.171 		21.07
v 498.45 		300.392 		0.8
v 390.712 		248.75 		21.593
v 670.633 		347.234 		19.794
v 438.316 		346.387 		20.843
v 390.884 		247.964 		22.073
v 665.145 		165.474 		18.467
v 665.284 		165.669 		18.701
v 436.515 		166.14 		21.432
v 390.884 		248.146 		21.809
v 390.712 		248.594 		21.912
v 670.068 		347.059 		19.566
v 498.347 		299.404 		0
v 664.637 		165.458 		18.647
v 390.884 		248.281 		21.534
v 497.775 		299.023 		0
v 438.401 		346.396 		20.737
v 436.515 		166.161 		21.19
v 669.82 		346.829 		20.259
v 670.307 		347.004 		20.207
v 438.429 		346.401 		20.678
v 713.8 		241.6584 		19.5028
v 713.8 		241.4018 		19.7832
v 713.8 		241.3284 		19.8894
v 713.8 		241.1225 		20.1878
v 438.445 		346.406 		20.618
v 436.504 		166.151 		21.311
v 713.8 		241.0681 		20.2986
v 670.217 		347.032 		19.881
v 390.298 		249.058 		22.454
v 438.445 		346.417 		20.496
v 390.298 		249.317 		22.079
v 664.302 		165.792 		19.532
v 390.298 		249.509 		21.688
v 663.74 		165.746 		20.058
v 390.515 		248.986 		22.003
v 669.742 		346.853 		19.978
v 437.146 		166.201 		21.309
v 438.363 		346.391 		20.792
v 437.168 		166.212 		21.188
v 713.8 		243.6857 		18.2375
v 713.8 		243.5414 		18.2969
v 390.515 		249.162 		21.645
v 663.655 		165.591 		19.599
v 663.997 		165.77 		19.781
v 671.503 		347.8003 		20.0677
v 671.5546 		347.8003 		20.3775
v 671.4298 		347.8003 		19.8604
v 438.451 		346.411 		20.557
v 671.3514 		347.8003 		19.6378
v 390.712 		246.216 		23.522
v 437.233 		166.222 		21.075
v 390.712 		246.654 		23.388
v 671.095 		347.421 		20.119
v 671.382 		347.656 		20.084
v 439.048 		346.441 		20.796
v 437.195 		166.217 		21.13
v 670.984 		347.456 		19.72
v 713.8 		242.6238 		18.7371
v 671.264 		347.693 		19.658
v 665.28 		165.971 		19.428
v 390.884 		246.476 		23.08
v 439.081 		346.452 		20.677
v 713.8 		242.5016 		18.8196
v 439.092 		346.462 		20.555
v 704.153 		339.605 		1.124
v 391.03 		245.97 		22.833
v 390.884 		246.099 		23.195
v 670.735 		347.203 		20.16
v 437.151 		166.207 		21.248
v 438.994 		346.431 		20.911
v 664.166 		165.902 		20.229
v 704.502 		339.559 		1.124
v 704.326 		339.571 		1.124
v 391.03 		246.574 		22.617
v 713.8 		242.1592 		19.0516
v 713.8 		242.0517 		19.1438
v 713.8 		241.7496 		19.4027
v 668.65 		346.515 		20.909
v 664.387 		165.923 		19.991
v 703.986 		339.662 		1.123
v 703.827 		339.74 		1.123
v 437.151 		166.196 		21.371
v 437.168 		166.191 		21.431
v 703.681 		339.838 		1.123
v 703.548 		339.955 		1.123
v 391.03 		246.28 		22.739
v 668.052 		346.441 		20.796
v 713.8 		243.1356 		18.464
v 438.294 		346.388 		21.415
v 713.8 		243.0012 		18.5356
v 498.496 		299.845 		0.8
v 668.085 		346.452 		20.677
v 665.552 		166.086 		19.762
v 498.121 		299.176 		0.8
v 438.445 		346.393 		21.361
v 665.28 		166.075 		19.892
v 498.347 		299.404 		0.8
v 703.152 		340.909 		1.123
v 437.195 		166.186 		21.489
v 713.8 		244.7062 		17.9694
v 713.8 		244.2653 		18.0604
v 704.502 		340.909 		1.123
v 713.8 		244.1131 		18.1069
v 390.515 		247.277 		23.467
v 497.6 		301.003 		0.8
v 664.949 		165.958 		19.587
v 664.649 		165.941 		19.776
v 703.431 		340.087 		1.123
v 703.333 		340.234 		1.123
v 703.255 		340.393 		1.123
v 437.713 		166.241 		20.844
v 703.198 		340.56 		1.123
v 667.997 		346.431 		20.911
v 703.164 		340.733 		1.123
v 703.164 		341.085 		1.123
v 713.8 		245.47 		17.8692
v 438.919 		346.422 		21.02
v 703.198 		341.259 		1.123
v 437.472 		166.236 		20.903
v 703.255 		341.426 		1.123
v 713.8 		245.3108 		17.8872
v 703.333 		341.584 		1.123
v 713.8 		244.8632 		17.9372
v 703.431 		341.731 		1.123
v 390.515 		247.712 		23.235
v 703.548 		341.864 		1.123
v 665.449 		166.151 		20.342
v 703.681 		341.98 		1.123
v 703.827 		342.078 		1.123
v 665.284 		166.139 		20.477
v 703.986 		342.156 		1.123
v 704.153 		342.213 		1.123
v 704.326 		342.248 		1.123
v 668.096 		346.462 		20.555
v 704.502 		342.259 		1.123
v 437.629 		166.24 		20.856
v 497.6 		299.003 		0
v 390.884 		246.835 		22.932
v 390.712 		247.07 		23.217
v 665.034 		166.062 		20.047
v 438.586 		346.398 		21.293
v 713.8 		240.9159 		20.6096
v 713.8 		240.8816 		20.723
v 713.8 		240.7854 		21.0415
v 664.818 		166.047 		20.224
v 390.884 		247.168 		22.754
v 437.549 		166.239 		20.876
v 713.8 		240.7717 		21.1553
v 713.8 		240.7329 		21.4746
v 390.712 		247.458 		23.01
v 438.713 		346.405 		21.213
v 438.825 		346.413 		21.122
v 668.57 		346.5 		21.079
v 713.8 		240.7403 		21.5868
v 713.8 		240.7604 		21.9024
v 664.637 		166.03 		20.419
v 713.8 		240.7884 		22.0116
v 713.8 		240.8667 		22.3182
v 437.401 		166.233 		20.937
v 713.8 		240.9147 		22.4221
v 667.717 		346.405 		21.213
v 390.884 		247.471 		22.549
v 497.6 		299.003 		0.8
v 667.828 		346.413 		21.122
v 437.337 		166.23 		20.978
v 666.237 		165.492 		18.257
v 668.32 		346.473 		21.39
v 440.277 		346.64 		20.783
v 440.298 		346.66 		20.549
v 667.923 		346.422 		21.02
v 438.196 		166.233 		20.937
v 390.298 		245.851 		24.165
v 438.26 		166.23 		20.978
v 668.459 		346.486 		21.24
v 665.606 		165.269 		18.143
v 437.883 		166.241 		20.844
v 713.8 		241.0505 		22.7145
v 665.681 		165.485 		18.336
v 439.647 		346.515 		20.909
v 438.125 		166.236 		20.903
v 713.8 		241.1183 		22.8116
v 666.199 		165.277 		18.058
v 437.967 		166.24 		20.856
v 439.712 		346.545 		20.553
v 390.515 		246.319 		23.809
v 701.376 		333.146 		2.51
v 701.665 		332.751 		2.51
v 390.298 		246.405 		24.051
v 701.022 		333.484 		2.51
v 667.367 		165.492 		18.257
v 713.8 		241.3085 		23.0839
v 699.5 		334.001 		2.51
v 713.8 		241.3944 		23.1722
v 713.8 		241.6353 		23.4207
v 439.695 		346.53 		20.732
v 700.603 		333.738 		2.51
v 669.28 		346.64 		20.783
v 669.302 		346.66 		20.549
v 390.712 		245.764 		23.615
v 666.802 		165.279 		18.03
v 666.802 		165.494 		18.23
v 438.048 		166.239 		20.876
v 701.81 		332.458 		2.51
v 390.515 		245.811 		23.914
v 713.8 		241.738 		23.4989
v 439.963 		346.583 		21.447
v 668.699 		346.53 		20.732
v 667.405 		165.277 		18.058
v 701.0421 		333.4639 		3.0971
v 701.022 		333.484 		3.0971
v 713.8 		242.0266 		23.719
v 713.8 		242.1445 		23.786
v 713.8 		242.475 		23.974
v 668.715 		346.545 		20.553
v 713.8 		242.6055 		24.0281
v 390.298 		247.451 		23.677
v 439.316 		346.473 		21.39
v 437.798 		166.242 		20.84
v 390.515 		246.81 		23.659
v 390.298 		246.942 		23.887
v 701.6713 		332.7382 		3.0971
v 701.3949 		333.1161 		3.0971
v 701.3807 		333.1407 		3.0971
v 439.566 		346.5 		21.079
v 666.34 		165.854 		18.809
v 440.108 		346.601 		21.236
v 701.81 		332.458 		3.0971
v 665.887 		165.848 		18.874
v 497.997 		292.909 		0.001
v 713.8 		242.9726 		24.1803
v 497.6 		293.004 		0.001
v 713.8 		243.1143 		24.2212
v 713.8 		243.5127 		24.3353
v 669.614 		346.732 		21.381
v 440.213 		346.62 		21.014
v 700.5966 		333.7412 		3.0971
v 699.5416 		333.9927 		3.0971
v 713.8 		243.6625 		24.3618
v 700.6212 		333.727 		3.0971
v 667.263 		165.854 		18.809
v 390.298 		247.926 		23.424
v 699.5 		334.001 		3.0971
v 437.281 		166.226 		21.024
v 390.298 		248.356 		23.132
v 666.802 		165.687 		18.484
v 666.802 		165.856 		18.787
v 439.455 		346.486 		21.24
v 668.967 		346.583 		21.447
v 702 		331.501 		2.51
v 497.969 		292.919 		0.801
v 702 		331.501 		3.0971
v 497.6 		293.004 		0.801
v 390.515 		248.454 		22.67
v 390.298 		248.736 		22.807
v 669.111 		346.601 		21.236
v 665.775 		165.679 		18.581
v 713.8 		244.0833 		24.4363
v 713.8 		244.239 		24.4483
v 713.8 		244.6769 		24.4819
v 498.473 		292.278 		0.001
v 661.802 		347.801 		30
v 438.294 		346.431 		21.881
v 667.32 		165.685 		18.508
v 663.239 		347.8002 		18.4132
v 390.712 		247.809 		22.772
v 669.217 		346.62 		21.014
v 663.522 		347.8002 		18.2053
v 438.531 		346.436 		21.823
v 390.515 		248.106 		22.968
v 713.8 		244.8359 		24.4788
v 713.8 		245.282 		24.4699
v 498.347 		292.603 		0.001
v 713.8 		245.4413 		24.4518
v 662.4782 		347.8002 		19.228
v 668.324 		346.641 		22.438
v 438.963 		346.452 		21.643
v 666.284 		165.685 		18.508
v 663.1323 		347.8002 		18.4942
v 663.1433 		347.8002 		18.4858
v 662.7734 		347.8002 		18.8453
v 662.8237 		347.8002 		18.7962
v 662.5555 		347.8002 		19.1275
v 667.759 		346.517 		22.209
v 498.148 		292.818 		0.801
v 498.49 		292.191 		0.801
v 498.405 		292.501 		0.801
v 390.2 		245.76 		16.0006
v 438.755 		346.443 		21.743
v 668.324 		346.538 		21.974
v 667.59 		165.99 		19.21
v 668.655 		346.655 		22.279
v 713.502 		241.434 		20.26
v 667.199 		165.995 		19.154
v 498.473 		291.73 		0.001
v 666.802 		165.996 		19.135
v 498.347 		291.405 		0.001
v 392.4 		261.006 		0.001
v 392.4 		261.006 		0.801
v 439.151 		346.462 		21.525
v 497.997 		291.098 		0.001
v 713.737 		241.171 		20.199
v 391.5005 		260.1109 		0.001
v 667.759 		346.443 		21.743
v 668.052 		346.526 		22.105
v 391.5 		260.106 		0.001
v 391.66 		260.601 		0.001
v 391.519 		260.282 		0.001
v 665.637 		165.982 		19.302
v 392.111 		260.957 		0.001
v 391.901 		260.853 		0.001
v 662.2526 		347.8003 		19.6378
v 497.997 		291.098 		0.801
v 662.34 		347.8003 		19.4791
v 667.967 		346.452 		21.643
v 498.269 		291.317 		0.801
v 662.1004 		347.8003 		20.0677
v 662.1791 		347.8003 		19.8454
v 713.737 		241.447 		19.799
v 438.445 		346.511 		22.284
v 498.45 		291.615 		0.801
v 391.66 		260.601 		0.801
v 391.51 		260.194 		0.801
v 662.0745 		347.8003 		20.2237
v 391.901 		260.853 		0.801
v 392.056 		260.938 		0.801
v 668.57 		346.551 		21.819
v 497.6 		291.004 		0.001
v 497.6 		291.004 		0.801
v 666.404 		165.995 		19.154
v 437.798 		166.218 		21.309
v 391.5 		259.906 		0.001
v 662.0272 		347.8003 		20.5111
v 438.755 		346.517 		22.209
v 666.014 		165.99 		19.21
v 391.601 		259.513 		0.001
v 391.808 		259.231 		0.001
v 662.035 		347.8003 		20.9608
v 662.0291 		347.8003 		20.61
v 392.003 		259.101 		0.001
v 668.155 		346.462 		21.525
v 391.527 		259.733 		0.801
v 391.653 		259.407 		0.801
v 439.048 		346.526 		22.105
v 391.808 		259.231 		0.801
v 498.473 		286.72 		0.001
v 713.737 		243.705 		18.271
v 662.1309 		347.8004 		21.4087
v 662.1263 		347.8004 		21.3892
v 662.0966 		347.8004 		21.2628
v 666.552 		166.185 		19.951
v 662.0429 		347.8003 		20.9998
v 669.302 		346.821 		22.335
v 440.298 		346.821 		22.335
v 666.475 		166.106 		19.537
v 392.4 		259.006 		0.001
v 392.085 		259.069 		0.801
v 392.4 		259.006 		0.801
v 439.32 		346.641 		22.438
v 662.3168 		347.8004 		21.8423
v 665.845 		166.095 		19.658
v 662.2841 		347.8004 		21.7662
v 668.954 		346.671 		22.091
v 662.5018 		347.8005 		22.1318
v 713.285 		242.645 		19.371
v 669.217 		346.69 		21.876
v 498.095 		284.845 		0.001
v 669.607 		346.842 		22.085
v 497.6 		285.004 		0.001
v 440.213 		346.69 		21.876
v 666.155 		166.102 		19.582
v 497.997 		284.91 		0.801
v 662.5819 		347.8005 		22.2568
v 497.6 		285.004 		0.801
v 662.7786 		347.8005 		22.4809
v 713.502 		242.395 		19.207
v 390.2 		240.408 		30.0006
v 439.32 		346.538 		21.974
v 668.785 		346.566 		21.642
v 439.651 		346.655 		22.279
v 498.473 		283.731 		0.001
v 669.438 		346.71 		21.638
v 390.2 		241.5904 		19.8491
v 498.347 		284.603 		0.001
v 390.2 		241.3243 		20.2346
v 390.2 		241.4394 		20.0678
v 390.2 		241.213 		20.4625
v 439.951 		346.671 		22.091
v 662.9226 		347.8005 		22.6441
v 713.737 		242.655 		18.765
v 498.347 		284.603 		0.801
v 663.3334 		347.8005 		22.9965
v 663.115 		347.8005 		22.8086
v 498.496 		283.846 		0.801
v 663.507 		347.8005 		23.1102
v 498.496 		284.163 		0.801
v 439.782 		346.566 		21.642
v 390.2 		242.312 		19.1524
v 390.2 		242.5034 		19.0227
v 390.2 		242.0911 		19.3418
v 666.307 		166.182 		19.986
v 713.737 		242.196 		19.076
v 666.467 		166.228 		20.413
v 667.828 		346.934 		23.285
v 498.347 		283.406 		0.001
v 667.923 		347.128 		23.53
v 439.566 		346.551 		21.819
v 498.236 		283.268 		0.001
v 713.737 		241.791 		19.423
v 666.307 		166.225 		20.452
v 390.2 		243.242 		18.5924
v 497.951 		283.096 		0.001
v 664.5305 		347.8001 		17.6929
v 390.2 		242.7547 		18.8525
v 390.2 		242.9657 		18.7399
v 664.0227 		347.8001 		17.9161
v 664.4116 		347.8001 		17.7451
v 663.5524 		347.8002 		18.1832
v 663.9475 		347.8001 		17.9589
v 498.192 		283.229 		0.801
v 665.637 		166.161 		20.223
v 713.088 		243.294 		19.329
v 667.717 		346.764 		22.992
v 668.155 		346.774 		22.886
v 498.347 		283.406 		0.801
v 668.32 		346.944 		23.165
v 713.285 		243.474 		18.873
v 713.088 		243.681 		19.122
v 390.2 		241.9222 		19.4866
v 497.997 		283.099 		0.801
v 390.2 		241.7339 		19.6923
v 665.0709 		347.8001 		17.5176
v 665.4384 		347.8001 		17.4346
v 666.07 		166.177 		20.044
v 664.9099 		347.8001 		17.5699
v 497.6 		283.005 		0.001
v 497.6 		283.005 		0.801
v 438.316 		346.927 		23.358
v 438.363 		347.121 		23.61
v 667.967 		346.63 		22.565
v 665.845 		166.17 		20.123
v 713.502 		243.3 		18.662
v 668.57 		346.786 		22.739
v 438.825 		346.934 		23.285
v 713.502 		242.826 		18.915
v 438.919 		347.128 		23.53
v 713.285 		243.04 		19.104
v 390.2 		244.3176 		18.2085
v 390.2 		244.5641 		18.1576
v 390.2 		243.7662 		18.3765
v 390.2 		244.0052 		18.3035
v 666.2145 		347.8001 		17.3138
v 666.5678 		347.8001 		17.2983
v 665.6345 		347.8001 		17.3903
v 665.9936 		347.8001 		17.3432
v 498.4593 		278.528 		0.001
v 390.2 		245.4655 		18.0259
v 390.2 		245.7149 		18.0209
v 668.052 		347.576 		23.861
v 668.082 		347.8006 		23.9346
v 390.2 		244.8871 		18.0906
v 390.2 		245.1373 		18.0627
v 668.1392 		347.8006 		23.9202
v 668.65 		347.589 		23.715
v 439.151 		346.774 		22.886
v 713.737 		243.161 		18.495
v 667.449 		166.102 		19.582
v 668.57 		347.355 		23.584
v 438.586 		346.623 		22.657
v 497.915 		276.942 		0.001
v 667.128 		166.106 		19.537
v 438.713 		346.764 		22.992
v 667.052 		166.185 		19.951
v 498.253 		276.717 		0.001
v 713.088 		242.369 		20.121
v 667.997 		347.343 		23.724
v 390.2 		241.1279 		20.6364
v 666.802 		166.186 		19.939
v 390.2 		241.0036 		21.0477
v 390.2 		241.0574 		20.8696
v 667.3895 		347.8001 		17.3138
v 498.347 		276.604 		0.801
v 668.459 		347.139 		23.4
v 390.2 		240.9539 		21.4599
v 390.2 		240.9756 		21.2814
v 498.192 		276.78 		0.801
v 666.802 		347.8001 		17.2883
v 667.1572 		347.8001 		17.3038
v 497.997 		276.911 		0.801
v 497.6 		277.005 		0.001
v 438.963 		346.63 		22.565
v 713.285 		242.298 		19.669
v 713.088 		242.632 		19.832
v 497.6 		277.005 		0.801
v 668.785 		346.958 		23.001
v 666.802 		166.107 		19.521
v 713.285 		242.002 		19.993
v 498.4688 		275.7595 		0.001
v 498.467 		276.292 		0.001
v 438.444 		347.8006 		24.0269
v 438.429 		347.569 		23.95
v 498.49 		275.817 		0.001
v 438.4838 		347.8006 		24.021
v 439.048 		347.576 		23.861
v 439.078 		347.8006 		23.9346
v 713.285 		241.765 		20.337
v 713.088 		242.158 		20.427
v 439.1352 		347.8006 		23.9202
v 668.954 		346.802 		22.554
v 498.34 		275.41 		0.001
v 390.2 		240.9797 		21.8678
v 390.2 		240.9685 		21.6914
v 669.217 		346.976 		22.793
v 498.099 		275.158 		0.001
v 667.137 		166.228 		20.413
v 390.2 		241.0812 		22.2636
v 390.2 		241.0375 		22.0922
v 438.401 		347.336 		23.808
v 390.2 		241.1803 		22.4776
v 498.473 		276.279 		0.801
v 498.496 		275.846 		0.801
v 498.45 		275.616 		0.801
v 669.607 		346.997 		22.548
v 666.971 		166.23 		20.389
v 498.099 		275.158 		0.801
v 713.502 		242.016 		19.532
v 498.275 		275.313 		0.801
v 666.633 		166.23 		20.389
v 438.994 		347.343 		23.724
v 497.6 		275.005 		0.001
v 497.6 		275.005 		0.801
v 390.2 		241.2562 		22.641
v 390.2 		241.5013 		22.9926
v 390.2 		241.395 		22.8404
v 669.3893 		347.8005 		23.5094
v 667.534 		166.177 		20.044
v 713.502 		241.693 		19.885
v 439.316 		346.944 		23.165
v 669.111 		347.372 		23.392
v 667.297 		166.225 		20.452
v 669.217 		347.606 		23.515
v 439.782 		346.958 		23.001
v 498.4875 		270.336 		0.001
v 440.213 		346.976 		22.793
v 667.297 		166.182 		19.986
v 439.566 		346.786 		22.739
v 390.2 		241.8133 		23.314
v 390.2 		241.6786 		23.1751
v 390.2 		242.0243 		23.4749
v 668.967 		347.154 		23.22
v 669.438 		347.174 		22.993
v 712.77 		243.436 		20.224
v 669.614 		347.393 		23.151
v 666.802 		166.231 		20.381
v 498.099 		268.852 		0.001
v 497.6 		269.006 		0.001
v 439.951 		346.802 		22.554
v 712.916 		243.583 		19.585
v 498.45 		268.394 		0.801
v 712.916 		243.281 		19.79
v 497.969 		268.921 		0.801
v 497.6 		269.006 		0.801
v 390.2 		242.1857 		23.5979
v 712.77 		243.655 		20.036
v 390.2 		242.6129 		23.8406
v 390.2 		242.4282 		23.7355
v 668.692 		347.8006 		23.781
v 498.347 		268.605 		0.801
v 669.2664 		347.8005 		23.5707
v 668.7788 		347.8006 		23.7493
v 390.2 		243.0869 		24.0376
v 390.2 		242.8817 		23.9525
v 440.108 		347.372 		23.392
v 437.233 		166.181 		21.544
v 440.213 		347.606 		23.515
v 498.496 		267.847 		0.001
v 390.2 		243.601 		24.1847
v 390.2 		243.3784 		24.1209
v 498.483 		268.252 		0.001
v 670.633 		347.107 		21.27
v 663.99 		165.88 		20.485
v 498.334 		267.415 		0.001
v 712.77 		243.25 		20.428
v 497.997 		267.1 		0.001
v 439.455 		347.139 		23.4
v 663.784 		165.833 		21.037
v 498.496 		267.847 		0.801
v 670.307 		346.947 		20.87
v 663.758 		165.808 		21.322
v 498.45 		267.617 		0.801
v 439.963 		347.154 		23.22
v 670.337 		346.975 		20.539
v 497.997 		267.1 		0.801
v 390.2 		244.1446 		24.2812
v 390.2 		243.9094 		24.2395
v 498.192 		267.231 		0.801
v 713.088 		242.942 		19.567
v 436.772 		166.102 		21.877
v 390.2 		244.7101 		24.3245
v 390.2 		244.4653 		24.3057
v 497.6 		267.006 		0.001
v 663.862 		165.857 		20.756
v 712.916 		243.014 		20.018
v 436.883 		166.094 		21.969
v 497.6 		267.006 		0.801
v 669.742 		346.756 		21.11
v 670.217 		346.919 		21.196
v 439.6881 		347.8006 		23.781
v 712.916 		242.787 		20.267
v 440.2632 		347.8005 		23.5707
v 439.7748 		347.8006 		23.7493
v 439.566 		347.355 		23.584
v 498.4953 		262.144 		0.001
v 439.647 		347.589 		23.715
v 664.637 		165.875 		22.216
v 390.2 		245.2865 		24.3131
v 436.548 		166.13 		21.552
v 390.2 		245.0371 		24.3181
v 664.818 		165.858 		22.411
v 390.2 		245.6141 		24.2763
v 669.82 		346.78 		20.83
v 436.603 		166.12 		21.667
v 712.655 		244.458 		20.062
v 669.846 		346.804 		20.544
v 663.784 		165.784 		21.608
v 436.678 		166.111 		21.776
v 441.334 		346.975 		20.539
v 712.655 		244.059 		20.302
v 663.99 		165.736 		22.159
v 440.61 		346.732 		21.381
v 390.298 		241.434 		20.26
v 440.738 		346.756 		21.11
v 441.213 		346.919 		21.196
v 671.382 		347.582 		20.951
v 712.655 		244.684 		19.969
v 671.421 		347.619 		20.517
v 390.298 		242.395 		19.207
v 441.304 		346.947 		20.87
v 671.132 		347.386 		20.525
v 663.862 		165.76 		21.888
v 437.151 		166.081 		22.116
v 390.515 		242.645 		19.371
v 425.984 		347.801 		30
v 712.655 		244.249 		20.173
v 436.28 		165.995 		22.151
v 434.1283 		347.8002 		18.4942
v 434.1393 		347.8002 		18.4858
v 670.735 		347.139 		20.904
v 671.095 		347.351 		20.931
v 433.7704 		347.8002 		18.8453
v 433.8207 		347.8002 		18.7962
v 433.4742 		347.8002 		19.228
v 433.5517 		347.8002 		19.1275
v 664.166 		165.714 		22.416
v 390.298 		242.826 		18.915
v 670.769 		347.171 		20.532
v 436.633 		165.973 		22.405
v 437.01 		166.087 		22.049
v 712.655 		243.891 		20.446
v 390.515 		243.474 		18.873
v 390.298 		243.3 		18.662
v 440.816 		346.78 		20.83
v 664.387 		165.993 		20.853
v 712.655 		245.662 		19.813
v 440.842 		346.804 		20.544
v 671.5681 		347.8003 		20.9608
v 712.655 		245.414 		19.818
v 671.569 		347.8003 		20.9069
v 664.323 		165.973 		21.083
v 671.5765 		347.8003 		20.5111
v 390.712 		243.681 		19.122
v 664.302 		165.952 		21.318
v 712.655 		245.166 		19.846
v 390.712 		243.294 		19.329
v 671.473 		347.8004 		21.4087
v 671.4621 		347.8004 		21.4344
v 390.515 		243.04 		19.104
v 712.655 		244.921 		19.897
v 436.445 		165.984 		22.286
v 671.5071 		347.8004 		21.2628
v 433.097 		347.8003 		20.0677
v 671.467 		347.788 		21.408
v 433.0715 		347.8003 		20.2237
v 433.2486 		347.8003 		19.6378
v 433.336 		347.8003 		19.4791
v 664.492 		166.012 		20.63
v 433.1751 		347.8003 		19.8454
v 441.981 		347.317 		21.33
v 442.26 		347.545 		21.376
v 436.842 		165.965 		22.504
v 671.264 		347.545 		21.376
v 671.0215 		347.8005 		22.2568
v 670.8871 		347.8005 		22.4094
v 671.2872 		347.8004 		21.8423
v 671.2252 		347.8004 		21.9393
v 433.127 		347.8004 		21.4087
v 433.1223 		347.8004 		21.3892
v 712.571 		245.734 		20.265
v 442.128 		347.386 		20.525
v 433.0242 		347.8003 		20.5111
v 433.0319 		347.8003 		20.9608
v 433.0259 		347.8003 		20.61
v 433.0929 		347.8004 		21.2628
v 670.984 		347.317 		21.33
v 712.571 		245.402 		20.256
v 433.0398 		347.8003 		20.9998
v 437.281 		166.177 		21.595
v 390.515 		242.298 		19.669
v 665.145 		166.126 		20.626
v 390.298 		242.016 		19.532
v 441.731 		347.139 		20.904
v 437.401 		166.169 		21.681
v 442.091 		347.351 		20.931
v 437.337 		166.173 		21.641
v 437.713 		166.161 		21.774
v 712.571 		245.068 		20.309
v 441.765 		347.171 		20.532
v 433.3128 		347.8004 		21.8423
v 670.27 		347.8005 		22.9965
v 433.2803 		347.8004 		21.7662
v 390.298 		241.693 		19.885
v 437.629 		166.162 		21.762
v 664.954 		166.098 		20.958
v 670.6809 		347.8005 		22.6441
v 670.4589 		347.8005 		22.8346
v 390.515 		241.765 		20.337
v 441.63 		347.107 		21.27
v 712.571 		244.755 		20.42
v 665.034 		166.113 		20.788
v 433.5785 		347.8005 		22.2568
v 433.4985 		347.8005 		22.1318
v 669.949 		347.021 		22.267
v 390.712 		242.632 		19.832
v 433.7752 		347.8005 		22.4809
v 670.237 		347.223 		22.419
v 390.712 		242.369 		20.121
v 712.571 		245.569 		20.252
v 390.515 		242.002 		19.993
v 669.7963 		347.8005 		23.3072
v 670.237 		347.048 		21.957
v 669.955 		347.8005 		23.2032
v 390.712 		242.158 		20.427
v 670.552 		347.252 		22.081
v 437.472 		166.166 		21.715
v 440.945 		347.021 		22.267
v 665.552 		166.171 		21.07
v 441.234 		347.223 		22.419
v 712.571 		245.234 		20.274
v 437.549 		166.164 		21.743
v 433.9191 		347.8005 		22.6441
v 434.111 		347.8005 		22.8086
v 669.864 		346.866 		21.809
v 665.519 		166.14 		21.432
v 670.068 		346.892 		21.511
v 670.467 		347.077 		21.623
v 712.571 		244.908 		20.357
v 440.603 		346.842 		22.085
v 661.802 		347.8 		16
v 434.2352 		347.8002 		18.4132
v 665.519 		166.161 		21.19
v 440.86 		346.866 		21.809
v 435.0187 		347.8001 		17.9161
v 441.234 		347.048 		21.957
v 434.5494 		347.8002 		18.1832
v 434.9435 		347.8001 		17.9589
v 390.884 		243.583 		19.585
v 434.519 		347.8002 		18.2053
v 441.065 		346.892 		21.511
v 390.884 		243.281 		19.79
v 665.508 		166.151 		21.311
v 390.712 		242.942 		19.567
v 713.502 		244.346 		18.289
v 670.984 		347.716 		22.244
v 437.798 		166.161 		21.778
v 663.137 		347.793 		18.497
v 438.196 		166.169 		21.681
v 440.434 		346.71 		21.638
v 713.737 		244.278 		18.096
v 438.125 		166.166 		21.715
v 670.802 		347.476 		22.177
v 436.0676 		347.8001 		17.5176
v 435.5272 		347.8001 		17.6929
v 435.9065 		347.8001 		17.5699
v 671.264 		347.751 		21.837
v 390.884 		242.787 		20.267
v 664.905 		166.083 		21.134
v 435.4083 		347.8001 		17.7451
v 663.366 		347.549 		18.631
v 391.03 		243.655 		20.036
v 663.052 		347.52 		18.969
v 662.801 		347.762 		18.858
v 441.8837 		347.8005 		22.4094
v 441.981 		347.716 		22.244
v 442.0182 		347.8005 		22.2568
v 391.03 		243.436 		20.224
v 664.888 		166.067 		21.314
v 390.884 		243.014 		20.018
v 670.802 		347.284 		21.716
v 442.2212 		347.8004 		21.9393
v 713.285 		245.455 		18.368
v 671.07 		347.51 		21.788
v 662.801 		347.489 		19.334
v 442.2832 		347.8004 		21.8423
v 713.285 		244.94 		18.426
v 662.534 		347.728 		19.247
v 437.883 		166.161 		21.774
v 664.905 		166.052 		21.493
v 442.066 		347.51 		21.788
v 442.26 		347.751 		21.837
v 713.502 		244.9 		18.174
v 437.967 		166.162 		21.762
v 437.2105 		347.8001 		17.3138
v 663.366 		347.293 		19.107
v 436.6315 		347.8001 		17.3903
v 436.99 		347.8001 		17.3432
v 664.323 		165.932 		21.552
v 663.137 		347.264 		19.441
v 391.03 		243.25 		20.428
v 713.502 		245.463 		18.111
v 664.387 		165.912 		21.782
v 670.633 		347.683 		22.622
v 436.435 		347.8001 		17.4346
v 438.048 		166.164 		21.743
v 441.548 		347.252 		22.081
v 670.068 		347.417 		22.864
v 670.217 		347.654 		22.963
v 441.799 		347.476 		22.177
v 390.298 		244.346 		18.289
v 437.798 		347.8001 		17.2883
v 438.1532 		347.8001 		17.3038
v 437.5637 		347.8001 		17.2983
v 663.535 		347.059 		19.566
v 713.737 		245.469 		17.907
v 664.492 		165.893 		22.005
v 669.864 		347.197 		22.725
v 438.26 		166.173 		21.641
v 441.463 		347.077 		21.623
v 441.799 		347.284 		21.716
v 670.467 		347.445 		22.538
v 713.737 		244.869 		17.974
v 663.387 		347.032 		19.881
v 390.515 		245.455 		18.368
v 390.298 		245.463 		18.111
v 665.552 		166.13 		21.552
v 437.967 		166.071 		22.233
v 663.296 		347.004 		20.207
v 438.133 		166.073 		22.209
v 665.034 		166.022 		21.84
v 390.298 		244.9 		18.174
v 440.603 		346.997 		22.548
v 434.3301 		347.8005 		22.9965
v 669.742 		347.628 		23.262
v 665.145 		166.008 		22.001
v 662.34 		347.693 		19.658
v 712.916 		243.917 		19.407
v 434.8037 		347.8005 		23.3072
v 434.5036 		347.8005 		23.1102
v 441.213 		347.654 		22.963
v 437.303 		166.077 		22.17
v 434.9486 		347.8005 		23.3795
v 441.2665 		347.8005 		22.9965
v 713.088 		244.535 		18.817
v 437.463 		166.073 		22.209
v 712.916 		244.652 		19.144
v 390.515 		244.94 		18.426
v 441.065 		347.417 		22.864
v 662.509 		347.421 		20.119
v 713.088 		244.097 		18.951
v 662.222 		347.656 		20.084
v 712.916 		244.275 		19.259
v 440.434 		347.174 		22.993
v 664.954 		166.037 		21.67
v 440.86 		347.197 		22.725
v 662.619 		347.456 		19.72
v 390.298 		243.81 		18.452
v 713.285 		244.433 		18.53
v 713.285 		243.941 		18.68
v 662.869 		347.203 		20.16
v 440.3861 		347.8005 		23.5094
v 440.738 		347.628 		23.262
v 440.7923 		347.8005 		23.3072
v 665.284 		165.995 		22.151
v 437.629 		166.071 		22.233
v 440.951 		347.8005 		23.2032
v 390.712 		244.535 		18.817
v 390.515 		244.433 		18.53
v 713.502 		243.81 		18.452
v 665.449 		165.984 		22.286
v 437.798 		166.071 		22.241
v 662.97 		347.234 		19.794
v 440.61 		347.393 		23.151
v 390.712 		244.097 		18.951
v 390.515 		243.941 		18.68
v 712.77 		245.75 		19.398
v 434.993 		165.504 		22.874
v 665.887 		166.207 		20.654
v 441.6775 		347.8005 		22.6441
v 441.4559 		347.8005 		22.8346
v 390.884 		244.652 		19.144
v 663.266 		346.975 		20.539
v 434.363 		165.319 		22.759
v 441.463 		347.445 		22.538
v 434.736 		165.528 		22.598
v 441.63 		347.683 		22.622
v 663.387 		346.919 		21.196
v 390.884 		243.917 		19.407
v 712.916 		245.437 		19.02
v 712.77 		245.426 		19.404
v 662.97 		347.107 		21.27
v 665.606 		166.181 		20.955
v 712.77 		245.101 		19.44
v 390.884 		244.275 		19.259
v 442.5506 		347.8003 		20.3775
v 442.378 		347.656 		20.084
v 442.4996 		347.8003 		20.0677
v 442.4262 		347.8003 		19.8604
v 666.014 		166.214 		20.573
v 663.296 		346.947 		20.87
v 434.651 		165.293 		23.069
v 712.847 		323.403 		0.8
v 712.996 		323.843 		0.8
v 442.4581 		347.8004 		21.4344
v 442.463 		347.788 		21.408
v 712.847 		324.6 		0.8
v 712.973 		324.275 		0.8
v 442.4691 		347.8004 		21.4087
v 434.993 		165.269 		23.35
v 713.088 		244.988 		18.724
v 665.775 		166.199 		20.745
v 442.378 		347.582 		20.951
v 712.916 		245.042 		19.064
v 442.5034 		347.8004 		21.2628
v 390.712 		244.988 		18.724
v 442.565 		347.8003 		20.9608
v 442.5728 		347.8003 		20.5111
v 662.222 		347.582 		20.951
v 442.5661 		347.8003 		20.9069
v 712.621 		324.829 		0.8
v 712.303 		324.973 		0.8
v 662.472 		347.386 		20.525
v 665.681 		166.191 		20.846
v 712.1 		325.001 		0.8
v 662.182 		347.619 		20.517
v 442.418 		347.619 		20.517
v 390.884 		245.437 		19.02
v 390.712 		245.447 		18.672
v 713.088 		245.447 		18.672
v 705.225 		324.694 		0.8
v 705.028 		324.245 		0.8
v 705.004 		323.843 		0.8
v 390.884 		245.042 		19.064
v 435.383 		165.694 		22.654
v 705.506 		324.9 		0.8
v 432.798 		347.8 		16
v 705.05 		323.613 		0.8
v 435.646 		165.675 		22.869
v 436.031 		165.843 		22.588
v 705.9 		325.001 		0.8
v 662.509 		347.351 		20.931
v 391.03 		245.75 		19.398
v 448.5 		335.907 		3.0979
v 448.5 		335.908 		6.127
v 448.5 		345.871 		6.124
v 666.475 		166.236 		20.903
v 448.5 		345.871 		3.0978
v 455.998 		339.5608 		6.1259
v 455.821 		339.5727 		6.1259
v 455.6913 		339.5982 		6.1259
v 455.648 		339.6067 		6.1259
v 712.497 		323.096 		0.8
v 705.308 		323.226 		0.8
v 455.5228 		339.6495 		6.1259
v 455.481 		339.6638 		6.1259
v 712.1 		323.002 		0.8
v 662.137 		347.788 		21.408
v 455.323 		339.7418 		6.1258
v 705.9 		323.002 		0.8
v 705.585 		323.064 		0.8
v 455.176 		339.8397 		6.1258
v 455.043 		339.9568 		6.1258
v 435.298 		165.483 		23.124
v 456.952 		339.9568 		6.1258
v 712.77 		244.781 		19.506
v 666.552 		166.239 		20.876
v 456.819 		339.8397 		6.1258
v 456.673 		339.7418 		6.1258
v 435.646 		165.464 		23.343
v 662.34 		347.545 		21.376
v 456.514 		339.6638 		6.1259
v 712.77 		244.472 		19.601
v 435.945 		165.659 		23.057
v 456.3888 		339.621 		6.1259
v 456.347 		339.6067 		6.1259
v 666.155 		166.22 		20.506
v 391.03 		245.426 		19.404
v 456.2172 		339.5812 		6.1259
v 456.174 		339.5727 		6.1259
v 454.648 		340.9107 		6.1255
v 391.03 		245.101 		19.44
v 454.926 		340.0888 		6.1258
v 662.619 		347.317 		21.33
v 454.828 		340.2357 		6.1257
v 454.75 		340.3947 		6.1257
v 666.404 		166.233 		20.937
v 454.694 		340.5617 		6.1256
v 454.659 		340.7347 		6.1255
v 662.835 		347.171 		20.532
v 454.659 		341.0868 		6.1254
v 454.694 		341.2607 		6.1254
v 454.75 		341.4278 		6.1253
v 454.828 		341.5858 		6.1253
v 666.34 		166.23 		20.978
v 454.926 		341.7328 		6.1253
v 436.031 		165.448 		23.528
v 455.043 		341.8657 		6.1252
v 391.03 		244.472 		19.601
v 455.176 		341.9817 		6.1252
v 455.323 		342.0797 		6.1251
v 455.481 		342.1578 		6.1251
v 712.77 		244.177 		19.722
v 455.648 		342.2147 		6.1251
v 455.821 		342.2498 		6.1251
v 455.998 		342.2607 		6.1251
v 391.03 		243.903 		19.868
v 456.174 		342.2498 		6.1251
v 456.347 		342.2147 		6.1251
v 662.869 		347.139 		20.904
v 456.514 		342.1578 		6.1251
v 456.673 		342.0797 		6.1251
v 435.383 		165.248 		23.596
v 391.145 		244.684 		19.969
v 712.77 		243.903 		19.868
v 456.819 		341.9817 		6.1252
v 456.952 		341.8657 		6.1252
v 457.069 		341.7328 		6.1253
v 391.03 		244.177 		19.722
v 457.167 		341.5858 		6.1253
v 663.137 		347.077 		21.623
v 457.245 		341.4278 		6.1253
v 457.302 		341.2607 		6.1254
v 457.336 		341.0868 		6.1254
v 457.348 		340.9107 		6.1255
v 457.336 		340.7347 		6.1255
v 457.302 		340.5617 		6.1256
v 457.245 		340.3947 		6.1257
v 457.167 		340.2357 		6.1257
v 457.069 		340.0888 		6.1258
v 435.815 		165.23 		23.803
v 391.145 		244.059 		20.302
v 713.285 		241.479 		21.06
v 391.145 		243.891 		20.446
v 713.285 		241.435 		21.428
v 663.535 		346.892 		21.511
v 663.366 		347.048 		21.957
v 436.276 		165.83 		22.743
v 713.502 		241.243 		20.651
v 713.285 		241.589 		20.694
v 391.145 		244.458 		20.062
v 436.842 		165.81 		22.977
v 391.145 		244.249 		20.173
v 437.151 		165.803 		23.053
v 662.34 		347.751 		21.837
v 713.502 		241.074 		21.452
v 666.284 		166.226 		21.024
v 436.276 		165.645 		23.216
v 436.548 		165.819 		22.873
v 713.502 		241.122 		21.051
v 662.619 		347.716 		22.244
v 666.155 		166.207 		21.248
v 712.775 		315.31 		0.8
v 712.905 		316.499 		0.8
v 666.237 		166.222 		21.075
v 662.534 		347.51 		21.788
v 712.99 		316.19 		0.8
v 712.983 		315.756 		0.8
v 391.145 		245.662 		19.813
v 713.737 		240.967 		20.616
v 666.199 		166.217 		21.13
v 713.737 		240.838 		21.043
v 436.633 		165.634 		23.343
v 391.145 		245.166 		19.846
v 712.599 		316.849 		0.8
v 712.389 		316.952 		0.8
v 666.171 		166.212 		21.188
v 663.052 		347.252 		22.081
v 662.801 		347.476 		22.177
v 712.1 		317.002 		0.8
v 391.03 		244.781 		19.506
v 437.01 		165.627 		23.435
v 713.737 		240.786 		21.471
v 662.801 		347.284 		21.716
v 666.149 		166.201 		21.309
v 438.125 		165.799 		23.098
v 705.05 		315.613 		0.8
v 705.044 		316.362 		0.8
v 705.231 		316.689 		0.8
v 705.503 		316.907 		0.8
v 705.725 		316.983 		0.8
v 705.9 		317.002 		0.8
v 391.145 		245.414 		19.818
v 713.285 		241.458 		21.792
v 437.472 		165.799 		23.098
v 663.366 		347.223 		22.419
v 666.199 		166.186 		21.489
v 391.145 		244.921 		19.897
v 713.502 		241.198 		22.234
v 437.798 		165.62 		23.509
v 713.285 		241.548 		22.145
v 663.387 		347.654 		22.963
v 437.401 		165.622 		23.491
v 666.155 		166.196 		21.371
v 437.798 		165.798 		23.114
v 663.137 		347.445 		22.538
v 713.502 		241.099 		21.849
v 662.97 		347.683 		22.622
v 434.133 		347.793 		18.497
v 666.171 		166.191 		21.431
v 433.798 		347.762 		18.858
v 438.196 		165.622 		23.491
v 712.497 		315.097 		0.8
v 712.1 		315.002 		0.8
v 434.048 		347.52 		18.969
v 705.9 		315.002 		0.8
v 705.531 		315.087 		0.8
v 705.308 		315.227 		0.8
v 433.798 		347.489 		19.334
v 663.535 		347.417 		22.864
v 433.53 		347.728 		19.247
v 436.445 		165.435 		23.675
v 667.128 		166.236 		20.903
v 391.229 		245.234 		20.274
v 666.971 		166.24 		20.856
v 713.737 		240.813 		21.894
v 664.166 		347.599 		18.057
v 434.133 		347.264 		19.441
v 391.229 		245.068 		20.309
v 666.887 		166.241 		20.844
v 713.737 		240.918 		22.305
v 436.28 		165.216 		23.968
v 666.717 		166.241 		20.844
v 664.387 		347.365 		18.271
v 436.883 		165.426 		23.782
v 663.74 		347.576 		18.325
v 667.052 		166.239 		20.876
v 391.229 		244.908 		20.357
v 433.218 		347.656 		20.084
v 391.229 		244.755 		20.42
v 713.502 		241.368 		22.601
v 437.798 		165.419 		23.868
v 437.337 		165.42 		23.847
v 713.502 		241.606 		22.943
v 433.336 		347.693 		19.658
v 666.802 		166.242 		20.84
v 438.26 		165.42 		23.847
v 713.737 		241.1 		22.697
v 391.229 		245.402 		20.256
v 665.284 		347.397 		17.899
v 665.145 		347.634 		17.651
v 433.967 		347.234 		19.794
v 433.616 		347.456 		19.72
v 666.633 		166.24 		20.856
v 391.229 		245.734 		20.265
v 664.637 		347.618 		17.831
v 433.865 		347.203 		20.16
v 433.505 		347.421 		20.119
v 713.737 		241.355 		23.062
v 667.199 		166.233 		20.937
v 391.229 		245.569 		20.252
v 437.798 		165.949 		22.689
v 667.263 		166.23 		20.978
v 665.449 		347.177 		18.192
v 665.034 		347.165 		18.339
v 664.818 		347.383 		18.064
v 455.648 		339.605 		1.124
v 390.298 		241.243 		20.651
v 667.59 		166.214 		20.573
v 667.449 		166.22 		20.506
v 712.655 		243.475 		21.294
v 663.997 		347.344 		18.517
v 390.515 		241.589 		20.694
v 438.048 		165.95 		22.677
v 433.967 		347.107 		21.27
v 390.515 		241.479 		21.06
v 712.99 		308.19 		0.8
v 390.298 		241.122 		21.051
v 712.847 		307.404 		0.8
v 455.998 		339.559 		1.124
v 455.821 		339.571 		1.124
v 712.905 		308.5 		0.8
v 712.973 		307.729 		0.8
v 390.298 		241.074 		21.452
v 456.347 		339.605 		1.124
v 712.655 		243.634 		20.768
v 456.174 		339.571 		1.124
v 664.302 		347.13 		18.742
v 663.655 		347.32 		18.797
v 712.655 		243.549 		20.94
v 433.133 		347.788 		21.408
v 437.066 		165.958 		22.584
v 663.74 		347.085 		19.268
v 712.1 		309.003 		0.8
v 712.559 		308.867 		0.8
v 390.515 		241.435 		21.428
v 456.673 		339.74 		1.123
v 456.514 		339.662 		1.123
v 712.655 		243.496 		21.117
v 437.303 		165.953 		22.642
v 455.481 		339.662 		1.123
v 712.217 		308.995 		0.8
v 433.179 		347.619 		20.517
v 664.387 		346.919 		19.213
v 455.323 		339.74 		1.123
v 663.997 		347.109 		18.992
v 455.176 		339.838 		1.123
v 455.043 		339.955 		1.123
v 437.549 		165.95 		22.677
v 390.298 		241.198 		22.234
v 456.952 		339.955 		1.123
v 712.655 		243.486 		21.47
v 711.959 		309.4669 		3.0972
v 456.819 		339.838 		1.123
v 454.648 		340.909 		1.123
v 390.298 		241.099 		21.849
v 664.166 		346.898 		19.451
v 438.363 		165.492 		18.257
v 390.515 		241.548 		22.145
v 712.655 		243.529 		21.64
v 433.218 		347.582 		20.951
v 712.655 		243.605 		21.802
v 455.998 		340.909 		1.123
v 438.994 		165.269 		18.143
v 438.919 		165.485 		18.336
v 712.655 		243.71 		21.953
v 433.616 		347.317 		21.33
v 454.926 		340.087 		1.123
v 454.828 		340.234 		1.123
v 433.336 		347.545 		21.376
v 454.75 		340.393 		1.123
v 454.694 		340.56 		1.123
v 390.515 		241.458 		21.792
v 454.659 		340.733 		1.123
v 664.949 		346.954 		18.809
v 454.659 		341.085 		1.123
v 454.694 		341.259 		1.123
v 664.649 		347.149 		18.523
v 454.75 		341.426 		1.123
v 454.828 		341.584 		1.123
v 454.926 		341.731 		1.123
v 433.831 		347.171 		20.532
v 455.043 		341.864 		1.123
v 438.401 		165.277 		18.058
v 433.468 		347.386 		20.525
v 455.176 		341.98 		1.123
v 664.649 		346.937 		18.998
v 390.298 		241.368 		22.601
v 455.323 		342.078 		1.123
v 455.481 		342.156 		1.123
v 455.648 		342.213 		1.123
v 455.821 		342.248 		1.123
v 712.916 		242.605 		20.53
v 705.153 		307.404 		0.8
v 433.505 		347.351 		20.931
v 705.027 		307.729 		0.8
v 705.044 		308.362 		0.8
v 705.231 		308.69 		0.8
v 705.45 		308.882 		0.8
v 705.9 		309.003 		0.8
v 665.552 		346.794 		18.993
v 455.998 		342.259 		1.123
v 665.28 		346.967 		18.65
v 456.174 		342.248 		1.123
v 712.916 		242.47 		20.805
v 456.347 		342.213 		1.123
v 390.298 		241.606 		22.943
v 456.514 		342.156 		1.123
v 439.566 		165.257 		18.282
v 456.673 		342.078 		1.123
v 712.916 		242.385 		21.086
v 665.28 		346.783 		19.124
v 666.802 		166.218 		21.309
v 456.819 		341.98 		1.123
v 712.916 		242.352 		21.368
v 456.952 		341.864 		1.123
v 705.783 		308.995 		0.8
v 457.069 		341.731 		1.123
v 457.167 		341.584 		1.123
v 664.818 		346.754 		19.455
v 457.245 		341.426 		1.123
v 433.865 		347.139 		20.904
v 439.151 		165.839 		18.981
v 457.302 		341.259 		1.123
v 457.336 		341.085 		1.123
v 713.088 		242.001 		20.746
v 457.348 		340.909 		1.123
v 457.336 		340.733 		1.123
v 457.302 		340.56 		1.123
v 457.245 		340.393 		1.123
v 434.133 		347.077 		21.623
v 713.088 		241.863 		21.4
v 457.167 		340.234 		1.123
v 665.034 		346.769 		19.279
v 457.069 		340.087 		1.123
v 438.825 		165.679 		18.581
v 438.713 		165.848 		18.874
v 390.884 		242.605 		20.53
v 433.336 		347.751 		21.837
v 390.884 		242.47 		20.805
v 390.712 		242.001 		20.746
v 713.088 		241.902 		21.072
v 433.53 		347.51 		21.788
v 433.798 		347.284 		21.716
v 390.712 		241.902 		21.072
v 663.862 		346.853 		19.978
v 712.621 		307.175 		0.8
v 438.316 		165.685 		18.508
v 390.884 		242.352 		21.368
v 663.784 		346.829 		20.259
v 705.9 		307.003 		0.8
v 705.503 		307.097 		0.8
v 390.712 		241.863 		21.4
v 712.303 		307.031 		0.8
v 712.1 		307.003 		0.8
v 712.77 		243.1 		20.645
v 433.616 		347.716 		22.244
v 712.77 		242.92 		21.101
v 433.798 		347.476 		22.177
v 664.492 		346.719 		19.862
v 663.99 		346.876 		19.707
v 434.048 		347.252 		22.081
v 390.884 		242.385 		21.086
v 664.387 		346.7 		20.084
v 440.213 		165.637 		19.073
v 439.951 		165.811 		19.312
v 712.77 		242.989 		20.87
v 439.782 		165.654 		18.866
v 712.847 		299.404 		0
v 439.566 		165.827 		19.128
v 391.03 		243.1 		20.645
v 391.03 		242.989 		20.87
v 434.133 		347.445 		22.538
v 433.967 		347.683 		22.622
v 664.323 		346.68 		20.314
v 712.77 		242.892 		21.333
v 439.963 		165.458 		18.647
v 391.145 		243.634 		20.768
v 439.316 		165.669 		18.701
v 391.145 		243.549 		20.94
v 435.162 		347.599 		18.057
v 712.916 		242.439 		21.918
v 665.449 		346.629 		19.581
v 713.088 		241.884 		21.724
v 665.145 		346.605 		19.865
v 712.916 		242.369 		21.647
v 391.03 		242.92 		21.101
v 664.637 		346.737 		19.651
v 434.736 		347.576 		18.325
v 439.455 		165.474 		18.467
v 391.145 		243.496 		21.117
v 713.088 		242.103 		22.338
v 712.916 		242.558 		22.176
v 391.03 		242.892 		21.333
v 440.108 		165.241 		18.475
v 665.284 		346.617 		19.716
v 436.141 		347.634 		17.651
v 440.298 		165.792 		19.532
v 391.145 		243.475 		21.294
v 435.633 		347.618 		17.831
v 713.088 		241.964 		22.039
v 435.383 		347.365 		18.271
v 712.95 		300.392 		0.8
v 713.285 		241.704 		22.481
v 391.145 		243.486 		21.47
v 664.905 		346.561 		20.373
v 712.847 		299.404 		0.8
v 439.32 		165.971 		19.428
v 712.996 		299.845 		0.8
v 394 		346.001 		30
v 436.031 		347.165 		18.339
v 393.611 		345.958 		30
v 435.815 		347.383 		18.064
v 393.4646 		345.871 		30
v 394 		347.801 		30
v 712.275 		299.023 		0
v 665.034 		346.591 		20.027
v 712.77 		242.907 		21.562
v 712.469 		300.918 		0.8
v 712.692 		300.778 		0.8
v 390.712 		241.884 		21.724
v 665.552 		346.483 		20.315
v 393.3758 		345.871 		24.6106
v 664.954 		346.576 		20.197
v 712.621 		299.176 		0.8
v 712.77 		243.062 		21.996
v 438.963 		165.982 		19.302
v 390.712 		242.103 		22.338
v 390.515 		241.704 		22.481
v 712.1 		301.003 		0.8
v 712.77 		243.375 		22.374
v 438.586 		165.99 		19.21
v 434.993 		347.344 		18.517
v 394 		351 		16
v 665.519 		346.472 		20.434
v 390.884 		242.369 		21.647
v 434.363 		347.549 		18.631
v 394 		347.8 		16
v 390.884 		242.439 		21.918
v 393.26 		347.719 		16
v 390.712 		241.964 		22.039
v 712.77 		242.963 		21.784
v 394 		346 		16
v 666.404 		346.991 		18.376
v 434.363 		347.293 		19.107
v 439.048 		166.086 		19.762
v 394.0873 		345.871 		16
v 394.9609 		345.871 		16
v 393.482 		345.932 		16
v 393.5235 		345.871 		16
v 393.335 		345.871 		16
v 712.916 		242.726 		22.417
v 434.993 		347.109 		18.992
v 666.014 		346.986 		18.432
v 712.77 		243.199 		22.194
v 434.651 		347.32 		18.797
v 666.237 		347.652 		17.44
v 434.736 		347.085 		19.268
v 665.681 		347.645 		17.52
v 438.755 		166.095 		19.658
v 390.884 		242.558 		22.176
v 394 		350.999 		2.5
v 438.445 		166.102 		19.582
v 712.571 		244.614 		20.496
v 435.162 		346.898 		19.451
v 391.03 		242.907 		21.562
v 666.34 		347.192 		18.02
v 666.284 		347.414 		17.706
v 665.887 		347.187 		18.085
v 712.571 		244.275 		20.786
v 665.775 		347.407 		17.779
v 712.571 		244.198 		20.898
v 705.004 		300.162 		0.8
v 705.095 		300.5 		0.8
v 705.225 		300.695 		0.8
v 439.151 		166.151 		20.342
v 705.611 		300.954 		0.8
v 705.9 		301.003 		0.8
v 435.298 		347.13 		18.742
v 391.145 		243.529 		21.64
v 391.03 		242.963 		21.784
v 712.571 		244.485 		20.583
v 391.145 		243.605 		21.802
v 435.945 		346.954 		18.809
v 435.646 		347.149 		18.523
v 391.03 		243.062 		21.996
v 712.571 		244.371 		20.68
v 667.59 		346.986 		18.432
v 391.145 		243.71 		21.953
v 435.646 		346.937 		18.998
v 705.503 		299.098 		0
v 438.294 		166.225 		20.452
v 667.199 		346.991 		18.376
v 712.655 		243.749 		20.602
v 705.14 		299.431 		0
v 667.432 		166.212 		21.188
v 667.449 		166.207 		21.248
v 435.383 		346.919 		19.213
v 438.294 		166.182 		19.986
v 705.017 		299.757 		0
v 436.031 		346.769 		19.279
v 667.367 		166.222 		21.075
v 435.815 		346.754 		19.455
v 666.802 		346.993 		18.357
v 390.884 		242.726 		22.417
v 438.963 		166.161 		20.223
v 712.571 		244.14 		21.015
v 391.03 		243.199 		22.194
v 667.405 		166.217 		21.13
v 438.755 		166.17 		20.123
v 391.03 		243.375 		22.374
v 712.571 		244.09 		21.254
v 438.531 		166.177 		20.044
v 712.571 		244.098 		21.373
v 434.293 		347.004 		20.207
v 667.32 		166.226 		21.024
v 667.32 		347.414 		17.706
v 705.531 		299.088 		0.8
v 705.308 		299.228 		0.8
v 705.153 		299.404 		0.8
v 705.027 		299.73 		0.8
v 667.367 		347.652 		17.44
v 434.532 		347.059 		19.566
v 712.571 		244.104 		21.134
v 666.802 		347.416 		17.682
v 439.316 		166.139 		20.477
v 666.802 		347.654 		17.414
v 434.858 		346.853 		19.978
v 667.454 		166.201 		21.309
v 439.963 		166.03 		20.419
v 434.383 		347.032 		19.881
v 667.405 		166.186 		21.489
v 439.782 		166.047 		20.224
v 712.1 		299.003 		0
v 434.78 		346.829 		20.259
v 667.432 		166.191 		21.431
v 712.571 		244.127 		21.488
v 439.32 		166.075 		19.892
v 434.986 		346.876 		19.707
v 712.52 		244.735 		21.152
v 391.145 		243.749 		20.602
v 667.263 		347.192 		18.02
v 667.449 		166.196 		21.371
v 440.213 		165.923 		19.991
v 705.9 		299.003 		0
v 439.951 		165.941 		19.776
v 666.802 		347.194 		17.998
v 439.566 		166.062 		20.047
v 712.52 		244.727 		21.212
v 435.489 		346.719 		19.862
v 665.606 		166.12 		21.667
v 435.383 		346.7 		20.084
v 712.52 		244.731 		21.272
v 390.489 		345.455 		30
v 390.281 		344.74 		30
v 391.145 		244.392 		22.402
v 666.155 		346.809 		18.814
v 665.775 		166.102 		21.877
v 392.254 		344.8795 		30
v 392.11 		344.642 		30
v 392.254 		345.871 		30
v 392.546 		347.511 		30
v 665.845 		346.803 		18.889
v 439.651 		165.958 		19.587
v 391.687 		347.015 		30
v 665.887 		166.094 		21.969
v 390.985 		346.314 		30
v 665.637 		346.978 		18.524
v 436.141 		346.605 		19.865
v 435.633 		346.737 		19.651
v 391.145 		243.844 		22.091
v 665.681 		166.111 		21.776
v 712.52 		245.14 		20.76
v 666.552 		346.663 		19.19
v 666.475 		346.813 		18.768
v 712.52 		245.063 		20.792
v 441.234 		165.389 		19.447
v 391.145 		244.004 		22.214
v 435.901 		346.561 		20.373
v 712.52 		244.926 		20.874
v 440.603 		165.616 		19.319
v 666.307 		346.66 		19.225
v 435.32 		346.68 		20.314
v 712.52 		244.869 		20.923
v 712.52 		244.821 		20.976
v 392.254 		344.9683 		17.2405
v 391.145 		244.188 		22.318
v 440.434 		165.439 		18.873
v 712.52 		245.221 		20.735
v 666.237 		166.181 		21.544
v 665.845 		346.648 		19.362
v 390.2 		344.001 		30
v 392 		344.001 		30
v 436.031 		346.591 		20.027
v 666.404 		166.169 		21.681
v 391.145 		244.613 		22.466
v 666.34 		166.173 		21.641
v 440.86 		165.416 		19.141
v 389.739 		349.553 		16
v 390.5 		350.062 		16
v 705.9 		299.003 		0.8
v 435.95 		346.576 		20.197
v 388.447 		348.261 		16
v 389.05 		348.95 		16
v 712.1 		299.003 		0.8
v 712.52 		244.991 		20.83
v 666.07 		346.655 		19.283
v 393.086 		350.94 		16
v 440.61 		165.22 		18.716
v 392.188 		350.761 		16
v 666.284 		166.177 		21.595
v 391.321 		350.467 		16
v 391.145 		244.846 		22.507
v 391.145 		245.089 		22.526
v 392.323 		347.401 		16
v 437.01 		346.986 		18.432
v 391.145 		245.337 		22.521
v 391.5 		346.851 		16
v 667.128 		346.813 		18.768
v 666.802 		346.815 		18.753
v 712.52 		245.711 		20.749
v 666.475 		166.166 		21.715
v 440.86 		165.746 		20.058
v 712.52 		245.556 		20.713
v 437.233 		347.652 		17.44
v 667.297 		346.66 		19.225
v 712.52 		245.473 		20.707
v 436.678 		347.645 		17.52
v 666.552 		166.164 		21.743
v 391.145 		245.586 		22.493
v 667.449 		346.809 		18.814
v 441.065 		165.721 		20.356
v 391.229 		244.614 		20.496
v 436.28 		347.397 		17.899
v 712.52 		245.636 		20.727
v 441.234 		165.565 		19.909
v 666.155 		166.081 		22.116
v 436.883 		347.187 		18.085
v 436.772 		347.407 		17.779
v 440.945 		165.591 		19.599
v 440.603 		165.77 		19.781
v 667.534 		346.655 		19.283
v 666.467 		166.073 		22.209
v 712.52 		245.389 		20.709
v 392.254 		344.9663 		16
v 392.068 		344.518 		16
v 712.52 		245.304 		20.718
v 391.229 		244.275 		20.786
v 712.973 		291.73 		0.001
v 712.973 		292.278 		0.001
v 665.637 		165.973 		22.405
v 667.052 		346.663 		19.19
v 436.445 		347.177 		18.192
v 666.014 		166.087 		22.049
v 712.847 		291.405 		0.001
v 712.52 		244.782 		21.033
v 666.802 		346.664 		19.178
v 438.196 		346.991 		18.376
v 441.463 		165.536 		20.244
v 391.229 		244.485 		20.583
v 712.847 		292.603 		0.001
v 666.307 		166.077 		22.17
v 441.799 		165.329 		20.151
v 437.401 		346.991 		18.376
v 441.548 		165.36 		19.786
v 712.52 		244.753 		21.091
v 391.229 		244.371 		20.68
v 712.52 		244.746 		21.33
v 712.52 		244.772 		21.385
v 437.798 		346.993 		18.357
v 712.52 		244.808 		21.437
v 666.307 		346.536 		19.696
v 391.229 		244.198 		20.898
v 666.155 		346.531 		19.75
v 440.434 		165.902 		20.229
v 392.254 		344.2507 		16
v 665.845 		165.965 		22.504
v 666.014 		346.525 		19.818
v 665.637 		346.639 		19.462
v 391.229 		244.14 		21.015
v 712.77 		291.317 		0.801
v 390.847 		346.107 		16
v 712.905 		292.501 		0.801
v 390.489 		345.454 		16
v 391.229 		244.09 		21.254
v 712.99 		292.191 		0.801
v 439.782 		165.858 		22.411
v 390.329 		344.984 		16
v 712.52 		244.853 		21.484
v 391.229 		244.098 		21.373
v 666.802 		166.161 		21.778
v 437.798 		347.416 		17.682
v 712.95 		291.615 		0.801
v 437.798 		347.654 		17.414
v 387.06 		344.914 		16
v 387.239 		345.812 		16
v 667.128 		166.166 		21.715
v 387.533 		346.679 		16
v 387.938 		347.5 		16
v 712.973 		286.72 		0.001
v 439.963 		165.875 		22.216
v 391.229 		244.104 		21.134
v 666.467 		346.539 		19.657
v 666.717 		166.161 		21.774
v 712.497 		292.909 		0.001
v 712.1 		293.004 		0.001
v 438.26 		347.192 		18.02
v 666.633 		166.162 		21.762
v 391.229 		244.127 		21.488
v 665.887 		346.519 		19.898
v 437.337 		347.192 		18.02
v 438.994 		166.181 		20.955
v 437.281 		347.414 		17.706
v 666.887 		166.161 		21.774
v 712.469 		292.919 		0.801
v 438.825 		166.199 		20.745
v 712.1 		293.004 		0.801
v 712.497 		291.098 		0.001
v 438.713 		166.207 		20.654
v 712.1 		291.004 		0.001
v 712.502 		245.376 		21.17
v 666.971 		166.162 		21.762
v 437.798 		347.194 		17.998
v 665.606 		346.493 		20.2
v 391.28 		244.735 		21.152
v 438.445 		166.22 		20.506
v 391.28 		244.727 		21.212
v 667.052 		166.164 		21.743
v 712.648 		292.818 		0.801
v 712.497 		291.098 		0.801
v 391.28 		244.731 		21.272
v 712.1 		291.004 		0.801
v 665.775 		346.511 		19.989
v 391.321 		350.467 		2.5
v 390.5 		350.062 		2.5
v 389.739 		349.553 		2.5
v 389.05 		348.949 		2.5
v 388.447 		348.261 		2.5
v 393.086 		350.94 		2.5
v 665.681 		346.502 		20.091
v 438.919 		166.191 		20.846
v 392.188 		350.761 		2.5
v 437.151 		346.809 		18.814
v 436.842 		346.803 		18.889
v 436.633 		346.978 		18.524
v 705.503 		292.909 		0.001
v 391.28 		245.221 		20.735
v 438.586 		166.214 		20.573
v 436.548 		346.794 		18.993
v 391.28 		245.14 		20.76
v 387.239 		345.812 		2.5
v 387.533 		346.679 		2.5
v 387.06 		344.914 		2.5
v 436.276 		346.967 		18.65
v 391.28 		245.063 		20.792
v 667.199 		166.169 		21.681
v 387.938 		347.5 		2.5
v 666.475 		346.446 		20.151
v 667.367 		166.181 		21.544
v 391.28 		244.991 		20.83
v 666.552 		346.449 		20.124
v 436.276 		346.783 		19.124
v 391.28 		244.926 		20.874
v 391.28 		244.869 		20.923
v 438.451 		166.201 		21.309
v 437.066 		346.655 		19.283
v 438.401 		166.186 		21.489
v 705.9 		293.004 		0.001
v 666.34 		346.44 		20.226
v 391.28 		244.821 		20.976
v 436.842 		346.648 		19.362
v 438.445 		166.196 		21.371
v 392.254 		345.871 		3.098
v 666.237 		346.432 		20.323
v 390.2 		344 		16
v 438.401 		166.217 		21.13
v 667.263 		166.173 		21.641
v 666.199 		346.427 		20.378
v 438.316 		166.226 		21.024
v 438.363 		166.222 		21.075
v 667.32 		166.177 		21.595
v 391.28 		245.711 		20.749
v 666.171 		346.422 		20.436
v 392 		344 		16
v 391.28 		245.636 		20.727
v 392.254 		343.6363 		16
v 705.556 		292.935 		0.801
v 705.9 		293.004 		0.801
v 438.429 		166.191 		21.431
v 391.28 		245.556 		20.713
v 437.798 		346.815 		18.753
v 391.28 		245.473 		20.707
v 666.404 		346.443 		20.185
v 391.28 		245.389 		20.709
v 705.05 		292.393 		0.001
v 391.28 		245.304 		20.718
v 666.284 		346.436 		20.272
v 705.004 		291.845 		0.001
v 666.971 		166.071 		22.233
v 438.125 		346.813 		18.768
v 667.137 		166.073 		22.209
v 438.445 		166.207 		21.248
v 666.971 		346.541 		19.634
v 705.231 		292.691 		0.001
v 667.449 		166.081 		22.116
v 437.549 		346.663 		19.19
v 437.472 		346.813 		18.768
v 438.429 		166.212 		21.188
v 437.303 		346.66 		19.225
v 666.633 		166.071 		22.233
v 391.28 		244.782 		21.033
v 438.048 		346.663 		19.19
v 391.28 		244.753 		21.091
v 666.802 		346.542 		19.626
v 391.595 		332.498 		0.8
v 666.633 		346.541 		19.634
v 391.504 		331.842 		0.8
v 392.111 		332.951 		0.8
v 392.4 		333.001 		0.8
v 391.517 		332.247 		0.8
v 667.297 		166.077 		22.17
v 437.798 		346.664 		19.178
v 705.044 		292.364 		0.801
v 705.231 		292.691 		0.801
v 439.081 		166.14 		21.432
v 712.571 		244.34 		21.793
v 667.59 		346.525 		19.818
v 391.901 		332.848 		0.8
v 439.081 		166.161 		21.19
v 667.59 		166.087 		22.049
v 712.571 		244.448 		21.876
v 439.048 		166.171 		21.07
v 705.503 		291.098 		0.001
v 667.297 		346.536 		19.696
v 705.308 		291.229 		0.001
v 705.101 		291.51 		0.001
v 712.571 		244.572 		21.946
v 705.9 		291.004 		0.001
v 667.137 		346.539 		19.657
v 705.9 		291.004 		0.801
v 391.28 		244.746 		21.33
v 705.611 		291.054 		0.801
v 705.308 		291.229 		0.801
v 705.153 		291.405 		0.801
v 705.027 		291.73 		0.801
v 666.802 		166.071 		22.241
v 391.28 		244.772 		21.385
v 439.092 		166.151 		21.311
v 391.28 		244.808 		21.437
v 437.151 		346.531 		19.75
v 391.28 		244.853 		21.484
v 712.571 		244.178 		21.597
v 667.449 		346.531 		19.75
v 437.01 		346.525 		19.818
v 392.111 		331.05 		0.8
v 391.879 		331.174 		0.8
v 436.633 		346.639 		19.462
v 392.4 		331.001 		0.8
v 391.653 		331.402 		0.8
v 663.74 		165.528 		22.598
v 712.571 		244.249 		21.7
v 439.647 		166.098 		20.958
v 663.997 		165.504 		22.874
v 436.445 		346.629 		19.581
v 712.973 		283.731 		0.001
v 664.387 		165.694 		22.654
v 439.455 		166.126 		20.626
v 712.847 		284.603 		0.001
v 712.736 		283.268 		0.001
v 712.847 		283.406 		0.001
v 436.28 		346.617 		19.716
v 440.213 		165.993 		20.853
v 712.847 		284.603 		0.801
v 712.571 		244.71 		22.003
v 663.655 		165.293 		23.069
v 666.802 		346.452 		20.088
v 666.717 		346.451 		20.092
v 712.847 		283.406 		0.801
v 664.302 		165.483 		23.124
v 439.566 		166.113 		20.788
v 712.996 		283.846 		0.801
v 712.996 		284.163 		0.801
v 666.633 		346.45 		20.104
v 436.883 		346.519 		19.898
v 712.655 		243.844 		22.091
v 712.595 		284.845 		0.001
v 712.1 		285.004 		0.001
v 663.997 		165.269 		23.35
v 666.971 		346.45 		20.104
v 712.655 		244.188 		22.318
v 712.497 		284.91 		0.801
v 440.108 		166.012 		20.63
v 667.052 		346.449 		20.124
v 712.1 		285.004 		0.801
v 712.655 		244.392 		22.402
v 436.678 		346.502 		20.091
v 666.887 		346.451 		20.092
v 712.451 		283.096 		0.001
v 712.1 		283.005 		0.001
v 391.298 		245.376 		21.17
v 436.603 		346.493 		20.2
v 712.692 		283.229 		0.801
v 667.128 		346.446 		20.151
v 391.527 		323.728 		0.8
v 391.725 		324.694 		0.8
v 439.695 		166.052 		21.493
v 712.1 		283.005 		0.801
v 392.056 		324.933 		0.8
v 712.655 		244.004 		22.214
v 439.712 		166.067 		21.314
v 392.4 		325.001 		0.8
v 439.695 		166.083 		21.134
v 712.497 		283.099 		0.801
v 705.004 		284.672 		0.001
v 705.503 		284.91 		0.001
v 664.649 		165.675 		22.869
v 705.9 		285.004 		0.001
v 391.5 		324.101 		0.8
v 440.298 		165.952 		21.318
v 436.548 		346.483 		20.315
v 665.034 		165.843 		22.588
v 712.655 		244.613 		22.466
v 705.308 		284.78 		0.801
v 705.585 		284.942 		0.801
v 705.9 		285.004 		0.801
v 664.949 		165.659 		23.057
v 436.515 		346.472 		20.434
v 665.28 		165.83 		22.743
v 712.52 		244.908 		21.526
v 440.277 		165.973 		21.083
v 712.52 		244.971 		21.561
v 665.28 		165.645 		23.216
v 705.004 		284.163 		0.001
v 705.004 		283.8911 		0.001
v 665.552 		165.819 		22.873
v 705 		283.904 		0.001
v 705.205 		284.639 		0.001
v 712.52 		245.195 		21.626
v 438.363 		166.181 		21.544
v 438.316 		166.177 		21.595
v 705.027 		283.731 		0.801
v 705.004 		284.163 		0.801
v 705.05 		284.393 		0.801
v 664.649 		165.464 		23.343
v 391.653 		323.403 		0.8
v 392.4 		323.002 		0.8
v 392.111 		323.051 		0.8
v 436.772 		346.511 		19.989
v 391.764 		323.265 		0.8
v 712.52 		245.04 		21.59
v 438.713 		166.094 		21.969
v 705.153 		283.406 		0.001
v 705.503 		283.099 		0.001
v 705.9 		283.005 		0.001
v 437.233 		346.432 		20.323
v 712.52 		245.115 		21.612
v 667.367 		346.432 		20.323
v 705.9 		283.005 		0.801
v 705.611 		283.054 		0.801
v 705.379 		283.177 		0.801
v 705.153 		283.406 		0.801
v 437.195 		346.427 		20.378
v 665.034 		165.448 		23.528
v 437.168 		346.422 		20.436
v 438.994 		166.12 		21.667
v 705.0031 		278.528 		0.001
v 667.263 		346.44 		20.226
v 667.199 		346.443 		20.185
v 439.048 		166.13 		21.552
v 665.449 		165.435 		23.675
v 712.52 		245.447 		21.621
v 712.52 		245.612 		21.579
v 664.387 		165.248 		23.596
v 438.825 		166.102 		21.877
v 437.629 		346.541 		19.634
v 712.52 		245.278 		21.632
v 665.284 		165.216 		23.968
v 438.919 		166.111 		21.776
v 437.303 		346.536 		19.696
v 712.52 		245.531 		21.604
v 667.432 		346.422 		20.436
v 667.405 		346.427 		20.378
v 712.753 		276.717 		0.001
v 664.818 		165.23 		23.803
v 712.704 		277.6525 		0.001
v 712.52 		245.689 		21.548
v 667.32 		346.436 		20.272
v 712.847 		276.604 		0.801
v 437.463 		346.539 		19.657
v 712.9734 		274.432 		0.001
v 712.9688 		275.7595 		0.001
v 712.967 		276.292 		0.001
v 438.445 		166.081 		22.116
v 712.99 		275.817 		0.001
v 391.653 		315.403 		0.8
v 665.845 		165.81 		22.977
v 392.111 		316.952 		0.8
v 391.901 		316.849 		0.8
v 712.84 		275.41 		0.001
v 712.52 		245.363 		21.631
v 663.784 		346.78 		20.83
v 391.66 		316.597 		0.8
v 666.155 		165.803 		23.053
v 391.5 		316.102 		0.8
v 663.862 		346.756 		21.11
v 666.475 		165.799 		23.098
v 438.133 		346.539 		19.657
v 712.973 		276.279 		0.801
v 712.95 		275.616 		0.801
v 712.775 		275.313 		0.801
v 438.294 		166.077 		22.17
v 712.996 		275.846 		0.801
v 392.4 		317.002 		0.8
v 437.967 		346.541 		19.634
v 712.571 		244.86 		22.046
v 665.637 		165.634 		23.343
v 664.302 		346.66 		20.549
v 438.755 		165.965 		22.504
v 663.758 		346.804 		20.544
v 391.229 		244.178 		21.597
v 438.963 		165.973 		22.405
v 438.586 		166.087 		22.049
v 391.229 		244.34 		21.793
v 712.655 		244.846 		22.507
v 712.571 		245.018 		22.074
v 666.014 		165.627 		23.435
v 664.492 		346.601 		21.236
v 712.415 		276.942 		0.001
v 663.99 		346.732 		21.381
v 712.655 		245.089 		22.526
v 712.1 		277.005 		0.001
v 437.798 		346.542 		19.626
v 712.571 		245.182 		22.087
v 712.497 		276.911 		0.801
v 712.692 		276.78 		0.801
v 666.404 		165.622 		23.491
v 391.229 		244.71 		22.003
v 712.1 		277.005 		0.801
v 712.1 		275.005 		0.001
v 392.111 		315.052 		0.8
v 391.879 		315.175 		0.8
v 712.599 		275.158 		0.001
v 392.4 		315.002 		0.8
v 439.151 		165.984 		22.286
v 664.323 		346.64 		20.783
v 667.128 		165.799 		23.098
v 712.599 		275.158 		0.801
v 712.1 		275.005 		0.801
v 437.472 		346.446 		20.151
v 437.549 		346.449 		20.124
v 712.571 		245.683 		22.031
v 712.571 		245.518 		22.065
v 664.387 		346.62 		21.014
v 391.229 		244.249 		21.7
v 705.153 		276.604 		0.001
v 439.316 		165.995 		22.151
v 705.9 		277.005 		0.001
v 705.405 		276.845 		0.001
v 439.455 		166.008 		22.001
v 705.186 		276.653 		0.801
v 705.556 		276.937 		0.801
v 705.9 		277.005 		0.801
v 437.337 		346.44 		20.226
v 666.802 		165.62 		23.509
v 667.59 		165.627 		23.435
v 391.229 		244.448 		21.876
v 667.449 		165.803 		23.053
v 712.655 		245.586 		22.493
v 705.0027 		276.1137 		0.001
v 712.655 		245.337 		22.521
v 705.0026 		275.8968 		0.001
v 437.713 		346.451 		20.092
v 391.229 		244.572 		21.946
v 712.571 		245.35 		22.084
v 705 		276.105 		0.001
v 664.954 		346.515 		20.909
v 437.629 		346.45 		20.104
v 705 		275.905 		0.001
v 666.802 		165.798 		23.114
v 705.05 		275.616 		0.801
v 705.004 		276.164 		0.801
v 665.508 		346.462 		20.555
v 664.888 		346.545 		20.553
v 667.199 		165.622 		23.491
v 440.108 		165.893 		22.005
v 439.566 		166.022 		21.84
v 437.401 		346.443 		20.185
v 664.905 		346.53 		20.732
v 705.16 		275.41 		0.001
v 705.401 		275.158 		0.001
v 705.9 		275.005 		0.001
v 391.28 		244.908 		21.526
v 440.213 		165.912 		21.782
v 439.647 		166.037 		21.67
v 391.28 		244.971 		21.561
v 437.281 		346.436 		20.272
v 705.9 		275.005 		0.801
v 705.611 		275.055 		0.801
v 705.379 		275.178 		0.801
v 705.153 		275.406 		0.801
v 391.28 		245.04 		21.59
v 391.653 		307.404 		0.8
v 391.28 		245.115 		21.612
v 391.527 		307.729 		0.8
v 713.088 		242.546 		22.873
v 666.34 		165.42 		23.847
v 391.808 		307.228 		0.8
v 391.725 		308.695 		0.8
v 705.0017 		270.336 		0.001
v 391.557 		308.389 		0.8
v 438.26 		346.44 		20.226
v 391.28 		245.195 		21.626
v 392.111 		308.953 		0.8
v 438.196 		346.443 		20.185
v 713.285 		241.923 		22.795
v 665.519 		346.452 		20.677
v 713.088 		242.298 		22.618
v 392.4 		309.003 		0.8
v 440.277 		165.932 		21.552
v 712.996 		267.847 		0.001
v 665.887 		165.426 		23.782
v 712.834 		267.415 		0.001
v 665.552 		346.441 		20.796
v 712.983 		268.252 		0.001
v 712.84 		268.6 		0.001
v 440.842 		165.808 		21.322
v 713.285 		242.532 		23.334
v 664.637 		346.583 		21.447
v 391.28 		245.531 		21.604
v 712.95 		268.394 		0.801
v 666.802 		165.419 		23.868
v 712.996 		267.847 		0.801
v 712.95 		267.617 		0.801
v 665.034 		346.5 		21.079
v 437.798 		346.452 		20.088
v 391.28 		245.447 		21.621
v 713.502 		241.91 		23.256
v 391.28 		245.612 		21.579
v 713.285 		242.2 		23.081
v 440.61 		165.88 		20.485
v 665.284 		346.473 		21.39
v 391.28 		245.689 		21.548
v 712.1 		269.006 		0.001
v 441.334 		165.637 		21.328
v 712.494 		268.904 		0.001
v 712.469 		268.921 		0.801
v 712.692 		268.781 		0.801
v 391.28 		245.278 		21.632
v 440.816 		165.833 		21.037
v 667.263 		165.42 		23.847
v 391.28 		245.363 		21.631
v 665.145 		346.486 		21.24
v 712.1 		269.006 		0.801
v 713.737 		241.678 		23.395
v 441.213 		165.694 		20.67
v 712.497 		267.1 		0.001
v 392.4 		307.003 		0.8
v 392.031 		307.088 		0.8
v 712.1 		267.006 		0.001
v 440.738 		165.857 		20.756
v 713.502 		242.272 		23.532
v 712.497 		267.1 		0.801
v 712.692 		267.231 		0.801
v 712.1 		267.006 		0.801
v 666.07 		165.958 		22.584
v 437.967 		346.45 		20.104
v 438.048 		346.449 		20.124
v 663.655 		347.021 		22.267
v 437.883 		346.451 		20.092
v 705.095 		268.503 		0.001
v 705.313 		268.775 		0.001
v 705.9 		269.006 		0.001
v 391.229 		245.683 		22.031
v 441.304 		165.666 		20.996
v 438.125 		346.446 		20.151
v 705.121 		268.556 		0.801
v 705.45 		268.885 		0.801
v 705.783 		268.998 		0.801
v 705.9 		269.006 		0.801
v 391.229 		244.86 		22.046
v 712.916 		242.939 		22.636
v 664.302 		346.821 		22.335
v 666.307 		165.953 		22.642
v 712.77 		243.584 		22.534
v 705.0013 		267.992 		0.001
v 705.0013 		267.9008 		0.001
v 434.263 		346.975 		20.539
v 391.55 		300.392 		0.8
v 391.708 		300.671 		0.8
v 705 		267.906 		0.001
v 391.229 		245.35 		22.084
v 705.004 		268.164 		0.001
v 666.552 		165.95 		22.677
v 664.166 		346.71 		21.638
v 441.731 		165.474 		20.962
v 705.101 		267.512 		0.001
v 712.916 		243.486 		22.996
v 391.504 		300.162 		0.8
v 392.225 		300.984 		0.8
v 392.4 		301.003 		0.8
v 663.74 		346.866 		21.809
v 441.63 		165.506 		20.597
v 392.003 		300.909 		0.8
v 705.225 		267.314 		0.801
v 705.017 		267.76 		0.801
v 705.004 		268.164 		0.801
v 664.387 		346.69 		21.876
v 442.128 		165.226 		21.341
v 663.997 		346.842 		22.085
v 713.088 		242.842 		23.098
v 441.765 		165.442 		21.334
v 391.901 		299.157 		0
v 712.916 		243.194 		22.83
v 666.802 		165.949 		22.689
v 667.297 		165.953 		22.642
v 391.229 		245.018 		22.074
v 391.708 		299.336 		0
v 705.001 		266.24 		0.001
v 667.534 		165.958 		22.584
v 391.527 		299.73 		0
v 705.308 		267.231 		0.001
v 705.503 		267.1 		0.001
v 434.78 		346.78 		20.83
v 705.9 		267.006 		0.001
v 434.293 		346.947 		20.87
v 391.229 		245.182 		22.087
v 705.9 		267.006 		0.801
v 705.611 		267.055 		0.801
v 434.858 		346.756 		21.11
v 667.052 		165.95 		22.677
v 434.383 		346.919 		21.196
v 713.285 		242.913 		23.55
v 442.091 		165.261 		20.935
v 713.088 		243.181 		23.291
v 391.229 		245.518 		22.065
v 391.653 		299.404 		0.8
v 391.527 		299.73 		0.8
v 664.949 		346.655 		22.279
v 391.919 		299.158 		0.8
v 441.981 		165.296 		20.536
v 713.088 		243.558 		23.448
v 390.298 		241.91 		23.256
v 665.28 		346.641 		22.438
v 713.8 		250.343 		30.0005
v 434.754 		346.804 		20.544
v 664.818 		346.566 		21.642
v 440.434 		165.714 		22.416
v 390.515 		241.923 		22.795
v 664.649 		346.671 		22.091
v 440.61 		165.736 		22.159
v 713.502 		242.688 		23.768
v 713.737 		242.065 		23.69
v 667.997 		165.269 		18.143
v 667.923 		165.485 		18.336
v 665.28 		346.538 		21.974
v 390.298 		242.272 		23.532
v 713.737 		242.508 		23.942
v 440.816 		165.784 		21.608
v 434.986 		346.732 		21.381
v 668.57 		165.257 		18.282
v 392.4 		299.003 		0
v 390.712 		242.298 		22.618
v 441.213 		165.581 		21.985
v 435.298 		346.66 		20.549
v 440.738 		165.76 		21.888
v 665.449 		346.462 		21.525
v 713.285 		243.336 		23.725
v 390.515 		242.2 		23.081
v 665.034 		346.551 		21.819
v 668.57 		165.827 		19.128
v 390.515 		242.532 		23.334
v 435.885 		346.545 		20.553
v 668.155 		165.839 		18.981
v 441.065 		165.554 		22.3
v 713.502 		243.649 		24.103
v 435.32 		346.64 		20.783
v 665.552 		346.526 		22.105
v 435.95 		346.515 		20.909
v 713.502 		243.149 		23.96
v 390.712 		242.546 		22.873
v 441.304 		165.609 		21.659
v 667.828 		165.679 		18.581
v 667.717 		165.848 		18.874
v 663.997 		346.997 		22.548
v 435.901 		346.53 		20.732
v 664.387 		346.976 		22.793
v 390.515 		242.913 		23.55
v 441.463 		165.348 		22.425
v 668.459 		165.474 		18.467
v 713.737 		243.534 		24.299
v 668.32 		165.669 		18.701
v 390.712 		242.842 		23.098
v 441.731 		165.41 		21.706
v 713.737 		243 		24.146
v 435.383 		346.62 		21.014
v 435.489 		346.601 		21.236
v 392.4 		299.003 		0.8
v 435.633 		346.583 		21.447
v 390.884 		242.939 		22.636
v 441.63 		165.379 		22.072
v 390.884 		243.194 		22.83
v 390.712 		243.181 		23.291
v 436.031 		346.5 		21.079
v 669.607 		165.616 		19.319
v 390.712 		243.558 		23.448
v 668.954 		165.811 		19.312
v 436.141 		346.486 		21.24
v 712.77 		243.824 		22.67
v 668.785 		165.654 		18.866
v 712.77 		244.09 		22.78
v 391.03 		243.584 		22.534
v 712.77 		244.379 		22.863
v 712.77 		244.684 		22.917
v 434.363 		347.223 		22.419
v 390.884 		243.486 		22.996
v 392.4 		293.004 		0.001
v 669.438 		165.439 		18.873
v 712.916 		243.811 		23.131
v 669.217 		165.637 		19.073
v 434.363 		347.048 		21.957
v 668.967 		165.458 		18.647
v 712.916 		244.162 		23.232
v 434.532 		346.892 		21.511
v 712.916 		244.534 		23.298
v 390.298 		242.688 		23.768
v 669.614 		165.22 		18.716
v 390.298 		243.649 		24.103
v 438.586 		165.627 		23.435
v 434.651 		347.021 		22.267
v 438.445 		165.803 		23.053
v 669.111 		165.241 		18.475
v 712.77 		245.325 		22.935
v 390.515 		243.336 		23.725
v 438.963 		165.634 		23.343
v 390.298 		243.149 		23.96
v 392.056 		292.935 		0.801
v 438.755 		165.81 		22.977
v 392.4 		293.004 		0.801
v 712.916 		244.92 		23.327
v 712.77 		245.002 		22.942
v 391.504 		292.163 		0.001
v 712.916 		245.314 		23.319
v 439.048 		165.819 		22.873
v 391.653 		292.603 		0.001
v 435.162 		346.71 		21.638
v 712.77 		245.65 		22.899
v 434.736 		346.866 		21.809
v 669.607 		165.77 		19.781
v 434.993 		346.842 		22.085
v 669.302 		165.792 		19.532
v 712.916 		245.71 		23.275
v 391.905 		292.844 		0.001
v 713.088 		243.966 		23.565
v 439.32 		165.83 		22.743
v 713.088 		244.398 		23.641
v 439.566 		165.843 		22.588
v 713.285 		243.794 		23.857
v 391.03 		243.824 		22.67
v 713.285 		244.279 		23.943
v 668.324 		165.971 		19.428
v 435.298 		346.821 		22.335
v 435.383 		346.69 		21.876
v 390.884 		243.811 		23.131
v 439.951 		165.675 		22.869
v 713.502 		244.728 		24.239
v 713.502 		244.178 		24.197
v 391.03 		244.379 		22.863
v 391.686 		292.652 		0.801
v 390.884 		244.162 		23.232
v 440.213 		165.694 		22.654
v 435.945 		346.655 		22.279
v 667.967 		165.982 		19.302
v 391.504 		292.163 		0.801
v 390.884 		244.534 		23.298
v 713.737 		244.685 		24.444
v 713.737 		244.098 		24.399
v 439.32 		165.645 		23.216
v 391.653 		291.405 		0.001
v 668.324 		166.075 		19.892
v 391.527 		291.73 		0.001
v 392.111 		291.054 		0.001
v 392.4 		291.004 		0.001
v 435.815 		346.566 		21.642
v 435.646 		346.671 		22.091
v 439.566 		165.448 		23.528
v 391.03 		244.09 		22.78
v 391.708 		291.336 		0.801
v 391.55 		291.615 		0.801
v 713.088 		245.305 		23.667
v 439.951 		165.464 		23.343
v 392.4 		291.004 		0.801
v 439.651 		165.659 		23.057
v 391.927 		291.144 		0.801
v 668.655 		165.958 		19.587
v 713.285 		244.782 		23.981
v 713.088 		244.847 		23.676
v 668.052 		166.086 		19.762
v 391.03 		244.684 		22.917
v 436.031 		346.551 		21.819
v 667.759 		166.095 		19.658
v 713.285 		245.296 		23.971
v 391.5455 		286.72 		0.001
v 440.298 		165.483 		23.124
v 390.884 		245.71 		23.275
v 713.737 		245.283 		24.432
v 390.884 		244.92 		23.327
v 713.502 		245.289 		24.228
v 434.993 		346.997 		22.548
v 391.725 		284.697 		0.001
v 392.006 		284.903 		0.001
v 439.151 		165.435 		23.675
v 392.4 		285.004 		0.001
v 434.532 		347.417 		22.864
v 434.383 		347.654 		22.963
v 391.03 		245.325 		22.935
v 390.884 		245.314 		23.319
v 391.764 		284.741 		0.801
v 438.713 		165.426 		23.782
v 668.32 		166.139 		20.477
v 392.085 		284.942 		0.801
v 392.4 		285.004 		0.801
v 668.57 		166.062 		20.047
v 434.736 		347.197 		22.725
v 391.563 		284.42 		0.001
v 391.5 		283.904 		0.001
v 668.155 		166.151 		20.342
v 701.862 		185.71 		2.511
v 702 		186.512 		2.511
v 391.55 		284.393 		0.801
v 391.504 		284.163 		0.801
v 391.03 		245.002 		22.942
v 701.574 		185.126 		2.511
v 667.967 		166.161 		20.223
v 700.75 		184.347 		2.511
v 435.162 		347.174 		22.993
v 391.5609 		283.5996 		0.001
v 391.563 		283.589 		0.001
v 391.725 		283.312 		0.001
v 392.006 		283.106 		0.001
v 392.4 		283.005 		0.001
v 667.759 		166.17 		20.123
v 701.145 		184.637 		2.511
v 391.03 		245.65 		22.899
v 391.808 		283.229 		0.801
v 392.111 		283.054 		0.801
v 712.655 		245.905 		19.832
v 440.213 		165.248 		23.596
v 391.653 		283.406 		0.801
v 392.4 		283.005 		0.801
v 434.858 		347.628 		23.262
v 701.1503 		184.6417 		3.0979
v 439.316 		165.216 		23.968
v 700.75 		184.347 		3.0979
v 701.1278 		184.6244 		3.0979
v 712.655 		246.36 		19.937
v 434.986 		347.393 		23.151
v 700.7237 		184.3362 		3.0979
v 439.782 		165.23 		23.803
v 391.5478 		278.528 		0.001
v 701.5607 		185.1094 		3.0979
v 701.5779 		185.1319 		3.0979
v 668.785 		166.047 		20.224
v 712.655 		246.139 		19.873
v 701.8534 		185.6905 		3.0979
v 701.8643 		185.7167 		3.0979
v 702 		186.512 		3.0979
v 435.383 		346.976 		22.793
v 669.438 		165.902 		20.229
v 701.9963 		186.4839 		3.0979
v 390.298 		244.178 		24.197
v 668.967 		166.03 		20.419
v 704.092 		186.512 		0.001
v 703.935 		185.324 		0.001
v 438.294 		165.953 		22.642
v 438.531 		165.958 		22.584
v 712.571 		246.303 		20.464
v 390.298 		244.728 		24.239
v 668.954 		165.941 		19.776
v 392.4 		277.005 		0.001
v 391.673 		276.626 		0.001
v 712.571 		246.041 		20.336
v 703.158 		183.739 		0.001
v 700.688 		182.077 		0.001
v 701.796 		182.536 		0.001
v 702.736 		183.258 		0.001
v 435.646 		346.802 		22.554
v 391.764 		276.741 		0.801
v 669.217 		165.923 		19.991
v 699.5 		181.921 		0.001
v 712.571 		245.892 		20.293
v 392.003 		276.911 		0.801
v 390.712 		243.966 		23.565
v 392.4 		277.005 		0.801
v 436.031 		346.786 		22.739
v 390.515 		243.794 		23.857
v 435.815 		346.958 		23.001
v 440.603 		165.504 		22.874
v 390.712 		244.398 		23.641
v 391.542 		276.2314 		0.001
v 391.5408 		275.7788 		0.001
v 699.5 		184.012 		2.511
v 390.515 		244.279 		23.943
v 699.987 		184.065 		2.511
v 712.655 		246.747 		20.126
v 391.5 		276.105 		0.001
v 699.5281 		184.0157 		3.0979
v 699.994 		184.0664 		3.0979
v 391.5 		275.905 		0.001
v 699.5 		184.012 		3.0979
v 391.55 		276.394 		0.801
v 712.655 		246.563 		20.021
v 391.55 		275.616 		0.801
v 712.571 		246.179 		20.393
v 440.945 		165.293 		23.069
v 391.504 		276.164 		0.801
v 670.237 		165.389 		19.447
v 441.234 		165.319 		22.759
v 440.86 		165.528 		22.598
v 435.489 		347.372 		23.392
v 392.4 		275.005 		0.001
v 435.383 		347.606 		23.515
v 390.298 		245.289 		24.228
v 391.66 		275.41 		0.001
v 391.901 		275.158 		0.001
v 669.864 		165.416 		19.141
v 390.515 		244.782 		23.981
v 392.111 		275.055 		0.801
v 440.603 		165.269 		23.35
v 391.879 		275.178 		0.801
v 391.653 		275.406 		0.801
v 392.4 		275.005 		0.801
v 710.9423 		167.266 		28.4372
v 390.712 		244.847 		23.676
v 670.068 		165.721 		20.356
v 390.515 		245.296 		23.971
v 712.655 		247.041 		20.386
v 669.864 		165.746 		20.058
v 435.633 		347.154 		23.22
v 436.141 		347.139 		23.4
v 669.949 		165.591 		19.599
v 390.712 		245.305 		23.667
v 391.813 		268.775 		0.001
v 391.595 		268.503 		0.001
v 712.655 		246.907 		20.248
v 392.4 		269.006 		0.001
v 448.5 		177.208 		6.184
v 448.5 		177.207 		3.0988
v 448.5 		167.266 		3.0988
v 448.5 		167.266 		6.187
v 455.648 		170.9017 		6.1859
v 455.481 		170.9588 		6.1859
v 455.323 		171.0367 		6.1859
v 670.467 		165.536 		20.244
v 391.621 		268.556 		0.801
v 455.176 		171.1347 		6.1858
v 391.95 		268.885 		0.801
v 455.043 		171.2517 		6.1858
v 454.926 		171.3837 		6.1857
v 392.283 		268.998 		0.801
v 392.4 		269.006 		0.801
v 454.828 		171.5308 		6.1857
v 710.9677 		167.266 		19.8631
v 454.75 		171.6897 		6.1857
v 454.694 		171.8568 		6.1856
v 670.552 		165.36 		19.786
v 454.659 		172.0298 		6.1856
v 713.285 		246.473 		18.396
v 670.237 		165.565 		19.909
v 455.998 		170.8557 		6.1859
v 455.821 		170.8678 		6.1859
v 711.959 		168.7751 		21.2192
v 391.5214 		268.2288 		0.001
v 391.5203 		267.8175 		0.001
v 456.673 		171.0367 		6.1859
v 391.504 		268.164 		0.001
v 391.5 		267.906 		0.001
v 456.514 		170.9588 		6.1859
v 391.585 		267.536 		0.001
v 391.725 		267.314 		0.001
v 456.347 		170.9017 		6.1859
v 456.174 		170.8678 		6.1859
v 713.502 		246.024 		18.101
v 713.285 		245.969 		18.358
v 457.336 		172.0298 		6.1856
v 391.653 		267.407 		0.801
v 457.302 		171.8568 		6.1856
v 457.245 		171.6897 		6.1857
v 457.167 		171.5308 		6.1857
v 716.94 		168.1 		16.001
v 457.069 		171.3837 		6.1857
v 713.8 		169.014 		16.001
v 456.952 		171.2517 		6.1858
v 391.504 		268.164 		0.801
v 456.819 		171.1347 		6.1858
v 713.502 		246.573 		18.142
v 454.648 		172.2057 		6.1855
v 716.762 		167.202 		16.001
v 716.467 		166.335 		16.001
v 670.802 		165.329 		20.151
v 714.95 		164.064 		16.001
v 391.5163 		266.24 		0.001
v 715.553 		164.753 		16.001
v 391.978 		267.117 		0.001
v 716.062 		165.514 		16.001
v 454.6563 		172.3377 		6.1855
v 454.659 		172.382 		6.1855
v 712.851 		166.514 		16.001
v 454.6852 		172.5125 		6.1854
v 392.4 		267.006 		0.001
v 454.694 		172.5558 		6.1854
v 713.291 		167.114 		16.001
v 713.591 		167.795 		16.001
v 392.056 		267.074 		0.801
v 454.75 		172.7227 		6.1853
v 454.828 		172.8808 		6.1853
v 392.4 		267.006 		0.801
v 454.926 		173.0278 		6.1852
v 455.043 		173.1608 		6.1852
v 455.176 		173.2767 		6.1852
v 455.323 		173.3748 		6.1852
v 455.481 		173.4538 		6.1851
v 455.648 		173.5097 		6.1851
v 455.821 		173.5447 		6.1851
v 455.998 		173.5558 		6.1851
v 456.174 		173.5447 		6.1851
v 712 		169.014 		16.001
v 456.347 		173.5097 		6.1851
v 456.514 		173.4538 		6.1851
v 456.673 		173.3748 		6.1852
v 711.959 		169.0857 		16.001
v 711.959 		168.7017 		16.001
v 669.614 		165.88 		20.485
v 456.819 		173.2767 		6.1852
v 456.952 		173.1608 		6.1852
v 457.069 		173.0278 		6.1852
v 710 		167.014 		16.001
v 457.167 		172.8808 		6.1853
v 710.765 		167.166 		16.001
v 457.245 		172.7227 		6.1853
v 457.302 		172.5558 		6.1854
v 710.9676 		167.266 		16.001
v 457.3275 		172.4253 		6.1854
v 457.336 		172.382 		6.1855
v 457.345 		172.25 		6.1855
v 457.348 		172.2057 		6.1855
v 392.254 		168.0477 		16.981
v 498.34 		260.601 		0.001
v 498.073 		260.866 		0.001
v 668.785 		165.858 		22.411
v 711.219 		165.423 		16.001
v 710 		165.214 		16.001
v 712.107 		165.861 		16.001
v 497.6 		261.006 		0.001
v 393.0364 		167.266 		17.4187
v 498.481 		260.282 		0.801
v 497.6 		261.006 		0.801
v 497.944 		260.938 		0.801
v 498.275 		260.698 		0.801
v 669.438 		165.714 		22.416
v 668.967 		165.875 		22.216
v 498.495 		260.05 		0.001
v 387.06 		168.1 		16.001
v 704.679 		173.5447 		6.1851
v 669.614 		165.736 		22.159
v 704.852 		173.5097 		6.1851
v 705.019 		173.4538 		6.1851
v 705.178 		173.3748 		6.1852
v 497.889 		259.056 		0.001
v 705.324 		173.2767 		6.1852
v 705.457 		173.1608 		6.1852
v 705.574 		173.0278 		6.1852
v 705.672 		172.8808 		6.1853
v 705.75 		172.7227 		6.1853
v 705.807 		172.5558 		6.1854
v 705.8325 		172.4253 		6.1854
v 705.841 		172.382 		6.1855
v 705.85 		172.25 		6.1855
v 705.853 		172.2057 		6.1855
v 390.2 		169.014 		16.001
v 392 		169.014 		16.001
v 392.254 		169.0544 		16.001
v 392.068 		168.496 		16.001
v 392.254 		168.0477 		16.001
v 667.997 		166.181 		20.955
v 390.409 		167.795 		16.001
v 667.828 		166.199 		20.745
v 390.847 		166.907 		16.001
v 391.5 		166.163 		16.001
v 667.717 		166.207 		20.654
v 668.65 		166.098 		20.958
v 393.0386 		167.266 		16.001
v 668.459 		166.126 		20.626
v 667.923 		166.191 		20.846
v 392.323 		165.613 		16.001
v 389.05 		164.064 		16.001
v 388.447 		164.753 		16.001
v 387.938 		165.514 		16.001
v 387.533 		166.335 		16.001
v 387.239 		167.202 		16.001
v 668.57 		166.113 		20.788
v 668.085 		166.14 		21.432
v 668.085 		166.161 		21.19
v 668.052 		166.171 		21.07
v 389.5 		169.013 		0.001
v 387.06 		168.1 		2.501
v 390.103 		166.763 		0.001
v 389.653 		167.849 		0.001
v 392.835 		164.667 		0.001
v 668.096 		166.151 		21.311
v 391.75 		165.116 		0.001
v 390.818 		165.831 		0.001
v 668.699 		166.052 		21.493
v 668.715 		166.067 		21.314
v 392.254 		167.266 		3.099
v 387.938 		165.514 		2.501
v 387.533 		166.335 		2.501
v 388.447 		164.752 		2.501
v 389.05 		164.064 		2.501
v 668.699 		166.083 		21.134
v 387.239 		167.202 		2.501
v 669.111 		166.012 		20.63
v 391.321 		162.547 		2.501
v 392.188 		162.252 		2.501
v 392.188 		162.253 		16.001
v 391.321 		162.547 		16.001
v 390.5 		162.952 		2.501
v 393.086 		162.074 		16.001
v 393.086 		162.074 		2.501
v 669.302 		165.952 		21.318
v 389.739 		163.46 		2.501
v 389.739 		163.461 		16.001
v 669.28 		165.973 		21.083
v 455.648 		170.9 		1.183
v 455.481 		170.957 		1.183
v 390.5 		162.952 		16.001
v 455.323 		171.035 		1.183
v 455.176 		171.133 		1.183
v 455.043 		171.25 		1.183
v 454.926 		171.382 		1.183
v 454.828 		171.529 		1.183
v 454.75 		171.688 		1.183
v 669.217 		165.993 		20.853
v 454.694 		171.855 		1.183
v 454.659 		172.028 		1.183
v 455.998 		170.854 		1.183
v 455.821 		170.866 		1.183
v 456.514 		170.957 		1.183
v 456.347 		170.9 		1.183
v 456.174 		170.866 		1.183
v 667.717 		166.094 		21.969
v 456.673 		171.035 		1.183
v 457.336 		172.028 		1.183
v 457.302 		171.855 		1.183
v 457.245 		171.688 		1.183
v 457.167 		171.529 		1.183
v 457.069 		171.382 		1.183
v 456.952 		171.25 		1.183
v 456.819 		171.133 		1.183
v 667.997 		166.12 		21.667
v 668.052 		166.13 		21.552
v 454.648 		172.204 		1.183
v 667.828 		166.102 		21.877
v 454.828 		172.879 		1.183
v 668.459 		166.008 		22.001
v 667.923 		166.111 		21.776
v 454.659 		172.38 		1.183
v 454.694 		172.554 		1.183
v 454.75 		172.721 		1.183
v 668.57 		166.022 		21.84
v 454.926 		173.026 		1.182
v 455.648 		173.508 		1.182
v 455.481 		173.452 		1.182
v 455.323 		173.373 		1.182
v 455.176 		173.275 		1.182
v 455.043 		173.159 		1.182
# 5132 vertices

g group_0_8768998

usemtl color_8768998
s 0

f 11 	7 	6
f 13 	15 	12
f 12 	15 	17
f 13 	19 	20
f 20 	15 	13
f 5010 	5013 	2688
f 22 	7 	11
f 28 	63 	5
f 2785 	3 	29
f 5 	32 	28
f 8 	935 	14
f 14 	935 	16
f 18 	16 	935
f 32 	5 	33
f 32 	33 	36
f 29 	38 	26
f 33 	3223 	37
f 50 	39 	10
f 3 	10 	29
f 39 	29 	10
f 1278 	30 	1427
f 36 	33 	37
f 29 	39 	38
f 4187 	45 	34
f 41 	51 	46
f 50 	52 	39
f 31 	70 	25
f 51 	41 	53
f 57 	48 	137
f 43 	55 	140
f 57 	85 	48
f 405 	46 	58
f 48 	85 	92
f 5020 	64 	5022
f 97 	48 	92
f 60 	46 	51
f 60 	51 	61
f 56 	5023 	59
f 62 	55 	4635
f 58 	46 	60
f 51 	5 	63
f 61 	51 	63
f 66 	85 	57
f 5022 	59 	5023
f 31 	74 	70
f 4643 	71 	69
f 47 	5026 	54
f 44 	5027 	47
f 80 	967 	79
f 71 	77 	69
f 81 	88 	86
f 81 	86 	82
f 124 	118 	73
f 80 	89 	88
f 80 	88 	81
f 78 	90 	91
f 78 	91 	79
f 80 	79 	89
f 91 	89 	79
f 71 	84 	77
f 5031 	14 	16
f 43 	93 	40
f 95 	90 	94
f 78 	94 	90
f 40 	93 	76
f 23 	96 	68
f 95 	493 	90
f 49 	124 	73
f 43 	140 	93
f 49 	48 	97
f 1644 	77 	84
f 86 	297 	82
f 146 	82 	297
f 83 	87 	112
f 177 	73 	196
f 62 	98 	55
f 104 	1085 	103
f 103 	1085 	102
f 69 	77 	1638
f 108 	75 	83
f 109 	98 	62
f 350 	347 	4
f 116 	483 	95
f 114 	116 	95
f 1638 	77 	1642
f 119 	110 	111
f 1642 	77 	1644
f 104 	113 	107
f 110 	99 	107
f 92 	277 	97
f 489 	95 	483
f 38 	117 	26
f 99 	110 	119
f 120 	121 	73
f 113 	103 	114
f 73 	121 	196
f 229 	196 	121
f 120 	286 	121
f 114 	102 	116
f 101 	116 	102
f 104 	107 	99
f 119 	1228 	99
f 123 	129 	126
f 104 	103 	113
f 127 	124 	49
f 83 	128 	108
f 102 	114 	103
f 128 	83 	112
f 127 	286 	124
f 97 	127 	49
f 73 	118 	120
f 125 	115 	131
f 229 	121 	286
f 286 	120 	118
f 286 	118 	124
f 117 	84 	71
f 38 	139 	117
f 135 	4841 	133
f 132 	4841 	135
f 128 	3337 	3190
f 144 	142 	135
f 115 	4891 	131
f 147 	148 	966
f 146 	147 	966
f 136 	966 	148
f 148 	149 	136
f 149 	130 	136
f 141 	136 	130
f 138 	141 	130
f 98 	140 	55
f 117 	139 	84
f 123 	126 	133
f 145 	632 	143
f 133 	126 	152
f 48 	49 	145
f 4954 	153 	152
f 145 	143 	48
f 106 	157 	122
f 1610 	84 	139
f 151 	156 	168
f 52 	158 	39
f 159 	160 	130
f 157 	106 	125
f 48 	143 	137
f 160 	161 	138
f 162 	158 	52
f 138 	130 	160
f 131 	157 	125
f 164 	165 	166
f 145 	49 	181
f 166 	165 	158
f 202 	122 	157
f 166 	158 	162
f 4660 	170 	62
f 157 	131 	169
f 1015 	1006 	163
f 151 	163 	150
f 168 	163 	151
f 164 	171 	165
f 173 	168 	156
f 156 	154 	173
f 130 	173 	159
f 154 	159 	173
f 167 	173 	130
f 185 	167 	183
f 183 	167 	134
f 176 	39 	158
f 180 	182 	191
f 38 	39 	176
f 182 	183 	191
f 130 	134 	167
f 144 	135 	133
f 134 	191 	183
f 179 	632 	177
f 186 	144 	133
f 175 	184 	632
f 184 	177 	632
f 181 	632 	145
f 139 	38 	176
f 181 	175 	632
f 188 	632 	179
f 192 	193 	178
f 193 	194 	187
f 1085 	187 	195
f 195 	101 	1085
f 101 	102 	1085
f 133 	153 	186
f 179 	177 	196
f 191 	192 	178
f 178 	180 	191
f 4 	317 	350
f 1720 	176 	158
f 136 	197 	198
f 199 	966 	198
f 136 	198 	966
f 126 	4954 	152
f 189 	75 	226
f 223 	201 	138
f 203 	197 	136
f 203 	136 	141
f 133 	152 	153
f 138 	201 	203
f 138 	203 	141
f 184 	175 	73
f 189 	226 	215
f 177 	184 	73
f 179 	196 	207
f 169 	202 	157
f 75 	108 	226
f 205 	4841 	204
f 204 	4841 	132
f 151 	150 	214
f 214 	211 	151
f 212 	151 	211
f 214 	150 	213
f 109 	62 	170
f 210 	122 	202
f 174 	215 	172
f 170 	332 	109
f 213 	150 	216
f 1624 	216 	150
f 181 	49 	175
f 215 	174 	189
f 154 	217 	219
f 220 	159 	219
f 156 	151 	212
f 156 	212 	222
f 217 	154 	156
f 217 	156 	222
f 210 	202 	221
f 49 	73 	175
f 265 	172 	215
f 138 	161 	223
f 208 	210 	221
f 154 	219 	159
f 159 	220 	224
f 161 	160 	225
f 161 	225 	223
f 207 	188 	179
f 202 	169 	255
f 225 	160 	159
f 225 	159 	224
f 163 	227 	228
f 230 	237 	163
f 218 	332 	170
f 168 	233 	163
f 227 	163 	233
f 236 	207 	235
f 196 	235 	207
f 228 	230 	163
f 1015 	163 	237
f 215 	226 	274
f 173 	239 	240
f 209 	208 	242
f 229 	235 	196
f 4439 	287 	281
f 233 	168 	243
f 173 	243 	168
f 155 	238 	218
f 244 	273 	241
f 245 	243 	173
f 4924 	226 	108
f 97 	277 	127
f 229 	286 	235
f 240 	245 	173
f 246 	208 	221
f 246 	221 	247
f 234 	241 	273
f 239 	173 	167
f 239 	167 	232
f 207 	236 	249
f 242 	208 	246
f 185 	266 	167
f 235 	286 	236
f 248 	273 	244
f 221 	252 	247
f 178 	253 	254
f 4924 	274 	226
f 250 	273 	248
f 202 	255 	221
f 180 	178 	254
f 180 	254 	261
f 180 	261 	262
f 256 	273 	251
f 137 	143 	632
f 180 	262 	258
f 263 	273 	260
f 232 	167 	266
f 252 	221 	255
f 252 	255 	267
f 265 	439 	172
f 268 	182 	259
f 258 	259 	182
f 249 	236 	286
f 183 	182 	268
f 183 	268 	269
f 183 	269 	266
f 183 	266 	185
f 258 	182 	180
f 250 	251 	273
f 260 	273 	256
f 264 	273 	263
f 231 	234 	273
f 100 	5035 	273
f 439 	265 	41
f 265 	53 	41
f 1291 	249 	286
f 215 	274 	265
f 272 	270 	187
f 187 	253 	178
f 253 	187 	257
f 270 	257 	187
f 92 	85 	277
f 274 	53 	265
f 116 	101 	483
f 203 	819 	197
f 201 	819 	203
f 224 	220 	819
f 220 	219 	819
f 211 	819 	212
f 212 	819 	222
f 217 	222 	819
f 219 	217 	819
f 213 	819 	214
f 223 	224 	819
f 216 	819 	213
f 224 	223 	225
f 243 	230 	228
f 243 	228 	227
f 233 	243 	227
f 239 	237 	240
f 240 	237 	243
f 243 	245 	240
f 266 	268 	272
f 259 	272 	268
f 254 	253 	261
f 262 	261 	253
f 258 	262 	253
f 259 	258 	253
f 259 	253 	257
f 266 	269 	268
f 257 	270 	259
f 270 	272 	259
f 277 	278 	285
f 277 	285 	286
f 285 	5048 	1289
f 286 	127 	277
f 1266 	874 	619
f 21 	137 	2746
f 17 	2748 	2689
f 2746 	2748 	21
f 17 	21 	2748
f 106 	122 	289
f 288 	75 	189
f 632 	5063 	137
f 2746 	137 	5061
f 294 	75 	288
f 318 	279 	282
f 293 	279 	318
f 297 	283 	295
f 86 	283 	297
f 88 	493 	86
f 89 	493 	88
f 91 	493 	89
f 295 	283 	296
f 294 	83 	75
f 348 	260 	345
f 4981 	4980 	300
f 282 	344 	318
f 284 	303 	282
f 83 	294 	87
f 292 	315 	302
f 303 	284 	289
f 263 	352 	264
f 313 	301 	302
f 313 	302 	315
f 836 	552 	355
f 218 	307 	332
f 122 	303 	289
f 5035 	24 	231
f 344 	282 	303
f 238 	307 	218
f 231 	367 	234
f 368 	234 	367
f 210 	303 	122
f 234 	368 	241
f 310 	292 	309
f 307 	238 	308
f 351 	336 	313
f 244 	373 	248
f 292 	310 	315
f 293 	356 	314
f 250 	248 	376
f 295 	146 	297
f 256 	345 	260
f 323 	324 	325
f 326 	327 	328
f 348 	263 	260
f 361 	356 	318
f 293 	318 	356
f 323 	325 	328
f 326 	328 	325
f 328 	327 	330
f 323 	353 	334
f 328 	725 	323
f 353 	704 	336
f 361 	318 	365
f 317 	4 	319
f 319 	4 	321
f 322 	321 	4
f 346 	324 	323
f 271 	404 	331
f 323 	334 	346
f 347 	4991 	359
f 301 	313 	336
f 333 	334 	353
f 337 	338 	874
f 333 	353 	335
f 354 	335 	353
f 323 	725 	353
f 357 	353 	336
f 311 	612 	343
f 359 	4990 	275
f 351 	360 	357
f 351 	357 	336
f 354 	353 	357
f 354 	357 	360
f 349 	601 	341
f 364 	311 	316
f 348 	345 	935
f 342 	935 	345
f 339 	935 	342
f 475 	337 	874
f 365 	318 	344
f 365 	344 	366
f 340 	601 	338
f 341 	601 	340
f 90 	493 	91
f 208 	209 	344
f 366 	344 	209
f 303 	210 	344
f 208 	344 	210
f 369 	174 	316
f 372 	601 	349
f 369 	288 	189
f 378 	601 	375
f 373 	370 	935
f 370 	368 	935
f 368 	367 	935
f 367 	24 	935
f 24 	18 	935
f 376 	373 	935
f 299 	296 	283
f 174 	369 	189
f 380 	601 	382
f 241 	368 	370
f 374 	601 	372
f 375 	601 	374
f 371 	401 	383
f 373 	244 	370
f 241 	370 	244
f 379 	601 	378
f 383 	396 	381
f 402 	396 	383
f 364 	316 	174
f 376 	248 	373
f 382 	601 	379
f 172 	364 	174
f 392 	381 	397
f 250 	376 	339
f 739 	386 	371
f 387 	371 	386
f 250 	339 	251
f 342 	251 	339
f 251 	342 	256
f 345 	256 	342
f 371 	387 	393
f 397 	381 	396
f 352 	263 	348
f 401 	371 	393
f 402 	383 	401
f 355 	264 	352
f 403 	385 	405
f 438 	390 	404
f 405 	385 	46
f 394 	395 	601
f 283 	86 	493
f 407 	408 	410
f 407 	410 	963
f 389 	601 	388
f 409 	4576 	427
f 432 	381 	466
f 392 	466 	381
f 394 	601 	389
f 399 	601 	395
f 414 	415 	416
f 414 	416 	417
f 388 	601 	380
f 172 	411 	364
f 418 	419 	420
f 420 	419 	423
f 422 	423 	419
f 418 	426 	407
f 418 	407 	419
f 409 	421 	406
f 426 	408 	407
f 428 	414 	429
f 428 	429 	430
f 428 	415 	414
f 433 	429 	434
f 433 	434 	435
f 494 	493 	488
f 434 	437 	435
f 433 	430 	429
f 409 	427 	421
f 416 	423 	422
f 416 	422 	417
f 411 	439 	455
f 469 	427 	384
f 1250 	440 	1255
f 421 	427 	469
f 439 	411 	172
f 431 	522 	601
f 601 	400 	431
f 503 	384 	398
f 400 	601 	399
f 462 	456 	442
f 462 	442 	441
f 384 	503 	469
f 448 	443 	1267
f 445 	463 	441
f 462 	441 	463
f 450 	1283 	451
f 474 	1314 	441
f 445 	441 	1314
f 1314 	1317 	445
f 442 	456 	457
f 457 	458 	442
f 460 	461 	446
f 445 	446 	461
f 1268 	1294 	448
f 452 	424 	455
f 445 	461 	463
f 406 	421 	465
f 455 	439 	496
f 504 	874 	454
f 467 	460 	446
f 1305 	464 	1299
f 459 	1299 	464
f 572 	406 	465
f 468 	467 	436
f 446 	436 	467
f 468 	436 	432
f 468 	432 	466
f 452 	455 	496
f 504 	505 	874
f 421 	512 	465
f 107 	113 	95
f 458 	501 	442
f 41 	496 	439
f 476 	477 	413
f 476 	413 	412
f 441 	442 	474
f 478 	479 	477
f 478 	477 	476
f 480 	481 	479
f 480 	479 	478
f 1317 	1325 	445
f 484 	437 	482
f 434 	482 	437
f 480 	487 	481
f 482 	481 	487
f 482 	487 	484
f 193 	488 	194
f 491 	490 	500
f 452 	385 	485
f 113 	114 	95
f 488 	95 	489
f 95 	488 	493
f 271 	438 	404
f 493 	191 	290
f 473 	475 	874
f 290 	283 	493
f 111 	110 	95
f 110 	107 	95
f 2411 	447 	2407
f 470 	874 	492
f 486 	874 	505
f 496 	385 	452
f 498 	500 	490
f 474 	442 	501
f 447 	2395 	2429
f 1314 	474 	502
f 1523 	1314 	502
f 496 	41 	46
f 2407 	447 	2429
f 2416 	447 	2411
f 470 	471 	874
f 472 	473 	874
f 471 	472 	874
f 483 	195 	489
f 194 	489 	195
f 385 	496 	46
f 412 	4846 	476
f 499 	390 	438
f 476 	4846 	478
f 499 	358 	390
f 403 	507 	385
f 485 	385 	507
f 492 	874 	486
f 309 	1028 	310
f 312 	1028 	309
f 310 	1028 	315
f 313 	1028 	351
f 315 	1028 	313
f 506 	485 	507
f 499 	4498 	508
f 334 	1028 	346
f 346 	1028 	324
f 333 	1028 	334
f 335 	1028 	333
f 354 	1028 	335
f 410 	408 	206
f 206 	408 	426
f 418 	206 	426
f 416 	4846 	423
f 358 	499 	508
f 298 	4982 	300
f 512 	421 	469
f 326 	1028 	327
f 360 	351 	354
f 351 	1028 	354
f 4982 	298 	4984
f 276 	4985 	291
f 2012 	447 	2011
f 428 	4846 	415
f 416 	415 	4846
f 428 	430 	4846
f 396 	402 	1371
f 401 	393 	1371
f 387 	1371 	393
f 386 	1371 	387
f 396 	1371 	397
f 401 	1371 	402
f 420 	206 	418
f 1991 	447 	2012
f 508 	449 	363
f 4846 	4840 	423
f 397 	1371 	392
f 520 	424 	452
f 4523 	447 	4524
f 454 	874 	453
f 4471 	447 	4468
f 462 	463 	1522
f 463 	461 	1522
f 461 	460 	1522
f 460 	467 	1522
f 467 	466 	1522
f 456 	462 	1522
f 433 	4846 	430
f 433 	435 	4846
f 510 	513 	874
f 447 	1991 	1993
f 398 	519 	503
f 468 	466 	467
f 466 	392 	1522
f 457 	456 	1522
f 458 	457 	1522
f 501 	458 	1522
f 4468 	447 	1993
f 514 	874 	513
f 515 	874 	514
f 516 	874 	515
f 509 	510 	874
f 435 	437 	4846
f 518 	503 	519
f 4532 	447 	4471
f 453 	874 	517
f 516 	517 	874
f 290 	134 	283
f 130 	283 	134
f 4524 	447 	4532
f 478 	4846 	480
f 520 	530 	511
f 480 	4846 	487
f 4526 	447 	4523
f 148 	147 	296
f 295 	296 	147
f 524 	601 	523
f 487 	4846 	484
f 520 	452 	485
f 295 	147 	146
f 4406 	447 	4407
f 526 	601 	525
f 525 	601 	524
f 484 	4846 	437
f 149 	299 	283
f 149 	283 	130
f 4429 	447 	4492
f 149 	148 	299
f 296 	299 	148
f 963 	410 	528
f 195 	483 	101
f 529 	498 	1332
f 498 	529 	500
f 489 	194 	488
f 498 	1334 	1332
f 4492 	447 	4526
f 191 	493 	192
f 494 	192 	493
f 4434 	447 	4429
f 522 	523 	601
f 527 	538 	601
f 528 	410 	206
f 532 	530 	534
f 192 	494 	193
f 488 	193 	494
f 4407 	447 	4434
f 134 	290 	191
f 535 	469 	503
f 469 	535 	512
f 506 	534 	485
f 530 	485 	534
f 535 	503 	518
f 533 	512 	535
f 4420 	447 	4444
f 541 	542 	543
f 538 	539 	601
f 542 	544 	545
f 542 	545 	546
f 542 	546 	543
f 555 	511 	530
f 542 	541 	544
f 76 	447 	72
f 550 	551 	549
f 548 	549 	551
f 508 	363 	358
f 530 	520 	485
f 4319 	447 	4312
f 540 	547 	601
f 521 	425 	449
f 425 	363 	449
f 536 	95 	537
f 4312 	447 	4453
f 521 	377 	425
f 4321 	447 	4319
f 559 	551 	558
f 551 	556 	557
f 561 	634 	533
f 72 	447 	4321
f 563 	733 	555
f 94 	537 	95
f 539 	540 	601
f 93 	447 	76
f 551 	559 	562
f 4990 	359 	4991
f 561 	533 	666
f 565 	530 	532
f 521 	560 	377
f 555 	530 	565
f 567 	551 	566
f 4992 	347 	350
f 531 	1249 	560
f 571 	551 	567
f 4994 	4992 	317
f 563 	555 	565
f 553 	551 	552
f 264 	552 	273
f 447 	93 	140
f 873 	601 	574
f 98 	447 	140
f 377 	560 	1249
f 577 	548 	576
f 308 	447 	307
f 575 	873 	574
f 575 	568 	873
f 1249 	531 	1259
f 109 	447 	98
f 579 	548 	578
f 569 	873 	568
f 307 	447 	332
f 585 	548 	583
f 304 	587 	580
f 332 	447 	109
f 569 	570 	873
f 589 	548 	588
f 362 	447 	308
f 587 	304 	343
f 590 	582 	584
f 909 	447 	320
f 586 	588 	548
f 591 	548 	589
f 594 	595 	548
f 612 	587 	343
f 320 	447 	362
f 919 	447 	909
f 100 	548 	595
f 597 	873 	596
f 612 	311 	364
f 971 	447 	919
f 554 	551 	553
f 556 	551 	554
f 558 	551 	557
f 273 	552 	551
f 564 	551 	562
f 566 	551 	564
f 1005 	447 	971
f 593 	873 	598
f 570 	596 	873
f 551 	571 	573
f 576 	548 	573
f 578 	548 	577
f 581 	548 	579
f 581 	583 	548
f 586 	548 	585
f 592 	594 	548
f 591 	592 	548
f 551 	573 	548
f 447 	1005 	1009
f 572 	465 	618
f 100 	549 	548
f 447 	751 	790
f 111 	95 	536
f 447 	1009 	751
f 584 	572 	602
f 600 	580 	603
f 597 	598 	873
f 584 	602 	604
f 584 	604 	590
f 572 	618 	602
f 604 	602 	607
f 602 	608 	607
f 599 	600 	603
f 606 	617 	5011
f 753 	873 	593
f 620 	111 	619
f 635 	580 	587
f 602 	618 	608
f 603 	580 	635
f 536 	619 	111
f 611 	601 	609
f 465 	512 	613
f 620 	119 	111
f 613 	618 	465
f 533 	613 	512
f 617 	606 	605
f 612 	411 	644
f 615 	874 	614
f 616 	617 	605
f 614 	874 	610
f 509 	874 	615
f 5081 	5084 	609
f 609 	5084 	611
f 608 	618 	624
f 612 	364 	411
f 627 	618 	613
f 627 	613 	629
f 624 	618 	627
f 622 	657 	625
f 629 	613 	634
f 630 	625 	657
f 628 	630 	657
f 610 	1266 	626
f 621 	626 	1266
f 634 	613 	533
f 633 	603 	635
f 623 	657 	622
f 619 	5084 	620
f 5085 	620 	5084
f 621 	1266 	638
f 636 	638 	1266
f 636 	1266 	654
f 635 	424 	633
f 619 	611 	5084
f 635 	587 	644
f 641 	650 	637
f 650 	653 	637
f 644 	587 	612
f 640 	641 	637
f 637 	648 	640
f 34 	384 	27
f 646 	640 	648
f 384 	427 	27
f 635 	644 	424
f 646 	648 	639
f 653 	657 	637
f 455 	644 	411
f 623 	637 	657
f 649 	654 	1266
f 645 	649 	1266
f 455 	424 	644
f 519 	663 	518
f 2421 	2011 	447
f 642 	643 	1266
f 520 	633 	424
f 836 	837 	552
f 659 	535 	518
f 535 	659 	533
f 659 	518 	662
f 643 	645 	1266
f 840 	556 	554
f 556 	840 	841
f 662 	518 	663
f 293 	663 	279
f 652 	2678 	651
f 660 	661 	1266
f 663 	293 	662
f 665 	599 	603
f 599 	665 	664
f 666 	533 	659
f 666 	659 	668
f 817 	564 	562
f 661 	642 	1266
f 817 	818 	564
f 673 	659 	662
f 673 	662 	674
f 655 	708 	656
f 822 	567 	566
f 675 	2678 	647
f 658 	695 	657
f 656 	708 	658
f 631 	628 	657
f 668 	659 	673
f 674 	662 	676
f 708 	695 	658
f 669 	2678 	675
f 652 	647 	2678
f 2678 	670 	667
f 712 	664 	665
f 676 	662 	293
f 676 	293 	314
f 264 	355 	552
f 670 	2678 	669
f 664 	712 	703
f 737 	710 	679
f 683 	679 	710
f 447 	790 	816
f 665 	511 	712
f 639 	648 	679
f 710 	682 	683
f 665 	603 	633
f 685 	691 	2678
f 667 	685 	2678
f 681 	711 	680
f 681 	682 	710
f 710 	711 	681
f 660 	1266 	678
f 677 	678 	1266
f 633 	511 	665
f 671 	672 	1266
f 689 	631 	688
f 520 	511 	633
f 744 	745 	381
f 1095 	684 	1174
f 699 	631 	696
f 1023 	702 	704
f 701 	1266 	700
f 688 	631 	699
f 4132 	2678 	691
f 1174 	684 	1211
f 706 	1266 	701
f 700 	1266 	697
f 1100 	684 	1095
f 696 	631 	695
f 702 	1024 	690
f 708 	655 	705
f 631 	657 	695
f 707 	1266 	706
f 711 	655 	680
f 703 	709 	698
f 671 	1266 	707
f 690 	796 	702
f 711 	705 	655
f 692 	4132 	691
f 689 	1094 	631
f 1104 	684 	1129
f 732 	353 	725
f 703 	712 	709
f 712 	511 	555
f 722 	727 	717
f 726 	648 	722
f 841 	557 	556
f 330 	1033 	328
f 555 	709 	712
f 727 	722 	648
f 648 	726 	720
f 720 	728 	648
f 841 	845 	557
f 719 	4132 	718
f 730 	698 	709
f 730 	709 	731
f 1069 	732 	1068
f 715 	4132 	719
f 723 	1266 	721
f 698 	730 	762
f 731 	709 	733
f 4339 	684 	4338
f 724 	353 	732
f 704 	353 	724
f 702 	336 	704
f 4132 	692 	686
f 718 	4132 	687
f 686 	687 	4132
f 754 	4132 	715
f 746 	4132 	754
f 728 	729 	648
f 737 	679 	729
f 648 	729 	679
f 4314 	684 	4339
f 694 	1266 	723
f 709 	555 	733
f 4246 	684 	4250
f 822 	824 	567
f 697 	1266 	694
f 4325 	684 	4324
f 684 	4314 	4344
f 698 	743 	1614
f 1040 	1041 	749
f 4324 	684 	4344
f 735 	760 	792
f 1019 	1021 	693
f 743 	752 	750
f 4260 	684 	4325
f 738 	710 	737
f 738 	742 	710
f 4250 	684 	4260
f 4254 	684 	4246
f 752 	743 	698
f 752 	698 	762
f 4115 	684 	4118
f 740 	741 	4132
f 755 	758 	873
f 4234 	684 	4233
f 761 	794 	760
f 794 	792 	760
f 763 	795 	761
f 759 	873 	758
f 693 	744 	381
f 745 	749 	381
f 749 	748 	381
f 748 	756 	381
f 756 	739 	381
f 739 	371 	381
f 383 	381 	371
f 747 	740 	4132
f 4233 	684 	4254
f 764 	795 	763
f 690 	693 	381
f 4240 	684 	4234
f 717 	727 	757
f 4118 	684 	4240
f 4132 	746 	747
f 1051 	1034 	739
f 744 	1035 	745
f 776 	873 	767
f 771 	773 	768
f 4154 	684 	4126
f 4150 	684 	4115
f 753 	755 	873
f 4132 	741 	736
f 736 	788 	4132
f 4126 	684 	4150
f 744 	693 	1021
f 772 	727 	771
f 852 	813 	773
f 281 	684 	280
f 773 	771 	727
f 727 	772 	766
f 745 	1036 	749
f 4135 	684 	4131
f 785 	777 	550
f 4131 	684 	4154
f 774 	3949 	780
f 551 	550 	777
f 1289 	4998 	777
f 739 	756 	1051
f 1058 	1051 	756
f 4140 	684 	4135
f 794 	761 	795
f 280 	684 	4140
f 783 	795 	727
f 1065 	724 	1063
f 764 	727 	795
f 287 	684 	281
f 784 	765 	902
f 301 	336 	793
f 1065 	1028 	724
f 766 	778 	727
f 764 	757 	727
f 778 	783 	727
f 781 	873 	776
f 292 	302 	1517
f 782 	873 	781
f 786 	873 	782
f 858 	784 	902
f 793 	702 	796
f 306 	684 	287
f 732 	1071 	1063
f 732 	1063 	724
f 787 	873 	786
f 331 	684 	306
f 785 	1356 	793
f 363 	684 	358
f 780 	3949 	779
f 796 	777 	793
f 785 	793 	777
f 358 	684 	390
f 710 	735 	802
f 684 	331 	404
f 1033 	1080 	328
f 710 	802 	821
f 801 	821 	802
f 390 	684 	404
f 541 	543 	549
f 550 	549 	543
f 792 	802 	735
f 546 	785 	543
f 550 	543 	785
f 808 	773 	809
f 768 	773 	808
f 805 	3949 	807
f 1249 	684 	377
f 1289 	777 	796
f 447 	797 	2395
f 684 	363 	425
f 377 	684 	425
f 803 	873 	800
f 799 	800 	873
f 810 	821 	801
f 810 	811 	821
f 813 	821 	811
f 1259 	684 	1249
f 742 	734 	710
f 734 	735 	710
f 1237 	684 	1259
f 807 	3949 	806
f 829 	979 	828
f 1308 	684 	1237
f 447 	816 	797
f 684 	1308 	1311
f 818 	935 	822
f 822 	935 	824
f 824 	935 	890
f 775 	3949 	774
f 838 	978 	827
f 833 	830 	773
f 830 	849 	773
f 814 	3949 	775
f 835 	893 	832
f 833 	773 	835
f 893 	835 	773
f 820 	842 	976
f 865 	976 	842
f 713 	873 	831
f 848 	812 	559
f 825 	831 	873
f 857 	982 	851
f 809 	773 	813
f 825 	873 	803
f 716 	1266 	714
f 714 	1266 	713
f 773 	850 	852
f 352 	348 	935
f 841 	840 	935
f 845 	841 	935
f 840 	839 	935
f 839 	837 	935
f 837 	836 	935
f 849 	850 	773
f 787 	791 	873
f 798 	873 	791
f 798 	799 	873
f 759 	767 	873
f 868 	821 	869
f 988 	987 	872
f 855 	856 	2767
f 869 	821 	870
f 721 	1266 	716
f 873 	713 	1266
f 672 	677 	1266
f 988 	872 	867
f 1162 	1211 	684
f 870 	821 	852
f 1266 	610 	874
f 821 	868 	875
f 4833 	912 	769
f 864 	888 	866
f 875 	866 	888
f 888 	821 	875
f 813 	852 	821
f 863 	2767 	856
f 190 	308 	238
f 601 	611 	874
f 874 	338 	601
f 526 	527 	601
f 547 	574 	601
f 883 	990 	878
f 200 	362 	190
f 885 	888 	880
f 864 	880 	888
f 308 	190 	362
f 844 	908 	882
f 881 	907 	885
f 684 	1100 	1129
f 1105 	854 	858
f 362 	200 	320
f 577 	576 	892
f 773 	898 	893
f 891 	991 	894
f 908 	844 	900
f 893 	900 	832
f 684 	1104 	4338
f 899 	578 	892
f 765 	912 	902
f 581 	579 	904
f 897 	320 	200
f 995 	997 	906
f 581 	904 	876
f 878 	995 	877
f 882 	907 	881
f 906 	884 	995
f 877 	995 	884
f 897 	862 	909
f 904 	899 	935
f 892 	935 	899
f 832 	900 	844
f 907 	882 	908
f 888 	885 	907
f 912 	765 	769
f 907 	920 	888
f 320 	897 	909
f 890 	935 	892
f 817 	935 	818
f 862 	919 	909
f 916 	998 	921
f 883 	921 	990
f 925 	888 	924
f 836 	355 	935
f 4833 	4861 	912
f 888 	920 	913
f 914 	888 	913
f 914 	924 	888
f 918 	927 	999
f 862 	922 	919
f 860 	855 	2767
f 999 	927 	928
f 817 	812 	935
f 443 	448 	417
f 417 	422 	443
f 440 	444 	407
f 419 	407 	444
f 407 	963 	490
f 429 	414 	448
f 848 	845 	935
f 422 	419 	443
f 1011 	933 	932
f 434 	429 	448
f 338 	337 	929
f 929 	337 	1135
f 937 	938 	1017
f 812 	848 	935
f 451 	413 	450
f 341 	340 	910
f 340 	929 	910
f 1017 	1003 	937
f 917 	911 	3949
f 2767 	3949 	911
f 459 	434 	448
f 414 	417 	448
f 338 	929 	340
f 1011 	942 	944
f 450 	413 	464
f 341 	910 	349
f 944 	949 	1011
f 464 	479 	459
f 1004 	910 	895
f 933 	1011 	949
f 349 	910 	1004
f 477 	464 	413
f 479 	464 	477
f 481 	459 	479
f 482 	459 	481
f 434 	459 	482
f 339 	376 	935
f 44 	935 	35
f 444 	443 	419
f 451 	497 	413
f 939 	940 	843
f 1017 	938 	958
f 495 	977 	497
f 977 	980 	497
f 490 	440 	407
f 498 	490 	963
f 843 	940 	854
f 943 	854 	940
f 78 	967 	964
f 79 	967 	78
f 854 	943 	858
f 963 	964 	968
f 81 	82 	967
f 858 	943 	784
f 59 	935 	56
f 968 	964 	967
f 945 	3949 	951
f 146 	966 	82
f 966 	967 	82
f 948 	952 	1009
f 951 	3949 	950
f 973 	963 	968
f 81 	967 	80
f 1005 	948 	1009
f 498 	963 	973
f 64 	1133 	935
f 820 	819 	936
f 937 	936 	819
f 834 	1332 	828
f 829 	828 	1332
f 838 	1332 	834
f 975 	980 	979
f 976 	980 	975
f 829 	1332 	823
f 950 	3949 	954
f 1160 	935 	1133
f 684 	1311 	1025
f 827 	1332 	838
f 979 	980 	978
f 978 	980 	977
f 413 	497 	980
f 1171 	935 	1160
f 2480 	751 	952
f 1004 	895 	957
f 2480 	2486 	790
f 851 	861 	872
f 867 	872 	861
f 853 	861 	851
f 859 	851 	872
f 872 	871 	859
f 871 	865 	859
f 847 	846 	842
f 936 	847 	842
f 842 	820 	936
f 865 	842 	859
f 1176 	935 	1171
f 857 	851 	859
f 957 	985 	1004
f 953 	3949 	984
f 751 	2480 	790
f 983 	1003 	1002
f 1002 	991 	983
f 984 	3949 	805
f 987 	997 	976
f 1183 	935 	1176
f 982 	983 	991
f 1201 	684 	1032
f 954 	3949 	953
f 1191 	935 	1183
f 877 	884 	878
f 884 	903 	878
f 883 	878 	903
f 886 	889 	887
f 901 	887 	889
f 903 	901 	889
f 889 	918 	903
f 891 	918 	889
f 896 	918 	894
f 816 	790 	2486
f 894 	918 	891
f 957 	986 	985
f 905 	903 	906
f 884 	906 	903
f 1198 	935 	1191
f 921 	903 	916
f 918 	916 	903
f 883 	903 	921
f 918 	930 	927
f 922 	971 	919
f 926 	928 	927
f 915 	917 	3949
f 915 	3949 	923
f 923 	3949 	945
f 35 	935 	8
f 896 	930 	918
f 932 	266 	930
f 933 	266 	932
f 989 	993 	1008
f 990 	980 	995
f 815 	3949 	814
f 806 	3949 	815
f 788 	779 	4132
f 980 	976 	997
f 997 	995 	980
f 1026 	986 	994
f 996 	948 	1005
f 846 	859 	842
f 938 	937 	819
f 988 	981 	992
f 991 	992 	982
f 981 	982 	992
f 988 	997 	987
f 992 	997 	988
f 996 	1005 	971
f 911 	860 	2767
f 201 	223 	819
f 999 	980 	998
f 922 	996 	971
f 998 	980 	990
f 942 	232 	944
f 946 	232 	947
f 941 	947 	232
f 942 	941 	232
f 232 	946 	955
f 931 	1014 	993
f 1000 	1001 	1042
f 388 	380 	994
f 944 	266 	949
f 949 	266 	933
f 1000 	980 	999
f 380 	1026 	994
f 1014 	931 	934
f 959 	819 	965
f 962 	965 	819
f 960 	962 	819
f 958 	819 	959
f 938 	819 	958
f 961 	960 	819
f 970 	969 	819
f 647 	652 	1020
f 1007 	1020 	652
f 150 	163 	1006
f 1007 	652 	651
f 961 	819 	969
f 349 	1004 	372
f 926 	930 	266
f 266 	944 	232
f 1387 	926 	266
f 1011 	1002 	1003
f 1003 	1017 	1011
f 1013 	693 	1012
f 690 	1012 	693
f 1008 	993 	1014
f 375 	374 	985
f 985 	374 	1004
f 751 	1009 	952
f 693 	1013 	1019
f 1018 	1022 	1010
f 372 	1004 	374
f 702 	1023 	1024
f 934 	1054 	1014
f 985 	378 	375
f 1012 	690 	1024
f 986 	1026 	985
f 1027 	934 	939
f 724 	1028 	704
f 1010 	1011 	1017
f 1017 	1018 	1010
f 1015 	1010 	1022
f 1023 	704 	1029
f 1022 	1030 	1015
f 1020 	1007 	1031
f 1006 	1015 	1030
f 379 	378 	1026
f 985 	1026 	378
f 1016 	1020 	1031
f 391 	739 	1034
f 386 	739 	391
f 1042 	1047 	1000
f 745 	1035 	1036
f 1027 	939 	843
f 382 	379 	1026
f 980 	1000 	1048
f 155 	4740 	1037
f 1035 	744 	1038
f 684 	1025 	1032
f 748 	749 	1041
f 1026 	380 	382
f 744 	1043 	1038
f 1039 	1047 	1042
f 1048 	1000 	1047
f 1043 	744 	1021
f 1086 	1008 	1014
f 1097 	1016 	1031
f 1040 	749 	1036
f 756 	748 	1050
f 1041 	1050 	748
f 1054 	934 	1027
f 1056 	1064 	1055
f 1057 	1064 	1056
f 1059 	1061 	1057
f 1060 	1061 	1059
f 1053 	1055 	1066
f 1047 	1061 	1046
f 1039 	1061 	1047
f 1078 	1052 	1066
f 1058 	756 	1050
f 1091 	1014 	1054
f 1029 	704 	1028
f 1067 	670 	669
f 1064 	1057 	1061
f 1060 	1046 	1061
f 725 	1068 	732
f 670 	1067 	1062
f 670 	1062 	667
f 1066 	1055 	1064
f 876 	904 	935
f 1071 	732 	1069
f 1072 	1077 	1066
f 647 	1020 	675
f 1073 	1076 	1072
f 725 	1074 	1075
f 669 	675 	1067
f 1020 	1067 	675
f 1074 	725 	1080
f 1078 	1066 	1077
f 1052 	1053 	1066
f 1076 	1077 	1072
f 1075 	1082 	725
f 1076 	1073 	1081
f 1076 	1081 	1093
f 1098 	1027 	843
f 725 	1082 	1083
f 389 	388 	1045
f 1045 	388 	994
f 1081 	1084 	1093
f 1068 	725 	1083
f 725 	328 	1080
f 1045 	394 	389
f 187 	178 	193
f 1016 	1067 	1020
f 194 	195 	187
f 1019 	1371 	1021
f 1012 	1371 	1013
f 1013 	1371 	1019
f 1091 	1086 	1014
f 238 	155 	1037
f 1085 	104 	1087
f 99 	1087 	104
f 1024 	545 	1012
f 395 	394 	1088
f 1045 	1088 	394
f 1037 	1044 	190
f 1090 	1089 	1093
f 1084 	1090 	1093
f 1092 	1093 	1089
f 1089 	1087 	1092
f 99 	1092 	1087
f 1028 	1356 	1029
f 1029 	1356 	1023
f 1023 	1356 	1024
f 400 	399 	1070
f 399 	1088 	1070
f 238 	1037 	190
f 1371 	1012 	545
f 190 	1044 	200
f 1049 	1096 	1044
f 1074 	1080 	1028
f 324 	1028 	325
f 1229 	631 	1094
f 1099 	1229 	1094
f 395 	1088 	399
f 330 	327 	1028
f 325 	1028 	326
f 879 	935 	1198
f 935 	879 	876
f 1050 	1041 	1371
f 1035 	1371 	1036
f 1040 	1036 	1371
f 1041 	1040 	1371
f 1034 	1051 	1371
f 1038 	1371 	1035
f 391 	1034 	1371
f 1096 	200 	1044
f 1038 	1043 	1371
f 1021 	1371 	1043
f 1134 	843 	854
f 1050 	1371 	1058
f 1051 	1058 	1371
f 843 	1134 	1098
f 400 	1070 	431
f 1096 	1079 	897
f 1063 	1071 	1074
f 1068 	1074 	1069
f 1069 	1074 	1071
f 1065 	1063 	1074
f 1068 	1083 	1074
f 1083 	1082 	1074
f 1075 	1074 	1082
f 1080 	1033 	1028
f 200 	1096 	897
f 1105 	1134 	854
f 1033 	330 	1028
f 386 	391 	1371
f 1109 	1103 	1115
f 1105 	858 	4893
f 1215 	1110 	1106
f 858 	902 	4893
f 1108 	1221 	1243
f 1229 	1099 	1101
f 1117 	1118 	1102
f 1117 	1102 	1107
f 1101 	1102 	1229
f 1143 	1140 	1113
f 1173 	1137 	1113
f 1243 	454 	1108
f 1113 	1114 	1103
f 1097 	1112 	1016
f 453 	1108 	454
f 1215 	1112 	1110
f 1116 	4728 	1111
f 1049 	4728 	1116
f 1112 	1097 	1154
f 1123 	1054 	1027
f 1111 	1124 	1116
f 1125 	1113 	1121
f 1054 	1123 	1091
f 1110 	1112 	1154
f 1114 	1113 	1125
f 1121 	1113 	1120
f 1093 	1127 	1076
f 1123 	1027 	1098
f 1126 	1076 	1127
f 1128 	1109 	1115
f 1115 	1103 	1114
f 1564 	1091 	1123
f 1097 	3335 	1154
f 1048 	1132 	980
f 3336 	1097 	1031
f 3335 	1097 	3336
f 1107 	1128 	1117
f 1109 	1128 	1107
f 1229 	1102 	1118
f 1120 	1113 	1140
f 1120 	1140 	1122
f 1131 	1122 	1141
f 595 	594 	1133
f 1389 	1386 	1039
f 1042 	1391 	1039
f 1047 	1046 	1138
f 1047 	1138 	1139
f 1096 	1049 	1116
f 1048 	1047 	1139
f 1048 	1139 	1132
f 1142 	1106 	1110
f 1138 	1046 	1144
f 1404 	1098 	1134
f 1135 	1119 	1324
f 1046 	1145 	1144
f 1116 	1124 	1079
f 1141 	1122 	1140
f 1146 	1060 	1059
f 1146 	1059 	1147
f 1096 	1116 	1079
f 1059 	1057 	1148
f 1059 	1148 	1147
f 1137 	1173 	1136
f 1134 	1105 	304
f 1149 	1052 	1150
f 1151 	1055 	1053
f 1151 	1053 	1153
f 1143 	1113 	1137
f 1053 	1052 	1149
f 1053 	1149 	1153
f 1055 	1159 	1056
f 1151 	1159 	1055
f 1158 	1056 	1159
f 1157 	1136 	1173
f 1057 	1056 	1158
f 1057 	1158 	1148
f 1046 	1060 	1146
f 1046 	1146 	1145
f 1173 	1169 	1156
f 304 	1105 	343
f 1156 	1157 	1173
f 1161 	1156 	1175
f 1155 	1152 	1225
f 1152 	1155 	470
f 471 	470 	1155
f 1170 	1119 	1135
f 1168 	1173 	1165
f 1164 	1165 	1173
f 472 	471 	1170
f 1155 	1170 	471
f 1173 	1168 	1169
f 475 	473 	1135
f 1135 	473 	1170
f 1061 	1039 	1382
f 1386 	1382 	1039
f 1066 	1410 	1072
f 1411 	1072 	1410
f 1175 	1156 	1169
f 472 	1170 	473
f 1066 	1415 	1410
f 1173 	1187 	1164
f 1180 	1062 	1067
f 337 	475 	1135
f 1179 	1164 	1187
f 1062 	1180 	1177
f 1178 	1163 	972
f 1182 	1150 	1078
f 1052 	1078 	1150
f 1184 	1187 	1181
f 1185 	1077 	1076
f 1185 	1076 	1126
f 1078 	1077 	1185
f 1078 	1185 	1182
f 1184 	1179 	1187
f 1187 	1347 	1181
f 972 	974 	1219
f 1032 	1342 	1201
f 1073 	1421 	1081
f 1152 	470 	492
f 486 	1152 	492
f 1081 	1458 	1084
f 1230 	1093 	1092
f 974 	1196 	1219
f 586 	585 	1198
f 1234 	1235 	1085
f 1196 	974 	989
f 1191 	586 	1198
f 1215 	1177 	1180
f 1187 	1206 	1195
f 1087 	1236 	1085
f 1008 	1196 	989
f 2552 	1162 	1193
f 1192 	1177 	1215
f 1202 	1187 	1197
f 1195 	1197 	1187
f 1090 	1471 	1089
f 1112 	1215 	1180
f 1190 	1195 	1206
f 684 	1193 	1162
f 1199 	1190 	1206
f 1194 	1199 	1206
f 1180 	1067 	1016
f 553 	552 	837
f 1112 	1180 	1016
f 1347 	1187 	1202
f 554 	553 	839
f 837 	839 	553
f 1240 	1124 	1130
f 1193 	1201 	1381
f 839 	840 	554
f 1132 	1144 	188
f 1132 	1139 	1138
f 1132 	1138 	1144
f 188 	1144 	1145
f 558 	557 	845
f 684 	1201 	1193
f 1204 	1194 	1213
f 1206 	1213 	1194
f 1145 	1146 	188
f 1146 	1147 	188
f 1147 	1148 	188
f 559 	558 	848
f 845 	848 	558
f 1208 	1163 	1178
f 1203 	1204 	1217
f 1211 	2555 	2561
f 562 	559 	812
f 2555 	1211 	1162
f 1158 	188 	1148
f 562 	812 	817
f 2561 	1174 	1211
f 1217 	1204 	1213
f 566 	564 	818
f 1178 	1302 	1208
f 1212 	1206 	1214
f 1210 	1252 	1130
f 1231 	1209 	1200
f 1213 	1206 	1212
f 822 	566 	818
f 1150 	188 	1149
f 632 	188 	1127
f 1126 	1127 	188
f 1216 	1214 	1206
f 1210 	1167 	1186
f 571 	567 	824
f 1207 	1209 	1231
f 573 	571 	890
f 1215 	1106 	1192
f 1302 	1178 	1322
f 1159 	188 	1158
f 1360 	1352 	1217
f 1203 	1217 	1352
f 1119 	1200 	1279
f 972 	1219 	1178
f 1149 	188 	1153
f 1182 	188 	1150
f 1186 	948 	996
f 571 	824 	890
f 1153 	188 	1151
f 188 	1159 	1151
f 1231 	1200 	1119
f 1322 	1178 	1219
f 1167 	1220 	1186
f 892 	576 	890
f 573 	890 	576
f 1188 	1220 	1167
f 1350 	1219 	1196
f 1182 	1185 	188
f 1222 	1189 	1192
f 188 	1185 	1126
f 1189 	1222 	1205
f 2653 	1220 	1188
f 1222 	1192 	1106
f 579 	578 	899
f 1093 	1224 	1223
f 1093 	1223 	1127
f 1186 	1220 	948
f 577 	892 	578
f 1227 	1230 	1092
f 1227 	1092 	1226
f 1092 	99 	1228
f 899 	904 	579
f 1093 	1230 	1224
f 1207 	1155 	1225
f 1228 	1226 	1092
f 876 	583 	581
f 948 	1220 	952
f 1118 	1261 	1229
f 583 	876 	585
f 879 	585 	876
f 879 	1198 	585
f 1277 	1131 	1141
f 588 	586 	1191
f 1207 	1231 	1155
f 1222 	1106 	1239
f 1181 	1347 	1339
f 187 	1085 	1235
f 1191 	1183 	588
f 589 	588 	1183
f 1465 	1236 	1087
f 1234 	1085 	1236
f 1183 	1176 	589
f 591 	589 	1176
f 1079 	862 	897
f 1231 	1119 	1170
f 1172 	1273 	1166
f 1176 	1171 	591
f 592 	591 	1171
f 1277 	1141 	1290
f 1239 	1233 	1222
f 272 	187 	1235
f 1124 	1240 	1079
f 1142 	1239 	1106
f 1171 	1160 	592
f 594 	592 	1160
f 1330 	1025 	1311
f 1170 	1155 	1231
f 1160 	1133 	594
f 1357 	1025 	1330
f 862 	1079 	1240
f 1172 	1242 	1273
f 64 	5020 	1133
f 1221 	1225 	1243
f 1242 	1172 	1208
f 1084 	1462 	1090
f 1229 	1261 	1241
f 1240 	922 	862
f 1250 	1244 	440
f 1245 	440 	1244
f 1240 	1130 	1252
f 1253 	1241 	1251
f 1248 	1251 	1241
f 1225 	1152 	1243
f 1387 	266 	1461
f 1234 	1236 	266
f 1235 	1234 	266
f 1235 	266 	272
f 490 	1255 	440
f 1302 	1242 	1208
f 1248 	1241 	1247
f 1254 	1241 	1261
f 1247 	1241 	1254
f 1210 	1186 	1252
f 1230 	620 	1224
f 1227 	620 	1230
f 1223 	1224 	632
f 1127 	1223 	632
f 1256 	1260 	443
f 119 	620 	1228
f 632 	1224 	620
f 443 	444 	1256
f 1264 	1256 	444
f 1252 	922 	1240
f 504 	454 	1243
f 1228 	620 	1226
f 1226 	620 	1227
f 440 	1245 	444
f 1264 	444 	1245
f 486 	505 	1152
f 1243 	1152 	505
f 1254 	1257 	1258
f 1239 	1343 	1233
f 1263 	1257 	1254
f 1262 	1263 	1254
f 1252 	1186 	996
f 504 	1243 	505
f 443 	1260 	1267
f 531 	1265 	1259
f 1262 	1254 	1261
f 1268 	448 	1267
f 1238 	1874 	1889
f 1239 	1269 	1343
f 1272 	1282 	1258
f 1270 	464 	1271
f 1265 	1237 	1259
f 922 	1252 	996
f 536 	1266 	619
f 1166 	1273 	1238
f 1270 	1275 	450
f 464 	1270 	450
f 1269 	1239 	1142
f 4858 	4846 	207
f 1254 	1258 	1282
f 1282 	1272 	1274
f 1281 	451 	1280
f 1283 	1280 	451
f 1275 	1286 	450
f 286 	285 	1289
f 450 	1286 	1283
f 1291 	286 	1289
f 1265 	1276 	1237
f 459 	448 	1295
f 796 	690 	1307
f 1301 	1307 	690
f 1288 	1282 	1287
f 1294 	1295 	448
f 1293 	1282 	1288
f 1298 	1299 	459
f 1312 	1282 	1285
f 1293 	1285 	1282
f 1521 	1301 	1297
f 1290 	1287 	1282
f 1274 	1277 	1282
f 1290 	1282 	1277
f 446 	445 	1297
f 1301 	432 	1297
f 1369 	1307 	1301
f 1218 	1308 	1276
f 1306 	1312 	1304
f 1302 	1435 	1242
f 1305 	1292 	464
f 1271 	464 	1292
f 690 	432 	1301
f 1276 	1308 	1237
f 1175 	1328 	1161
f 432 	690 	381
f 436 	446 	432
f 1298 	459 	1295
f 1285 	1304 	1312
f 1312 	1306 	1310
f 1311 	1308 	1218
f 1337 	1339 	1313
f 1246 	1492 	1303
f 1318 	1316 	491
f 490 	491 	1316
f 1255 	490 	1316
f 826 	977 	1323
f 1279 	1324 	1119
f 1325 	1327 	445
f 1327 	1297 	445
f 432 	446 	1297
f 497 	451 	1326
f 1281 	1326 	451
f 1320 	1312 	1319
f 1492 	1246 	1504
f 1326 	1323 	497
f 495 	497 	1323
f 1339 	1312 	1315
f 529 	1332 	1333
f 1321 	1315 	1312
f 1339 	1315 	1313
f 1327 	1325 	1531
f 1320 	1321 	1312
f 1328 	1319 	1312
f 1331 	1233 	1343
f 1312 	1310 	1328
f 1310 	1161 	1328
f 1196 	1336 	1350
f 1279 	1329 	1324
f 1504 	1246 	1331
f 1338 	1339 	1337
f 1531 	1519 	1327
f 1300 	1309 	1355
f 1336 	1196 	1008
f 1181 	1339 	1338
f 1329 	1296 	1376
f 1523 	1524 	1314
f 1335 	1300 	1355
f 1524 	1526 	1314
f 1244 	1250 	1280
f 1245 	1244 	1280
f 1280 	1283 	1245
f 1245 	1270 	1271
f 1245 	1271 	1292
f 1292 	1305 	1245
f 1245 	1299 	1298
f 1245 	1298 	1295
f 1245 	1295 	1294
f 1294 	1268 	1245
f 1260 	1256 	1267
f 1245 	1267 	1256
f 1245 	1256 	1264
f 1086 	1336 	1008
f 1526 	1317 	1314
f 1255 	1280 	1250
f 1309 	1497 	1355
f 1267 	1245 	1268
f 501 	502 	474
f 1324 	1329 	1376
f 1505 	1309 	1278
f 1270 	1245 	1275
f 1283 	1286 	1245
f 1529 	1325 	1528
f 1275 	1245 	1286
f 1340 	1354 	1346
f 1341 	1354 	1340
f 1497 	1309 	1505
f 1325 	1529 	1531
f 1299 	1245 	1305
f 1296 	895 	1376
f 1528 	1325 	1317
f 1528 	1317 	1533
f 1507 	1331 	1343
f 1316 	1323 	1255
f 826 	1323 	1333
f 1346 	1339 	1345
f 1344 	1345 	1339
f 1344 	1339 	1347
f 1297 	1327 	1519
f 1323 	1281 	1255
f 1280 	1255 	1281
f 1318 	1333 	1323
f 796 	1307 	1289
f 1322 	1219 	1350
f 1323 	1326 	1281
f 1335 	1353 	1348
f 1218 	1330 	1311
f 1296 	1349 	895
f 1352 	1360 	1351
f 1339 	1346 	1354
f 1289 	1307 	1291
f 1333 	1332 	826
f 1316 	1318 	1323
f 1332 	1334 	819
f 1334 	1488 	819
f 827 	826 	1332
f 1360 	1354 	1351
f 1369 	1291 	1307
f 1341 	1351 	1354
f 545 	544 	1359
f 1349 	957 	895
f 1335 	1355 	1353
f 1363 	1354 	1361
f 1360 	1361 	1354
f 249 	1291 	1359
f 545 	1024 	546
f 3552 	1269 	3558
f 1356 	546 	1024
f 1358 	1356 	1028
f 1362 	1358 	1028
f 957 	1349 	2016
f 1365 	1369 	1364
f 1368 	1369 	1367
f 500 	1318 	491
f 1032 	1357 	1342
f 1369 	1368 	1364
f 529 	1333 	1318
f 529 	1318 	500
f 546 	1356 	785
f 1372 	1336 	1086
f 789 	793 	1356
f 1324 	929 	1135
f 1111 	1348 	1124
f 1367 	1371 	1364
f 1364 	1368 	1367
f 1357 	1032 	1025
f 1348 	1353 	1130
f 1557 	1086 	1091
f 1130 	1124 	1348
f 1210 	1130 	1353
f 1324 	1376 	929
f 2705 	2552 	1381
f 1387 	1388 	1042
f 1366 	1425 	1370
f 1387 	1042 	926
f 1342 	1381 	1201
f 1530 	1210 	1353
f 1376 	895 	910
f 1042 	1388 	1391
f 1384 	536 	1423
f 1390 	1392 	22
f 1389 	1039 	1391
f 1205 	1414 	1385
f 910 	929 	1376
f 22 	1392 	7
f 5007 	5008 	1384
f 1384 	1383 	5007
f 1383 	1375 	5007
f 1374 	5007 	1375
f 1397 	1061 	1379
f 1380 	1385 	1414
f 1399 	1061 	1397
f 132 	1396 	1400
f 1398 	1392 	1390
f 1162 	2552 	2555
f 135 	142 	1396
f 1205 	1222 	1233
f 132 	135 	1396
f 1134 	304 	1404
f 1375 	1408 	1400
f 1375 	1400 	1374
f 1427 	30 	7
f 142 	1377 	1396
f 1303 	1380 	1246
f 1395 	1416 	1398
f 1398 	1416 	1392
f 129 	1370 	1425
f 1372 	1086 	1557
f 4957 	1377 	142
f 1395 	1403 	1416
f 1205 	1233 	1414
f 1392 	1416 	1412
f 1548 	1404 	600
f 1414 	1246 	1380
f 1419 	1383 	1384
f 1404 	580 	600
f 1414 	1233 	1331
f 1066 	1407 	1393
f 1384 	1423 	1419
f 580 	1404 	304
f 1377 	1374 	1396
f 1378 	1379 	1061
f 1246 	1414 	1331
f 1405 	1064 	1399
f 1374 	1400 	1396
f 1402 	1401 	1066
f 1423 	537 	205
f 1392 	1427 	7
f 1405 	1406 	1064
f 1874 	1238 	1273
f 1383 	1419 	1408
f 1061 	1399 	1064
f 1429 	1273 	1242
f 1427 	1392 	1412
f 1428 	1793 	1409
f 1383 	1408 	1375
f 1406 	1402 	1064
f 1066 	1064 	1402
f 1452 	1453 	1432
f 1400 	1408 	132
f 1408 	204 	132
f 1066 	1401 	1407
f 1409 	1490 	1428
f 1408 	1419 	204
f 1061 	1382 	1378
f 1427 	1412 	1284
f 1435 	1429 	1242
f 205 	204 	1423
f 1426 	1428 	1490
f 204 	1419 	1423
f 1278 	1427 	1284
f 1302 	1322 	1439
f 1415 	1066 	1394
f 1393 	1394 	1066
f 1441 	1442 	1433
f 1434 	1433 	1442
f 537 	206 	205
f 1424 	1622 	1437
f 1413 	521 	449
f 1423 	536 	537
f 1442 	1446 	1434
f 1438 	1434 	1446
f 4612 	1444 	1413
f 1436 	1424 	1437
f 1445 	963 	528
f 1072 	1411 	1417
f 1448 	964 	1447
f 963 	1447 	964
f 1302 	1439 	1435
f 963 	1445 	1447
f 1418 	1072 	1417
f 1449 	1438 	1446
f 1373 	1450 	1437
f 94 	78 	1451
f 964 	1451 	78
f 1072 	1418 	1073
f 1420 	1073 	1418
f 1454 	1430 	1449
f 1446 	1454 	1449
f 1448 	1451 	964
f 1409 	1443 	1440
f 1073 	1420 	1421
f 1453 	1449 	1430
f 1430 	1431 	1453
f 1431 	1432 	1453
f 1455 	1456 	966
f 967 	966 	1456
f 1436 	1437 	1450
f 1457 	1458 	1081
f 1413 	1444 	521
f 1460 	1441 	1433
f 1081 	1421 	1457
f 967 	1480 	968
f 1303 	1373 	1380
f 1459 	1284 	1412
f 1444 	1422 	560
f 1461 	1462 	1084
f 1463 	1464 	967
f 1440 	1443 	1983
f 1303 	1450 	1373
f 1456 	1463 	967
f 1458 	1461 	1084
f 1455 	966 	199
f 560 	521 	1444
f 1087 	1467 	1465
f 973 	968 	1483
f 560 	1422 	531
f 1488 	1334 	973
f 498 	973 	1334
f 1460 	1433 	873
f 605 	873 	1433
f 1200 	1209 	1684
f 199 	198 	819
f 1455 	199 	819
f 198 	197 	819
f 601 	873 	605
f 1456 	1455 	819
f 1422 	1470 	531
f 528 	206 	1445
f 206 	537 	1445
f 1447 	1445 	537
f 1448 	537 	1451
f 1447 	537 	1448
f 1303 	1484 	1450
f 94 	1451 	537
f 606 	1491 	605
f 531 	1470 	1265
f 1472 	1200 	1684
f 1087 	1089 	1469
f 1468 	1469 	1089
f 1466 	1284 	1459
f 1089 	1471 	1468
f 1472 	1426 	1279
f 1469 	1473 	1087
f 1436 	1450 	2041
f 1486 	1493 	1474
f 1486 	1474 	1475
f 1467 	1087 	1473
f 1471 	1090 	1462
f 1322 	1479 	1439
f 1481 	968 	1480
f 1479 	1322 	1350
f 1489 	1496 	1482
f 1482 	1496 	606
f 1483 	968 	1481
f 1236 	1465 	266
f 927 	930 	926
f 1200 	1472 	1279
f 1265 	1470 	1476
f 1485 	1480 	967
f 2041 	1450 	1484
f 1478 	1466 	2828
f 1426 	1329 	1279
f 1464 	1485 	967
f 1276 	1476 	1569
f 1382 	1458 	1378
f 1399 	1397 	1458
f 1389 	1461 	1386
f 1382 	1386 	1461
f 1461 	1391 	1388
f 1461 	1388 	1387
f 1487 	1488 	973
f 601 	605 	1491
f 1491 	606 	1496
f 1391 	1461 	1389
f 1461 	1458 	1382
f 1487 	973 	1483
f 1493 	1494 	1474
f 1477 	1474 	1494
f 1489 	1477 	1494
f 1494 	1495 	1489
f 1496 	1489 	1495
f 1490 	1409 	1440
f 1484 	1303 	1492
f 1481 	1480 	819
f 1483 	1481 	819
f 1487 	1483 	819
f 1480 	1485 	819
f 1485 	1464 	819
f 1488 	1487 	819
f 819 	823 	1332
f 1426 	1490 	1329
f 1411 	1410 	1417
f 1418 	1417 	1410
f 1458 	1457 	1410
f 1410 	1415 	1458
f 1458 	1394 	1393
f 1458 	1393 	1401
f 1458 	1401 	1402
f 1397 	1379 	1458
f 1379 	1378 	1458
f 1406 	1458 	1402
f 1464 	1463 	819
f 1463 	1456 	819
f 1502 	1350 	1336
f 1501 	1552 	1500
f 1399 	1458 	1405
f 1284 	1505 	1278
f 1479 	1350 	1502
f 1490 	1440 	1296
f 1393 	1407 	1401
f 309 	292 	1506
f 1394 	1458 	1415
f 1505 	1284 	1466
f 1507 	1504 	1331
f 1418 	1410 	1421
f 1420 	1418 	1421
f 1421 	1410 	1457
f 1406 	1405 	1458
f 1329 	1490 	1296
f 1510 	1543 	1511
f 1500 	1716 	1501
f 1547 	1536 	1511
f 1372 	1502 	1336
f 1440 	1983 	1349
f 309 	1506 	312
f 1296 	1440 	1349
f 1469 	1468 	266
f 1468 	1471 	266
f 1462 	266 	1471
f 1473 	1469 	266
f 1461 	266 	1462
f 1465 	1467 	266
f 1509 	1510 	1512
f 1513 	1546 	1516
f 1514 	1553 	1513
f 1473 	266 	1467
f 1512 	1551 	1509
f 1520 	1435 	1439
f 1269 	3466 	3558
f 1522 	1301 	1521
f 1517 	789 	1358
f 789 	1356 	1358
f 1369 	1301 	1367
f 1522 	1367 	1301
f 1478 	2859 	1518
f 1317 	1526 	1527
f 1422 	4634 	1503
f 2859 	1478 	2862
f 1512 	1510 	1517
f 1511 	1517 	1510
f 302 	301 	1517
f 1506 	292 	1517
f 1511 	1506 	1517
f 1530 	1355 	1497
f 4634 	1422 	1444
f 789 	1517 	301
f 793 	789 	301
f 1503 	1508 	1470
f 1353 	1355 	1530
f 702 	793 	336
f 1533 	1317 	1527
f 1422 	1503 	1470
f 1534 	1535 	1506
f 1521 	1297 	1519
f 1476 	1470 	1508
f 1506 	1511 	1536
f 1534 	1506 	1536
f 1478 	1537 	1466
f 1371 	1522 	392
f 1466 	1537 	1505
f 1541 	1540 	1509
f 1539 	1509 	1540
f 1557 	1091 	1564
f 1505 	1537 	1497
f 1529 	1528 	1519
f 1528 	1533 	1519
f 1539 	1543 	1509
f 1510 	1509 	1543
f 1367 	1522 	1371
f 1537 	1478 	1518
f 1547 	1511 	1543
f 1508 	1538 	1476
f 1524 	1523 	1522
f 1548 	1123 	1098
f 1537 	1518 	1563
f 1062 	685 	667
f 1544 	1629 	1525
f 1506 	1535 	312
f 1548 	1564 	1123
f 1563 	1497 	1537
f 1531 	1529 	1519
f 1521 	1519 	1533
f 1522 	1521 	1533
f 1533 	1527 	1522
f 1527 	1526 	1522
f 1526 	1524 	1522
f 1523 	502 	1522
f 502 	501 	1522
f 1549 	1592 	687
f 1512 	1517 	1550
f 1512 	1550 	1551
f 1549 	687 	686
f 1569 	1476 	1538
f 1541 	1509 	1551
f 1364 	1371 	1365
f 1359 	1365 	1371
f 1563 	1518 	1188
f 1404 	1548 	1098
f 1359 	1371 	545
f 1566 	692 	691
f 1544 	1525 	1573
f 1359 	1291 	1365
f 692 	1566 	1549
f 692 	1549 	686
f 1358 	1362 	1517
f 1550 	1517 	1362
f 1501 	1515 	1552
f 1545 	1516 	1546
f 1552 	1516 	1545
f 1532 	1500 	1552
f 1369 	1365 	1291
f 1542 	1544 	1573
f 1554 	1728 	1372
f 1546 	1513 	1553
f 1516 	1552 	1515
f 691 	685 	1566
f 1062 	1566 	685
f 1525 	1556 	1573
f 1534 	1536 	1028
f 1536 	1547 	1028
f 1535 	1534 	1028
f 1540 	1541 	1028
f 1551 	1028 	1541
f 1539 	1540 	1028
f 1550 	1028 	1551
f 1362 	1028 	1550
f 312 	1535 	1028
f 1028 	1065 	1074
f 1539 	1028 	1543
f 1543 	1028 	1547
f 980 	412 	413
f 1167 	1210 	1530
f 1554 	1372 	1557
f 1497 	1563 	1530
f 1525 	1559 	1556
f 1132 	412 	980
f 976 	819 	820
f 976 	975 	819
f 823 	819 	975
f 826 	827 	977
f 1576 	1549 	1565
f 1563 	1188 	1167
f 1567 	1545 	1546
f 823 	975 	829
f 979 	829 	975
f 1563 	1167 	1530
f 978 	834 	979
f 828 	979 	834
f 977 	827 	978
f 1565 	1549 	1566
f 1557 	1564 	1583
f 978 	838 	834
f 510 	509 	1542
f 495 	1323 	977
f 1062 	1177 	1566
f 1564 	1548 	1571
f 896 	991 	930
f 1542 	513 	510
f 1568 	1577 	1572
f 846 	847 	983
f 1177 	1565 	1566
f 851 	981 	853
f 1583 	1564 	1571
f 1572 	1577 	1403
f 1570 	1558 	1574
f 851 	982 	981
f 859 	846 	983
f 514 	513 	1573
f 1542 	1573 	513
f 857 	859 	982
f 982 	859 	983
f 1571 	1548 	600
f 853 	981 	861
f 689 	2583 	1094
f 516 	515 	1556
f 847 	936 	983
f 1570 	1574 	1588
f 1545 	1567 	1552
f 1573 	1556 	515
f 987 	976 	865
f 1558 	1578 	1574
f 1403 	1577 	1416
f 1575 	1560 	1576
f 981 	988 	861
f 867 	861 	988
f 514 	1573 	515
f 1576 	1565 	1189
f 2674 	1578 	1558
f 516 	1556 	517
f 1556 	1559 	1108
f 871 	872 	987
f 1575 	1576 	1189
f 517 	1556 	1108
f 517 	1108 	453
f 1577 	1585 	1416
f 1192 	1565 	1177
f 1002 	930 	991
f 1557 	1583 	1554
f 1189 	1565 	1192
f 871 	987 	865
f 1569 	1538 	1555
f 1582 	1580 	1579
f 990 	995 	878
f 1580 	1582 	1721
f 1205 	1575 	1189
f 1569 	1218 	1276
f 886 	887 	992
f 1205 	1385 	1575
f 1591 	1554 	1583
f 1101 	1099 	1586
f 1583 	1571 	1602
f 1416 	1585 	1412
f 1094 	1587 	1099
f 1555 	1588 	1569
f 886 	992 	889
f 1585 	1577 	2908
f 1099 	1587 	1586
f 1570 	1588 	1555
f 891 	889 	991
f 992 	991 	889
f 754 	715 	1589
f 1102 	1101 	1586
f 1584 	1674 	1209
f 896 	894 	991
f 719 	718 	1592
f 992 	887 	901
f 1602 	1571 	599
f 903 	992 	901
f 1569 	1588 	1218
f 719 	1589 	715
f 1102 	1586 	1590
f 1459 	1412 	1585
f 599 	1571 	600
f 905 	906 	997
f 718 	687 	1592
f 1588 	1574 	1330
f 992 	903 	997
f 905 	997 	903
f 1532 	1552 	1561
f 1587 	1641 	1586
f 719 	1592 	1589
f 1218 	1588 	1330
f 999 	998 	918
f 916 	918 	998
f 1207 	1584 	1209
f 990 	921 	998
f 1357 	1574 	1578
f 1592 	1560 	1589
f 926 	1042 	1001
f 1330 	1574 	1357
f 1592 	1549 	1576
f 1602 	1591 	1583
f 928 	926 	1001
f 928 	1001 	1000
f 1342 	1357 	1578
f 999 	928 	1000
f 1576 	1560 	1592
f 1784 	1567 	1546
f 2694 	1342 	1578
f 1003 	983 	936
f 936 	937 	1003
f 1591 	1601 	1609
f 1649 	1590 	1586
f 1546 	1788 	1784
f 1649 	1586 	1647
f 1381 	1342 	2694
f 1595 	1221 	1559
f 1589 	1560 	1598
f 1584 	1603 	1581
f 1581 	1603 	1595
f 1601 	1591 	1602
f 1107 	1102 	1590
f 1603 	1584 	1207
f 664 	1602 	599
f 1107 	1590 	1596
f 1643 	1621 	1596
f 1276 	1265 	1476
f 1595 	1603 	1221
f 1599 	1615 	1600
f 237 	1636 	1015
f 1590 	1649 	1643
f 1602 	664 	1601
f 1600 	1615 	1606
f 1597 	1600 	1606
f 139 	176 	1607
f 1603 	1207 	1225
f 1590 	1643 	1596
f 1596 	1621 	1605
f 1221 	1603 	1225
f 1103 	1605 	1594
f 1498 	1703 	1499
f 1605 	1103 	1109
f 1559 	1221 	1108
f 139 	1607 	1610
f 962 	1022 	1018
f 1605 	1619 	1594
f 1612 	1598 	1560
f 969 	970 	1030
f 1606 	1613 	1634
f 1605 	1109 	1596
f 1109 	1107 	1596
f 1709 	1500 	1499
f 1614 	1609 	1601
f 1716 	1500 	1709
f 1575 	1612 	1560
f 1617 	1616 	1594
f 412 	1132 	4846
f 188 	4846 	1132
f 1617 	1724 	1616
f 1613 	1606 	1615
f 1608 	1609 	1614
f 1617 	1594 	1619
f 1011 	932 	1002
f 1515 	1501 	1716
f 1619 	1721 	1617
f 1515 	1716 	1753
f 1615 	4049 	1613
f 703 	1601 	664
f 1604 	1622 	1618
f 1755 	1516 	1515
f 1624 	150 	1006
f 84 	1610 	1644
f 1599 	3220 	1615
f 1601 	703 	1614
f 1626 	1619 	1605
f 1626 	1721 	1619
f 1757 	1513 	1516
f 1010 	941 	942
f 942 	1011 	1010
f 946 	947 	1010
f 1622 	1604 	1625
f 1681 	1630 	1607
f 1605 	1621 	1626
f 930 	1002 	932
f 1607 	1630 	1610
f 1625 	1632 	1622
f 1610 	1630 	1628
f 1611 	1631 	1629
f 1010 	947 	941
f 698 	1614 	703
f 955 	946 	1010
f 1635 	1598 	1612
f 1587 	1094 	1579
f 1625 	1635 	1632
f 1637 	1015 	1636
f 1637 	956 	1015
f 956 	955 	1015
f 1010 	1015 	955
f 1639 	1554 	1591
f 1018 	1017 	959
f 958 	959 	1017
f 1635 	1612 	1651
f 1634 	1613 	4064
f 1620 	1581 	1595
f 1640 	1587 	1580
f 1579 	1580 	1587
f 1632 	1635 	1651
f 960 	961 	1022
f 1587 	1640 	1641
f 1022 	962 	960
f 1385 	1612 	1575
f 1641 	1640 	1721
f 1580 	1721 	1640
f 965 	962 	1018
f 965 	1018 	959
f 1727 	1639 	1650
f 1645 	1646 	1006
f 1647 	1586 	1641
f 1006 	1030 	1645
f 970 	1645 	1030
f 1644 	1610 	1628
f 1620 	1648 	1631
f 1647 	1641 	1721
f 1639 	1591 	1609
f 969 	1030 	961
f 1030 	1022 	961
f 1780 	1546 	1553
f 1631 	1648 	1629
f 1424 	1618 	1622
f 1623 	1624 	1006
f 1646 	1623 	1006
f 1593 	1627 	1633
f 1567 	1784 	1785
f 1649 	1647 	1721
f 1609 	1650 	1639
f 1525 	1629 	1648
f 1624 	819 	216
f 1624 	1623 	819
f 214 	819 	211
f 1644 	1628 	1667
f 1437 	1622 	1632
f 1593 	1633 	4015
f 1621 	1721 	1626
f 1643 	1721 	1621
f 1649 	1721 	1643
f 955 	956 	232
f 4064 	1633 	1634
f 1642 	1644 	1667
f 1637 	232 	956
f 1637 	1636 	232
f 1636 	237 	232
f 230 	243 	237
f 1648 	1559 	1525
f 970 	819 	1645
f 1645 	819 	1646
f 4015 	1633 	4064
f 1373 	1437 	1632
f 1620 	1595 	1648
f 1646 	819 	1623
f 1780 	1788 	1546
f 1559 	1648 	1595
f 232 	237 	239
f 1567 	1785 	1552
f 1900 	1770 	1552
f 1113 	1103 	1594
f 1651 	1373 	1632
f 1373 	1651 	1380
f 1113 	1594 	1656
f 1840 	1658 	1652
f 1594 	1616 	1656
f 1385 	1651 	1612
f 1638 	1642 	1508
f 1608 	1650 	1609
f 1654 	1266 	1653
f 1380 	1651 	1385
f 1661 	1662 	1655
f 1638 	1508 	1503
f 1659 	1498 	1657
f 1661 	1655 	1660
f 1663 	1656 	1616
f 1508 	1642 	1538
f 1664 	1662 	1661
f 740 	1680 	741
f 1606 	1665 	1597
f 1500 	1532 	1499
f 1498 	1499 	1532
f 1532 	1657 	1498
f 1665 	1606 	1662
f 736 	741 	2301
f 741 	1680 	2301
f 1665 	1662 	1664
f 1616 	1724 	1663
f 1669 	1655 	1662
f 1670 	1115 	1114
f 1679 	1266 	1678
f 1667 	1538 	1642
f 1671 	1668 	1115
f 747 	1680 	740
f 1670 	1671 	1115
f 1538 	1667 	1555
f 1634 	1662 	1606
f 1672 	1118 	1117
f 1690 	746 	754
f 1690 	754 	1589
f 1673 	1128 	1668
f 1532 	1561 	1657
f 1662 	1634 	1669
f 1121 	1120 	1675
f 1778 	1667 	1628
f 1120 	1676 	1677
f 1120 	1122 	1676
f 1666 	1650 	1608
f 1675 	1120 	1677
f 1555 	1667 	1778
f 1669 	1633 	1627
f 1654 	1678 	1266
f 1675 	1670 	1125
f 2189 	1666 	1608
f 1121 	1675 	1125
f 1670 	1114 	1125
f 1633 	1669 	1634
f 1672 	1117 	1673
f 1680 	1715 	2301
f 1655 	2137 	2142
f 1692 	1266 	1685
f 1439 	1719 	1520
f 1675 	1672 	1670
f 1677 	1672 	1675
f 1676 	1672 	1677
f 1689 	1672 	1676
f 1672 	1673 	1671
f 1668 	1671 	1673
f 1670 	1672 	1671
f 1439 	1479 	1719
f 1679 	1685 	1266
f 1690 	747 	746
f 1744 	1630 	1681
f 747 	1690 	1680
f 1115 	1668 	1128
f 1652 	1658 	1631
f 1691 	1719 	1479
f 1611 	1652 	1631
f 1128 	1673 	1117
f 1266 	1692 	1695
f 1691 	1479 	1502
f 1620 	1631 	1658
f 1728 	1691 	1502
f 1690 	1589 	1598
f 1724 	1617 	1721
f 1676 	1122 	1131
f 1658 	1697 	1620
f 1502 	1372 	1728
f 1598 	1725 	1690
f 1693 	1704 	171
f 1581 	1620 	1697
f 171 	1704 	165
f 1689 	1676 	1131
f 2137 	1708 	1688
f 1693 	1696 	1704
f 1702 	1705 	1266
f 1708 	2137 	1655
f 1709 	1499 	1703
f 165 	1704 	1701
f 1669 	1708 	1655
f 1706 	1688 	1708
f 1714 	1266 	1718
f 1581 	1697 	1712
f 1708 	1669 	1627
f 1717 	1713 	1520
f 1710 	1266 	1707
f 1712 	1674 	1584
f 165 	1720 	158
f 1706 	1708 	1627
f 1694 	1699 	1703
f 1699 	1698 	1703
f 1700 	1687 	1709
f 1716 	1709 	1687
f 1686 	1716 	1687
f 1581 	1712 	1584
f 1705 	1707 	1266
f 1720 	165 	1701
f 1755 	1753 	1682
f 1709 	1703 	1698
f 176 	1720 	1607
f 4176 	1261 	1672
f 1625 	1604 	1715
f 1717 	1520 	1719
f 1698 	1700 	1709
f 1695 	1702 	1266
f 1723 	1724 	1722
f 1721 	1722 	1724
f 1680 	1725 	1715
f 1674 	1684 	1209
f 1720 	1701 	1681
f 1725 	1680 	1690
f 1719 	1691 	1750
f 1683 	1827 	1682
f 1721 	2313 	1722
f 1607 	1720 	1681
f 1683 	1686 	1827
f 1715 	1725 	1625
f 1726 	1706 	1627
f 1717 	1719 	1750
f 1730 	1681 	1701
f 1827 	1686 	1832
f 1711 	1718 	1266
f 1725 	1598 	1635
f 1593 	1726 	1627
f 1700 	1834 	1687
f 1625 	1725 	1635
f 1832 	1686 	1687
f 1727 	1691 	1728
f 1728 	1554 	1639
f 1714 	1733 	1266
f 1852 	1699 	1694
f 1739 	1266 	1738
f 1738 	1266 	1734
f 1639 	1727 	1728
f 1745 	1713 	1717
f 2110 	1713 	1745
f 1734 	1266 	1733
f 1731 	1765 	1761
f 1786 	1428 	1747
f 1741 	1266 	1739
f 1749 	1748 	1755
f 1757 	1755 	1748
f 1748 	1743 	1757
f 1740 	1762 	1743
f 1765 	1731 	1424
f 1750 	1691 	1727
f 1729 	1732 	1674
f 1674 	1712 	1729
f 1753 	1755 	1515
f 1823 	1266 	1754
f 1735 	1756 	1736
f 1424 	1436 	1765
f 1752 	1266 	1751
f 1674 	1732 	1684
f 1736 	1759 	1732
f 1516 	1755 	1757
f 1756 	1759 	1736
f 1759 	1735 	1747
f 1730 	1744 	1681
f 1757 	1762 	1513
f 1513 	1762 	1514
f 1735 	1759 	1756
f 1732 	1759 	1684
f 1742 	1751 	1266
f 1741 	1742 	1266
f 1752 	1754 	1266
f 1716 	1686 	1753
f 1686 	1683 	1753
f 1759 	1747 	1472
f 1730 	1764 	1744
f 1682 	1749 	1755
f 1683 	1682 	1753
f 1746 	1764 	1730
f 1684 	1759 	1472
f 1137 	1136 	1798
f 1745 	1717 	1790
f 1757 	1743 	1762
f 1746 	2794 	1764
f 1744 	1764 	1763
f 1426 	1472 	1747
f 1803 	1143 	1798
f 1761 	1765 	2027
f 1770 	1913 	1561
f 1426 	1747 	1428
f 1790 	1717 	1750
f 1561 	1552 	1770
f 1774 	1726 	1593
f 1796 	1630 	1744
f 1769 	1266 	1768
f 1767 	1726 	1774
f 1796 	1628 	1630
f 1771 	1266 	1769
f 1805 	1727 	1650
f 1141 	1140 	1801
f 1767 	1774 	1772
f 1137 	1798 	1143
f 1763 	1781 	1777
f 1140 	1143 	1803
f 1141 	1801 	1804
f 2813 	1781 	1763
f 1775 	1789 	1808
f 1787 	1266 	1771
f 1140 	1803 	1801
f 1791 	1266 	1787
f 1760 	1795 	1758
f 1793 	1786 	2322
f 1763 	1796 	1744
f 1136 	1797 	1798
f 1795 	1760 	1767
f 1745 	1790 	1813
f 1799 	1794 	1266
f 1794 	1782 	1266
f 1782 	1783 	1266
f 1653 	1266 	1783
f 1791 	1792 	1266
f 1772 	1795 	1767
f 1802 	1813 	1790
f 1938 	1758 	1795
f 1796 	1763 	1777
f 1785 	1784 	1788
f 1785 	1788 	1780
f 1792 	1799 	1266
f 1805 	1750 	1727
f 1737 	1818 	2240
f 1796 	1777 	1778
f 1913 	1770 	1922
f 1750 	1805 	1790
f 1628 	1796 	1778
f 1552 	1785 	1900
f 1797 	1872 	1804
f 1804 	1801 	1797
f 1798 	1797 	1801
f 1803 	1798 	1801
f 1790 	1805 	1802
f 1778 	1777 	1570
f 1766 	1266 	1807
f 1736 	1773 	1735
f 1776 	1735 	1773
f 1778 	1570 	1555
f 1922 	1770 	1900
f 1736 	1732 	1773
f 1805 	1666 	1802
f 1777 	1781 	1558
f 1776 	1786 	1747
f 1558 	1570 	1777
f 2105 	1911 	1808
f 1805 	1650 	1666
f 1806 	1807 	1266
f 1766 	1768 	1266
f 1811 	1814 	1266
f 1735 	1776 	1747
f 1786 	1793 	1428
f 1745 	1813 	1779
f 1793 	1800 	1409
f 1806 	1266 	1814
f 1815 	1816 	1817
f 1748 	1875 	1743
f 1873 	1740 	1743
f 1816 	1836 	1817
f 1802 	1848 	1813
f 1409 	1800 	1443
f 1835 	1688 	1706
f 1815 	1819 	1816
f 1789 	1818 	2127
f 1810 	1811 	5008
f 1836 	1704 	1696
f 1987 	1920 	1900
f 1826 	1266 	1825
f 1682 	1827 	1824
f 2164 	1779 	1830
f 1830 	1779 	1813
f 1266 	1823 	1825
f 1827 	625 	1824
f 1848 	1830 	1813
f 1834 	1832 	1687
f 1822 	1817 	1836
f 1876 	1870 	1156
f 1822 	1836 	1696
f 1841 	1830 	1842
f 1836 	1816 	1828
f 1844 	1460 	1843
f 1836 	1828 	1858
f 1830 	1845 	1842
f 1849 	623 	1850
f 1882 	1835 	1706
f 1858 	1704 	1836
f 1858 	1828 	1746
f 1797 	1136 	1157
f 1698 	1699 	1852
f 1849 	1698 	1852
f 622 	1832 	1834
f 1827 	1832 	622
f 1266 	1839 	1460
f 1845 	1830 	1848
f 1845 	1848 	1855
f 1843 	1460 	1839
f 1829 	1266 	1826
f 1872 	1157 	1871
f 1827 	622 	625
f 1846 	1460 	1844
f 1829 	1839 	1266
f 623 	1852 	1856
f 1882 	1706 	1726
f 1851 	1831 	1857
f 2199 	1848 	1802
f 1853 	1460 	1847
f 1704 	1858 	1701
f 1861 	1460 	1860
f 1837 	1460 	1853
f 1851 	1857 	1869
f 2201 	2221 	2199
f 1870 	1157 	1156
f 1698 	1849 	1700
f 1850 	1700 	1849
f 1850 	1834 	1700
f 1872 	1797 	1157
f 1858 	1746 	1730
f 1857 	1831 	1729
f 1701 	1858 	1730
f 1821 	1864 	1893
f 1876 	1156 	1161
f 1863 	1460 	1862
f 623 	622 	1834
f 623 	1834 	1850
f 1812 	1868 	1864
f 1856 	1852 	1694
f 1232 	1238 	1889
f 1820 	1869 	1840
f 623 	1849 	1852
f 1868 	1812 	1835
f 1869 	1820 	1851
f 1870 	1871 	1157
f 1232 	1889 	1865
f 1861 	1862 	1460
f 1838 	1867 	2163
f 1860 	1460 	1837
f 1835 	1882 	1868
f 1847 	1460 	1846
f 1867 	1854 	2182
f 1864 	1868 	1866
f 1840 	1869 	1658
f 1873 	1743 	1875
f 1872 	1871 	1804
f 1870 	1804 	1871
f 1876 	1804 	1870
f 1429 	1874 	1273
f 2163 	1867 	2182
f 1869 	1857 	1697
f 2182 	1854 	2167
f 1658 	1869 	1697
f 628 	1873 	1875
f 1697 	1857 	1712
f 1882 	1760 	1868
f 630 	628 	1875
f 1854 	1884 	2167
f 1875 	1887 	630
f 1888 	1880 	1895
f 1712 	1857 	1729
f 1882 	1726 	1767
f 1888 	1895 	1885
f 628 	631 	1873
f 1888 	1885 	1886
f 1887 	1875 	1748
f 1877 	1878 	1460
f 1877 	1460 	1883
f 1760 	1882 	1767
f 1891 	1824 	625
f 1885 	1892 	1969
f 1863 	1883 	1460
f 1682 	1824 	1891
f 1891 	625 	630
f 1821 	1893 	1859
f 1891 	630 	1887
f 1879 	1460 	1878
f 1893 	1864 	1866
f 1891 	1887 	1749
f 1748 	1749 	1887
f 1749 	1682 	1891
f 1874 	1429 	1935
f 1915 	1893 	1866
f 3805 	1722 	1785
f 1899 	1902 	5008
f 1809 	5008 	1902
f 1775 	1914 	2400
f 1880 	1881 	1895
f 5008 	1921 	1896
f 1366 	1856 	1694
f 1866 	1868 	1760
f 1758 	1866 	1760
f 1903 	1907 	1901
f 1908 	1498 	1659
f 1865 	1910 	1903
f 1908 	1703 	1498
f 1894 	1911 	1926
f 1899 	5008 	1898
f 1896 	1898 	5008
f 1889 	1910 	1865
f 1892 	1912 	1930
f 1913 	1657 	1561
f 1885 	1917 	1892
f 1917 	1885 	1895
f 1903 	1910 	1907
f 1911 	1894 	1914
f 1913 	1922 	1920
f 1921 	5008 	1919
f 1914 	1775 	1808
f 1912 	1892 	1917
f 1918 	1919 	5008
f 1758 	1915 	1866
f 1916 	1918 	5008
f 1703 	1908 	1694
f 1366 	1694 	1908
f 3856 	1890 	1820
f 1808 	1911 	1914
f 1922 	1900 	1920
f 1820 	1890 	1923
f 637 	623 	1856
f 2651 	1173 	1113
f 1928 	5008 	1927
f 1926 	2175 	1904
f 1820 	1923 	1851
f 1981 	1907 	1910
f 1923 	2567 	1931
f 1907 	1981 	1978
f 1874 	1933 	1889
f 1990 	1906 	1930
f 4222 	4057 	637
f 1889 	1933 	1910
f 1927 	5008 	1925
f 1930 	1912 	3845
f 1934 	1909 	1915
f 1932 	5008 	1928
f 1916 	5008 	1932
f 1874 	1935 	1933
f 1929 	1909 	1934
f 1923 	1931 	1851
f 1856 	1370 	637
f 1915 	1758 	1975
f 1962 	1429 	1435
f 1366 	1370 	1856
f 1931 	1897 	1831
f 3899 	1912 	1917
f 1429 	1962 	1935
f 1938 	1975 	1758
f 1831 	1851 	1931
f 1936 	1937 	1987
f 1944 	1897 	1905
f 1946 	1950 	1987
f 1942 	1987 	1939
f 1910 	1933 	1981
f 1944 	1831 	1897
f 1925 	5008 	1924
f 5008 	1943 	1924
f 1950 	1951 	1987
f 1948 	1940 	1941
f 4364 	1938 	1795
f 1773 	1944 	1905
f 1954 	1933 	1935
f 1885 	1969 	1956
f 1956 	1969 	1949
f 1886 	1885 	1956
f 1963 	1900 	1959
f 1905 	1955 	1773
f 1940 	1967 	1961
f 1964 	1900 	1963
f 1969 	1948 	1949
f 1968 	1900 	1965
f 1955 	2295 	1776
f 1948 	1969 	1940
f 1971 	1900 	1970
f 1943 	5008 	1960
f 4523 	1938 	4364
f 1953 	1960 	5008
f 1955 	1776 	1773
f 1967 	1940 	1969
f 1820 	1840 	3856
f 1894 	1966 	2396
f 1520 	1962 	1435
f 1831 	1944 	1729
f 1915 	1975 	1934
f 1977 	1987 	1976
f 1713 	1962 	1520
f 1892 	1967 	1969
f 1944 	1732 	1729
f 1894 	1986 	1966
f 1936 	1987 	1977
f 1773 	1732 	1944
f 246 	5008 	242
f 209 	242 	5008
f 1906 	2072 	1967
f 1982 	1900 	1980
f 1930 	1967 	1892
f 2771 	2736 	1113
f 1981 	1933 	1954
f 1947 	1957 	1884
f 1906 	1967 	1930
f 1884 	1854 	1947
f 1958 	1900 	1984
f 1958 	1959 	1900
f 1965 	1900 	1964
f 1970 	1900 	1968
f 1982 	1984 	1900
f 1904 	1884 	1957
f 1980 	1900 	1979
f 1981 	1954 	1985
f 1972 	1987 	1971
f 1973 	1987 	1972
f 1974 	1987 	1973
f 1976 	1987 	1974
f 1900 	1971 	1987
f 1937 	1939 	1987
f 1942 	1945 	1987
f 1951 	2327 	1987
f 1978 	1981 	1985
f 1945 	1946 	1987
f 1957 	1986 	1904
f 2324 	2323 	1987
f 1986 	1894 	1926
f 267 	5008 	252
f 1986 	1926 	1904
f 1168 	2015 	2013
f 2118 	1978 	1985
f 3845 	1990 	1930
f 2016 	1349 	1983
f 2009 	1164 	2010
f 2009 	1165 	1164
f 366 	5008 	365
f 209 	5008 	366
f 4471 	1929 	1934
f 1999 	2002 	2017
f 1901 	2002 	1999
f 1164 	2061 	2010
f 2000 	2021 	1996
f 247 	252 	5008
f 1907 	2046 	1901
f 2004 	2020 	1997
f 361 	365 	5008
f 246 	247 	5008
f 2005 	1906 	1990
f 2004 	1989 	2008
f 2000 	2005 	2021
f 4139 	2003 	1492
f 590 	1460 	582
f 2020 	2004 	2008
f 1168 	1165 	2009
f 2006 	1168 	2013
f 1168 	2006 	1169
f 2006 	2007 	1169
f 2015 	1168 	2009
f 1997 	2016 	1983
f 607 	1460 	604
f 590 	604 	1460
f 2016 	1997 	2020
f 2013 	2063 	2006
f 2015 	2063 	2013
f 2009 	2063 	2015
f 2061 	2062 	2010
f 2007 	2006 	2063
f 2116 	1994 	1996
f 582 	1460 	1879
f 2112 	1994 	2116
f 2017 	2002 	2025
f 957 	2016 	986
f 1996 	2019 	2116
f 2017 	2025 	2014
f 627 	1460 	624
f 624 	1460 	608
f 608 	1460 	607
f 2023 	1175 	2007
f 2024 	2018 	2100
f 2010 	2063 	2009
f 1169 	2007 	1175
f 2019 	1996 	2021
f 2020 	986 	2016
f 2023 	2007 	2063
f 1460 	627 	629
f 2025 	2030 	2014
f 2023 	4370 	1175
f 2028 	2005 	1990
f 2020 	2008 	994
f 2021 	2005 	2028
f 673 	1460 	668
f 1173 	2651 	1187
f 994 	986 	2020
f 666 	668 	1460
f 1045 	994 	2008
f 2042 	2008 	1989
f 2008 	2042 	1045
f 2079 	1959 	2076
f 1958 	2076 	1959
f 1959 	2079 	1963
f 666 	1460 	561
f 1436 	2041 	2035
f 634 	561 	1460
f 629 	634 	1460
f 1965 	2087 	1968
f 2018 	2024 	2011
f 676 	314 	1460
f 1968 	2088 	1970
f 2011 	2024 	2012
f 5008 	1460 	314
f 356 	5008 	314
f 2027 	1992 	2026
f 361 	5008 	356
f 2027 	1995 	1992
f 2036 	2037 	2030
f 2024 	2034 	2012
f 1164 	1179 	2061
f 1952 	1953 	5008
f 267 	1952 	5008
f 2036 	2030 	2038
f 2035 	1995 	2027
f 1991 	2012 	2034
f 1460 	673 	674
f 674 	676 	1460
f 2035 	1998 	1995
f 2030 	2040 	2014
f 1809 	1810 	5008
f 1266 	5008 	1811
f 2064 	2029 	2039
f 1710 	1711 	1266
f 1460 	873 	1266
f 1980 	2128 	1982
f 2034 	2039 	1991
f 2129 	1984 	1982
f 2040 	2030 	2037
f 2035 	2041 	1998
f 1984 	2131 	1958
f 2040 	2037 	2044
f 2039 	2029 	1993
f 2042 	1989 	2043
f 1991 	2039 	1993
f 2001 	1998 	2041
f 2043 	2031 	2047
f 1961 	1967 	2072
f 1901 	2046 	2002
f 1907 	1978 	2046
f 2042 	2043 	2047
f 2001 	2041 	1484
f 1184 	1181 	2062
f 1654 	1653 	2045
f 2050 	2002 	2046
f 2002 	2050 	2025
f 2003 	1484 	1492
f 2046 	2052 	2050
f 1484 	2003 	2001
f 2046 	1978 	2052
f 1184 	2062 	1179
f 2310 	2066 	2048
f 2118 	2052 	1978
f 2062 	2061 	1179
f 2063 	2010 	2062
f 3293 	2033 	2059
f 2111 	2048 	2064
f 2026 	2068 	2060
f 2060 	2022 	2026
f 1992 	2068 	2026
f 2064 	2048 	2066
f 2178 	2052 	2118
f 2025 	2050 	2077
f 2084 	2066 	1859
f 2077 	2030 	2025
f 1181 	2063 	2062
f 2042 	2047 	1088
f 2000 	2094 	2069
f 2064 	2066 	2084
f 2050 	2052 	2089
f 2032 	2072 	2069
f 2042 	1088 	1045
f 2072 	2032 	1961
f 1679 	1678 	2065
f 1678 	2045 	2065
f 1070 	1088 	2047
f 2045 	1678 	1654
f 2033 	2075 	2031
f 1893 	1909 	1859
f 1679 	2065 	1685
f 2052 	2178 	2089
f 2031 	2075 	2047
f 2072 	2000 	2069
f 2065 	2103 	1685
f 1909 	1893 	1915
f 2047 	2075 	1070
f 2005 	2072 	1906
f 2111 	2064 	2039
f 2082 	2038 	2077
f 2030 	2077 	2038
f 2000 	2072 	2005
f 2077 	2085 	2082
f 2084 	1859 	1909
f 2090 	2049 	2053
f 2064 	2084 	2029
f 1929 	2084 	1909
f 2029 	2084 	1929
f 2057 	2094 	2053
f 2094 	2057 	2069
f 2094 	1994 	2053
f 2050 	2089 	2077
f 1994 	2094 	1996
f 2067 	2091 	2103
f 2097 	2085 	2089
f 2077 	2089 	2085
f 2067 	2103 	2065
f 2096 	2303 	2048
f 1996 	2094 	2000
f 2178 	2098 	2089
f 2091 	2092 	2157
f 2155 	2091 	2157
f 2097 	2089 	2098
f 2090 	2053 	1994
f 1935 	2104 	1954
f 2090 	1994 	2112
f 2104 	1935 	1962
f 1692 	1685 	2103
f 1974 	2117 	2119
f 2239 	2033 	2031
f 1962 	1713 	2104
f 2120 	1976 	2119
f 2033 	2239 	2283
f 1695 	1692 	2103
f 2102 	2096 	2124
f 2155 	2103 	2091
f 2104 	2123 	1954
f 2103 	2155 	1695
f 2059 	2033 	2283
f 2100 	2102 	2124
f 2123 	2104 	2110
f 2096 	2111 	2124
f 1713 	2110 	2104
f 2111 	2096 	2048
f 2283 	2108 	2059
f 2115 	1972 	2113
f 2108 	2095 	3342
f 2114 	2168 	1714
f 2056 	2101 	2105
f 2118 	1985 	2122
f 2093 	2101 	2056
f 3342 	2059 	2108
f 2109 	1707 	1705
f 2107 	2055 	2105
f 2056 	2105 	2055
f 2493 	2051 	2074
f 1954 	2123 	1985
f 2055 	2107 	2058
f 1702 	2155 	1705
f 2100 	2124 	2024
f 2122 	1985 	2123
f 1711 	1710 	2114
f 2109 	2114 	1710
f 1707 	2109 	1710
f 2125 	2112 	2130
f 2153 	1983 	1443
f 2123 	2110 	2139
f 2124 	2111 	2034
f 1711 	2114 	1718
f 2058 	2107 	2127
f 1718 	2114 	1714
f 2121 	2070 	1936
f 1983 	2153 	1997
f 2034 	2024 	2124
f 2060 	2058 	2127
f 2071 	1937 	2070
f 1936 	2070 	1937
f 1745 	1779 	2110
f 2153 	2165 	1997
f 1937 	2071 	1939
f 2073 	1939 	2071
f 4184 	2112 	2116
f 1779 	2139 	2110
f 1939 	2073 	1942
f 2074 	1942 	2073
f 2034 	2111 	2039
f 2130 	2112 	4184
f 2127 	2022 	2060
f 1945 	2051 	1946
f 2051 	1945 	2074
f 1942 	2074 	1945
f 2651 	1206 	1187
f 1946 	2051 	1950
f 2054 	1950 	2051
f 2183 	2193 	1989
f 1951 	1950 	2054
f 2004 	2183 	1989
f 2463 	2327 	2054
f 2137 	2138 	2140
f 2123 	2139 	2122
f 2107 	1808 	1789
f 2138 	2137 	2133
f 2122 	2139 	2169
f 2105 	1808 	2107
f 2092 	2132 	2157
f 2138 	2133 	2136
f 1963 	2079 	2080
f 2140 	2142 	2137
f 1789 	2127 	2107
f 1963 	2080 	1964
f 2083 	1964 	2080
f 1655 	2142 	1660
f 1964 	2083 	1965
f 2087 	1965 	2083
f 2145 	2118 	2122
f 1818 	1737 	2022
f 2137 	1688 	2133
f 2088 	1968 	2087
f 2178 	2118 	2145
f 1818 	2022 	2127
f 1970 	2088 	2099
f 1688 	2166 	2133
f 2113 	1971 	2099
f 2099 	1971 	1970
f 1737 	2026 	2022
f 2148 	2149 	2145
f 2178 	2145 	2149
f 1971 	2113 	1972
f 2026 	1737 	1761
f 2148 	2145 	2151
f 1835 	2166 	1688
f 1972 	2115 	1973
f 2117 	1973 	2115
f 2026 	1761 	2027
f 2145 	2122 	2169
f 2117 	1974 	1973
f 1443 	2141 	2153
f 2151 	2145 	2169
f 1974 	2119 	1976
f 1436 	2035 	1765
f 2121 	1977 	2120
f 1976 	2120 	1977
f 2141 	2154 	2153
f 1765 	2035 	2027
f 1936 	1977 	2121
f 2134 	2136 	2133
f 2186 	2187 	1190
f 2156 	2152 	2143
f 2154 	2146 	2165
f 2128 	1980 	2126
f 1979 	2126 	1980
f 2150 	2152 	2156
f 2139 	1779 	2164
f 2129 	1982 	2128
f 2153 	2154 	2165
f 1838 	2158 	1833
f 2131 	1984 	2129
f 2143 	2106 	2171
f 2165 	2146 	2183
f 2076 	1958 	2131
f 2156 	2143 	2171
f 2187 	1195 	1190
f 2071 	2493 	2073
f 2070 	2493 	2071
f 2157 	2109 	2155
f 1195 	2187 	1197
f 2157 	2132 	2161
f 2171 	2106 	2162
f 1838 	2163 	2158
f 2144 	2161 	2132
f 2162 	2106 	2125
f 2083 	2493 	2087
f 2079 	2493 	2080
f 2129 	2493 	2131
f 2130 	2162 	2125
f 2169 	2139 	2164
f 2157 	2161 	2109
f 2099 	2088 	2493
f 2087 	2493 	2088
f 2160 	2133 	2166
f 4338 	2147 	2150
f 2109 	2161 	2114
f 1199 	2260 	2209
f 2135 	2168 	2144
f 2074 	2073 	2493
f 2493 	2070 	2121
f 2493 	2121 	2120
f 2493 	2120 	2119
f 2493 	2119 	2117
f 2493 	2117 	2115
f 2493 	2115 	2113
f 2113 	2099 	2493
f 2004 	2165 	2183
f 2159 	2160 	2166
f 2144 	2168 	2161
f 2076 	2493 	2079
f 2128 	2493 	2129
f 2126 	2493 	2128
f 2168 	2135 	2194
f 2196 	1884 	1904
f 2004 	1997 	2165
f 2161 	2168 	2114
f 2167 	1884 	2196
f 2169 	2173 	2151
f 4007 	648 	637
f 2191 	2200 	1197
f 2174 	2164 	2176
f 2169 	2164 	2174
f 2171 	4314 	2156
f 2173 	2169 	2174
f 1197 	2187 	2191
f 1911 	2101 	1926
f 1702 	1695 	2155
f 1841 	2164 	1830
f 2155 	2109 	1705
f 2176 	2164 	1841
f 2172 	2159 	2192
f 1926 	2101 	2175
f 2209 	2186 	1199
f 1911 	2105 	2101
f 2170 	2172 	2192
f 4324 	2162 	2130
f 2166 	1812 	2159
f 2192 	2159 	1812
f 2178 	2180 	2098
f 1812 	2166 	1835
f 2180 	2178 	2149
f 2163 	2182 	2181
f 2182 	2167 	2078
f 2170 	1821 	2184
f 2146 	2185 	2183
f 2189 	2199 	1666
f 2078 	2181 	2182
f 2185 	2177 	2193
f 2167 	2081 	2078
f 2192 	1821 	2170
f 743 	1608 	1614
f 2183 	2185 	2193
f 1608 	743 	2189
f 2196 	1904 	2175
f 2233 	2193 	2177
f 2192 	1812 	1864
f 2167 	2196 	2081
f 2135 	2195 	2194
f 2191 	2187 	2200
f 2212 	2188 	2187
f 2212 	2187 	2186
f 2199 	1802 	1666
f 1821 	2192 	1864
f 2195 	2179 	2225
f 2175 	2086 	2196
f 1197 	2200 	2188
f 2177 	2198 	2233
f 1859 	2184 	1821
f 2194 	2195 	2225
f 2197 	2049 	2238
f 2188 	2200 	2187
f 2086 	2081 	2196
f 2179 	2202 	2225
f 1194 	2260 	1199
f 2093 	2175 	2101
f 2203 	2199 	2189
f 2203 	2189 	2204
f 2205 	2206 	2208
f 1190 	1199 	2186
f 2086 	2175 	2093
f 2186 	2209 	2212
f 2260 	2212 	2209
f 2206 	2328 	2208
f 2201 	2199 	2203
f 2179 	2207 	2202
f 2210 	2211 	2206
f 2210 	2206 	2205
f 641 	640 	2230
f 2238 	2049 	2090
f 2212 	1202 	2188
f 2213 	2189 	743
f 2213 	743 	750
f 2214 	2211 	2210
f 2204 	2189 	2213
f 2216 	2218 	2220
f 1855 	1848 	2221
f 1989 	2193 	2043
f 1197 	2188 	1202
f 2218 	2216 	2211
f 2245 	2202 	2207
f 1848 	2199 	2221
f 2218 	2211 	2214
f 1734 	1733 	2194
f 1733 	2168 	2194
f 1425 	1366 	2222
f 4948 	1425 	2222
f 640 	2241 	2237
f 1347 	1202 	2212
f 2217 	2190 	2152
f 2168 	1733 	1714
f 2194 	1738 	1734
f 2206 	2211 	2249
f 129 	123 	1370
f 2143 	2152 	2190
f 1739 	1738 	2225
f 2194 	2225 	1738
f 2160 	2211 	2216
f 1742 	1741 	2202
f 2225 	2202 	1741
f 640 	2237 	2230
f 2133 	2160 	2216
f 2220 	2134 	2216
f 2228 	2143 	2190
f 1739 	2225 	1741
f 2133 	2216 	2134
f 2226 	123 	2229
f 2229 	123 	2254
f 2230 	2237 	2289
f 2241 	2232 	2289
f 2288 	2289 	2232
f 1742 	2202 	1751
f 2237 	2241 	2289
f 2235 	2405 	2219
f 2106 	2143 	2228
f 2236 	2328 	2206
f 2226 	2231 	4477
f 2328 	2236 	2342
f 2228 	2197 	2238
f 2233 	2198 	2239
f 2405 	2235 	1775
f 2240 	2219 	2223
f 2342 	2236 	2234
f 639 	2232 	646
f 2235 	2219 	2240
f 2228 	2238 	2106
f 2241 	640 	646
f 2315 	2244 	2223
f 2238 	2090 	2125
f 2247 	2248 	2246
f 2243 	2246 	2248
f 2244 	2315 	2344
f 2241 	646 	2232
f 2248 	2247 	2226
f 2229 	2254 	2243
f 2206 	2249 	2236
f 2231 	2226 	2247
f 2198 	2242 	2239
f 2245 	1752 	1751
f 2245 	1751 	2202
f 2248 	2226 	2229
f 2106 	2238 	2125
f 2230 	650 	641
f 2247 	2246 	2231
f 2250 	2251 	650
f 2172 	2236 	2249
f 2224 	2283 	2242
f 2250 	650 	2230
f 2243 	2248 	2229
f 2112 	2125 	2090
f 1752 	2245 	1754
f 2244 	1731 	2271
f 2159 	2172 	2249
f 2239 	2242 	2283
f 2250 	2230 	2289
f 2251 	2289 	2252
f 2245 	4232 	1754
f 2147 	2605 	2215
f 2160 	2249 	2211
f 1204 	1203 	2258
f 2147 	2215 	2150
f 2159 	2249 	2160
f 2224 	2227 	2108
f 2258 	1194 	1204
f 1618 	1731 	2244
f 2215 	2217 	2152
f 2150 	2215 	2152
f 653 	650 	2251
f 653 	2251 	2252
f 2283 	2224 	2108
f 2095 	2108 	2227
f 653 	2252 	657
f 2268 	657 	2252
f 2234 	2236 	2172
f 1731 	1618 	1424
f 2260 	1194 	2258
f 2170 	2234 	2172
f 1775 	2235 	1789
f 123 	4829 	2254
f 2227 	3035 	2095
f 2259 	2261 	2257
f 2240 	1818 	2235
f 1940 	2262 	1941
f 2264 	2268 	2263
f 2265 	2268 	2264
f 2266 	2268 	2265
f 2267 	2268 	2266
f 1818 	1789 	2235
f 2255 	4479 	2231
f 1940 	2257 	2262
f 2262 	2257 	2261
f 2270 	2212 	2258
f 2260 	2258 	2212
f 2223 	2271 	2240
f 2271 	2223 	2244
f 655 	2264 	2263
f 2243 	2254 	2273
f 1961 	2257 	1940
f 2267 	2266 	657
f 1769 	1768 	2269
f 2274 	2279 	2309
f 2268 	2267 	657
f 1961 	2032 	2257
f 1737 	2240 	2271
f 2265 	657 	2266
f 2269 	2304 	1771
f 655 	656 	2264
f 2271 	1731 	1761
f 2275 	2279 	2274
f 2246 	2279 	2275
f 2243 	2273 	2246
f 2273 	2279 	2246
f 2265 	658 	657
f 2233 	2043 	2193
f 2233 	2239 	2031
f 1769 	2269 	1771
f 1203 	2270 	2258
f 2273 	2254 	2279
f 656 	658 	2264
f 2254 	2253 	2279
f 1737 	2271 	1761
f 2031 	2043 	2233
f 2277 	2234 	2170
f 658 	2265 	2264
f 2256 	2255 	2275
f 774 	2280 	775
f 2642 	1988 	2618
f 2256 	2274 	2309
f 680 	655 	2263
f 779 	2285 	780
f 2287 	2276 	2278
f 780 	2285 	2280
f 780 	2280 	774
f 639 	679 	2288
f 788 	2285 	779
f 2288 	679 	2289
f 3017 	2282 	2281
f 2278 	2259 	2287
f 639 	2288 	2232
f 736 	2301 	788
f 2284 	2364 	2287
f 2282 	2272 	2303
f 2292 	2268 	2291
f 2290 	2291 	2268
f 2268 	2292 	2293
f 2263 	2268 	2293
f 1206 	2651 	1216
f 2287 	2257 	2284
f 2281 	2282 	2303
f 2251 	2250 	2289
f 2290 	2268 	2289
f 2268 	2252 	2289
f 2275 	2274 	2256
f 2736 	2685 	1113
f 2310 	2272 	2277
f 2303 	2272 	2310
f 2287 	2259 	2257
f 1988 	3610 	1987
f 2231 	2246 	2255
f 2293 	2292 	681
f 2293 	681 	680
f 2184 	2277 	2170
f 2280 	2285 	2316
f 2255 	2246 	2275
f 683 	682 	2291
f 683 	2291 	2290
f 2296 	2280 	2316
f 2310 	2277 	2184
f 2285 	2299 	2316
f 683 	2290 	679
f 2289 	679 	2290
f 788 	2301 	2285
f 2302 	2353 	2364
f 1920 	1987 	3610
f 2102 	2281 	2096
f 2292 	2291 	682
f 2292 	682 	681
f 2302 	2364 	2284
f 2256 	2309 	2305
f 2434 	2045 	2286
f 2299 	2285 	2301
f 2263 	2293 	680
f 2320 	2286 	2045
f 2096 	2281 	2303
f 2305 	2306 	4575
f 2279 	2378 	2309
f 2257 	2032 	2284
f 2309 	2306 	2305
f 2296 	2315 	2308
f 2284 	2032 	2325
f 2377 	2382 	2313
f 2310 	2048 	2303
f 2404 	2311 	2307
f 1900 	1785 	2313
f 2184 	2066 	2310
f 4575 	2317 	711
f 2315 	2296 	2316
f 2311 	1782 	1794
f 2318 	2297 	2300
f 2286 	2320 	2294
f 1776 	2295 	1786
f 2294 	2320 	2311
f 2314 	2323 	2313
f 2066 	2184 	1859
f 2319 	4575 	2321
f 2306 	2321 	4575
f 2313 	2323 	2324
f 2325 	2302 	2284
f 1783 	1782 	2320
f 1782 	2311 	2320
f 2302 	2325 	2300
f 2299 	1604 	2344
f 2317 	4575 	2319
f 1653 	2320 	2045
f 2299 	2301 	1715
f 1786 	2295 	2322
f 2300 	2325 	2057
f 2309 	2378 	2337
f 2336 	2337 	2378
f 2208 	2328 	2326
f 1604 	2299 	1715
f 1783 	2320 	1653
f 2069 	2325 	2032
f 2322 	2298 	1793
f 2338 	2324 	2334
f 2306 	2309 	2337
f 2336 	2335 	2319
f 2223 	2308 	2315
f 2057 	2325 	2069
f 2306 	2337 	2336
f 2341 	2343 	2324
f 1787 	1771 	2304
f 2223 	2219 	2308
f 2329 	2324 	2327
f 2336 	2319 	2321
f 1792 	1791 	2307
f 2304 	2307 	1791
f 2306 	2336 	2321
f 2298 	1800 	1793
f 2344 	2316 	2299
f 2345 	2347 	2324
f 1787 	2304 	1791
f 2316 	2344 	2315
f 1792 	2307 	1799
f 2347 	2348 	2324
f 2049 	2318 	2053
f 2319 	2335 	2317
f 2330 	2317 	2335
f 2307 	2311 	1794
f 2348 	2349 	2324
f 2343 	2345 	2324
f 2318 	2300 	2057
f 2349 	2351 	2324
f 1799 	2307 	1794
f 2350 	711 	2317
f 2053 	2318 	2057
f 2313 	2324 	2351
f 2352 	2353 	2354
f 2298 	2346 	1800
f 1618 	2344 	1604
f 2362 	2364 	2353
f 2362 	2353 	2352
f 2361 	2253 	4829
f 2365 	2364 	2362
f 1618 	2244 	2344
f 2141 	1800 	2346
f 2386 	2342 	2234
f 2253 	2254 	4829
f 2346 	2634 	2369
f 2358 	4829 	2357
f 4829 	2350 	2357
f 2287 	2364 	2276
f 2313 	2368 	2370
f 2360 	4829 	2358
f 2374 	2313 	2373
f 2317 	2330 	2350
f 2376 	2313 	2374
f 2370 	2373 	2313
f 2141 	2346 	2369
f 2389 	2390 	1213
f 2380 	2381 	2379
f 2379 	2381 	2378
f 2335 	2378 	2381
f 2335 	2336 	2378
f 1213 	1212 	2389
f 2381 	2380 	2357
f 2369 	2312 	2154
f 1900 	2313 	2382
f 2365 	2276 	2364
f 2358 	2357 	2380
f 2361 	2360 	2378
f 2369 	2154 	2141
f 2377 	2313 	2376
f 2382 	1979 	1900
f 2379 	2378 	2360
f 2272 	2282 	2375
f 2380 	2379 	2358
f 2313 	2351 	2356
f 2313 	2356 	2359
f 2313 	2359 	2363
f 2366 	2313 	2363
f 2367 	2313 	2366
f 2368 	2313 	2367
f 2253 	2361 	2279
f 2378 	2279 	2361
f 2146 	2154 	2312
f 2392 	1212 	1214
f 2372 	2300 	2297
f 2381 	2357 	2350
f 2386 	2339 	2342
f 2312 	2447 	2391
f 2358 	2379 	2360
f 2324 	1987 	2327
f 2324 	2329 	2331
f 2331 	2332 	2324
f 2332 	2333 	2324
f 2333 	2334 	2324
f 2324 	2338 	2340
f 2340 	2341 	2324
f 2372 	2353 	2302
f 2339 	2386 	2375
f 1988 	1987 	2323
f 2300 	2372 	2302
f 2350 	2335 	2381
f 2330 	2335 	2350
f 2355 	2387 	2398
f 2141 	1443 	1800
f 2272 	2375 	2386
f 2385 	2426 	2401
f 2277 	2386 	2234
f 2355 	2388 	2387
f 2384 	2385 	2401
f 2388 	2371 	2294
f 2386 	2277 	2272
f 2360 	2361 	4829
f 2387 	2388 	2294
f 2308 	2393 	2433
f 2392 	2389 	1212
f 2294 	2371 	2286
f 2383 	2384 	2396
f 2392 	2482 	2389
f 2389 	2482 	2390
f 1966 	2383 	2396
f 2396 	2384 	2400
f 2459 	2394 	2419
f 2402 	2419 	2394
f 2395 	797 	2542
f 2647 	2398 	2397
f 2384 	2401 	2400
f 2398 	2387 	2404
f 2401 	2393 	2405
f 2394 	2297 	2402
f 2397 	2398 	2404
f 2146 	2312 	2391
f 2402 	2297 	2318
f 2400 	2401 	2405
f 2185 	2146 	2391
f 2311 	2404 	2387
f 2219 	2405 	2393
f 2219 	2393 	2308
f 2387 	2294 	2311
f 2408 	2185 	2391
f 2396 	2400 	1914
f 2397 	2404 	2304
f 1914 	1894 	2396
f 2185 	2408 	2177
f 2304 	2269 	2397
f 2405 	1775 	2400
f 2404 	2307 	2304
f 2410 	2459 	2419
f 2177 	2408 	2417
f 2417 	2399 	2198
f 2376 	2523 	2524
f 805 	2420 	984
f 2402 	2197 	2419
f 806 	2422 	807
f 807 	2422 	2420
f 807 	2420 	805
f 2198 	2177 	2417
f 2018 	2011 	2421
f 1216 	2403 	2488
f 4948 	2414 	2415
f 2464 	2329 	2327
f 815 	2424 	2422
f 815 	2422 	806
f 2399 	2242 	2198
f 814 	2424 	815
f 2456 	2331 	2464
f 2242 	2399 	3007
f 814 	775 	2424
f 2280 	2424 	775
f 2049 	2402 	2318
f 2197 	2402 	2049
f 2420 	2422 	2426
f 2426 	2385 	2420
f 2190 	2217 	2409
f 2410 	2427 	2409
f 2427 	2410 	2419
f 2296 	2424 	2280
f 2476 	2499 	2341
f 2414 	4948 	2413
f 2427 	2190 	2409
f 2092 	2425 	2462
f 2393 	2401 	2426
f 2190 	2427 	2228
f 2424 	2433 	2422
f 2371 	2423 	2286
f 2422 	2433 	2426
f 2197 	2427 	2419
f 2433 	2424 	2296
f 2286 	2423 	2434
f 2427 	2197 	2228
f 2426 	2433 	2393
f 2433 	2296 	2308
f 2509 	2359 	2356
f 2423 	2435 	2434
f 2511 	2363 	2359
f 2511 	2359 	2509
f 2432 	2479 	4948
f 2435 	2425 	2067
f 2511 	2513 	2363
f 2353 	2450 	2354
f 447 	2416 	2439
f 447 	2439 	2421
f 2519 	2370 	2368
f 2091 	2067 	2425
f 2436 	2445 	2437
f 2442 	2369 	2634
f 2519 	2520 	2370
f 2091 	2425 	2092
f 2436 	2438 	2445
f 2442 	2312 	2369
f 2522 	2374 	2373
f 2522 	2523 	2374
f 2045 	2434 	2065
f 2524 	2377 	2376
f 2434 	2435 	2067
f 2445 	2448 	2444
f 2524 	2526 	2377
f 2065 	2434 	2067
f 2438 	2450 	2445
f 2442 	2447 	2312
f 2440 	2450 	2438
f 2441 	2443 	2452
f 2458 	2441 	2452
f 2440 	2354 	2450
f 1582 	2633 	2323
f 2633 	2628 	2323
f 2445 	2450 	2448
f 2443 	2529 	2452
f 2391 	2447 	2430
f 2450 	2353 	2372
f 2371 	2388 	2451
f 2372 	2448 	2450
f 2408 	2391 	2430
f 2371 	2451 	2497
f 2459 	3029 	2444
f 2454 	4948 	2449
f 2429 	2508 	2407
f 3029 	2459 	3046
f 2467 	2468 	4948
f 2448 	2394 	2444
f 2403 	2406 	2485
f 2430 	2460 	2408
f 2458 	2452 	2477
f 2448 	2372 	2297
f 1951 	2054 	2327
f 2407 	2508 	2461
f 2394 	2448 	2297
f 2457 	2458 	2477
f 2454 	2466 	4948
f 2446 	2411 	2461
f 2452 	2465 	2477
f 2428 	2417 	2460
f 2459 	2444 	2394
f 2407 	2461 	2411
f 2452 	2529 	2465
f 2460 	2417 	2408
f 2416 	2446 	2453
f 2485 	2406 	2554
f 2411 	2446 	2416
f 2455 	2439 	2453
f 2428 	2399 	2417
f 2416 	2453 	2439
f 2468 	2412 	4948
f 2413 	4948 	2412
f 4800 	2457 	1833
f 2498 	2470 	2435
f 2455 	2421 	2439
f 2470 	2462 	2425
f 1833 	2457 	1838
f 2421 	2455 	2018
f 2466 	2467 	4948
f 2428 	2473 	2399
f 2425 	2435 	2470
f 2392 	1214 	2482
f 2457 	2477 	1838
f 3007 	2473 	2474
f 2482 	1214 	1216
f 2469 	2483 	2478
f 2477 	2465 	1867
f 2399 	2473 	3007
f 1216 	2488 	2482
f 4948 	2479 	2481
f 2481 	2449 	4948
f 1838 	2477 	1867
f 1867 	2465 	1854
f 2488 	2496 	2482
f 2465 	2529 	1947
f 2456 	2493 	2471
f 2485 	2488 	2403
f 2463 	2493 	2464
f 1854 	2465 	1947
f 2464 	2493 	2456
f 2051 	2493 	2054
f 2492 	2494 	2222
f 2496 	1217 	2390
f 2484 	2487 	2497
f 2493 	2463 	2054
f 1217 	1213 	2390
f 2497 	2451 	2484
f 2431 	2432 	2222
f 2494 	2431 	2222
f 2497 	2487 	2498
f 2485 	2496 	2488
f 2390 	2482 	2496
f 2487 	2531 	2498
f 2491 	2492 	2222
f 4948 	2222 	2432
f 2543 	2608 	2508
f 2497 	2498 	2423
f 2561 	2504 	1174
f 2371 	2497 	2423
f 2496 	4557 	1217
f 2423 	2498 	2435
f 2514 	2222 	2512
f 2478 	1095 	2504
f 2651 	2663 	1216
f 2607 	2516 	2495
f 2491 	2222 	2514
f 1174 	2504 	1095
f 2483 	1100 	2478
f 1095 	2478 	1100
f 1129 	1100 	2483
f 2382 	2377 	2526
f 2620 	2406 	2403
f 2126 	1979 	2526
f 2502 	1905 	1897
f 2656 	2516 	2660
f 2406 	2622 	2528
f 2525 	1129 	2483
f 2327 	2463 	2464
f 1129 	2525 	1104
f 2331 	2456 	2332
f 2329 	2464 	2331
f 2502 	2527 	1905
f 2332 	2456 	2333
f 2471 	2333 	2456
f 2147 	2525 	2605
f 2333 	2471 	2334
f 1905 	2527 	1955
f 2443 	2530 	2529
f 1104 	2525 	2147
f 2518 	2521 	2536
f 2532 	816 	2486
f 2531 	2518 	2536
f 2334 	2471 	2472
f 2472 	2338 	2334
f 2418 	2533 	4948
f 2530 	2537 	2529
f 2340 	2338 	2475
f 2472 	2475 	2338
f 2540 	4948 	2539
f 2495 	2541 	2530
f 2475 	2476 	2340
f 2341 	2340 	2476
f 2516 	2541 	2495
f 2532 	797 	816
f 2343 	2341 	2499
f 2527 	2538 	1955
f 2541 	2516 	2656
f 2532 	2667 	2542
f 2530 	2541 	2537
f 2499 	2500 	2343
f 2345 	2343 	2500
f 2535 	4948 	2534
f 2533 	2534 	4948
f 2501 	2347 	2345
f 2501 	2345 	2500
f 2538 	2510 	2295
f 2541 	2656 	2553
f 2531 	2536 	2470
f 2348 	2347 	2503
f 2501 	2503 	2347
f 4948 	2415 	2418
f 2539 	4948 	2535
f 2470 	2498 	2531
f 2537 	2541 	2553
f 2505 	2349 	2348
f 2505 	2348 	2503
f 797 	2532 	2542
f 2462 	2470 	2536
f 2538 	2295 	1955
f 2351 	2349 	2489
f 2505 	2489 	2349
f 2521 	2547 	2536
f 2322 	2295 	2510
f 2489 	2506 	2351
f 2356 	2351 	2506
f 2543 	2395 	2542
f 2705 	1381 	2694
f 2506 	2509 	2356
f 2536 	2547 	2462
f 2554 	2406 	2528
f 2529 	2537 	1947
f 2510 	2550 	2322
f 2429 	2543 	2508
f 2366 	2363 	2513
f 2513 	2515 	2366
f 2367 	2366 	2515
f 2537 	1957 	1947
f 2395 	2543 	2429
f 2515 	2517 	2367
f 2368 	2367 	2517
f 2322 	2550 	2298
f 2731 	2555 	2552
f 2368 	2517 	2519
f 2485 	2554 	2496
f 2537 	2553 	1957
f 2550 	2556 	2298
f 2373 	2370 	2520
f 2298 	2556 	2346
f 2373 	2520 	2522
f 2553 	1986 	1957
f 2548 	1432 	2546
f 2376 	2374 	2523
f 1966 	2553 	2656
f 2553 	1966 	1986
f 2555 	2731 	2558
f 855 	2579 	856
f 2528 	2622 	4618
f 856 	2579 	2563
f 856 	2563 	863
f 2558 	2561 	2555
f 1804 	4303 	4268
f 1876 	4303 	1804
f 2382 	2526 	1979
f 2549 	1432 	2548
f 2592 	2557 	2573
f 2471 	2493 	2472
f 2475 	2472 	2493
f 855 	860 	2579
f 4303 	1876 	1161
f 2076 	2131 	2493
f 2557 	2566 	2573
f 2083 	2080 	2493
f 4370 	2023 	2063
f 2558 	2565 	2561
f 2557 	2569 	2566
f 2569 	2397 	2269
f 1338 	2063 	1181
f 2489 	2505 	2493
f 2505 	2503 	2493
f 2503 	2501 	2493
f 2501 	2500 	2493
f 2500 	2499 	2493
f 2499 	2476 	2493
f 2476 	2475 	2493
f 2269 	2566 	2569
f 2565 	2544 	2504
f 2517 	2493 	2519
f 2515 	2493 	2517
f 2513 	2493 	2515
f 2511 	2493 	2513
f 2509 	2493 	2511
f 2506 	2493 	2509
f 2489 	2493 	2506
f 2561 	2565 	2504
f 1806 	1814 	2573
f 2575 	2559 	2560
f 2478 	2544 	2469
f 863 	2563 	3010
f 1766 	1807 	2566
f 2523 	2493 	2524
f 2522 	2493 	2523
f 2524 	2493 	2526
f 2520 	2493 	2522
f 2519 	2493 	2520
f 2526 	2493 	2126
f 2568 	1432 	2551
f 2573 	2566 	1807
f 2586 	2559 	2575
f 2563 	2576 	2595
f 2504 	2544 	2478
f 696 	695 	2577
f 1806 	2573 	1807
f 695 	2578 	2577
f 2575 	2560 	2100
f 1766 	2566 	1768
f 1381 	2552 	1193
f 1768 	2566 	2269
f 696 	2577 	2580
f 2100 	2560 	2102
f 2563 	2579 	2576
f 2270 	4514 	2212
f 2446 	2615 	2570
f 2583 	689 	688
f 2446 	2461 	2615
f 699 	696 	2580
f 2570 	2453 	2446
f 1352 	4514 	1203
f 2554 	4654 	4557
f 2496 	2554 	4557
f 699 	2587 	688
f 2587 	2583 	688
f 2627 	2628 	2587
f 2580 	2587 	699
f 2453 	2570 	2586
f 4618 	4654 	2528
f 2583 	2587 	2628
f 2595 	2576 	2441
f 2549 	2551 	1432
f 2582 	1432 	2572
f 1217 	4557 	1360
f 2581 	2591 	2599
f 2630 	2627 	2587
f 2576 	2443 	2441
f 2586 	2575 	2455
f 2601 	2630 	2580
f 2568 	2572 	1432
f 2443 	2576 	2610
f 2586 	2455 	2453
f 2581 	2592 	2591
f 2018 	2575 	2100
f 708 	2578 	695
f 2455 	2575 	2018
f 2582 	2584 	1432
f 2585 	1432 	2584
f 2596 	1432 	2585
f 2591 	2592 	2573
f 2594 	2578 	708
f 2595 	2441 	2590
f 2612 	2613 	2578
f 2588 	2598 	2657
f 2601 	2580 	2600
f 2657 	2598 	2469
f 2458 	2590 	2441
f 2593 	2574 	1890
f 2605 	2588 	2589
f 1811 	1810 	2591
f 2599 	2591 	1810
f 2598 	2588 	2605
f 2215 	2605 	2589
f 2612 	2578 	2594
f 2587 	2580 	2630
f 2574 	2567 	1923
f 1809 	2599 	1810
f 2215 	2589 	2217
f 2591 	1814 	1811
f 2469 	2598 	2483
f 2607 	2611 	917
f 2594 	708 	705
f 1923 	1890 	2574
f 2525 	2598 	2605
f 2591 	2573 	1814
f 915 	2607 	917
f 2483 	2598 	2525
f 2614 	2600 	2577
f 2580 	2577 	2600
f 915 	923 	2607
f 2603 	1432 	2602
f 2609 	1931 	2567
f 2596 	2602 	1432
f 2614 	1988 	2600
f 2579 	2610 	2576
f 2594 	2618 	2612
f 2609 	2502 	1897
f 860 	2611 	2579
f 911 	2611 	860
f 2577 	2578 	2613
f 911 	917 	2611
f 1432 	2603 	2604
f 2614 	2577 	2613
f 2610 	2579 	2611
f 2609 	1897 	1931
f 2611 	2607 	2495
f 2615 	2597 	2617
f 2613 	1988 	2614
f 2610 	2611 	2495
f 2615 	2617 	2570
f 2613 	2612 	1988
f 2612 	2618 	1988
f 4673 	4618 	2622
f 2626 	2617 	3020
f 2406 	2620 	2622
f 2530 	2610 	2495
f 2443 	2610 	2530
f 2570 	2617 	2626
f 2630 	1988 	2627
f 4601 	1432 	2621
f 923 	945 	2632
f 2583 	2628 	2633
f 2626 	2559 	2586
f 2627 	1988 	2628
f 2632 	2607 	923
f 2624 	4601 	2623
f 951 	2635 	2632
f 951 	2632 	945
f 2403 	2663 	2620
f 950 	2635 	951
f 2626 	2586 	2570
f 953 	2645 	954
f 1988 	2323 	2628
f 2601 	1988 	2630
f 2600 	1988 	2601
f 2588 	2657 	2996
f 954 	2645 	2635
f 954 	2635 	950
f 2597 	2638 	2787
f 2620 	2641 	2622
f 953 	984 	2645
f 2608 	2787 	2638
f 2594 	705 	711
f 4695 	4673 	2643
f 2638 	2597 	2615
f 2516 	2607 	2632
f 711 	2640 	2594
f 2631 	2637 	2636
f 2508 	2608 	2638
f 2632 	2635 	2660
f 2623 	4601 	2621
f 2604 	2606 	1432
f 2637 	2616 	2668
f 2675 	2641 	2620
f 2516 	2632 	2660
f 2594 	2640 	2618
f 2642 	2618 	2640
f 2643 	2622 	2641
f 2638 	2615 	2461
f 2639 	2544 	2565
f 2641 	2719 	2643
f 2606 	2621 	1432
f 2636 	2637 	2668
f 2508 	2638 	2461
f 2616 	2619 	2647
f 2639 	2772 	2646
f 1582 	1579 	2633
f 2635 	2645 	2644
f 2647 	2668 	2616
f 2385 	2644 	2645
f 2398 	2619 	2355
f 1229 	1873 	631
f 2544 	2639 	2646
f 2398 	2647 	2619
f 1514 	2652 	1553
f 2385 	2645 	2420
f 2646 	2469 	2544
f 2650 	4601 	2649
f 2649 	4601 	2648
f 2629 	4601 	2624
f 2646 	2625 	2657
f 2654 	2631 	2636
f 2662 	4601 	2661
f 2646 	2657 	2469
f 2660 	2635 	2644
f 2581 	4639 	2654
f 2654 	2636 	2592
f 2660 	2644 	2383
f 2629 	2648 	4601
f 2650 	2661 	4601
f 2662 	2664 	4601
f 2656 	2660 	2383
f 2654 	2592 	2581
f 2663 	2651 	2677
f 2651 	2676 	2677
f 2592 	2636 	2557
f 2545 	1432 	2540
f 2546 	1432 	2545
f 4948 	2540 	1432
f 2383 	2644 	2384
f 2403 	1216 	2663
f 2507 	2512 	2222
f 2384 	2644 	2385
f 2797 	2690 	2768
f 2636 	2668 	2557
f 2556 	2634 	2346
f 1966 	2656 	2383
f 2665 	1562 	2704
f 2668 	2647 	2569
f 2663 	2675 	2620
f 1781 	2674 	1558
f 2420 	2645 	984
f 1220 	2653 	952
f 2830 	2674 	1781
f 2557 	2668 	2569
f 2653 	2659 	2480
f 2675 	2663 	2677
f 2397 	2569 	2647
f 952 	2653 	2480
f 2480 	2659 	2486
f 2655 	3148 	2670
f 70 	2678 	25
f 2676 	2719 	2677
f 2675 	2677 	2719
f 2711 	2719 	2676
f 2666 	2680 	2695
f 2672 	3148 	2671
f 2659 	2679 	2486
f 2671 	3148 	2673
f 2666 	2682 	2680
f 2679 	2667 	2532
f 2682 	2753 	2717
f 2486 	2679 	2532
f 3467 	2692 	2683
f 2680 	2682 	2717
f 2669 	3148 	2672
f 2667 	2768 	2690
f 2700 	2688 	2689
f 2685 	2736 	2687
f 2687 	2736 	2691
f 2759 	4739 	2736
f 4958 	2693 	1254
f 2667 	2690 	2542
f 2655 	2658 	3148
f 1578 	2674 	2694
f 2542 	2690 	2543
f 2608 	2690 	2797
f 2669 	2670 	3148
f 2674 	2830 	2695
f 2651 	2685 	2676
f 2543 	2690 	2608
f 2685 	2711 	2676
f 2593 	2721 	2574
f 2698 	4958 	2697
f 2674 	2695 	2694
f 2693 	4958 	2698
f 2701 	2697 	4958
f 2706 	2685 	2687
f 2695 	2680 	2705
f 2701 	4958 	2700
f 2700 	4958 	2688
f 2711 	2685 	2706
f 2712 	2713 	2697
f 2694 	2695 	2705
f 2713 	2698 	2697
f 2711 	2706 	2719
f 2703 	2719 	2706
f 2705 	2680 	2731
f 2715 	2700 	2716
f 2715 	2701 	2700
f 2631 	2681 	2684
f 2687 	2703 	2706
f 2712 	2697 	2701
f 2712 	2701 	2715
f 2687 	2691 	2703
f 2709 	2413 	2412
f 2696 	2693 	2713
f 2708 	1562 	2707
f 2698 	2713 	2693
f 2680 	2717 	2731
f 2684 	2686 	2637
f 2415 	2414 	2692
f 2709 	2692 	2414
f 2691 	2736 	2718
f 2716 	2700 	2689
f 2631 	2684 	2637
f 2718 	2719 	2691
f 2703 	2691 	2719
f 2413 	2709 	2414
f 2637 	2686 	2616
f 2715 	2716 	2748
f 2689 	2748 	2716
f 2712 	2715 	2748
f 2641 	2675 	2719
f 2418 	2692 	3467
f 2418 	3467 	2533
f 1562 	2714 	2707
f 2415 	2692 	2418
f 2686 	2720 	2616
f 1188 	2710 	2653
f 2702 	1562 	2708
f 2653 	2710 	2659
f 2722 	1254 	2693
f 2616 	2720 	2619
f 2693 	2696 	2722
f 3169 	2721 	3166
f 2722 	2726 	5061
f 2710 	2724 	2659
f 2622 	2643 	4673
f 2619 	2720 	2725
f 2746 	5061 	2730
f 2727 	5061 	2726
f 2724 	2679 	2659
f 2714 	1562 	2723
f 2726 	2732 	2733
f 2735 	2726 	2733
f 2721 	4296 	4297
f 2725 	2699 	2355
f 2651 	1113 	2685
f 2735 	2727 	2726
f 2705 	2731 	2552
f 2729 	1562 	2728
f 2723 	1562 	2729
f 2734 	2679 	2724
f 2355 	2619 	2725
f 4296 	2721 	4124
f 2388 	2699 	2451
f 2734 	2768 	2667
f 2558 	2731 	2717
f 2355 	2699 	2388
f 2748 	2735 	2733
f 2732 	2713 	2748
f 2713 	2712 	2748
f 2733 	2732 	2748
f 4124 	2721 	4146
f 2696 	2713 	2722
f 2431 	2494 	2737
f 2722 	2713 	2732
f 2667 	2679 	2734
f 2728 	1562 	2742
f 4146 	2721 	4129
f 2737 	2432 	2431
f 2722 	2732 	2726
f 4129 	2721 	4122
f 2740 	2742 	1562
f 4165 	2721 	4133
f 2730 	5061 	2727
f 2740 	1562 	2739
f 2746 	2747 	2748
f 2747 	2727 	2735
f 2730 	2727 	2747
f 2735 	2748 	2747
f 2721 	2564 	4136
f 2747 	2746 	2730
f 4137 	2721 	4136
f 2899 	2753 	2682
f 2743 	2756 	2753
f 2562 	2721 	2571
f 2738 	1562 	2752
f 2758 	3122 	3142
f 2774 	2757 	2736
f 2564 	2721 	2562
f 2743 	2758 	2756
f 2759 	2736 	2757
f 2725 	2720 	2745
f 2778 	2744 	2760
f 2741 	2761 	2745
f 2721 	2538 	2527
f 2745 	2761 	2725
f 2721 	2609 	2567
f 2699 	2761 	2751
f 2567 	2574 	2721
f 2762 	2764 	2759
f 2757 	2762 	2759
f 2625 	2772 	3142
f 2502 	2721 	2527
f 2725 	2761 	2699
f 2749 	2768 	2734
f 2753 	2756 	2769
f 1475 	3950 	2767
f 2609 	2721 	2502
f 2755 	2916 	2766
f 2451 	2751 	2484
f 2769 	2717 	2753
f 2550 	2721 	2556
f 2699 	2751 	2451
f 2754 	1562 	2763
f 3142 	2772 	2758
f 2510 	2721 	2550
f 2758 	2772 	2756
f 2766 	2916 	2799
f 2749 	2770 	2768
f 2765 	2763 	2652
f 2756 	2772 	2639
f 2538 	2721 	2510
f 2736 	2771 	2774
f 2634 	2721 	2442
f 2776 	5036 	2775
f 2773 	5036 	2776
f 2762 	2757 	2781
f 2556 	2721 	2634
f 2625 	2646 	2772
f 2781 	2757 	2774
f 2765 	2652 	2779
f 2442 	2721 	2447
f 2784 	2774 	2771
f 2558 	2717 	2769
f 2784 	2786 	2774
f 2721 	2430 	2447
f 2787 	2778 	2760
f 2781 	2774 	2786
f 2565 	2558 	2769
f 2449 	2481 	2780
f 2428 	2721 	2473
f 2756 	2639 	2769
f 2792 	2454 	2780
f 2639 	2565 	2769
f 2430 	2721 	2460
f 2787 	2797 	2778
f 2449 	2780 	2454
f 2460 	2721 	2428
f 2786 	2784 	2827
f 2760 	2597 	2787
f 2815 	2810 	2784
f 2760 	3167 	2597
f 2783 	2652 	2782
f 2474 	2721 	2490
f 2799 	2792 	2766
f 2490 	2721 	2964
f 3167 	2617 	2597
f 2788 	5036 	2790
f 2750 	1562 	2754
f 2454 	2792 	2466
f 2792 	2467 	2466
f 2770 	2797 	2768
f 2783 	2779 	2652
f 2804 	5036 	2789
f 2789 	5036 	2788
f 2778 	2797 	2770
f 3102 	2721 	3134
f 1746 	2796 	2794
f 3104 	2721 	3102
f 2771 	2846 	2795
f 2467 	2792 	2799
f 2467 	2799 	2468
f 2468 	2799 	2412
f 2806 	3148 	2809
f 2797 	2787 	2608
f 2808 	2809 	3148
f 2658 	2808 	3148
f 2816 	2796 	2873
f 2798 	2846 	2802
f 2807 	3148 	2806
f 2798 	2795 	2846
f 3112 	2721 	3105
f 2784 	2771 	2815
f 5036 	2805 	2801
f 3139 	2721 	3112
f 2813 	1764 	2794
f 1764 	2813 	1763
f 2810 	2795 	2798
f 2794 	2814 	2813
f 2815 	2771 	2795
f 2796 	2816 	2794
f 5036 	2804 	2805
f 2810 	2820 	2784
f 2810 	2815 	2795
f 2798 	2802 	2810
f 2794 	2816 	2814
f 2820 	2827 	2784
f 4137 	4133 	2721
f 2761 	2741 	2791
f 3148 	2822 	2823
f 2571 	2721 	2593
f 3258 	2818 	2817
f 2751 	2761 	2791
f 2793 	2824 	2791
f 2802 	2820 	2810
f 2800 	2824 	2793
f 2831 	2824 	2800
f 2822 	3148 	2825
f 2762 	2781 	2827
f 2827 	4806 	2764
f 1466 	1459 	2828
f 2824 	2751 	2791
f 2987 	2755 	2812
f 2813 	2814 	2830
f 2826 	2827 	2802
f 2820 	2802 	2827
f 1585 	2829 	1459
f 2781 	2786 	2827
f 5036 	2821 	2819
f 2790 	5036 	2819
f 2824 	2484 	2751
f 2813 	2830 	1781
f 2882 	2755 	2987
f 2814 	2666 	2830
f 2828 	1459 	2829
f 2762 	2827 	2764
f 2773 	2821 	5036
f 2816 	2833 	2814
f 2824 	2831 	2484
f 2829 	2834 	2828
f 2817 	2835 	2832
f 2908 	2836 	2829
f 2812 	2837 	2818
f 2803 	2825 	3148
f 3201 	3196 	2721
f 2814 	2833 	2666
f 2818 	2837 	2817
f 4778 	2759 	2764
f 2811 	2487 	2831
f 2803 	3148 	2807
f 2666 	2833 	2682
f 2721 	3196 	3164
f 2817 	2837 	2835
f 2829 	2836 	2834
f 2831 	2487 	2484
f 2837 	2766 	2835
f 2811 	2518 	2531
f 2682 	2833 	2899
f 2755 	2837 	2812
f 2487 	2811 	2531
f 2755 	2766 	2837
f 2841 	2678 	2840
f 2838 	2678 	2841
f 2839 	2678 	2838
f 2880 	4797 	2846
f 2695 	2830 	2666
f 2826 	2802 	2846
f 2832 	2835 	2780
f 1819 	2849 	1816
f 2862 	2828 	2834
f 2856 	2832 	2780
f 2850 	2849 	1819
f 137 	1113 	1656
f 2792 	2780 	2835
f 2853 	2854 	2849
f 2828 	2862 	1478
f 2853 	2849 	2850
f 2835 	2766 	2792
f 2834 	2855 	2862
f 2856 	2737 	2832
f 2847 	2848 	2678
f 2848 	651 	2678
f 2928 	2855 	2834
f 2737 	2856 	2432
f 2479 	2432 	2856
f 2771 	1113 	2889
f 2866 	1816 	2849
f 2852 	2847 	2678
f 2856 	2780 	2481
f 2866 	1828 	1816
f 2851 	2678 	2839
f 2479 	2856 	2481
f 2849 	2854 	2858
f 2852 	2678 	2851
f 5036 	2801 	2678
f 2866 	2849 	2858
f 2721 	2474 	2473
f 2796 	1746 	1828
f 2860 	2846 	2864
f 2845 	3148 	2844
f 2863 	2886 	2861
f 2862 	2855 	2881
f 2868 	2863 	2914
f 2846 	2889 	2864
f 2859 	2862 	2881
f 2771 	2889 	2846
f 2796 	1828 	2866
f 2884 	2880 	2860
f 2749 	2881 	2855
f 2870 	5036 	2869
f 2863 	2868 	2886
f 1762 	3148 	2871
f 2866 	2858 	2873
f 2745 	2868 	2741
f 2879 	2860 	2876
f 2872 	2876 	2864
f 2721 	3097 	2964
f 2843 	2877 	3148
f 2877 	2878 	3148
f 2878 	2871 	3148
f 2866 	2873 	2796
f 1518 	2859 	2710
f 2745 	2886 	2868
f 2721 	3104 	3097
f 2864 	2876 	2860
f 2710 	1188 	1518
f 2873 	2858 	2940
f 2872 	2910 	2876
f 2884 	2860 	2879
f 2859 	2724 	2710
f 2867 	2777 	5036
f 2873 	2940 	2885
f 2870 	2867 	5036
f 2684 	2857 	2861
f 2816 	2873 	2885
f 2860 	2880 	2846
f 2857 	2684 	2681
f 2859 	2881 	2724
f 2684 	2861 	2686
f 2884 	2879 	2910
f 2879 	2876 	2910
f 2734 	2881 	2749
f 2940 	2903 	2885
f 2881 	2734 	2724
f 2686 	2861 	2886
f 2889 	1113 	2888
f 5036 	2777 	2775
f 2875 	2869 	5036
f 1568 	2890 	2891
f 2883 	2865 	2887
f 3134 	2721 	3139
f 2720 	2886 	2745
f 1568 	2891 	1577
f 2785 	2782 	2652
f 2882 	2883 	2887
f 2889 	2888 	2892
f 2893 	2894 	2891
f 2893 	2891 	2890
f 2865 	2896 	2887
f 2895 	2894 	2893
f 2886 	2720 	2686
f 2833 	2816 	2885
f 2899 	2833 	2885
f 2898 	2894 	2895
f 2941 	2903 	2940
f 2903 	2941 	2913
f 2865 	2897 	2896
f 1577 	2891 	2908
f 2885 	2903 	2899
f 2888 	2933 	2900
f 2910 	2892 	2911
f 2903 	2743 	2899
f 2889 	2892 	2910
f 3 	2652 	10
f 2785 	2652 	3
f 2891 	2894 	2919
f 2912 	2911 	2892
f 2908 	2891 	2919
f 2904 	2921 	2915
f 2894 	3002 	2919
f 2874 	5036 	2902
f 2889 	2910 	2872
f 2889 	2872 	2864
f 2916 	2755 	2882
f 2743 	2903 	2913
f 2912 	2892 	2888
f 2912 	2888 	2900
f 2902 	5036 	2901
f 2829 	1585 	2908
f 2758 	2913 	3122
f 2921 	2884 	2915
f 2910 	2911 	2884
f 2911 	2912 	2884
f 2915 	2884 	2917
f 2917 	2884 	2912
f 2743 	2913 	2758
f 2917 	2912 	2900
f 2900 	2915 	2917
f 2683 	2887 	2896
f 2900 	2904 	2915
f 162 	2652 	166
f 2683 	2927 	2887
f 2753 	2899 	2743
f 2908 	2919 	2836
f 2921 	2904 	2920
f 2901 	5036 	2907
f 2907 	5036 	2906
f 50 	2652 	52
f 2709 	2799 	2916
f 2887 	2927 	2882
f 2882 	2927 	2916
f 2836 	2928 	2834
f 2929 	2858 	2854
f 2916 	2927 	2709
f 2692 	2709 	2927
f 2924 	2922 	5036
f 2888 	1113 	2933
f 2927 	2683 	2692
f 5036 	2923 	2924
f 2931 	3242 	2943
f 2930 	2905 	2935
f 5036 	2767 	2923
f 5036 	2922 	2909
f 1822 	2652 	1817
f 2904 	2933 	2920
f 2904 	2900 	2933
f 1696 	2652 	1822
f 2929 	2931 	2943
f 2928 	2932 	2936
f 2926 	2930 	2935
f 1815 	2652 	1819
f 2799 	2709 	2412
f 2928 	2936 	2855
f 2905 	2914 	2863
f 2940 	2858 	2929
f 2932 	2934 	2947
f 2937 	2938 	2767
f 2936 	2932 	2947
f 2929 	2941 	2940
f 3105 	2721 	3164
f 2871 	1881 	1762
f 1762 	1881 	1880
f 2744 	2947 	2934
f 2929 	2943 	2941
f 2855 	2936 	2749
f 2868 	2914 	2944
f 2938 	2923 	2767
f 2936 	2770 	2749
f 2741 	2944 	2918
f 2946 	2933 	2945
f 1949 	1762 	1956
f 2946 	4902 	2933
f 2868 	2944 	2741
f 2936 	2947 	2770
f 2778 	2947 	2744
f 1888 	1762 	1880
f 1886 	1762 	1888
f 2946 	2945 	2951
f 2741 	2918 	2791
f 2952 	2946 	2951
f 2791 	2918 	2793
f 2778 	2770 	2947
f 2953 	2939 	2767
f 2957 	2854 	2853
f 2945 	2949 	2958
f 2945 	2958 	2951
f 2959 	2931 	2960
f 2960 	2854 	2957
f 2935 	2857 	2926
f 2949 	2977 	2951
f 2925 	2931 	2959
f 2951 	2958 	2949
f 2956 	2953 	2767
f 2939 	2937 	2767
f 2955 	2956 	2767
f 1941 	1762 	1948
f 2935 	2861 	2857
f 2931 	2854 	2960
f 2935 	2905 	2863
f 2933 	1113 	2966
f 2931 	2929 	2854
f 2861 	2935 	2863
f 2965 	3270 	3281
f 1948 	1762 	1949
f 2955 	2767 	2962
f 2933 	2966 	2969
f 2933 	2969 	2945
f 2474 	3012 	3007
f 2962 	2767 	2961
f 2942 	2973 	2999
f 2490 	3012 	2474
f 2961 	2767 	2968
f 3002 	2975 	2919
f 1886 	1956 	1762
f 2977 	2949 	2969
f 2977 	2969 	2966
f 2919 	2975 	2836
f 2980 	2977 	2966
f 2997 	2970 	2978
f 2980 	2966 	2972
f 2974 	2995 	2983
f 2975 	3002 	2981
f 2969 	2949 	2945
f 2967 	2767 	2985
f 2767 	2984 	2985
f 2995 	2952 	2983
f 2986 	2983 	2952
f 2952 	2951 	2977
f 2977 	2980 	2952
f 2986 	2952 	2980
f 1941 	2262 	1762
f 2262 	2261 	1762
f 2259 	1762 	2261
f 2986 	2980 	2972
f 2948 	2950 	2987
f 2963 	2965 	3281
f 2972 	2983 	2986
f 2092 	2462 	2971
f 2987 	2812 	2948
f 2972 	2974 	2983
f 2928 	2836 	2975
f 2971 	2132 	2092
f 2972 	3003 	2974
f 2964 	3097 	2988
f 2975 	2981 	2932
f 2942 	2993 	2954
f 3076 	2992 	2971
f 2954 	2993 	2950
f 2995 	2974 	2991
f 2932 	2928 	2975
f 3144 	2996 	2625
f 2993 	2942 	2999
f 2132 	2971 	2992
f 2993 	2883 	2950
f 2144 	2992 	2976
f 2932 	2981 	2934
f 2278 	1762 	2259
f 2952 	2995 	4917
f 2865 	2883 	2993
f 2132 	2992 	2144
f 2996 	3144 	2997
f 3004 	2894 	2898
f 3001 	3000 	2965
f 2976 	2979 	2135
f 4917 	4902 	2952
f 2997 	2978 	3011
f 2276 	1762 	2278
f 2135 	2144 	2976
f 2993 	2999 	2865
f 2135 	2979 	2195
f 2996 	2997 	3011
f 2966 	1113 	3003
f 3014 	2978 	2982
f 2998 	3004 	2898
f 2999 	2897 	2865
f 2991 	2974 	3003
f 3011 	2978 	3014
f 5010 	2688 	3003
f 2966 	3003 	2972
f 3650 	2999 	2973
f 3004 	2998 	3001
f 2409 	3014 	2982
f 2999 	3650 	2897
f 2767 	2990 	2984
f 3002 	2894 	3004
f 2365 	1762 	2276
f 2409 	2982 	2410
f 3004 	2963 	3002
f 4769 	4759 	2759
f 2718 	2736 	4739
f 2625 	2996 	2657
f 2965 	3004 	3001
f 2987 	2950 	2883
f 2963 	3004 	2965
f 2987 	2883 	2882
f 2989 	2767 	3008
f 4695 	2643 	2719
f 3002 	2963 	2981
f 3007 	2224 	2242
f 2996 	3011 	2588
f 2718 	4739 	2719
f 863 	3010 	2767
f 3011 	2589 	2588
f 2365 	2362 	1762
f 2352 	1762 	2362
f 2767 	3006 	3008
f 3007 	3012 	2224
f 2989 	2990 	2767
f 3006 	2767 	3010
f 3011 	3014 	2589
f 3012 	2227 	2224
f 2352 	2354 	1762
f 2964 	3016 	2490
f 2967 	2968 	2767
f 2409 	2217 	3014
f 2490 	3016 	3012
f 2840 	2678 	2801
f 3016 	2964 	2988
f 3014 	2217 	2589
f 2909 	2906 	5036
f 2874 	2875 	5036
f 3012 	3016 	2227
f 3035 	3016 	2988
f 2438 	1762 	2440
f 2995 	4973 	4917
f 2775 	3021 	2776
f 2978 	3038 	2982
f 3111 	2773 	2776
f 3021 	2775 	2777
f 3021 	2777 	3565
f 2988 	2994 	3069
f 3351 	277 	1724
f 3565 	2777 	2867
f 3035 	2988 	3069
f 3791 	1740 	1873
f 2445 	3026 	2437
f 3027 	2789 	2788
f 2437 	1762 	2436
f 2979 	3015 	2195
f 3015 	2179 	2195
f 3024 	3026 	3029
f 3024 	3029 	3039
f 3033 	3767 	2652
f 3055 	3028 	3017
f 2444 	3029 	3026
f 2354 	2440 	1762
f 3015 	3030 	2179
f 3098 	3032 	3027
f 3052 	3028 	3055
f 2444 	3026 	2445
f 2788 	2790 	3027
f 3030 	3019 	2207
f 3016 	3035 	2227
f 2179 	3030 	2207
f 2954 	3034 	3018
f 4217 	2207 	3019
f 2801 	3051 	2840
f 3020 	2617 	3167
f 3045 	3051 	2805
f 3039 	3029 	3046
f 3069 	2994 	3047
f 3045 	2805 	2804
f 3020 	3022 	2626
f 2804 	2789 	3045
f 3019 	3044 	4217
f 3027 	3045 	2789
f 3038 	3039 	3046
f 2626 	3022 	2559
f 3023 	3052 	3022
f 2994 	3048 	3047
f 3037 	3344 	3036
f 3018 	3049 	2942
f 3052 	3023 	3028
f 2801 	2805 	3051
f 3036 	3344 	3041
f 2970 	3038 	2978
f 2982 	3038 	3046
f 3052 	2559 	3022
f 3043 	3795 	3042
f 3049 	2973 	2942
f 3051 	3045 	3067
f 2982 	3046 	2410
f 2559 	3052 	2560
f 3050 	3051 	3067
f 3046 	2459 	2410
f 3032 	3045 	3027
f 3055 	3017 	2281
f 3041 	3344 	3040
f 2652 	1514 	2957
f 3058 	3026 	3024
f 3058 	3024 	3056
f 3055 	2560 	3052
f 3060 	3026 	3058
f 3060 	2437 	3026
f 3055 	2281 	2102
f 3043 	3040 	3795
f 3050 	3064 	3061
f 3056 	1762 	3058
f 2560 	3055 	2102
f 3050 	3067 	3064
f 3065 	3072 	3066
f 2547 	2971 	2462
f 3072 	3065 	3070
f 3032 	3067 	3045
f 3032 	3161 	3067
f 3070 	3024 	3072
f 3056 	3024 	3070
f 3065 	1514 	3070
f 3066 	1514 	3065
f 2971 	2547 	3076
f 3061 	3064 	3156
f 3031 	3080 	3048
f 3063 	3068 	3373
f 3075 	3042 	3795
f 2992 	3076 	3053
f 3048 	3080 	3047
f 3071 	3077 	3795
f 3070 	1514 	3056
f 3077 	3074 	3795
f 3081 	3072 	3024
f 3074 	3075 	3795
f 3053 	3059 	2976
f 2992 	3053 	2976
f 3059 	3062 	2979
f 3078 	3079 	3103
f 2819 	3100 	2790
f 2976 	3059 	2979
f 3081 	3024 	3039
f 3073 	3071 	3795
f 3062 	3206 	3015
f 2821 	2773 	3111
f 3090 	3073 	3795
f 3091 	3092 	3795
f 3094 	3081 	3039
f 3015 	2979 	3062
f 3111 	3100 	2821
f 2970 	3145 	3188
f 2821 	3100 	2819
f 3084 	1514 	3066
f 3096 	3795 	3093
f 3091 	3795 	3096
f 3092 	3090 	3795
f 3087 	3795 	3086
f 3093 	3795 	3087
f 3100 	3027 	2790
f 3117 	3078 	3101
f 2970 	3188 	3094
f 3082 	1514 	3085
f 2970 	3094 	3038
f 3078 	3103 	3101
f 3027 	3100 	3098
f 3094 	3039 	3038
f 3033 	3110 	3086
f 3103 	3089 	3107
f 3100 	3128 	3098
f 3101 	3103 	3107
f 2375 	3089 	2339
f 3107 	3089 	2375
f 3100 	3111 	3128
f 2547 	2521 	3099
f 3108 	3033 	3121
f 3021 	3111 	2776
f 3110 	3033 	3108
f 3111 	3021 	3116
f 3076 	2547 	3099
f 3120 	3121 	3033
f 3097 	3104 	2994
f 3117 	3101 	3028
f 2988 	3097 	2994
f 3102 	3048 	3104
f 3115 	1514 	3114
f 3023 	3117 	3028
f 3098 	3123 	3032
f 3017 	3101 	3107
f 3099 	3119 	3076
f 3017 	3028 	3101
f 3098 	3126 	3123
f 3048 	2994 	3104
f 3119 	3113 	3053
f 3981 	3127 	3088
f 2282 	3017 	3107
f 3128 	3111 	3116
f 2282 	3107 	2375
f 3054 	3088 	3127
f 3102 	3031 	3048
f 3053 	3076 	3119
f 3098 	3128 	3126
f 3125 	3130 	3122
f 3057 	3127 	3095
f 2959 	1514 	2925
f 3128 	3116 	3132
f 3129 	1514 	3131
f 3054 	3127 	3057
f 3131 	1514 	3109
f 3102 	3134 	3031
f 3126 	3128 	3132
f 3125 	3133 	3130
f 3057 	3095 	3063
f 3033 	3124 	3120
f 3109 	1514 	3115
f 2925 	1514 	3129
f 3130 	3133 	3145
f 3063 	3095 	3138
f 3114 	1514 	3083
f 3083 	1514 	3082
f 3137 	3214 	3153
f 3249 	3134 	3139
f 2436 	1762 	2438
f 2437 	3060 	1762
f 3060 	3058 	1762
f 3085 	1514 	3084
f 3138 	3106 	3068
f 3122 	3130 	3142
f 3135 	3137 	3153
f 3063 	3138 	3068
f 3142 	3130 	3144
f 1762 	3056 	1514
f 2960 	1514 	2959
f 2960 	2957 	1514
f 2850 	2652 	2853
f 2957 	2853 	2652
f 2850 	1819 	2652
f 2652 	1815 	1817
f 2652 	1696 	1693
f 171 	2652 	1693
f 164 	2652 	171
f 164 	166 	2652
f 162 	52 	2652
f 50 	10 	2652
f 3068 	3106 	3025
f 3139 	3112 	3253
f 3240 	2744 	2934
f 3249 	3139 	3253
f 3130 	3145 	3144
f 2823 	2844 	3148
f 3148 	2845 	2842
f 2842 	2843 	3148
f 3146 	3025 	3106
f 3124 	3033 	3140
f 2970 	2997 	3145
f 3136 	3176 	3113
f 2744 	3240 	3147
f 2652 	2763 	1562
f 2750 	2752 	1562
f 2738 	2739 	1562
f 2702 	2704 	1562
f 3148 	1562 	2673
f 2665 	2673 	1562
f 3123 	3161 	3032
f 3146 	3118 	3013
f 3147 	3135 	3151
f 3145 	2997 	3144
f 3136 	3150 	3176
f 3165 	3178 	2655
f 3135 	3153 	3151
f 3146 	3013 	3025
f 2625 	3142 	3144
f 3155 	3344 	3154
f 3154 	3344 	3157
f 3157 	3344 	3149
f 3156 	3064 	3159
f 3013 	3118 	3034
f 3064 	3067 	3161
f 3151 	3153 	3158
f 2665 	2704 	3195
f 3244 	3195 	2704
f 3163 	3211 	3083
f 3152 	3344 	3155
f 3160 	3186 	3150
f 3082 	3163 	3083
f 3172 	3344 	3177
f 2670 	3165 	2655
f 2744 	3147 	2760
f 2669 	3165 	2670
f 3085 	3163 	3082
f 3160 	3143 	3197
f 3064 	3161 	3159
f 3147 	3151 	3167
f 2672 	3165 	2669
f 3161 	3123 	3187
f 3186 	3160 	3197
f 3147 	3167 	2760
f 3162 	2737 	3168
f 3213 	3201 	2721
f 3151 	3158 	3020
f 2673 	2665 	3195
f 3167 	3151 	3020
f 3169 	3213 	2721
f 3159 	3161 	3187
f 3195 	3181 	2673
f 3084 	3174 	3085
f 3020 	3158 	3022
f 3162 	3277 	2737
f 3126 	3175 	3123
f 3085 	3174 	3163
f 3113 	3059 	3053
f 3084 	3066 	3174
f 3022 	3158 	3023
f 3166 	2721 	3226
f 3123 	3175 	3187
f 2658 	2655 	3178
f 3226 	2721 	4297
f 2491 	3168 	2492
f 3156 	3159 	3179
f 3176 	3059 	3113
f 3165 	3180 	3178
f 2492 	3168 	2494
f 3072 	3174 	3066
f 2672 	3181 	3165
f 3081 	3174 	3072
f 3181 	2672 	2671
f 3176 	3062 	3059
f 3344 	3172 	3173
f 3173 	3171 	3344
f 3168 	2737 	2494
f 3159 	3185 	3179
f 2671 	2673 	3181
f 3184 	3183 	3182
f 3150 	3186 	3176
f 3170 	3188 	3133
f 3163 	3191 	3170
f 3180 	3165 	3181
f 3189 	3183 	3184
f 3174 	3191 	3163
f 3159 	3187 	3185
f 3181 	3192 	3180
f 3176 	3186 	3062
f 3170 	3191 	3188
f 3164 	3235 	3279
f 3177 	3344 	3152
f 3186 	3206 	3062
f 3191 	3094 	3188
f 3181 	3195 	3192
f 3191 	3174 	3081
f 3191 	3081 	3094
f 3133 	3188 	3145
f 3164 	3196 	3235
f 3183 	3198 	3217
f 3186 	3197 	3206
f 3189 	3199 	3183
f 3190 	3194 	3200
f 3193 	3199 	3189
f 3149 	3344 	3037
f 3196 	3237 	3235
f 3209 	3190 	3200
f 2913 	2941 	3225
f 3194 	3162 	3200
f 3312 	3199 	3193
f 3178 	3180 	3203
f 2913 	3225 	3122
f 3183 	3199 	3198
f 3199 	3079 	3198
f 3201 	3237 	3196
f 3180 	3192 	3207
f 3175 	3208 	3187
f 3203 	3180 	3207
f 3187 	3208 	3185
f 3344 	3212 	3204
f 3205 	3344 	3204
f 3202 	3344 	3205
f 3114 	3211 	3115
f 3313 	3079 	3199
f 3211 	3216 	3115
f 3201 	3213 	4368
f 3203 	3207 	3222
f 3137 	3292 	3214
f 3109 	3216 	3131
f 3212 	3344 	3171
f 3200 	3230 	3209
f 3109 	3115 	3216
f 3218 	2839 	2838
f 3213 	3169 	4350
f 3168 	3200 	3162
f 3206 	3210 	3030
f 3015 	3206 	3030
f 3217 	3198 	3228
f 3019 	3030 	3210
f 3216 	3211 	3229
f 2841 	3218 	2838
f 4368 	3213 	4350
f 4939 	3223 	33
f 3262 	3224 	3210
f 3215 	3216 	3229
f 3214 	3217 	3228
f 3223 	4939 	3209
f 3211 	3163 	3170
f 3198 	3078 	3228
f 3210 	3224 	3019
f 3229 	3211 	3170
f 3198 	3079 	3078
f 3209 	3230 	3223
f 3005 	3044 	3224
f 3215 	3225 	2943
f 3019 	3224 	3044
f 3220 	3344 	3219
f 3230 	3200 	3168
f 2943 	3225 	2941
f 3214 	3227 	3153
f 2848 	1007 	651
f 2507 	37 	3223
f 4308 	3166 	3226
f 3223 	2512 	2507
f 3233 	2847 	2852
f 3214 	3228 	3227
f 2852 	2851 	3239
f 3222 	3703 	3718
f 3117 	3228 	3078
f 3218 	3239 	2839
f 3125 	3215 	3229
f 3202 	3221 	3344
f 2512 	3223 	3230
f 2512 	3230 	2514
f 3229 	3170 	3133
f 3227 	3228 	3117
f 1007 	3232 	1031
f 3222 	3231 	3703
f 3233 	2848 	2847
f 3230 	3168 	2491
f 3219 	3344 	3221
f 3153 	3227 	3158
f 2848 	3233 	1007
f 3133 	3125 	3229
f 3158 	3227 	3023
f 2514 	3230 	2491
f 3232 	1007 	3233
f 3227 	3117 	3023
f 3143 	3234 	3262
f 2981 	3261 	2934
f 3225 	3215 	3125
f 2852 	3239 	3233
f 3225 	3125 	3122
f 2925 	3242 	2931
f 3261 	3240 	2934
f 3129 	3242 	2925
f 2851 	2839 	3239
f 3140 	3033 	3141
f 3131 	3242 	3129
f 3241 	3141 	3033
f 2702 	3244 	2704
f 3908 	3243 	3238
f 3147 	3240 	3135
f 2708 	3259 	3244
f 3215 	2943 	3242
f 2708 	3244 	2702
f 3242 	3131 	3216
f 2707 	3259 	2708
f 3031 	3134 	3249
f 3242 	3216 	3215
f 3114 	3083 	3211
f 3233 	3255 	3232
f 3255 	3233 	3239
f 3288 	3248 	3251
f 3148 	1740 	1562
f 1762 	1740 	3148
f 3791 	1562 	1740
f 3270 	3248 	3256
f 3244 	3264 	3195
f 3805 	1785 	1780
f 3105 	3273 	3112
f 1579 	1094 	2583
f 3323 	3232 	3255
f 2583 	2633 	1579
f 3254 	3258 	3252
f 3244 	3257 	3264
f 2313 	1785 	1722
f 2314 	2313 	1721
f 3256 	3248 	3292
f 2323 	2314 	1582
f 1721 	1582 	2314
f 3105 	3164 	3279
f 2707 	2714 	3259
f 3246 	3247 	3033
f 3244 	3259 	3257
f 3206 	3197 	3210
f 3279 	3273 	3105
f 3258 	3254 	3260
f 3143 	3262 	3197
f 3235 	3571 	3279
f 3260 	3245 	2818
f 3262 	3234 	3238
f 3051 	3265 	2840
f 3235 	3237 	4831
f 3257 	3397 	3268
f 3137 	3256 	3292
f 3239 	3218 	3276
f 3197 	3262 	3210
f 3330 	3257 	3259
f 3258 	3260 	2818
f 4831 	3237 	4832
f 3257 	3330 	3397
f 3262 	3238 	3224
f 2812 	2818 	3245
f 3195 	3264 	3192
f 3261 	3263 	3240
f 3265 	2841 	2840
f 4832 	3237 	4368
f 2812 	3245 	2948
f 3589 	3031 	3249
f 3218 	2841 	3265
f 9 	3033 	6
f 3135 	3240 	3263
f 3318 	3252 	3266
f 3238 	3243 	3005
f 3263 	3256 	3137
f 3192 	3264 	3280
f 3224 	3238 	3005
f 3135 	3263 	3137
f 3192 	3280 	3207
f 3265 	3283 	3218
f 3252 	3258 	3267
f 3264 	3268 	3280
f 3266 	3252 	3267
f 3243 	3009 	3005
f 3269 	3270 	2965
f 3269 	2965 	3000
f 11 	3033 	22
f 3283 	3265 	3050
f 3271 	3270 	3269
f 2817 	3267 	3258
f 3264 	3257 	3268
f 648 	4007 	727
f 3274 	3248 	3270
f 3274 	3270 	3271
f 3112 	3273 	3253
f 11 	6 	3033
f 3243 	3272 	3009
f 3251 	3248 	3274
f 3050 	3265 	3051
f 3266 	3267 	3277
f 3272 	3915 	3278
f 3222 	3207 	3231
f 3276 	3255 	3239
f 3162 	3266 	3277
f 3256 	3281 	3270
f 2832 	3267 	2817
f 1395 	3033 	1403
f 2963 	3261 	2981
f 3277 	3267 	2832
f 3280 	3231 	3207
f 3276 	3282 	3275
f 3279 	3571 	3559
f 22 	3033 	1390
f 3280 	3268 	3236
f 3276 	3218 	3283
f 2832 	2737 	3277
f 3559 	3273 	3279
f 4803 	3284 	87
f 3261 	2963 	3281
f 3236 	3231 	3280
f 3281 	3256 	3263
f 3284 	4803 	3054
f 3276 	3283 	3282
f 3290 	3236 	3268
f 3283 	3050 	3061
f 3263 	3261 	3281
f 3285 	3293 	2059
f 3310 	3311 	722
f 722 	717 	3310
f 3061 	3282 	3283
f 1572 	3033 	1568
f 3328 	720 	3314
f 3183 	3294 	3182
f 3287 	3182 	3294
f 2075 	3291 	1070
f 722 	3311 	726
f 3287 	3294 	3288
f 3293 	2075 	2033
f 3275 	3282 	3302
f 87 	3284 	112
f 3294 	3248 	3288
f 1597 	1562 	1600
f 112 	3284 	3297
f 3282 	3296 	3302
f 3248 	3294 	3292
f 2075 	3293 	3291
f 3296 	3282 	3061
f 1600 	1562 	1599
f 3220 	1599 	3344
f 3285 	3309 	3293
f 3294 	3183 	3217
f 3296 	3061 	3156
f 3297 	3284 	3298
f 3299 	3428 	3443
f 3292 	3294 	3217
f 3301 	3298 	3057
f 3275 	3302 	3289
f 3292 	3217 	3214
f 3443 	3295 	3299
f 1665 	1562 	1597
f 3317 	3285 	3371
f 3305 	3304 	3303
f 3314 	720 	726
f 2326 	2328 	3306
f 3305 	3306 	3304
f 2328 	3304 	3306
f 3254 	3301 	3373
f 3307 	3394 	3286
f 1070 	3291 	431
f 522 	431 	3291
f 3291 	523 	522
f 2342 	3304 	2328
f 2339 	3304 	2342
f 3293 	3309 	3291
f 3308 	3295 	4362
f 3312 	3313 	3199
f 3260 	3254 	3373
f 3307 	3286 	2518
f 3309 	3285 	3317
f 3314 	726 	3315
f 3316 	3313 	3312
f 524 	523 	3309
f 3291 	3309 	523
f 1664 	1562 	1665
f 3310 	717 	3360
f 3337 	112 	3297
f 3322 	3313 	3316
f 2811 	3307 	2518
f 3344 	1599 	1562
f 1664 	1661 	1562
f 3336 	1031 	3232
f 3337 	128 	112
f 4386 	3295 	3443
f 524 	3309 	525
f 1660 	1562 	1661
f 726 	3311 	3315
f 2518 	3286 	2521
f 4362 	3295 	4386
f 3297 	3318 	3337
f 3313 	3320 	3079
f 2723 	3333 	2714
f 3360 	3332 	3310
f 3311 	3310 	3332
f 3332 	3329 	3311
f 3298 	3321 	3297
f 2714 	3333 	3259
f 3313 	3322 	3320
f 3324 	3320 	3322
f 3301 	3321 	3298
f 1562 	2136 	2134
f 3301 	3254 	3321
f 3326 	3333 	2729
f 526 	525 	3317
f 3309 	3317 	525
f 3286 	3319 	2521
f 2728 	3326 	2729
f 3275 	3323 	3255
f 3297 	3321 	3318
f 3327 	3320 	3324
f 728 	720 	3328
f 2728 	2742 	3326
f 3329 	729 	728
f 728 	3328 	3329
f 3304 	3334 	3303
f 2521 	3319 	3099
f 3321 	3252 	3318
f 3079 	3320 	3103
f 2138 	2136 	1562
f 3275 	3255 	3276
f 526 	3317 	527
f 3320 	3089 	3103
f 3332 	729 	3329
f 2140 	2138 	1562
f 3325 	3334 	3327
f 3321 	3254 	3252
f 3327 	3334 	3320
f 2723 	2729 	3333
f 3325 	3303 	3334
f 3069 	3347 	3035
f 3333 	3330 	3259
f 3314 	3315 	3328
f 3329 	3328 	3315
f 3315 	3311 	3329
f 3099 	3319 	3331
f 3320 	3334 	3089
f 3300 	3119 	3331
f 2142 	2140 	1562
f 3336 	3232 	3323
f 3334 	3304 	2339
f 3338 	3339 	742
f 1660 	2142 	1562
f 735 	3339 	3340
f 3099 	3331 	3119
f 735 	734 	3339
f 3336 	3323 	3341
f 3089 	3334 	2339
f 738 	737 	3343
f 3119 	3300 	3113
f 3791 	3344 	1562
f 742 	3339 	734
f 3335 	3336 	3341
f 3136 	3113 	3300
f 1780 	3800 	3805
f 3342 	2095 	3346
f 3338 	742 	738
f 1689 	4215 	1672
f 3338 	738 	3343
f 3289 	3323 	3275
f 3337 	3318 	3194
f 3035 	3347 	2095
f 3345 	735 	3340
f 3323 	3289 	3341
f 729 	3332 	737
f 3348 	737 	3332
f 3190 	3337 	3194
f 3326 	3349 	3333
f 1110 	3350 	1142
f 3333 	3349 	3330
f 3350 	1110 	1154
f 3338 	3343 	3339
f 3343 	3348 	3339
f 3340 	3339 	3348
f 3345 	3340 	3348
f 3332 	3367 	3348
f 3351 	3352 	3353
f 3351 	3353 	3355
f 2095 	3347 	3346
f 3330 	3349 	3417
f 3343 	737 	3348
f 3266 	3194 	3318
f 1154 	3335 	3385
f 3194 	3266 	3162
f 3347 	3381 	3346
f 3350 	1154 	3385
f 3358 	3352 	3357
f 3359 	3352 	3358
f 717 	757 	3360
f 2205 	1562 	2210
f 761 	760 	3361
f 3360 	757 	3364
f 2739 	3365 	2740
f 3389 	3335 	3341
f 760 	735 	3345
f 2738 	3365 	2739
f 3298 	3054 	3057
f 2214 	1562 	2218
f 3367 	761 	3368
f 2738 	2752 	3365
f 763 	761 	3367
f 2210 	1562 	2214
f 3298 	3284 	3054
f 3369 	3352 	3366
f 3361 	760 	3345
f 1562 	2134 	2220
f 3368 	761 	3361
f 3057 	3063 	3301
f 3365 	3378 	2740
f 2059 	3342 	3285
f 2220 	2218 	1562
f 3370 	3352 	3369
f 3345 	3348 	3361
f 3368 	3361 	3348
f 3367 	3368 	3348
f 3342 	3346 	3371
f 3360 	3364 	3332
f 3367 	3332 	3364
f 3375 	1723 	3372
f 3371 	3285 	3342
f 3376 	1723 	3375
f 3373 	3301 	3063
f 3346 	3377 	3371
f 2742 	2740 	3378
f 3379 	1723 	3376
f 3367 	764 	763
f 3068 	3380 	3373
f 2742 	3378 	3326
f 3025 	3380 	3068
f 3382 	1723 	3379
f 3383 	1723 	3382
f 764 	3367 	3364
f 3386 	3387 	1723
f 3013 	3410 	3025
f 3364 	757 	764
f 3346 	3381 	3377
f 3352 	1723 	3356
f 3385 	3335 	3389
f 3374 	3354 	3384
f 2800 	3374 	3384
f 3377 	3381 	3404
f 3326 	3391 	3349
f 3392 	3352 	3390
f 3390 	3352 	3370
f 3378 	3391 	3326
f 3393 	3352 	3392
f 3354 	3307 	3384
f 3396 	3352 	3395
f 3388 	3352 	3396
f 3395 	3352 	3393
f 3371 	3377 	3420
f 3354 	3394 	3307
f 3478 	3389 	3341
f 3398 	3399 	3353
f 2954 	3018 	2942
f 3420 	3317 	3371
f 3400 	3353 	3399
f 3417 	3397 	3330
f 3403 	3353 	3401
f 2890 	3033 	2893
f 3381 	3455 	3404
f 3405 	3353 	3403
f 3400 	3401 	3353
f 3349 	3391 	3299
f 3373 	3380 	3260
f 3406 	3289 	3302
f 3286 	3394 	3402
f 3407 	3353 	3405
f 3302 	3296 	3426
f 3286 	3402 	3319
f 3245 	3260 	3380
f 3409 	3353 	3408
f 3406 	3302 	3426
f 3411 	3353 	3409
f 3408 	3353 	3407
f 3025 	3410 	3380
f 3412 	3353 	3411
f 3454 	3319 	3402
f 3413 	3353 	3412
f 3296 	3156 	3414
f 3380 	3410 	3245
f 3268 	3397 	3290
f 3415 	1722 	3413
f 1562 	3001 	2998
f 3319 	3454 	3331
f 3397 	3308 	3290
f 538 	527 	3420
f 3317 	3420 	527
f 3414 	3426 	3296
f 3418 	1722 	3416
f 3179 	3414 	3156
f 2831 	2800 	3384
f 2948 	3245 	3410
f 3419 	1722 	3418
f 3299 	3417 	3349
f 2831 	3384 	2811
f 3013 	3422 	3410
f 3397 	3417 	3308
f 3034 	3422 	3013
f 3424 	1722 	3423
f 3417 	3295 	3308
f 3384 	3307 	2811
f 3423 	1722 	3419
f 2898 	3033 	2998
f 3417 	3299 	3295
f 3404 	3438 	3377
f 3410 	3422 	2948
f 773 	727 	4007
f 3519 	3529 	3404
f 3430 	1722 	3429
f 2948 	3422 	2950
f 2954 	3422 	3034
f 3300 	3468 	3136
f 2950 	3422 	2954
f 3426 	3414 	3450
f 3435 	1723 	3434
f 3420 	539 	538
f 3437 	1723 	3436
f 3436 	1723 	3435
f 3377 	3438 	3420
f 3474 	3459 	3150
f 3372 	1723 	3437
f 3438 	3404 	3529
f 3416 	1722 	3415
f 3425 	1722 	3424
f 3353 	3413 	1722
f 3427 	1722 	3425
f 3427 	3429 	1722
f 3431 	1722 	3430
f 540 	539 	3438
f 3420 	3438 	539
f 3179 	3439 	3414
f 3185 	3441 	3179
f 1722 	3431 	3432
f 3433 	1723 	3432
f 3434 	1723 	3433
f 3387 	3356 	1723
f 1722 	3432 	1723
f 547 	3438 	3529
f 3150 	3459 	3160
f 3439 	3179 	3441
f 540 	3438 	547
f 3356 	3357 	3352
f 3363 	3352 	3362
f 3359 	3362 	3352
f 3363 	3366 	3352
f 3383 	3386 	1723
f 3143 	3160 	3482
f 3388 	3398 	3353
f 3352 	3388 	3353
f 3352 	3351 	1723
f 3047 	3445 	3069
f 1724 	1723 	3351
f 2896 	3446 	2683
f 3445 	3347 	3069
f 3501 	3234 	3143
f 3406 	3448 	3421
f 3448 	3406 	3426
f 3450 	3448 	3426
f 3446 	2896 	3447
f 3447 	3440 	3457
f 3443 	3428 	4558
f 3446 	3447 	3457
f 2750 	3452 	2752
f 3450 	3414 	3439
f 3440 	3442 	3453
f 3452 	3365 	2752
f 3440 	3453 	3457
f 2763 	3458 	2754
f 2754 	3458 	3452
f 2754 	3452 	2750
f 766 	772 	3461
f 3365 	3452 	3463
f 3347 	3445 	3381
f 2683 	3446 	3467
f 3365 	3463 	3378
f 3445 	3455 	3381
f 3472 	766 	3461
f 3441 	4024 	3439
f 3269 	1562 	3271
f 3445 	3456 	3455
f 3446 	3457 	3469
f 2779 	3505 	2765
f 3456 	3449 	3470
f 768 	3510 	3460
f 3341 	3289 	3478
f 2763 	2765 	3458
f 3455 	3456 	3470
f 771 	768 	3460
f 3449 	3451 	3479
f 3460 	3510 	3477
f 3461 	3464 	3460
f 3460 	3464 	3465
f 3289 	3406 	3478
f 3462 	3331 	3454
f 3470 	3449 	3479
f 3464 	771 	3465
f 3476 	3452 	3458
f 3466 	1142 	3350
f 3451 	3492 	3500
f 772 	771 	3464
f 3452 	3476 	3463
f 1142 	3466 	1269
f 3271 	1562 	3274
f 3269 	3000 	1562
f 3000 	3001 	1562
f 3462 	3300 	3331
f 3479 	3451 	3500
f 3461 	772 	3464
f 3476 	3458 	3503
f 771 	3460 	3465
f 3469 	3467 	3446
f 3458 	2765 	3505
f 3519 	3404 	3455
f 3503 	3458 	3505
f 3462 	3468 	3300
f 3463 	3481 	3378
f 3453 	3480 	3457
f 1562 	3288 	3251
f 778 	766 	3472
f 3378 	3481 	3391
f 3457 	3480 	3469
f 3471 	3385 	3389
f 3473 	778 	3472
f 3455 	3470 	3519
f 3288 	1562 	3287
f 3463 	3475 	3481
f 3471 	3389 	3495
f 3474 	3136 	3468
f 3461 	3460 	3472
f 3472 	3460 	3473
f 3477 	3473 	3460
f 3251 	3274 	1562
f 3463 	3476 	3475
f 783 	778 	3473
f 2535 	2534 	3469
f 3467 	3469 	2534
f 795 	783 	3477
f 2533 	3467 	2534
f 3287 	1562 	3182
f 3184 	3182 	1562
f 3469 	2539 	2535
f 3495 	3389 	3478
f 3136 	3474 	3150
f 3473 	3477 	783
f 3478 	3406 	3421
f 3305 	1562 	3306
f 3306 	1562 	2326
f 2540 	2539 	3480
f 3469 	3480 	2539
f 3428 	3299 	3391
f 3421 	3495 	3478
f 2540 	3480 	2545
f 3303 	1562 	3305
f 3428 	3391 	3481
f 3484 	3485 	3515
f 3486 	3513 	3485
f 3487 	3513 	3486
f 3488 	3513 	3487
f 3489 	3513 	3488
f 3477 	3513 	3489
f 2208 	1562 	2205
f 1562 	2208 	2326
f 3350 	3490 	3466
f 3490 	3350 	3385
f 3481 	3475 	3444
f 3471 	3490 	3385
f 3485 	802 	792
f 792 	794 	3486
f 3193 	3189 	1562
f 3428 	3481 	3444
f 794 	795 	3488
f 3486 	3485 	792
f 3489 	3488 	795
f 3189 	3184 	1562
f 3476 	3493 	3475
f 3487 	3486 	794
f 3477 	3489 	795
f 3504 	3442 	3491
f 3491 	3496 	3504
f 3322 	1562 	3324
f 3324 	1562 	3327
f 3312 	3193 	1562
f 3327 	1562 	3325
f 3526 	3471 	3495
f 801 	3485 	3484
f 3303 	3325 	1562
f 3491 	3498 	3496
f 801 	802 	3485
f 3459 	3482 	3160
f 794 	3488 	3487
f 3499 	3505 	2783
f 2783 	3505 	2779
f 2782 	3499 	2783
f 2652 	1562 	3033
f 2895 	3033 	2898
f 2893 	3033 	2895
f 1562 	2998 	3033
f 3033 	2890 	1568
f 1572 	1403 	3033
f 1398 	3033 	1395
f 1398 	1390 	3033
f 9 	3250 	3033
f 3250 	3246 	3033
f 3322 	3316 	1562
f 3316 	3312 	1562
f 3492 	3497 	3500
f 2782 	2785 	3499
f 3795 	3040 	3344
f 3537 	3535 	3421
f 3510 	768 	808
f 3247 	3241 	3033
f 3033 	3086 	3795
f 809 	3511 	808
f 3510 	808 	3511
f 3537 	3421 	3448
f 3502 	3483 	3509
f 1553 	3767 	1780
f 3515 	3514 	811
f 3143 	3482 	3501
f 3504 	3453 	3442
f 3502 	3509 	3497
f 3515 	811 	810
f 3036 	3506 	3037
f 3492 	3502 	3497
f 3435 	3687 	3436
f 813 	811 	3513
f 3523 	3453 	3504
f 3041 	3508 	3506
f 3041 	3506 	3036
f 3508 	3041 	3040
f 3505 	3499 	3517
f 3042 	3518 	3043
f 3043 	3518 	3508
f 3503 	3505 	3517
f 3043 	3508 	3040
f 3517 	3499 	26
f 3542 	3518 	3075
f 29 	3499 	2785
f 26 	3499 	29
f 3512 	3506 	3508
f 3514 	3485 	3513
f 3515 	3485 	3514
f 3493 	3476 	3503
f 3523 	3480 	3453
f 3510 	3511 	3477
f 3513 	3477 	3511
f 3503 	1 	3493
f 3508 	3516 	3512
f 3496 	3528 	3504
f 3500 	3497 	3539
f 3503 	3517 	1
f 3508 	3518 	3516
f 3540 	3500 	3539
f 3504 	3528 	3523
f 3513 	811 	3514
f 3042 	3075 	3518
f 3519 	3470 	3532
f 3484 	3515 	810
f 3470 	3479 	3532
f 3513 	3511 	813
f 3512 	3516 	3525
f 3524 	2807 	2806
f 3471 	3526 	3521
f 809 	813 	3511
f 3524 	3553 	2807
f 3540 	3532 	3479
f 2809 	3524 	2806
f 3495 	3421 	3535
f 2546 	2545 	3523
f 3480 	3523 	2545
f 810 	801 	3484
f 3495 	3535 	3526
f 3523 	2548 	2546
f 3533 	2808 	2658
f 3519 	569 	568
f 3519 	568 	3529
f 3524 	3569 	3531
f 2549 	2548 	3528
f 3523 	3528 	2548
f 2809 	3533 	3524
f 3533 	2809 	2808
f 2551 	3528 	3545
f 4104 	3521 	3526
f 570 	569 	3532
f 3519 	3532 	569
f 3524 	3533 	3569
f 2549 	3528 	2551
f 3532 	3540 	596
f 3498 	3761 	3538
f 3498 	3538 	3496
f 3636 	3400 	3399
f 2905 	3534 	3522
f 570 	3532 	596
f 3636 	3637 	3400
f 574 	547 	3529
f 3531 	3569 	3585
f 3529 	568 	575
f 574 	3529 	575
f 3077 	3071 	3536
f 3536 	3542 	3077
f 3643 	3646 	3407
f 3537 	3448 	3990
f 2914 	3522 	3527
f 3646 	3647 	3408
f 3496 	3538 	3545
f 3071 	3073 	3536
f 2905 	3522 	2914
f 3550 	3516 	3518
f 3527 	2944 	2914
f 2823 	3548 	3816
f 3074 	3542 	3075
f 3479 	3500 	3540
f 2822 	3548 	2823
f 3074 	3077 	3542
f 1343 	1269 	3552
f 2803 	3553 	2825
f 1343 	3552 	1507
f 3527 	3543 	2944
f 3518 	3542 	3550
f 753 	593 	3539
f 3497 	3544 	3539
f 3542 	3536 	3555
f 2803 	2807 	3553
f 3423 	3671 	3424
f 3673 	3424 	3671
f 3509 	3544 	3497
f 3528 	3496 	3545
f 3673 	3425 	3424
f 3466 	3546 	3558
f 3574 	3579 	830
f 3543 	3530 	2918
f 3546 	3466 	3490
f 3425 	3675 	3427
f 3521 	3490 	3471
f 3427 	3676 	3429
f 3539 	3544 	753
f 2822 	2825 	3548
f 2944 	3543 	2918
f 3490 	3521 	3546
f 3545 	2568 	2551
f 3545 	2572 	2568
f 3530 	2793 	2918
f 3816 	3548 	3547
f 3516 	3549 	3525
f 3544 	3509 	4775
f 3548 	3563 	3547
f 3433 	3685 	3434
f 3542 	3555 	3550
f 2825 	3553 	3548
f 597 	596 	3540
f 3530 	3551 	2793
f 3434 	3686 	3435
f 3538 	3541 	3556
f 3549 	3516 	3550
f 3548 	3553 	3563
f 2793 	3551 	2800
f 593 	598 	3539
f 3540 	3539 	598
f 3553 	3524 	3531
f 3550 	3554 	3549
f 597 	3540 	598
f 3541 	4511 	3556
f 3551 	3374 	2800
f 3556 	3545 	3538
f 1722 	3805 	3353
f 3531 	3563 	3553
f 3550 	3555 	3554
f 4149 	3552 	3558
f 3555 	3639 	3554
f 2582 	2572 	3556
f 3545 	3556 	2572
f 3355 	4130 	3351
f 4831 	3571 	3235
f 3547 	3562 	3561
f 2584 	2582 	3556
f 3558 	3546 	4151
f 3525 	3549 	3888
f 3556 	4511 	2584
f 2585 	2584 	4511
f 3562 	3547 	3563
f 3253 	3597 	3249
f 3546 	3521 	4153
f 3549 	3554 	3872
f 4151 	3546 	4153
f 4153 	3521 	4104
f 3560 	3557 	3566
f 2869 	3575 	2870
f 2870 	3575 	3565
f 3606 	3253 	3273
f 2870 	3565 	2867
f 3574 	830 	833
f 3520 	3567 	3557
f 2874 	3581 	2875
f 3566 	3557 	3567
f 2874 	2902 	3581
f 3613 	3581 	2902
f 3534 	2930 	3520
f 3021 	3565 	3570
f 3559 	3483 	3502
f 3570 	3116 	3021
f 2905 	2930 	3534
f 3565 	3573 	3570
f 3178 	3533 	2658
f 3571 	3483 	3559
f 3566 	3567 	4798
f 2869 	2875 	3575
f 3565 	3575 	3573
f 3580 	3599 	3574
f 3576 	3591 	3580
f 3572 	3688 	4680
f 3575 	2875 	3581
f 3574 	835 	3580
f 3567 	3520 	2930
f 3086 	3588 	3087
f 2926 	3567 	2930
f 3574 	833 	835
f 3087 	3588 	3093
f 3593 	3575 	3581
f 835 	832 	3580
f 3576 	3580 	832
f 3456 	3445 	3047
f 3577 	3356 	3584
f 3080 	3456 	3047
f 3578 	3577 	3620
f 3533 	3586 	3569
f 3449 	3456 	3080
f 3178 	3586 	3533
f 3620 	3564 	3578
f 3586 	3178 	3203
f 3587 	3583 	3829
f 3031 	3589 	3080
f 3570 	3573 	3702
f 3599 	3580 	3591
f 3592 	3574 	3599
f 3579 	3574 	3592
f 3080 	3589 	3449
f 3575 	3593 	3573
f 3589 	3451 	3449
f 3586 	3203 	3590
f 844 	882 	3711
f 3203 	3222 	3590
f 3589 	3249 	3597
f 850 	849 	3592
f 3595 	3620 	3582
f 852 	850 	3591
f 3073 	3600 	3536
f 850 	3599 	3591
f 3587 	3596 	3715
f 3589 	3597 	3451
f 3073 	3090 	3600
f 849 	830 	3579
f 3596 	3568 	3733
f 3569 	3603 	3585
f 3586 	3603 	3569
f 3492 	3451 	3597
f 3092 	3600 	3090
f 3597 	3253 	3606
f 3586 	3590 	3603
f 3091 	3618 	3092
f 3530 	3670 	3551
f 3585 	3603 	3601
f 3606 	3273 	3559
f 3607 	3613 	2907
f 3592 	3599 	850
f 2906 	3607 	2907
f 3603 	3590 	3614
f 3597 	3606 	3492
f 3091 	3096 	3618
f 3601 	3603 	3614
f 849 	3579 	3592
f 2906 	2909 	3607
f 3502 	3606 	3559
f 3588 	3627 	3093
f 2901 	3613 	2902
f 888 	4155 	821
f 3606 	3502 	3492
f 2901 	2907 	3613
f 3581 	3613 	3630
f 868 	869 	3655
f 3613 	3607 	3616
f 3092 	3618 	3600
f 3564 	3620 	3598
f 3630 	3613 	3616
f 3657 	870 	852
f 3582 	3620 	3584
f 3563 	3531 	3635
f 3618 	3652 	3600
f 3584 	3620 	3577
f 3786 	3607 	3645
f 821 	4155 	710
f 3585 	3635 	3531
f 3618 	3624 	3652
f 3651 	864 	866
f 3096 	3627 	3618
f 3096 	3093 	3627
f 3660 	3561 	3562
f 3581 	3630 	3593
f 3627 	3588 	3700
f 869 	870 	3656
f 3618 	3627 	3624
f 1542 	3641 	3615
f 870 	3674 	3656
f 1542 	3615 	1544
f 3562 	3563 	3635
f 3619 	3623 	3812
f 610 	626 	3621
f 869 	3656 	3655
f 3621 	614 	610
f 852 	3591 	3657
f 3632 	3562 	3635
f 3615 	3641 	3622
f 3600 	3642 	3536
f 3622 	3641 	3621
f 3616 	3607 	3786
f 3536 	3642 	3555
f 3635 	3585 	3644
f 3785 	3616 	3786
f 3642 	3600 	3652
f 2922 	3645 	2909
f 615 	614 	3641
f 3621 	3641 	614
f 3555 	3642 	3639
f 3607 	2909 	3645
f 1542 	509 	3641
f 3632 	3635 	3644
f 2923 	3664 	2924
f 3601 	3644 	3585
f 2924 	3664 	3645
f 2924 	3645 	2922
f 3712 	3708 	3591
f 3651 	3657 	3709
f 3653 	3657 	3651
f 3654 	3674 	3653
f 3655 	3674 	3654
f 3656 	3674 	3655
f 2923 	2938 	3664
f 4599 	3664 	2938
f 615 	3641 	509
f 3660 	3562 	3632
f 3652 	3624 	3572
f 3653 	3651 	866
f 3671 	3423 	3667
f 3679 	3652 	3572
f 3654 	875 	868
f 3660 	3632 	3669
f 3658 	3660 	3669
f 3657 	3653 	3674
f 868 	3655 	3654
f 3698 	3132 	3116
f 3666 	3621 	626
f 3644 	3601 	3677
f 621 	3666 	626
f 3639 	4582 	4544
f 3642 	3679 	3639
f 870 	3657 	3674
f 3652 	3679 	3642
f 3698 	3116 	3570
f 3650 	3662 	3683
f 3679 	4582 	3639
f 2897 	3650 	3683
f 3886 	3670 	3854
f 3698 	3570 	3702
f 3662 	3668 	3699
f 4116 	3670 	3889
f 3683 	3662 	3699
f 3653 	866 	3654
f 3668 	3672 	3689
f 3644 	3691 	3632
f 875 	3654 	866
f 3699 	3668 	3689
f 3632 	3691 	3669
f 4138 	3670 	4116
f 3691 	3644 	3677
f 1988 	2642 	3610
f 3741 	3689 	3672
f 3688 	3701 	4677
f 3889 	3670 	3893
f 3669 	3691 	3740
f 3357 	3356 	3578
f 3577 	3578 	3356
f 3693 	3736 	3680
f 3893 	3670 	3900
f 3651 	880 	864
f 3359 	3358 	3564
f 3784 	3694 	3680
f 3900 	3670 	3886
f 3132 	3695 	3126
f 3357 	3578 	3358
f 3564 	3358 	3578
f 3447 	2897 	3683
f 3854 	3670 	3853
f 3126 	3695 	3175
f 3598 	3362 	3564
f 3359 	3564 	3362
f 3086 	3110 	3588
f 3696 	3588 	3110
f 3853 	3670 	3866
f 2897 	3447 	2896
f 3693 	3680 	3694
f 3695 	3132 	3697
f 3108 	3696 	3110
f 3362 	3598 	3363
f 3753 	3677 	3742
f 3683 	3440 	3447
f 3363 	3602 	3366
f 3694 	3705 	3693
f 3121 	3696 	3108
f 3363 	3598 	3602
f 3588 	3696 	3700
f 3602 	3604 	3366
f 3369 	3366 	3604
f 880 	3651 	3709
f 3694 	1611 	3705
f 3683 	3699 	3440
f 3604 	3605 	3369
f 3370 	3369 	3605
f 3711 	882 	881
f 3132 	3698 	3697
f 3605 	3625 	3370
f 3700 	3696 	3716
f 3859 	3670 	3873
f 3712 	881 	885
f 3699 	3689 	3442
f 3701 	3627 	3700
f 3557 	3670 	3520
f 880 	3709 	885
f 3222 	3718 	3590
f 3622 	3736 	3693
f 3627 	3701 	3624
f 3372 	3608 	3375
f 3611 	3375 	3608
f 3700 	3716 	3719
f 3440 	3699 	3442
f 3560 	3670 	3557
f 3594 	3376 	3611
f 3375 	3611 	3376
f 3720 	3698 	3702
f 3615 	3622 	3693
f 3704 	832 	844
f 3376 	3594 	3379
f 3595 	3379 	3594
f 3576 	832 	3704
f 3688 	3624 	3701
f 3383 	3382 	3582
f 3231 	3707 	3703
f 3702 	3706 	3720
f 3624 	3688 	3572
f 3657 	3591 	3708
f 3709 	3657 	3708
f 3595 	3582 	3382
f 3379 	3595 	3382
f 3534 	3670 	3522
f 3573 	3710 	3702
f 3705 	1611 	1629
f 3236 	3707 	3231
f 3704 	3711 	3591
f 3712 	3591 	3711
f 3701 	3700 	3719
f 3593 	3710 	3573
f 3584 	3386 	3582
f 3383 	3582 	3386
f 3576 	3704 	3591
f 3693 	3705 	3615
f 3584 	3387 	3386
f 3387 	3584 	3356
f 3714 	3696 	3121
f 3705 	1629 	1544
f 3702 	3710 	3706
f 3120 	3714 	3121
f 3631 	3612 	3396
f 3705 	1544 	3615
f 3633 	3388 	3612
f 3120 	3124 	3714
f 3124 	3731 	3714
f 3527 	3670 	3543
f 3614 	3590 	3718
f 3587 	3724 	3583
f 3625 	3390 	3370
f 3543 	3670 	3530
f 3704 	844 	3711
f 3614 	3745 	3601
f 3716 	3696 	3714
f 3392 	3390 	3626
f 3625 	3626 	3390
f 3670 	3402 	3394
f 3587 	3715 	3724
f 3551 	3670 	3374
f 3626 	3628 	3392
f 3393 	3392 	3628
f 3745 	3614 	3717
f 885 	3708 	3712
f 3628 	3629 	3393
f 3395 	3393 	3629
f 3695 	3697 	3729
f 3354 	3670 	3394
f 3629 	3631 	3395
f 3396 	3395 	3631
f 3596 	3733 	3715
f 885 	3709 	3708
f 3374 	3670 	3354
f 3388 	3396 	3612
f 3698 	3720 	3697
f 3454 	3670 	3462
f 3398 	3388 	3633
f 3711 	881 	3712
f 3614 	3718 	3717
f 3716 	4671 	3719
f 3633 	3634 	3398
f 3399 	3398 	3634
f 3402 	3670 	3454
f 3634 	3636 	3399
f 3718 	3703 	3721
f 3462 	3670 	3468
f 4671 	3716 	3730
f 3744 	3697 	3720
f 2973 	3713 	3650
f 3401 	3400 	3637
f 3717 	3718 	3721
f 3637 	3638 	3401
f 3403 	3401 	3638
f 3650 	3713 	3662
f 3482 	3670 	3501
f 3638 	3640 	3403
f 3405 	3403 	3640
f 3703 	3707 	3732
f 3583 	3724 	3713
f 3468 	3670 	3474
f 3721 	3703 	3732
f 3407 	3405 	3643
f 3640 	3643 	3405
f 3474 	3670 	3459
f 3706 	3823 	3751
f 3459 	3670 	3482
f 3793 	3706 	3710
f 3723 	3725 	3722
f 3408 	3407 	3646
f 3670 	3507 	3501
f 3724 	3662 	3713
f 3140 	3731 	3124
f 3409 	3408 	3647
f 3670 	3968 	3947
f 3208 	3175 	3728
f 3668 	3724 	3715
f 3647 	3648 	3409
f 3411 	3409 	3648
f 3695 	3728 	3175
f 3648 	3649 	3411
f 3412 	3411 	3649
f 3723 	3727 	3725
f 3507 	3670 	3494
f 3649 	3659 	3412
f 3413 	3412 	3659
f 3716 	3714 	3730
f 3724 	3668 	3662
f 3494 	3670 	3947
f 3661 	3415 	3659
f 3413 	3659 	3415
f 3668 	3715 	3672
f 3680 	3736 	3727
f 3729 	3728 	3695
f 3670 	3986 	3979
f 3415 	3661 	3416
f 3663 	3416 	3661
f 3416 	3663 	3418
f 3665 	3418 	3663
f 3140 	3141 	3731
f 3732 	3707 	4374
f 3697 	3744 	3729
f 3670 	3954 	3968
f 3667 	3419 	3665
f 3418 	3665 	3419
f 3730 	3714 	3731
f 3733 	3672 	3715
f 3952 	3670 	3979
f 3733 	3775 	3743
f 3419 	3667 	3423
f 3954 	3670 	3952
f 3734 	3722 	3725
f 3735 	3208 	3728
f 3672 	3733 	3743
f 3675 	3425 	3673
f 3676 	3427 	3675
f 3728 	3729 	3737
f 3429 	3676 	3678
f 3727 	3736 	3725
f 4065 	3670 	4061
f 3735 	3728 	3737
f 3681 	3430 	3678
f 3429 	3678 	3430
f 3682 	3431 	3681
f 3430 	3681 	3431
f 3986 	3670 	4065
f 3155 	3746 	3738
f 3684 	3432 	3682
f 3431 	3682 	3432
f 3155 	3738 	3152
f 3685 	3433 	3684
f 3432 	3684 	3433
f 3746 	3155 	3154
f 3691 	3677 	3753
f 3686 	3434 	3685
f 3622 	3747 	3736
f 3435 	3686 	3687
f 3753 	3740 	3691
f 3690 	3436 	3687
f 3945 	3734 	3752
f 3436 	3690 	3437
f 3692 	3437 	3690
f 3677 	3601 	3745
f 3437 	3692 	3372
f 3608 	3372 	3692
f 3734 	3666 	3752
f 3608 	3620 	3611
f 3720 	3706 	3751
f 3672 	3743 	3741
f 3725 	3747 	3734
f 3670 	3534 	3520
f 3598 	3620 	3602
f 3602 	3620 	3604
f 3605 	3604 	3620
f 3720 	3751 	3744
f 3747 	3725 	3736
f 3766 	893 	898
f 3677 	3745 	3742
f 3743 	3739 	3758
f 3738 	3746 	3790
f 3764 	898 	3726
f 3631 	3620 	3612
f 3734 	3747 	3666
f 3612 	3620 	3633
f 3154 	3157 	3746
f 3741 	3743 	3758
f 3595 	3594 	3620
f 3748 	3729 	3744
f 4007 	637 	4006
f 3666 	3747 	3621
f 3739 	3749 	3758
f 3594 	3611 	3620
f 3729 	3748 	3737
f 3721 	3781 	3717
f 3747 	3622 	3621
f 3631 	3629 	3620
f 3629 	3628 	3620
f 3628 	3626 	3620
f 3626 	3625 	3620
f 3625 	3605 	3620
f 3873 	3670 	3560
f 3739 	3750 	3749
f 3670 	3527 	3522
f 3608 	3692 	3620
f 3640 	3638 	3620
f 3638 	3637 	3620
f 3637 	3636 	3620
f 3634 	3620 	3636
f 3633 	3620 	3634
f 637 	4349 	4222
f 621 	638 	3666
f 3752 	3666 	638
f 3172 	3757 	3173
f 3756 	3751 	3762
f 3753 	3742 	4097
f 3646 	3643 	3620
f 3643 	3640 	3620
f 3647 	3646 	3620
f 3648 	3647 	3620
f 3665 	3620 	3667
f 3665 	3663 	3620
f 3663 	3661 	3620
f 3661 	3659 	3620
f 3659 	3649 	3620
f 3649 	3648 	3620
f 3173 	3757 	3754
f 3173 	3754 	3171
f 638 	636 	3752
f 3172 	3177 	3757
f 3757 	3177 	3738
f 3738 	3177 	3152
f 3491 	3689 	3741
f 3678 	3620 	3681
f 3676 	3620 	3678
f 3675 	3620 	3676
f 3673 	3620 	3675
f 3671 	3620 	3673
f 3667 	3620 	3671
f 3682 	3681 	3620
f 3690 	3687 	3620
f 3692 	3690 	3620
f 3687 	3686 	3620
f 3686 	3685 	3620
f 3685 	3684 	3620
f 3684 	3682 	3620
f 3774 	3742 	3745
f 3766 	898 	3764
f 3742 	3774 	4081
f 3744 	3756 	3748
f 3689 	3491 	3442
f 3903 	3723 	3755
f 3751 	3756 	3744
f 3491 	3741 	3498
f 3903 	3921 	3723
f 1553 	2652 	3767
f 3772 	3767 	3033
f 3033 	3795 	3772
f 3800 	1780 	3767
f 3795 	3344 	3791
f 3741 	3758 	3498
f 3757 	3738 	3759
f 4176 	1672 	4215
f 3758 	3749 	3761
f 3722 	3755 	3723
f 3726 	3782 	3764
f 3721 	3763 	3781
f 3762 	3823 	3837
f 3732 	3763 	3721
f 1118 	1672 	1261
f 3760 	3766 	3777
f 3764 	3776 	3766
f 3805 	4130 	3353
f 3353 	4130 	3355
f 3758 	3761 	3498
f 3790 	3759 	3738
f 893 	3766 	3760
f 4472 	3761 	3749
f 3770 	3754 	3757
f 3757 	3759 	3770
f 3772 	3919 	3769
f 3769 	3767 	3772
f 3773 	3726 	4062
f 3717 	3774 	3745
f 3541 	3538 	3761
f 3795 	3797 	3772
f 3776 	908 	3777
f 3568 	3775 	3733
f 900 	3777 	908
f 3609 	3775 	3568
f 3760 	900 	893
f 3767 	3769 	3800
f 3778 	3710 	3593
f 3836 	3759 	3790
f 3630 	3778 	3593
f 3777 	900 	3760
f 3771 	3780 	3769
f 3921 	3727 	3723
f 3771 	3918 	3780
f 3619 	3783 	3617
f 3774 	3717 	3781
f 3680 	3727 	3765
f 3774 	3781 	3779
f 3783 	3799 	3617
f 3782 	3726 	3773
f 3506 	3149 	3037
f 3784 	3680 	3765
f 3782 	3962 	3776
f 3777 	3766 	3776
f 3782 	3776 	3764
f 3157 	3149 	3794
f 3149 	3506 	3794
f 4605 	3786 	3645
f 4048 	4061 	3670
f 3789 	3694 	3784
f 3763 	3792 	3781
f 3790 	3746 	3813
f 3781 	3792 	3779
f 3789 	1652 	1611
f 3793 	3710 	3778
f 907 	3776 	3787
f 3965 	3795 	3791
f 280 	3779 	3792
f 3694 	3789 	1611
f 3794 	3746 	3157
f 3778 	3796 	3793
f 907 	908 	3776
f 3794 	3506 	3512
f 3616 	3798 	3630
f 3743 	3775 	3739
f 3630 	3798 	3778
f 3746 	3794 	3813
f 3798 	3616 	3785
f 3617 	3799 	3609
f 3778 	3798 	3796
f 3670 	4071 	4048
f 3609 	3799 	3775
f 3798 	3785 	3818
f 3808 	3806 	3780
f 3796 	3798 	3818
f 3799 	3739 	3775
f 3800 	3804 	3805
f 4054 	3670 	4113
f 3802 	3794 	3512
f 3806 	3800 	3769
f 3799 	3783 	3750
f 3785 	3862 	3818
f 3769 	3780 	3806
f 4619 	3785 	3786
f 3525 	3802 	3512
f 3787 	3835 	907
f 3670 	4054 	4085
f 3800 	3806 	3807
f 3800 	3807 	3804
f 3862 	3785 	4619
f 3739 	3799 	3750
f 3809 	3750 	3783
f 3806 	3808 	3807
f 3804 	3807 	4130
f 3808 	4130 	3807
f 3619 	3812 	3783
f 3623 	3788 	3812
f 3813 	3794 	3802
f 3783 	3812 	3809
f 3795 	3965 	3797
f 3914 	3801 	3811
f 3706 	3793 	3823
f 2842 	3814 	2843
f 1840 	3820 	3856
f 3788 	4538 	3812
f 3790 	3813 	3810
f 2845 	3816 	3814
f 2845 	3814 	2842
f 3804 	4130 	3805
f 3803 	3784 	3765
f 3813 	3802 	3815
f 2844 	3816 	2845
f 3791 	1873 	3819
f 3830 	925 	924
f 3810 	3813 	3815
f 2823 	3816 	2844
f 3818 	3843 	3796
f 3803 	3817 	3784
f 3819 	1873 	1229
f 3817 	3789 	3784
f 925 	4155 	888
f 3810 	3815 	3822
f 3816 	3547 	3828
f 3965 	3791 	3819
f 3817 	3820 	3789
f 3820 	1840 	1652
f 3789 	3820 	1652
f 4215 	1689 	1131
f 3825 	3826 	3824
f 3828 	3814 	3816
f 3814 	3828 	3825
f 4013 	3829 	3942
f 3942 	3829 	3827
f 3825 	3828 	3826
f 3762 	3751 	3823
f 3832 	3834 	3875
f 3835 	3958 	3834
f 3787 	3958 	3835
f 3561 	3828 	3547
f 3832 	3831 	924
f 3118 	3821 	3034
f 3796 	3838 	3793
f 3835 	3834 	920
f 3759 	3836 	3842
f 3821 	3018 	3034
f 3828 	3561 	3826
f 3793 	3838 	3823
f 3834 	3832 	913
f 3810 	3836 	3790
f 3796 	3843 	3838
f 913 	3832 	914
f 3823 	3838 	3837
f 907 	3835 	920
f 3832 	924 	914
f 3811 	3824 	3826
f 3838 	3840 	3837
f 3821 	3839 	3018
f 924 	3831 	3830
f 3759 	3842 	3770
f 3801 	3824 	3811
f 4475 	2212 	4514
f 3770 	3842 	3768
f 2270 	1203 	4514
f 3049 	3018 	3839
f 3841 	3768 	3842
f 3838 	3843 	3840
f 920 	3834 	913
f 3941 	3942 	3844
f 3842 	3836 	3847
f 3840 	3843 	3846
f 3839 	3844 	3049
f 1912 	3850 	3845
f 3841 	3842 	3847
f 3844 	3827 	3851
f 3836 	3810 	3855
f 3851 	3049 	3844
f 3847 	3836 	3855
f 3822 	3855 	3810
f 3866 	3670 	3859
f 3856 	3849 	1890
f 3827 	3829 	3583
f 3841 	3847 	3858
f 3870 	3849 	3856
f 3851 	3827 	3583
f 3829 	4013 	3864
f 3847 	3855 	3860
f 3858 	3847 	3860
f 3864 	3587 	3829
f 1175 	4370 	1328
f 3860 	3855 	3927
f 3587 	3864 	3596
f 1141 	1804 	4268
f 1290 	1141 	4268
f 3876 	3875 	3848
f 3977 	3850 	3861
f 3822 	3927 	3855
f 3878 	3877 	3852
f 3851 	2973 	3049
f 3852 	3876 	3848
f 3851 	3713 	2973
f 3852 	3877 	3876
f 5060 	3854 	3853
f 3851 	3583 	3713
f 3862 	3865 	3818
f 3865 	3843 	3818
f 3802 	3880 	3815
f 3862 	3868 	3865
f 3867 	3803 	3863
f 3880 	3802 	3525
f 4656 	3868 	3862
f 3867 	3817 	3803
f 3870 	3867 	4083
f 3843 	3865 	3846
f 2826 	2846 	4797
f 3878 	3852 	3857
f 2877 	3884 	2878
f 3870 	3817 	3867
f 3888 	3549 	3872
f 2877 	2843 	3884
f 3814 	3884 	2843
f 1895 	3874 	1917
f 3856 	3820 	3870
f 3831 	3832 	3875
f 3831 	3875 	3830
f 3876 	3878 	3875
f 3877 	3878 	3876
f 3830 	3875 	3878
f 3554 	4544 	3872
f 5043 	3859 	3873
f 2871 	3879 	1881
f 4787 	4786 	4806
f 3817 	3870 	3820
f 1881 	3879 	1895
f 3873 	3560 	5046
f 3884 	3879 	2878
f 4797 	4806 	2826
f 2827 	2826 	4806
f 3874 	1895 	3879
f 3880 	3525 	3888
f 2759 	4778 	4769
f 3879 	3882 	3874
f 5043 	3873 	5046
f 3880 	3896 	3815
f 2871 	2878 	3879
f 3830 	3878 	925
f 3864 	3881 	3596
f 3756 	4042 	3748
f 2920 	2933 	4902
f 3878 	3857 	925
f 4836 	4816 	2880
f 3568 	3881 	3869
f 3879 	3884 	3882
f 3596 	3881 	3568
f 3880 	3888 	3885
f 3884 	3814 	3825
f 4063 	3891 	3773
f 4973 	2995 	2991
f 3869 	3871 	3609
f 3888 	3872 	3892
f 3825 	3882 	3884
f 3568 	3869 	3609
f 4377 	3837 	3840
f 3885 	3888 	3892
f 3899 	1917 	3874
f 3904 	3874 	3882
f 3898 	3185 	3208
f 3899 	3874 	3904
f 3882 	3824 	3904
f 3735 	3898 	3208
f 3896 	3822 	3815
f 3895 	3833 	3863
f 3824 	3882 	3825
f 3896 	3880 	3885
f 3185 	3898 	3441
f 3893 	5058 	5117
f 3896 	3885 	3909
f 3441 	3898 	4005
f 1912 	3899 	3850
f 3901 	3887 	3890
f 3893 	3900 	5058
f 3887 	3901 	4032
f 3899 	3861 	3850
f 3890 	3903 	3901
f 3883 	3905 	3890
f 3886 	5066 	3900
f 3905 	3883 	3833
f 2991 	2688 	4966
f 3904 	3861 	3899
f 3895 	3905 	3833
f 3801 	3904 	3824
f 4797 	2880 	4816
f 3903 	3890 	3905
f 2921 	4888 	2884
f 3861 	3904 	3801
f 3905 	3895 	3921
f 3869 	3881 	3897
f 3903 	3905 	3921
f 3907 	3927 	3822
f 2991 	4966 	4973
f 3507 	3234 	3501
f 3906 	3869 	3897
f 4904 	3351 	5071
f 3895 	3765 	3921
f 3494 	3908 	3507
f 3896 	3907 	3822
f 3803 	3895 	3863
f 66 	1724 	277
f 3906 	3871 	3869
f 2884 	4850 	4836
f 2884 	4836 	2880
f 3908 	3234 	3507
f 3765 	3895 	3803
f 3909 	3907 	3896
f 3848 	3902 	4103
f 3912 	3917 	3911
f 3771 	3769 	3919
f 3871 	3906 	3910
f 3892 	3940 	3885
f 3918 	3771 	3919
f 3894 	3910 	4025
f 3885 	3940 	3909
f 3901 	3903 	3755
f 3755 	3998 	3901
f 3922 	3918 	3919
f 3892 	4621 	3940
f 3910 	3894 	3871
f 3811 	3920 	3914
f 3924 	3911 	3918
f 3922 	3924 	3918
f 3916 	3918 	3911
f 3917 	3916 	3911
f 3811 	3826 	3925
f 3772 	3797 	3919
f 3925 	3826 	3561
f 3925 	3561 	3660
f 3921 	3765 	3727
f 3811 	3925 	3920
f 3234 	3908 	3238
f 3868 	3928 	3865
f 3925 	3658 	3920
f 3860 	3927 	3926
f 3865 	3928 	3846
f 3924 	4039 	3911
f 3925 	3660 	3658
f 3243 	3908 	3929
f 3928 	4380 	3846
f 3929 	3915 	3272
f 3932 	3801 	3914
f 3868 	3935 	3928
f 3243 	3929 	3272
f 3278 	3915 	3923
f 3932 	3914 	3939
f 3962 	3773 	3891
f 3909 	3940 	3936
f 3931 	3932 	3939
f 3943 	3916 	3917
f 3773 	4062 	4063
f 3948 	3920 	3658
f 3944 	4430 	3935
f 3946 	3106 	4004
f 3916 	3943 	3918
f 3669 	4036 	3658
f 3958 	3962 	3902
f 3917 	3912 	3950
f 3949 	3950 	3912
f 3938 	3722 	3945
f 3907 	3951 	3927
f 3902 	3848 	3875
f 3944 	3913 	4394
f 3927 	3951 	3926
f 3946 	3930 	3146
f 4045 	4132 	3912
f 3734 	3945 	3722
f 4132 	3949 	3912
f 4430 	3944 	4394
f 3106 	3946 	3146
f 4155 	4271 	711
f 3930 	3933 	3118
f 3997 	3955 	3934
f 3118 	3146 	3930
f 3955 	3997 	3938
f 3875 	3834 	3958
f 3909 	3959 	3907
f 3821 	3118 	3933
f 3787 	3776 	3962
f 3958 	3787 	3962
f 3951 	3907 	3959
f 3938 	3945 	3955
f 3964 	3914 	3920
f 3959 	3909 	3936
f 642 	3934 	3955
f 642 	3955 	643
f 3914 	3964 	3939
f 3962 	3782 	3773
f 3929 	3494 	3947
f 3964 	3920 	3948
f 3966 	3955 	3945
f 3933 	3963 	3821
f 3929 	3908 	3494
f 3902 	3875 	3958
f 3966 	645 	3955
f 3915 	3929 	3947
f 3937 	3839 	3963
f 3964 	3948 	4031
f 643 	3955 	645
f 3891 	3902 	3962
f 3821 	3963 	3839
f 3947 	3968 	3915
f 4629 	3936 	3940
f 3937 	3941 	3844
f 3752 	3966 	3945
f 3915 	3968 	3923
f 4629 	40 	3936
f 3956 	3961 	3975
f 4039 	3975 	3960
f 3961 	3960 	3975
f 3969 	3957 	3972
f 3839 	3937 	3844
f 645 	3966 	649
f 649 	3966 	654
f 3827 	3844 	3942
f 3972 	3919 	3797
f 3972 	3922 	3919
f 3975 	3922 	3972
f 3968 	3954 	3923
f 3975 	3924 	3922
f 654 	3966 	3752
f 654 	3752 	636
f 3988 	1990 	3845
f 3975 	4039 	3924
f 3988 	2028 	1990
f 3976 	3845 	3850
f 660 	4022 	3934
f 660 	3934 	661
f 3965 	3967 	3797
f 3967 	3969 	3972
f 3954 	4011 	3923
f 3972 	3797 	3967
f 661 	3934 	642
f 3977 	3976 	3850
f 3861 	3801 	3932
f 3205 	3982 	3202
f 3861 	3932 	3977
f 3917 	4003 	3943
f 1913 	1452 	1657
f 4601 	1908 	1659
f 3952 	3979 	3994
f 3971 	3974 	4548
f 3974 	4592 	4548
f 3205 	3985 	3982
f 3204 	3985 	3205
f 3754 	3212 	3171
f 4800 	1833 	3987
f 4032 	3901 	3998
f 3988 	3845 	3976
f 4130 	3808 	3918
f 3212 	3754 	3985
f 2028 	3988 	3983
f 3212 	3985 	3204
f 4592 	3974 	3987
f 898 	773 	4007
f 3996 	3982 	3985
f 3450 	3990 	3448
f 3989 	4497 	3980
f 4017 	3450 	3439
f 4014 	3976 	3977
f 3990 	3450 	4017
f 3991 	3985 	3754
f 3950 	4003 	3917
f 3989 	3980 	3993
f 3931 	4014 	3977
f 3088 	3992 	3981
f 4018 	3726 	898
f 3931 	3977 	3932
f 3980 	3997 	3993
f 3918 	3943 	4130
f 3996 	3985 	3991
f 3127 	3981 	3984
f 2019 	2021 	3999
f 3999 	2021 	2028
f 3095 	3127 	3984
f 4002 	3943 	4003
f 3997 	3980 	3998
f 3983 	3999 	2028
f 3996 	3991 	4010
f 3095 	3984 	4001
f 4001 	3138 	3095
f 3995 	3996 	4010
f 3755 	3938 	3998
f 4010 	3991 	3768
f 4024 	3441 	4005
f 3999 	3983 	4196
f 4004 	3138 	4001
f 3770 	3991 	3754
f 3997 	3998 	3938
f 4004 	3106 	3138
f 3768 	3991 	3770
f 3938 	3755 	3722
f 4196 	3983 	4160
f 3923 	4008 	3278
f 4009 	3988 	3976
f 3997 	3934 	3993
f 3952 	4011 	3954
f 3988 	4009 	3983
f 4009 	3976 	4014
f 4037 	3735 	3737
f 4011 	3952 	3994
f 4160 	3983 	4009
f 4006 	4057 	4012
f 4102 	3995 	4010
f 4008 	3923 	4011
f 4111 	4010 	3768
f 4023 	4078 	3897
f 4173 	4014 	3931
f 4007 	4018 	898
f 3979 	4019 	3994
f 3989 	3993 	4016
f 3986 	4019 	3979
f 4017 	3439 	4024
f 4019 	3986 	4000
f 3994 	4019 	4522
f 4016 	4022 	4020
f 4007 	4006 	4043
f 3864 	4013 	4023
f 4022 	4016 	3993
f 3881 	4023 	3897
f 3864 	4023 	3881
f 4017 	4024 	4121
f 3934 	4022 	3993
f 3931 	3939 	4060
f 4121 	4024 	4127
f 4078 	3910 	3906
f 671 	4020 	672
f 4005 	4127 	4024
f 3910 	4078 	4025
f 4060 	4173 	3931
f 677 	4020 	4022
f 677 	4022 	678
f 4550 	4000 	4167
f 3898 	4030 	4005
f 672 	4020 	677
f 4006 	4012 	4038
f 3735 	4030 	3898
f 4029 	3939 	3964
f 678 	4022 	660
f 4030 	3735 	4037
f 4148 	4015 	4027
f 4029 	3964 	4031
f 4033 	4002 	4003
f 4030 	4037 	4170
f 4011 	3994 	4034
f 4003 	4141 	4033
f 4011 	4034 	4008
f 4031 	3948 	4035
f 4034 	3994 	4522
f 4032 	3998 	3980
f 3780 	3918 	3808
f 4100 	4021 	3973
f 3658 	4036 	3948
f 4012 	4087 	4038
f 3943 	4002 	4130
f 4002 	4033 	4130
f 4143 	4130 	4033
f 3748 	4059 	3737
f 4051 	1615 	3220
f 4035 	3948 	4036
f 3219 	4051 	3220
f 4037 	3737 	4059
f 4007 	4040 	4018
f 4041 	3911 	4039
f 3982 	3221 	3202
f 4050 	4038 	4043
f 4087 	4043 	4038
f 4042 	4059 	3748
f 3912 	3911 	4041
f 3670 	4085 	4079
f 3912 	4041 	4045
f 3740 	4036 	3669
f 4050 	4043 	4006
f 3756 	4047 	4042
f 3670 	4079 	4071
f 4040 	4007 	4043
f 3740 	4067 	4036
f 3975 	3972 	3956
f 3957 	3956 	3972
f 4086 	4018 	4040
f 3762 	4047 	3756
f 4039 	4056 	4041
f 4006 	4038 	4050
f 4477 	4347 	637
f 4006 	637 	4057
f 3219 	3221 	4051
f 4477 	637 	2226
f 1615 	4051 	4049
f 4045 	4041 	4055
f 4056 	4039 	3960
f 4055 	4041 	4056
f 4053 	4045 	4055
f 4052 	4045 	4053
f 4604 	4044 	4058
f 4051 	4070 	4049
f 3957 	4093 	3956
f 3221 	3982 	4051
f 3960 	3961 	4094
f 4037 	4059 	4082
f 3982 	4070 	4051
f 3967 	3965 	4099
f 4029 	4060 	3939
f 4060 	4029 	4118
f 3902 	3891 	4063
f 4056 	4109 	4055
f 4042 	4047 	4088
f 4080 	1613 	4049
f 1613 	4080 	4064
f 3837 	4066 	3762
f 4036 	4067 	4035
f 4049 	4068 	4080
f 4099 	3969 	3967
f 3762 	4066 	4047
f 3946 	4078 	3930
f 4109 	4053 	4055
f 4048 	4156 	4203
f 3930 	4078 	3933
f 4068 	4049 	4070
f 4072 	4062 	4086
f 4108 	4110 	4053
f 4070 	3995 	4068
f 4086 	4089 	4072
f 4062 	4072 	4063
f 4048 	4071 	4156
f 3996 	4070 	3982
f 4098 	4137 	4073
f 4094 	4095 	3960
f 4072 	4074 	4063
f 3995 	4070 	3996
f 4075 	4012 	4057
f 4004 	4001 	4078
f 3965 	4096 	4099
f 3961 	3956 	4093
f 4004 	4078 	3946
f 4064 	4027 	4015
f 4087 	4012 	4075
f 4056 	4114 	4109
f 4075 	4077 	4087
f 4089 	4087 	4077
f 4091 	4092 	3969
f 3933 	4078 	3963
f 4082 	4170 	4037
f 4083 	2562 	2571
f 4027 	4064 	4080
f 4062 	3726 	4018
f 3963 	4078 	3937
f 4042 	4084 	4059
f 3969 	4099 	4091
f 3937 	4078 	3941
f 4068 	4021 	4080
f 4083 	4105 	2562
f 3779 	4081 	3774
f 4059 	4084 	4082
f 4018 	4086 	4062
f 3941 	4078 	3942
f 4021 	4027 	4080
f 3942 	4078 	4013
f 2593 	3849 	2571
f 4042 	4088 	4084
f 3995 	3973 	4068
f 4013 	4078 	4023
f 3740 	4090 	4067
f 4021 	4068 	3973
f 3753 	4090 	3740
f 4088 	4047 	4198
f 3957 	4092 	4093
f 4087 	4089 	4043
f 4040 	4043 	4089
f 4074 	4072 	4089
f 4040 	4089 	4086
f 3849 	2593 	1890
f 3897 	4078 	3906
f 4066 	4198 	4047
f 3753 	4097 	4090
f 3819 	1229 	1241
f 1241 	4096 	3819
f 4025 	4078 	4026
f 4111 	4102 	4010
f 1253 	4092 	4091
f 4026 	4078 	4028
f 3857 	4155 	925
f 4028 	4078 	4046
f 4097 	3742 	4081
f 4090 	4097 	4131
f 3986 	4065 	4000
f 3961 	4093 	4094
f 3965 	3819 	4096
f 4098 	4073 	3883
f 3957 	3969 	4092
f 3973 	4101 	4100
f 4065 	4061 	4167
f 4095 	4114 	3960
f 4081 	3779 	4140
f 4295 	4078 	4333
f 3973 	3995 	4102
f 4096 	1241 	4099
f 1241 	4091 	4099
f 4076 	3833 	4073
f 4000 	4065 	4167
f 3833 	3883 	4073
f 4078 	4337 	4328
f 3973 	4102 	4101
f 3833 	4076 	3863
f 4203 	4061 	4048
f 4105 	2564 	2562
f 4337 	4078 	4329
f 4104 	3526 	4107
f 2564 	4105 	4076
f 4091 	1241 	1253
f 3792 	281 	280
f 3852 	4161 	4152
f 4329 	4078 	4343
f 4102 	4106 	4101
f 4107 	3526 	3535
f 4167 	4061 	4203
f 4108 	4109 	1247
f 4105 	3863 	4076
f 4343 	4078 	1163
f 4052 	4053 	4110
f 1248 	4109 	4114
f 4112 	4107 	3535
f 4152 	4155 	3857
f 1163 	4078 	972
f 4111 	3768 	3841
f 4112 	3535 	3537
f 3867 	4105 	4083
f 4115 	4029 	4031
f 1253 	4093 	4092
f 4102 	4111 	4106
f 972 	4078 	974
f 4093 	1251 	4094
f 3537 	3990 	4117
f 4029 	4115 	4118
f 974 	4078 	989
f 4112 	3537 	4117
f 1248 	4114 	4095
f 3852 	4152 	3857
f 989 	4078 	993
f 4111 	3841 	4119
f 3867 	3863 	4105
f 4095 	1251 	1248
f 3670 	4138 	4134
f 993 	4078 	931
f 3990 	4120 	4117
f 4106 	4111 	4119
f 4056 	3960 	4114
f 4083 	2571 	3849
f 931 	4078 	934
f 4017 	4120 	3990
f 3858 	4119 	3841
f 3849 	3870 	4083
f 934 	4078 	939
f 4079 	4085 	4178
f 939 	4078 	940
f 4017 	4121 	4120
f 4123 	4100 	4101
f 4054 	4162 	4085
f 940 	4078 	943
f 1251 	4093 	1253
f 4095 	4094 	1251
f 4125 	4103 	3902
f 1248 	1247 	4109
f 943 	4078 	784
f 4128 	4101 	4106
f 4067 	4126 	4035
f 4123 	4101 	4128
f 4053 	4109 	4108
f 784 	4078 	765
f 4067 	4154 	4126
f 765 	4078 	769
f 4063 	4125 	3902
f 4067 	4090 	4154
f 711 	710 	4155
f 4131 	4154 	4090
f 804 	4078 	3978
f 3670 	4134 	4113
f 3858 	4221 	4119
f 3978 	4078 	3992
f 4074 	4145 	4063
f 3992 	4078 	3981
f 4081 	4135 	4097
f 5107 	4113 	4134
f 4003 	3950 	4141
f 3981 	4078 	3984
f 4131 	4097 	4135
f 25 	4132 	4052
f 4045 	4052 	4132
f 3984 	4078 	4001
f 4207 	4123 	4128
f 4139 	1492 	1504
f 4144 	4181 	4103
f 4125 	4063 	4145
f 4140 	4135 	4081
f 4125 	4144 	4103
f 4142 	1504 	1507
f 4106 	4214 	4128
f 4143 	4033 	4141
f 280 	4140 	3779
f 4138 	4116 	5122
f 4142 	4139 	1504
f 4145 	4074 	4089
f 4240 	4060 	4118
f 4125 	4145 	4144
f 4157 	1593 	4015
f 4142 	1507 	4147
f 1593 	4157 	1774
f 4147 	1507 	3552
f 4146 	4326 	4124
f 4116 	5116 	5122
f 4148 	4157 	4015
f 4149 	4147 	3552
f 4150 	4031 	4035
f 4027 	4021 	4164
f 5116 	4116 	3889
f 4031 	4150 	4115
f 4089 	4197 	4145
f 4027 	4164 	4148
f 4126 	4150 	4035
f 4146 	4129 	4182
f 4195 	4197 	4077
f 31 	4110 	1254
f 1254 	4110 	4108
f 4149 	3558 	4151
f 1254 	4108 	1247
f 4021 	4100 	4164
f 5116 	3889 	5117
f 31 	25 	4110
f 4052 	4110 	25
f 770 	769 	4078
f 4290 	711 	4271
f 4078 	804 	770
f 4071 	4158 	4156
f 2721 	4159 	4122
f 4079 	4158 	4071
f 4157 	4148 	4179
f 1263 	4172 	1257
f 4178 	4158 	4079
f 4186 	4122 	4159
f 4148 	4163 	4179
f 4171 	4160 	4009
f 4159 	2721 	4165
f 4171 	4009 	4014
f 1258 	1257 	4172
f 4163 	4148 	4164
f 1262 	1261 	4175
f 4189 	4159 	4165
f 4164 	4100 	4166
f 4173 	4171 	4014
f 1261 	4176 	4175
f 4152 	4180 	4155
f 4163 	4164 	4166
f 4123 	4166 	4100
f 3848 	4103 	4161
f 4189 	4165 	4069
f 4174 	1258 	4177
f 4005 	4168 	4127
f 1272 	1258 	4174
f 4030 	4168 	4005
f 4078 	4307 	4288
f 4133 	4137 	4098
f 1774 	4169 	1772
f 4152 	4161 	4180
f 4169 	1774 	4157
f 4313 	4307 	4078
f 4168 	4030 	4170
f 4133 	4098 	4069
f 4136 	4073 	4137
f 4156 	4158 	4572
f 4155 	4202 	4193
f 4174 	4177 	4176
f 4176 	4177 	4172
f 4176 	4172 	4175
f 4160 	4171 	4233
f 4076 	4136 	2564
f 4161 	3852 	3848
f 4173 	4234 	4171
f 4157 	4179 	4169
f 4073 	4136 	4076
f 4026 	4209 	4025
f 4233 	4171 	4234
f 4181 	4144 	4197
f 4144 	4145 	4197
f 4162 	4178 	4085
f 4181 	4180 	4161
f 4185 	1262 	4175
f 1258 	4172 	4177
f 4028 	4218 	4026
f 27 	4178 	4162
f 4257 	4127 	4168
f 4103 	4181 	4161
f 4146 	4182 	4326
f 4129 	4122 	4205
f 4175 	4172 	4185
f 4183 	4218 	4028
f 4202 	4155 	4180
f 4185 	4172 	1263
f 4162 	34 	27
f 4185 	1263 	1262
f 4257 	4082 	4084
f 4186 	4205 	4122
f 4046 	4183 	4028
f 4113 	4187 	4054
f 4054 	4187 	4162
f 4088 	4257 	4084
f 4187 	4113 	5107
f 4159 	4189 	4186
f 34 	4162 	4187
f 2019 	3999 	4191
f 4214 	4106 	4119
f 4133 	4069 	4165
f 4187 	5107 	45
f 4272 	4271 	4190
f 4195 	4274 	4190
f 1274 	1272 	4212
f 1277 	1274 	4212
f 4192 	4190 	4271
f 4193 	4192 	4271
f 4196 	4191 	3999
f 4155 	4193 	4271
f 4215 	1131 	1277
f 4571 	4550 	4167
f 4199 	4200 	4197
f 4200 	4201 	4197
f 4201 	4202 	4197
f 4202 	4180 	4197
f 4180 	4181 	4197
f 4193 	4202 	4201
f 4198 	4066 	4204
f 4192 	4199 	4190
f 2130 	4184 	4325
f 3871 	3617 	3609
f 4199 	4197 	4195
f 4228 	4221 	3858
f 4201 	4200 	4193
f 4324 	2130 	4325
f 3617 	3871 	3894
f 4129 	4205 	4182
f 4199 	4192 	4200
f 4174 	4216 	1272
f 3617 	3894 	3619
f 4200 	4192 	4193
f 4267 	4182 	4205
f 4089 	4077 	4197
f 4190 	4199 	4195
f 4167 	4203 	4571
f 4191 	4196 	4246
f 4209 	3894 	4025
f 2116 	2019 	4210
f 4269 	4267 	4205
f 4207 	4128 	4211
f 1272 	4213 	4212
f 3894 	4209 	3619
f 4184 	2116 	4210
f 4215 	1277 	4212
f 4209 	3623 	3619
f 4257 	4088 	4198
f 4214 	4211 	4128
f 4077 	4057 	4195
f 4198 	4204 	4257
f 4212 	4176 	4215
f 4191 	4210 	2019
f 4209 	4026 	4218
f 4216 	4174 	4176
f 4212 	4213 	4176
f 4216 	4176 	4213
f 4206 	4257 	4204
f 4217 	3044 	4220
f 4208 	4257 	4206
f 4214 	4119 	4221
f 4209 	4218 	3623
f 4213 	1272 	4216
f 4189 	4069 	4237
f 3009 	4223 	3005
f 4208 	4449 	4257
f 4223 	3044 	3005
f 4219 	4189 	4237
f 4218 	4183 	4242
f 4224 	4237 	4069
f 3044 	4223 	4220
f 4243 	4244 	4057
f 4244 	4195 	4057
f 4224 	4069 	4098
f 3623 	4218 	4242
f 4223 	4273 	4236
f 4225 	4243 	4057
f 3860 	4228 	3858
f 4057 	4222 	4225
f 4220 	4223 	4236
f 4228 	3860 	3926
f 4188 	4194 	4247
f 3883 	4224 	4098
f 2207 	4217 	2245
f 1339 	4698 	1312
f 4217 	4220 	4232
f 4288 	4231 	4194
f 4233 	4254 	4160
f 4232 	2245 	4217
f 1288 	1287 	4262
f 4259 	4227 	4226
f 4235 	4227 	4259
f 4194 	4231 	4252
f 4259 	4264 	4235
f 4239 	4238 	4264
f 3926 	3951 	4258
f 4245 	4220 	4236
f 4238 	4225 	4222
f 4237 	4249 	4219
f 4230 	4225 	4239
f 4238 	4235 	4264
f 4236 	4301 	4330
f 4238 	4239 	4225
f 4237 	4224 	3887
f 4173 	4240 	4234
f 4235 	4238 	4222
f 4240 	4173 	4060
f 4222 	4227 	4235
f 4237 	3887 	4249
f 4214 	4241 	4211
f 4330 	4245 	4236
f 4221 	4241 	4214
f 3890 	4224 	3883
f 3887 	4224 	3890
f 1754 	4232 	1823
f 4211 	4241 	4420
f 4232 	1825 	1823
f 4220 	4245 	4232
f 4075 	4057 	4077
f 4248 	4243 	4230
f 4219 	4249 	4229
f 4225 	4230 	4243
f 4250 	4191 	4246
f 1293 	1288 	4262
f 4230 	4239 	4264
f 4248 	4230 	4264
f 4248 	4264 	4251
f 1826 	1825 	4245
f 4232 	4245 	1825
f 4262 	4275 	1293
f 4248 	4251 	4244
f 4247 	4194 	4252
f 3926 	4253 	4228
f 4243 	4248 	4244
f 1293 	4275 	1285
f 4254 	4196 	4160
f 4196 	4254 	4246
f 1826 	4245 	1829
f 4249 	3887 	4032
f 4253 	3926 	4258
f 4104 	4257 	4153
f 4255 	4342 	4256
f 4226 	4342 	4255
f 4107 	4257 	4104
f 3951 	4277 	4258
f 4112 	4257 	4107
f 4117 	4257 	4112
f 3623 	4242 	3788
f 4277 	3951 	3959
f 1287 	1290 	4265
f 4120 	4257 	4117
f 1287 	4265 	4262
f 4121 	4257 	4120
f 4255 	4259 	4226
f 4188 	4266 	4183
f 4267 	4263 	4182
f 4183 	4266 	4242
f 4257 	4121 	4127
f 4284 	4277 	3959
f 4265 	4268 	4275
f 4188 	4247 	4266
f 4256 	4264 	4255
f 4269 	4205 	4186
f 4259 	4255 	4270
f 4270 	4255 	4264
f 4170 	4257 	4168
f 4259 	4270 	4264
f 4284 	3936 	40
f 4082 	4257 	4170
f 1285 	4275 	4261
f 4189 	4219 	4186
f 4268 	4265 	1290
f 4269 	4186 	4219
f 4244 	4274 	4195
f 4258 	4321 	4319
f 4273 	4223 	3009
f 4276 	4263 	4267
f 4262 	4265 	4275
f 3272 	4278 	3009
f 3278 	4278 	3272
f 4272 	4190 	4274
f 4231 	4279 	4252
f 4258 	4277 	4321
f 4251 	4264 	4282
f 4264 	4315 	4282
f 4282 	4281 	4274
f 3009 	4278 	4273
f 4229 	4269 	4219
f 4257 	4452 	4458
f 4281 	4280 	4272
f 4278 	4283 	4273
f 4257 	4458 	4460
f 1285 	4261 	1304
f 1304 	4261 	4302
f 3936 	4284 	3959
f 4282 	4274 	4251
f 4244 	4251 	4274
f 4274 	4281 	4272
f 4278 	3278 	4285
f 4078 	4286 	4046
f 4287 	4267 	4269
f 4277 	4284 	72
f 4281 	4282 	4315
f 4278 	4285 	4283
f 4267 	4287 	4276
f 4286 	4078 	4288
f 76 	4284 	40
f 4291 	4323 	711
f 72 	4284 	76
f 4285 	4289 	4283
f 4486 	4257 	4493
f 4291 	4290 	4293
f 4495 	4257 	4486
f 4499 	4257 	4495
f 4229 	4287 	4269
f 4313 	4078 	4295
f 4271 	4272 	4294
f 2181 	4257 	4499
f 4285 	4292 	4289
f 4294 	4290 	4271
f 2078 	4257 	2181
f 1310 	4303 	1161
f 2081 	4257 	2078
f 4298 	4299 	4280
f 4299 	4300 	4280
f 2086 	4257 	2081
f 4188 	4046 	4286
f 4300 	4299 	4294
f 2093 	4257 	2086
f 4299 	4290 	4294
f 4188 	4183 	4046
f 4272 	4280 	4294
f 2056 	4257 	2093
f 4273 	4283 	4301
f 4294 	4280 	4300
f 2055 	4257 	2056
f 4286 	4288 	4194
f 4290 	4299 	4293
f 4273 	4301 	4236
f 4188 	4286 	4194
f 2058 	4257 	2055
f 4293 	4299 	4298
f 4303 	1310 	4304
f 4305 	4241 	4221
f 4283 	4289 	4320
f 1306 	1304 	4306
f 2060 	4257 	2058
f 4228 	4305 	4221
f 4301 	4283 	4320
f 1304 	4302 	4306
f 4293 	4298 	4291
f 4305 	4228 	4253
f 2068 	4257 	2060
f 4306 	4304 	1306
f 4290 	4291 	711
f 1992 	4257 	2068
f 4304 	4306 	4268
f 4303 	4304 	4268
f 4307 	4231 	4288
f 4306 	4302 	4268
f 4302 	4261 	4268
f 4261 	4275 	4268
f 4289 	4292 	4373
f 4257 	1992 	1995
f 1104 	2147 	4338
f 4257 	1995 	1998
f 4372 	4231 	4307
f 3226 	4297 	4308
f 4257 	1998 	2001
f 4310 	4323 	4309
f 4291 	4309 	4323
f 4257 	2001 	2003
f 4331 	4308 	4297
f 1306 	4304 	1310
f 4305 	4253 	4312
f 4257 	2003 	4139
f 4307 	4313 	4372
f 4280 	4281 	4315
f 4280 	4315 	4316
f 4280 	4316 	4317
f 4280 	4317 	4318
f 4280 	4318 	4298
f 4253 	4258 	4319
f 4310 	4309 	4317
f 4257 	4139 	4142
f 4318 	4309 	4298
f 4257 	4142 	4147
f 4311 	4316 	4315
f 4297 	4296 	4335
f 4313 	4295 	4382
f 4149 	4257 	4147
f 4318 	4317 	4309
f 4319 	4312 	4253
f 4256 	4311 	4264
f 4315 	4264 	4311
f 4151 	4257 	4149
f 4314 	2171 	4344
f 4316 	4311 	4310
f 4335 	4331 	4297
f 1312 	4698 	1282
f 4372 	4313 	4382
f 4317 	4316 	4310
f 4257 	4151 	4153
f 4291 	4298 	4309
f 4296 	4322 	4335
f 4493 	4257 	4508
f 4295 	4333 	4390
f 4382 	4295 	4390
f 4277 	72 	4321
f 4296 	4124 	4322
f 4310 	4311 	4323
f 4256 	4323 	4311
f 4398 	1313 	4352
f 4289 	4327 	4320
f 4322 	4124 	4326
f 4373 	4327 	4289
f 1320 	4359 	1321
f 4829 	2640 	711
f 1452 	4601 	1657
f 4184 	4260 	4325
f 4210 	4260 	4184
f 4179 	4163 	4332
f 4320 	4327 	4334
f 4250 	4260 	4210
f 4987 	4983 	1920
f 4078 	4357 	4333
f 105 	100 	3610
f 4341 	4320 	4334
f 4250 	4210 	4191
f 4357 	4078 	4328
f 4352 	1313 	1315
f 1837 	4334 	4327
f 1837 	4327 	1860
f 1319 	4354 	4355
f 4166 	4123 	4336
f 4339 	2150 	2156
f 1839 	1829 	4330
f 4245 	4330 	1829
f 4207 	4336 	4123
f 2150 	4339 	4338
f 4337 	4329 	1166
f 4330 	1843 	1839
f 4339 	2156 	4314
f 4301 	4341 	4330
f 4320 	4341 	4301
f 4408 	4337 	1166
f 1844 	1843 	4341
f 4330 	4341 	1843
f 4340 	4342 	4349
f 4222 	4349 	4342
f 4227 	4222 	4342
f 4226 	4227 	4342
f 4166 	4346 	4163
f 1847 	1846 	4334
f 4329 	1172 	1166
f 4163 	4346 	4332
f 4341 	4334 	1846
f 4392 	4385 	4340
f 4344 	2171 	2162
f 4336 	4346 	4166
f 4326 	4182 	4263
f 1844 	4341 	1846
f 4324 	4344 	2162
f 4329 	4343 	1172
f 4340 	4345 	4392
f 1853 	4334 	1837
f 1847 	4334 	1853
f 4336 	4207 	4406
f 1208 	4343 	1163
f 3278 	4008 	4285
f 4348 	637 	4347
f 4349 	637 	4348
f 1172 	4343 	1208
f 4398 	4397 	1313
f 4349 	4348 	4351
f 4449 	4452 	4257
f 3169 	3166 	4379
f 1320 	1319 	4355
f 4376 	3290 	4358
f 4336 	4407 	4346
f 4333 	4357 	4431
f 4348 	4347 	4356
f 3308 	4358 	3290
f 4361 	1321 	4359
f 4308 	4379 	3166
f 4444 	4406 	4207
f 4357 	4328 	4409
f 1320 	4355 	4359
f 4349 	4365 	4345
f 4364 	1795 	1772
f 3308 	4362 	4358
f 4366 	4356 	4367
f 4354 	1319 	1328
f 3237 	3201 	4368
f 4351 	4366 	4369
f 2063 	4400 	4370
f 1772 	4371 	4364
f 4369 	4405 	4365
f 4366 	4405 	4369
f 4365 	4351 	4369
f 4371 	1772 	4169
f 4359 	4400 	4361
f 4355 	4400 	4359
f 4354 	4400 	4355
f 4370 	4400 	4354
f 4365 	4349 	4351
f 4292 	4353 	4373
f 4169 	4179 	4389
f 1315 	1321 	4361
f 3290 	4376 	3236
f 4368 	4350 	4375
f 4351 	4348 	4366
f 4356 	4366 	4348
f 4361 	4352 	1315
f 4353 	4360 	4383
f 4376 	3707 	3236
f 4345 	4340 	4349
f 4373 	4353 	4383
f 1328 	4370 	4354
f 4360 	4363 	4393
f 4066 	3837 	4377
f 3707 	4376 	4374
f 4383 	4360 	4393
f 3846 	4411 	3840
f 4350 	4378 	4375
f 4363 	4421 	4393
f 4431 	4390 	4333
f 3840 	4411 	4377
f 3169 	4379 	4350
f 4279 	4231 	4372
f 3846 	4380 	4411
f 4378 	4350 	4379
f 4381 	4279 	4372
f 4524 	1975 	1938
f 3928 	4423 	4380
f 4397 	4400 	1337
f 4379 	4308 	4401
f 4523 	4364 	4526
f 4372 	4382 	4381
f 3928 	3935 	4423
f 4385 	4342 	4340
f 4378 	4379 	4401
f 4169 	4389 	4371
f 4382 	4387 	4381
f 4362 	4386 	4384
f 4423 	3935 	4430
f 4385 	4388 	4342
f 4388 	4256 	4342
f 1337 	1313 	4397
f 4413 	4401 	4308
f 4389 	4179 	4332
f 4391 	4385 	4392
f 4386 	4485 	4384
f 4308 	4331 	4413
f 4382 	4390 	4387
f 4383 	4393 	4463
f 4386 	4551 	4485
f 4365 	4405 	4345
f 4345 	4405 	4392
f 4392 	4405 	4391
f 4385 	4391 	4395
f 4385 	4395 	4388
f 4389 	4332 	4429
f 4356 	4347 	4399
f 4396 	4399 	4347
f 3953 	4537 	3913
f 1338 	1337 	4400
f 4358 	4402 	4376
f 4397 	4398 	4361
f 4397 	4361 	4400
f 4376 	4402 	4374
f 4391 	4405 	4395
f 4404 	4405 	4367
f 4366 	4367 	4405
f 4454 	4395 	4405
f 4352 	4361 	4398
f 4396 	4405 	4404
f 4356 	4404 	4367
f 4336 	4406 	4407
f 4399 	4396 	4404
f 4204 	4066 	4377
f 4399 	4404 	4356
f 1338 	4400 	2063
f 4396 	4448 	4405
f 4454 	4405 	4448
f 4377 	4206 	4204
f 4328 	4408 	4409
f 4434 	4332 	4346
f 4362 	4410 	4358
f 4337 	4408 	4328
f 4402 	4358 	4410
f 4410 	4362 	4384
f 4323 	4256 	4414
f 4377 	4411 	4206
f 4415 	4323 	4414
f 4415 	4412 	4323
f 4388 	4414 	4256
f 4413 	4331 	4416
f 5038 	4143 	5037
f 4211 	4444 	4207
f 4208 	4411 	4380
f 4437 	4438 	4419
f 4416 	4331 	4335
f 5038 	5071 	4143
f 4208 	4206 	4411
f 4419 	4418 	4414
f 4211 	4420 	4444
f 4418 	4417 	4415
f 4409 	4431 	4357
f 4409 	4408 	1232
f 4388 	4395 	4419
f 4388 	4419 	4414
f 4403 	4422 	4441
f 4415 	4417 	4412
f 4409 	1232 	4425
f 4414 	4418 	4415
f 3732 	4374 	4440
f 1232 	4408 	1238
f 4470 	4465 	1344
f 3732 	4440 	3763
f 4380 	4423 	4449
f 4395 	4454 	4419
f 4464 	1341 	4459
f 4403 	4424 	4422
f 4465 	1345 	1344
f 4408 	1166 	1238
f 4424 	406 	4422
f 4426 	711 	4323
f 4428 	711 	4426
f 4427 	4387 	4390
f 4428 	4426 	4432
f 4445 	4402 	4433
f 4426 	4323 	4412
f 406 	4424 	409
f 4332 	4434 	4429
f 4410 	4433 	4402
f 4378 	4401 	4713
f 4432 	4435 	4428
f 4431 	4427 	4390
f 4423 	4430 	4452
f 4425 	4431 	4409
f 4044 	4401 	4413
f 4407 	4434 	4346
f 4430 	4394 	4458
f 4454 	4455 	4419
f 4418 	4419 	4438
f 4417 	4418 	4438
f 4427 	4431 	4425
f 3763 	4439 	3792
f 4044 	4713 	4401
f 4436 	4403 	4441
f 4459 	1341 	1340
f 4436 	4441 	4421
f 4438 	4432 	4426
f 4438 	4426 	4412
f 4417 	4438 	4412
f 4363 	4436 	4421
f 4452 	4430 	4458
f 4058 	4413 	4416
f 4437 	4432 	4438
f 4044 	4413 	4058
f 4439 	3763 	4440
f 447 	4406 	4444
f 4437 	4428 	4435
f 4437 	4435 	4432
f 4416 	4442 	4058
f 4453 	447 	4420
f 4537 	4394 	3913
f 4428 	4466 	711
f 4443 	4335 	4322
f 4440 	4374 	4445
f 4335 	4443 	4416
f 4446 	4447 	4466
f 4402 	4445 	4374
f 4467 	1340 	1346
f 4442 	4416 	4443
f 1347 	4470 	1344
f 4446 	4466 	4428
f 4208 	4380 	4449
f 4473 	4440 	4445
f 4443 	4450 	4442
f 4665 	4266 	4247
f 4451 	4322 	4326
f 4445 	4433 	4480
f 4447 	4448 	4466
f 4449 	4423 	4452
f 4443 	4322 	4451
f 4241 	4453 	4420
f 572 	4422 	406
f 4326 	4263 	4451
f 4305 	4453 	4241
f 4456 	4419 	4455
f 4457 	4419 	4456
f 4437 	4419 	4457
f 4443 	4451 	4450
f 4453 	4305 	4312
f 4457 	4446 	4437
f 4422 	572 	584
f 4473 	4445 	4480
f 4698 	4759 	1254
f 4455 	4454 	4448
f 4456 	4446 	4457
f 4456 	4447 	4446
f 4451 	4263 	4476
f 4433 	271 	4480
f 4474 	3750 	3809
f 4428 	4437 	4446
f 4455 	4448 	4447
f 4460 	4394 	4537
f 4459 	1340 	4461
f 4433 	4491 	271
f 4456 	4455 	4447
f 4394 	4460 	4458
f 4058 	4442 	4607
f 4465 	4467 	1345
f 4463 	4478 	4383
f 4468 	2029 	1929
f 4462 	4474 	3809
f 2029 	4468 	1993
f 281 	3792 	4439
f 4448 	4500 	4466
f 4482 	4502 	4347
f 4440 	4473 	4439
f 4468 	1929 	4471
f 4622 	4450 	4615
f 4393 	4488 	4463
f 3750 	4474 	3749
f 4471 	1934 	4532
f 637 	123 	2226
f 4451 	4476 	4450
f 4475 	4464 	4459
f 4475 	4459 	4461
f 4467 	4470 	4461
f 4465 	4470 	4467
f 4475 	4461 	4470
f 287 	4439 	4473
f 3749 	4474 	4472
f 4615 	4450 	4476
f 4373 	4478 	4327
f 4383 	4478 	4373
f 4524 	1938 	4523
f 287 	4473 	306
f 1340 	4467 	4461
f 4276 	4476 	4263
f 1861 	1860 	4478
f 1860 	4327 	4478
f 1347 	4475 	4470
f 1975 	4532 	1934
f 4480 	306 	4473
f 4477 	4481 	4347
f 1863 	1862 	4463
f 4478 	4463 	1862
f 4480 	331 	306
f 4484 	4462 	4567
f 4477 	2231 	4479
f 1346 	1345 	4467
f 331 	4480 	271
f 4532 	1975 	4524
f 4396 	4347 	4500
f 4469 	4257 	4460
f 1861 	4478 	1862
f 4481 	4482 	4347
f 4502 	4500 	4347
f 1347 	2212 	4475
f 637 	1370 	123
f 4364 	4371 	4526
f 4472 	3541 	3761
f 4488 	4421 	4507
f 1351 	1341 	4464
f 4489 	4477 	4490
f 4384 	4491 	4410
f 4490 	4477 	4479
f 4441 	4507 	4421
f 3541 	4472 	4494
f 4492 	4371 	4389
f 4490 	4520 	4504
f 4490 	4504 	4489
f 4530 	4495 	4486
f 4410 	4491 	4433
f 4515 	1351 	4464
f 4489 	4487 	4481
f 4462 	4496 	4474
f 4389 	4429 	4492
f 4441 	4422 	584
f 4477 	4489 	4481
f 4485 	4509 	4384
f 4474 	4496 	4472
f 4481 	4487 	4482
f 4496 	4462 	4484
f 4509 	4491 	4384
f 4472 	4496 	4494
f 4495 	4530 	2158
f 4485 	4498 	4509
f 1354 	4698 	1339
f 1254 	1282 	4698
f 2163 	4499 	2158
f 2158 	4499 	4495
f 4603 	4498 	4485
f 4496 	4484 	4518
f 4421 	4488 	4393
f 2181 	4499 	2163
f 4494 	4496 	4518
f 4448 	4396 	4500
f 4483 	4531 	4501
f 4488 	1878 	1877
f 4503 	4502 	4504
f 4482 	4487 	4504
f 271 	4491 	438
f 4487 	4489 	4504
f 4520 	4519 	4503
f 4518 	4484 	4608
f 4500 	4502 	4503
f 3541 	4494 	4511
f 4531 	4483 	4506
f 4503 	4510 	4500
f 1879 	1878 	4507
f 4488 	4507 	1878
f 4491 	4509 	438
f 4482 	4504 	4502
f 499 	4509 	4498
f 4515 	4514 	1351
f 4531 	4506 	4512
f 1879 	4507 	582
f 4514 	1352 	1351
f 584 	4507 	4441
f 4479 	2255 	4513
f 4516 	4513 	2256
f 438 	4509 	499
f 4507 	584 	582
f 4479 	4519 	4520
f 4515 	4475 	4514
f 4464 	4475 	4515
f 4519 	4479 	4513
f 1877 	1883 	4488
f 4488 	1883 	4463
f 4519 	4516 	4521
f 4506 	4517 	4512
f 4519 	4513 	4516
f 4463 	1883 	1863
f 4503 	4504 	4520
f 4510 	4503 	4521
f 4521 	4503 	4519
f 4517 	4497 	3989
f 4479 	4520 	4490
f 4000 	4540 	4019
f 4512 	4517 	3989
f 4522 	4019 	4540
f 4542 	711 	4466
f 4469 	4505 	4257
f 3475 	4525 	3444
f 4497 	4249 	4032
f 3493 	4525 	3475
f 4505 	4508 	4257
f 4000 	4550 	4540
f 3980 	4497 	4032
f 4492 	4526 	4371
f 2585 	4511 	2596
f 3987 	4530 	4592
f 4525 	3493 	4641
f 4528 	4466 	4529
f 4529 	4466 	4500
f 4528 	4527 	4466
f 1833 	4530 	3987
f 4541 	4242 	4266
f 4285 	4008 	4292
f 4521 	4584 	4536
f 4510 	4521 	4536
f 4558 	3428 	3444
f 1363 	4698 	1354
f 4563 	4549 	4527
f 4034 	4292 	4008
f 2158 	4530 	1833
f 4533 	4563 	4527
f 4533 	4527 	4528
f 4525 	4566 	3444
f 4535 	4534 	4529
f 4559 	4531 	4512
f 4034 	4522 	4353
f 4529 	4534 	4528
f 4557 	4556 	1360
f 4536 	4535 	4529
f 4292 	4034 	4353
f 3812 	4538 	3809
f 1361 	1360 	4556
f 4500 	4510 	4536
f 4500 	4536 	4529
f 4534 	4533 	4528
f 4538 	3788 	4570
f 4522 	4360 	4353
f 4516 	2305 	4581
f 4242 	4541 	3788
f 4584 	4585 	4535
f 4535 	4536 	4584
f 3953 	4573 	4537
f 4525 	4641 	4539
f 4584 	4521 	4516
f 4016 	4512 	3989
f 4542 	4543 	711
f 4575 	711 	4543
f 4540 	4360 	4522
f 3554 	3639 	4544
f 711 	2350 	4829
f 4545 	1361 	4546
f 4543 	4542 	4547
f 4540 	4363 	4360
f 4570 	3788 	4541
f 4501 	4552 	4568
f 4551 	4386 	3443
f 4555 	4545 	4654
f 4545 	4546 	4654
f 4560 	4654 	4546
f 4556 	4654 	4560
f 4557 	4654 	4556
f 4552 	4501 	4531
f 4594 	4577 	4555
f 4542 	4466 	4549
f 4527 	4549 	4466
f 4540 	4550 	4363
f 4575 	4543 	4553
f 4552 	4531 	4559
f 4566 	4558 	3444
f 4560 	4546 	1361
f 4561 	4562 	4534
f 4562 	4563 	4534
f 4533 	4534 	4563
f 4592 	4530 	4486
f 4560 	1361 	4556
f 4558 	4551 	3443
f 3572 	4588 	3679
f 4512 	4016 	4559
f 4555 	1361 	4545
f 4558 	4564 	4551
f 4363 	4550 	4436
f 3809 	4538 	4462
f 4650 	4565 	694
f 4555 	1363 	1361
f 4203 	4156 	4587
f 4538 	4567 	4462
f 4562 	4561 	4553
f 4566 	4525 	4539
f 4203 	4587 	4571
f 3572 	4680 	4588
f 4537 	4469 	4460
f 4558 	4566 	4564
f 4547 	4542 	4563
f 4549 	4563 	4542
f 3970 	4573 	3953
f 4547 	4563 	4562
f 4570 	4541 	4554
f 4553 	4543 	4562
f 4547 	4562 	4543
f 4650 	4568 	4565
f 4602 	3872 	4544
f 4538 	4570 	4567
f 4158 	4576 	4572
f 3872 	4602 	3892
f 4590 	4568 	4552
f 4178 	4576 	4158
f 4537 	4573 	4469
f 4570 	4554 	4591
f 4573 	4505 	4469
f 4581 	2305 	4575
f 4565 	4568 	4590
f 4567 	4570 	4591
f 27 	4576 	4178
f 3971 	4583 	3970
f 4553 	4578 	4575
f 4578 	4579 	4575
f 4579 	4581 	4575
f 4597 	4552 	4559
f 4573 	3970 	4583
f 4534 	4535 	4585
f 4561 	4534 	4585
f 4583 	3971 	4548
f 4561 	4579 	4578
f 4551 	4564 	4603
f 4544 	4582 	4580
f 4585 	4584 	4581
f 4020 	4559 	4016
f 4583 	4505 	4573
f 4553 	4561 	4578
f 4603 	4485 	4551
f 4571 	4403 	4436
f 4516 	4581 	4584
f 4582 	4586 	4580
f 4593 	4574 	4577
f 4597 	4559 	4020
f 4585 	4581 	4579
f 4508 	4583 	4548
f 4593 	4577 	4594
f 3679 	4588 	4582
f 694 	4565 	697
f 4579 	4561 	4585
f 4596 	4574 	4593
f 4566 	4606 	4564
f 4567 	4589 	4484
f 697 	4565 	700
f 4505 	4583 	4508
f 4587 	4156 	4572
f 4596 	4569 	4574
f 4571 	4587 	4403
f 1363 	4555 	4577
f 4548 	4493 	4508
f 4582 	4588 	4586
f 2256 	2305 	4516
f 4590 	4552 	4597
f 4566 	4539 	4606
f 2256 	4513 	2255
f 4567 	4591 	4589
f 700 	4565 	4590
f 700 	4590 	701
f 4587 	4572 	4424
f 4588 	4680 	4616
f 701 	4590 	706
f 4403 	4587 	4424
f 67 	4539 	4641
f 4586 	4588 	4616
f 4592 	4486 	4493
f 4591 	4554 	4598
f 4572 	4576 	409
f 2640 	4829 	4785
f 4548 	4592 	4493
f 4595 	4539 	67
f 4823 	2642 	4785
f 2640 	4785 	2642
f 4424 	4572 	409
f 4590 	4597 	706
f 706 	4597 	707
f 69 	4600 	67
f 4624 	4591 	4598
f 105 	3610 	4823
f 4593 	4594 	4596
f 4594 	4555 	4654
f 2937 	4599 	2938
f 1659 	1657 	4601
f 67 	4600 	4595
f 427 	4576 	27
f 4597 	4020 	671
f 2939 	2953 	4613
f 4550 	4571 	4436
f 1638 	4600 	69
f 2939 	4613 	4599
f 2939 	4599 	2937
f 707 	4597 	671
f 4602 	4544 	4580
f 3892 	4602 	4621
f 3664 	4605 	3645
f 2507 	2222 	37
f 4604 	4058 	4607
f 4599 	4625 	3664
f 4606 	4539 	4595
f 4605 	3664 	4625
f 4442 	4450 	4622
f 4494 	4609 	4511
f 4518 	4609 	4494
f 4442 	4622 	4607
f 36 	37 	2222
f 32 	36 	2222
f 28 	32 	2222
f 4518 	4608 	4614
f 4606 	4595 	4612
f 4609 	4518 	4614
f 2599 	4611 	2581
f 4586 	4616 	4653
f 4595 	4600 	4634
f 4612 	4595 	4634
f 2602 	2596 	4609
f 4511 	4609 	2596
f 4611 	2599 	4610
f 4616 	4702 	4655
f 4634 	4600 	1503
f 2604 	2603 	4614
f 4609 	4614 	2603
f 4604 	4607 	4631
f 61 	2222 	60
f 2602 	4609 	2603
f 2604 	4614 	2606
f 4619 	3786 	4605
f 1503 	4600 	1638
f 4607 	4620 	4631
f 4605 	4637 	4619
f 1899 	1898 	4610
f 1898 	4617 	4610
f 4498 	4603 	4623
f 4591 	4624 	4589
f 4564 	4626 	4603
f 2554 	2528 	4654
f 4620 	4607 	4622
f 4606 	4626 	4564
f 1896 	4617 	1898
f 4622 	4615 	4638
f 1899 	4610 	1902
f 4605 	4625 	4637
f 4612 	4626 	4606
f 4603 	4626 	4623
f 1902 	4610 	2599
f 1902 	2599 	1809
f 4626 	4612 	1413
f 4589 	4608 	4484
f 4501 	4615 	4483
f 4625 	4599 	4628
f 4589 	4624 	4636
f 3940 	4621 	4629
f 4615 	4501 	4638
f 4613 	4628 	4599
f 60 	2222 	58
f 4623 	4626 	1413
f 405 	1908 	403
f 4608 	4589 	4636
f 4580 	4633 	4602
f 4602 	4633 	4621
f 1908 	405 	2222
f 4632 	4624 	4714
f 4612 	4634 	1444
f 61 	63 	2222
f 4635 	4642 	4633
f 4648 	4627 	4630
f 4636 	4624 	4632
f 4635 	4633 	4652
f 4650 	4657 	4620
f 4498 	4623 	508
f 403 	1908 	507
f 4630 	4639 	4648
f 4622 	4638 	4620
f 4623 	1413 	449
f 506 	507 	1908
f 4636 	4632 	4647
f 508 	4623 	449
f 4650 	4620 	4638
f 4629 	43 	40
f 3493 	1 	4641
f 4621 	4642 	4629
f 4639 	4630 	4640
f 4633 	4642 	4621
f 4641 	1 	4643
f 4639 	4640 	2654
f 2 	4643 	1
f 4613 	4644 	4628
f 4629 	4642 	43
f 71 	4643 	2
f 506 	1908 	534
f 2654 	4640 	2631
f 4642 	4635 	55
f 117 	71 	2
f 4631 	4620 	4657
f 4641 	4643 	67
f 4625 	4649 	4637
f 4651 	4636 	4647
f 43 	4642 	55
f 4628 	4649 	4625
f 4657 	4645 	4631
f 67 	4643 	69
f 4646 	4666 	4648
f 4628 	4644 	4659
f 4649 	4628 	4659
f 4648 	4639 	4611
f 4614 	4608 	4651
f 4586 	4652 	4580
f 4636 	4651 	4608
f 4568 	4638 	4501
f 4580 	4652 	4633
f 4646 	4648 	4611
f 4596 	4654 	4618
f 4653 	4652 	4586
f 4568 	4650 	4638
f 4618 	4569 	4596
f 4611 	4639 	2581
f 4614 	4651 	2606
f 2621 	2606 	4651
f 4654 	4596 	4594
f 713 	831 	4645
f 2624 	2623 	4647
f 4651 	4647 	2623
f 4645 	714 	713
f 532 	534 	1908
f 3862 	4619 	4656
f 4616 	4655 	4653
f 4610 	4617 	4646
f 4637 	4656 	4619
f 2 	3517 	26
f 1663 	1724 	66
f 2621 	4651 	2623
f 4658 	4637 	4649
f 4610 	4646 	4611
f 2624 	4647 	2629
f 2 	26 	117
f 4132 	779 	3949
f 4656 	4637 	4658
f 714 	4645 	4657
f 714 	4657 	716
f 3950 	1475 	4141
f 721 	4657 	4650
f 721 	4650 	723
f 4132 	25 	2678
f 4652 	4653 	4660
f 3517 	2 	1
f 565 	1908 	563
f 4141 	5037 	4143
f 716 	4657 	721
f 4652 	4660 	4635
f 1865 	4425 	1232
f 4672 	4649 	4659
f 723 	4650 	694
f 4279 	4669 	4252
f 4655 	4740 	155
f 4670 	4279 	4381
f 563 	1908 	733
f 731 	733 	1908
f 4644 	4662 	4659
f 4476 	4483 	4615
f 4662 	4720 	4659
f 4635 	4660 	62
f 4425 	4703 	4427
f 4483 	4476 	4276
f 4655 	4664 	4653
f 4676 	4707 	4663
f 4276 	4506 	4483
f 4653 	4664 	4660
f 4664 	4655 	155
f 730 	1908 	762
f 731 	1908 	730
f 4541 	4266 	4665
f 4506 	4276 	4287
f 170 	4660 	4664
f 4247 	4252 	4667
f 4665 	4247 	4667
f 752 	1908 	750
f 4656 	4658 	4668
f 4506 	4287 	4517
f 4252 	4669 	4667
f 155 	218 	4664
f 4666 	4663 	4627
f 4656 	4668 	3868
f 170 	4664 	218
f 4669 	4279 	4670
f 4229 	4517 	4287
f 4649 	4672 	4658
f 4701 	4577 	4574
f 4517 	4229 	4497
f 4541 	4665 	4554
f 4673 	4709 	4569
f 4665 	4667 	4675
f 3730 	4780 	4671
f 4554 	4665 	4675
f 4497 	4229 	4249
f 4667 	4669 	4679
f 2203 	2204 	1908
f 4675 	4667 	4679
f 4577 	4698 	1363
f 4666 	4676 	4663
f 4677 	3701 	3719
f 752 	762 	1908
f 4674 	4661 	4676
f 4720 	4672 	4659
f 4676 	4666 	4678
f 4598 	4554 	4675
f 3935 	3868 	4668
f 565 	532 	1908
f 4598 	4675 	4710
f 3935 	4668 	3944
f 4674 	4676 	4678
f 4709 	4574 	4569
f 4678 	4666 	4646
f 4666 	4627 	4648
f 4569 	4618 	4673
f 4670 	4681 	4669
f 2953 	2956 	4613
f 4682 	4613 	2956
f 4679 	4669 	4681
f 2955 	4682 	2956
f 4677 	4704 	3688
f 4681 	4753 	4712
f 3688 	4704 	4680
f 2962 	4682 	2955
f 4678 	4646 	4617
f 4684 	4692 	2968
f 3483 	4685 	3509
f 1865 	4703 	4425
f 4671 	4686 	3719
f 2967 	4684 	2968
f 3719 	4686 	4677
f 2967 	2985 	4684
f 3571 	4687 	3483
f 4387 	4697 	4381
f 4781 	1254 	4759
f 4683 	1918 	1916
f 4697 	4670 	4381
f 4613 	4682 	4644
f 4688 	4674 	4678
f 4689 	4697 	4387
f 4685 	3483 	4687
f 4427 	4689 	4387
f 4682 	4690 	4644
f 4674 	4688 	4683
f 2961 	4692 	2962
f 4687 	4691 	4685
f 2962 	4692 	4682
f 4703 	4689 	4427
f 1919 	1918 	4688
f 4683 	4688 	1918
f 2961 	2968 	4692
f 1903 	4703 	1865
f 4682 	4692 	4690
f 4695 	4693 	4673
f 1919 	4688 	1921
f 4670 	4696 	4681
f 4687 	4694 	4691
f 4617 	4688 	4678
f 1896 	1921 	4617
f 4688 	4617 	1921
f 2038 	4601 	2036
f 4696 	4670 	4697
f 4697 	4689 	4699
f 4696 	4697 	4699
f 2037 	2036 	4601
f 4616 	4680 	4702
f 4662 	4644 	4690
f 4700 	4711 	4749
f 4680 	4704 	4702
f 4753 	4681 	4696
f 4704 	4677 	4706
f 4686 	4706 	4677
f 3509 	4685 	4775
f 4696 	4699 	4746
f 4849 	4726 	4662
f 2097 	4601 	2085
f 4704 	4706 	4719
f 4709 	4701 	4574
f 4691 	4768 	4685
f 4689 	4708 	4699
f 4701 	4698 	4577
f 1903 	4708 	4703
f 4662 	4726 	4720
f 4703 	4708 	4689
f 4708 	1901 	1999
f 4708 	1903 	1901
f 1999 	4699 	4708
f 4745 	4737 	4698
f 4679 	4710 	4675
f 4707 	4661 	4705
f 4730 	4745 	4698
f 4710 	4679 	4712
f 4681 	4712 	4679
f 4378 	4713 	4711
f 4661 	4707 	4676
f 4710 	4714 	4598
f 4658 	4715 	4668
f 4598 	4714 	4624
f 4710 	4712 	4716
f 4672 	4715 	4658
f 4714 	4710 	4716
f 4686 	4718 	4706
f 4712 	4752 	4716
f 2085 	4601 	2082
f 4715 	4672 	4743
f 4714 	4716 	4723
f 4721 	4711 	4713
f 4632 	4714 	4723
f 4704 	4719 	4702
f 4723 	4716 	4722
f 4044 	4727 	4713
f 4721 	4713 	4727
f 4672 	4720 	4743
f 4730 	4698 	4701
f 4706 	4741 	4719
f 4725 	4709 	4693
f 4693 	4709 	4673
f 4627 	4717 	4630
f 4725 	4693 	4730
f 4693 	4695 	4730
f 4720 	4726 	4724
f 4722 	4764 	4762
f 4721 	4727 	4854
f 4630 	4717 	4729
f 4630 	4729 	4640
f 4722 	4732 	4723
f 4849 	4731 	4726
f 4725 	4730 	4701
f 4722 	4762 	4732
f 2681 	4640 	4729
f 4709 	4725 	4701
f 4632 	4733 	4647
f 4723 	4733 	4632
f 4694 	4734 	4691
f 4640 	2681 	2631
f 4732 	4733 	4723
f 4700 	4734 	4694
f 2648 	2629 	4733
f 4647 	4733 	2629
f 2650 	2649 	4732
f 4732 	2649 	4733
f 4702 	4719 	4740
f 4734 	4700 	4749
f 2648 	4733 	2649
f 4740 	4655 	4702
f 4735 	4759 	4737
f 4759 	4698 	4737
f 2650 	4732 	2661
f 4668 	4715 	3944
f 4718 	4741 	4706
f 4715 	3913 	3944
f 4742 	4691 	4734
f 2174 	2176 	4601
f 1841 	1908 	2176
f 4759 	4735 	4738
f 4744 	4737 	4745
f 4741 	4718 	4728
f 4744 	4735 	4737
f 4743 	4720 	4724
f 4756 	4719 	4741
f 4739 	4738 	4748
f 4734 	4747 	4742
f 4696 	4746 	4753
f 4735 	4744 	4738
f 1999 	4746 	4699
f 4757 	2926 	2857
f 3913 	4715 	4743
f 4750 	4738 	4744
f 4741 	4728 	1049
f 4744 	4695 	4750
f 4745 	4695 	4744
f 2719 	4748 	4695
f 4747 	4734 	4749
f 4748 	4750 	4695
f 4743 	4724 	3953
f 2173 	4601 	2151
f 4749 	4760 	4747
f 4736 	4717 	4751
f 4756 	4741 	1049
f 4730 	4695 	4745
f 4721 	4749 	4711
f 4712 	4753 	4752
f 3953 	3913 	4743
f 4753 	4746 	4758
f 4760 	4749 	4721
f 2719 	4739 	4748
f 4748 	4738 	4750
f 4752 	4753 	4758
f 4726 	4755 	4724
f 4717 	4736 	4754
f 2017 	4746 	1999
f 4731 	4755 	4726
f 4717 	4754 	4729
f 2149 	4601 	2180
f 4719 	4756 	4740
f 2180 	4601 	2098
f 4716 	4752 	4722
f 2097 	2098 	4601
f 4740 	4756 	1037
f 4752 	4758 	4764
f 4754 	4757 	4729
f 2148 	4601 	2149
f 4758 	2014 	4764
f 1037 	4756 	1044
f 4757 	2681 	4729
f 2017 	4758 	4746
f 2014 	4758 	2017
f 4756 	1049 	1044
f 2148 	2151 	4601
f 2857 	2681 	4757
f 4722 	4752 	4764
f 4780 	4765 	4671
f 4627 	4751 	4717
f 4671 	4765 	4686
f 4751 	4627 	4663
f 2040 	4764 	2014
f 2204 	2213 	1908
f 4764 	2040 	4762
f 4686 	4765 	4718
f 750 	1908 	2213
f 2662 	2661 	4762
f 4762 	2661 	4732
f 4718 	4765 	4843
f 2662 	4762 	2664
f 2664 	4762 	2040
f 2664 	2040 	2044
f 1908 	2222 	1366
f 3241 	4771 	3141
f 4800 	4761 	2457
f 4761 	2590 	2458
f 3247 	4807 	4771
f 2457 	4761 	2458
f 3241 	3247 	4771
f 4788 	4731 	4763
f 4766 	4759 	4767
f 3731 	4770 	3730
f 4771 	3731 	3141
f 4601 	1452 	1432
f 4767 	4759 	4769
f 4739 	2759 	4759
f 3544 	755 	753
f 4763 	4772 	4788
f 4738 	4739 	4759
f 4798 	3567 	2926
f 755 	3544 	758
f 2221 	1908 	1855
f 1845 	1908 	1842
f 4761 	4773 	4898
f 4771 	4770 	3731
f 4774 	4766 	4767
f 4763 	4773 	4772
f 1855 	1908 	1845
f 2201 	1908 	2221
f 4778 	4806 	4777
f 4775 	4685 	4768
f 4777 	4774 	4767
f 4777 	4767 	4769
f 4773 	4761 	4800
f 759 	758 	4775
f 3544 	4775 	758
f 4778 	4777 	4769
f 1842 	1908 	1841
f 2203 	1908 	2201
f 4772 	4773 	4800
f 4775 	4768 	4809
f 1913 	1920 	4983
f 4780 	3730 	4770
f 4793 	4816 	1254
f 1920 	3610 	4987
f 100 	4987 	3610
f 4781 	4782 	4793
f 4809 	767 	4775
f 759 	4775 	767
f 4781 	4759 	4766
f 4724 	3970 	3953
f 4783 	4776 	5043
f 2173 	2174 	4601
f 5046 	4790 	4783
f 4755 	3970 	4724
f 4774 	4781 	4766
f 4779 	4776 	4783
f 3970 	4755 	3971
f 4786 	4781 	4774
f 2664 	2044 	4601
f 2044 	2037 	4601
f 2038 	2082 	4601
f 4783 	4736 	4779
f 4778 	2764 	4806
f 4786 	4774 	4806
f 4777 	4806 	4774
f 4782 	4781 	4787
f 4601 	2176 	1908
f 767 	4809 	776
f 4821 	4822 	4784
f 4755 	4731 	4788
f 4787 	4805 	4782
f 4821 	4784 	4789
f 4742 	4768 	4691
f 4822 	4826 	4784
f 28 	2222 	63
f 58 	2222 	405
f 4781 	4786 	4787
f 4755 	4788 	3971
f 4770 	4792 	4780
f 4790 	4736 	4783
f 4788 	4772 	3974
f 3971 	4788 	3974
f 4810 	4811 	4791
f 4790 	4754 	4736
f 4796 	4816 	4795
f 4795 	4816 	4794
f 4793 	4794 	4816
f 3974 	4772 	3987
f 4797 	4816 	4796
f 4801 	4802 	4796
f 4747 	4804 	4742
f 4795 	4794 	4805
f 4790 	4798 	4754
f 4801 	4796 	4795
f 4806 	4796 	4802
f 4815 	4742 	4804
f 4797 	4796 	4806
f 4808 	4817 	4799
f 4801 	4795 	4805
f 4798 	2926 	4757
f 4841 	4791 	4799
f 4800 	3987 	4772
f 3246 	4807 	3247
f 4801 	4787 	4802
f 4805 	4787 	4801
f 4806 	4802 	4787
f 4754 	4798 	4757
f 2984 	4827 	2985
f 4805 	4794 	4793
f 4805 	4793 	4782
f 4868 	288 	369
f 4799 	4791 	4811
f 3250 	4807 	3246
f 4751 	4779 	4736
f 4811 	4808 	4799
f 4811 	4810 	105
f 4810 	4814 	105
f 1254 	4781 	4793
f 2984 	2990 	4827
f 4834 	4827 	2990
f 4771 	4807 	4813
f 4809 	781 	776
f 4770 	4771 	4813
f 4791 	4814 	4810
f 2989 	4834 	2990
f 4768 	4815 	4809
f 4814 	4864 	105
f 549 	105 	4864
f 288 	4868 	4812
f 4742 	4815 	4768
f 4879 	4834 	3008
f 4817 	4818 	4789
f 4812 	294 	288
f 4789 	4799 	4817
f 781 	4809 	4815
f 781 	4815 	782
f 4770 	4813 	4792
f 4820 	4812 	4838
f 4692 	4684 	4852
f 786 	4815 	4804
f 786 	4804 	787
f 4818 	4821 	4789
f 74 	31 	5061
f 4779 	4819 	4776
f 4808 	105 	4817
f 4818 	105 	4821
f 4817 	105 	4818
f 4895 	4792 	4813
f 294 	4812 	4820
f 782 	4815 	786
f 4780 	4824 	4765
f 87 	4820 	4803
f 4826 	4823 	4785
f 2642 	4823 	3610
f 4826 	105 	4823
f 4780 	4792 	4824
f 787 	4804 	791
f 4785 	4784 	4826
f 2985 	4827 	4684
f 5037 	4141 	1475
f 87 	294 	4820
f 105 	4826 	4822
f 4821 	105 	4822
f 4830 	4829 	123
f 4828 	4819 	4845
f 4833 	769 	770
f 4784 	4785 	4830
f 4825 	4828 	4845
f 4832 	4368 	4375
f 4895 	1300 	4853
f 4819 	4835 	4845
f 4785 	4829 	4830
f 2989 	3008 	4834
f 4839 	4789 	4784
f 4687 	3571 	4831
f 4870 	770 	804
f 4835 	4819 	4779
f 4831 	4832 	4694
f 4856 	4816 	4837
f 4687 	4831 	4694
f 1309 	1300 	4896
f 4834 	4879 	4892
f 4837 	4816 	4836
f 4751 	4835 	4779
f 4832 	4375 	4700
f 4842 	123 	4841
f 4694 	4832 	4700
f 4765 	4824 	4843
f 4838 	804 	3978
f 4830 	123 	4839
f 4839 	123 	4842
f 4836 	4844 	4837
f 4375 	4378 	4711
f 4848 	4844 	4836
f 4838 	3978 	4847
f 4840 	4841 	206
f 4662 	4690 	4849
f 4711 	4700 	4375
f 206 	420 	4840
f 420 	423 	4840
f 4824 	4851 	4843
f 4848 	4836 	4850
f 4784 	4830 	4839
f 4847 	3978 	3992
f 4705 	4825 	4845
f 4852 	4690 	4692
f 4841 	4840 	4791
f 4850 	4867 	4848
f 4860 	4791 	4840
f 4727 	4044 	4604
f 4842 	4841 	4799
f 4847 	3992 	3088
f 4872 	4856 	4837
f 4690 	4852 	4849
f 4845 	4835 	4707
f 4864 	4814 	4860
f 4721 	4854 	4760
f 4842 	4789 	4839
f 4852 	4855 	4849
f 4799 	4789 	4842
f 4824 	4853 	4851
f 4816 	4856 	1254
f 4856 	4857 	1254
f 4846 	4858 	4840
f 4705 	4845 	4707
f 4852 	4684 	4859
f 1335 	4853 	1300
f 4840 	4858 	4860
f 4875 	4727 	4604
f 4827 	4859 	4684
f 4707 	4835 	4663
f 4853 	1335 	4851
f 4862 	4865 	4856
f 4727 	4875 	4854
f 4663 	4835 	4751
f 4864 	4860 	4863
f 4860 	4858 	4863
f 4855 	4852 	4859
f 4857 	4856 	4865
f 4858 	4866 	4863
f 4718 	4843 	4728
f 4837 	4844 	4867
f 4843 	4851 	1111
f 4747 	4885 	4804
f 4833 	4868 	4861
f 4791 	4860 	4814
f 770 	4870 	4833
f 1111 	4728 	4843
f 4865 	4869 	4857
f 4760 	4885 	4747
f 541 	549 	4866
f 4863 	4866 	549
f 1348 	4851 	1335
f 4808 	4811 	105
f 4864 	4863 	549
f 4850 	2884 	4888
f 4850 	4869 	4872
f 4850 	4872 	4867
f 4844 	4848 	4867
f 4870 	804 	4838
f 4871 	4760 	4854
f 188 	207 	4846
f 1348 	1111 	4851
f 249 	4866 	207
f 4858 	207 	4866
f 4880 	4857 	4869
f 4868 	4833 	4870
f 544 	4866 	1359
f 541 	4866 	544
f 249 	1359 	4866
f 4849 	4855 	4731
f 4872 	4837 	4867
f 4878 	3250 	9
f 4872 	4869 	4862
f 4897 	4661 	4882
f 1452 	1913 	4983
f 4854 	4874 	4871
f 4763 	4731 	4855
f 4870 	4838 	4812
f 4869 	4865 	4862
f 7 	4878 	6
f 9 	6 	4878
f 4872 	4862 	4856
f 4807 	4876 	4813
f 4882 	4661 	4674
f 4868 	4870 	4812
f 4875 	4604 	4631
f 3006 	4879 	3008
f 4820 	4838 	4847
f 4874 	4854 	4875
f 1925 	1924 	4873
f 4922 	4873 	1924
f 4807 	3250 	4878
f 4922 	1924 	1943
f 4803 	4820 	4847
f 4873 	1927 	1925
f 3006 	3010 	4879
f 3010 	2563 	4879
f 4878 	4876 	4807
f 4875 	4645 	4874
f 4878 	7 	30
f 4881 	4899 	4880
f 4897 	4882 	4873
f 4827 	4883 	4859
f 3088 	4803 	4847
f 4875 	4631 	4645
f 4877 	4902 	4881
f 4899 	4900 	4880
f 4834 	4883 	4827
f 4876 	4878 	30
f 1927 	4873 	4882
f 1927 	4882 	1928
f 1460 	5008 	1441
f 4880 	4869 	4887
f 4674 	4683 	4882
f 4803 	3088 	3054
f 4813 	4876 	4895
f 5008 	1442 	1441
f 4888 	4877 	4884
f 4760 	4871 	4885
f 4886 	4880 	4887
f 4683 	1932 	4882
f 1928 	4882 	1932
f 2595 	4879 	2563
f 4877 	4881 	4884
f 1433 	1434 	4995
f 4804 	4885 	791
f 798 	791 	4885
f 4884 	4881 	4886
f 4861 	4868 	369
f 4886 	4881 	4880
f 1438 	4889 	1434
f 799 	4871 	800
f 316 	4861 	369
f 4886 	4850 	4884
f 4888 	4884 	4850
f 4887 	4850 	4886
f 4869 	4850 	4887
f 4890 	4859 	4883
f 4885 	4871 	799
f 1932 	4683 	1916
f 2921 	2920 	4888
f 4877 	4888 	2920
f 1438 	1449 	4889
f 4890 	4855 	4859
f 798 	4885 	799
f 5061 	1254 	2722
f 1453 	4928 	1449
f 4883 	4834 	4892
f 803 	4871 	4874
f 803 	4874 	825
f 4892 	4879 	2595
f 800 	4871 	803
f 4824 	4792 	4853
f 4898 	4883 	4892
f 902 	4901 	4893
f 2920 	4902 	4877
f 902 	912 	4901
f 5009 	1446 	5007
f 912 	4861 	4901
f 4892 	2590 	4898
f 4130 	5071 	3351
f 4853 	4792 	4895
f 1446 	5009 	1454
f 4892 	2595 	2590
f 831 	4874 	4645
f 4925 	4891 	4894
f 4874 	831 	825
f 4895 	4876 	4896
f 4964 	1454 	5009
f 343 	1105 	4893
f 4929 	1254 	4857
f 4763 	4855 	4890
f 30 	4896 	4876
f 1430 	1454 	4964
f 30 	1278 	4896
f 4890 	4773 	4763
f 874 	611 	619
f 311 	343 	4893
f 4705 	4894 	4825
f 4883 	4898 	4890
f 4948 	1432 	1431
f 4905 	4906 	4904
f 4903 	4904 	4906
f 4897 	4894 	4705
f 1300 	4895 	4896
f 4896 	1278 	1309
f 4890 	4898 	4773
f 4901 	311 	4893
f 4661 	4897 	4705
f 4956 	255 	169
f 4899 	4881 	4902
f 4857 	4880 	4900
f 4761 	4898 	2590
f 4910 	131 	4891
f 4900 	4899 	4911
f 4901 	316 	311
f 4906 	4909 	4912
f 4913 	4899 	4902
f 131 	4910 	169
f 4914 	4906 	4912
f 4910 	4891 	4925
f 4916 	4973 	4913
f 4917 	4973 	4916
f 4861 	316 	4901
f 2678 	70 	5036
f 4902 	4917 	4916
f 4956 	169 	4910
f 4913 	4902 	4916
f 4919 	4995 	1434
f 4915 	4906 	4914
f 4889 	4919 	1434
f 4130 	4143 	5071
f 4950 	4900 	4911
f 4923 	4906 	4921
f 4889 	1449 	4919
f 2946 	2952 	4902
f 4922 	4956 	4910
f 4920 	4906 	4918
f 4911 	4899 	4913
f 4929 	4930 	1254
f 4958 	1254 	4930
f 128 	4940 	108
f 4907 	4906 	4927
f 4928 	1453 	1452
f 4928 	1452 	4983
f 4925 	4894 	4897
f 4932 	4933 	4929
f 4930 	4929 	4933
f 4922 	4910 	4925
f 4934 	285 	4931
f 3190 	4940 	128
f 4937 	285 	4934
f 4924 	4952 	274
f 4938 	285 	4937
f 4952 	53 	274
f 4925 	4897 	4873
f 4936 	4958 	4935
f 4930 	4935 	4958
f 4926 	285 	4938
f 4924 	4939 	4952
f 616 	605 	1433
f 108 	4940 	4924
f 4900 	4929 	4857
f 4922 	4925 	4873
f 4936 	4935 	4942
f 4924 	4940 	4939
f 3209 	4940 	3190
f 4947 	285 	4945
f 1943 	1960 	4922
f 3209 	4939 	4940
f 4949 	285 	4947
f 4950 	4913 	4942
f 4911 	4913 	4950
f 1486 	1475 	2767
f 4933 	4932 	4950
f 4944 	4945 	285
f 2767 	5036 	1486
f 4950 	4942 	4933
f 4935 	4930 	4942
f 4933 	4942 	4930
f 4931 	285 	4951
f 4951 	285 	4949
f 4954 	4946 	4969
f 1425 	4948 	4946
f 4948 	4969 	4946
f 4950 	4932 	4929
f 4900 	4950 	4929
f 4952 	5 	53
f 4952 	4939 	33
f 3949 	2767 	3950
f 5 	4952 	33
f 4958 	4936 	4960
f 4963 	4903 	4962
f 1952 	255 	4956
f 1952 	4956 	1953
f 5 	51 	53
f 4968 	1430 	4964
f 4969 	1431 	1430
f 255 	1952 	267
f 4965 	4903 	4963
f 4967 	4903 	4965
f 4966 	4958 	4960
f 4968 	4969 	1430
f 1953 	4956 	1960
f 4948 	1431 	4969
f 4960 	4936 	4970
f 4971 	4903 	4967
f 4970 	4936 	4942
f 4968 	4964 	4959
f 4959 	4964 	4957
f 4957 	4964 	1377
f 4969 	4968 	4955
f 4954 	4969 	4955
f 1960 	4956 	4922
f 4942 	4913 	4970
f 4970 	4913 	4973
f 5009 	1377 	4964
f 4961 	4955 	4968
f 4975 	4903 	4974
f 4971 	4972 	4903
f 4959 	4961 	4968
f 4973 	4960 	4970
f 106 	289 	96
f 4976 	4903 	4975
f 153 	4954 	4955
f 4977 	4978 	4903
f 4972 	4974 	4903
f 4973 	4966 	4960
f 129 	1425 	4946
f 4978 	4979 	4903
f 4946 	126 	129
f 4980 	4981 	4903
f 4959 	4957 	144
f 4979 	4980 	4903
f 278 	4903 	4981
f 142 	144 	4957
f 4959 	144 	186
f 4959 	186 	4961
f 186 	153 	4961
f 4955 	4961 	153
f 126 	4946 	4954
f 125 	5089 	115
f 4958 	4966 	2688
f 4986 	278 	4985
f 4984 	4985 	278
f 4988 	4928 	4983
f 4987 	4988 	4983
f 4988 	4987 	273
f 4991 	278 	4990
f 4990 	278 	4986
f 5018 	1113 	137
f 1496 	5051 	1491
f 57 	137 	1656
f 1433 	4995 	4993
f 66 	57 	1663
f 1656 	1663 	57
f 1491 	5051 	609
f 4998 	4995 	4919
f 4997 	4999 	278
f 115 	4989 	4891
f 609 	601 	1491
f 5000 	5001 	278
f 4891 	4989 	4894
f 285 	278 	5002
f 1449 	273 	4919
f 4999 	5000 	278
f 5001 	5002 	278
f 5039 	5037 	1475
f 5039 	1475 	1474
f 4894 	4989 	4825
f 616 	4993 	5048
f 4995 	4998 	4993
f 5003 	5039 	1474
f 398 	384 	34
f 4976 	4977 	4903
f 278 	4981 	4982
f 278 	4982 	4984
f 4992 	278 	4991
f 4994 	278 	4992
f 4994 	4996 	278
f 398 	34 	45
f 1477 	5003 	1474
f 273 	551 	4998
f 4998 	4919 	273
f 4928 	4988 	1449
f 273 	1449 	4988
f 5007 	1446 	1442
f 5006 	45 	42
f 1477 	1489 	5003
f 5005 	3003 	5004
f 5018 	5004 	3003
f 1442 	5008 	5007
f 4943 	285 	4941
f 5002 	4941 	285
f 4944 	285 	4943
f 4996 	4997 	278
f 45 	5006 	398
f 5010 	3003 	5005
f 4927 	4906 	4926
f 4908 	4906 	4907
f 4909 	4906 	4908
f 4915 	4918 	4906
f 4920 	4921 	4906
f 285 	4926 	4906
f 5011 	1482 	606
f 4923 	4953 	4906
f 4953 	4962 	4903
f 4906 	4953 	4903
f 2688 	2991 	3003
f 1489 	1482 	5011
f 536 	1384 	5008
f 1266 	536 	5008
f 5007 	1374 	5009
f 5009 	1374 	1377
f 5017 	5006 	42
f 4903 	278 	4904
f 277 	4904 	278
f 5013 	5010 	5014
f 551 	777 	4998
f 5005 	5004 	5015
f 5014 	5005 	5015
f 5015 	5004 	5012
f 519 	398 	5006
f 1433 	4993 	616
f 5012 	5004 	5018
f 4998 	5048 	4993
f 5016 	519 	5006
f 5012 	17 	5015
f 5014 	5015 	17
f 12 	17 	5012
f 5013 	5014 	17
f 5013 	17 	2689
f 100 	273 	4987
f 5005 	5014 	5010
f 206 	4841 	205
f 123 	133 	4841
f 2689 	2688 	5013
f 5016 	5006 	5017
f 595 	5020 	100
f 5018 	3003 	1113
f 19 	5018 	137
f 65 	5021 	5017
f 5028 	100 	5027
f 5016 	5017 	5021
f 5033 	100 	5032
f 65 	68 	284
f 5034 	100 	5033
f 5032 	100 	5031
f 5025 	137 	21
f 1493 	5036 	5042
f 137 	5025 	20
f 20 	19 	137
f 100 	5020 	5022
f 5024 	100 	5023
f 5022 	5023 	100
f 100 	5024 	5026
f 5026 	5027 	100
f 5029 	100 	5028
f 5030 	100 	5029
f 5031 	100 	5030
f 1493 	1486 	5036
f 100 	5034 	5035
f 231 	273 	5035
f 289 	284 	68
f 12 	5012 	5018
f 100 	105 	549
f 12 	5018 	19
f 289 	68 	96
f 5025 	21 	17
f 5103 	5090 	4927
f 595 	1133 	5020
f 5025 	17 	15
f 5003 	5040 	5039
f 20 	5025 	15
f 12 	19 	13
f 54 	5024 	56
f 663 	519 	5016
f 5026 	47 	5027
f 35 	5028 	44
f 5021 	279 	5016
f 663 	5016 	279
f 279 	5021 	282
f 4945 	5111 	5112
f 65 	284 	5021
f 5113 	4947 	5112
f 5034 	24 	5035
f 282 	5021 	284
f 24 	5034 	18
f 59 	5022 	64
f 5042 	5036 	5019
f 70 	5019 	5036
f 5040 	5038 	5039
f 5037 	5039 	5038
f 3866 	5050 	5041
f 5038 	5040 	5071
f 5029 	5028 	8
f 1494 	5042 	5044
f 3859 	5043 	5050
f 1494 	1493 	5042
f 18 	5032 	16
f 5044 	1495 	1494
f 5044 	5045 	1495
f 5045 	1496 	1495
f 18 	5034 	5033
f 5071 	5040 	5003
f 5046 	3560 	3566
f 5023 	56 	5024
f 5048 	5011 	617
f 54 	5026 	5024
f 5048 	5071 	5011
f 5027 	44 	5028
f 4984 	291 	4985
f 35 	8 	5028
f 5029 	8 	5030
f 14 	5030 	8
f 275 	4986 	276
f 617 	616 	5048
f 5030 	14 	5031
f 5031 	16 	5032
f 5019 	5056 	5042
f 5055 	5054 	5042
f 5032 	18 	5033
f 5041 	5049 	5057
f 5056 	5055 	5042
f 350 	317 	4992
f 4994 	317 	4996
f 367 	231 	24
f 1489 	5011 	5071
f 321 	4997 	319
f 4997 	321 	4999
f 1489 	5071 	5003
f 5049 	5041 	5050
f 4999 	322 	5000
f 355 	352 	935
f 329 	5001 	322
f 1496 	5045 	5051
f 935 	44 	47
f 5050 	5043 	4776
f 54 	935 	47
f 935 	54 	56
f 5051 	5045 	5088
f 5088 	5092 	5051
f 64 	935 	59
f 5049 	5050 	4776
f 5051 	5081 	609
f 5095 	4914 	4912
f 4783 	5043 	5046
f 4914 	5095 	5096
f 5098 	4920 	4918
f 5053 	5052 	5045
f 4927 	4926 	5103
f 4790 	5046 	3566
f 4934 	5104 	4937
f 4790 	3566 	4798
f 5106 	4938 	5105
f 5044 	5042 	5054
f 5054 	5053 	5044
f 5088 	5045 	5052
f 5045 	5044 	5053
f 4909 	4908 	5093
f 70 	74 	5019
f 5078 	5047 	5057
f 4921 	4920 	5100
f 5100 	5101 	4921
f 5056 	5077 	5055
f 5056 	5019 	5077
f 4998 	1289 	5048
f 4819 	5049 	4776
f 1254 	5061 	31
f 4945 	5112 	4947
f 5114 	4949 	5113
f 4949 	5114 	4951
f 5053 	5054 	5072
f 5054 	5055 	5072
f 5066 	5058 	3900
f 5077 	5073 	5055
f 3886 	5059 	5066
f 5059 	3886 	3854
f 5077 	5019 	5062
f 5072 	5055 	5073
f 5059 	3854 	5060
f 5060 	3853 	5041
f 5061 	137 	5064
f 3866 	5041 	3853
f 5019 	74 	5062
f 3866 	3859 	5050
f 74 	5061 	5062
f 5068 	5063 	5065
f 4972 	5120 	4974
f 5127 	5132 	4974
f 4975 	4974 	5132
f 5132 	5131 	4975
f 5067 	5068 	5065
f 632 	5065 	5063
f 5064 	137 	5063
f 5128 	4979 	4978
f 5128 	305 	4979
f 4980 	4979 	305
f 5059 	5076 	5066
f 4981 	300 	4982
f 291 	4984 	298
f 4985 	276 	4986
f 275 	4990 	4986
f 5060 	5047 	5059
f 319 	4996 	317
f 5059 	5047 	5076
f 4996 	319 	4997
f 632 	620 	5065
f 322 	4999 	321
f 5057 	5060 	5041
f 5001 	329 	5002
f 5047 	5060 	5057
f 5000 	322 	5001
f 5076 	5047 	5099
f 5109 	4941 	329
f 5091 	4908 	4907
f 5091 	5093 	4908
f 5093 	5094 	4909
f 5058 	5070 	5069
f 5096 	4915 	4914
f 5070 	5058 	5066
f 5096 	5097 	4915
f 5071 	5048 	4906
f 5098 	5100 	4920
f 5102 	5103 	4926
f 5076 	5070 	5066
f 5108 	4931 	5115
f 5064 	5063 	5072
f 4937 	5105 	4938
f 5072 	5073 	5064
f 96 	23 	5069
f 5102 	4926 	5106
f 4938 	5106 	4926
f 5086 	5069 	5070
f 5075 	5052 	5074
f 5110 	4943 	5109
f 4941 	5109 	4943
f 5111 	4944 	5110
f 4943 	5110 	4944
f 5069 	5086 	96
f 5052 	5053 	5074
f 4945 	4944 	5111
f 4947 	5113 	4949
f 5074 	5072 	5063
f 5115 	4951 	5114
f 5075 	5074 	5063
f 5063 	5068 	5075
f 5061 	5064 	5077
f 5101 	5118 	4923
f 5118 	4962 	4953
f 5070 	5076 	5089
f 5061 	5077 	5062
f 5074 	5053 	5072
f 5075 	5087 	5088
f 5075 	5088 	5052
f 5077 	5064 	5073
f 5068 	5087 	5075
f 5079 	5080 	5081
f 305 	300 	4980
f 5057 	5049 	4828
f 5057 	4828 	5078
f 5081 	5082 	5079
f 5083 	5067 	5079
f 4828 	5049 	4819
f 4991 	347 	4992
f 5084 	5081 	5080
f 5085 	5084 	5080
f 5080 	5079 	5067
f 5080 	5067 	5065
f 5002 	329 	4941
f 96 	5086 	106
f 4905 	5071 	4906
f 5085 	5065 	620
f 4906 	5048 	285
f 106 	5086 	125
f 5087 	5092 	5088
f 5071 	4905 	4904
f 5086 	5070 	5089
f 85 	66 	277
f 277 	3351 	4904
f 4907 	5090 	5091
f 5089 	5076 	5099
f 5079 	5082 	5092
f 5079 	5092 	5083
f 5085 	5080 	5065
f 125 	5086 	5089
f 4912 	4909 	5094
f 5083 	5087 	5068
f 4912 	5094 	5095
f 4918 	4915 	5097
f 5083 	5068 	5067
f 5097 	5098 	4918
f 5083 	5092 	5087
f 4923 	4921 	5101
f 5099 	5047 	5078
f 5092 	5082 	5051
f 5081 	5051 	5082
f 5099 	115 	5089
f 5096 	4 	5097
f 5097 	4 	5098
f 5095 	4 	5096
f 5094 	4 	5095
f 5098 	4 	5100
f 5091 	5090 	4
f 5090 	5103 	4
f 5099 	5078 	4989
f 4907 	4927 	5090
f 115 	5099 	4989
f 4931 	5108 	4934
f 5078 	4825 	4989
f 5105 	4937 	5104
f 4825 	5078 	4828
f 5106 	4 	5102
f 5105 	4 	5106
f 5104 	4 	5105
f 5108 	4 	5104
f 4951 	5115 	4931
f 5104 	4934 	5108
f 5107 	4134 	5119
f 5115 	4 	5108
f 5103 	5102 	4
f 5119 	4134 	4138
f 3889 	3893 	5117
f 5114 	4 	5115
f 5113 	4 	5114
f 5112 	4 	5113
f 5110 	4 	5111
f 329 	322 	4
f 4953 	4923 	5118
f 5100 	4 	5101
f 4962 	5118 	5123
f 5107 	42 	45
f 5123 	4963 	4962
f 4965 	5124 	4967
f 4963 	5123 	4965
f 5124 	5125 	4967
f 42 	5107 	5119
f 5125 	5120 	4971
f 5121 	42 	5119
f 5119 	4138 	5122
f 5119 	5122 	5121
f 5122 	5116 	5126
f 5121 	5122 	5126
f 5124 	4965 	5123
f 4971 	4967 	5125
f 4972 	4971 	5120
f 5069 	5117 	5058
f 5101 	4 	5118
f 5124 	4 	5125
f 5017 	42 	5121
f 65 	5017 	5121
f 5118 	4 	5123
f 5126 	65 	5121
f 5127 	4974 	5120
f 68 	65 	5126
f 23 	5116 	5117
f 5126 	5116 	23
f 5117 	5069 	23
f 68 	5126 	23
f 4976 	4975 	5131
f 5131 	5130 	4976
f 5130 	5129 	4977
f 5129 	5128 	4978
f 305 	5128 	4
f 4978 	4977 	5129
f 4 	5128 	5129
f 4977 	4976 	5130
f 5130 	4 	5129
f 4 	5130 	5131
f 4 	5093 	5091
f 5123 	4 	5124
f 5093 	4 	5094
f 4 	5131 	5132
f 5127 	5120 	4
f 4 	5132 	5127
f 5110 	5109 	4
f 5109 	329 	4
f 5120 	5125 	4
f 5112 	5111 	4
f 359 	4 	347
f 275 	4 	359
f 276 	4 	275
f 291 	4 	276
f 298 	4 	291
f 298 	300 	4
f 305 	4 	300
# 10264 faces

 #end of obj_0

