# Object Export From Tinkercad Server 2015

mtllib obj.mtl

o obj_0
v -486.225 		334.293 		10.414
v -486.122 		334.139 		10.414
v -485.966 		334.259 		10.587
v -486 		334 		10.414
v -486.402 		334.815 		10.414
v -486.374 		335.793 		10.218
v -486.466 		335.607 		10.218
v -486.533 		335.411 		10.218
v -486.5 		335.866 		10
v -486.6 		335.663 		10
v -486.673 		335.448 		10
v -486.707 		335.707 		9.765
v -486.785 		335.478 		9.765
v -486.587 		335 		10.218
v -486.573 		335.207 		10.218
v -486.732 		335 		10
v -486.717 		335.226 		10
v -486.848 		335 		9.765
v -486.832 		335.241 		9.765
v -486.932 		335 		9.518
v -486.785 		335.739 		9.518
v -486.866 		335.5 		9.518
v -486.915 		335.252 		9.518
v -486.9344 		334.9819 		9.5
v -486.9253 		334.848 		9.5
v -486.9356 		335 		9.5
v -486.7882 		335.7406 		9.5
v -486.7883 		335.7404 		9.5
v -486.7234 		335.872 		9.5
v -486.7941 		335.7232 		9.5
v -486.8694 		335.5009 		9.5
v -486.9186 		335.2525 		9.5
v -486.9185 		335.2527 		9.5
v -486.873 		335.4831 		9.5
v -486.9198 		335.2343 		9.5
v -486.374 		334.207 		10.218
v -486.259 		334.034 		10.218
v -486.122 		333.878 		10.218
v -486.374 		333.946 		10
v -486.573 		334.793 		10.218
v -486.533 		334.589 		10.218
v -486.466 		334.393 		10.218
v -486.717 		334.774 		10
v -486.673 		334.552 		10
v -486.6 		334.337 		10
v -486.832 		334.759 		9.765
v -486.785 		334.522 		9.765
v -486.5 		334.134 		10
v -486.707 		334.293 		9.765
v -486.6 		334.076 		9.765
v -486.466 		333.875 		9.765
v -486.915 		334.748 		9.518
v -486.866 		334.5 		9.518
v -486.785 		334.261 		9.518
v -486.673 		334.034 		9.518
v -486.533 		333.824 		9.518
v -486.9186 		334.7475 		9.5
v -486.9186 		334.748 		9.5
v -486.915 		334.7297 		9.5
v -486.8694 		334.4991 		9.5
v -486.7884 		334.2598 		9.5
v -486.7883 		334.2596 		9.5
v -486.8636 		334.4819 		9.5
v -486.7802 		334.2434 		9.5
v -486.6761 		334.0323 		9.5
v -486.5373 		333.824 		9.5
v -485.707 		333.775 		10.414
v -485.541 		333.693 		10.414
v -485.793 		333.626 		10.218
v -485.607 		333.534 		10.218
v -485.411 		333.467 		10.218
v -485.866 		333.5 		10
v -485.663 		333.4 		10
v -485.448 		333.327 		10
v -485.707 		333.293 		9.765
v -485.478 		333.215 		9.765
v -485.966 		333.741 		10.218
v -486.225 		333.775 		10
v -486.054 		333.626 		10
v -486.307 		333.693 		9.765
v -486.125 		333.534 		9.765
v -485.924 		333.4 		9.765
v -485.739 		333.215 		9.518
v -485.5 		333.134 		9.518
v -506.541 		335.541 		10.848
v -506.466 		335.607 		10.848
v -485.7406 		333.2118 		9.5
v -485.7404 		333.2117 		9.5
v -506.607 		335.466 		10.848
v -485.888 		333.2846 		9.5
v -478 		347.577 		7
v -478 		347.577 		9.5
v -478 		338.303 		9.5
v -478 		338.303 		7
v -513 		347.577 		9.5
v -513 		347.577 		7
v -513 		338.303 		7
v -513 		338.303 		9.5
v -506.663 		335.383 		10.848
v -505.815 		336.402 		10.414
v -505.259 		335.966 		10.587
v -505 		336 		10.414
v -505.139 		336.122 		10.414
v -505.293 		336.225 		10.414
v -506.5 		335.866 		10.732
v -506.609 		335.793 		10.732
v -506.707 		335.707 		10.732
v -506.793 		335.609 		10.732
v -505.617 		335.924 		10.732
v -506.866 		335.5 		10.732
v -505.741 		335.966 		10.732
v -505.391 		336.054 		10.587
v -506.861 		335.861 		10.587
v -505.534 		336.125 		10.587
v -505.685 		336.176 		10.587
v -505.841 		336.207 		10.587
v -505.459 		336.307 		10.414
v -505.634 		336.366 		10.414
v -505.9 		335.241 		10.983
v -505.932 		335.252 		10.983
v -505.966 		335.259 		10.983
v -506 		335.261 		10.983
v -506.034 		335.259 		10.983
v -506.068 		335.252 		10.983
v -506.1 		335.241 		10.983
v -504.741 		335.966 		10.218
v -504.626 		336.054 		10
v -504.775 		336.225 		10
v -504.4 		335.924 		9.765
v -504.534 		336.125 		9.765
v -504.693 		336.307 		9.765
v -505.869 		335.226 		10.983
v -485.7232 		333.2059 		9.5
v -504.327 		335.966 		9.518
v -485.5009 		333.1306 		9.5
v -485.4831 		333.127 		9.5
v -485.376 		333.1058 		9.5
v -486.366 		333.634 		9.518
v -504.467 		336.176 		9.518
v -504.634 		336.366 		9.518
v -486.176 		333.467 		9.518
v -485.966 		333.327 		9.518
v -504.824 		336.533 		9.518
v -486.3685 		333.6315 		9.5
v -486.3686 		333.6316 		9.5
v -486.4 		333.6673 		9.5
v -486.3549 		333.6195 		9.5
v -504.2767 		335.872 		9.5
v -504.3239 		335.9677 		9.5
v -486.1782 		333.4642 		9.5
v -504.4642 		336.1782 		9.5
v -486.103 		333.4141 		9.5
v -485.9677 		333.3239 		9.5
v -504.6315 		336.3685 		9.5
v -504.6314 		336.3684 		9.5
v -485.9515 		333.3159 		9.5
v -504.4762 		336.1918 		9.5
v -504.6451 		336.3805 		9.5
v -504.8218 		336.5358 		9.5
v -504.832 		336.5426 		9.5
v -505.748 		336.915 		9.518
v -486.5358 		333.8218 		9.5
v -486.5238 		333.8082 		9.5
v -505.7475 		336.9186 		9.5
v -505.7473 		336.9185 		9.5
v -505.6333 		336.896 		9.5
v -485.495 		342.795 		9.5
v -505.7657 		336.9198 		9.5
v -485.648 		342.929 		9.5
v -505.856 		336.9259 		9.5
v -485.782 		343.082 		9.5
v -485.895 		343.251 		9.5
v -485.984 		343.433 		9.5
v -486.05 		343.625 		9.5
v -486.089 		343.824 		9.5
v -505.134 		336.5 		10
v -486.103 		344.027 		9.5
v -484.55 		342.475 		9.5
v -484.753 		342.488 		9.5
v -484.952 		342.527 		9.5
v -485.144 		342.593 		9.5
v -505.337 		336.6 		10
v -485.326 		342.683 		9.5
v -483.452 		342.929 		9.5
v -483.605 		342.795 		9.5
v -483.774 		342.683 		9.5
v -483.956 		342.593 		9.5
v -484.148 		342.527 		9.5
v -484.347 		342.488 		9.5
v -504.875 		336.466 		9.765
v -482.998 		344.027 		9.5
v -483.011 		343.824 		9.5
v -483.05 		343.625 		9.5
v -483.116 		343.433 		9.5
v -505.076 		336.6 		9.765
v -483.206 		343.251 		9.5
v -483.318 		343.082 		9.5
v -505.293 		336.707 		9.765
v -486.089 		344.23 		9.5
v -486.05 		344.429 		9.5
v -485.984 		344.621 		9.5
v -485.895 		344.803 		9.5
v -485.782 		344.972 		9.5
v -485.648 		345.125 		9.5
v -485.495 		345.259 		9.5
v -485.326 		345.372 		9.5
v -485.144 		345.461 		9.5
v -484.952 		345.527 		9.5
v -484.753 		345.566 		9.5
v -484.55 		345.58 		9.5
v -484.347 		345.566 		9.5
v -484.148 		345.527 		9.5
v -483.956 		345.461 		9.5
v -483.774 		345.372 		9.5
v -483.605 		345.259 		9.5
v -483.452 		345.125 		9.5
v -483.318 		344.972 		9.5
v -483.206 		344.803 		9.5
v -483.116 		344.621 		9.5
v -483.05 		344.429 		9.5
v -483.011 		344.23 		9.5
v -482.38 		338.303 		9.5
v -505.393 		336.466 		10.218
v -482.38 		317.459 		9.5
v -482.38 		333 		9.5
v -506.131 		335.226 		10.983
v -506.159 		335.207 		10.983
v -485.888 		333 		9.5
v -506.185 		335.185 		10.983
v -506.207 		335.159 		10.983
v -506.226 		335.131 		10.983
v -504.693 		319.459 		10.814
v -504.741 		319.034 		10.618
v -505.487 		320.068 		11.332
v -483.0745 		320.5161 		9.5
v -483.0739 		320.5131 		9.5
v -483.0737 		320.512 		9.5
v -505.5 		320.134 		11.332
v -483.1581 		320.7627 		9.5
v -483.1263 		320.6685 		9.5
v -483.2737 		320.9966 		9.5
v -483.2297 		320.9076 		9.5
v -483.328 		321.0781 		9.5
v -505.739 		320 		11.383
v -505.741 		320.034 		11.383
v -505.748 		320.068 		11.383
v -505.759 		320.1 		11.383
v -505.774 		320.131 		11.383
v -505.793 		320.159 		11.383
v -505.815 		320.185 		11.383
v -483.0235 		319.7398 		9.5
v -483.0236 		319.7392 		9.5
v -483.0431 		319.6425 		9.5
v -483.0737 		319.488 		9.5
v -505.841 		320.207 		11.383
v -483.0065 		320 		9.5
v -483.013 		319.9008 		9.5
v -483.0235 		320.2602 		9.5
v -483.017 		320.161 		9.5
v -504.626 		319.207 		10.618
v -504.534 		319.393 		10.618
v -504.775 		318.775 		10.4
v -504.626 		318.946 		10.4
v -504.5 		319.134 		10.4
v -504.4 		319.337 		10.4
v -505.522 		319.802 		11.332
v -505.5 		319.866 		11.332
v -506 		335 		11
v -505.487 		319.932 		11.332
v -505.482 		320 		11.332
v -505.841 		319.793 		11.383
v -505.815 		319.815 		11.383
v -505.793 		319.841 		11.383
v -505.293 		319.293 		11.132
v -505.774 		319.869 		11.383
v -505.759 		319.9 		11.383
v -505.207 		319.391 		11.132
v -505.748 		319.932 		11.383
v -505.741 		319.966 		11.383
v -505.259 		319.034 		10.987
v -505.139 		319.139 		10.987
v -505.034 		319.259 		10.987
v -504.946 		319.391 		10.987
v -505.802 		319.522 		11.332
v -505 		319 		10.814
v -505.741 		319.552 		11.332
v -504.878 		319.139 		10.814
v -505.685 		319.589 		11.332
v -505.634 		319.634 		11.332
v -483.875 		320.466 		10.987
v -505.802 		319.261 		11.248
v -505.707 		319.293 		11.248
v -483.824 		319.685 		10.987
v -505.617 		319.337 		11.248
v -483.793 		319.841 		10.987
v -483.782 		320 		10.987
v -505.534 		319.393 		11.248
v -483.634 		319.634 		10.814
v -505.459 		319.459 		11.248
v -483.598 		319.815 		10.814
v -483.586 		320 		10.814
v -484.337 		319.617 		11.248
v -505.741 		319.034 		11.132
v -484.293 		319.707 		11.248
v -505.617 		319.076 		11.132
v -484.261 		319.802 		11.248
v -505.5 		319.134 		11.132
v -484.241 		319.9 		11.248
v -505.391 		319.207 		11.132
v -484.235 		320 		11.248
v -484.134 		319.5 		11.132
v -484.076 		319.617 		11.132
v -484.034 		319.741 		11.132
v -505.293 		318.775 		10.814
v -506.261 		335 		10.983
v -484.009 		319.869 		11.132
v -505.139 		318.878 		10.814
v -506.241 		335.1 		10.983
v -484 		320 		11.132
v -506.252 		335.068 		10.983
v -506.259 		335.034 		10.983
v -483.055 		320.4188 		9.5
v -506.259 		334.966 		10.983
v -483.875 		319.534 		10.987
v -506.252 		334.932 		10.983
v -506.241 		334.9 		10.983
v -483.7862 		321.5816 		9.5
v -483.7853 		321.5808 		9.5
v -483.7342 		321.536 		9.5
v -506.226 		334.869 		10.983
v -484.0034 		321.7263 		9.5
v -484.0017 		321.7251 		9.5
v -483.9207 		321.6711 		9.5
v -484.2373 		321.8419 		9.5
v -484.1484 		321.7978 		9.5
v -484.352 		321.8809 		9.5
v -483.467 		319.589 		10.618
v -484.4839 		321.9255 		9.5
v -484.4812 		321.9246 		9.5
v -484.3897 		321.8937 		9.5
v -484.7398 		321.9765 		9.5
v -484.7392 		321.9764 		9.5
v -484.6425 		321.9569 		9.5
v -483.427 		319.793 		10.618
v -505.589 		336.533 		10.218
v -485 		321.9935 		9.5
v -484.9008 		321.987 		9.5
v -485.2602 		321.9765 		9.5
v -485.161 		321.983 		9.5
v -483.413 		320 		10.618
v -505.793 		336.573 		10.218
v -485.376 		321.9535 		9.5
v -483.427 		320.207 		10.618
v -483.467 		320.411 		10.618
v -505.552 		336.673 		10
v -483.4184 		321.2138 		9.5
v -483.3632 		321.131 		9.5
v -483.5906 		321.4094 		9.5
v -483.5251 		321.3347 		9.5
v -505.774 		336.717 		10
v -483.7115 		321.5161 		9.5
v -505.589 		319.685 		11.332
v -505.552 		319.741 		11.332
v -505.522 		336.785 		9.765
v -505.759 		336.832 		9.765
v -504.878 		336.122 		10.218
v -505.034 		336.259 		10.218
v -484.552 		320.259 		11.332
v -505.207 		336.374 		10.218
v -484.589 		320.315 		11.332
v -505.241 		320.1 		11.248
v -484.634 		320.366 		11.332
v -504.946 		336.374 		10
v -505.235 		320 		11.248
v -484.685 		320.411 		11.332
v -505.261 		320.198 		11.248
v -505.293 		320.293 		11.248
v -484.741 		320.448 		11.332
v -505.337 		320.383 		11.248
v -484.802 		320.478 		11.332
v -505 		320 		11.132
v -505.009 		320.131 		11.132
v -505.034 		336.673 		9.518
v -505.261 		336.785 		9.518
v -505.034 		320.259 		11.132
v -505.5 		336.866 		9.518
v -505.076 		320.383 		11.132
v -505.134 		320.5 		11.132
v -505.0323 		336.6761 		9.5
v -505.2594 		336.7882 		9.5
v -505.2596 		336.7883 		9.5
v -505.0485 		336.6841 		9.5
v -505.2768 		336.7941 		9.5
v -505.4991 		336.8694 		9.5
v -505.5169 		336.873 		9.5
v -506 		336.414 		10.414
v -506.185 		336.402 		10.414
v -484.482 		320 		11.332
v -484.487 		320.068 		11.332
v -484.5 		320.134 		11.332
v -484.522 		320.198 		11.332
v -504.875 		320.466 		10.987
v -485.068 		319.487 		11.332
v -506.411 		335.315 		10.932
v -484.932 		319.487 		11.332
v -505.393 		320.466 		11.248
v -506.448 		335.259 		10.932
v -506.478 		335.198 		10.932
v -505.337 		319.617 		11.248
v -506.5 		335.134 		10.932
v -506.707 		335.293 		10.848
v -485.5161 		321.9255 		9.5
v -484.802 		319.261 		11.248
v -485.5131 		321.9261 		9.5
v -485.4188 		321.945 		9.5
v -506.739 		335.198 		10.848
v -485.7627 		321.8419 		9.5
v -485.6685 		321.8737 		9.5
v -484.707 		319.293 		11.248
v -485.9966 		321.7263 		9.5
v -485.9076 		321.7703 		9.5
v -484.617 		319.337 		11.248
v -486.103 		321.6555 		9.5
v -484.534 		319.393 		11.248
v -483.2737 		319.0034 		9.5
v -483.2749 		319.0017 		9.5
v -483.328 		318.9221 		9.5
v -484.459 		319.459 		11.248
v -483.1581 		319.2373 		9.5
v -483.2022 		319.1484 		9.5
v -483.0745 		319.4839 		9.5
v -483.0754 		319.4812 		9.5
v -483.1063 		319.3897 		9.5
v -506.518 		335 		10.932
v -506.513 		334.932 		10.932
v -483.5906 		318.5906 		9.5
v -483.6653 		318.5251 		9.5
v -483.7345 		318.464 		9.5
v -506.5 		334.866 		10.932
v -483.4184 		318.7862 		9.5
v -483.4192 		318.7853 		9.5
v -483.4839 		318.7115 		9.5
v -483.3289 		318.9207 		9.5
v -506.513 		335.068 		10.932
v -484.2373 		318.1581 		9.5
v -484.3315 		318.1263 		9.5
v -484.352 		318.1194 		9.5
v -484.741 		319.034 		11.132
v -484.0034 		318.2737 		9.5
v -484.0924 		318.2297 		9.5
v -506.759 		334.9 		10.848
v -483.7862 		318.4184 		9.5
v -483.869 		318.3632 		9.5
v -484.617 		319.076 		11.132
v -506.765 		335 		10.848
v -484.5 		319.134 		11.132
v -485.2602 		318.0235 		9.5
v -485.2608 		318.0236 		9.5
v -485.3575 		318.0431 		9.5
v -484.391 		319.207 		11.132
v -485.376 		318.0467 		9.5
v -506.759 		335.1 		10.848
v -485 		318.0065 		9.5
v -485.0992 		318.013 		9.5
v -484.7398 		318.0235 		9.5
v -484.839 		318.017 		9.5
v -484.4839 		318.0745 		9.5
v -484.4869 		318.0739 		9.5
v -484.5812 		318.055 		9.5
v -485.9966 		318.2737 		9.5
v -485.9983 		318.2749 		9.5
v -486.0793 		318.3289 		9.5
v -486.103 		318.3447 		9.5
v -485.7627 		318.1581 		9.5
v -485.8516 		318.2022 		9.5
v -485.5161 		318.0745 		9.5
v -485.5188 		318.0754 		9.5
v -485.6103 		318.1063 		9.5
v -506.924 		335.383 		10.732
v -506.966 		335.741 		10.587
v -483.3239 		335.9677 		9.5
v -483.2767 		335.872 		9.5
v -483.328 		335.9739 		9.5
v -507.054 		335.609 		10.587
v -507.125 		335.466 		10.587
v -483.8218 		336.5358 		9.5
v -483.6491 		336.384 		9.5
v -484.0323 		336.6761 		9.5
v -484.2596 		336.7883 		9.5
v -484.2594 		336.7882 		9.5
v -484.0485 		336.6841 		9.5
v -484.352 		336.8196 		9.5
v -484.2768 		336.7941 		9.5
v -507.122 		335.861 		10.414
v -507.225 		335.707 		10.414
v -483.4642 		336.1782 		9.5
v -483.6315 		336.3685 		9.5
v -483.6314 		336.3684 		9.5
v -483.4762 		336.1918 		9.5
v -507.307 		335.541 		10.414
v -483.6451 		336.3805 		9.5
v -507.366 		335.366 		10.414
v -484.7475 		336.9186 		9.5
v -484.7473 		336.9185 		9.5
v -484.6333 		336.896 		9.5
v -485 		336.9356 		9.5
v -484.7657 		336.9198 		9.5
v -485.2525 		336.9186 		9.5
v -485.252 		336.9186 		9.5
v -485.0181 		336.9344 		9.5
v -485.3665 		336.896 		9.5
v -485.2703 		336.915 		9.5
v -484.4991 		336.8694 		9.5
v -484.5169 		336.873 		9.5
v -485.376 		336.8941 		9.5
v -507 		335 		10.732
v -506.991 		334.869 		10.732
v -485.5009 		336.8694 		9.5
v -485.7404 		336.7883 		9.5
v -485.7402 		336.7884 		9.5
v -485.5181 		336.8636 		9.5
v -485.9677 		336.6761 		9.5
v -485.7566 		336.7802 		9.5
v -486.103 		336.5859 		9.5
v -506.966 		335.259 		10.732
v -506.991 		335.131 		10.732
v -505.841 		318.793 		10.987
v -505.685 		318.824 		10.987
v -505.534 		318.875 		10.987
v -505.869 		335.991 		10.732
v -505.391 		318.946 		10.987
v -506 		336 		10.732
v -506.131 		335.991 		10.732
v -505.815 		318.598 		10.814
v -484.617 		335.663 		10.848
v -484.707 		335.707 		10.848
v -506.259 		335.966 		10.732
v -484.802 		335.739 		10.848
v -506 		336.218 		10.587
v -506.159 		336.207 		10.587
v -506.315 		336.176 		10.587
v -484.393 		335.466 		10.848
v -484.459 		335.541 		10.848
v -484.534 		335.607 		10.848
v -506.366 		336.366 		10.414
v -484.634 		335.366 		10.932
v -484.685 		335.411 		10.932
v -506.383 		335.924 		10.732
v -484.741 		335.448 		10.932
v -506.466 		336.125 		10.587
v -484.802 		335.478 		10.932
v -506.609 		336.054 		10.587
v -506.741 		335.966 		10.587
v -506.541 		336.307 		10.414
v -506.707 		336.225 		10.414
v -484.391 		335.793 		10.732
v -506.861 		336.122 		10.414
v -484.5 		335.866 		10.732
v -484.9 		335.759 		10.848
v -485 		335.765 		10.848
v -483.0644 		335 		9.5
v -483.0747 		334.848 		9.5
v -483.0814 		335.2525 		9.5
v -483.0814 		335.252 		9.5
v -483.0656 		335.0181 		9.5
v -483.1306 		335.5009 		9.5
v -483.085 		335.2703 		9.5
v -485.1 		335.759 		10.848
v -483.2117 		335.7404 		9.5
v -483.2116 		335.7402 		9.5
v -483.1364 		335.5181 		9.5
v -483.2198 		335.7566 		9.5
v -485.198 		335.739 		10.848
v -485.293 		335.707 		10.848
v -507 		336 		10.414
v -483.3239 		334.0323 		9.5
v -483.328 		334.0261 		9.5
v -483.2117 		334.2596 		9.5
v -483.2118 		334.2594 		9.5
v -483.3159 		334.0485 		9.5
v -483.1306 		334.4991 		9.5
v -483.2059 		334.2768 		9.5
v -483.0814 		334.7475 		9.5
v -483.0815 		334.7473 		9.5
v -483.127 		334.5169 		9.5
v -483.0802 		334.7657 		9.5
v -506 		336.932 		9.518
v -483.4627 		333.824 		9.5
v -506.252 		336.915 		9.518
v -506 		336.9356 		9.5
v -506.2525 		336.9186 		9.5
v -506.252 		336.9186 		9.5
v -506.0181 		336.9344 		9.5
v -483.8218 		333.4642 		9.5
v -483.84 		333.4521 		9.5
v -506.2703 		336.915 		9.5
v -483.6315 		333.6315 		9.5
v -483.6316 		333.6314 		9.5
v -483.8082 		333.4762 		9.5
v -484.866 		335.5 		10.932
v -506.3665 		336.896 		9.5
v -506 		336.587 		10.218
v -483.4642 		333.8218 		9.5
v -483.6195 		333.6451 		9.5
v -484.932 		335.513 		10.932
v -506.207 		336.573 		10.218
v -485 		335.518 		10.932
v -484.2596 		333.2117 		9.5
v -484.2598 		333.2116 		9.5
v -484.352 		333.1804 		9.5
v -484.0323 		333.3239 		9.5
v -484.2434 		333.2198 		9.5
v -485.068 		335.513 		10.932
v -506 		336.732 		10
v -506.226 		336.717 		10
v -485.2525 		333.0814 		9.5
v -485.2527 		333.0815 		9.5
v -506 		336.848 		9.765
v -485 		333.0644 		9.5
v -485.2343 		333.0802 		9.5
v -484.7475 		333.0814 		9.5
v -484.748 		333.0814 		9.5
v -484.9819 		333.0656 		9.5
v -484.4991 		333.1306 		9.5
v -484.7297 		333.085 		9.5
v -506.241 		336.832 		9.765
v -484.4819 		333.1364 		9.5
v -485.134 		335.5 		10.932
v -485.198 		335.478 		10.932
v -485.259 		335.448 		10.932
v -485.315 		335.411 		10.932
v -485.366 		335.366 		10.932
v -506.411 		336.533 		10.218
v -507.95 		343.625 		9.5
v -507.989 		343.824 		9.5
v -508.003 		344.027 		9.5
v -506.607 		336.466 		10.218
v -506.45 		342.475 		9.5
v -506.653 		342.488 		9.5
v -506.852 		342.527 		9.5
v -507.044 		342.593 		9.5
v -507.226 		342.683 		9.5
v -507.395 		342.795 		9.5
v -507.548 		342.929 		9.5
v -507.682 		343.082 		9.5
v -506.448 		336.673 		10
v -507.795 		343.251 		9.5
v -507.884 		343.433 		9.5
v -505.856 		342.593 		9.5
v -506.048 		342.527 		9.5
v -506.247 		342.488 		9.5
v -506.663 		336.6 		10
v -504.898 		344.027 		9.5
v -504.911 		343.824 		9.5
v -506.866 		336.5 		10
v -504.95 		343.625 		9.5
v -505.016 		343.433 		9.5
v -505.106 		343.251 		9.5
v -505.218 		343.082 		9.5
v -484.5 		335.134 		10.932
v -506.478 		336.785 		9.765
v -484.522 		335.198 		10.932
v -484.552 		335.259 		10.932
v -506.707 		336.707 		9.765
v -505.634 		318.634 		10.814
v -505.459 		318.693 		10.814
v -506.793 		336.374 		10.218
v -505.589 		318.467 		10.618
v -506.5 		336.866 		9.518
v -505.393 		318.534 		10.618
v -506.739 		336.785 		9.518
v -505.207 		318.626 		10.618
v -505.034 		318.741 		10.618
v -506.5009 		336.8694 		9.5
v -506.7402 		336.7884 		9.5
v -506.7404 		336.7883 		9.5
v -506.5181 		336.8636 		9.5
v -504.878 		318.878 		10.618
v -506.7566 		336.7802 		9.5
v -506.88 		336.7194 		9.5
v -506.924 		336.6 		9.765
v -507.125 		336.466 		9.765
v -505.134 		318.5 		10.4
v -506.966 		336.259 		10.218
v -504.946 		318.626 		10.4
v -507.122 		336.122 		10.218
v -507.259 		335.966 		10.218
v -507.054 		336.374 		10
v -507.225 		336.225 		10
v -505.793 		318.427 		10.618
v -507.374 		336.054 		10
v -505.774 		318.283 		10.4
v -505.552 		318.327 		10.4
v -505.352 		342.929 		9.5
v -505.337 		318.4 		10.4
v -505.505 		342.795 		9.5
v -505.674 		342.683 		9.5
v -507.989 		344.23 		9.5
v -507.95 		344.429 		9.5
v -507.884 		344.621 		9.5
v -507.795 		344.803 		9.5
v -507.682 		344.972 		9.5
v -507.548 		345.125 		9.5
v -507.395 		345.259 		9.5
v -507.226 		345.372 		9.5
v -507.044 		345.461 		9.5
v -506.852 		345.527 		9.5
v -506.653 		345.566 		9.5
v -506.45 		345.58 		9.5
v -506.247 		345.566 		9.5
v -504.4 		319.076 		10.165
v -506.048 		345.527 		9.5
v -505.856 		345.461 		9.5
v -505.674 		345.372 		9.5
v -504.293 		319.293 		10.165
v -505.505 		345.259 		9.5
v -505.352 		345.125 		9.5
v -505.218 		344.972 		9.5
v -505.106 		344.803 		9.5
v -505.016 		344.621 		9.5
v -504.95 		344.429 		9.5
v -504.911 		344.23 		9.5
v -504.327 		319.034 		9.918
v -504.215 		319.261 		9.918
v -504.898 		347.577 		9.5
v -505.293 		319.707 		11.248
v -503.003 		338.362 		9.5
v -487.998 		338.362 		9.5
v -508 		321.536 		9.5
v -505.261 		319.802 		11.248
v -503.003 		317.459 		9.5
v -505.241 		319.9 		11.248
v -505.134 		319.5 		11.132
v -505.076 		319.617 		11.132
v -505.034 		319.741 		11.132
v -505.009 		319.869 		11.132
v -507.218 		335 		10.587
v -504.875 		319.534 		10.987
v -507.307 		336.307 		9.765
v -507.466 		336.125 		9.765
v -485.293 		319.293 		11.248
v -507.6 		335.924 		9.765
v -484.589 		335.315 		10.932
v -485.198 		319.261 		11.248
v -485.1 		319.241 		11.248
v -485 		319.235 		11.248
v -506.966 		336.673 		9.518
v -507.176 		336.533 		9.518
v -484.9 		319.241 		11.248
v -484.774 		335.131 		10.983
v -484.793 		335.159 		10.983
v -506.9677 		336.6761 		9.5
v -484.815 		335.185 		10.983
v -507.1782 		336.5358 		9.5
v -484.841 		335.207 		10.983
v -507.1918 		336.5238 		9.5
v -507.3509 		336.384 		9.5
v -507.366 		336.366 		9.518
v -507.533 		336.176 		9.518
v -507.673 		335.966 		9.518
v -507.3685 		336.3685 		9.5
v -507.3684 		336.3686 		9.5
v -507.3805 		336.3549 		9.5
v -507.5358 		336.1782 		9.5
v -507.6761 		335.9677 		9.5
v -485.259 		319.034 		11.132
v -507.6841 		335.9515 		9.5
v -507.7234 		335.872 		9.5
v -504.782 		335 		10.587
v -485.131 		319.009 		11.132
v -504.793 		335.159 		10.587
v -485 		319 		11.132
v -504.824 		335.315 		10.587
v -484.5 		334.866 		10.932
v -484.869 		319.009 		11.132
v -484.487 		334.932 		10.932
v -504.586 		335 		10.414
v -484.482 		335 		10.932
v -504.598 		335.185 		10.414
v -484.487 		335.068 		10.932
v -504.634 		335.366 		10.414
v -504.693 		335.541 		10.414
v -504.775 		335.707 		10.414
v -484.841 		318.793 		10.987
v -484.685 		318.824 		10.987
v -484.534 		318.875 		10.987
v -484.774 		334.869 		10.983
v -484.759 		334.9 		10.983
v -484.391 		318.946 		10.987
v -484.748 		334.932 		10.983
v -484.741 		334.966 		10.983
v -484.739 		335 		10.983
v -484.741 		335.034 		10.983
v -484.815 		318.598 		10.814
v -484.748 		335.068 		10.983
v -505.337 		335.383 		10.848
v -484.759 		335.1 		10.983
v -484.634 		318.634 		10.814
v -484.459 		318.693 		10.814
v -505.076 		335.383 		10.732
v -505.134 		335.5 		10.732
v -505.207 		335.609 		10.732
v -485.315 		318.824 		10.987
v -505.293 		335.707 		10.732
v -484.9 		335.241 		10.983
v -485.159 		318.793 		10.987
v -484.932 		335.252 		10.983
v -485 		318.782 		10.987
v -484.966 		335.259 		10.983
v -504.875 		335.466 		10.587
v -485 		335.261 		10.983
v -485.034 		335.259 		10.983
v -485.068 		335.252 		10.983
v -485.1 		335.241 		10.983
v -504.946 		335.609 		10.587
v -505.034 		335.741 		10.587
v -505.139 		335.861 		10.587
v -485.366 		318.634 		10.814
v -485.185 		318.598 		10.814
v -485 		318.586 		10.814
v -484.869 		335.226 		10.983
v -504.878 		335.861 		10.414
v -505.617 		335.663 		10.848
v -505.707 		335.707 		10.848
v -484.589 		318.467 		10.618
v -485.131 		335.226 		10.983
v -485.159 		335.207 		10.983
v -505.802 		335.739 		10.848
v -484.393 		318.534 		10.618
v -485.185 		335.185 		10.983
v -485.207 		335.159 		10.983
v -485.226 		335.131 		10.983
v -485.207 		318.427 		10.618
v -485 		318.413 		10.618
v -484.793 		318.427 		10.618
v -485.226 		318.283 		10.4
v -505.393 		335.466 		10.848
v -485 		318.268 		10.4
v -505.459 		335.541 		10.848
v -484.774 		318.283 		10.4
v -505.534 		335.607 		10.848
v -484.552 		318.327 		10.4
v -505.634 		335.366 		10.932
v -505.685 		335.411 		10.932
v -505.741 		335.448 		10.932
v -505.802 		335.478 		10.932
v -483.875 		318.534 		10.165
v -484.739 		320 		11.383
v -484.741 		320.034 		11.383
v -484.748 		320.068 		11.383
v -484.759 		320.1 		11.383
v -483.693 		318.693 		10.165
v -484.774 		320.131 		11.383
v -484.793 		320.159 		11.383
v -484.815 		320.185 		11.383
v -483.534 		318.875 		10.165
v -484.841 		320.207 		11.383
v -483.4 		319.076 		10.165
v -483.824 		318.467 		9.918
v -483.634 		318.634 		9.918
v -504.693 		318.693 		10.165
v -504.534 		318.875 		10.165
v -483.467 		318.824 		9.918
v -504.824 		318.467 		9.918
v -504.634 		318.634 		9.918
v -504.467 		318.824 		9.918
v -484.966 		320.259 		11.383
v -485 		320.261 		11.383
v -483.598 		318.598 		9.661
v -485.034 		320.259 		11.383
v -504.283 		319.009 		9.661
v -484.866 		320.5 		11.332
v -504.168 		319.241 		9.661
v -504.085 		319.487 		9.661
v -504.2737 		319.0034 		9.5
v -504.2749 		319.0017 		9.5
v -504.2921 		318.976 		9.5
v -504.2022 		319.1484 		9.5
v -504.1581 		319.2373 		9.5
v -504.0745 		319.4839 		9.5
v -504.0754 		319.4812 		9.5
v -504.1063 		319.3897 		9.5
v -504.0737 		319.488 		9.5
v -504.598 		318.598 		9.661
v -504.427 		318.793 		9.661
v -504.7345 		318.464 		9.5
v -504.6653 		318.5251 		9.5
v -504.5906 		318.5906 		9.5
v -504.4184 		318.7862 		9.5
v -504.4192 		318.7853 		9.5
v -504.4839 		318.7115 		9.5
v -504.3289 		318.9207 		9.5
v -485.134 		320.5 		11.332
v -504.793 		318.427 		9.661
v -485.198 		320.478 		11.332
v -504.7862 		318.4184 		9.5
v -485.259 		320.448 		11.332
v -504.875 		318.534 		10.165
v -485.315 		320.411 		11.332
v -505.759 		318.168 		10.165
v -485.366 		320.366 		11.332
v -505.522 		318.215 		10.165
v -505.293 		318.293 		10.165
v -505.076 		318.4 		10.165
v -505.748 		318.085 		9.918
v -505.5 		318.134 		9.918
v -505.261 		318.215 		9.918
v -505.034 		318.327 		9.918
v -484.869 		320.226 		11.383
v -484.9 		320.241 		11.383
v -484.932 		320.252 		11.383
v -485.068 		320.252 		11.383
v -485.1 		320.241 		11.383
v -504.0644 		335 		9.5
v -504.0747 		334.848 		9.5
v -504.0814 		335.2525 		9.5
v -504.0814 		335.252 		9.5
v -504.0656 		335.0181 		9.5
v -505.741 		318.034 		9.661
v -504.1306 		335.5009 		9.5
v -504.085 		335.2703 		9.5
v -504.2117 		335.7404 		9.5
v -504.2116 		335.7402 		9.5
v -504.1364 		335.5181 		9.5
v -505.487 		318.085 		9.661
v -504.2198 		335.7566 		9.5
v -505.241 		318.168 		9.661
v -505.009 		318.283 		9.661
v -485 		320 		11.4
v -505.839 		318.017 		9.5
v -505.7398 		318.0235 		9.5
v -505.856 		318.0159 		9.5
v -505.4839 		318.0745 		9.5
v -505.4869 		318.0739 		9.5
v -505.5812 		318.055 		9.5
v -504.3239 		334.0323 		9.5
v -504.4627 		333.824 		9.5
v -505.3315 		318.1263 		9.5
v -504.2117 		334.2596 		9.5
v -504.2118 		334.2594 		9.5
v -504.3159 		334.0485 		9.5
v -505.2373 		318.1581 		9.5
v -505.0924 		318.2297 		9.5
v -505.0034 		318.2737 		9.5
v -504.1306 		334.4991 		9.5
v -504.2059 		334.2768 		9.5
v -504.869 		318.3632 		9.5
v -504.0814 		334.7475 		9.5
v -504.0815 		334.7473 		9.5
v -504.127 		334.5169 		9.5
v -506.068 		319.487 		11.332
v -504.0802 		334.7657 		9.5
v -506 		319.482 		11.332
v -505.932 		319.487 		11.332
v -504.8218 		333.4642 		9.5
v -504.832 		333.4574 		9.5
v -504.6315 		333.6315 		9.5
v -504.6316 		333.6314 		9.5
v -504.8082 		333.4762 		9.5
v -485.131 		320.226 		11.383
v -485.159 		320.207 		11.383
v -504.4642 		333.8218 		9.5
v -504.6195 		333.6451 		9.5
v -485.185 		320.185 		11.383
v -485.207 		320.159 		11.383
v -485.226 		320.131 		11.383
v -485.241 		320.1 		11.383
v -485.252 		320.068 		11.383
v -485.259 		320.034 		11.383
v -505.2596 		333.2117 		9.5
v -505.2598 		333.2116 		9.5
v -505.344 		333.1831 		9.5
v -485.261 		320 		11.383
v -505.0323 		333.3239 		9.5
v -505.2434 		333.2198 		9.5
v -505.7475 		333.0814 		9.5
v -505.748 		333.0814 		9.5
v -505.856 		333.0741 		9.5
v -505.4991 		333.1306 		9.5
v -505.7297 		333.085 		9.5
v -505.4819 		333.1364 		9.5
v -506.293 		319.293 		11.248
v -506.198 		319.261 		11.248
v -484.522 		319.802 		11.332
v -484.5 		319.866 		11.332
v -484.487 		319.932 		11.332
v -484.841 		319.793 		11.383
v -484.815 		319.815 		11.383
v -484.793 		319.841 		11.383
v -484.774 		319.869 		11.383
v -484.759 		319.9 		11.383
v -484.748 		319.932 		11.383
v -484.741 		319.966 		11.383
v -484.802 		319.522 		11.332
v -484.741 		319.552 		11.332
v -484.685 		319.589 		11.332
v -484.634 		319.634 		11.332
v -484.589 		319.685 		11.332
v -484.552 		319.741 		11.332
v -506.1 		319.241 		11.248
v -483.427 		318.793 		9.661
v -505.391 		335.793 		10.732
v -505.5 		335.866 		10.732
v -484.293 		318.293 		10.165
v -484.076 		318.4 		10.165
v -484.261 		318.215 		9.918
v -484.034 		318.327 		9.918
v -505.393 		319.534 		11.248
v -485 		335 		11
v -504.793 		321.573 		9.661
v -484.241 		318.168 		9.661
v -485.1 		319.759 		11.383
v -504.7862 		321.5816 		9.5
v -504.7853 		321.5808 		9.5
v -484.009 		318.283 		9.661
v -504.7342 		321.536 		9.5
v -485.068 		319.748 		11.383
v -504.832 		321.6121 		9.5
v -505.076 		321.6 		10.165
v -483.793 		318.427 		9.661
v -505.293 		321.707 		10.165
v -484.932 		319.748 		11.383
v -505.522 		321.785 		10.165
v -484.9 		319.759 		11.383
v -505.759 		321.832 		10.165
v -484.869 		319.774 		11.383
v -485.241 		318.168 		10.165
v -505.034 		321.673 		9.918
v -505.261 		321.785 		9.918
v -485 		318.152 		10.165
v -505.5 		321.866 		9.918
v -484.759 		318.168 		10.165
v -505.748 		321.915 		9.918
v -484.522 		318.215 		10.165
v -485.259 		319.966 		11.383
v -485.252 		319.932 		11.383
v -485.241 		319.9 		11.383
v -485.226 		319.869 		11.383
v -485.252 		318.085 		9.918
v -506 		319.235 		11.248
v -485 		318.068 		9.918
v -505.9 		319.241 		11.248
v -505.009 		321.717 		9.661
v -484.748 		318.085 		9.918
v -505.241 		321.832 		9.661
v -485.207 		319.841 		11.383
v -485.185 		319.815 		11.383
v -505.487 		321.915 		9.661
v -484.5 		318.134 		9.918
v -485.159 		319.793 		11.383
v -485.131 		319.774 		11.383
v -505.741 		321.966 		9.661
v -504.9207 		321.6711 		9.5
v -505.0034 		321.7263 		9.5
v -505.0017 		321.7251 		9.5
v -505.1484 		321.7978 		9.5
v -505.2373 		321.8419 		9.5
v -505.4839 		321.9255 		9.5
v -505.4812 		321.9246 		9.5
v -505.3897 		321.8937 		9.5
v -505.6425 		321.9569 		9.5
v -505.7398 		321.9765 		9.5
v -505.7392 		321.9764 		9.5
v -506.259 		319.034 		11.132
v -505.856 		321.9841 		9.5
v -504.534 		321.125 		10.165
v -485.259 		318.034 		9.661
v -506.131 		319.009 		11.132
v -504.693 		321.307 		10.165
v -485 		318.017 		9.661
v -506 		319 		11.132
v -484.741 		318.034 		9.661
v -485.034 		319.741 		11.383
v -505.869 		319.009 		11.132
v -485 		319.739 		11.383
v -484.487 		318.085 		9.661
v -507.7883 		335.7404 		9.5
v -507.7882 		335.7406 		9.5
v -507.8694 		335.5009 		9.5
v -507.7941 		335.7232 		9.5
v -507.904 		335.3262 		9.5
v -507.873 		335.4831 		9.5
v -485.541 		319.459 		11.248
v -507.8694 		334.4991 		9.5
v -506.541 		319.459 		11.248
v -507.904 		334.674 		9.5
v -507.7883 		334.2596 		9.5
v -507.7884 		334.2598 		9.5
v -507.8636 		334.4819 		9.5
v -485.466 		319.393 		11.248
v -507.6761 		334.0323 		9.5
v -507.7802 		334.2434 		9.5
v -506.466 		319.393 		11.248
v -485.383 		319.337 		11.248
v -504.467 		321.176 		9.918
v -506.383 		319.337 		11.248
v -504.634 		321.366 		9.918
v -485.793 		319.391 		11.132
v -485.707 		319.293 		11.132
v -506.793 		319.391 		11.132
v -504.824 		321.533 		9.918
v -506.707 		319.293 		11.132
v -506.609 		319.207 		11.132
v -504.293 		320.707 		10.165
v -506.5 		319.134 		11.132
v -504.4 		320.924 		10.165
v -504.215 		320.739 		9.918
v -506.383 		319.076 		11.132
v -504.327 		320.966 		9.918
v -485.609 		319.207 		11.132
v -485.5 		319.134 		11.132
v -504.427 		321.207 		9.661
v -504.598 		321.402 		9.661
v -485.383 		319.076 		11.132
v -504.4184 		321.2138 		9.5
v -504.3632 		321.131 		9.5
v -504.292 		321.024 		9.5
v -506.861 		319.139 		10.987
v -504.5251 		321.3347 		9.5
v -504.5906 		321.4094 		9.5
v -504.7115 		321.5161 		9.5
v -506.741 		319.034 		10.987
v -504.085 		320.513 		9.661
v -504.168 		320.759 		9.661
v -485.861 		319.139 		10.987
v -504.283 		320.991 		9.661
v -485.741 		319.034 		10.987
v -504.0745 		320.5161 		9.5
v -504.0739 		320.5131 		9.5
v -507.176 		335.315 		10.587
v -504.0737 		320.512 		9.5
v -504.1263 		320.6685 		9.5
v -504.1581 		320.7627 		9.5
v -504.2297 		320.9076 		9.5
v -504.2737 		320.9966 		9.5
v -507.207 		335.159 		10.587
v -504.875 		321.466 		10.165
v -486.054 		319.391 		10.987
v -485.966 		319.259 		10.987
v -504.152 		320 		10.165
v -504.168 		320.241 		10.165
v -486.307 		319.459 		10.814
v -504.215 		320.478 		10.165
v -486.225 		319.293 		10.814
v -507.414 		335 		10.414
v -507.402 		335.185 		10.414
v -486.122 		319.139 		10.814
v -504.068 		320 		9.918
v -504.085 		320.252 		9.918
v -504.134 		320.5 		9.918
v -504.215 		319.522 		10.165
v -506.1 		334.759 		10.983
v -504.168 		319.759 		10.165
v -506.068 		334.748 		10.983
v -506.034 		334.741 		10.983
v -506 		334.739 		10.983
v -504.134 		319.5 		9.918
v -505.966 		334.741 		10.983
v -505.932 		334.748 		10.983
v -504.085 		319.748 		9.918
v -505.9 		334.759 		10.983
v -505.869 		334.774 		10.983
v -484.966 		319.741 		11.383
v -504.034 		319.741 		9.661
v -504.017 		320 		9.661
v -484.866 		319.5 		11.332
v -504.034 		320.259 		9.661
v -486 		319 		10.814
v -485.366 		319.634 		11.332
v -485.315 		319.589 		11.332
v -485.259 		319.552 		11.332
v -485.198 		319.522 		11.332
v -485.609 		318.946 		10.987
v -485.134 		319.5 		11.332
v -485.261 		335 		10.983
v -485.466 		318.875 		10.987
v -485.861 		318.878 		10.814
v -485.241 		335.1 		10.983
v -485.252 		335.068 		10.983
v -485.707 		318.775 		10.814
v -485.259 		335.034 		10.983
v -485.541 		318.693 		10.814
v -485.259 		334.966 		10.983
v -485.252 		334.932 		10.983
v -504.0431 		319.6425 		9.5
v -504.0236 		319.7392 		9.5
v -504.0235 		319.7398 		9.5
v -504.013 		319.9008 		9.5
v -504.0065 		320 		9.5
v -485.241 		334.9 		10.983
v -504.017 		320.161 		9.5
v -504.0235 		320.2602 		9.5
v -485.226 		334.869 		10.983
v -504.055 		320.4188 		9.5
v -506 		321.587 		10.618
v -506.207 		321.573 		10.618
v -506.207 		334.841 		10.983
v -506.185 		334.815 		10.983
v -506.159 		334.793 		10.983
v -506.131 		334.774 		10.983
v -506 		321.732 		10.4
v -506.226 		321.717 		10.4
v -483.824 		334.685 		10.587
v -483.793 		334.841 		10.587
v -506.366 		334.634 		10.932
v -483.693 		334.459 		10.414
v -486.374 		319.207 		10.618
v -483.634 		334.634 		10.414
v -486.259 		319.034 		10.618
v -483.598 		334.815 		10.414
v -506.448 		321.673 		10.4
v -506.663 		321.6 		10.4
v -506.068 		334.487 		10.932
v -506 		334.482 		10.932
v -505.932 		334.487 		10.932
v -505.866 		334.5 		10.932
v -485.793 		318.626 		10.618
v -485.607 		318.534 		10.618
v -485.411 		318.467 		10.618
v -485.866 		318.5 		10.4
v -506.315 		334.589 		10.932
v -506.259 		334.552 		10.932
v -506.198 		334.522 		10.932
v -506.134 		334.5 		10.932
v -486.122 		318.878 		10.618
v -485.966 		318.741 		10.618
v -486.374 		318.946 		10.4
v -486.225 		318.775 		10.4
v -486.054 		318.626 		10.4
v -506.478 		334.802 		10.932
v -506.448 		334.741 		10.932
v -506.411 		334.685 		10.932
v -506.739 		334.802 		10.848
v -506.707 		334.707 		10.848
v -485.663 		318.4 		10.4
v -506.663 		334.617 		10.848
v -485.448 		318.327 		10.4
v -486.466 		319.393 		10.618
v -486.6 		319.337 		10.4
v -486.5 		319.134 		10.4
v -506.607 		334.534 		10.848
v -506.541 		334.459 		10.848
v -507.5373 		333.824 		9.5
v -486.307 		318.693 		10.165
v -486.125 		318.534 		10.165
v -486.366 		318.634 		9.918
v -484.337 		334.617 		10.848
v -486.176 		318.467 		9.918
v -484.293 		334.707 		10.848
v -506.7404 		333.2117 		9.5
v -506.7406 		333.2118 		9.5
v -506.88 		333.2806 		9.5
v -506.5009 		333.1306 		9.5
v -506.7232 		333.2059 		9.5
v -506.2525 		333.0814 		9.5
v -506.2527 		333.0815 		9.5
v -506.4831 		333.127 		9.5
v -486.2885 		318.4839 		9.5
v -486.2658 		318.464 		9.5
v -486.4 		318.5823 		9.5
v -506 		333.0644 		9.5
v -506.2343 		333.0802 		9.5
v -485.924 		318.4 		10.165
v -505.9819 		333.0656 		9.5
v -484.393 		319.534 		11.248
v -485.707 		318.293 		10.165
v -485.478 		318.215 		10.165
v -485.966 		318.327 		9.918
v -485.739 		318.215 		9.918
v -485.5 		318.134 		9.918
v -507.5358 		333.8218 		9.5
v -507.3685 		333.6315 		9.5
v -507.3686 		333.6316 		9.5
v -507.5238 		333.8082 		9.5
v -484.393 		320.466 		11.248
v -507.1782 		333.4642 		9.5
v -507.3549 		333.6195 		9.5
v -506.9677 		333.3239 		9.5
v -506.9515 		333.3159 		9.5
v -505.241 		334.9 		10.848
v -484.076 		321.6 		10.165
v -505.235 		335 		10.848
v -484.293 		321.707 		10.165
v -484.034 		321.673 		9.918
v -484.261 		321.785 		9.918
v -505.241 		335.1 		10.848
v -486.207 		318.427 		9.661
v -485.991 		318.283 		9.661
v -485.759 		318.168 		9.661
v -505.261 		335.198 		10.848
v -485.513 		318.085 		9.661
v -505.293 		335.293 		10.848
v -483.793 		321.573 		9.661
v -484.009 		321.717 		9.661
v -484.241 		321.832 		9.661
v -486.2138 		318.4184 		9.5
v -486.2147 		318.4192 		9.5
v -484.522 		321.785 		10.165
v -484.759 		321.832 		10.165
v -486.707 		319.293 		10.165
v -485 		321.848 		10.165
v -486.6 		319.076 		10.165
v -485.241 		321.832 		10.165
v -486.466 		318.875 		10.165
v -505.009 		334.869 		10.732
v -486.785 		319.261 		9.918
v -505 		335 		10.732
v -484.5 		321.866 		9.918
v -486.673 		319.034 		9.918
v -505.009 		335.131 		10.732
v -486.533 		318.824 		9.918
v -505.034 		335.259 		10.732
v -484.261 		334.802 		10.848
v -484.207 		334.391 		10.732
v -505.932 		320.513 		11.332
v -505.5 		335.134 		10.932
v -484.134 		334.5 		10.732
v -506 		320.518 		11.332
v -484.076 		334.617 		10.732
v -506.068 		320.513 		11.332
v -484.034 		334.741 		10.732
v -506.315 		318.824 		10.987
v -506.159 		318.793 		10.987
v -483.946 		334.391 		10.587
v -506 		318.782 		10.987
v -483.875 		334.534 		10.587
v -506.366 		318.634 		10.814
v -506.185 		318.598 		10.814
v -506 		318.586 		10.814
v -484.293 		334.293 		10.732
v -484.259 		334.034 		10.587
v -484.139 		334.139 		10.587
v -506 		321.218 		10.987
v -484.034 		334.259 		10.587
v -506.159 		321.207 		10.987
v -506.609 		318.946 		10.987
v -506.315 		321.176 		10.987
v -484.139 		333.878 		10.414
v -506.466 		318.875 		10.987
v -484 		334 		10.414
v -506.861 		318.878 		10.814
v -506.707 		318.775 		10.814
v -506 		321.414 		10.814
v -483.878 		334.139 		10.414
v -506.541 		318.693 		10.814
v -506.185 		321.402 		10.814
v -483.775 		334.293 		10.414
v -506.366 		321.366 		10.814
v -484.841 		334.793 		10.983
v -484.815 		334.815 		10.983
v -484.793 		334.841 		10.983
v -506.793 		318.626 		10.618
v -486.915 		319.487 		9.661
v -506.607 		318.534 		10.618
v -486.832 		319.241 		9.661
v -506.411 		318.467 		10.618
v -486.717 		319.009 		9.661
v -486.9255 		319.4839 		9.5
v -486.9261 		319.4869 		9.5
v -486.9263 		319.488 		9.5
v -486.8737 		319.3315 		9.5
v -484.634 		334.634 		10.932
v -506.466 		334.393 		10.848
v -484.589 		334.685 		10.932
v -506.383 		334.337 		10.848
v -484.552 		334.741 		10.932
v -506.866 		318.5 		10.4
v -484.522 		334.802 		10.932
v -506.866 		334.5 		10.732
v -484.748 		321.915 		9.918
v -507.9186 		334.7475 		9.5
v -507.9186 		334.748 		9.5
v -507.9344 		334.9819 		9.5
v -506.207 		318.427 		10.618
v -507.9356 		335 		9.5
v -485 		321.932 		9.918
v -507.915 		334.7297 		9.5
v -506 		318.413 		10.618
v -507.9186 		335.2525 		9.5
v -507.9185 		335.2527 		9.5
v -484.802 		334.522 		10.932
v -507.9198 		335.2343 		9.5
v -485.252 		321.915 		9.918
v -506.663 		318.4 		10.4
v -506.793 		334.391 		10.732
v -486.8419 		319.2373 		9.5
v -486.7703 		319.0924 		9.5
v -486.7263 		319.0034 		9.5
v -486.708 		318.976 		9.5
v -506.448 		318.327 		10.4
v -486.573 		318.793 		9.661
v -486.402 		318.598 		9.661
v -486.5816 		318.7862 		9.5
v -506.226 		318.283 		10.4
v -486.6368 		318.869 		9.5
v -486.4749 		318.6653 		9.5
v -486.4094 		318.5906 		9.5
v -506 		318.268 		10.4
v -483.327 		335.966 		9.518
v -484.259 		335.966 		10.587
v -484 		336 		10.414
v -484.139 		336.122 		10.414
v -484.293 		336.225 		10.414
v -484.815 		336.402 		10.414
v -485 		336.414 		10.414
v -485.185 		336.402 		10.414
v -484.617 		335.924 		10.732
v -484.741 		335.966 		10.732
v -484.391 		336.054 		10.587
v -484.534 		336.125 		10.587
v -484.685 		336.176 		10.587
v -484.841 		336.207 		10.587
v -484.459 		336.307 		10.414
v -484.634 		336.366 		10.414
v -484.487 		321.915 		9.661
v -484.741 		321.966 		9.661
v -485 		321.983 		9.661
v -485.259 		321.966 		9.661
v -483.4 		320.924 		10.165
v -483.534 		321.125 		10.165
v -483.693 		321.307 		10.165
v -483.875 		321.466 		10.165
v -483.467 		321.176 		9.918
v -506 		321.9935 		9.5
v -505.9008 		321.987 		9.5
v -506.293 		334.293 		10.848
v -483.634 		321.366 		9.918
v -506.2602 		321.9765 		9.5
v -506.161 		321.983 		9.5
v -506.5161 		321.9255 		9.5
v -506.5131 		321.9261 		9.5
v -506.4188 		321.945 		9.5
v -483.824 		321.533 		9.918
v -506.198 		334.261 		10.848
v -506.7627 		321.8419 		9.5
v -506.6685 		321.8737 		9.5
v -506.88 		321.784 		9.5
v -506.1 		334.241 		10.848
v -506 		334.235 		10.848
v -483.427 		321.207 		9.661
v -483.598 		321.402 		9.661
v -505.9 		334.241 		10.848
v -506.9966 		321.7263 		9.5
v -506.9076 		321.7703 		9.5
v -507.2138 		321.5816 		9.5
v -507.131 		321.6368 		9.5
v -507.2655 		321.536 		9.5
v -485.448 		321.673 		10.4
v -485.663 		321.6 		10.4
v -507.4094 		321.4094 		9.5
v -507.3347 		321.4749 		9.5
v -507.5816 		321.2138 		9.5
v -507.5808 		321.2147 		9.5
v -507.5161 		321.2885 		9.5
v -506.259 		334.034 		10.732
v -484.741 		334.552 		10.932
v -484.685 		334.589 		10.932
v -506.131 		334.009 		10.732
v -485.466 		321.125 		10.987
v -506 		334 		10.732
v -485.609 		321.054 		10.987
v -505.869 		334.009 		10.732
v -484.617 		334.337 		10.848
v -485.541 		321.307 		10.814
v -484.534 		334.393 		10.848
v -485.707 		321.225 		10.814
v -506.315 		333.824 		10.587
v -485.861 		321.122 		10.814
v -484.459 		334.459 		10.848
v -484.393 		334.534 		10.848
v -507.7263 		320.9966 		9.5
v -507.7251 		320.9983 		9.5
v -507.6711 		321.0793 		9.5
v -506.466 		321.125 		10.987
v -506.609 		321.054 		10.987
v -485.383 		320.663 		11.248
v -506.541 		321.307 		10.814
v -485.466 		320.607 		11.248
v -506.707 		321.225 		10.814
v -485.1 		334.759 		10.983
v -485.541 		320.541 		11.248
v -485.068 		334.748 		10.983
v -506.861 		321.122 		10.814
v -485.034 		334.741 		10.983
v -485 		334.739 		10.983
v -485.383 		320.924 		11.132
v -484.966 		334.741 		10.983
v -484.932 		334.748 		10.983
v -485.5 		320.866 		11.132
v -484.9 		334.759 		10.983
v -505.522 		335.198 		10.932
v -484.869 		334.774 		10.983
v -505.552 		335.259 		10.932
v -485.609 		320.793 		11.132
v -485.707 		320.707 		11.132
v -485.793 		320.609 		11.132
v -507.054 		319.391 		10.987
v -485.207 		334.841 		10.983
v -506.966 		319.259 		10.987
v -485.185 		334.815 		10.983
v -485.159 		334.793 		10.983
v -485.131 		334.774 		10.983
v -507.307 		319.459 		10.814
v -507.225 		319.293 		10.814
v -485.741 		320.966 		10.987
v -507.122 		319.139 		10.814
v -485.861 		320.861 		10.987
v -507 		319 		10.814
v -485.366 		334.634 		10.932
v -485.966 		320.741 		10.987
v -486.054 		320.609 		10.987
v -486 		321 		10.814
v -486.122 		320.861 		10.814
v -486.225 		320.707 		10.814
v -507.466 		319.393 		10.618
v -485.068 		334.487 		10.932
v -486.307 		320.541 		10.814
v -507.374 		319.207 		10.618
v -485 		334.482 		10.932
v -507.259 		319.034 		10.618
v -484.932 		334.487 		10.932
v -484.866 		334.5 		10.932
v -507.6 		319.337 		10.4
v -507.5 		319.134 		10.4
v -485.411 		321.533 		10.618
v -485.607 		321.466 		10.618
v -485.315 		334.589 		10.932
v -485.793 		321.374 		10.618
v -485.259 		334.552 		10.932
v -485.198 		334.522 		10.932
v -507.122 		318.878 		10.618
v -485.134 		334.5 		10.932
v -506.966 		318.741 		10.618
v -485.866 		321.5 		10.4
v -507.374 		318.946 		10.4
v -507.225 		318.775 		10.4
v -507.054 		318.626 		10.4
v -484.802 		334.261 		10.848
v -485.966 		321.259 		10.618
v -484.707 		334.293 		10.848
v -486.122 		321.122 		10.618
v -484.741 		334.034 		10.732
v -486.054 		321.374 		10.4
v -484.617 		334.076 		10.732
v -486.225 		321.225 		10.4
v -484.5 		334.134 		10.732
v -486.374 		321.054 		10.4
v -506.707 		318.293 		10.165
v -506.478 		318.215 		10.165
v -484.391 		334.207 		10.732
v -506.241 		318.168 		10.165
v -505.589 		335.315 		10.932
v -506 		318.152 		10.165
v -506.739 		318.215 		9.918
v -484.685 		333.824 		10.587
v -506.5 		318.134 		9.918
v -484.534 		333.875 		10.587
v -484.391 		333.946 		10.587
v -506.252 		318.085 		9.918
v -505.774 		335.131 		10.983
v -505.793 		335.159 		10.983
v -506 		318.068 		9.918
v -505.815 		335.185 		10.983
v -505.841 		335.207 		10.983
v -506.707 		334.293 		10.732
v -506.759 		318.168 		9.661
v -506.609 		334.207 		10.732
v -506.513 		318.085 		9.661
v -505.5 		334.866 		10.932
v -506.259 		318.034 		9.661
v -505.487 		334.932 		10.932
v -506.5 		334.134 		10.732
v -506 		318.017 		9.661
v -505.482 		335 		10.932
v -506.383 		334.076 		10.732
v -506.88 		318.2162 		9.5
v -506.8516 		318.2022 		9.5
v -506.7627 		318.1581 		9.5
v -506.5161 		318.0745 		9.5
v -507.8419 		320.7627 		9.5
v -507.7978 		320.8516 		9.5
v -507.904 		320.5798 		9.5
v -507.8937 		320.6103 		9.5
v -506.5188 		318.0754 		9.5
v -506.6103 		318.1063 		9.5
v -484.869 		335.991 		10.732
v -506.3575 		318.0431 		9.5
v -506.2608 		318.0236 		9.5
v -506.2602 		318.0235 		9.5
v -486.259 		320.966 		10.618
v -485 		336 		10.732
v -506.861 		334.139 		10.587
v -486.374 		320.793 		10.618
v -485.131 		335.991 		10.732
v -507.9255 		320.5161 		9.5
v -507.9246 		320.5188 		9.5
v -507.9263 		320.512 		9.5
v -506.0992 		318.013 		9.5
v -506 		318.0065 		9.5
v -485.259 		335.966 		10.732
v -505.869 		320.991 		11.132
v -507.707 		319.293 		10.165
v -506.741 		334.034 		10.587
v -507.6 		319.076 		10.165
v -486.466 		320.607 		10.618
v -486.5 		320.866 		10.4
v -485 		336.218 		10.587
v -507.785 		319.261 		9.918
v -506.609 		333.946 		10.587
v -486.6 		320.663 		10.4
v -506 		321 		11.132
v -485.159 		336.207 		10.587
v -506.131 		320.991 		11.132
v -485.315 		336.176 		10.587
v -507.9765 		319.7398 		9.5
v -507.983 		319.839 		9.5
v -507.9935 		320 		9.5
v -506.259 		320.966 		11.132
v -507.9263 		319.488 		9.5
v -507.945 		319.5812 		9.5
v -507.9765 		320.2602 		9.5
v -507.9764 		320.2608 		9.5
v -507.9569 		320.3575 		9.5
v -507.987 		320.0992 		9.5
v -485.411 		320.315 		11.332
v -485.448 		320.259 		11.332
v -485.478 		320.198 		11.332
v -485.5 		320.134 		11.332
v -485.513 		320.068 		11.332
v -485.366 		336.366 		10.414
v -505.9 		320.759 		11.248
v -485.518 		320 		11.332
v -506 		320.765 		11.248
v -484.134 		336.5 		10
v -506.466 		333.875 		10.587
v -506.1 		320.759 		11.248
v -484.337 		336.6 		10
v -506.198 		320.739 		11.248
v -506.293 		320.707 		11.248
v -485.293 		334.293 		10.848
v -507.673 		319.034 		9.918
v -485.198 		334.261 		10.848
v -485.1 		334.241 		10.848
v -485.513 		319.932 		11.332
v -507.466 		318.875 		10.165
v -485 		334.235 		10.848
v -485.5 		319.866 		11.332
v -485.478 		319.802 		11.332
v -507.307 		318.693 		10.165
v -484.9 		334.241 		10.848
v -485.448 		319.741 		11.332
v -507.125 		318.534 		10.165
v -485.411 		319.685 		11.332
v -505.487 		335.068 		10.932
v -507.533 		318.824 		9.918
v -507.366 		318.634 		9.918
v -507.176 		318.467 		9.918
v -483.875 		336.466 		9.765
v -484.076 		336.6 		9.765
v -484.293 		336.707 		9.765
v -507.832 		319.241 		9.661
v -507.717 		319.009 		9.661
v -505.774 		334.869 		10.983
v -505.759 		334.9 		10.983
v -505.748 		334.932 		10.983
v -507.573 		318.793 		9.661
v -505.741 		334.966 		10.983
v -507.402 		318.598 		9.661
v -483.741 		335.966 		10.218
v -505.739 		335 		10.983
v -505.741 		335.034 		10.983
v -483.626 		336.054 		10
v -505.748 		335.068 		10.983
v -505.759 		335.1 		10.983
v -483.775 		336.225 		10
v -483.4 		335.924 		9.765
v -483.534 		336.125 		9.765
v -507.8419 		319.2373 		9.5
v -507.8737 		319.3315 		9.5
v -507.904 		319.4207 		9.5
v -507.7263 		319.0034 		9.5
v -507.7703 		319.0924 		9.5
v -506.861 		333.878 		10.414
v -507.5816 		318.7862 		9.5
v -507.6368 		318.869 		9.5
v -507.4094 		318.5906 		9.5
v -507.4749 		318.6653 		9.5
v -507.2658 		318.464 		9.5
v -507.2885 		318.4839 		9.5
v -485.259 		334.034 		10.732
v -506.966 		334.741 		10.732
v -485.131 		334.009 		10.732
v -506.924 		334.617 		10.732
v -485 		334 		10.732
v -507.2138 		318.4184 		9.5
v -507.2147 		318.4192 		9.5
v -506.9966 		318.2737 		9.5
v -506.9983 		318.2749 		9.5
v -507.0793 		318.3289 		9.5
v -484.869 		334.009 		10.732
v -507.207 		334.841 		10.587
v -507.9255 		319.4839 		9.5
v -507.9261 		319.4869 		9.5
v -507.176 		334.685 		10.587
v -487.998 		317.459 		9.5
v -485.315 		333.824 		10.587
v -485.607 		320.466 		11.248
v -485.663 		320.383 		11.248
v -485.707 		320.293 		11.248
v -506.383 		320.663 		11.248
v -486.2138 		321.5816 		9.5
v -486.131 		321.6368 		9.5
v -486.2655 		321.536 		9.5
v -483.413 		335 		10.218
v -506.466 		320.607 		11.248
v -485.739 		320.198 		11.248
v -483.427 		335.207 		10.218
v -506.541 		320.541 		11.248
v -507.125 		334.534 		10.587
v -485.759 		320.1 		11.248
v -483.467 		335.411 		10.218
v -506.383 		320.924 		11.132
v -507.054 		334.391 		10.587
v -485.765 		320 		11.248
v -483.534 		335.607 		10.218
v -506.5 		320.866 		11.132
v -486.4 		321.4176 		9.5
v -486.3347 		321.4749 		9.5
v -483.626 		335.793 		10.218
v -485.866 		320.5 		11.132
v -486.4094 		321.4094 		9.5
v -486.5816 		321.2138 		9.5
v -486.5808 		321.2147 		9.5
v -486.5161 		321.2885 		9.5
v -486.7079 		321.024 		9.5
v -486.6711 		321.0793 		9.5
v -504.824 		334.685 		10.587
v -483.4 		335.663 		10
v -504.793 		334.841 		10.587
v -483.5 		335.866 		10
v -486.7263 		320.9966 		9.5
v -486.7251 		320.9983 		9.5
v -486.8419 		320.7627 		9.5
v -486.7978 		320.8516 		9.5
v -504.775 		334.293 		10.414
v -486.9255 		320.5161 		9.5
v -486.9246 		320.5188 		9.5
v -486.8937 		320.6103 		9.5
v -485.924 		320.383 		11.132
v -486.9263 		320.512 		9.5
v -485.966 		320.259 		11.132
v -504.693 		334.459 		10.414
v -485.991 		320.131 		11.132
v -504.634 		334.634 		10.414
v -486 		320 		11.132
v -486.125 		320.466 		10.987
v -507.366 		334.634 		10.414
v -504.598 		334.815 		10.414
v -486.176 		320.315 		10.987
v -483.534 		334.393 		10.218
v -483.467 		334.589 		10.218
v -486.9765 		319.7398 		9.5
v -506.609 		320.793 		11.132
v -486.983 		319.839 		9.5
v -486.9935 		320 		9.5
v -506.707 		320.707 		11.132
v -486.945 		319.5812 		9.5
v -483.427 		334.793 		10.218
v -506.793 		320.609 		11.132
v -486.9765 		320.2602 		9.5
v -486.9764 		320.2608 		9.5
v -486.9569 		320.3575 		9.5
v -486.987 		320.0992 		9.5
v -483.4 		334.337 		10
v -486.207 		320.159 		10.987
v -486.218 		320 		10.987
v -486.366 		320.366 		10.814
v -505.337 		334.617 		10.848
v -505.293 		334.707 		10.848
v -485.759 		319.9 		11.248
v -505.261 		334.802 		10.848
v -485.739 		319.802 		11.248
v -485.707 		319.707 		11.248
v -485.663 		319.617 		11.248
v -505.207 		334.391 		10.732
v -485.607 		319.534 		11.248
v -505.134 		334.5 		10.732
v -505.076 		334.617 		10.732
v -505.034 		334.741 		10.732
v -504.946 		334.391 		10.587
v -504.875 		334.534 		10.587
v -485.866 		319.5 		11.132
v -505.841 		334.793 		10.983
v -505.815 		334.815 		10.983
v -505.793 		334.841 		10.983
v -485.991 		319.869 		11.132
v -505.634 		334.634 		10.932
v -485.966 		319.741 		11.132
v -505.589 		334.685 		10.932
v -505.552 		334.741 		10.932
v -485.924 		319.617 		11.132
v -505.522 		334.802 		10.932
v -486.207 		319.841 		10.987
v -486.176 		319.685 		10.987
v -505.802 		334.522 		10.932
v -486.125 		319.534 		10.987
v -505.741 		334.552 		10.932
v -483.693 		336.307 		9.765
v -505.685 		334.589 		10.932
v -486.366 		319.634 		10.814
v -507.307 		334.459 		10.414
v -483.878 		336.122 		10.218
v -484.034 		336.259 		10.218
v -506.741 		320.966 		10.987
v -484.207 		336.374 		10.218
v -506.861 		320.861 		10.987
v -486.402 		319.815 		10.814
v -486.1782 		336.5358 		9.5
v -486.414 		320 		10.814
v -507.402 		334.815 		10.414
v -486.3685 		336.3685 		9.5
v -486.3684 		336.3686 		9.5
v -486.1918 		336.5238 		9.5
v -505.617 		334.337 		10.848
v -486.4 		336.3327 		9.5
v -486.3805 		336.3549 		9.5
v -505.534 		334.393 		10.848
v -506.411 		321.533 		10.618
v -506.924 		318.4 		10.165
v -505.459 		334.459 		10.848
v -506.966 		334.259 		10.587
v -483.878 		333.878 		10.218
v -507.225 		334.293 		10.414
v -506.607 		321.466 		10.618
v -483.741 		334.034 		10.218
v -505.393 		334.534 		10.848
v -486.5358 		336.1782 		9.5
v -486.6761 		335.9677 		9.5
v -507.122 		334.139 		10.414
v -486.6841 		335.9515 		9.5
v -483.626 		334.207 		10.218
v -506.793 		321.374 		10.618
v -507 		334 		10.414
v -483.626 		333.946 		10
v -483.5 		334.134 		10
v -505.293 		334.293 		10.732
v -483.534 		333.875 		9.765
v -505.259 		334.034 		10.587
v -505.139 		334.139 		10.587
v -483.4 		334.076 		9.765
v -507.374 		335.793 		10.218
v -505.034 		334.259 		10.587
v -507.466 		335.607 		10.218
v -507.533 		335.411 		10.218
v -507.5 		335.866 		10
v -483.467 		333.824 		9.518
v -505.139 		333.878 		10.414
v -507.6 		335.663 		10
v -484.293 		333.775 		10.414
v -505 		334 		10.414
v -507.673 		335.448 		10
v -504.878 		334.139 		10.414
v -484.841 		333.793 		10.587
v -507.707 		335.707 		9.765
v -483.946 		336.374 		10
v -507.785 		335.478 		9.765
v -508.643 		338.303 		9.5
v -508.643 		317.459 		9.5
v -485.495 		342.795 		7
v -485.648 		342.929 		7
v -485.782 		343.082 		7
v -485.895 		343.251 		7
v -485.984 		343.433 		7
v -486.05 		343.625 		7
v -486.089 		343.824 		7
v -486.103 		344.027 		7
v -484.753 		342.488 		7
v -484.55 		342.475 		7
v -484.952 		342.527 		7
v -485.144 		342.593 		7
v -505.802 		334.261 		10.848
v -485.326 		342.683 		7
v -483.824 		336.533 		9.518
v -483.452 		342.929 		7
v -483.605 		342.795 		7
v -483.774 		342.683 		7
v -484.034 		336.673 		9.518
v -505.707 		334.293 		10.848
v -483.956 		342.593 		7
v -484.148 		342.527 		7
v -484.261 		336.785 		9.518
v -484.347 		342.488 		7
v -507.587 		335 		10.218
v -482.998 		344.027 		7
v -507.573 		335.207 		10.218
v -483.011 		343.824 		7
v -483.05 		343.625 		7
v -483.116 		343.433 		7
v -505.741 		334.034 		10.732
v -483.206 		343.251 		7
v -483.318 		343.082 		7
v -486.089 		344.23 		7
v -486.05 		344.429 		7
v -485.984 		344.621 		7
v -485.895 		344.803 		7
v -485.782 		344.972 		7
v -485.648 		345.125 		7
v -507.732 		335 		10
v -505.617 		334.076 		10.732
v -485.495 		345.259 		7
v -507.717 		335.226 		10
v -485.326 		345.372 		7
v -485.144 		345.461 		7
v -484.952 		345.527 		7
v -484.753 		345.566 		7
v -484.55 		345.58 		7
v -484.347 		345.566 		7
v -484.148 		345.527 		7
v -505.5 		334.134 		10.732
v -483.956 		345.461 		7
v -483.774 		345.372 		7
v -483.605 		345.259 		7
v -483.452 		345.125 		7
v -483.467 		336.176 		9.518
v -483.318 		344.972 		7
v -483.206 		344.803 		7
v -507.848 		335 		9.765
v -483.116 		344.621 		7
v -483.634 		336.366 		9.518
v -483.05 		344.429 		7
v -483.011 		344.23 		7
v -505.391 		334.207 		10.732
v -486.103 		347.577 		7
v -482.38 		338.303 		7
v -482.38 		317.459 		7
v -507.95 		343.625 		7
v -507.989 		343.824 		7
v -508.003 		344.027 		7
v -507.832 		335.241 		9.765
v -506.653 		342.488 		7
v -506.45 		342.475 		7
v -506.852 		342.527 		7
v -507.044 		342.593 		7
v -484.748 		336.915 		9.518
v -507.226 		342.683 		7
v -507.395 		342.795 		7
v -505.685 		333.824 		10.587
v -507.548 		342.929 		7
v -507.682 		343.082 		7
v -485 		336.932 		9.518
v -507.795 		343.251 		7
v -507.884 		343.433 		7
v -486.402 		320.185 		10.814
v -506.048 		342.527 		7
v -505.856 		342.593 		7
v -506.247 		342.488 		7
v -485.252 		336.915 		9.518
v -504.898 		344.027 		7
v -504.911 		343.824 		7
v -504.95 		343.625 		7
v -505.016 		343.433 		7
v -505.106 		343.251 		7
v -505.218 		343.082 		7
v -505.352 		342.929 		7
v -505.505 		342.795 		7
v -505.674 		342.683 		7
v -507.989 		344.23 		7
v -507.95 		344.429 		7
v -507.785 		335.739 		9.518
v -507.884 		344.621 		7
v -507.795 		344.803 		7
v -507.682 		344.972 		7
v -484.393 		336.466 		10.218
v -507.548 		345.125 		7
v -507.866 		335.5 		9.518
v -507.395 		345.259 		7
v -507.226 		345.372 		7
v -484.589 		336.533 		10.218
v -484.793 		336.573 		10.218
v -486.533 		320.411 		10.618
v -506.866 		321.5 		10.4
v -486.573 		320.207 		10.618
v -484.552 		336.673 		10
v -484.774 		336.717 		10
v -486.587 		320 		10.618
v -486.673 		320.448 		10.4
v -507.573 		334.793 		10.218
v -486.717 		320.226 		10.4
v -507.533 		334.589 		10.218
v -506.966 		320.741 		10.987
v -486.732 		320 		10.4
v -484.522 		336.785 		9.765
v -484.759 		336.832 		9.765
v -507.466 		334.393 		10.218
v -507.054 		320.609 		10.987
v -507.717 		334.774 		10
v -507 		321 		10.814
v -486.573 		319.793 		10.618
v -507.122 		320.861 		10.814
v -507.673 		334.552 		10
v -484.815 		333.598 		10.414
v -486.533 		319.589 		10.618
v -507.225 		320.707 		10.814
v -484.634 		333.634 		10.414
v -507.6 		334.337 		10
v -507.307 		320.541 		10.814
v -484.459 		333.693 		10.414
v -486.717 		319.774 		10.4
v -507.832 		334.759 		9.765
v -486.673 		319.552 		10.4
v -485 		336.587 		10.218
v -507.785 		334.522 		9.765
v -507.044 		345.461 		7
v -506.852 		345.527 		7
v -506.966 		318.327 		9.918
v -506.653 		345.566 		7
v -506.45 		345.58 		7
v -506.247 		345.566 		7
v -506.048 		345.527 		7
v -505.856 		345.461 		7
v -507.207 		318.427 		9.661
v -505.674 		345.372 		7
v -505.505 		345.259 		7
v -505.352 		345.125 		7
v -505.218 		344.972 		7
v -506.991 		318.283 		9.661
v -505.106 		344.803 		7
v -505.016 		344.621 		7
v -504.95 		344.429 		7
v -504.911 		344.23 		7
v -485.207 		336.573 		10.218
v -504.898 		347.577 		7
v -485.478 		321.785 		10.165
v -487.998 		338.362 		7
v -503.003 		338.362 		7
v -485 		336.732 		10
v -507.915 		319.487 		9.661
v -485.707 		321.707 		10.165
v -485.226 		336.717 		10
v -483.327 		319.552 		10.4
v -485.924 		321.6 		10.165
v -507.374 		334.207 		10.218
v -483.283 		319.774 		10.4
v -506.966 		321.259 		10.618
v -507.259 		334.034 		10.218
v -485 		336.848 		9.765
v -483.268 		320 		10.4
v -485.5 		321.866 		9.918
v -507.122 		321.122 		10.618
v -485.739 		321.785 		9.918
v -485.241 		336.832 		9.765
v -505.534 		333.875 		10.587
v -483.283 		320.226 		10.4
v -503.003 		317.459 		7
v -487.998 		317.459 		7
v -508.643 		338.303 		7
v -508.643 		317.459 		7
v -485.159 		333.793 		10.587
v -507.054 		321.374 		10.4
v -505.391 		333.946 		10.587
v -485 		333.782 		10.587
v -483.327 		320.448 		10.4
v -507.225 		321.225 		10.4
v -507.374 		321.054 		10.4
v -504.467 		335.411 		10.218
v -483.293 		320.707 		10.165
v -485.366 		333.634 		10.414
v -504.534 		335.607 		10.218
v -507.259 		320.966 		10.618
v -485.185 		333.598 		10.414
v -485 		333.586 		10.414
v -504.626 		335.793 		10.218
v -507.374 		320.793 		10.618
v -507.466 		320.607 		10.618
v -504.327 		335.448 		10
v -507.5 		320.866 		10.4
v -504.4 		335.663 		10
v -504.5 		335.866 		10
v -507.6 		320.663 		10.4
v -484.5 		336.866 		9.518
v -504.215 		335.478 		9.765
v -504.293 		335.707 		9.765
v -505.966 		320.259 		11.383
v -506 		320.261 		11.383
v -506.034 		320.259 		11.383
v -505.866 		320.5 		11.332
v -485.383 		335.924 		10.732
v -485.466 		336.125 		10.587
v -504.413 		335 		10.218
v -485.609 		336.054 		10.587
v -504.427 		335.207 		10.218
v -485.741 		335.966 		10.587
v -507.122 		333.878 		10.218
v -485.541 		336.307 		10.414
v -485.707 		336.225 		10.414
v -483.775 		333.775 		10
v -483.215 		320.739 		9.918
v -507.5 		334.134 		10
v -483.693 		333.693 		9.765
v -483.327 		320.966 		9.918
v -507.374 		333.946 		10
v -506.134 		320.5 		11.332
v -483.085 		320.513 		9.661
v -484.207 		333.626 		10.218
v -483.168 		320.759 		9.661
v -484.034 		333.741 		10.218
v -485.966 		321.673 		9.918
v -507.707 		334.293 		9.765
v -483.283 		320.991 		9.661
v -484.337 		333.4 		10
v -484.134 		333.5 		10
v -507.6 		334.076 		9.765
v -483.946 		333.626 		10
v -507.466 		333.875 		9.765
v -484.293 		333.293 		9.765
v -483.152 		320 		10.165
v -483.168 		320.241 		10.165
v -506.198 		320.478 		11.332
v -506.259 		320.448 		11.332
v -484.076 		333.4 		9.765
v -483.215 		320.478 		10.165
v -506.315 		320.411 		11.332
v -483.875 		333.534 		9.765
v -483.068 		320 		9.918
v -483.085 		320.252 		9.918
v -483.134 		320.5 		9.918
v -485.513 		321.915 		9.661
v -485.759 		321.832 		9.661
v -485.991 		321.717 		9.661
v -507.866 		334.5 		9.518
v -483.215 		319.522 		10.165
v -507.785 		334.261 		9.518
v -486.207 		321.573 		9.661
v -483.168 		319.759 		10.165
v -485.861 		336.122 		10.414
v -507.673 		334.034 		9.518
v -483.134 		319.5 		9.918
v -486 		336 		10.414
v -483.085 		319.748 		9.918
v -507.533 		333.824 		9.518
v -506.366 		320.366 		11.332
v -486.125 		321.466 		10.165
v -504.268 		335 		10
v -483.034 		319.741 		9.661
v -504.283 		335.226 		10
v -486.307 		321.307 		10.165
v -483.017 		320 		9.661
v -483.034 		320.259 		9.661
v -486.176 		321.533 		9.918
v -485.411 		336.533 		10.218
v -486.366 		321.366 		9.918
v -506.159 		333.793 		10.587
v -485.607 		336.466 		10.218
v -506 		333.782 		10.587
v -485.448 		336.673 		10
v -485.663 		336.6 		10
v -484.337 		321.6 		10.4
v -506.707 		333.775 		10.414
v -485.866 		336.5 		10
v -486.466 		321.125 		10.165
v -504.152 		335 		9.765
v -485.478 		336.785 		9.765
v -486.6 		320.924 		10.165
v -506.541 		333.693 		10.414
v -485.707 		336.707 		9.765
v -486.707 		320.707 		10.165
v -485.924 		336.6 		9.765
v -483.824 		333.467 		9.518
v -506.366 		333.634 		10.414
v -486.533 		321.176 		9.918
v -483.634 		333.634 		9.518
v -486.673 		320.966 		9.918
v -486.785 		320.739 		9.918
v -486.125 		336.466 		9.765
v -504.168 		335.241 		9.765
v -484.793 		321.573 		10.618
v -485.793 		336.374 		10.218
v -486.402 		321.402 		9.661
v -485 		321.587 		10.618
v -486.573 		321.207 		9.661
v -485.966 		336.259 		10.218
v -485.207 		321.573 		10.618
v -504.068 		335 		9.518
v -486.122 		336.122 		10.218
v -504.085 		335.252 		9.518
v -486.259 		335.966 		10.218
v -486.717 		320.991 		9.661
v -484.261 		333.215 		9.518
v -504.134 		335.5 		9.518
v -486.832 		320.759 		9.661
v -504.215 		335.739 		9.518
v -484.034 		333.327 		9.518
v -486.915 		320.513 		9.661
v -486.054 		336.374 		10
v -486.225 		336.225 		10
v -484.552 		321.673 		10.4
v -486.374 		336.054 		10
v -484.774 		321.717 		10.4
v -485 		321.732 		10.4
v -486.785 		320.478 		10.165
v -486.832 		320.241 		10.165
v -485.226 		321.717 		10.4
v -506.185 		333.598 		10.414
v -486.848 		320 		10.165
v -486.866 		320.5 		9.918
v -506 		333.586 		10.414
v -486.307 		336.307 		9.765
v -484.793 		333.427 		10.218
v -484.589 		333.467 		10.218
v -504.534 		334.393 		10.218
v -504.467 		334.589 		10.218
v -484.393 		333.534 		10.218
v -504.427 		334.793 		10.218
v -485.5 		336.866 		9.518
v -484.774 		333.283 		10
v -485.739 		336.785 		9.518
v -485.966 		336.673 		9.518
v -484.139 		321.122 		10.814
v -484.552 		333.327 		10
v -504.4 		334.337 		10
v -486.915 		320.252 		9.918
v -486.176 		336.533 		9.518
v -486.932 		320 		9.918
v -486.366 		336.366 		9.518
v -506.207 		333.427 		10.218
v -484.293 		321.225 		10.814
v -506 		333.413 		10.218
v -486.832 		319.759 		10.165
v -505.869 		320.226 		11.383
v -506.226 		333.283 		10
v -505.9 		320.241 		11.383
v -505.932 		320.252 		11.383
v -486.785 		319.522 		10.165
v -483.693 		320.541 		10.814
v -506 		333.268 		10
v -483.775 		320.707 		10.814
v -486.915 		319.748 		9.918
v -506.068 		320.252 		11.383
v -486.466 		336.125 		9.765
v -506.1 		320.241 		11.383
v -506.241 		333.168 		9.765
v -504.327 		334.552 		10
v -486.6 		335.924 		9.765
v -506 		333.152 		9.765
v -486.533 		336.176 		9.518
v -504.283 		334.774 		10
v -484.207 		320.609 		11.132
v -484.759 		333.168 		9.765
v -486.673 		335.966 		9.518
v -484.522 		333.215 		9.765
v -483.268 		335 		10
v -483.283 		335.226 		10
v -504.215 		334.522 		9.765
v -504.168 		334.759 		9.765
v -486.866 		319.5 		9.918
v -506.793 		333.626 		10.218
v -506.607 		333.534 		10.218
v -506 		320 		11.4
v -506.411 		333.467 		10.218
v -485.207 		333.427 		10.218
v -506.866 		333.5 		10
v -486.966 		319.741 		9.661
v -504.741 		334.034 		10.218
v -485 		333.413 		10.218
v -486.983 		320 		9.661
v -506.663 		333.4 		10
v -485.226 		333.283 		10
v -504.626 		334.207 		10.218
v -483.327 		335.448 		10
v -485 		333.268 		10
v -506.448 		333.327 		10
v -483.152 		335 		9.765
v -483.168 		335.241 		9.765
v -485.241 		333.168 		9.765
v -486.966 		320.259 		9.661
v -485 		333.152 		9.765
v -483.215 		335.478 		9.765
v -504.626 		333.946 		10
v -484.293 		320.707 		11.132
v -483.293 		335.707 		9.765
v -504.5 		334.134 		10
v -506.707 		333.293 		9.765
v -506.478 		333.215 		9.765
v -483.946 		320.609 		10.987
v -506.131 		320.226 		11.383
v -506.159 		320.207 		11.383
v -484.034 		320.741 		10.987
v -506.185 		320.185 		11.383
v -485.252 		333.085 		9.518
v -484.139 		320.861 		10.987
v -506.207 		320.159 		11.383
v -504.534 		333.875 		9.765
v -506.226 		320.131 		11.383
v -485 		333.068 		9.518
v -506.241 		320.1 		11.383
v -506.252 		320.068 		11.383
v -484.259 		320.966 		10.987
v -504.4 		334.076 		9.765
v -506.259 		320.034 		11.383
v -506.261 		320 		11.383
v -506.739 		333.215 		9.518
v -504.293 		334.293 		9.765
v -484.748 		333.085 		9.518
v -506.5 		333.134 		9.518
v -484.5 		333.134 		9.518
v -483.878 		320.861 		10.814
v -506.252 		333.085 		9.518
v -484 		321 		10.814
v -506 		333.068 		9.518
v -504.467 		333.824 		9.518
v -504.327 		334.034 		9.518
v -504.215 		334.261 		9.518
v -483.293 		319.293 		10.165
v -504.134 		334.5 		9.518
v -483.327 		319.034 		9.918
v -483.215 		319.261 		9.918
v -506.411 		320.315 		11.332
v -504.085 		334.748 		9.518
v -506.448 		320.259 		11.332
v -506.478 		320.198 		11.332
v -483.878 		321.122 		10.618
v -506.966 		333.741 		10.218
v -506.5 		320.134 		11.332
v -484.034 		321.259 		10.618
v -506.513 		320.068 		11.332
v -483.283 		319.009 		9.661
v -507.225 		333.775 		10
v -483.168 		319.241 		9.661
v -484.207 		321.374 		10.618
v -506.518 		320 		11.332
v -483.085 		319.487 		9.661
v -507.054 		333.626 		10
v -504.878 		333.878 		10.218
v -483.626 		321.054 		10.4
v -507.307 		333.693 		9.765
v -483.775 		321.225 		10.4
v -507.125 		333.534 		9.765
v -505.841 		333.793 		10.587
v -483.946 		321.374 		10.4
v -506.924 		333.4 		9.765
v -483.775 		319.293 		10.814
v -484.134 		321.5 		10.4
v -485.383 		335.663 		10.848
v -507.366 		333.634 		9.518
v -485.466 		335.607 		10.848
v -505.815 		333.598 		10.414
v -507.176 		333.467 		9.518
v -506.966 		333.327 		9.518
v -483.693 		319.459 		10.814
v -505.634 		333.634 		10.414
v -505.459 		333.693 		10.414
v -505.293 		333.775 		10.414
v -483.068 		335 		9.518
v -483.534 		320.607 		10.618
v -483.085 		335.252 		9.518
v -483.626 		320.793 		10.618
v -483.134 		335.5 		9.518
v -484.293 		319.293 		11.132
v -483.215 		335.739 		9.518
v -483.741 		320.966 		10.618
v -484.207 		319.391 		11.132
v -485.541 		335.541 		10.848
v -506.1 		319.759 		11.383
v -504.775 		333.775 		10
v -506.068 		319.748 		11.383
v -485.607 		335.466 		10.848
v -484.259 		319.034 		10.987
v -504.693 		333.693 		9.765
v -484.139 		319.139 		10.987
v -505.932 		319.748 		11.383
v -485.663 		335.383 		10.848
v -505.9 		319.759 		11.383
v -504.824 		333.467 		9.518
v -505.869 		319.774 		11.383
v -484.034 		319.259 		10.987
v -483.327 		334.552 		10
v -504.634 		333.634 		9.518
v -483.946 		319.391 		10.987
v -507.932 		335 		9.518
v -507.915 		334.748 		9.518
v -507.915 		335.252 		9.518
v -484 		319 		10.814
v -505.207 		333.626 		10.218
v -505.034 		333.741 		10.218
v -483.878 		319.139 		10.814
v -483.4 		320.663 		10.4
v -485.5 		335.866 		10.732
v -483.5 		320.866 		10.4
v -505.337 		333.4 		10
v -505.134 		333.5 		10
v -485.609 		335.793 		10.732
v -505.793 		321.573 		10.618
v -485.707 		335.707 		10.732
v -504.946 		333.626 		10
v -505.337 		321.6 		10.4
v -483.283 		334.774 		10
v -484.293 		318.775 		10.814
v -483.293 		334.293 		9.765
v -483.215 		334.522 		9.765
v -505.293 		333.293 		9.765
v -506.259 		319.966 		11.383
v -484.932 		320.513 		11.332
v -484.139 		318.878 		10.814
v -506.252 		319.932 		11.383
v -483.168 		334.759 		9.765
v -485 		320.518 		11.332
v -485.793 		335.609 		10.732
v -506.241 		319.9 		11.383
v -505.076 		333.4 		9.765
v -506.226 		319.869 		11.383
v -485.068 		320.513 		11.332
v -506.207 		319.841 		11.383
v -505.552 		321.673 		10.4
v -506.185 		319.815 		11.383
v -506.159 		319.793 		11.383
v -504.875 		333.534 		9.765
v -485.866 		335.5 		10.732
v -506.131 		319.774 		11.383
v -483.327 		334.034 		9.518
v -483.215 		334.261 		9.518
v -505.774 		321.717 		10.4
v -505.793 		333.427 		10.218
v -483.741 		319.034 		10.618
v -505.589 		333.467 		10.218
v -483.626 		319.207 		10.618
v -505.393 		333.534 		10.218
v -506.034 		319.741 		11.383
v -506 		319.739 		11.383
v -484.391 		321.054 		10.987
v -483.534 		319.393 		10.618
v -505.966 		319.741 		11.383
v -504.693 		320.541 		10.814
v -484.534 		321.125 		10.987
v -505.774 		333.283 		10
v -483.5 		319.134 		10.4
v -504.775 		320.707 		10.814
v -484.685 		321.176 		10.987
v -505.552 		333.327 		10
v -483.4 		319.337 		10.4
v -504.534 		320.607 		10.618
v -484.841 		321.207 		10.987
v -504.626 		320.793 		10.618
v -485.861 		335.861 		10.587
v -504.741 		320.966 		10.618
v -484.459 		321.307 		10.814
v -505.759 		333.168 		9.765
v -505.866 		319.5 		11.332
v -483.134 		334.5 		9.518
v -484.634 		321.366 		10.814
v -505.522 		333.215 		9.765
v -484.815 		321.402 		10.814
v -483.085 		334.748 		9.518
v -485.924 		335.383 		10.732
v -483.634 		335.366 		10.414
v -483.693 		335.541 		10.414
v -485 		321.218 		10.987
v -485.966 		335.741 		10.587
v -483.775 		335.707 		10.414
v -485.159 		321.207 		10.987
v -486.054 		335.609 		10.587
v -484.207 		318.626 		10.618
v -486.125 		335.466 		10.587
v -485.315 		321.176 		10.987
v -484.034 		318.741 		10.618
v -484.337 		335.383 		10.848
v -483.878 		318.878 		10.618
v -485 		321.414 		10.814
v -486.122 		335.861 		10.414
v -484.134 		318.5 		10.4
v -486.225 		335.707 		10.414
v -485.185 		321.402 		10.814
v -483.946 		318.626 		10.4
v -485.366 		321.366 		10.814
v -484.076 		335.383 		10.732
v -483.775 		318.775 		10.4
v -484.134 		335.5 		10.732
v -483.626 		318.946 		10.4
v -484.207 		335.609 		10.732
v -505.261 		333.215 		9.518
v -484.293 		335.707 		10.732
v -505.034 		333.327 		9.518
v -483.875 		335.466 		10.587
v -483.946 		335.609 		10.587
v -484.034 		335.741 		10.587
v -484.337 		318.4 		10.4
v -484.139 		335.861 		10.587
v -505.748 		333.085 		9.518
v -505.5 		333.134 		9.518
v -485 		319.482 		11.332
v -505.9 		335.759 		10.848
v -506.366 		319.634 		11.332
v -506.315 		319.589 		11.332
v -506 		335.765 		10.848
v -506.259 		319.552 		11.332
v -506.1 		335.759 		10.848
v -483.878 		335.861 		10.414
v -506.198 		319.522 		11.332
v -506.198 		335.739 		10.848
v -506.134 		319.5 		11.332
v -483.782 		335 		10.587
v -506.293 		335.707 		10.848
v -483.793 		335.159 		10.587
v -486.307 		335.541 		10.414
v -483.824 		335.315 		10.587
v -486.366 		335.366 		10.414
v -483.586 		335 		10.414
v -483.598 		335.185 		10.414
v -506.513 		319.932 		11.332
v -506.5 		319.866 		11.332
v -506.478 		319.802 		11.332
v -506.448 		319.741 		11.332
v -506.411 		319.685 		11.332
v -485.411 		335.315 		10.932
v -484.241 		334.9 		10.848
v -485.448 		335.259 		10.932
v -484.235 		335 		10.848
v -485.478 		335.198 		10.932
v -484.241 		335.1 		10.848
v -485.5 		335.134 		10.932
v -484.261 		335.198 		10.848
v -484.293 		335.293 		10.848
v -485.707 		335.293 		10.848
v -485.739 		335.198 		10.848
v -506.607 		320.466 		11.248
v -506.663 		320.383 		11.248
v -484.009 		334.869 		10.732
v -484 		335 		10.732
v -506.707 		320.293 		11.248
v -485.518 		335 		10.932
v -485.513 		334.932 		10.932
v -484.009 		335.131 		10.732
v -484.391 		320.793 		11.132
v -484.034 		335.259 		10.732
v -506.739 		320.198 		11.248
v -485.5 		334.866 		10.932
v -504.4 		320.663 		10.4
v -504.5 		320.866 		10.4
v -506.759 		320.1 		11.248
v -484.5 		320.866 		11.132
v -485.513 		335.068 		10.932
v -504.626 		321.054 		10.4
v -484.617 		320.924 		11.132
v -484.741 		320.966 		11.132
v -504.775 		321.225 		10.4
v -485.759 		334.9 		10.848
v -485.765 		335 		10.848
v -505.866 		335.5 		10.932
v -505.932 		335.513 		10.932
v -485.759 		335.1 		10.848
v -506 		335.518 		10.932
v -506.068 		335.513 		10.932
v -484.459 		320.541 		11.248
v -484.534 		320.607 		11.248
v -486 		335 		10.732
v -485.991 		334.869 		10.732
v -484.617 		320.663 		11.248
v -484.707 		320.707 		11.248
v -506.765 		320 		11.248
v -485.966 		335.259 		10.732
v -506.134 		335.5 		10.932
v -506.198 		335.478 		10.932
v -484.802 		320.739 		11.248
v -485.991 		335.131 		10.732
v -506.259 		335.448 		10.932
v -506.866 		320.5 		11.132
v -506.315 		335.411 		10.932
v -486.218 		335 		10.587
v -506.366 		335.366 		10.932
v -505.139 		321.122 		10.814
v -505.293 		321.225 		10.814
v -486.176 		335.315 		10.587
v -506.759 		319.9 		11.248
v -486.207 		335.159 		10.587
v -505.391 		321.054 		10.987
v -506.739 		319.802 		11.248
v -505.534 		321.125 		10.987
v -506.707 		319.707 		11.248
v -484.869 		320.991 		11.132
v -505.685 		321.176 		10.987
v -506.663 		319.617 		11.248
v -485 		321 		11.132
v -506.383 		335.663 		10.848
v -506.607 		319.534 		11.248
v -485.131 		320.991 		11.132
v -505.841 		321.207 		10.987
v -486.414 		335 		10.414
v -486.402 		335.185 		10.414
v -485.259 		320.966 		11.132
v -505.459 		321.307 		10.814
v -505.634 		321.366 		10.814
v -505.815 		321.402 		10.814
v -484.9 		320.759 		11.248
v -506.866 		319.5 		11.132
v -485 		320.765 		11.248
v -485.478 		334.802 		10.932
v -485.1 		320.759 		11.248
v -485.448 		334.741 		10.932
v -485.198 		320.739 		11.248
v -485.411 		334.685 		10.932
v -485.293 		320.707 		11.248
v -506.924 		320.383 		11.132
v -485.739 		334.802 		10.848
v -505.207 		320.609 		11.132
v -506.966 		320.259 		11.132
v -485.707 		334.707 		10.848
v -505.293 		320.707 		11.132
v -485.663 		334.617 		10.848
v -506.991 		320.131 		11.132
v -504.946 		320.609 		10.987
v -484.393 		321.466 		10.618
v -484.589 		321.533 		10.618
v -507 		320 		11.132
v -505.034 		320.741 		10.987
v -505.139 		320.861 		10.987
v -507.125 		320.466 		10.987
v -505.259 		320.966 		10.987
v -507.176 		320.315 		10.987
v -507.207 		320.159 		10.987
v -507.218 		320 		10.987
v -504.878 		320.861 		10.814
v -507.366 		320.366 		10.814
v -505 		321 		10.814
v -507.402 		320.185 		10.814
v -483.793 		320.159 		10.987
v -485.607 		334.534 		10.848
v -485.541 		334.459 		10.848
v -483.824 		320.315 		10.987
v -507.414 		320 		10.814
v -483.598 		320.185 		10.814
v -485.466 		334.393 		10.848
v -483.634 		320.366 		10.814
v -485.383 		334.337 		10.848
v -484.241 		320.1 		11.248
v -505.391 		320.793 		11.132
v -484.261 		320.198 		11.248
v -506.991 		319.869 		11.132
v -484.293 		320.293 		11.248
v -505.5 		320.866 		11.132
v -484.337 		320.383 		11.248
v -506.966 		319.741 		11.132
v -484.009 		320.131 		11.132
v -505.617 		320.924 		11.132
v -484.034 		320.259 		11.132
v -506.924 		319.617 		11.132
v -505.741 		320.966 		11.132
v -484.076 		320.383 		11.132
v -485.866 		334.5 		10.732
v -484.134 		320.5 		11.132
v -485.793 		334.391 		10.732
v -507.207 		319.841 		10.987
v -507.176 		319.685 		10.987
v -485.966 		334.741 		10.732
v -485.924 		334.617 		10.732
v -507.125 		319.534 		10.987
v -505.459 		320.541 		11.248
v -486.207 		334.841 		10.587
v -505.534 		320.607 		11.248
v -486.176 		334.685 		10.587
v -507.402 		319.815 		10.814
v -505.617 		320.663 		11.248
v -486.125 		334.534 		10.587
v -507.366 		319.634 		10.814
v -505.707 		320.707 		11.248
v -486.054 		334.391 		10.587
v -505.802 		320.739 		11.248
v -486.366 		334.634 		10.414
v -486.307 		334.459 		10.414
v -507.533 		320.411 		10.618
v -507.573 		320.207 		10.618
v -507.587 		320 		10.618
v -507.673 		320.448 		10.4
v -507.717 		320.226 		10.4
v -507.732 		320 		10.4
v -504.878 		321.122 		10.618
v -485.707 		334.293 		10.732
v -505.034 		321.259 		10.618
v -485.609 		334.207 		10.732
v -505.207 		321.374 		10.618
v -507.573 		319.793 		10.618
v -485.5 		334.134 		10.732
v -505.393 		321.466 		10.618
v -507.533 		319.589 		10.618
v -505.589 		321.533 		10.618
v -485.383 		334.076 		10.732
v -485.861 		334.139 		10.587
v -507.717 		319.774 		10.4
v -507.673 		319.552 		10.4
v -485.741 		334.034 		10.587
v -504.946 		321.374 		10.4
v -485.609 		333.946 		10.587
v -505.134 		321.5 		10.4
v -485.466 		333.875 		10.587
v -506 		321.848 		10.165
v -506.241 		321.832 		10.165
v -506.478 		321.785 		10.165
v -485.861 		333.878 		10.414
v -506.707 		321.707 		10.165
v -504.782 		320 		10.987
v -504.793 		320.159 		10.987
v -506 		321.932 		9.918
v -504.824 		320.315 		10.987
v -506.252 		321.915 		9.918
v -504.598 		320.185 		10.814
v -506.5 		321.866 		9.918
v -504.586 		320 		10.814
v -504.634 		320.366 		10.814
v -506.739 		321.785 		9.918
v -504.824 		319.685 		10.987
v -504.793 		319.841 		10.987
v -506 		321.983 		9.661
v -506.259 		321.966 		9.661
v -506.513 		321.915 		9.661
v -506.759 		321.832 		9.661
v -504.634 		319.634 		10.814
v -504.598 		319.815 		10.814
v -506.924 		321.6 		10.165
v -506.966 		321.673 		9.918
v -506.991 		321.717 		9.661
v -504.413 		320 		10.618
v -504.427 		320.207 		10.618
v -507.207 		321.573 		9.661
v -504.467 		320.411 		10.618
v -507.125 		321.466 		10.165
v -504.283 		320.226 		10.4
v -504.268 		320 		10.4
v -507.307 		321.307 		10.165
v -504.327 		320.448 		10.4
v -507.466 		321.125 		10.165
v -507.176 		321.533 		9.918
v -507.366 		321.366 		9.918
v -507.533 		321.176 		9.918
v -504.467 		319.589 		10.618
v -504.427 		319.793 		10.618
v -507.6 		320.924 		10.165
v -504.327 		319.552 		10.4
v -507.707 		320.707 		10.165
v -504.283 		319.774 		10.4
v -507.673 		320.966 		9.918
v -507.785 		320.739 		9.918
v -507.402 		321.402 		9.661
v -507.573 		321.207 		9.661
v -505.552 		320.259 		11.332
v -505.589 		320.315 		11.332
v -507.717 		320.991 		9.661
v -507.832 		320.759 		9.661
v -505.634 		320.366 		11.332
v -505.685 		320.411 		11.332
v -505.741 		320.448 		11.332
v -505.802 		320.478 		11.332
v -507.848 		320 		10.165
v -507.832 		319.759 		10.165
v -507.785 		319.522 		10.165
v -507.785 		320.478 		10.165
v -507.832 		320.241 		10.165
v -507.866 		319.5 		9.918
v -507.866 		320.5 		9.918
v -505.522 		320.198 		11.332
v -507.915 		320.513 		9.661
v -507.932 		320 		9.918
v -507.915 		319.748 		9.918
v -507.915 		320.252 		9.918
v -507.966 		319.741 		9.661
v -507.983 		320 		9.661
v -507.966 		320.259 		9.661
v -504.775 		319.293 		10.814
# 2765 vertices

g group_0_13165757

usemtl color_13165757
s 0

f 3 	2 	4
f 2667 	36 	1
f 38 	4 	2
f 6 	9 	10
f 6 	10 	7
f 10 	11 	7
f 7 	11 	8
f 10 	9 	12
f 2243 	12 	9
f 10 	13 	11
f 12 	13 	10
f 17 	15 	8
f 8 	11 	17
f 17 	16 	15
f 17 	18 	16
f 15 	16 	14
f 19 	17 	11
f 11 	13 	19
f 19 	18 	17
f 19 	20 	18
f 18 	20 	52
f 25 	20 	24
f 21 	22 	12
f 21 	30 	22
f 22 	13 	12
f 22 	23 	13
f 31 	22 	30
f 22 	34 	23
f 31 	34 	22
f 23 	19 	13
f 23 	20 	19
f 20 	26 	24
f 27 	28 	21
f 27 	21 	29
f 28 	30 	21
f 32 	23 	33
f 33 	23 	34
f 32 	35 	23
f 35 	26 	20
f 23 	35 	20
f 37 	1 	36
f 2 	37 	38
f 37 	36 	39
f 39 	78 	37
f 41 	2666 	5
f 5 	40 	41
f 44 	41 	40
f 43 	40 	14
f 14 	16 	43
f 43 	44 	40
f 41 	45 	42
f 41 	44 	45
f 16 	18 	46
f 16 	46 	43
f 46 	47 	43
f 43 	47 	44
f 18 	52 	46
f 53 	47 	46
f 52 	53 	46
f 42 	48 	36
f 45 	48 	42
f 48 	39 	36
f 47 	49 	44
f 44 	49 	45
f 49 	50 	45
f 54 	55 	49
f 49 	55 	50
f 50 	48 	45
f 48 	51 	39
f 50 	51 	48
f 54 	49 	47
f 51 	50 	56
f 20 	25 	52
f 53 	54 	47
f 56 	50 	55
f 51 	56 	138
f 57 	52 	58
f 52 	25 	58
f 57 	59 	52
f 60 	53 	59
f 52 	59 	53
f 54 	61 	62
f 61 	54 	63
f 53 	63 	54
f 60 	63 	53
f 62 	64 	54
f 65 	55 	64
f 54 	64 	55
f 162 	56 	66
f 65 	66 	55
f 70 	68 	67
f 69 	67 	2696
f 69 	70 	67
f 71 	68 	70
f 69 	72 	73
f 69 	73 	70
f 70 	73 	74
f 70 	74 	71
f 73 	72 	75
f 82 	75 	72
f 73 	76 	74
f 75 	76 	73
f 2289 	2274 	76
f 77 	2696 	4
f 4 	38 	77
f 2696 	77 	69
f 78 	38 	37
f 38 	78 	79
f 78 	81 	79
f 77 	38 	79
f 77 	72 	69
f 77 	79 	72
f 80 	78 	39
f 81 	78 	80
f 79 	81 	82
f 79 	82 	72
f 80 	138 	141
f 82 	83 	75
f 75 	83 	84
f 83 	133 	84
f 75 	84 	76
f 76 	84 	2289
f 135 	84 	133
f 137 	84 	136
f 84 	135 	136
f 87 	88 	83
f 91 	92 	94
f 93 	94 	92
f 95 	96 	97
f 95 	97 	98
f 2582 	105 	106
f 118 	345 	351
f 107 	108 	85
f 108 	110 	89
f 89 	110 	99
f 110 	479 	99
f 101 	104 	112
f 103 	104 	101
f 86 	107 	85
f 106 	107 	86
f 369 	104 	103
f 85 	108 	89
f 113 	107 	106
f 114 	115 	109
f 117 	118 	114
f 114 	118 	115
f 108 	107 	480
f 109 	115 	111
f 115 	116 	111
f 108 	484 	110
f 112 	104 	117
f 112 	117 	114
f 116 	115 	100
f 118 	100 	115
f 100 	396 	116
f 117 	345 	118
f 118 	351 	100
f 783 	2072 	126
f 120 	2548 	121
f 121 	2550 	122
f 2072 	127 	126
f 2550 	2551 	122
f 2551 	123 	122
f 126 	127 	128
f 127 	130 	131
f 127 	131 	128
f 134 	139 	129
f 130 	140 	131
f 87 	83 	90
f 133 	83 	88
f 140 	143 	131
f 130 	129 	139
f 138 	56 	146
f 140 	130 	139
f 80 	141 	81
f 139 	157 	140
f 81 	141 	82
f 142 	82 	141
f 83 	82 	142
f 144 	138 	145
f 146 	145 	138
f 138 	144 	147
f 148 	149 	134
f 150 	141 	147
f 138 	147 	141
f 139 	134 	151
f 149 	151 	134
f 153 	142 	152
f 142 	141 	152
f 150 	152 	141
f 154 	140 	155
f 83 	142 	90
f 156 	90 	142
f 142 	153 	156
f 155 	140 	157
f 39 	51 	80
f 157 	139 	151
f 154 	158 	140
f 159 	143 	158
f 140 	158 	143
f 163 	146 	56
f 162 	163 	56
f 159 	160 	143
f 51 	138 	80
f 55 	66 	56
f 164 	161 	165
f 161 	166 	165
f 164 	168 	161
f 169 	728 	167
f 170 	161 	168
f 171 	728 	169
f 172 	728 	171
f 720 	721 	199
f 718 	719 	199
f 519 	520 	181
f 520 	521 	181
f 728 	519 	181
f 183 	728 	181
f 167 	728 	183
f 187 	222 	186
f 518 	515 	181
f 143 	195 	190
f 196 	197 	93
f 176 	373 	195
f 184 	185 	93
f 222 	93 	185
f 185 	186 	222
f 187 	188 	222
f 197 	184 	93
f 176 	198 	182
f 195 	198 	176
f 202 	725 	201
f 203 	725 	202
f 204 	725 	203
f 205 	725 	204
f 207 	725 	206
f 205 	206 	725
f 208 	725 	207
f 210 	92 	209
f 92 	725 	209
f 182 	364 	355
f 214 	92 	213
f 216 	92 	215
f 198 	364 	182
f 143 	190 	131
f 218 	92 	217
f 216 	217 	92
f 219 	92 	218
f 220 	92 	219
f 195 	384 	198
f 220 	221 	92
f 208 	209 	725
f 92 	210 	211
f 92 	211 	212
f 212 	213 	92
f 215 	92 	214
f 92 	221 	191
f 191 	192 	92
f 193 	93 	192
f 194 	196 	93
f 194 	93 	193
f 92 	192 	93
f 223 	117 	104
f 463 	464 	1705
f 225 	258 	224
f 224 	256 	257
f 251 	224 	257
f 252 	224 	251
f 429 	224 	433
f 432 	433 	224
f 331 	332 	225
f 346 	347 	623
f 620 	616 	346
f 333 	327 	225
f 2561 	2564 	125
f 125 	2564 	226
f 226 	2566 	227
f 226 	2564 	2566
f 227 	2568 	229
f 230 	407 	231
f 236 	225 	235
f 240 	225 	239
f 235 	225 	240
f 242 	239 	225
f 241 	242 	225
f 256 	224 	259
f 237 	225 	236
f 254 	224 	253
f 431 	224 	254
f 252 	253 	224
f 245 	238 	246
f 238 	2757 	246
f 249 	2746 	250
f 2747 	255 	250
f 2746 	2747 	250
f 233 	264 	260
f 233 	263 	264
f 260 	264 	265
f 260 	265 	261
f 263 	862 	711
f 263 	711 	264
f 264 	715 	265
f 264 	711 	715
f 266 	730 	267
f 1155 	1156 	268
f 1156 	1158 	268
f 1158 	1159 	268
f 1159 	1161 	268
f 1161 	1162 	268
f 1162 	1793 	268
f 1663 	1664 	268
f 362 	273 	272
f 274 	281 	282
f 1664 	1665 	268
f 273 	362 	363
f 1665 	1667 	268
f 273 	363 	275
f 1667 	1670 	268
f 275 	266 	276
f 274 	282 	277
f 275 	363 	266
f 277 	282 	283
f 1670 	1671 	268
f 1671 	1673 	268
f 276 	266 	278
f 267 	278 	266
f 278 	267 	269
f 1673 	1674 	268
f 277 	283 	733
f 278 	269 	279
f 1674 	1560 	268
f 279 	270 	244
f 279 	269 	270
f 1560 	1561 	268
f 1561 	1563 	268
f 280 	317 	285
f 1563 	1564 	268
f 280 	285 	281
f 1564 	132 	268
f 282 	281 	287
f 285 	287 	281
f 132 	119 	268
f 283 	282 	2765
f 119 	120 	268
f 120 	121 	268
f 271 	288 	289
f 121 	122 	268
f 122 	123 	268
f 271 	289 	272
f 123 	124 	268
f 124 	125 	268
f 125 	226 	268
f 226 	227 	268
f 227 	229 	268
f 229 	230 	268
f 230 	231 	268
f 231 	318 	268
f 318 	320 	268
f 320 	321 	268
f 268 	315 	323
f 268 	323 	325
f 326 	268 	325
f 293 	300 	295
f 293 	298 	300
f 295 	300 	301
f 295 	301 	296
f 292 	307 	294
f 268 	321 	315
f 299 	297 	274
f 298 	344 	300
f 299 	274 	277
f 268 	326 	330
f 302 	312 	304
f 302 	311 	312
f 305 	291 	303
f 303 	529 	305
f 303 	528 	529
f 292 	291 	305
f 304 	313 	306
f 307 	292 	305
f 294 	309 	297
f 294 	307 	309
f 309 	274 	297
f 308 	319 	310
f 305 	531 	307
f 307 	280 	309
f 274 	309 	281
f 309 	280 	281
f 313 	304 	312
f 306 	313 	316
f 308 	306 	316
f 319 	308 	316
f 317 	678 	285
f 312 	324 	293
f 318 	408 	320
f 259 	224 	258
f 312 	293 	313
f 410 	444 	320
f 313 	295 	316
f 258 	225 	322
f 322 	225 	237
f 320 	444 	321
f 313 	293 	295
f 361 	358 	225
f 327 	328 	225
f 316 	296 	319
f 316 	295 	296
f 312 	311 	324
f 328 	329 	225
f 311 	2378 	324
f 333 	225 	332
f 268 	330 	1197
f 331 	225 	335
f 334 	335 	225
f 1197 	1198 	268
f 336 	334 	225
f 1198 	1199 	268
f 338 	339 	225
f 323 	315 	435
f 325 	323 	439
f 324 	298 	293
f 435 	439 	323
f 348 	228 	352
f 340 	225 	339
f 439 	1230 	325
f 340 	336 	225
f 344 	298 	337
f 104 	369 	223
f 343 	225 	342
f 338 	225 	343
f 342 	225 	341
f 595 	611 	341
f 225 	594 	341
f 228 	348 	349
f 228 	349 	346
f 223 	345 	117
f 300 	350 	301
f 300 	344 	350
f 358 	359 	225
f 356 	357 	225
f 243 	225 	357
f 243 	241 	225
f 361 	225 	329
f 369 	182 	223
f 182 	355 	223
f 223 	355 	345
f 356 	225 	359
f 345 	360 	351
f 355 	360 	345
f 354 	2062 	2386
f 360 	614 	351
f 362 	272 	289
f 365 	360 	355
f 364 	365 	355
f 344 	2047 	350
f 284 	294 	286
f 284 	292 	294
f 286 	294 	297
f 286 	297 	288
f 353 	2062 	354
f 299 	289 	288
f 297 	299 	288
f 289 	1008 	362
f 367 	103 	102
f 366 	367 	102
f 367 	369 	103
f 126 	128 	366
f 128 	373 	366
f 366 	373 	367
f 367 	176 	369
f 382 	371 	374
f 176 	367 	373
f 176 	182 	369
f 373 	128 	190
f 131 	190 	128
f 190 	195 	373
f 374 	381 	382
f 143 	383 	195
f 383 	384 	195
f 371 	385 	376
f 384 	386 	198
f 371 	382 	385
f 384 	393 	386
f 376 	385 	387
f 368 	1275 	370
f 198 	386 	364
f 364 	386 	161
f 394 	386 	393
f 376 	387 	377
f 386 	395 	166
f 386 	166 	161
f 387 	388 	377
f 394 	395 	386
f 364 	161 	365
f 377 	388 	379
f 389 	383 	160
f 143 	160 	383
f 390 	391 	384
f 390 	384 	392
f 383 	392 	384
f 389 	392 	383
f 391 	393 	384
f 382 	2701 	385
f 100 	602 	396
f 602 	606 	396
f 396 	606 	397
f 387 	2609 	388
f 851 	401 	368
f 385 	402 	387
f 399 	2635 	400
f 229 	404 	230
f 229 	2568 	404
f 404 	407 	230
f 231 	408 	318
f 231 	407 	408
f 423 	420 	228
f 418 	412 	228
f 412 	414 	228
f 89 	404 	2568
f 414 	415 	228
f 421 	417 	228
f 99 	407 	404
f 228 	417 	418
f 421 	228 	420
f 89 	99 	404
f 407 	99 	411
f 411 	99 	479
f 415 	352 	228
f 407 	411 	408
f 411 	416 	408
f 408 	416 	410
f 429 	430 	224
f 432 	224 	431
f 427 	224 	426
f 443 	224 	427
f 425 	224 	430
f 425 	426 	224
f 434 	435 	315
f 434 	315 	321
f 442 	436 	224
f 441 	442 	224
f 419 	456 	422
f 452 	224 	438
f 441 	224 	440
f 443 	440 	224
f 437 	224 	436
f 450 	445 	224
f 410 	320 	408
f 437 	438 	224
f 445 	446 	224
f 446 	447 	224
f 444 	434 	321
f 453 	449 	224
f 450 	224 	449
f 452 	453 	224
f 434 	451 	435
f 454 	413 	448
f 455 	451 	434
f 451 	1233 	435
f 419 	413 	454
f 456 	419 	454
f 224 	469 	465
f 435 	1233 	439
f 447 	467 	224
f 422 	460 	424
f 461 	1705 	459
f 462 	444 	410
f 422 	456 	460
f 458 	1705 	457
f 464 	457 	1705
f 410 	416 	462
f 466 	463 	224
f 465 	466 	224
f 1705 	224 	463
f 462 	455 	444
f 468 	224 	467
f 224 	468 	469
f 444 	455 	434
f 476 	477 	1705
f 455 	516 	517
f 470 	1705 	475
f 474 	475 	1705
f 478 	474 	1705
f 476 	1705 	461
f 458 	459 	1705
f 455 	517 	451
f 472 	1705 	471
f 473 	1705 	472
f 478 	1705 	477
f 563 	564 	222
f 225 	222 	561
f 583 	584 	225
f 577 	588 	225
f 521 	518 	181
f 177 	199 	722
f 719 	720 	199
f 188 	189 	222
f 512 	508 	180
f 509 	510 	179
f 189 	178 	503
f 113 	480 	107
f 482 	222 	481
f 484 	108 	480
f 486 	487 	222
f 488 	486 	222
f 480 	495 	484
f 488 	222 	491
f 485 	479 	110
f 222 	189 	489
f 110 	484 	485
f 485 	1130 	479
f 491 	222 	490
f 497 	498 	222
f 480 	113 	494
f 497 	222 	501
f 113 	575 	494
f 487 	501 	222
f 483 	222 	496
f 481 	222 	483
f 494 	495 	480
f 499 	222 	498
f 499 	496 	222
f 495 	500 	484
f 489 	490 	222
f 514 	513 	189
f 504 	505 	189
f 484 	500 	485
f 178 	179 	506
f 500 	502 	485
f 505 	514 	189
f 507 	503 	178
f 503 	504 	189
f 506 	507 	178
f 510 	506 	179
f 492 	493 	189
f 513 	492 	189
f 493 	489 	189
f 494 	1851 	495
f 500 	1854 	502
f 508 	509 	180
f 511 	512 	180
f 523 	519 	728
f 515 	511 	181
f 179 	180 	509
f 180 	181 	511
f 525 	416 	411
f 564 	565 	222
f 561 	562 	225
f 525 	411 	479
f 2493 	532 	533
f 531 	305 	529
f 531 	280 	307
f 535 	536 	549
f 111 	116 	530
f 539 	532 	530
f 116 	539 	530
f 539 	540 	532
f 538 	536 	1408
f 532 	540 	533
f 540 	541 	533
f 537 	533 	541
f 539 	396 	397
f 545 	541 	540
f 545 	554 	541
f 539 	116 	396
f 539 	397 	540
f 397 	545 	540
f 556 	544 	543
f 556 	558 	544
f 558 	535 	544
f 397 	633 	545
f 547 	549 	755
f 550 	548 	537
f 550 	537 	541
f 550 	552 	548
f 550 	555 	552
f 543 	544 	546
f 548 	552 	105
f 547 	546 	544
f 105 	553 	106
f 552 	553 	105
f 535 	549 	547
f 553 	113 	106
f 544 	535 	547
f 550 	541 	554
f 551 	549 	536
f 536 	538 	551
f 554 	555 	550
f 555 	557 	552
f 552 	557 	553
f 556 	1409 	558
f 557 	575 	553
f 558 	1407 	535
f 553 	575 	113
f 222 	566 	567
f 563 	222 	567
f 572 	222 	482
f 566 	222 	571
f 562 	586 	225
f 554 	545 	637
f 565 	561 	222
f 570 	222 	569
f 571 	222 	570
f 569 	222 	572
f 578 	579 	225
f 578 	225 	582
f 582 	225 	581
f 583 	225 	586
f 576 	577 	225
f 580 	225 	579
f 686 	557 	684
f 225 	580 	576
f 557 	686 	575
f 585 	225 	584
f 581 	225 	585
f 1594 	568 	560
f 365 	161 	587
f 611 	612 	341
f 612 	608 	341
f 595 	341 	594
f 588 	603 	225
f 599 	594 	225
f 597 	598 	225
f 590 	587 	170
f 161 	170 	587
f 591 	589 	592
f 592 	589 	593
f 587 	593 	589
f 590 	593 	587
f 591 	596 	589
f 599 	225 	598
f 601 	589 	596
f 604 	225 	603
f 597 	225 	604
f 551 	538 	600
f 600 	559 	605
f 538 	559 	600
f 100 	351 	602
f 609 	610 	341
f 602 	615 	606
f 614 	615 	602
f 608 	609 	341
f 610 	627 	341
f 617 	137 	346
f 137 	136 	346
f 351 	614 	602
f 616 	617 	346
f 622 	623 	347
f 623 	619 	346
f 613 	628 	812
f 615 	646 	606
f 621 	622 	341
f 347 	341 	622
f 627 	624 	341
f 624 	625 	341
f 559 	560 	605
f 619 	620 	346
f 618 	614 	360
f 560 	607 	605
f 360 	365 	618
f 607 	568 	613
f 618 	626 	614
f 568 	607 	560
f 625 	621 	341
f 568 	573 	613
f 613 	573 	628
f 133 	88 	228
f 133 	228 	135
f 615 	614 	626
f 136 	135 	346
f 228 	346 	135
f 87 	228 	88
f 90 	228 	87
f 156 	153 	228
f 618 	589 	626
f 90 	156 	228
f 152 	228 	153
f 635 	98 	634
f 636 	95 	635
f 606 	633 	397
f 629 	628 	574
f 633 	637 	545
f 573 	574 	628
f 641 	1867 	640
f 630 	629 	2343
f 643 	1867 	642
f 642 	1867 	641
f 574 	2343 	629
f 644 	98 	643
f 648 	98 	647
f 645 	98 	644
f 631 	630 	2345
f 634 	98 	648
f 632 	631 	2362
f 606 	646 	633
f 592 	593 	638
f 650 	166 	649
f 633 	652 	637
f 633 	646 	652
f 652 	655 	637
f 615 	626 	661
f 615 	661 	646
f 661 	664 	646
f 527 	534 	665
f 527 	665 	528
f 646 	664 	652
f 529 	528 	666
f 528 	665 	666
f 531 	529 	314
f 666 	314 	529
f 531 	314 	317
f 652 	681 	655
f 531 	317 	280
f 681 	682 	655
f 534 	668 	665
f 666 	670 	672
f 637 	667 	554
f 314 	666 	672
f 637 	655 	667
f 667 	555 	554
f 285 	233 	287
f 587 	618 	365
f 587 	589 	618
f 690 	668 	534
f 669 	661 	626
f 665 	668 	670
f 669 	626 	589
f 671 	664 	661
f 666 	665 	670
f 669 	671 	661
f 676 	671 	675
f 676 	679 	671
f 674 	669 	601
f 589 	601 	669
f 673 	317 	314
f 675 	671 	677
f 669 	677 	671
f 314 	672 	673
f 674 	677 	669
f 678 	317 	673
f 680 	671 	679
f 652 	664 	681
f 678 	233 	285
f 670 	668 	695
f 747 	748 	681
f 670 	683 	672
f 670 	695 	683
f 557 	555 	684
f 672 	683 	685
f 555 	667 	684
f 685 	673 	672
f 262 	678 	673
f 262 	673 	685
f 575 	687 	494
f 678 	262 	263
f 686 	687 	575
f 263 	233 	678
f 688 	667 	655
f 898 	685 	683
f 667 	688 	684
f 685 	898 	861
f 684 	689 	686
f 861 	262 	685
f 688 	689 	684
f 689 	691 	686
f 686 	691 	687
f 690 	692 	693
f 655 	682 	688
f 690 	693 	668
f 727 	728 	659
f 695 	668 	693
f 696 	727 	694
f 649 	727 	697
f 699 	95 	698
f 700 	95 	699
f 704 	705 	95
f 707 	95 	706
f 702 	95 	701
f 703 	95 	702
f 700 	701 	95
f 704 	95 	703
f 706 	95 	705
f 708 	725 	707
f 709 	725 	708
f 713 	725 	712
f 714 	725 	713
f 716 	725 	714
f 721 	722 	199
f 172 	173 	654
f 173 	174 	654
f 711 	724 	715
f 710 	725 	709
f 712 	725 	710
f 95 	707 	725
f 717 	725 	716
f 718 	725 	717
f 175 	177 	654
f 174 	175 	654
f 409 	362 	1008
f 653 	654 	177
f 722 	653 	177
f 726 	363 	409
f 728 	172 	654
f 656 	657 	728
f 657 	658 	728
f 658 	659 	728
f 659 	694 	727
f 697 	727 	696
f 654 	656 	728
f 725 	718 	199
f 200 	725 	199
f 201 	725 	200
f 726 	266 	363
f 1867 	1868 	729
f 729 	1371 	1867
f 730 	266 	726
f 1868 	731 	1599
f 1588 	1587 	1868
f 267 	732 	269
f 952 	948 	727
f 727 	948 	731
f 731 	1191 	1189
f 1188 	1187 	731
f 1186 	1185 	731
f 267 	730 	732
f 269 	732 	374
f 1436 	1430 	1255
f 1429 	1424 	1261
f 1063 	1061 	979
f 971 	972 	1058
f 1058 	1059 	970
f 1055 	956 	1054
f 640 	1867 	639
f 752 	680 	1867
f 647 	98 	645
f 591 	592 	638
f 269 	374 	270
f 148 	727 	149
f 158 	727 	159
f 409 	1008 	733
f 155 	157 	727
f 726 	409 	734
f 154 	155 	727
f 409 	733 	734
f 726 	735 	730
f 151 	727 	157
f 151 	149 	727
f 726 	734 	735
f 730 	735 	736
f 154 	727 	158
f 730 	736 	732
f 525 	526 	416
f 732 	381 	374
f 732 	736 	381
f 416 	526 	462
f 462 	516 	455
f 448 	786 	454
f 526 	516 	462
f 516 	526 	737
f 1136 	737 	526
f 2709 	736 	735
f 736 	2698 	381
f 688 	682 	739
f 738 	734 	733
f 689 	688 	739
f 738 	733 	283
f 689 	740 	691
f 739 	740 	689
f 740 	742 	691
f 741 	766 	744
f 682 	758 	739
f 739 	759 	740
f 660 	2521 	662
f 740 	759 	742
f 760 	742 	759
f 403 	745 	746
f 2465 	662 	2521
f 671 	747 	664
f 681 	664 	747
f 663 	542 	743
f 682 	681 	748
f 542 	543 	743
f 748 	758 	682
f 754 	748 	747
f 405 	749 	413
f 671 	680 	747
f 752 	747 	680
f 752 	754 	747
f 756 	757 	748
f 754 	756 	748
f 744 	770 	745
f 660 	662 	795
f 797 	795 	662
f 758 	759 	739
f 662 	663 	797
f 750 	797 	663
f 746 	775 	749
f 743 	751 	750
f 761 	758 	762
f 749 	448 	413
f 757 	762 	758
f 757 	758 	748
f 750 	663 	743
f 761 	763 	758
f 764 	759 	763
f 758 	763 	759
f 743 	546 	751
f 764 	765 	760
f 764 	760 	759
f 743 	543 	546
f 768 	760 	767
f 765 	767 	760
f 751 	546 	753
f 753 	547 	755
f 741 	1114 	766
f 546 	547 	753
f 766 	770 	744
f 766 	806 	770
f 769 	779 	771
f 769 	777 	779
f 745 	772 	746
f 600 	807 	551
f 745 	770 	772
f 775 	746 	772
f 779 	781 	771
f 771 	781 	773
f 749 	775 	448
f 766 	1114 	803
f 806 	766 	803
f 779 	2065 	781
f 781 	782 	773
f 776 	774 	2514
f 775 	785 	448
f 776 	2514 	2516
f 2516 	778 	776
f 2091 	779 	777
f 786 	448 	785
f 454 	786 	789
f 454 	789 	456
f 2072 	783 	782
f 784 	794 	798
f 794 	825 	798
f 784 	798 	785
f 785 	799 	786
f 785 	798 	799
f 796 	802 	837
f 788 	1368 	790
f 801 	802 	796
f 790 	774 	776
f 790 	776 	791
f 791 	778 	792
f 791 	776 	778
f 792 	778 	780
f 794 	835 	825
f 800 	801 	1292
f 792 	780 	793
f 793 	660 	795
f 800 	815 	801
f 793 	780 	660
f 770 	808 	772
f 770 	806 	808
f 784 	772 	808
f 810 	815 	800
f 784 	808 	794
f 775 	772 	784
f 801 	816 	802
f 815 	816 	801
f 802 	817 	804
f 805 	551 	807
f 600 	605 	807
f 816 	817 	802
f 807 	605 	809
f 817 	101 	804
f 809 	607 	811
f 817 	103 	101
f 605 	607 	809
f 102 	103 	817
f 607 	613 	811
f 613 	812 	811
f 784 	785 	775
f 804 	101 	1002
f 812 	628 	813
f 773 	782 	810
f 803 	819 	806
f 813 	629 	814
f 628 	629 	813
f 810 	783 	815
f 803 	818 	819
f 806 	819 	820
f 782 	783 	810
f 820 	808 	806
f 794 	808 	820
f 102 	817 	816
f 833 	819 	818
f 822 	815 	783
f 815 	822 	816
f 102 	816 	822
f 822 	783 	126
f 126 	366 	822
f 822 	366 	102
f 821 	755 	549
f 835 	794 	820
f 821 	551 	805
f 549 	551 	821
f 798 	825 	829
f 798 	829 	799
f 629 	630 	814
f 825 	835 	842
f 814 	630 	826
f 631 	827 	826
f 630 	631 	826
f 823 	109 	824
f 631 	632 	827
f 109 	823 	1003
f 827 	632 	830
f 828 	824 	111
f 2513 	831 	830
f 834 	820 	819
f 109 	111 	824
f 111 	530 	828
f 819 	833 	834
f 820 	834 	835
f 831 	2515 	832
f 834 	840 	835
f 833 	836 	838
f 833 	838 	834
f 840 	834 	838
f 835 	840 	842
f 839 	837 	804
f 802 	804 	837
f 841 	1003 	823
f 1032 	840 	838
f 120 	119 	846
f 839 	841 	843
f 843 	841 	844
f 844 	823 	845
f 841 	823 	844
f 711 	723 	724
f 848 	398 	399
f 848 	399 	849
f 863 	858 	856
f 400 	850 	849
f 849 	399 	400
f 851 	850 	401
f 400 	401 	850
f 368 	853 	851
f 847 	1005 	859
f 854 	853 	370
f 847 	859 	860
f 853 	368 	370
f 262 	862 	263
f 847 	860 	852
f 370 	372 	854
f 262 	861 	862
f 852 	863 	856
f 854 	372 	855
f 852 	860 	863
f 857 	855 	375
f 858 	863 	2315
f 858 	2316 	2313
f 372 	375 	855
f 375 	378 	857
f 909 	857 	378
f 865 	861 	898
f 861 	866 	862
f 1020 	869 	859
f 861 	865 	866
f 862 	866 	711
f 723 	711 	866
f 378 	380 	909
f 860 	1001 	863
f 168 	164 	650
f 866 	885 	723
f 380 	872 	911
f 166 	395 	649
f 165 	166 	650
f 723 	873 	724
f 164 	165 	650
f 380 	911 	910
f 391 	390 	727
f 723 	871 	873
f 872 	2402 	911
f 389 	160 	727
f 394 	393 	649
f 874 	724 	873
f 872 	2592 	2402
f 727 	649 	391
f 875 	871 	876
f 876 	871 	877
f 395 	394 	649
f 867 	2406 	868
f 871 	875 	878
f 879 	873 	878
f 871 	878 	873
f 880 	874 	881
f 2402 	2406 	867
f 881 	874 	882
f 873 	882 	874
f 2406 	2411 	868
f 873 	879 	882
f 159 	727 	160
f 2411 	870 	868
f 1185 	874 	883
f 880 	883 	874
f 392 	727 	390
f 389 	727 	392
f 884 	865 	864
f 393 	391 	649
f 884 	864 	894
f 865 	884 	885
f 170 	168 	650
f 865 	885 	866
f 871 	723 	885
f 593 	590 	638
f 590 	170 	651
f 888 	884 	887
f 889 	885 	890
f 890 	885 	891
f 884 	891 	885
f 884 	888 	891
f 885 	889 	892
f 651 	638 	590
f 650 	651 	170
f 877 	871 	892
f 885 	892 	871
f 638 	639 	591
f 596 	591 	639
f 601 	596 	639
f 887 	894 	886
f 896 	886 	894
f 894 	887 	884
f 639 	1867 	676
f 898 	904 	864
f 904 	908 	864
f 898 	864 	865
f 675 	677 	639
f 677 	674 	639
f 676 	675 	639
f 674 	601 	639
f 679 	676 	1867
f 902 	692 	900
f 902 	693 	692
f 693 	902 	903
f 902 	900 	906
f 2411 	2598 	893
f 680 	679 	1867
f 693 	903 	695
f 756 	754 	1867
f 2600 	895 	893
f 754 	752 	1867
f 695 	903 	904
f 765 	764 	1867
f 903 	907 	908
f 757 	756 	1867
f 903 	908 	904
f 695 	904 	683
f 761 	762 	1867
f 904 	898 	683
f 1478 	899 	897
f 906 	900 	905
f 763 	761 	1867
f 1867 	767 	765
f 907 	903 	902
f 768 	767 	1867
f 907 	902 	906
f 762 	757 	1867
f 764 	763 	1867
f 855 	857 	929
f 907 	927 	928
f 907 	928 	908
f 914 	727 	918
f 921 	916 	727
f 921 	727 	920
f 922 	923 	727
f 905 	919 	925
f 925 	906 	905
f 148 	926 	727
f 912 	929 	870
f 927 	907 	906
f 727 	914 	915
f 918 	727 	917
f 916 	917 	727
f 928 	894 	908
f 920 	727 	924
f 924 	727 	923
f 909 	380 	910
f 922 	727 	926
f 936 	1135 	941
f 911 	2402 	867
f 870 	893 	912
f 940 	1134 	939
f 927 	906 	925
f 913 	912 	895
f 893 	895 	912
f 927 	943 	928
f 895 	897 	913
f 950 	945 	731
f 927 	942 	943
f 913 	897 	960
f 864 	908 	894
f 849 	929 	848
f 950 	731 	949
f 931 	919 	930
f 919 	1573 	930
f 850 	929 	849
f 915 	952 	727
f 1573 	932 	930
f 851 	929 	850
f 933 	925 	934
f 934 	925 	935
f 919 	935 	925
f 853 	929 	851
f 937 	1115 	936
f 919 	931 	935
f 854 	929 	853
f 925 	933 	938
f 941 	1135 	940
f 942 	927 	938
f 925 	938 	927
f 929 	854 	855
f 944 	928 	943
f 946 	1133 	945
f 939 	1133 	946
f 909 	929 	857
f 896 	894 	947
f 928 	947 	894
f 948 	949 	731
f 910 	929 	909
f 928 	944 	947
f 911 	929 	910
f 867 	929 	911
f 868 	929 	867
f 870 	929 	868
f 913 	929 	912
f 960 	929 	913
f 1128 	945 	1132
f 958 	1013 	957
f 965 	966 	929
f 966 	967 	929
f 957 	1120 	963
f 956 	1013 	955
f 969 	973 	929
f 955 	1013 	959
f 959 	1013 	958
f 929 	960 	961
f 963 	1120 	962
f 962 	1115 	937
f 964 	929 	961
f 1432 	1428 	1255
f 1431 	1432 	1255
f 964 	965 	929
f 929 	967 	968
f 968 	969 	929
f 1262 	1255 	1428
f 951 	1040 	953
f 1428 	1429 	1262
f 974 	1054 	956
f 960 	899 	961
f 897 	899 	960
f 899 	901 	961
f 1430 	1431 	1255
f 1435 	1436 	1255
f 954 	291 	2447
f 961 	901 	964
f 291 	292 	2447
f 1443 	1444 	1255
f 965 	964 	1625
f 1437 	1435 	1255
f 1077 	1078 	1867
f 1080 	1077 	1867
f 1079 	1080 	1867
f 966 	1627 	967
f 1078 	768 	1867
f 967 	1627 	968
f 1628 	968 	1627
f 968 	1629 	969
f 969 	1632 	973
f 1629 	1632 	969
f 993 	986 	398
f 986 	985 	308
f 990 	984 	991
f 991 	984 	992
f 985 	992 	984
f 992 	985 	986
f 992 	986 	993
f 398 	848 	993
f 987 	996 	997
f 987 	997 	988
f 998 	989 	988
f 998 	988 	997
f 989 	998 	999
f 989 	999 	990
f 999 	984 	990
f 419 	994 	1166
f 1166 	413 	419
f 994 	422 	995
f 422 	994 	419
f 995 	422 	424
f 995 	424 	996
f 996 	428 	997
f 823 	824 	845
f 996 	424 	428
f 846 	845 	824
f 997 	428 	1265
f 1265 	998 	997
f 869 	860 	859
f 824 	828 	846
f 1001 	860 	869
f 839 	804 	1002
f 2326 	2315 	1001
f 839 	1002 	841
f 999 	304 	984
f 1002 	1003 	841
f 436 	869 	437
f 440 	1001 	441
f 1035 	929 	973
f 441 	1001 	442
f 869 	442 	1001
f 1035 	1036 	929
f 869 	436 	442
f 1001 	440 	443
f 1036 	1037 	929
f 427 	2326 	443
f 1001 	443 	2326
f 1037 	1038 	929
f 1038 	1046 	929
f 1046 	1047 	929
f 112 	1002 	101
f 1047 	1050 	929
f 734 	2708 	735
f 811 	812 	1009
f 1004 	1006 	1007
f 1004 	1007 	1005
f 2708 	2709 	735
f 1017 	929 	1012
f 1073 	929 	1017
f 1075 	929 	1073
f 1163 	929 	1075
f 1022 	929 	1163
f 1024 	929 	1022
f 1026 	929 	1024
f 1008 	289 	299
f 987 	929 	1026
f 1007 	859 	1005
f 409 	363 	362
f 989 	990 	929
f 990 	991 	929
f 1008 	299 	277
f 991 	992 	929
f 1008 	277 	733
f 992 	993 	929
f 1015 	1020 	1007
f 859 	1007 	1020
f 848 	929 	993
f 1049 	1011 	1006
f 1028 	1010 	1043
f 1013 	1010 	1014
f 1006 	1011 	1015
f 1016 	1014 	1010
f 1013 	1018 	1010
f 1011 	450 	1015
f 1006 	1015 	1007
f 445 	1011 	446
f 449 	1015 	450
f 450 	1011 	445
f 452 	1020 	453
f 1015 	453 	1020
f 1484 	1485 	1009
f 1015 	449 	453
f 437 	1020 	438
f 452 	438 	1020
f 1485 	1487 	1009
f 1020 	437 	869
f 1487 	1488 	1009
f 988 	929 	987
f 988 	989 	929
f 1019 	1029 	1021
f 1488 	1490 	1009
f 836 	1030 	838
f 1028 	1029 	1019
f 1029 	1031 	1021
f 836 	1027 	1030
f 1032 	838 	1030
f 1349 	1350 	1009
f 1029 	1048 	1031
f 1350 	1351 	1009
f 1030 	1044 	1032
f 994 	1024 	1022
f 1021 	1031 	1023
f 1031 	1033 	1023
f 1351 	787 	1009
f 840 	1032 	1034
f 1024 	995 	1026
f 1023 	1033 	1025
f 1032 	1049 	1034
f 1026 	996 	987
f 1032 	1044 	1049
f 790 	791 	1009
f 1026 	995 	996
f 791 	792 	1009
f 840 	1034 	842
f 792 	793 	1009
f 842 	1034 	1004
f 793 	795 	1009
f 795 	797 	1009
f 1004 	2485 	842
f 797 	750 	1009
f 1000 	2499 	983
f 750 	751 	1009
f 1040 	951 	1000
f 751 	753 	1009
f 1027 	1041 	1030
f 753 	755 	1009
f 1027 	1039 	1041
f 755 	821 	1009
f 1042 	954 	953
f 1044 	1030 	1041
f 1045 	1029 	1028
f 953 	1040 	1042
f 954 	1042 	291
f 1043 	1045 	1028
f 1045 	1048 	1029
f 982 	1064 	983
f 1034 	1006 	1004
f 929 	1050 	1051
f 1031 	1052 	1033
f 1051 	1012 	929
f 1034 	1049 	1006
f 1048 	1052 	1031
f 1018 	1053 	1010
f 1644 	1035 	973
f 1054 	1043 	1055
f 1000 	1071 	1040
f 1647 	1036 	1035
f 1055 	1043 	1053
f 1010 	1053 	1043
f 1644 	1647 	1035
f 1054 	1056 	1043
f 1056 	1057 	1045
f 1043 	1056 	1045
f 1039 	1070 	1041
f 1058 	1048 	1059
f 1040 	1074 	1042
f 1059 	1048 	1060
f 1045 	1060 	1048
f 1648 	1651 	1037
f 1041 	1072 	1044
f 1057 	1060 	1045
f 303 	291 	1042
f 1058 	1061 	1048
f 1041 	1070 	1072
f 1651 	1038 	1037
f 1062 	1052 	1063
f 1063 	1052 	1061
f 1048 	1061 	1052
f 1425 	1052 	1065
f 1062 	1065 	1052
f 1108 	1064 	982
f 983 	1064 	1068
f 1050 	1047 	1170
f 1070 	1039 	1067
f 1066 	1106 	1095
f 1000 	983 	1068
f 1067 	464 	1070
f 1050 	1171 	1051
f 1071 	1000 	1068
f 1074 	1040 	1071
f 1044 	1072 	1076
f 1044 	1076 	1049
f 1049 	1076 	1011
f 1042 	1074 	303
f 1067 	458 	457
f 459 	458 	1067
f 464 	1067 	457
f 1079 	1867 	1082
f 463 	1070 	464
f 1064 	1323 	1068
f 1070 	466 	1072
f 465 	1072 	466
f 1070 	463 	466
f 467 	1076 	468
f 468 	1076 	469
f 1072 	469 	1076
f 1072 	465 	469
f 446 	1076 	447
f 467 	447 	1076
f 1076 	446 	1011
f 1074 	527 	528
f 1074 	528 	303
f 1084 	729 	1089
f 1089 	729 	1088
f 1088 	729 	1087
f 821 	805 	1009
f 1066 	1095 	1097
f 1066 	1097 	1069
f 1102 	1103 	1085
f 1085 	1103 	1093
f 1109 	1095 	1106
f 2492 	1093 	1096
f 1069 	1101 	1137
f 1097 	1101 	1069
f 1028 	1019 	1101
f 1099 	1110 	1083
f 1097 	1010 	1101
f 1010 	1028 	1101
f 1093 	1103 	1105
f 2536 	1104 	1106
f 1114 	741 	1094
f 1104 	1107 	1109
f 1104 	1109 	1106
f 1093 	1105 	1096
f 1792 	1138 	1139
f 1108 	982 	1096
f 1096 	1105 	1108
f 1099 	1127 	1110
f 1083 	1110 	1090
f 1110 	1111 	1090
f 1107 	1126 	1109
f 1110 	1173 	1111
f 1122 	1103 	1102
f 1126 	1112 	1109
f 1111 	1094 	1090
f 1113 	1097 	1095
f 1114 	1094 	1111
f 1095 	1112 	1113
f 1113 	1010 	1097
f 1113 	1121 	1010
f 1016 	1010 	1121
f 1120 	1121 	1113
f 1115 	1112 	1116
f 1102 	1100 	1118
f 1112 	1115 	1119
f 1120 	1113 	1119
f 1112 	1119 	1113
f 1110 	1127 	1173
f 1100 	1499 	1118
f 1102 	1118 	1122
f 1124 	1107 	1150
f 1124 	1150 	1123
f 1103 	1122 	1336
f 1126 	1107 	1124
f 1125 	1099 	1098
f 1124 	1134 	1126
f 1124 	1133 	1134
f 1098 	1139 	1125
f 1125 	1127 	1099
f 1095 	1109 	1112
f 1123 	1131 	1129
f 1128 	1123 	1129
f 1123 	1128 	1132
f 1133 	1124 	1132
f 1123 	1132 	1124
f 479 	1130 	525
f 1135 	1126 	1134
f 525 	1136 	526
f 1127 	1180 	1173
f 1130 	1136 	525
f 1126 	1116 	1112
f 1116 	1126 	1117
f 1135 	1117 	1126
f 1125 	1139 	1168
f 502 	1130 	485
f 1137 	1101 	1019
f 1140 	1148 	1149
f 1140 	1149 	1141
f 737 	1136 	1145
f 1146 	1136 	1130
f 502 	1146 	1130
f 1144 	1147 	1138
f 1146 	1145 	1136
f 805 	807 	1009
f 1141 	1150 	1143
f 807 	809 	1009
f 1141 	1149 	1150
f 1143 	1107 	1104
f 811 	1009 	809
f 1146 	1893 	1145
f 1143 	1150 	1107
f 812 	813 	1009
f 1146 	502 	1895
f 813 	814 	1009
f 814 	826 	1009
f 826 	827 	1009
f 1151 	2735 	265
f 827 	830 	1009
f 265 	715 	1151
f 830 	831 	1009
f 268 	1152 	1154
f 1154 	1155 	268
f 831 	832 	1009
f 715 	724 	1157
f 832 	1178 	1009
f 1178 	1179 	1009
f 1157 	1151 	715
f 1151 	1157 	1160
f 1179 	1181 	1009
f 874 	1157 	724
f 1151 	1160 	1153
f 1183 	1009 	1175
f 1153 	1148 	1140
f 1009 	1183 	1184
f 1153 	1160 	1148
f 1009 	1184 	1190
f 1172 	1012 	1051
f 1012 	1172 	1017
f 1174 	1017 	1172
f 1009 	1181 	1175
f 1164 	1160 	1157
f 403 	1073 	1017
f 1073 	2489 	1075
f 1164 	1157 	874
f 1160 	1164 	1165
f 1073 	403 	2489
f 1009 	1190 	1193
f 1164 	1188 	1165
f 1193 	1498 	1009
f 1160 	1165 	1148
f 1166 	1022 	1163
f 1148 	1167 	1149
f 1163 	405 	1166
f 1148 	1165 	1167
f 1149 	1167 	1123
f 994 	1022 	1166
f 1024 	994 	995
f 1149 	1123 	1150
f 405 	413 	1166
f 1138 	1147 	1139
f 1139 	1147 	1168
f 1046 	1169 	1047
f 1169 	1170 	1047
f 1209 	1147 	1144
f 1050 	1170 	1171
f 1009 	787 	788
f 788 	790 	1009
f 1051 	1171 	1172
f 1111 	1176 	1114
f 1173 	1176 	1111
f 1176 	803 	1114
f 1125 	1177 	1127
f 1125 	1168 	1177
f 1127 	1177 	1180
f 1173 	1180 	1182
f 1180 	1218 	1182
f 1173 	1182 	1176
f 1176 	1182 	818
f 1179 	2540 	1181
f 2529 	1175 	1181
f 2540 	2529 	1181
f 1176 	818 	803
f 1154 	1213 	1155
f 1186 	1187 	1164
f 1186 	1164 	1185
f 874 	1185 	1164
f 1188 	1164 	1187
f 1156 	1215 	1158
f 1189 	1165 	1188
f 1159 	1158 	1216
f 1192 	1167 	1191
f 1165 	1191 	1167
f 1165 	1189 	1191
f 1131 	1123 	1194
f 1167 	1194 	1123
f 1167 	1192 	1194
f 1216 	1805 	1159
f 1009 	1498 	1500
f 1175 	2530 	1183
f 1195 	1202 	1196
f 1201 	1202 	1195
f 268 	1199 	1200
f 1184 	2535 	2595
f 1200 	1152 	268
f 1217 	1180 	1177
f 1231 	330 	326
f 330 	1232 	1197
f 818 	1182 	1219
f 330 	1231 	1232
f 1182 	1218 	1219
f 1197 	1232 	1205
f 1197 	1205 	1198
f 1238 	1207 	1142
f 1142 	1207 	1144
f 1205 	1221 	1198
f 1203 	1210 	1204
f 1152 	1200 	1223
f 1202 	1211 	1196
f 1203 	1208 	1210
f 1223 	1154 	1152
f 1209 	1144 	1207
f 2693 	2694 	1201
f 1214 	1156 	1155
f 1225 	1168 	1147
f 1155 	1213 	1214
f 1207 	1240 	1227
f 1215 	1156 	1214
f 1227 	1209 	1207
f 1227 	1228 	1209
f 1177 	1226 	1217
f 1216 	1158 	1215
f 1218 	1180 	1217
f 1213 	1439 	1214
f 1214 	1442 	1215
f 1217 	1220 	1235
f 1198 	1221 	1199
f 1235 	1218 	1217
f 1221 	1222 	1199
f 1218 	1237 	1219
f 1199 	1222 	1200
f 1200 	1222 	1223
f 1154 	1223 	1224
f 1209 	1225 	1147
f 1224 	1213 	1154
f 1168 	1226 	1177
f 1168 	1225 	1226
f 1225 	1209 	1228
f 1225 	1228 	1229
f 1228 	1245 	1229
f 326 	325 	1230
f 1225 	1229 	1226
f 1226 	1220 	1217
f 1230 	1231 	326
f 1226 	1229 	1220
f 1227 	1244 	1228
f 1228 	1244 	1245
f 1230 	439 	1234
f 1219 	833 	818
f 439 	1233 	1234
f 1230 	1236 	1231
f 1234 	1236 	1230
f 1235 	1237 	1218
f 1236 	1241 	1231
f 836 	833 	1219
f 1231 	1241 	1232
f 1219 	1237 	836
f 1235 	1220 	1266
f 1242 	1205 	1232
f 1241 	1242 	1232
f 1237 	1235 	1267
f 1266 	1267 	1235
f 1237 	1027 	836
f 1237 	1267 	1027
f 1238 	1240 	1207
f 1239 	1240 	1238
f 1239 	1302 	1240
f 1240 	1304 	1227
f 1302 	1304 	1240
f 729 	1091 	1092
f 1227 	1304 	1244
f 1252 	729 	1251
f 729 	1253 	1254
f 1446 	1443 	1255
f 1254 	1250 	729
f 1208 	1768 	1210
f 1255 	1256 	729
f 1253 	729 	1257
f 729 	1447 	1255
f 1245 	1244 	1248
f 1244 	1246 	1248
f 1268 	1263 	1248
f 1251 	729 	1250
f 1246 	1287 	1248
f 1287 	1268 	1248
f 1257 	729 	1256
f 1392 	1258 	1287
f 1229 	1245 	1263
f 1445 	1446 	1255
f 1229 	1263 	1220
f 1447 	1445 	1255
f 1266 	1220 	1263
f 1274 	1271 	729
f 1243 	1091 	729
f 1092 	1087 	729
f 729 	1271 	1243
f 998 	302 	999
f 1272 	1273 	729
f 1276 	1277 	729
f 1278 	1276 	729
f 998 	1265 	302
f 1245 	1248 	1263
f 302 	304 	999
f 1263 	1269 	1266
f 1252 	1279 	729
f 1263 	1268 	1269
f 1266 	1269 	1270
f 1274 	729 	1273
f 368 	2639 	1275
f 1266 	1270 	1267
f 1272 	729 	1277
f 1270 	1039 	1267
f 372 	370 	2552
f 1002 	112 	1003
f 1003 	114 	109
f 1267 	1039 	1027
f 112 	114 	1003
f 1288 	1268 	1287
f 1265 	311 	302
f 1268 	1289 	1269
f 1268 	1288 	1289
f 1291 	1270 	1269
f 1270 	1067 	1039
f 1291 	1067 	1270
f 1281 	1285 	1283
f 1284 	1285 	1281
f 1259 	1297 	1287
f 1284 	1295 	1285
f 1269 	1289 	1291
f 1289 	478 	1291
f 1289 	474 	478
f 1284 	1293 	1294
f 1296 	1287 	1297
f 1294 	1295 	1284
f 327 	1293 	328
f 1287 	1296 	473
f 1287 	473 	472
f 328 	1293 	329
f 470 	1288 	471
f 327 	333 	1293
f 331 	1294 	332
f 471 	1288 	472
f 1287 	472 	1288
f 1288 	470 	475
f 332 	1294 	333
f 1293 	333 	1294
f 331 	335 	1294
f 474 	1289 	475
f 1288 	475 	1289
f 334 	1295 	335
f 1294 	335 	1295
f 476 	1291 	477
f 1295 	340 	1415
f 477 	1291 	478
f 340 	1295 	336
f 334 	336 	1295
f 459 	1291 	461
f 476 	461 	1291
f 1310 	1286 	1282
f 1291 	459 	1067
f 1310 	1312 	1286
f 1300 	1302 	1239
f 1306 	1309 	1300
f 1290 	800 	1292
f 1300 	1309 	1302
f 1292 	801 	796
f 1301 	1383 	1303
f 1307 	1282 	1280
f 1283 	1285 	1308
f 1307 	1280 	1305
f 1310 	1282 	1307
f 1304 	1302 	1311
f 1307 	771 	1310
f 1309 	1311 	1302
f 1311 	1246 	1304
f 1312 	1290 	1286
f 1368 	1249 	1313
f 1304 	1246 	1244
f 800 	1290 	1312
f 1311 	1309 	1391
f 1305 	769 	1307
f 1201 	2694 	1202
f 1305 	1739 	769
f 771 	1307 	769
f 1319 	1249 	1247
f 1310 	771 	773
f 1310 	773 	1312
f 810 	800 	1312
f 773 	810 	1312
f 1470 	1314 	1317
f 1247 	1317 	1319
f 1249 	1321 	1313
f 1249 	1319 	1321
f 1108 	1322 	1064
f 1322 	1323 	1064
f 1314 	1324 	1317
f 1068 	1325 	1071
f 1317 	1326 	1319
f 1317 	1324 	1326
f 1068 	1323 	1325
f 1319 	1326 	1203
f 1325 	527 	1071
f 534 	527 	1325
f 1326 	1208 	1203
f 1319 	1203 	1321
f 1071 	527 	1074
f 1321 	1203 	1204
f 1322 	1328 	1323
f 1322 	1327 	1328
f 1206 	1326 	1324
f 1323 	1328 	1329
f 1208 	1326 	1206
f 1329 	1325 	1323
f 534 	1325 	1329
f 1327 	1374 	1328
f 1330 	1332 	1334
f 1333 	1346 	1335
f 1334 	1314 	1330
f 1343 	1346 	1333
f 1334 	1324 	1314
f 1329 	690 	534
f 1103 	1336 	1105
f 1105 	1339 	1108
f 1346 	1348 	1335
f 1336 	1339 	1105
f 1335 	1348 	1337
f 1322 	1108 	1339
f 1331 	1338 	1340
f 1118 	1341 	1122
f 1338 	1832 	1340
f 1122 	1342 	1336
f 1340 	1332 	1331
f 1332 	1344 	1334
f 1122 	1341 	1342
f 2585 	1343 	1333
f 1340 	1344 	1332
f 1345 	1336 	1342
f 1334 	1347 	1324
f 1342 	1354 	1345
f 1334 	1344 	1347
f 1324 	1347 	1206
f 1345 	1339 	1336
f 1339 	1345 	1327
f 1339 	1327 	1322
f 1342 	1341 	1352
f 1760 	1206 	1347
f 1354 	1342 	1352
f 1196 	1346 	1343
f 1327 	1345 	1356
f 1355 	1357 	1306
f 1355 	1387 	1357
f 1386 	1387 	1355
f 1345 	1354 	1356
f 1306 	1357 	1309
f 1309 	1357 	1391
f 1374 	1327 	1356
f 1353 	1360 	1359
f 1358 	1353 	1359
f 1358 	1361 	1353
f 1242 	1363 	1205
f 1362 	1350 	1349
f 1364 	1351 	1350
f 1363 	1221 	1205
f 1221 	1365 	1222
f 1221 	1363 	1365
f 1350 	1362 	1364
f 1351 	1364 	1366
f 1329 	1378 	690
f 1236 	1234 	1369
f 1236 	1385 	1241
f 1369 	1385 	1236
f 1351 	1366 	787
f 787 	1368 	788
f 1565 	1242 	1241
f 787 	1366 	1368
f 1352 	1367 	1384
f 774 	790 	1368
f 1565 	1567 	1242
f 1242 	1567 	1363
f 1278 	729 	1279
f 1086 	729 	1084
f 1372 	1867 	1371
f 1363 	1572 	1365
f 1384 	1354 	1352
f 1247 	1366 	1364
f 1356 	1354 	1390
f 1086 	1377 	729
f 1379 	1380 	1867
f 1356 	1390 	1394
f 1366 	1247 	1249
f 1308 	1298 	1283
f 1375 	1382 	1867
f 1082 	1867 	1081
f 1308 	1370 	1298
f 1249 	1368 	1366
f 1379 	1867 	1382
f 1373 	1375 	1867
f 1373 	1867 	1372
f 1368 	1313 	774
f 1298 	1370 	1299
f 1313 	2514 	774
f 1371 	729 	1377
f 1376 	1301 	1299
f 1328 	1378 	1329
f 1081 	1867 	1380
f 1328 	1374 	1378
f 1370 	1376 	1299
f 1376 	1383 	1301
f 1386 	1355 	1361
f 1353 	1361 	1355
f 1388 	1357 	1387
f 1014 	957 	1013
f 1119 	962 	1120
f 1388 	1389 	1357
f 1384 	1390 	1354
f 1121 	957 	1016
f 1311 	1392 	1246
f 1383 	2048 	1303
f 1391 	1392 	1311
f 1392 	1287 	1246
f 1013 	956 	1018
f 1285 	1295 	1415
f 1393 	1391 	1395
f 1357 	1395 	1391
f 1374 	1356 	1394
f 1389 	1395 	1357
f 1393 	1396 	1391
f 1415 	1308 	1285
f 1397 	1392 	1396
f 1391 	1396 	1392
f 1059 	1060 	970
f 1259 	1287 	1258
f 1374 	1394 	1398
f 1258 	1392 	1260
f 1397 	1260 	1392
f 1394 	1553 	1398
f 481 	1399 	482
f 1399 	2359 	482
f 481 	483 	1399
f 1400 	1403 	1409
f 1402 	1403 	1400
f 1401 	1813 	1402
f 1812 	1813 	1401
f 1813 	1815 	1402
f 1402 	1815 	1403
f 1414 	1979 	1404
f 2011 	2031 	1405
f 1405 	2031 	1406
f 1407 	536 	535
f 1407 	1408 	536
f 538 	1408 	1586
f 1586 	559 	538
f 558 	1410 	1407
f 1409 	1410 	558
f 1410 	1411 	1407
f 1413 	1414 	1410
f 1410 	1414 	1411
f 1407 	1411 	1408
f 1408 	1412 	1586
f 1411 	1412 	1408
f 1403 	1413 	1409
f 1409 	1413 	1410
f 1411 	1404 	1412
f 1404 	1411 	1414
f 1973 	1978 	1413
f 1018 	956 	1053
f 1053 	956 	1055
f 1054 	974 	1056
f 1057 	1056 	974
f 1060 	1057 	970
f 975 	970 	1057
f 974 	975 	1057
f 1370 	1417 	1376
f 970 	971 	1058
f 1115 	962 	1119
f 1116 	936 	1115
f 1117 	936 	1116
f 1135 	936 	1117
f 1134 	940 	1135
f 1120 	957 	1121
f 1016 	957 	1014
f 1416 	1370 	1308
f 1415 	1416 	1308
f 1416 	1417 	1370
f 1416 	347 	1417
f 1132 	945 	1133
f 1376 	1418 	1383
f 1417 	1418 	1376
f 338 	1415 	339
f 1133 	939 	1134
f 339 	1415 	340
f 338 	343 	1415
f 1128 	1129 	945
f 1129 	1131 	945
f 342 	341 	1416
f 342 	1416 	343
f 1415 	343 	1416
f 341 	347 	1416
f 346 	1417 	347
f 348 	1418 	349
f 1417 	349 	1418
f 346 	349 	1417
f 348 	352 	1418
f 1191 	731 	1192
f 1194 	1192 	945
f 1131 	1194 	945
f 883 	731 	1185
f 880 	731 	883
f 1186 	731 	1187
f 1420 	1419 	1423
f 1420 	1423 	1427
f 1420 	1427 	1421
f 1188 	731 	1189
f 731 	945 	1192
f 1062 	1063 	979
f 1422 	1433 	1281
f 979 	980 	1062
f 1425 	1065 	978
f 976 	977 	1062
f 2100 	1423 	1419
f 981 	979 	1058
f 972 	981 	1058
f 1222 	1365 	1426
f 1061 	1058 	979
f 1426 	1223 	1222
f 980 	976 	1062
f 1421 	1433 	1422
f 1426 	1434 	1223
f 1427 	1433 	1421
f 1284 	1281 	1433
f 977 	978 	1062
f 1434 	1224 	1223
f 1438 	1213 	1224
f 1438 	1224 	1434
f 1427 	1293 	1433
f 1261 	1262 	1429
f 1293 	1284 	1433
f 1439 	1213 	1438
f 978 	1264 	1425
f 1441 	1427 	1423
f 1065 	1062 	978
f 1423 	1440 	1441
f 1441 	1293 	1427
f 1442 	1214 	1439
f 1424 	1425 	1264
f 1293 	1441 	361
f 1264 	1261 	1424
f 356 	1440 	357
f 1440 	356 	359
f 358 	1441 	359
f 1440 	359 	1441
f 329 	1293 	361
f 358 	361 	1441
f 1438 	1434 	1458
f 1444 	1437 	1255
f 1439 	1438 	1460
f 1453 	729 	1452
f 1439 	1460 	1462
f 1439 	1462 	1442
f 1451 	729 	1450
f 1447 	729 	1451
f 1442 	1462 	1899
f 1454 	729 	1453
f 1426 	1455 	1434
f 1381 	1463 	1456
f 1458 	1434 	1455
f 1457 	1362 	1349
f 1458 	1460 	1438
f 1381 	1540 	1463
f 1456 	1463 	1465
f 1459 	1466 	1461
f 1464 	1466 	1459
f 1456 	1465 	1457
f 1466 	1468 	1461
f 1457 	1469 	1362
f 1469 	1457 	1465
f 1458 	2154 	1460
f 1362 	1469 	1470
f 1450 	729 	1454
f 1473 	729 	1472
f 1452 	729 	1473
f 1471 	1472 	729
f 1362 	1470 	1364
f 1526 	1464 	2473
f 1247 	1364 	1470
f 1469 	1330 	1314
f 1474 	1479 	1475
f 1469 	1314 	1470
f 1477 	1479 	1474
f 1317 	1247 	1470
f 1337 	1477 	1474
f 1348 	1477 	1337
f 1479 	1483 	1475
f 1009 	1480 	1482
f 1482 	1484 	1009
f 1009 	1490 	1492
f 1492 	1349 	1009
f 2600 	1489 	1476
f 1476 	1494 	1478
f 1489 	1494 	1476
f 1374 	1398 	1378
f 1478 	1495 	1481
f 1378 	692 	690
f 1398 	692 	1378
f 1494 	1495 	1478
f 1495 	1496 	1481
f 1482 	1516 	1484
f 1484 	1519 	1485
f 1484 	1516 	1519
f 1384 	1549 	1390
f 1485 	1519 	1521
f 1548 	1549 	1384
f 1485 	1521 	1487
f 1394 	1390 	1551
f 2588 	1459 	1486
f 1488 	1487 	1522
f 1522 	1381 	1488
f 1459 	1461 	1486
f 1490 	1488 	1381
f 1486 	1461 	1489
f 1398 	1553 	900
f 1490 	1381 	1456
f 1489 	1505 	1494
f 1398 	900 	692
f 1490 	1456 	1492
f 1492 	1457 	1349
f 1492 	1456 	1457
f 1494 	1507 	1495
f 1009 	1500 	1501
f 1501 	1502 	1009
f 1502 	1480 	1009
f 1190 	1184 	2595
f 1504 	1497 	2654
f 1190 	2595 	2597
f 1504 	1506 	1497
f 1193 	1190 	2597
f 1489 	1461 	1505
f 1505 	1507 	1494
f 1497 	1506 	1499
f 1499 	1506 	1508
f 1461 	1468 	1505
f 1505 	1512 	1507
f 1498 	1509 	1500
f 1508 	1118 	1499
f 1512 	1513 	1507
f 1501 	1500 	1527
f 1508 	1341 	1118
f 1495 	1507 	1510
f 1507 	1513 	1510
f 1515 	1518 	1503
f 1501 	1527 	1529
f 1495 	1510 	1496
f 1503 	1518 	1504
f 1510 	1511 	1496
f 1501 	1529 	1502
f 1502 	1530 	1480
f 1530 	1482 	1480
f 1505 	1468 	1512
f 1508 	1533 	1341
f 1533 	1352 	1341
f 1510 	1514 	1511
f 1513 	1514 	1510
f 1514 	1517 	1511
f 1515 	1524 	1518
f 1523 	1524 	1515
f 1520 	1506 	1504
f 1520 	1504 	1518
f 1506 	1520 	1531
f 1522 	1487 	1521
f 1513 	1593 	1514
f 1646 	1519 	1516
f 1524 	1535 	1518
f 1521 	1650 	1538
f 1518 	1535 	1520
f 1521 	1538 	1522
f 1509 	1527 	1500
f 1526 	1528 	1464
f 1526 	1534 	1528
f 1464 	1528 	1466
f 1523 	1604 	1524
f 1466 	1539 	1468
f 1502 	1529 	1530
f 1530 	1532 	1482
f 1525 	1449 	1526
f 1532 	1516 	1482
f 1508 	1506 	1531
f 1448 	1449 	1525
f 1531 	1533 	1508
f 1534 	1526 	1449
f 1520 	1536 	1531
f 1640 	1530 	1529
f 1520 	1535 	1536
f 1530 	1642 	1532
f 1531 	1536 	1537
f 1531 	1537 	1533
f 1533 	1367 	1352
f 1533 	1537 	1367
f 1522 	1540 	1381
f 1539 	1466 	1528
f 1522 	1538 	1540
f 1524 	1645 	1535
f 1539 	1541 	1468
f 1543 	1539 	1528
f 1645 	1649 	1535
f 1468 	1541 	1512
f 1535 	1649 	1536
f 1534 	1543 	1528
f 1538 	1542 	1544
f 1539 	1545 	1541
f 1537 	1829 	1367
f 1538 	1544 	1540
f 1543 	1545 	1539
f 1540 	1544 	1546
f 1545 	1547 	1541
f 1367 	1548 	1384
f 1367 	1829 	1548
f 1540 	1546 	1463
f 1463 	1550 	1465
f 1463 	1546 	1550
f 1551 	1390 	1549
f 1330 	1469 	1465
f 1330 	1465 	1550
f 1553 	1394 	1551
f 1292 	1491 	1316
f 1829 	1554 	1548
f 1316 	1290 	1292
f 1493 	1491 	796
f 1548 	1554 	1556
f 1491 	1292 	796
f 1542 	1557 	1544
f 796 	837 	1493
f 1493 	837 	1552
f 1555 	1557 	1542
f 1552 	839 	843
f 1548 	1556 	1549
f 1557 	1558 	1544
f 1549 	1556 	1559
f 837 	839 	1552
f 1544 	1558 	1546
f 1549 	1559 	1551
f 1546 	1331 	1550
f 1551 	1562 	1553
f 1558 	1331 	1546
f 1550 	1332 	1330
f 1551 	1559 	1562
f 1550 	1331 	1332
f 1553 	1562 	905
f 1673 	1316 	1491
f 905 	1562 	919
f 1553 	905 	900
f 1552 	1561 	1560
f 1560 	1493 	1552
f 1552 	843 	1561
f 1561 	843 	1563
f 1363 	1567 	1572
f 1564 	1563 	844
f 1559 	1570 	1573
f 1559 	1573 	1562
f 843 	844 	1563
f 844 	845 	1564
f 919 	1562 	1573
f 1564 	845 	132
f 132 	846 	119
f 845 	846 	132
f 1241 	1385 	1565
f 1554 	1566 	1568
f 1565 	1385 	1592
f 1566 	1585 	1568
f 1554 	1568 	1556
f 1603 	1567 	1565
f 1570 	1559 	1556
f 1570 	1556 	1568
f 1568 	1587 	1570
f 560 	559 	1591
f 1365 	1575 	1426
f 2026 	1576 	1577
f 1591 	1594 	560
f 1365 	1572 	1575
f 1426 	1575 	1455
f 1578 	1566 	1577
f 2026 	1577 	1566
f 1471 	729 	1581
f 1348 	1828 	1834
f 1543 	2146 	1545
f 1579 	1568 	1584
f 1584 	1568 	1585
f 1585 	1566 	1578
f 1568 	1579 	1587
f 1588 	1570 	1587
f 1589 	1570 	1588
f 1513 	1512 	1590
f 1580 	1581 	729
f 1580 	729 	1583
f 1541 	1590 	1512
f 1586 	1591 	559
f 1590 	1593 	1513
f 1582 	729 	1596
f 1583 	729 	1582
f 1479 	1842 	2044
f 1616 	1617 	1868
f 1591 	1612 	1594
f 1514 	1605 	1517
f 1570 	1589 	1598
f 1599 	1573 	1598
f 1570 	1598 	1573
f 1514 	1593 	1605
f 568 	1600 	573
f 932 	1573 	1599
f 1547 	1590 	1541
f 1594 	1600 	568
f 1592 	1603 	1565
f 1614 	1600 	1594
f 2687 	1602 	1523
f 1602 	1604 	1523
f 1592 	1683 	1603
f 1592 	1843 	1683
f 1567 	1603 	1609
f 1606 	1593 	1590
f 1607 	1591 	1586
f 1547 	1606 	1590
f 1593 	1606 	1610
f 1586 	1412 	1607
f 1607 	1612 	1591
f 1622 	1623 	729
f 1605 	1593 	1610
f 1596 	729 	1595
f 1612 	1614 	1594
f 1611 	1335 	1613
f 1547 	1545 	2160
f 1624 	1621 	1868
f 1617 	1624 	1868
f 1547 	2160 	2163
f 1622 	729 	1621
f 1597 	729 	1623
f 1595 	729 	1597
f 2166 	1610 	1606
f 729 	1868 	1621
f 1412 	1404 	1405
f 1607 	1412 	1405
f 2166 	2200 	1610
f 964 	901 	1625
f 879 	878 	731
f 1607 	1405 	1406
f 965 	1625 	1626
f 1612 	1630 	1614
f 875 	731 	878
f 1333 	1611 	1601
f 2585 	1333 	1601
f 965 	1626 	966
f 879 	731 	882
f 881 	882 	731
f 880 	881 	731
f 1333 	1335 	1611
f 1626 	1627 	966
f 875 	876 	731
f 1607 	1406 	1612
f 888 	887 	731
f 1335 	1337 	1613
f 877 	731 	876
f 1337 	1618 	1613
f 1628 	1629 	968
f 1630 	1612 	1406
f 889 	731 	892
f 892 	731 	877
f 1337 	1474 	1618
f 886 	731 	887
f 891 	731 	890
f 888 	731 	891
f 731 	889 	890
f 1631 	1633 	1315
f 899 	1481 	901
f 1567 	1609 	1572
f 1633 	1318 	1315
f 1481 	899 	1478
f 1572 	1635 	1575
f 1636 	1320 	1318
f 1572 	1609 	1635
f 1707 	1625 	901
f 1575 	1635 	1467
f 1633 	1636 	1318
f 1636 	1638 	1320
f 1708 	1709 	1626
f 1575 	1467 	1455
f 1558 	1338 	1331
f 1626 	1709 	1627
f 1709 	1716 	1627
f 1608 	1641 	1602
f 1627 	1716 	1628
f 1608 	1662 	1641
f 1602 	1641 	1604
f 1640 	1642 	1530
f 1628 	1720 	1629
f 1716 	1720 	1628
f 1629 	1724 	1632
f 1643 	1516 	1532
f 1608 	1661 	1662
f 1632 	1644 	973
f 1631 	1611 	1633
f 1632 	1780 	1644
f 1601 	1611 	1631
f 1632 	1724 	1780
f 1643 	1532 	1642
f 1611 	1613 	1633
f 1646 	1516 	1643
f 886 	896 	731
f 1037 	1036 	1648
f 1645 	1524 	1604
f 1647 	1648 	1036
f 1521 	1519 	1650
f 934 	935 	731
f 1650 	1519 	1646
f 1655 	1656 	1645
f 1645 	1656 	1649
f 1038 	1653 	1046
f 1652 	1537 	1536
f 934 	731 	933
f 1651 	1653 	1038
f 1536 	1649 	1652
f 1653 	1169 	1046
f 1829 	1537 	1652
f 1574 	1667 	1571
f 1642 	1690 	1692
f 943 	942 	731
f 1643 	1642 	1692
f 931 	930 	731
f 930 	932 	731
f 932 	1599 	731
f 1645 	1604 	1655
f 1641 	1655 	1604
f 931 	731 	935
f 942 	938 	731
f 933 	731 	938
f 1569 	1280 	1571
f 1652 	1649 	1657
f 944 	943 	731
f 1649 	1656 	1657
f 2015 	1829 	1657
f 947 	731 	896
f 947 	944 	731
f 1571 	1280 	1282
f 1574 	1571 	1282
f 1883 	1659 	1658
f 1654 	1574 	1286
f 1584 	1868 	1579
f 1584 	1585 	1868
f 1634 	1660 	1637
f 1282 	1286 	1574
f 1659 	1660 	1634
f 1654 	1286 	1290
f 1654 	1290 	1316
f 1883 	1658 	1808
f 1887 	1659 	1883
f 1578 	1868 	1585
f 1659 	1891 	1660
f 1887 	1891 	1659
f 1579 	1868 	1587
f 1868 	1589 	1588
f 1655 	1641 	1666
f 1662 	1666 	1641
f 1598 	1868 	1599
f 1589 	1868 	1598
f 1655 	1668 	1656
f 1729 	1672 	1669
f 1681 	1868 	1685
f 1669 	1672 	1675
f 1800 	1663 	1795
f 1663 	1802 	1664
f 1663 	1800 	1802
f 1680 	1868 	1679
f 1664 	1802 	1665
f 1682 	1868 	1681
f 1569 	1665 	1802
f 1665 	1569 	1571
f 1685 	1868 	1684
f 1687 	1684 	1868
f 1665 	1571 	1667
f 1700 	1650 	1646
f 1650 	1542 	1538
f 2158 	2164 	1609
f 1700 	1542 	1650
f 1640 	1690 	1642
f 1577 	1868 	1578
f 1697 	1698 	1868
f 1689 	1686 	1868
f 1782 	1647 	1644
f 1577 	1576 	1868
f 451 	1691 	1233
f 1783 	1648 	1647
f 1640 	2684 	1690
f 1699 	1695 	1868
f 1696 	1868 	1695
f 1687 	1868 	1686
f 1691 	451 	517
f 1697 	1868 	1576
f 1691 	1693 	1233
f 1691 	1719 	1693
f 1643 	1694 	1646
f 1696 	1688 	1868
f 1689 	1868 	1688
f 1651 	1786 	1653
f 1233 	1693 	1234
f 1643 	1692 	1694
f 1699 	1868 	1698
f 1693 	1369 	1234
f 1646 	1694 	1700
f 1701 	516 	737
f 1678 	1868 	1682
f 1615 	1868 	1620
f 1678 	1679 	1868
f 1619 	1620 	1868
f 1701 	517 	516
f 1680 	1702 	1868
f 1619 	1868 	1703
f 1702 	1703 	1868
f 517 	1701 	1704
f 1170 	1169 	1090
f 1705 	1770 	728
f 1742 	65 	1741
f 27 	29 	728
f 1633 	1613 	1636
f 1690 	2058 	1692
f 1731 	1727 	228
f 1707 	901 	1481
f 1690 	1706 	2058
f 1636 	1618 	1638
f 1481 	1496 	1707
f 1692 	2061 	1694
f 1613 	1618 	1636
f 423 	228 	1712
f 1708 	1626 	1625
f 1722 	1639 	1638
f 1711 	228 	1713
f 1722 	1726 	1639
f 1707 	1708 	1625
f 1863 	1700 	1694
f 1700 	1863 	1555
f 1712 	228 	1711
f 1700 	1555 	1542
f 1708 	1749 	1709
f 1730 	1749 	1708
f 1713 	228 	1728
f 1710 	1763 	1715
f 1726 	1763 	1710
f 1210 	1768 	1714
f 1704 	1691 	517
f 1638 	1618 	1722
f 1719 	1691 	1704
f 1719 	1723 	1693
f 1720 	1724 	1629
f 1693 	1723 	1369
f 1721 	1738 	1725
f 1721 	2269 	1738
f 1831 	1385 	1369
f 1723 	1831 	1369
f 1742 	1735 	65
f 1667 	1574 	1670
f 1496 	1730 	1707
f 1496 	1511 	1730
f 1670 	1574 	1654
f 1707 	1730 	1708
f 1670 	1654 	1671
f 1671 	1316 	1673
f 1728 	228 	1727
f 1671 	1654 	1316
f 1734 	163 	1733
f 1731 	146 	1734
f 1674 	1673 	1491
f 1714 	2252 	1717
f 1733 	162 	1732
f 1674 	1491 	1493
f 1717 	2252 	2269
f 1674 	1493 	1560
f 1744 	62 	1743
f 1716 	1753 	1720
f 1717 	2269 	1721
f 1720 	1755 	1724
f 1753 	1755 	1720
f 1736 	1732 	65
f 1735 	1736 	65
f 1725 	1740 	1729
f 1741 	64 	1744
f 1725 	1738 	1740
f 1748 	60 	1747
f 1729 	1740 	1672
f 1743 	63 	1748
f 1740 	1677 	1672
f 1764 	1705 	1762
f 1709 	1751 	1716
f 1360 	1767 	1705
f 2269 	2280 	1738
f 1751 	1709 	1749
f 1716 	1751 	1753
f 1759 	1751 	1749
f 1738 	2280 	1676
f 737 	1820 	1701
f 1738 	1676 	1740
f 1756 	1749 	1730
f 1677 	1740 	1676
f 1820 	1757 	1701
f 1756 	1730 	1511
f 1747 	60 	1746
f 1756 	1759 	1749
f 1737 	1758 	1739
f 1750 	728 	1772
f 1771 	728 	1770
f 1737 	1754 	1758
f 1739 	1758 	777
f 1206 	1761 	1208
f 1710 	1639 	1726
f 1705 	1764 	1765
f 1773 	1770 	1705
f 1206 	1760 	1761
f 1715 	1766 	1718
f 1768 	1208 	1761
f 1767 	1762 	1705
f 1739 	777 	769
f 1763 	1766 	1715
f 1766 	1769 	1718
f 1772 	728 	1771
f 1746 	728 	1750
f 1765 	1773 	1705
f 1756 	1777 	1759
f 1760 	1774 	2376
f 1751 	1775 	1753
f 1751 	1759 	1775
f 1753 	1776 	1755
f 1774 	2399 	2376
f 1775 	1776 	1753
f 2376 	1761 	1760
f 470 	471 	1705
f 1296 	1705 	473
f 1517 	1756 	1511
f 1752 	2211 	1754
f 1297 	1705 	1296
f 1517 	1777 	1756
f 1754 	2211 	2213
f 1259 	1705 	1297
f 1258 	1705 	1259
f 1754 	2213 	1758
f 1361 	1358 	1705
f 1359 	1360 	1705
f 1777 	1953 	1759
f 1358 	1359 	1705
f 1387 	1386 	1705
f 1775 	1819 	1776
f 1361 	1705 	1386
f 1777 	1982 	1953
f 1569 	1781 	1280
f 1780 	1782 	1644
f 1782 	1783 	1647
f 1788 	1779 	1778
f 1784 	1651 	1648
f 1779 	1789 	1781
f 1789 	1305 	1781
f 1783 	1784 	1648
f 1781 	1305 	1280
f 1784 	1786 	1651
f 1653 	1083 	1169
f 1778 	1787 	1788
f 1083 	1653 	1786
f 1789 	1779 	1788
f 1083 	1090 	1169
f 1796 	1780 	1724
f 1785 	1790 	1787
f 1791 	1788 	1787
f 1791 	1787 	1790
f 1788 	1791 	1737
f 1788 	1737 	1789
f 1789 	1739 	1305
f 1789 	1737 	1739
f 1792 	1784 	1783
f 1752 	1791 	1790
f 1098 	1786 	1784
f 1754 	1791 	1752
f 1791 	1754 	1737
f 1792 	1098 	1784
f 1786 	1099 	1083
f 1794 	268 	1793
f 1794 	1795 	268
f 1098 	1099 	1786
f 1663 	268 	1795
f 1792 	1139 	1098
f 1162 	1161 	1807
f 1755 	1796 	1724
f 1797 	1794 	1793
f 1780 	1798 	1782
f 1799 	1795 	1794
f 1797 	1799 	1794
f 1795 	1799 	1800
f 1796 	1798 	1780
f 1798 	1801 	1782
f 1798 	1806 	1801
f 1782 	1801 	1783
f 1801 	1792 	1783
f 1797 	1830 	1836
f 1755 	1776 	1803
f 1799 	1797 	1836
f 1799 	1778 	1800
f 1836 	1778 	1799
f 1755 	1803 	1796
f 1800 	1778 	1779
f 1803 	1804 	1796
f 1800 	1779 	1802
f 1802 	1779 	1781
f 1802 	1781 	1569
f 1796 	1804 	1798
f 1161 	1159 	1805
f 1807 	1161 	1805
f 1806 	1798 	1804
f 1672 	1677 	1808
f 1806 	1138 	1801
f 1162 	1809 	1793
f 1618 	1474 	1722
f 1389 	1388 	1705
f 1672 	1808 	1675
f 1162 	1807 	1809
f 1393 	1395 	1705
f 1388 	1387 	1705
f 1474 	1475 	1722
f 1809 	1797 	1793
f 1260 	1705 	1258
f 1801 	1138 	1792
f 1722 	1475 	1726
f 1808 	1658 	1675
f 1397 	1396 	1705
f 1817 	1803 	1776
f 1705 	1395 	1389
f 1805 	1216 	1888
f 1924 	1677 	1676
f 1393 	1705 	1396
f 1817 	1810 	1803
f 1763 	1816 	1766
f 1677 	1929 	1808
f 1701 	1757 	1704
f 1397 	1705 	1260
f 1803 	1810 	1804
f 1719 	1704 	1811
f 1818 	524 	728
f 1757 	1811 	1704
f 1806 	1804 	1142
f 1723 	1719 	1833
f 1810 	1142 	1804
f 523 	728 	522
f 1669 	1675 	1812
f 1806 	1144 	1138
f 522 	728 	524
f 1144 	1806 	1142
f 1811 	1833 	1719
f 1821 	728 	1826
f 1726 	1814 	1763
f 1810 	1238 	1142
f 1814 	1726 	1475
f 1666 	1668 	1655
f 1814 	1816 	1763
f 1475 	1483 	1814
f 1821 	1822 	728
f 1483 	1997 	1814
f 1817 	1776 	1819
f 1823 	728 	1822
f 2037 	1680 	1679
f 1145 	1820 	737
f 1814 	1997 	1816
f 1818 	728 	1823
f 1678 	1661 	1679
f 2037 	1679 	1661
f 1805 	1824 	1807
f 1997 	1999 	1816
f 1681 	1662 	1682
f 1661 	1682 	1662
f 1987 	1820 	1145
f 1678 	1682 	1661
f 1684 	1666 	1685
f 1662 	1685 	1666
f 1807 	1824 	1827
f 1681 	1685 	1662
f 1820 	1989 	1757
f 1684 	1687 	1666
f 1837 	1825 	728
f 1686 	1668 	1687
f 1666 	1687 	1668
f 1195 	1196 	1343
f 1837 	728 	1838
f 1688 	2021 	1689
f 1668 	1686 	1689
f 1807 	1827 	1809
f 1346 	1828 	1348
f 1825 	1826 	728
f 1809 	1830 	1797
f 1831 	1592 	1385
f 1196 	1828 	1346
f 1809 	1827 	1830
f 1340 	1835 	1344
f 1340 	1832 	1835
f 1477 	1348 	1834
f 1723 	1833 	1839
f 1344 	1835 	1841
f 1838 	728 	1840
f 1834 	1842 	1477
f 1835 	1845 	1841
f 1344 	1841 	1347
f 1723 	1839 	1831
f 1831 	1839 	1843
f 1841 	1760 	1347
f 30 	28 	728
f 1827 	1846 	1830
f 1840 	728 	29
f 1831 	1843 	1592
f 1844 	1835 	1832
f 1785 	1836 	1830
f 1836 	1785 	1787
f 1845 	1835 	1844
f 1841 	1845 	1774
f 1778 	1836 	1787
f 2398 	1774 	1845
f 26 	35 	728
f 24 	26 	728
f 728 	25 	24
f 1841 	1774 	1760
f 35 	32 	728
f 1785 	1830 	1846
f 2093 	1843 	1839
f 28 	27 	728
f 2096 	1847 	1844
f 31 	30 	728
f 33 	728 	32
f 34 	728 	33
f 1844 	1847 	1850
f 728 	34 	31
f 1846 	1932 	1849
f 494 	687 	1851
f 60 	1748 	63
f 1845 	1844 	1850
f 1846 	1849 	1852
f 60 	59 	1746
f 495 	1853 	500
f 728 	1746 	57
f 59 	57 	1746
f 2398 	1845 	1850
f 63 	1743 	61
f 495 	1851 	1853
f 1852 	1785 	1846
f 1852 	1790 	1785
f 1856 	1850 	1847
f 1853 	1854 	500
f 728 	57 	58
f 25 	728 	58
f 1855 	1851 	687
f 1856 	2419 	1850
f 2419 	2420 	1850
f 687 	691 	1855
f 61 	1743 	62
f 1856 	588 	577
f 1856 	577 	2419
f 1855 	1858 	1851
f 1857 	1848 	2060
f 1848 	1857 	1860
f 1859 	1558 	1557
f 62 	1744 	64
f 64 	1741 	65
f 1859 	1338 	1558
f 65 	1732 	66
f 147 	1731 	150
f 228 	152 	1731
f 1851 	1858 	1853
f 1858 	1861 	1853
f 150 	1731 	152
f 1860 	1849 	1848
f 1849 	1862 	1852
f 1860 	1862 	1849
f 1853 	1861 	1854
f 144 	1731 	147
f 1852 	1745 	1790
f 1852 	1862 	1745
f 1855 	691 	742
f 1745 	1752 	1790
f 144 	145 	1731
f 163 	1734 	146
f 1858 	1855 	1864
f 66 	1732 	162
f 146 	1731 	145
f 1812 	1675 	1865
f 742 	1864 	1855
f 162 	1733 	163
f 1858 	1866 	1861
f 1812 	1865 	1813
f 1813 	1634 	1815
f 1867 	643 	98
f 98 	635 	95
f 1615 	1616 	1868
f 698 	95 	636
f 1864 	1866 	1858
f 1813 	1865 	1634
f 1634 	1637 	1815
f 1870 	2034 	1871
f 1869 	2034 	1870
f 1873 	1872 	2035
f 1872 	1871 	2035
f 2035 	1875 	1874
f 1874 	1873 	2035
f 1658 	1865 	1675
f 2034 	1879 	1877
f 1878 	1934 	1877
f 1658 	1659 	1865
f 1865 	1659 	1634
f 1880 	1879 	2034
f 1881 	1215 	1442
f 1864 	1975 	1866
f 1882 	2034 	1869
f 1880 	2034 	1882
f 1442 	1899 	1881
f 1215 	1881 	1216
f 1884 	94 	1885
f 1886 	1885 	1934
f 1889 	1886 	1934
f 1145 	1893 	1987
f 1890 	1934 	1892
f 2034 	1877 	1934
f 1888 	1216 	1881
f 502 	1854 	1895
f 1888 	1824 	1805
f 1898 	94 	1900
f 1897 	1896 	94
f 489 	1891 	490
f 1890 	1889 	1934
f 1900 	94 	1901
f 1962 	1961 	1875
f 1146 	1895 	1893
f 1960 	1959 	1875
f 1902 	1876 	2030
f 1903 	1902 	2030
f 1881 	1899 	1909
f 1929 	487 	1883
f 486 	1883 	487
f 1904 	1903 	2030
f 486 	488 	1887
f 486 	1887 	1883
f 1912 	1910 	1933
f 1907 	1933 	1910
f 1911 	1895 	1854
f 490 	1891 	491
f 1887 	491 	1891
f 1912 	1933 	1913
f 488 	491 	1887
f 1914 	1913 	1933
f 1854 	1861 	1911
f 1914 	1933 	1915
f 489 	493 	1891
f 1881 	1909 	1888
f 1911 	1908 	1895
f 1916 	1933 	1917
f 1888 	1909 	1919
f 493 	492 	1891
f 1920 	91 	1921
f 1895 	1908 	1893
f 1922 	91 	1923
f 1925 	1923 	91
f 1924 	1676 	1399
f 1926 	1925 	91
f 1929 	1677 	1924
f 1928 	1926 	91
f 1399 	483 	1924
f 1888 	1919 	1824
f 1924 	499 	1929
f 1924 	496 	499
f 1824 	1932 	1827
f 1930 	1928 	91
f 1922 	1921 	91
f 91 	1920 	1918
f 1917 	1933 	1918
f 1915 	1933 	1916
f 91 	1918 	1933
f 1901 	94 	1884
f 1898 	1897 	94
f 91 	94 	1896
f 91 	1896 	1894
f 91 	1894 	1931
f 1931 	1930 	91
f 1824 	1919 	1932
f 1934 	1885 	94
f 1883 	1808 	1929
f 1935 	2055 	1934
f 2055 	2034 	1934
f 2035 	1871 	2034
f 1892 	1934 	1878
f 496 	1924 	483
f 497 	1929 	498
f 1952 	1951 	97
f 1846 	1827 	1932
f 498 	1929 	499
f 1939 	1911 	1861
f 497 	501 	1929
f 1861 	1866 	1939
f 2035 	2054 	2056
f 487 	1929 	501
f 1911 	1927 	1908
f 1939 	1927 	1911
f 2338 	1947 	1462
f 1943 	1942 	2056
f 1946 	1945 	2056
f 1948 	1946 	97
f 2056 	97 	1946
f 1953 	1775 	1759
f 1951 	1949 	97
f 1949 	1948 	97
f 1955 	2035 	1954
f 1956 	1954 	2035
f 1950 	510 	1957
f 506 	510 	1950
f 1953 	1819 	1775
f 2379 	1927 	1939
f 503 	1944 	504
f 1944 	505 	504
f 503 	507 	1944
f 1964 	2035 	1965
f 1819 	1985 	1998
f 506 	1950 	507
f 1944 	507 	1950
f 2035 	1955 	1966
f 1966 	1965 	2035
f 508 	1957 	509
f 509 	1957 	510
f 1819 	1998 	1817
f 1864 	742 	1969
f 1968 	96 	1970
f 1967 	96 	1968
f 508 	512 	1957
f 511 	1957 	512
f 1970 	96 	1971
f 742 	760 	1969
f 1973 	1413 	1403
f 1971 	96 	1972
f 1974 	1972 	96
f 1969 	1975 	1864
f 1403 	1815 	1973
f 1413 	1978 	1414
f 1477 	1842 	1479
f 1969 	1080 	1975
f 1980 	1982 	1777
f 1978 	1979 	1414
f 2381 	1866 	1975
f 1953 	1985 	1819
f 1196 	1211 	1828
f 1982 	1985 	1953
f 1082 	1081 	1975
f 1975 	1081 	2381
f 1834 	1828 	1212
f 1079 	1082 	1975
f 1517 	1980 	1777
f 1211 	1212 	1828
f 2381 	1939 	1866
f 1834 	1981 	1842
f 1637 	1973 	1815
f 1980 	1517 	1605
f 2381 	2379 	1939
f 1969 	1078 	1077
f 1983 	1973 	1637
f 1212 	1981 	1834
f 1078 	1969 	768
f 760 	768 	1969
f 1077 	1080 	1969
f 1983 	1978 	1973
f 1079 	1975 	1080
f 1978 	1984 	1979
f 1380 	2381 	1081
f 1610 	1986 	1605
f 1983 	1984 	1978
f 1974 	96 	1976
f 1984 	2036 	1979
f 1986 	1980 	1605
f 1980 	1988 	1982
f 1766 	1816 	1990
f 1986 	1988 	1980
f 1816 	1999 	1990
f 1988 	1991 	1982
f 1992 	1983 	1637
f 1988 	2204 	1991
f 1637 	1660 	1992
f 1987 	1989 	1820
f 1990 	1769 	1766
f 1993 	1984 	1983
f 1989 	1994 	1757
f 1982 	1991 	1985
f 1990 	1995 	1769
f 1992 	1993 	1983
f 2000 	1989 	1987
f 1610 	2200 	1986
f 2201 	1988 	1986
f 1757 	1994 	1811
f 2200 	2201 	1986
f 2042 	1811 	1994
f 1996 	1987 	1893
f 1893 	1908 	1996
f 1996 	2000 	1987
f 2002 	1810 	1817
f 1817 	1998 	2002
f 1990 	2003 	1995
f 1863 	2001 	2004
f 1999 	2003 	1990
f 1989 	2005 	1994
f 2002 	1238 	1810
f 1863 	2004 	1555
f 2003 	2006 	1995
f 1557 	1555 	2007
f 1989 	2000 	2005
f 1555 	2004 	2007
f 1859 	1557 	2007
f 1985 	2008 	1998
f 1908 	1927 	2009
f 1483 	1479 	2044
f 1991 	2008 	1985
f 2008 	2010 	1998
f 2044 	2049 	1483
f 1908 	2009 	1996
f 1404 	2011 	1405
f 2009 	2012 	1996
f 1977 	1976 	96
f 2032 	2014 	96
f 2002 	1998 	2010
f 1239 	1238 	2002
f 1652 	1657 	1829
f 1977 	96 	2013
f 2013 	96 	2014
f 2014 	2032 	2016
f 2010 	1239 	2002
f 2015 	1554 	1829
f 2017 	2032 	2018
f 1656 	1668 	2021
f 2018 	2032 	2019
f 2019 	2032 	2020
f 1996 	2012 	2000
f 2022 	2020 	2032
f 2021 	1657 	1656
f 2023 	2022 	2032
f 2212 	2007 	2004
f 1657 	2021 	2015
f 2026 	2015 	2021
f 2032 	1933 	2024
f 1566 	1554 	2015
f 2027 	2025 	1933
f 1404 	1979 	2011
f 2015 	2026 	1566
f 1695 	2021 	1696
f 1696 	2021 	1688
f 1668 	1689 	2021
f 2029 	2028 	1933
f 2028 	2027 	1933
f 2025 	2024 	1933
f 2032 	2024 	2023
f 2017 	2016 	2032
f 2233 	1300 	2010
f 2021 	1695 	1699
f 2010 	1300 	1239
f 1697 	2026 	1698
f 1907 	1906 	1933
f 1961 	1960 	1875
f 2035 	1962 	1875
f 1964 	1963 	2035
f 1962 	2035 	1963
f 1876 	1875 	1959
f 1959 	1958 	1876
f 1958 	2030 	1876
f 1905 	1904 	2030
f 1906 	1905 	2030
f 1933 	1906 	2030
f 2030 	2029 	1933
f 1997 	1483 	2049
f 1698 	2026 	1699
f 2021 	1699 	2026
f 1576 	2026 	1697
f 2033 	1303 	2048
f 2036 	2011 	1979
f 2033 	2038 	1448
f 2012 	2009 	2130
f 1702 	2037 	1703
f 2011 	2039 	2031
f 1619 	1703 	2037
f 1999 	2073 	2003
f 2048 	2050 	2033
f 2380 	2130 	2009
f 1702 	1680 	2037
f 2003 	2074 	2006
f 2036 	2039 	2011
f 1448 	2038 	1449
f 2039 	2155 	2031
f 2003 	2073 	2074
f 2038 	2041 	1449
f 2130 	2132 	2012
f 2033 	2050 	2038
f 2050 	2107 	2038
f 2038 	2107 	2041
f 2043 	344 	337
f 1811 	2042 	1833
f 1449 	2041 	1534
f 2043 	337 	2040
f 1833 	2045 	1839
f 1984 	2046 	2036
f 2047 	344 	2043
f 1462 	1947 	1899
f 1993 	2046 	1984
f 1899 	2052 	1909
f 2046 	2051 	2036
f 1945 	1943 	2056
f 1940 	1941 	2056
f 1941 	1956 	2056
f 2035 	2056 	1956
f 1942 	1940 	2056
f 2057 	2056 	2054
f 1967 	1938 	96
f 2104 	1859 	2007
f 2053 	353 	350
f 1937 	1936 	97
f 1936 	1952 	97
f 97 	96 	1937
f 1938 	1937 	96
f 1705 	2055 	1935
f 1705 	1935 	224
f 1947 	2052 	1899
f 731 	1868 	2054
f 1981 	2059 	1842
f 350 	2047 	2053
f 1909 	2052 	2060
f 2054 	1868 	2057
f 1933 	92 	91
f 725 	92 	1933
f 2062 	353 	2053
f 2032 	96 	95
f 725 	2032 	95
f 1842 	2059 	2044
f 2032 	725 	1933
f 2044 	2063 	2049
f 2061 	1692 	2058
f 1909 	2060 	1919
f 1863 	1694 	2061
f 167 	1869 	1870
f 167 	1870 	169
f 1919 	1848 	1932
f 1871 	169 	1870
f 2059 	2063 	2044
f 2063 	2064 	2049
f 1848 	1919 	2060
f 1874 	174 	1873
f 2040 	2134 	2043
f 174 	1874 	1875
f 1932 	1848 	1849
f 2036 	2051 	2039
f 2040 	2131 	2134
f 1947 	2351 	2052
f 1879 	180 	1877
f 1880 	180 	1879
f 184 	197 	1884
f 1950 	1957 	2046
f 2059 	2726 	2063
f 1886 	1889 	187
f 187 	1889 	1890
f 781 	2065 	2068
f 2065 	2077 	2068
f 1999 	1997 	2069
f 2065 	2075 	2077
f 1901 	197 	1900
f 1901 	1884 	197
f 1706 	2070 	2058
f 1902 	199 	1876
f 781 	2068 	782
f 1903 	199 	1902
f 2067 	2070 	1706
f 2049 	2069 	1997
f 2058 	2070 	2071
f 782 	2068 	2072
f 2069 	2073 	1999
f 1905 	202 	1904
f 1906 	202 	1905
f 2069 	2076 	2073
f 2061 	2058 	2071
f 1912 	206 	1910
f 2061 	2001 	1863
f 205 	1910 	206
f 2061 	2071 	2001
f 1913 	206 	1912
f 68 	71 	2067
f 1915 	209 	1914
f 71 	2260 	2067
f 2064 	2069 	2049
f 209 	1915 	1916
f 2067 	2260 	2070
f 2071 	2070 	2264
f 1920 	213 	1918
f 2078 	2072 	2068
f 1921 	213 	1920
f 2069 	2064 	2076
f 2076 	2079 	2073
f 2051 	2046 	1957
f 2078 	2068 	2077
f 1925 	1926 	218
f 2072 	2078 	127
f 218 	1926 	1928
f 1660 	1891 	2080
f 2073 	2079 	2074
f 1891 	492 	2080
f 1894 	221 	1931
f 2080 	1992 	1660
f 2080 	1944 	1992
f 1871 	171 	169
f 1872 	172 	171
f 1872 	171 	1871
f 2080 	505 	1944
f 172 	1872 	173
f 1873 	173 	1872
f 174 	173 	1873
f 1992 	1944 	1993
f 2064 	2734 	2076
f 1875 	175 	174
f 2046 	1993 	1950
f 175 	1875 	1876
f 175 	1876 	177
f 2075 	2081 	2082
f 2079 	2076 	2736
f 1876 	199 	177
f 1944 	1950 	1993
f 2734 	2736 	2076
f 1878 	1877 	179
f 1878 	179 	178
f 179 	1877 	180
f 1880 	181 	180
f 181 	1880 	1882
f 181 	1882 	183
f 2075 	2082 	2077
f 183 	1882 	1869
f 1869 	167 	183
f 2077 	2082 	129
f 2214 	2051 	1957
f 1885 	185 	1884
f 184 	1884 	185
f 513 	2080 	492
f 1886 	186 	1885
f 185 	1885 	186
f 2080 	514 	505
f 513 	514 	2080
f 186 	1886 	187
f 187 	1890 	188
f 515 	1957 	511
f 188 	1890 	1892
f 188 	1892 	189
f 2077 	129 	2078
f 1878 	178 	1892
f 189 	1892 	178
f 1406 	2150 	1630
f 2078 	130 	127
f 1894 	191 	221
f 192 	191 	1896
f 1894 	1896 	191
f 2078 	129 	130
f 1897 	193 	1896
f 192 	1896 	193
f 1898 	194 	1897
f 193 	1897 	194
f 1900 	196 	1898
f 194 	1898 	196
f 196 	1900 	197
f 2086 	1315 	2232
f 573 	1600 	2087
f 2081 	2191 	2082
f 2087 	574 	573
f 1903 	200 	199
f 200 	1903 	201
f 1904 	201 	1903
f 202 	201 	1904
f 2087 	2387 	574
f 1906 	203 	202
f 134 	129 	2082
f 1907 	204 	203
f 1907 	203 	1906
f 2232 	1315 	2083
f 2089 	777 	1758
f 2088 	2087 	1600
f 204 	1907 	205
f 1910 	205 	1907
f 2083 	1318 	2084
f 1600 	1614 	2088
f 2088 	2090 	2087
f 1913 	207 	206
f 2089 	1758 	2213
f 1315 	1318 	2083
f 207 	1913 	208
f 1914 	208 	1913
f 2091 	777 	2089
f 1318 	1320 	2084
f 209 	208 	1914
f 209 	1916 	210
f 2089 	2145 	2091
f 2084 	1320 	2085
f 1917 	211 	210
f 1917 	210 	1916
f 211 	1917 	212
f 1918 	212 	1917
f 213 	212 	1918
f 1921 	214 	213
f 1833 	2042 	2045
f 1320 	2102 	2085
f 1922 	215 	214
f 1922 	214 	1921
f 1839 	2045 	2093
f 1614 	2094 	2088
f 2071 	2264 	2208
f 2071 	2208 	2001
f 2094 	1614 	1630
f 2096 	1832 	2106
f 2096 	1844 	1832
f 1994 	2098 	2042
f 2066 	2097 	2100
f 1631 	1315 	2086
f 2005 	2098 	1994
f 2098 	2101 	2042
f 1847 	2096 	2099
f 2097 	2109 	2100
f 1320 	1638 	2102
f 2066 	2100 	1419
f 2042 	2101 	2045
f 2099 	1856 	1847
f 2105 	2097 	2126
f 2106 	1338 	1859
f 1859 	2104 	2106
f 2126 	2103 	2105
f 1338 	2106 	1832
f 2012 	2108 	2000
f 2109 	2097 	2105
f 2050 	2129 	2107
f 2105 	242 	2109
f 2105 	239 	242
f 2142 	2041 	2149
f 2000 	2108 	2005
f 2109 	1440 	2100
f 1423 	2100 	1440
f 2108 	2112 	2005
f 2212 	2110 	2111
f 2103 	237 	236
f 235 	2103 	236
f 2104 	2111 	2113
f 2103 	235 	240
f 2048 	2128 	2050
f 239 	2105 	240
f 2103 	240 	2105
f 241 	2109 	242
f 2005 	2112 	2098
f 2050 	2128 	2129
f 2104 	2113 	2106
f 2098 	2114 	2101
f 2109 	357 	1440
f 2096 	2106 	2113
f 357 	2109 	243
f 241 	243 	2109
f 2112 	2114 	2098
f 2117 	2047 	2116
f 2053 	2047 	2117
f 2219 	2115 	2110
f 2110 	2115 	2120
f 2053 	2117 	2121
f 2121 	2062 	2053
f 2110 	2120 	2111
f 2121 	2066 	2062
f 2125 	2116 	2124
f 2111 	2123 	2113
f 2117 	2116 	2125
f 2136 	2112 	2108
f 2111 	2120 	2123
f 2117 	2126 	2121
f 2113 	2123 	2099
f 2117 	2125 	2126
f 2127 	1383 	1418
f 2121 	2097 	2066
f 2114 	2112 	2140
f 2136 	2140 	2112
f 2097 	2121 	2126
f 1383 	2127 	2048
f 2140 	2344 	2114
f 2113 	2099 	2096
f 2127 	2128 	2048
f 2380 	2009 	1927
f 2125 	2103 	2126
f 2095 	2090 	2088
f 215 	1922 	216
f 1923 	216 	1922
f 2128 	421 	2129
f 417 	421 	2128
f 217 	1923 	1925
f 216 	1923 	217
f 2094 	2095 	2088
f 2149 	2107 	2133
f 217 	1925 	218
f 2012 	2132 	2108
f 218 	1928 	219
f 2095 	2135 	2090
f 219 	1928 	1930
f 219 	1930 	220
f 412 	2127 	414
f 1931 	221 	1930
f 220 	1930 	221
f 2043 	2116 	2047
f 414 	2127 	415
f 1418 	415 	2127
f 2136 	2108 	2132
f 2115 	2188 	2192
f 2043 	2134 	2116
f 1418 	352 	415
f 412 	418 	2127
f 2090 	2135 	2092
f 2120 	2115 	2192
f 417 	2128 	418
f 2127 	418 	2128
f 2135 	2138 	2092
f 420 	2129 	421
f 2123 	2120 	2168
f 2131 	2137 	2139
f 1711 	2133 	1712
f 2129 	1712 	2133
f 1712 	2129 	423
f 420 	423 	2129
f 2131 	2139 	2134
f 222 	1934 	94
f 222 	94 	93
f 1711 	1713 	2133
f 1934 	222 	225
f 224 	1935 	225
f 1934 	225 	1935
f 2134 	2124 	2116
f 2134 	2139 	2124
f 1937 	634 	1936
f 2285 	2119 	2122
f 1084 	2130 	1086
f 1088 	1087 	2132
f 1630 	2153 	2094
f 1942 	640 	1940
f 1088 	2132 	1089
f 2130 	1089 	2132
f 1943 	640 	1942
f 2065 	779 	2091
f 2142 	1543 	1534
f 2177 	2095 	2094
f 1948 	644 	1946
f 2137 	2144 	2139
f 1949 	644 	1948
f 2142 	1534 	2041
f 2213 	2143 	2089
f 1951 	647 	1949
f 2142 	2146 	1543
f 647 	1951 	648
f 1952 	648 	1951
f 2137 	2331 	2144
f 1936 	634 	1952
f 2139 	2144 	2147
f 251 	2144 	252
f 1955 	1954 	650
f 2145 	2089 	2143
f 650 	1954 	1956
f 2144 	251 	257
f 2091 	2145 	2075
f 2184 	2138 	2135
f 2144 	257 	2147
f 2139 	2147 	2124
f 2124 	2148 	2125
f 1545 	2146 	2160
f 2184 	2186 	2138
f 1084 	1089 	2130
f 1961 	657 	1960
f 1087 	1092 	2132
f 2148 	2124 	2147
f 2107 	2149 	2041
f 657 	1961 	1962
f 1091 	2136 	1092
f 2132 	1092 	2136
f 2149 	2151 	2142
f 1963 	659 	1962
f 2103 	2125 	2148
f 1964 	694 	659
f 1964 	659 	1963
f 2136 	1243 	2140
f 1271 	2140 	1243
f 1091 	1243 	2136
f 2148 	322 	2103
f 2149 	2178 	2151
f 694 	1964 	1965
f 2148 	258 	322
f 2152 	1458 	1455
f 1966 	697 	1965
f 1406 	2031 	2150
f 2142 	2151 	2146
f 1455 	1467 	2152
f 1955 	697 	1966
f 2150 	2153 	1630
f 2129 	2133 	2107
f 1971 	701 	1970
f 2331 	253 	2144
f 2154 	1458 	2152
f 1972 	701 	1971
f 256 	2147 	257
f 2178 	2149 	2133
f 258 	2148 	259
f 2147 	259 	2148
f 1977 	705 	1976
f 2155 	2150 	2031
f 2147 	256 	259
f 705 	1977 	2013
f 2150 	2156 	2153
f 237 	2103 	322
f 2133 	1713 	1728
f 2155 	2156 	2150
f 1727 	2178 	1728
f 2018 	710 	2017
f 2156 	2159 	2153
f 2091 	2075 	2065
f 710 	2018 	712
f 2019 	712 	2018
f 2158 	1609 	1603
f 2020 	713 	712
f 2020 	712 	2019
f 2162 	2039 	2051
f 713 	2020 	2022
f 2051 	2214 	2162
f 2023 	716 	2022
f 2162 	2155 	2039
f 2024 	716 	2023
f 2158 	1603 	1683
f 2170 	2160 	2146
f 2025 	718 	2024
f 2170 	2163 	2160
f 2027 	718 	2025
f 2162 	2165 	2155
f 1606 	1547 	2163
f 2028 	720 	2027
f 720 	2028 	2029
f 2163 	2166 	1606
f 2155 	2165 	2156
f 1937 	635 	634
f 1609 	2164 	1635
f 2165 	2167 	2156
f 1635 	2164 	2169
f 2123 	2168 	2171
f 2146 	2151 	2170
f 2168 	599 	2171
f 2163 	2170 	2172
f 2123 	2171 	2099
f 2156 	2167 	2159
f 2163 	2173 	2166
f 1856 	2099 	2171
f 2172 	2173 	2163
f 2192 	595 	2168
f 594 	2168 	595
f 2143 	2161 	2175
f 2167 	2174 	2159
f 597 	2171 	598
f 598 	2171 	599
f 599 	2168 	594
f 2171 	597 	604
f 603 	1856 	604
f 2171 	604 	1856
f 635 	1937 	1938
f 635 	1938 	636
f 2145 	2143 	2175
f 1941 	1940 	639
f 1941 	639 	638
f 639 	1940 	640
f 2145 	2175 	2081
f 1943 	641 	640
f 641 	1943 	1945
f 641 	1945 	642
f 2175 	2189 	2081
f 1946 	643 	1945
f 642 	1945 	643
f 2342 	1283 	2157
f 643 	1946 	644
f 1281 	1283 	2342
f 2145 	2081 	2075
f 1949 	645 	644
f 2172 	2190 	2173
f 647 	645 	1949
f 1283 	1298 	2157
f 2190 	2193 	2173
f 648 	1952 	634
f 649 	1955 	650
f 2153 	2177 	2094
f 1956 	651 	650
f 2153 	2159 	2177
f 2175 	2161 	2185
f 651 	1956 	1941
f 651 	1941 	638
f 2178 	2180 	2151
f 653 	1958 	1959
f 653 	1959 	654
f 2095 	2181 	2135
f 2189 	2175 	2185
f 2178 	1734 	2180
f 654 	1959 	1960
f 654 	1960 	656
f 2183 	2161 	2254
f 656 	1960 	657
f 2151 	2180 	2170
f 657 	1962 	658
f 2177 	2181 	2095
f 2187 	2172 	2180
f 658 	1962 	659
f 2181 	2184 	2135
f 2133 	1728 	2178
f 1731 	2178 	1727
f 2194 	2181 	2177
f 694 	1965 	696
f 1732 	2180 	1733
f 696 	1965 	697
f 1733 	2180 	1734
f 2185 	2161 	2183
f 1731 	1734 	2178
f 1955 	649 	697
f 1732 	1736 	2180
f 2183 	918 	2185
f 1938 	1967 	636
f 698 	636 	1967
f 698 	1967 	699
f 1968 	699 	1967
f 1735 	2187 	1736
f 603 	588 	1856
f 1970 	699 	1968
f 2170 	2180 	2172
f 699 	1970 	700
f 701 	700 	1970
f 1972 	702 	701
f 1974 	703 	702
f 1974 	702 	1972
f 2187 	2190 	2172
f 703 	1974 	704
f 1976 	704 	1974
f 705 	704 	1976
f 2159 	2194 	2177
f 2188 	612 	2192
f 2013 	706 	705
f 2159 	2174 	2194
f 2190 	1748 	2193
f 2081 	2189 	2191
f 1743 	1748 	2190
f 706 	2013 	707
f 2014 	707 	2013
f 2016 	708 	707
f 2016 	707 	2014
f 2082 	2191 	134
f 2168 	2120 	2192
f 2017 	709 	2016
f 708 	2016 	709
f 2181 	2195 	2184
f 710 	709 	2017
f 1741 	2187 	1742
f 1735 	1742 	2187
f 2180 	1736 	2187
f 2157 	1298 	2196
f 2194 	2195 	2181
f 1741 	1744 	2187
f 134 	2191 	148
f 2195 	2197 	2184
f 2022 	714 	713
f 1743 	2190 	1744
f 2187 	1744 	2190
f 1746 	2193 	1747
f 716 	714 	2022
f 1747 	2193 	1748
f 915 	914 	2183
f 2024 	717 	716
f 916 	2185 	917
f 717 	2024 	718
f 1772 	2193 	1750
f 1746 	1750 	2193
f 2027 	719 	718
f 917 	2185 	918
f 2198 	2199 	2176
f 719 	2027 	720
f 918 	2183 	914
f 720 	2029 	721
f 2164 	2259 	2169
f 721 	2029 	2030
f 721 	2030 	722
f 722 	2030 	1958
f 722 	1958 	653
f 727 	2035 	2034
f 727 	2034 	728
f 2176 	2199 	2179
f 2169 	1467 	1635
f 2035 	727 	731
f 2035 	731 	2054
f 728 	2034 	1705
f 2034 	2055 	1705
f 98 	97 	2056
f 98 	2056 	1867
f 1868 	1867 	2056
f 1868 	2056 	2057
f 2179 	2202 	2182
f 2118 	2102 	1639
f 1467 	2203 	2152
f 1638 	1639 	2102
f 2201 	2204 	1988
f 2199 	2202 	2179
f 2169 	2203 	1467
f 2166 	2173 	2205
f 2184 	2197 	2186
f 2202 	1448 	2182
f 2152 	2203 	2206
f 2186 	9 	6
f 2185 	916 	921
f 2188 	609 	608
f 920 	2189 	921
f 2185 	921 	2189
f 2188 	610 	609
f 2191 	923 	922
f 612 	2188 	608
f 2154 	2152 	2206
f 1448 	2202 	2033
f 611 	2192 	612
f 2182 	1448 	1525
f 923 	2191 	924
f 2189 	924 	2191
f 2194 	2174 	2207
f 611 	595 	2192
f 2189 	920 	924
f 2174 	2224 	2207
f 2191 	922 	926
f 2194 	2207 	2195
f 2191 	926 	148
f 2239 	2197 	2195
f 1745 	2210 	1752
f 2196 	1299 	2198
f 2001 	2209 	2004
f 1298 	1299 	2196
f 1745 	2268 	2210
f 2001 	2208 	2209
f 2198 	1301 	2199
f 2256 	2257 	2158
f 2004 	2209 	2212
f 1299 	1301 	2198
f 2209 	2110 	2212
f 1301 	1303 	2199
f 2211 	1752 	2210
f 2164 	2257 	2259
f 1303 	2202 	2199
f 2007 	2212 	2104
f 2211 	2246 	2213
f 2211 	2242 	2246
f 1303 	2033 	2202
f 2216 	2165 	2162
f 2169 	2225 	2203
f 2214 	2216 	2162
f 2203 	2227 	2206
f 2165 	2216 	2217
f 2208 	2215 	2219
f 2118 	1710 	2119
f 1639 	1710 	2118
f 2205 	2200 	2166
f 1710 	1715 	2119
f 2205 	2221 	2200
f 2165 	2217 	2167
f 2208 	2219 	2209
f 2174 	2167 	2222
f 2322 	1683 	1843
f 2119 	1715 	2122
f 2217 	2222 	2167
f 2200 	2221 	2201
f 2201 	2223 	2204
f 2222 	2224 	2174
f 2221 	2223 	2201
f 2217 	524 	2222
f 2245 	2207 	2224
f 518 	2214 	515
f 1957 	515 	2214
f 520 	519 	2216
f 2221 	2265 	2223
f 2227 	2203 	2225
f 520 	2216 	521
f 2214 	521 	2216
f 2204 	2228 	1991
f 518 	521 	2214
f 2204 	2223 	2237
f 2324 	2329 	2218
f 519 	523 	2216
f 2204 	2237 	2228
f 2329 	2226 	2218
f 522 	2217 	523
f 2216 	523 	2217
f 1991 	2228 	2008
f 1818 	2222 	524
f 522 	524 	2217
f 1821 	2224 	1822
f 2228 	2233 	2008
f 1822 	2224 	1823
f 2222 	1823 	2224
f 2225 	2230 	2235
f 1818 	1823 	2222
f 2258 	2083 	2084
f 1821 	1826 	2224
f 2008 	2233 	2010
f 1825 	2224 	1826
f 2084 	2085 	2258
f 2225 	2235 	2227
f 2186 	2197 	9
f 2239 	2195 	2207
f 2210 	2220 	2242
f 2243 	2197 	2239
f 2245 	2239 	2207
f 2245 	2243 	2239
f 2230 	2244 	2235
f 2243 	9 	2197
f 2110 	2209 	2219
f 2210 	2242 	2211
f 2104 	2212 	2111
f 2230 	2241 	2244
f 2243 	2245 	2249
f 2243 	21 	12
f 2249 	21 	2243
f 2213 	2246 	2143
f 2224 	1825 	2245
f 1837 	2245 	1825
f 2215 	2270 	2248
f 1837 	1838 	2249
f 1837 	2249 	2245
f 2229 	2749 	2231
f 2215 	2248 	2250
f 21 	2249 	29
f 1840 	29 	2249
f 2143 	2246 	2161
f 1838 	1840 	2249
f 1768 	2396 	2251
f 2231 	2749 	2232
f 2251 	1714 	1768
f 2215 	2250 	2219
f 2220 	2253 	2242
f 2219 	2250 	2115
f 2085 	2102 	2238
f 2254 	2246 	2242
f 2240 	2238 	2118
f 2228 	2255 	2233
f 2242 	2253 	2254
f 2237 	2255 	2228
f 2102 	2118 	2238
f 2233 	1306 	1300
f 2118 	2119 	2240
f 2256 	2158 	1683
f 2255 	1306 	2233
f 2161 	2246 	2254
f 2158 	2257 	2164
f 2240 	2119 	2285
f 2305 	2250 	2248
f 245 	2258 	244
f 2250 	2188 	2115
f 246 	2258 	245
f 2237 	1353 	2255
f 2250 	2305 	2188
f 2253 	2318 	2254
f 247 	2258 	246
f 2255 	1355 	1306
f 2259 	2225 	2169
f 1355 	2255 	1353
f 248 	2258 	247
f 249 	2258 	248
f 2223 	2262 	2237
f 250 	2258 	249
f 2262 	2223 	2265
f 2263 	1862 	1860
f 2264 	2070 	2260
f 255 	2258 	250
f 2262 	1353 	2237
f 2256 	2261 	2266
f 2229 	2258 	255
f 1860 	2333 	2263
f 2261 	2282 	2266
f 2231 	2258 	2229
f 2263 	2268 	1862
f 2267 	2260 	71
f 2252 	1714 	2251
f 2232 	2258 	2231
f 2083 	2258 	2232
f 2256 	2266 	2257
f 71 	74 	2267
f 2273 	2252 	2251
f 2260 	2267 	2270
f 2257 	2266 	2271
f 1862 	2268 	1745
f 2267 	2276 	2270
f 2238 	2258 	2085
f 2260 	2270 	2264
f 2257 	2271 	2259
f 2264 	2215 	2208
f 2240 	2258 	2238
f 2396 	2272 	2251
f 2259 	2230 	2225
f 2264 	2270 	2215
f 2285 	2258 	2240
f 2173 	2193 	2205
f 2259 	2271 	2230
f 2251 	2272 	2273
f 2274 	2267 	74
f 2275 	2221 	2205
f 74 	76 	2274
f 2272 	2355 	2273
f 2275 	2205 	2193
f 2274 	2276 	2267
f 2275 	2265 	2221
f 2252 	2273 	2277
f 2270 	2276 	2248
f 2273 	2357 	2277
f 2275 	1773 	2265
f 2252 	2277 	2269
f 2278 	2263 	2333
f 2281 	2268 	2263
f 2269 	2277 	2280
f 2296 	2299 	2258
f 2266 	2283 	2271
f 2281 	2263 	2278
f 2266 	2282 	2283
f 290 	2236 	2284
f 2299 	2300 	2258
f 2220 	2268 	2281
f 2241 	2230 	2271
f 2271 	2283 	2241
f 2286 	2258 	2285
f 2276 	2294 	2303
f 2276 	2303 	2248
f 2286 	2288 	2258
f 2220 	2210 	2268
f 84 	137 	2289
f 2258 	2288 	2291
f 2247 	2290 	2279
f 2293 	2258 	2291
f 2364 	2292 	2278
f 2293 	2295 	2258
f 2274 	2294 	2276
f 2287 	2290 	2247
f 2295 	2296 	2258
f 2292 	2364 	2368
f 2290 	2297 	2279
f 2278 	2292 	2298
f 2274 	2289 	2294
f 1762 	2262 	1764
f 2265 	1764 	2262
f 2301 	2282 	2340
f 2265 	1765 	1764
f 2278 	2298 	2281
f 1360 	1353 	1767
f 2262 	1767 	1353
f 2281 	2302 	2220
f 2301 	2340 	2348
f 2122 	2286 	2285
f 2281 	2298 	2302
f 2282 	2301 	2304
f 2220 	2302 	2253
f 2122 	2141 	2286
f 2310 	2292 	2368
f 2286 	2141 	2288
f 2248 	2303 	2305
f 2292 	2310 	2298
f 290 	2234 	2236
f 2304 	2283 	2282
f 2236 	2306 	2284
f 2283 	2304 	2307
f 1762 	1767 	2262
f 2304 	1257 	2307
f 1771 	1770 	2275
f 2284 	2306 	2287
f 2291 	2319 	2293
f 2241 	2283 	2307
f 2306 	2308 	2287
f 2275 	1772 	1771
f 2193 	1772 	2275
f 2309 	2244 	2241
f 1770 	1773 	2275
f 1765 	2265 	1773
f 2311 	2298 	2310
f 2309 	2241 	2307
f 2298 	2312 	2302
f 2308 	2290 	2287
f 2290 	2218 	2297
f 2298 	2311 	2312
f 2296 	2325 	2299
f 2308 	2218 	2290
f 2302 	2312 	2314
f 2299 	2330 	2300
f 2325 	2330 	2299
f 2301 	1251 	1250
f 2218 	2226 	2297
f 2288 	2317 	2291
f 2312 	946 	2314
f 1252 	1251 	2301
f 2348 	1252 	2301
f 2301 	1250 	1254
f 2316 	858 	2315
f 2314 	2253 	2302
f 2141 	2317 	2288
f 1253 	2304 	1254
f 1254 	2304 	2301
f 2313 	2316 	2137
f 1255 	2307 	1256
f 2318 	2253 	2314
f 2291 	2317 	2319
f 1256 	2307 	1257
f 2314 	950 	2318
f 2306 	2321 	2308
f 1257 	2304 	1253
f 2307 	1255 	1262
f 2313 	2137 	2131
f 1261 	2309 	1262
f 2307 	1262 	2309
f 863 	1001 	2315
f 2293 	2320 	2295
f 978 	2309 	1264
f 2183 	2254 	2318
f 2319 	2320 	2293
f 1264 	2309 	1261
f 936 	2311 	937
f 2310 	937 	2311
f 940 	939 	2312
f 2322 	1843 	2093
f 2295 	2320 	2296
f 2323 	2296 	2320
f 2308 	2324 	2218
f 940 	2312 	941
f 2311 	941 	2312
f 2256 	1683 	2322
f 2323 	2325 	2296
f 2311 	936 	941
f 2327 	2093 	2045
f 946 	2312 	939
f 2321 	2324 	2308
f 2328 	2316 	2315
f 945 	2314 	946
f 948 	2318 	949
f 2315 	2326 	2328
f 2327 	2045 	2101
f 2316 	2328 	2331
f 949 	2318 	950
f 2093 	2327 	2332
f 950 	2314 	945
f 2318 	948 	952
f 2316 	2331 	2137
f 2183 	2318 	915
f 952 	915 	2318
f 425 	2326 	426
f 2322 	2093 	2332
f 2326 	427 	426
f 2326 	425 	430
f 2322 	2261 	2256
f 1857 	2333 	1860
f 429 	2328 	430
f 2326 	430 	2328
f 2322 	2332 	2261
f 431 	2331 	432
f 2122 	1718 	2141
f 432 	2331 	433
f 2328 	433 	2331
f 2101 	2114 	2335
f 1718 	2122 	1715
f 616 	2289 	617
f 2327 	2101 	2335
f 1460 	2154 	2338
f 617 	2289 	137
f 2289 	616 	620
f 2327 	2337 	2332
f 2328 	429 	433
f 2336 	2339 	2321
f 2335 	2337 	2327
f 253 	2331 	254
f 431 	254 	2331
f 2332 	2337 	2340
f 252 	2144 	253
f 2336 	1422 	2339
f 2321 	2339 	2324
f 2332 	2340 	2261
f 619 	2294 	620
f 2289 	620 	2294
f 2340 	2282 	2261
f 621 	2303 	622
f 2324 	2342 	2329
f 622 	2303 	623
f 2294 	623 	2303
f 2335 	2114 	2344
f 2528 	2534 	2320
f 2294 	619 	623
f 2339 	2342 	2324
f 2303 	621 	625
f 2335 	2347 	2337
f 2320 	2534 	2323
f 624 	2305 	625
f 2303 	625 	2305
f 2335 	2344 	2347
f 2342 	2157 	2329
f 2188 	2305 	610
f 627 	610 	2305
f 2273 	2355 	2357
f 2337 	2347 	2340
f 2305 	624 	627
f 2325 	2558 	2330
f 2140 	1274 	2344
f 630 	2343 	2345
f 1271 	1274 	2140
f 2338 	1462 	1460
f 2404 	2408 	2258
f 2334 	1420 	1421
f 2346 	2338 	2154
f 2408 	2410 	2258
f 2348 	2340 	2347
f 2334 	1421 	2336
f 2410 	2412 	2258
f 2378 	2341 	2349
f 2154 	2206 	2346
f 2412 	2414 	2258
f 2338 	2346 	2350
f 2341 	2430 	2349
f 2414 	2415 	2258
f 1421 	1422 	2336
f 2418 	2258 	2415
f 1272 	2344 	1273
f 2349 	324 	2378
f 2350 	1947 	2338
f 1281 	2339 	1422
f 2363 	2258 	2418
f 2349 	298 	324
f 2365 	2258 	2363
f 1947 	2350 	2351
f 1281 	2342 	2339
f 1399 	1676 	2280
f 2352 	2060 	2052
f 2052 	2351 	2352
f 2352 	1857 	2060
f 2372 	2258 	2370
f 2353 	2355 	2272
f 2374 	2258 	2372
f 2430 	2341 	2425
f 2422 	2346 	2206
f 271 	2258 	2374
f 2349 	337 	298
f 2234 	2354 	2356
f 2349 	2430 	337
f 2358 	428 	424
f 273 	275 	2258
f 2356 	2236 	2234
f 2277 	2359 	2280
f 275 	276 	2258
f 276 	278 	2258
f 2358 	424 	460
f 2350 	2426 	2351
f 2236 	2360 	2306
f 2277 	2357 	2359
f 278 	279 	2258
f 2358 	2361 	428
f 2280 	2359 	1399
f 2351 	2383 	2352
f 279 	244 	2258
f 569 	2359 	570
f 2359 	569 	572
f 572 	482 	2359
f 2361 	1265 	428
f 2362 	631 	2345
f 561 	2353 	562
f 2361 	311 	1265
f 563 	2355 	564
f 632 	2362 	2366
f 2367 	460 	456
f 564 	2355 	565
f 2353 	565 	2355
f 2364 	2278 	2333
f 2353 	561 	565
f 456 	789 	2367
f 2355 	563 	567
f 566 	2357 	567
f 2355 	567 	2357
f 2368 	2364 	2394
f 2358 	460 	2369
f 570 	2359 	571
f 2357 	571 	2359
f 2357 	566 	571
f 460 	2367 	2369
f 2358 	2369 	2375
f 1273 	2344 	1274
f 2369 	2385 	2375
f 272 	2258 	271
f 2373 	959 	2377
f 2369 	2382 	2385
f 2387 	2343 	574
f 2344 	1272 	1277
f 2373 	955 	959
f 272 	273 	2258
f 1276 	2347 	1277
f 2344 	1277 	2347
f 2391 	2345 	2343
f 2358 	2375 	2361
f 1276 	1278 	2348
f 1276 	2348 	2347
f 2361 	2375 	2378
f 2387 	2391 	2343
f 1252 	2348 	1279
f 2368 	2377 	2310
f 2348 	1278 	1279
f 2380 	1927 	2379
f 2393 	2362 	2345
f 2481 	956 	2373
f 957 	2377 	958
f 2361 	2378 	311
f 958 	2377 	959
f 2379 	1373 	2380
f 2377 	957 	963
f 2356 	2360 	2236
f 962 	2310 	963
f 2377 	963 	2310
f 2407 	2417 	2366
f 962 	937 	2310
f 2360 	2321 	2306
f 2366 	2417 	2371
f 2360 	2336 	2321
f 2369 	2367 	2382
f 1371 	2380 	1372
f 2384 	1857 	2352
f 1372 	2380 	1373
f 354 	2386 	2354
f 2379 	1375 	1373
f 2352 	2383 	2384
f 1371 	1377 	2380
f 2378 	2375 	2341
f 2333 	1857 	2384
f 2388 	2356 	2354
f 2130 	2380 	1086
f 1377 	1086 	2380
f 2087 	2090 	2387
f 1379 	2381 	1380
f 2385 	2341 	2375
f 1379 	1382 	2381
f 2388 	2354 	2386
f 2334 	2356 	2388
f 1375 	2379 	1382
f 2381 	1382 	2379
f 2385 	2382 	2423
f 2383 	2390 	2394
f 2334 	2360 	2356
f 2336 	2360 	2334
f 2390 	2416 	2394
f 1768 	1761 	2396
f 2385 	2423 	2425
f 2062 	2066 	2386
f 2383 	2394 	2384
f 1761 	2376 	2396
f 2385 	2425 	2341
f 2374 	2372 	286
f 2386 	2066 	1419
f 2364 	2333 	2384
f 2374 	288 	271
f 2386 	1419 	2388
f 2388 	1420 	2334
f 2384 	2394 	2364
f 2374 	286 	288
f 2397 	789 	786
f 2388 	1419 	1420
f 2401 	2258 	2300
f 2397 	786 	799
f 1774 	2398 	2399
f 2376 	2405 	2396
f 2391 	2393 	2345
f 2401 	2404 	2258
f 2376 	2399 	2405
f 2393 	2407 	2362
f 2393 	2391 	2443
f 2389 	2400 	2409
f 2443 	2457 	2393
f 2393 	2457 	2407
f 2366 	2362 	2407
f 2411 	893 	870
f 2389 	2409 	2390
f 2396 	2405 	2272
f 1850 	2420 	2398
f 2416 	2390 	2409
f 2300 	2330 	2508
f 2398 	2448 	2399
f 2368 	2394 	2416
f 2300 	2508 	2401
f 2509 	2404 	2401
f 2353 	2272 	2405
f 2453 	2371 	2417
f 380 	2562 	872
f 789 	2397 	2403
f 2404 	2510 	2408
f 872 	2562 	2592
f 2367 	789 	2403
f 2402 	2594 	2406
f 2403 	2382 	2367
f 2409 	2400 	2481
f 2481 	2373 	2409
f 2421 	1201 	2392
f 2412 	2491 	2414
f 2392 	1201 	1195
f 2206 	2227 	2422
f 2415 	2494 	2418
f 2424 	2350 	2346
f 2600 	1476 	895
f 2413 	2395 	1023
f 1021 	1023 	2395
f 2346 	2422 	2424
f 1476 	1478 	897
f 2423 	2435 	2425
f 2426 	2350 	2424
f 2413 	1025 	2421
f 2365 	2427 	2258
f 1023 	1025 	2413
f 2427 	2428 	2258
f 2428 	2431 	2258
f 2431 	2370 	2258
f 2383 	2351 	2426
f 2434 	2422 	2227
f 2497 	2365 	2363
f 2227 	2235 	2434
f 2477 	2435 	2423
f 2422 	2434 	2438
f 2425 	2435 	2439
f 2433 	2449 	2437
f 2365 	951 	2427
f 2422 	2438 	2424
f 2432 	2440 	2442
f 2424 	2389 	2426
f 2427 	953 	2428
f 2438 	2389 	2424
f 2387 	2092 	2391
f 2429 	2297 	2226
f 951 	953 	2427
f 2426 	2390 	2383
f 2432 	2442 	2436
f 2090 	2092 	2387
f 2428 	953 	954
f 2426 	2389 	2390
f 2445 	2429 	2226
f 2431 	2428 	954
f 2235 	2244 	2446
f 2447 	2370 	2431
f 2445 	2433 	2429
f 2431 	954 	2447
f 2443 	2391 	2092
f 2448 	2398 	2420
f 2445 	2449 	2433
f 2419 	580 	2420
f 2370 	284 	2372
f 2235 	2446 	2434
f 2420 	582 	2448
f 2434 	2446 	2450
f 284 	2370 	2447
f 2437 	2451 	2441
f 284 	286 	2372
f 2446 	2488 	2450
f 2399 	2448 	2452
f 2449 	2451 	2437
f 2448 	585 	2452
f 2434 	2450 	2438
f 2448 	581 	585
f 2399 	2452 	2405
f 2425 	2439 	2430
f 2430 	2439 	2040
f 2353 	2405 	2452
f 2419 	577 	576
f 579 	578 	2420
f 579 	2420 	580
f 2443 	2092 	2138
f 2419 	576 	580
f 292 	284 	2447
f 582 	2420 	578
f 581 	2448 	582
f 583 	2452 	584
f 584 	2452 	585
f 2438 	2450 	2400
f 2452 	583 	586
f 2449 	2176 	2451
f 2353 	2452 	562
f 586 	562 	2452
f 2430 	2040 	337
f 2477 	858 	2435
f 2439 	2435 	2313
f 2456 	2578 	2441
f 2435 	858 	2313
f 2460 	2407 	2457
f 2131 	2040 	2439
f 2439 	2313 	2131
f 2454 	1721 	1725
f 799 	829 	2461
f 2407 	2460 	2417
f 2454 	1725 	2455
f 2455 	1725 	1729
f 2461 	2397 	799
f 2453 	2417 	2462
f 2455 	1729 	2458
f 2471 	2459 	2456
f 2464 	2403 	2397
f 2460 	2462 	2417
f 2471 	2473 	2459
f 1669 	2458 	1729
f 2459 	2473 	2463
f 2462 	2571 	2453
f 2465 	663 	662
f 2397 	2461 	2464
f 2403 	2464 	2466
f 2465 	542 	663
f 2464 	2475 	2466
f 2403 	2466 	2382
f 2451 	2467 	2441
f 2423 	2382 	2466
f 2457 	2443 	2468
f 829 	2469 	2461
f 2443 	2138 	2468
f 2441 	2467 	2456
f 2465 	2478 	542
f 2457 	2470 	2460
f 542 	2480 	543
f 2461 	2469 	2472
f 2468 	2470 	2457
f 2467 	2471 	2456
f 2438 	2400 	2389
f 2472 	2464 	2461
f 2474 	2476 	2521
f 2475 	2464 	2472
f 2466 	2475 	2477
f 2479 	2400 	2450
f 2423 	2466 	2477
f 2476 	2478 	2465
f 2480 	542 	2478
f 2481 	2400 	2479
f 556 	543 	2480
f 2469 	847 	2472
f 2474 	2533 	2482
f 2469 	1005 	847
f 2472 	847 	852
f 2472 	852 	2475
f 2416 	2409 	2373
f 2482 	2483 	2474
f 2373 	2377 	2416
f 2475 	856 	2477
f 2377 	2368 	2416
f 2482 	2458 	2483
f 2475 	852 	856
f 971 	970 	2479
f 2474 	2483 	2476
f 2477 	856 	858
f 972 	971 	2479
f 2476 	2484 	2478
f 2479 	970 	975
f 2483 	2484 	2476
f 2485 	829 	825
f 974 	2481 	975
f 2479 	975 	2481
f 825 	842 	2485
f 955 	2373 	956
f 974 	956 	2481
f 2478 	2486 	2480
f 2485 	2469 	829
f 2244 	2309 	2487
f 2484 	2486 	2478
f 2487 	2446 	2244
f 2485 	1004 	1005
f 2486 	1400 	2480
f 2469 	2485 	1005
f 2446 	2487 	2488
f 1017 	1174 	403
f 2479 	2450 	2488
f 976 	2487 	977
f 2480 	1400 	556
f 977 	2487 	978
f 2309 	978 	2487
f 556 	1400 	1409
f 2487 	976 	980
f 979 	2488 	980
f 2487 	980 	2488
f 2504 	2455 	2482
f 2479 	2488 	972
f 981 	972 	2488
f 2488 	979 	981
f 1075 	2489 	405
f 2455 	2458 	2482
f 2490 	2547 	828
f 2414 	2492 	2415
f 530 	2490 	828
f 1401 	2486 	2484
f 2486 	1402 	1400
f 2414 	2491 	2492
f 1401 	1402 	2486
f 2492 	2494 	2415
f 2458 	2496 	2483
f 2458 	1669 	2496
f 2483 	2496 	2484
f 2493 	2495 	2550
f 2484 	2496 	1401
f 2497 	2363 	2418
f 2418 	2494 	2497
f 1669 	1812 	2496
f 2495 	537 	2498
f 2497 	2499 	2365
f 2496 	1812 	1401
f 2499 	951 	2365
f 2491 	1093 	2492
f 746 	2489 	403
f 2470 	2503 	2460
f 1096 	2494 	2492
f 2531 	2502 	2504
f 2507 	2502 	2500
f 2494 	1096 	982
f 2494 	982 	2497
f 2503 	2462 	2460
f 2503 	2505 	2462
f 1204 	1210 	2506
f 2497 	982 	983
f 2497 	983 	2499
f 1204 	2506 	2500
f 2499 	1000 	951
f 2507 	2500 	2506
f 2138 	2186 	2468
f 2507 	2454 	2502
f 2186 	6 	2468
f 2507 	1721 	2454
f 2468 	6 	2470
f 2454 	2504 	2502
f 2508 	2509 	2401
f 2503 	2470 	7
f 2454 	2455 	2504
f 2470 	6 	7
f 2509 	2510 	2404
f 1714 	2506 	1210
f 2510 	2511 	2408
f 2506 	1714 	1717
f 2506 	1717 	2507
f 2408 	2511 	2410
f 2410 	2512 	2412
f 1717 	1721 	2507
f 2511 	2512 	2410
f 2513 	830 	632
f 2512 	2491 	2412
f 2513 	2515 	831
f 832 	2517 	1178
f 2575 	2509 	2508
f 2518 	780 	778
f 832 	2515 	2517
f 2518 	778 	2516
f 780 	2518 	2520
f 2513 	632 	2366
f 2520 	660 	780
f 2371 	2515 	2513
f 2511 	2583 	2512
f 2521 	660 	2520
f 2366 	2371 	2513
f 2515 	2371 	2522
f 2522 	2371 	2453
f 1313 	2526 	2514
f 2515 	2522 	2517
f 2522 	2523 	2517
f 2491 	1085 	1093
f 2489 	749 	405
f 2489 	746 	749
f 2517 	2523 	2519
f 405 	1163 	1075
f 2463 	1464 	1459
f 1464 	2463 	2473
f 1171 	1170 	1094
f 2524 	2141 	1718
f 1718 	1769 	2524
f 2520 	2474 	2521
f 2317 	2141 	2524
f 1170 	1090 	1094
f 2521 	2476 	2465
f 2179 	2182 	2467
f 2526 	1313 	1321
f 741 	1171 	1094
f 2525 	2319 	2317
f 1321 	1204 	2526
f 2182 	2471 	2467
f 2317 	2524 	2525
f 1172 	1171 	741
f 2514 	2527 	2516
f 2473 	2471 	1525
f 1172 	741 	744
f 2525 	2528 	2319
f 2514 	2526 	2527
f 1175 	2529 	2530
f 1172 	744 	1174
f 2516 	2527 	2531
f 2525 	2601 	2528
f 1525 	1526 	2473
f 2527 	2500 	2502
f 2319 	2528 	2320
f 2527 	2502 	2531
f 2531 	2518 	2516
f 2518 	2533 	2520
f 403 	1174 	745
f 2442 	2444 	2436
f 745 	1174 	744
f 1183 	2535 	1184
f 2530 	2535 	1183
f 2323 	2538 	2325
f 2440 	2537 	2442
f 532 	2493 	2490
f 2519 	1179 	2517
f 1178 	2517 	1179
f 530 	532 	2490
f 2440 	2536 	2537
f 2519 	2540 	1179
f 2442 	2537 	2541
f 533 	2495 	2493
f 2442 	2541 	2444
f 533 	537 	2495
f 537 	548 	2498
f 2444 	2544 	2674
f 2444 	2541 	2544
f 2529 	2545 	2530
f 2498 	548 	2501
f 548 	105 	2501
f 2546 	2545 	2529
f 105 	2582 	2501
f 846 	2547 	120
f 2547 	2548 	120
f 2536 	1106 	2537
f 2547 	2490 	2548
f 2297 	2532 	2279
f 1066 	2541 	2537
f 2297 	2429 	2532
f 2549 	2540 	2519
f 2533 	2518 	2531
f 2539 	2433 	2542
f 2520 	2533 	2474
f 2519 	2523 	2549
f 2549 	2546 	2540
f 2429 	2433 	2539
f 2550 	121 	2548
f 2433 	2437 	2542
f 2437 	2543 	2542
f 2540 	2546 	2529
f 2527 	2526 	2500
f 2543 	2441 	2578
f 2546 	2554 	2555
f 2543 	2437 	2441
f 2549 	2554 	2546
f 1204 	2500 	2526
f 123 	2560 	124
f 2546 	2555 	2545
f 2551 	2560 	123
f 2552 	370 	1275
f 846 	828 	2547
f 372 	2552 	2553
f 2504 	2533 	2531
f 2504 	2482 	2533
f 2553 	375 	372
f 2490 	2493 	2548
f 2556 	378 	375
f 2550 	2548 	2493
f 2537 	1106 	1066
f 2541 	1066 	1069
f 2553 	2556 	375
f 2550 	2495 	2551
f 2563 	2567 	2554
f 2534 	2538 	2323
f 2541 	1069 	2544
f 2556 	2557 	378
f 2538 	2558 	2325
f 2495 	2498 	2551
f 2542 	2557 	2556
f 2522 	2559 	2523
f 2557 	380 	378
f 2557 	2562 	380
f 2559 	2522 	2453
f 125 	124 	2561
f 2560 	2561 	124
f 2559 	2563 	2523
f 1769 	2565 	2524
f 2559 	2573 	2563
f 2525 	2524 	2565
f 2523 	2563 	2549
f 2565 	2601 	2525
f 2563 	2554 	2549
f 2279 	2552 	1275
f 2566 	2568 	227
f 1631 	2086 	2665
f 2247 	2279 	1275
f 2279 	2532 	2552
f 2608 	2538 	2534
f 2553 	2552 	2532
f 2554 	2656 	2555
f 2532 	2539 	2553
f 2555 	2658 	2652
f 2553 	2539 	2556
f 2560 	2551 	2498
f 2561 	2560 	2501
f 2498 	2501 	2560
f 2539 	2542 	2556
f 2453 	2571 	2559
f 2678 	2570 	2569
f 2330 	2572 	2508
f 2557 	2543 	2562
f 2564 	2561 	2582
f 2571 	2573 	2559
f 2542 	2543 	2557
f 2561 	2501 	2582
f 2558 	2572 	2330
f 2543 	2578 	2562
f 2573 	2567 	2563
f 2572 	2575 	2508
f 86 	2566 	2564
f 2568 	2566 	85
f 2567 	2586 	5
f 2462 	2505 	2571
f 2429 	2539 	2532
f 2509 	2577 	2510
f 85 	2566 	86
f 2575 	2577 	2509
f 85 	89 	2568
f 2580 	2511 	2510
f 2589 	2590 	2576
f 2576 	2590 	2579
f 2577 	2580 	2510
f 2586 	2567 	2573
f 2580 	2583 	2511
f 2564 	2582 	86
f 2582 	106 	86
f 2571 	2587 	2573
f 2505 	2587 	2571
f 2512 	1085 	2491
f 2587 	2586 	2573
f 2589 	2574 	2570
f 2583 	1085 	2512
f 2588 	1486 	2598
f 2574 	2589 	2576
f 40 	2586 	14
f 2586 	40 	5
f 2636 	2572 	2558
f 2572 	2640 	2575
f 2456 	2581 	2578
f 2456 	2459 	2581
f 8 	2505 	2503
f 2579 	2591 	2585
f 2581 	2459 	2584
f 2459 	2463 	2584
f 2503 	7 	8
f 2590 	2591 	2579
f 2588 	2584 	2463
f 2505 	8 	15
f 2591 	1343 	2585
f 2463 	1459 	2588
f 2593 	2577 	2644
f 2587 	2505 	15
f 1343 	2591 	1195
f 2587 	14 	2586
f 15 	14 	2587
f 2577 	2593 	2580
f 2592 	2594 	2402
f 2592 	2581 	2594
f 2580 	1100 	2583
f 2596 	2411 	2406
f 1100 	2580 	2593
f 2583 	1102 	1085
f 2594 	2596 	2406
f 2589 	2683 	2590
f 2596 	2598 	2411
f 1100 	1102 	2583
f 2644 	1497 	2593
f 2593 	1499 	1100
f 1193 	2599 	1498
f 2598 	2600 	893
f 2597 	2599 	1193
f 1499 	2593 	1497
f 895 	1476 	897
f 2599 	1509 	1498
f 2530 	2545 	2602
f 2392 	1195 	2591
f 2562 	2578 	2592
f 2603 	406 	379
f 2528 	2604 	2534
f 2602 	2535 	2530
f 2578 	2581 	2592
f 379 	388 	2603
f 2581 	2584 	2594
f 2595 	2535 	2605
f 2594 	2584 	2596
f 2602 	2605 	2535
f 2596 	2588 	2598
f 2528 	2601 	2604
f 2584 	2588 	2596
f 2603 	2606 	406
f 2595 	2607 	2597
f 2604 	2608 	2534
f 2600 	2598 	1486
f 1486 	1489 	2600
f 402 	2609 	387
f 402 	2436 	2609
f 2610 	2445 	2226
f 2226 	2329 	2610
f 2605 	2607 	2595
f 2538 	2612 	2558
f 2445 	2611 	2449
f 2607 	2625 	2597
f 2613 	2603 	388
f 2610 	2611 	2445
f 2608 	2612 	2538
f 2611 	2176 	2449
f 388 	2609 	2613
f 2607 	2649 	2625
f 2565 	1769 	1995
f 2603 	2614 	2606
f 2597 	2625 	2599
f 2565 	2615 	2601
f 2451 	2179 	2467
f 2176 	2179 	2451
f 2613 	2614 	2603
f 2614 	2616 	2606
f 2599 	2626 	1509
f 1995 	2615 	2565
f 2182 	1525 	2471
f 2615 	2617 	2601
f 2610 	2329 	2157
f 2157 	2196 	2610
f 2196 	2611 	2610
f 2006 	2621 	2615
f 2611 	2198 	2176
f 2615 	2621 	2617
f 2196 	2198 	2611
f 2601 	2617 	2604
f 2652 	2602 	2545
f 2604 	2618 	2608
f 306 	984 	304
f 2617 	2618 	2604
f 984 	306 	985
f 2608 	2619 	2612
f 308 	985 	306
f 2618 	2619 	2608
f 986 	308 	310
f 986 	310 	398
f 2436 	2620 	2609
f 1995 	2006 	2615
f 2609 	2620 	2613
f 400 	2637 	401
f 2620 	2622 	2613
f 2617 	2623 	2618
f 2622 	2614 	2613
f 2621 	2623 	2617
f 2629 	2624 	296
f 2629 	2631 	2624
f 2623 	2628 	2618
f 2624 	2631 	2627
f 2614 	2569 	2616
f 2599 	2625 	2626
f 2622 	2569 	2614
f 1509 	2626 	2630
f 2629 	296 	301
f 2618 	2628 	2619
f 2569 	2570 	2616
f 2629 	354 	2631
f 2626 	2677 	2630
f 2234 	290 	2627
f 1527 	1509 	2630
f 2631 	2234 	2627
f 2632 	1529 	1527
f 301 	350 	353
f 353 	2629 	301
f 1527 	2630 	2632
f 353 	354 	2629
f 2621 	2669 	2623
f 2631 	354 	2354
f 2631 	2354 	2234
f 2607 	2605 	2647
f 2633 	399 	398
f 398 	310 	2633
f 2633 	2635 	399
f 2647 	2649 	2607
f 2612 	2636 	2558
f 2637 	400 	2635
f 401 	2639 	368
f 2639 	401 	2637
f 310 	319 	2641
f 2634 	2574 	2638
f 2636 	2640 	2572
f 310 	2641 	2633
f 2640 	2644 	2575
f 2633 	2643 	2635
f 2633 	2641 	2643
f 2635 	2643 	2646
f 2575 	2644 	2577
f 2647 	2605 	2653
f 2635 	2646 	2637
f 2646 	2648 	2637
f 1601 	2665 	2645
f 2619 	2650 	2612
f 2637 	2648 	2639
f 1601 	2645 	2585
f 2247 	1275 	2639
f 2648 	2247 	2639
f 2665 	1601 	1631
f 319 	296 	2624
f 2612 	2650 	2636
f 319 	2624 	2641
f 2650 	2651 	2636
f 2641 	2624 	2627
f 2641 	2627 	2643
f 2574 	2634 	2616
f 290 	2646 	2643
f 2627 	290 	2643
f 2642 	2638 	2576
f 290 	2284 	2646
f 2646 	2284 	2648
f 2574 	2576 	2638
f 2648 	2287 	2247
f 2555 	2652 	2545
f 2640 	2636 	2651
f 2284 	2287 	2648
f 2576 	2579 	2642
f 2652 	2653 	2602
f 2642 	2579 	2645
f 2640 	2654 	2644
f 2579 	2585 	2645
f 2651 	2654 	2640
f 2602 	2653 	2605
f 1497 	2644 	2654
f 2656 	2554 	2567
f 2655 	2657 	2746
f 2656 	2658 	2555
f 2650 	2619 	2659
f 2652 	2661 	2653
f 2628 	2659 	2619
f 2659 	2662 	2650
f 2658 	2661 	2652
f 2661 	2664 	2653
f 2660 	2642 	2663
f 2650 	2662 	2651
f 2651 	1503 	2654
f 2647 	2653 	2664
f 2662 	1503 	2651
f 2664 	3 	2647
f 2654 	1503 	1504
f 2656 	2567 	5
f 2628 	2679 	2659
f 5 	2666 	2656
f 2656 	2666 	2658
f 2606 	2655 	406
f 2658 	2667 	2661
f 2682 	1515 	2662
f 2666 	2667 	2658
f 2662 	1515 	1503
f 2606 	2634 	2655
f 2606 	2616 	2634
f 2006 	2668 	2621
f 2657 	2655 	2634
f 2664 	2 	3
f 2634 	2638 	2657
f 2074 	2668 	2006
f 2660 	2657 	2638
f 2668 	2669 	2621
f 41 	42 	2666
f 2667 	2666 	42
f 2638 	2642 	2660
f 42 	36 	2667
f 2623 	2670 	2628
f 2663 	2645 	2665
f 2669 	2670 	2623
f 1529 	2632 	1640
f 2642 	2645 	2663
f 2079 	2671 	2074
f 2626 	2625 	2675
f 2671 	2668 	2074
f 2626 	2675 	2677
f 2668 	2672 	2669
f 2616 	2570 	2574
f 2677 	2680 	2630
f 2671 	2672 	2668
f 2630 	2680 	2632
f 2672 	2673 	2669
f 2669 	2673 	2670
f 2622 	2676 	2569
f 2671 	2754 	2672
f 2625 	2649 	2675
f 2674 	2676 	2622
f 2676 	2678 	2569
f 2670 	2679 	2628
f 2681 	2589 	2570
f 2688 	2677 	2675
f 2678 	2681 	2570
f 2682 	2662 	2659
f 2677 	2690 	2680
f 2659 	2679 	2682
f 2632 	2684 	1640
f 2632 	2680 	2684
f 2681 	2683 	2589
f 2683 	2392 	2590
f 2685 	2675 	2649
f 2670 	2686 	2679
f 2683 	2421 	2392
f 2685 	2649 	3
f 2673 	2686 	2670
f 2591 	2590 	2392
f 2686 	2687 	2679
f 2685 	2688 	2675
f 2682 	2679 	2687
f 2682 	1523 	1515
f 2544 	2689 	2674
f 2690 	2677 	2688
f 2687 	1523 	2682
f 2689 	2676 	2674
f 2691 	2678 	2676
f 2692 	2684 	2680
f 2673 	2751 	2686
f 2692 	2680 	2690
f 2689 	2691 	2676
f 2684 	2692 	1706
f 2691 	2395 	2678
f 2691 	1021 	2395
f 2693 	1201 	2421
f 2067 	1706 	2692
f 2684 	1706 	1690
f 2681 	2678 	2395
f 2685 	3 	4
f 2693 	2421 	1025
f 2395 	2413 	2681
f 2696 	2688 	2685
f 2413 	2683 	2681
f 2693 	2702 	2694
f 2413 	2421 	2683
f 2544 	1137 	2689
f 2694 	2695 	1202
f 2544 	1069 	1137
f 2690 	68 	2692
f 1137 	1019 	2689
f 2702 	2704 	2694
f 2692 	68 	2067
f 2689 	1019 	2691
f 1202 	2695 	1211
f 2695 	2697 	1211
f 2696 	2685 	4
f 2695 	2694 	2704
f 1019 	1021 	2691
f 2688 	67 	2690
f 2704 	2707 	2695
f 2436 	2444 	2620
f 2688 	2696 	67
f 67 	68 	2690
f 1211 	2697 	1212
f 2444 	2674 	2620
f 2622 	2620 	2674
f 2695 	2707 	2697
f 2699 	381 	2698
f 2698 	2703 	2699
f 2649 	2647 	3
f 2698 	2705 	2703
f 2699 	382 	381
f 2661 	1 	2664
f 382 	2699 	2701
f 2700 	2693 	1025
f 2667 	1 	2661
f 1025 	1033 	2700
f 1 	2 	2664
f 2700 	2702 	2693
f 37 	2 	1
f 385 	2701 	402
f 2700 	2711 	2702
f 2703 	2706 	2699
f 2699 	2706 	2701
f 2432 	402 	2701
f 2706 	2432 	2701
f 2432 	2436 	402
f 2705 	2720 	2703
f 2700 	2710 	2711
f 2706 	2722 	2440
f 2711 	2712 	2702
f 2704 	2702 	2712
f 2706 	2440 	2432
f 734 	738 	2708
f 2704 	2713 	2707
f 2712 	2713 	2704
f 2710 	1033 	1052
f 1052 	1425 	2710
f 1033 	2710 	2700
f 2698 	736 	2709
f 232 	2714 	738
f 2718 	2707 	2713
f 2708 	738 	2714
f 1424 	2710 	1425
f 2708 	2715 	2709
f 1428 	2711 	1429
f 1429 	2711 	2710
f 1424 	1429 	2710
f 2714 	2715 	2708
f 1430 	2712 	1431
f 2709 	2715 	2705
f 1431 	2712 	1432
f 2711 	1432 	2712
f 1428 	1432 	2711
f 1430 	1436 	2712
f 1435 	2713 	1436
f 2712 	1436 	2713
f 2709 	2705 	2698
f 1435 	1437 	2713
f 2697 	2716 	1212
f 1212 	2716 	1981
f 2707 	2717 	2697
f 2733 	2715 	2714
f 2716 	2697 	2717
f 2715 	2719 	2705
f 2720 	2705 	2719
f 2707 	2718 	2717
f 2729 	2717 	2721
f 2703 	2722 	2706
f 1443 	2718 	1444
f 2713 	1444 	2718
f 1437 	1444 	2713
f 2720 	2722 	2703
f 1445 	2721 	1446
f 2718 	1446 	2721
f 1443 	1446 	2718
f 1445 	1447 	2721
f 2723 	2059 	1981
f 2719 	2724 	2720
f 1981 	2716 	2723
f 2725 	2724 	2719
f 2723 	2726 	2059
f 2720 	2724 	2727
f 2720 	2727 	2722
f 2063 	2728 	2064
f 2536 	2440 	2722
f 2726 	2728 	2063
f 2536 	2722 	2727
f 2734 	2064 	2728
f 2725 	1140 	1141
f 2716 	2729 	2723
f 2717 	2729 	2716
f 1141 	2724 	2725
f 2729 	2730 	2723
f 1141 	1143 	2724
f 1143 	2727 	2724
f 2723 	2730 	2726
f 2727 	1143 	1104
f 2726 	2731 	2728
f 2730 	2731 	2726
f 2727 	1104 	2536
f 232 	2732 	2714
f 2717 	2718 	2721
f 2732 	232 	261
f 2733 	2714 	2732
f 2740 	2741 	2730
f 2732 	2737 	2733
f 2730 	2741 	2731
f 2719 	2715 	2733
f 2728 	2731 	2734
f 261 	265 	2735
f 2735 	2732 	261
f 2737 	2732 	2735
f 2734 	2731 	2738
f 2733 	2737 	2725
f 2734 	2739 	2736
f 2737 	1140 	2725
f 2738 	2739 	2734
f 2733 	2725 	2719
f 2737 	2735 	1153
f 2735 	1151 	1153
f 2731 	2741 	2738
f 1140 	2737 	1153
f 270 	374 	371
f 234 	371 	376
f 238 	234 	376
f 2740 	2730 	2729
f 238 	376 	377
f 2740 	2729 	2721
f 2743 	249 	248
f 2744 	2738 	2741
f 2745 	2739 	2738
f 248 	2742 	2743
f 2744 	2745 	2738
f 249 	2743 	2746
f 2721 	1447 	1451
f 1450 	2740 	1451
f 2721 	1451 	2740
f 1452 	2741 	1453
f 1453 	2741 	1454
f 2740 	1454 	2741
f 1450 	1454 	2740
f 2747 	2748 	255
f 1452 	1473 	2741
f 1471 	2744 	1472
f 1472 	2744 	1473
f 2741 	1473 	2744
f 1471 	1581 	2744
f 2748 	2229 	255
f 1580 	2745 	1581
f 2744 	1581 	2745
f 1582 	2758 	1583
f 1580 	1583 	2745
f 2748 	2749 	2229
f 2673 	2750 	2751
f 2086 	2232 	2749
f 2750 	2673 	2672
f 379 	406 	2742
f 2751 	2752 	2686
f 2742 	406 	2743
f 2751 	2755 	2752
f 2655 	2746 	2743
f 2686 	2752 	2687
f 2655 	2743 	406
f 1602 	2687 	2752
f 2753 	2671 	2079
f 2746 	2657 	2747
f 2079 	2736 	2753
f 2747 	2660 	2748
f 2753 	2754 	2671
f 2657 	2660 	2747
f 2660 	2663 	2748
f 2754 	2750 	2672
f 2759 	2760 	2750
f 2748 	2663 	2749
f 2663 	2665 	2749
f 2665 	2086 	2749
f 244 	270 	234
f 2751 	2760 	2755
f 270 	371 	234
f 2752 	1608 	1602
f 244 	234 	245
f 2755 	1608 	2752
f 2736 	2739 	2756
f 238 	245 	234
f 247 	246 	2757
f 2756 	2753 	2736
f 2757 	2742 	247
f 377 	2757 	238
f 2757 	379 	2742
f 2761 	2756 	2764
f 2757 	377 	379
f 247 	2742 	248
f 2755 	1661 	1608
f 2037 	1661 	2755
f 2739 	2745 	2758
f 2756 	2739 	2758
f 1595 	2758 	1596
f 1596 	2758 	1582
f 2745 	1583 	2758
f 1623 	2758 	1597
f 1595 	1597 	2758
f 2751 	2750 	2760
f 2753 	2756 	2761
f 2761 	2754 	2753
f 2754 	2759 	2750
f 2761 	2759 	2754
f 2760 	2759 	2762
f 2759 	2763 	2762
f 2760 	2762 	2037
f 2760 	2037 	2755
f 2758 	2764 	2756
f 2764 	2763 	2761
f 2761 	2763 	2759
f 2763 	1616 	2762
f 1615 	2762 	1616
f 2763 	1617 	1616
f 1619 	2037 	1620
f 2762 	1620 	2037
f 1615 	1620 	2762
f 1622 	1621 	2764
f 2764 	1623 	1622
f 2758 	1623 	2764
f 1621 	1624 	2764
f 1617 	2763 	1624
f 2764 	1624 	2763
f 2765 	282 	287
f 283 	2765 	232
f 232 	738 	283
f 287 	233 	260
f 260 	2765 	287
f 2765 	261 	232
f 2765 	260 	261
# 5534 faces

 #end of obj_0

