# Object Export From Tinkercad Server 2015

mtllib obj.mtl

o obj_0
v -525.962 		74.595 		0
v -525.962 		73.456 		7.176
v -521.717 		36.816 		119.638
v -328.905 		2.636 		41.591
v -521.717 		36.771 		119.581
v -328.238 		2.636 		41.609
v -521.717 		36.731 		119.517
v -328.332 		2.636 		41.192
v -328.905 		2.636 		41.192
v -525.962 		1.93 		0
v -521.717 		36.698 		119.446
v -521.717 		36.672 		119.369
v -230.498 		18.503 		13.784
v -230.498 		18.503 		21.917
v -230.498 		18.999 		21.351
v -327.866 		2.636 		42.793
v -496 		1.93 		0
v -230.498 		19.416 		20.726
v -230.498 		19.749 		20.051
v -496 		1.929 		0
v -328.026 		2.636 		42.879
v -230.498 		19.991 		19.339
v -230.498 		20.138 		18.601
v -211.264 		1.93 		206.59
v -525.663 		75.325 		0
v -525.111 		75.884 		0
v -524.39 		76.186 		0
v -328.905 		2.636 		42.948
v -209.959 		1.93 		196.673
v -209.538 		1.93 		197.912
v -209.283 		1.93 		199.195
v -209.198 		1.93 		200.501
v -209.283 		1.93 		201.807
v -521.768 		36.309 		119.767
v -327.689 		2.636 		42.063
v -209.538 		1.93 		203.09
v -209.959 		1.93 		204.329
v -521.768 		36.257 		119.615
v -521.768 		36.219 		119.455
v -327.722 		2.636 		42.582
v -492.61 		76.186 		0
v -491.337 		75.325 		0
v -491.038 		74.595 		0
v -329.371 		2.636 		43.347
v -329.371 		1.93 		43.347
v -327.751 		2.636 		43.231
v -328.476 		2.636 		43.347
v -491.889 		75.884 		0
v -220.506 		1.93 		210.418
v -219.2 		1.93 		210.504
v -328.476 		1.93 		43.347
v -327.751 		1.93 		43.231
v -213.111 		1.93 		208.437
v -214.199 		1.93 		209.163
v -327.716 		1.93 		48.505
v -215.372 		1.93 		209.742
v -491.038 		32.85 		0
v -216.611 		1.93 		210.163
v -217.894 		1.93 		210.418
v -491.038 		73.456 		7.176
v -338.568 		1.93 		50.772
v -338.4665 		1.93 		50.1123
v -338.922 		1.93 		51.685
v -339.734 		1.93 		51.519
v -340.1858 		1.93 		52.1085
v -521.717 		36.652 		119.289
v -521.717 		36.641 		119.205
v -338.4123 		1.93 		49.7002
v -521.717 		36.637 		119.12
v -230.498 		20.187 		17.85
v -340.3397 		1.93 		52.3187
v -230.498 		20.138 		17.1
v -521.717 		36.641 		119.035
v -340.6002 		1.93 		52.5474
v -521.717 		36.652 		118.951
v -339.404 		1.93 		50.771
v -339.2718 		1.93 		50.2292
v -339.2043 		1.93 		49.8894
v -339.192 		1.93 		49.3326
v -521.717 		36.672 		118.87
v -521.717 		36.698 		118.793
v -196.038 		1.93 		0
v -338.4458 		1.93 		49.3902
v -339.431 		1.93 		52.521
v -199.998 		2.557 		3.098
v -327.823 		1.93 		49.478
v -327.78 		1.93 		50.13
v -324.094 		1.93 		39.679
v -324.094 		2.636 		39.679
v -326.209 		2.636 		39.679
v -326.209 		1.93 		39.679
v -324.094 		2.636 		40.09
v -325.743 		2.636 		40.09
v -326.901 		1.93 		39.679
v -326.901 		2.636 		39.679
v -327.452 		2.636 		39.679
v -327.452 		1.93 		39.679
v -230.498 		1.93 		0
v -324.094 		1.93 		40.09
v -325.743 		1.93 		40.09
v -228.5 		2.557 		3.098
v -321.883 		1.93 		39.658
v -322.688 		1.93 		39.646
v -486.56 		13.576 		8.014
v -323.314 		1.93 		39.798
v -323.314 		1.93 		40.241
v -323.0683 		1.93 		40.1556
v -486.492 		13.39 		8.149
v -322.7649 		1.93 		40.0915
v -322.282 		1.93 		40.023
v -321.798 		1.93 		40.091
v -321.42 		1.93 		39.825
v -320.042 		1.93 		39.679
v -521.768 		36.196 		119.289
v -321.41 		1.93 		40.633
v -486.952 		13.785 		8.149
v -321.4156 		1.93 		40.68
v -521.768 		36.188 		119.12
v -321.5045 		1.93 		40.925
v -486.793 		13.785 		8.014
v -521.768 		36.196 		118.951
v -321.507 		1.93 		40.294
v -486.722 		13.576 		8.113
v -320.963 		1.93 		40.887
v -320.9562 		1.93 		40.8188
v -521.768 		36.219 		118.785
v -320.9847 		1.93 		40.6947
v -321.037 		1.93 		40.233
v -319.576 		1.93 		40.09
v -321.883 		2.636 		39.658
v -322.688 		2.636 		39.646
v -323.314 		2.636 		39.798
v -323.314 		2.636 		40.241
v -322.282 		2.636 		40.023
v -486.616 		13.785 		7.905
v -321.798 		2.636 		40.091
v -486.424 		13.785 		7.825
v -320.042 		2.636 		39.679
v -321.42 		2.636 		39.825
v -521.852 		35.8 		119.615
v -521.852 		35.766 		119.369
v -321.037 		2.636 		40.233
v -320.94 		2.636 		40.655
v -320.963 		2.636 		40.887
v -321.429 		2.636 		40.793
v -321.41 		2.636 		40.633
v -321.507 		2.636 		40.294
v -521.968 		35.359 		119.446
v -486.656 		14.011 		7.826
v -460.645 		1.929 		0
v -521.968 		35.403 		119.767
v -319.576 		2.636 		40.09
v -522.113 		34.981 		119.517
v -212.2577 		4.8441 		207.6886
v -487.015 		14.011 		8.086
v -315.73 		2.636 		39.679
v -316.196 		2.636 		39.679
v -316.196 		1.93 		39.679
v -315.73 		1.93 		39.679
v -211.4831 		4.8441 		206.8399
v -211.4469 		4.8441 		206.7985
v -317.927 		2.636 		40.09
v -317.927 		2.636 		39.679
v -317.927 		1.93 		39.679
v -317.927 		1.93 		40.09
v -212.0715 		4.8441 		207.5108
v -212.127 		4.8441 		207.574
v -221.789 		1.93 		210.163
v -211.7892 		4.8441 		207.1889
v -221.789 		1.93 		190.839
v -327.495 		1.93 		41.545
v -220.506 		1.93 		190.584
v -219.2 		1.93 		190.499
v -325.743 		1.93 		41.802
v -217.894 		1.93 		190.584
v -216.611 		1.93 		190.839
v -215.372 		1.93 		191.26
v -214.199 		1.93 		191.839
v -327.252 		1.93 		41.874
v -213.111 		1.93 		192.565
v -212.127 		1.93 		193.428
v -211.264 		1.93 		194.412
v -210.538 		1.93 		195.5
v -325.743 		1.93 		41.388
v -325.743 		1.93 		42.933
v -327.6745 		1.93 		42.205
v -210.538 		4.8439 		205.502
v -370.7755 		32.85 		0
v -210.8534 		4.844 		205.9746
v -327.316 		1.93 		42.884
v -327.171 		1.93 		42.305
v -351.2235 		32.85 		0
v -393.216 		32.85 		0
v -370.659 		32.8502 		0.586
v -370.239 		32.8505 		1.825
v -369.66 		32.8509 		2.998
v -368.933 		32.8512 		4.086
v -324.19 		1.93 		41.802
v -368.071 		32.8515 		5.069
v -324.19 		1.93 		41.388
v -367.088 		32.8517 		5.932
v -486.878 		14.249 		7.898
v -366 		32.8519 		6.658
v -324.094 		1.93 		42.933
v -211.3342 		4.8441 		206.67
v -486.846 		14.011 		7.942
v -356 		32.8519 		6.658
v -354.912 		32.8517 		5.932
v -325.743 		2.636 		41.802
v -325.743 		2.636 		41.388
v -353.929 		32.8515 		5.069
v -353.066 		32.8512 		4.086
v -352.339 		32.8509 		2.998
v -327.495 		2.636 		41.545
v -351.761 		32.8505 		1.825
v -351.34 		32.8502 		0.586
v -486.468 		14.249 		7.689
v -486.451 		14.011 		7.741
v -327.252 		2.636 		41.874
v -325.743 		2.636 		42.933
v -211.3717 		4.8441 		206.7128
v -487.053 		14.249 		8.047
v -474.285 		22.492 		219.208
v -327.171 		2.636 		42.305
v -327.316 		2.636 		42.884
v -327.666 		2.636 		42.282
v -486.681 		14.249 		7.777
v -472.785 		21.374 		219.134
v -472.564 		20.744 		219.125
v -473.035 		20.952 		219.029
v -472.89 		21.158 		219.08
v -370.7755 		27.191 		0
v -351.2235 		27.191 		0
v -460.645 		27.191 		0
v -223.028 		1.93 		209.742
v -370.659 		27.191 		0.586
v -224.201 		1.93 		209.163
v -370.239 		27.191 		1.825
v -369.66 		27.191 		2.998
v -368.933 		27.191 		4.086
v -368.071 		27.191 		5.069
v -367.088 		27.191 		5.932
v -366 		27.191 		6.658
v -356 		27.191 		6.658
v -354.912 		27.191 		5.932
v -353.929 		27.191 		5.069
v -200.5 		37.094 		119.12
v -353.066 		27.191 		4.086
v -352.339 		27.191 		2.998
v -351.761 		27.191 		1.825
v -351.34 		27.191 		0.586
v -324.19 		2.636 		41.802
v -324.19 		2.636 		41.388
v -324.094 		2.636 		42.933
v -324.427 		1.93 		44.753
v -324.094 		2.636 		43.347
v -326.209 		2.636 		43.347
v -326.209 		1.93 		43.347
v -486.339 		13.39 		8.086
v -324.094 		1.93 		43.347
v -321.5501 		1.93 		40.9956
v -486.178 		13.39 		8.047
v -323.0882 		1.93 		41.8926
v -321.9335 		1.93 		41.2046
v -322.079 		1.93 		41.276
v -322.734 		1.93 		41.57
v -323.04 		1.93 		41.805
v -486.386 		13.576 		7.942
v -321.964 		1.93 		41.717
v -472.785 		20.513 		219.068
v -323.266 		1.93 		42.467
v -486.014 		13.576 		7.883
v -323.177 		1.93 		42.851
v -486.014 		13.39 		8.034
v -323.1085 		1.93 		42.9392
v -225.289 		1.93 		208.437
v -521.852 		35.766 		118.87
v -225.289 		1.93 		192.565
v -224.201 		1.93 		191.839
v -223.028 		1.93 		191.26
v -196.337 		75.325 		0
v -196.038 		74.595 		0
v -521.852 		35.754 		119.12
v -196.889 		75.884 		0
v -197.61 		76.187 		0
v -521.968 		35.344 		119.12
v -522.113 		34.963 		119.12
v -521.968 		35.359 		118.793
v -229.376 		1.93 		220.3866
v -226.273 		1.93 		207.574
v -227.136 		1.93 		206.59
v -227.862 		1.93 		205.502
v -228.441 		1.93 		204.329
v -228.862 		1.93 		203.09
v -229.117 		1.93 		201.807
v -229.203 		1.93 		200.501
v -229.117 		1.93 		199.195
v -228.862 		1.93 		197.912
v -214.249 		32.189 		3.098
v -228.441 		1.93 		196.673
v -221.375 		30.849 		3.098
v -219.703 		31.428 		3.098
v -217.937 		31.848 		3.098
v -216.109 		32.103 		3.098
v -212.388 		32.103 		3.098
v -210.56 		31.848 		3.098
v -208.795 		31.428 		3.098
v -207.123 		30.849 		3.098
v -205.572 		30.122 		3.098
v -204.171 		29.26 		3.098
v -202.942 		28.276 		3.098
v -201.906 		27.188 		3.098
v -227.862 		1.93 		195.5
v -227.136 		1.93 		194.412
v -226.273 		1.93 		193.428
v -224.326 		29.26 		3.098
v -222.925 		30.122 		3.098
v -522.482 		34.528 		120.638
v -225.556 		28.276 		3.098
v -522.7 		34.293 		120.777
v -229.39 		76.187 		0
v -230.111 		75.884 		0
v -230.962 		74.595 		0
v -230.663 		75.325 		0
v -230.962 		32.85 		0
v -522.286 		34.807 		120.473
v -522.286 		34.703 		120.035
v -522.482 		34.412 		120.146
v -486.221 		13.785 		7.777
v -486.202 		13.576 		7.897
v -522.7 		34.166 		120.24
v -486.014 		13.785 		7.761
v -522.935 		33.97 		120.315
v -230.498 		27.191 		0
v -226.591 		27.188 		3.098
v -322.719 		1.93 		42.752
v -323.2478 		1.93 		42.36
v -523 		33.9326 		120.3295
v -523 		34.0328 		120.7517
v -486.235 		14.011 		7.689
v -322.8 		1.93 		42.46
v -322.683 		1.93 		42.107
v -321.93 		1.93 		42.974
v -322.476 		1.93 		42.927
v -486.014 		14.249 		7.617
v -321.33 		1.93 		41.416
v -486.014 		14.011 		7.671
v -319.576 		1.93 		41.802
v -523 		33.91 		120.1663
v -319.576 		1.93 		41.388
v -486.244 		14.249 		7.635
v -321.09 		1.93 		41.176
v -522.7 		34.063 		119.12
v -522.935 		33.86 		119.12
v -319.576 		1.93 		42.933
v -321.177 		1.93 		42.789
v -321.964 		2.636 		41.717
v -321.584 		2.636 		41.033
v -260.972 		1.93 		118.579
v -522.7 		34.088 		119.685
v -260.972 		1.93 		119.981
v -211.4095 		4.8441 		206.7559
v -261.685 		1.93 		122.247
v -260.742 		1.93 		120.391
v -259.792 		1.93 		122.247
v -259.285 		1.93 		122.247
v -260.506 		1.93 		120.007
v -260.506 		1.93 		118.579
v -522.935 		33.888 		119.723
v -211.2976 		4.844 		206.6283
v -260.972 		2.636 		118.579
v -260.742 		2.636 		120.391
v -211.264 		4.844 		206.59
v -260.972 		2.636 		119.981
v -522.286 		34.64 		119.581
v -522.286 		34.619 		119.12
v -261.685 		2.636 		122.247
v -260.506 		2.636 		120.007
v -260.506 		2.636 		118.579
v -259.285 		2.636 		122.247
v -259.792 		2.636 		122.247
v -522.482 		34.317 		119.12
v -209.959 		4.8432 		196.673
v -209.538 		4.8432 		197.912
v -209.283 		4.8433 		199.195
v -209.198 		4.8434 		200.501
v -209.283 		4.8436 		201.807
v -209.538 		4.8437 		203.09
v -209.959 		4.8438 		204.329
v -231 		1.93 		107.804
v -231 		1.929 		107.804
v -199.718 		36.031 		122.785
v -199.914 		36.771 		122.625
v -522.482 		34.341 		119.638
v -246.6904 		2.929 		90.744
v -246.6904 		2.929 		67.02
v -247.2343 		3.435 		67.3425
v -247.2322 		3.433 		90.4228
v -199.914 		36.453 		122.535
v -199.914 		36.147 		122.386
v -200.087 		36.278 		121.932
v -322.079 		2.636 		41.276
v -200.087 		36.816 		122.138
v -323.04 		2.636 		41.805
v -322.734 		2.636 		41.57
v -200.087 		36.542 		122.06
v -523 		33.8289 		118.9539
v -523 		33.8213 		119.12
v -199.914 		35.856 		122.182
v -323.177 		2.636 		42.851
v -323.266 		2.636 		42.467
v -322.719 		2.636 		42.752
v -228.5 		2.557 		41.103
v -523 		33.8496 		119.7301
v -523 		33.8419 		119.5643
v -323.204 		2.636 		42.103
v -322.8 		2.636 		42.46
v -231 		1.929 		39.404
v -231 		1.93 		39.404
v -522.113 		39.062 		117.955
v -522.113 		39.152 		118.332
v -322.683 		2.636 		42.107
v -230.498 		1.93 		38.887
v -321.93 		2.636 		42.974
v -322.476 		2.636 		42.927
v -522.113 		39.206 		118.722
v -319.576 		2.636 		41.802
v -319.576 		2.636 		41.388
v -321.33 		2.636 		41.416
v -261.2314 		2.929 		49.137
v -261.3252 		2.929 		48.4276
v -261.383 		2.929 		48.138
v -261.738 		2.929 		47.225
v -262.017 		2.929 		46.7662
v -200.118 		23.493 		3.098
v -200.0316 		22.561 		3.098
v -261.9825 		3.4367 		46.8229
v -522.113 		38.939 		117.598
v -261.738 		3.4367 		47.225
v -261.383 		3.4366 		48.138
v -261.3165 		3.4366 		48.471
v -261.2343 		3.4365 		49.0927
v -199.998 		22.1978 		3.098
v -199.997 		22.187 		3.098
v -199.998 		22.561 		3.098
v -321.09 		2.636 		41.176
v -199.998 		22.1762 		3.098
v -201.081 		26.015 		3.098
v -262.1099 		2.929 		48.9633
v -200.482 		24.776 		3.098
v -262.1086 		3.4365 		48.9818
v -319.576 		2.636 		42.933
v -246.3466 		2.929 		44.8775
v -246.6859 		2.929 		44.7624
v -247.5354 		2.929 		44.5347
v -248.7786 		2.929 		44.4996
v -249.221 		2.929 		44.5091
v -249.7363 		2.929 		44.6593
v -250.4384 		2.929 		44.8775
v -321.177 		2.636 		42.789
v -247.601 		3.4369 		44.5246
v -246.6241 		3.4369 		44.7865
v -246.3268 		3.4369 		44.8873
v -250.4582 		3.4369 		44.8873
v -249.6508 		3.4369 		44.6364
v -249.1992 		3.4369 		44.5047
v -248.6905 		3.4369 		44.4938
v -322.8593 		1.93 		43.1997
v -322.7884 		1.93 		43.2403
v -322.6508 		1.93 		43.2688
v -522.935 		40.3 		118.517
v -522.7 		40.099 		118.555
v -322.3578 		1.93 		43.3761
v -322.1122 		1.93 		43.3952
v -321.9002 		1.93 		43.3831
v -321.7325 		1.93 		44.6072
v -323.0593 		1.93 		44.52
v -323.475 		1.93 		44.52
v -199.265 		35.125 		122.785
v -320.616 		1.93 		45.003
v -321.528 		1.93 		44.648
v -199.5 		35.578 		122.87
v -487.066 		14.493 		8.035
v -320.042 		1.93 		43.347
v -486.889 		14.493 		7.883
v -228.5 		22.1763 		3.098
v -228.501 		22.187 		3.098
v -522.7 		40.021 		117.999
v -228.379 		23.493 		3.098
v -228.4661 		22.561 		3.098
v -228.5 		22.1977 		3.098
v -486.69 		14.493 		7.761
v -228.5 		22.561 		3.098
v -522.935 		40.217 		117.924
v -228.015 		24.776 		3.098
v -227.416 		26.015 		3.098
v -523 		40.3458 		118.6757
v -486.246 		14.493 		7.617
v -217.8806 		4.8443 		210.4153
v -217.894 		4.8443 		210.418
v -523 		40.2544 		117.9098
v -218.0011 		4.8443 		210.425
v -219.2 		4.8443 		210.504
v -220.506 		4.8443 		210.418
v -523 		40.3382 		118.5096
v -523 		40.277 		118.0727
v -486.474 		14.493 		7.671
v -474.004 		22.198 		219.135
v -213.111 		4.8441 		208.437
v -214.199 		4.8442 		209.163
v -473.95 		22.086 		219.108
v -215.372 		4.8443 		209.742
v -216.611 		4.8443 		210.163
v -486.014 		14.493 		7.598
v -199.5 		35.248 		122.555
v -321.161 		1.93 		43.2447
v -321.014 		1.93 		43.203
v -473.303 		21.666 		219.089
v -473.287 		21.841 		219.132
v -322.235 		2.636 		43.386
v -322.703 		2.636 		43.289
v -322.944 		2.636 		43.151
v -247.098 		2.929 		44.602
v -247.098 		3.4369 		44.602
v -248.2447 		2.929 		44.4415
v -248.2226 		3.4369 		44.4429
v -252.58 		2.929 		48.84
v -252.386 		2.929 		48.046
v -320.042 		2.636 		43.347
v -252.5403 		2.929 		46.7357
v -252.8015 		2.929 		47.0926
v -252.9325 		2.929 		47.3574
v -253.0563 		2.929 		47.7826
v -253.3441 		2.929 		48.9924
v -321.014 		2.636 		43.203
v -321.514 		2.636 		43.345
v -253.3369 		3.4365 		48.9265
v -253.0847 		3.4366 		47.8661
v -252.9423 		3.4367 		47.3772
v -252.7917 		3.4367 		47.0728
v -252.4913 		3.4367 		46.6623
v -252.386 		3.4366 		48.046
v -252.58 		3.4365 		48.84
v -522.482 		39.847 		118.602
v -522.286 		39.547 		118.658
v -252.2619 		2.929 		46.2769
v -252.2473 		3.4368 		46.2602
v -253.2509 		2.929 		48.283
v -253.2552 		3.4366 		48.3048
v -325.595 		1.93 		45.329
v -326.358 		1.93 		45.942
v -522.286 		39.484 		118.205
v -326.971 		1.93 		46.706
v -327.442 		1.93 		47.564
v -522.286 		39.38 		117.767
v -325.7208 		1.93 		46.5027
v -325.909 		1.93 		46.683
v -325.1633 		1.93 		46.0141
v -522.482 		39.776 		118.093
v -326.723 		1.93 		48.092
v -326.917 		1.93 		48.886
v -252.056 		2.929 		47.297
v -251.436 		2.929 		45.465
v -251.7559 		2.929 		45.7709
v -251.8039 		3.4368 		45.8168
v -251.436 		3.4368 		45.465
v -252.056 		3.4367 		47.297
v -199.5 		34.95 		122.182
v -324.0335 		1.93 		45.456
v -324.1982 		1.93 		45.512
v -473.917 		21.97 		219.079
v -324.8626 		1.93 		45.8405
v -251.573 		2.929 		46.637
v -251.306 		2.929 		46.3813
v -251.0578 		2.929 		45.2355
v -326.393 		1.93 		47.343
v -251.2659 		3.4368 		46.3429
v -251.573 		3.4367 		46.637
v -251.0011 		3.4369 		45.201
v -319.779 		1.93 		45.511
v -320.0252 		1.93 		46.3142
v -319.7647 		1.93 		46.5426
v -320.46 		1.93 		45.966
v -250.8576 		2.929 		45.9882
v -250.8729 		3.4368 		45.9985
v -323.3064 		1.93 		45.3115
v -323.049 		1.93 		45.272
v -473.906 		21.852 		219.049
v -322.7885 		1.93 		45.2777
v -322.0484 		1.93 		45.3261
v -473.917 		21.733 		219.02
v -321.177 		1.93 		45.572
v -321.5127 		1.93 		45.4822
v -250.652 		2.929 		45.8513
v -250.117 		2.929 		45.5871
v -250.1676 		3.4368 		45.6095
v -250.6365 		3.4368 		45.841
v -317.246 		1.93 		42.933
v -317.927 		1.93 		42.933
v -473.95 		21.617 		218.991
v -316.196 		1.93 		42.933
v -318.023 		1.93 		41.388
v -318.023 		1.93 		41.802
v -248.5361 		2.929 		45.2341
v -248.0437 		2.929 		45.2341
v -315.73 		1.93 		42.933
v -474.004 		21.505 		218.963
v -317.246 		2.636 		42.933
v -316.196 		2.636 		42.933
v -315.73 		2.636 		42.933
v -317.927 		2.636 		42.933
v -523 		40.1542 		117.4883
v -523 		40.1168 		117.3309
v -487.484 		14.249 		9.087
v -522.935 		40.081 		117.352
v -487.43 		14.011 		9.087
v -318.023 		2.636 		41.802
v -318.023 		2.636 		41.388
v -487.503 		14.493 		9.087
v -317.246 		2.636 		43.347
v -487.484 		14.493 		8.854
v -487.466 		14.249 		8.857
v -317.246 		1.93 		43.347
v -317.927 		2.636 		43.347
v -317.927 		1.93 		43.347
v -487.43 		14.493 		8.627
v -314.684 		2.636 		43.347
v -314.684 		2.636 		42.933
v -314.684 		1.93 		43.347
v -196.038 		73.456 		7.176
v -314.684 		1.93 		42.933
v -318.1061 		1.93 		47.8932
v -318.348 		1.93 		47.271
v -319.072 		1.93 		46.188
v -474.597 		22.033 		219.043
v -486.56 		13.103 		8.69
v -318.829 		1.93 		48.092
v -318.7672 		1.93 		48.3449
v -319.159 		1.93 		47.343
v -319.3128 		1.93 		47.1328
v -318.6227 		1.93 		49.072
v -486.411 		13.103 		8.54
v -474.95 		22.28 		219.104
v -475.031 		22.299 		219.109
v -317.8854 		1.93 		48.7231
v -248.0251 		3.4369 		45.2354
v -248.5915 		3.4369 		45.2354
v -317.9726 		1.93 		48.2862
v -245.7839 		3.4369 		45.201
v -486.793 		13.231 		8.69
v -306.444 		1.93 		39.627
v -306.907 		1.93 		39.627
v -246.351 		2.929 		45.768
v -474.803 		22.22 		219.089
v -245.9892 		2.929 		46.0333
v -474.874 		22.253 		219.097
v -246.0339 		3.4368 		46.0005
v -246.351 		3.4368 		45.768
v -303.637 		1.93 		39.627
v -303.2281 		1.93 		40.3993
v -303.226 		1.93 		39.627
v -247.1 		2.929 		45.438
v -486.632 		13.231 		8.468
v -247.1 		3.4368 		45.438
v -486.492 		13.103 		8.609
v -247.4588 		2.929 		45.3503
v -247.5126 		3.4368 		45.3372
v -304.895 		1.93 		39.627
v -304.763 		1.93 		40.329
v -486.528 		13.231 		8.379
v -248.984 		2.929 		45.244
v -304.316 		1.93 		39.627
v -475.115 		22.31 		219.112
v -248.984 		3.4369 		45.244
v -249.779 		2.929 		45.438
v -249.779 		3.4368 		45.438
v -474.739 		22.181 		219.079
v -486.722 		13.231 		8.573
v -243.499 		2.929 		48.459
v -243.773 		2.929 		47.518
v -244.062 		2.929 		46.932
v -244.298 		2.929 		48.84
v -474.682 		22.136 		219.068
v -244.298 		3.4365 		48.84
v -244.062 		3.4367 		46.932
v -243.773 		3.4367 		47.518
v -243.499 		3.4366 		48.459
v -304.747 		1.93 		40.329
v -474.635 		22.086 		219.056
v -303.637 		2.636 		39.627
v -244.642 		2.929 		46.142
v -244.493 		2.929 		48.046
v -244.493 		3.4366 		48.046
v -244.642 		3.4368 		46.142
v -303.226 		2.636 		39.627
v -245.349 		2.929 		45.465
v -245.7272 		2.929 		45.2355
v -244.6416 		2.929 		47.7076
v -245.349 		3.4368 		45.465
v -304.895 		2.636 		39.627
v -244.6639 		3.4366 		47.6568
v -304.763 		2.636 		40.329
v -306.444 		2.636 		39.627
v -306.907 		2.636 		39.627
v -244.9053 		2.929 		47.1726
v -244.895 		3.4367 		47.1879
v -199.718 		35.705 		122.555
v -304.316 		2.636 		39.627
v -304.747 		2.636 		40.329
v -199.718 		35.403 		122.267
v -245.5984 		2.929 		46.3333
v -245.2053 		2.929 		46.7817
v -245.24 		3.4367 		46.7385
v -245.5845 		3.4368 		46.3455
v -199.718 		35.13 		121.925
v -474.553 		21.917 		219.014
v -301.337 		1.93 		39.627
v -302.084 		1.93 		39.627
v -474.57 		21.976 		219.029
v -302.503 		1.93 		39.627
v -302.299 		1.93 		40.365
v -302.283 		1.93 		40.365
v -474.547 		21.858 		218.999
v -199.914 		35.587 		121.925
v -261.537 		2.929 		51.18
v -261.537 		3.4364 		51.18
v -301.337 		2.636 		39.627
v -474.553 		21.798 		218.984
v -261.4385 		2.929 		50.8298
v -261.2839 		2.929 		50.229
v -261.2603 		2.929 		49.8716
v -262.1081 		2.929 		49.7809
v -302.503 		2.636 		39.627
v -262.1093 		3.4365 		49.7993
v -302.084 		2.636 		39.627
v -261.2676 		3.4365 		49.9375
v -261.2882 		3.4364 		50.2508
v -261.4237 		3.4364 		50.7774
v -302.283 		2.636 		40.365
v -302.299 		2.636 		40.365
v -474.57 		21.74 		218.97
v -523 		39.979 		116.9316
v -474.597 		21.683 		218.956
v -522.7 		39.894 		117.463
v -522.482 		39.659 		117.602
v -486.411 		13.231 		8.307
v -522.286 		39.237 		117.352
v -522.286 		39.057 		116.967
v -522.482 		39.498 		117.136
v -230.962 		73.456 		7.176
v -486.451 		13.01 		8.945
v -221.789 		4.8443 		210.163
v -486.656 		13.103 		8.878
v -486.424 		13.01 		8.878
v -200.087 		36.028 		121.756
v -200.232 		36.641 		121.535
v -200.232 		36.424 		121.429
v -486.878 		13.231 		8.95
v -486.846 		13.231 		8.816
v -262.1 		2.929 		49.4118
v -262.1 		3.4365 		49.3748
v -486.616 		13.103 		8.78
v -261.212 		2.929 		49.432
v -261.212 		3.4365 		49.432
v -486.474 		13.01 		9.087
v -211.3346 		4.843 		194.3315
v -211.264 		4.843 		194.412
v -210.538 		4.8431 		195.5
v -200.232 		36.219 		121.285
v -200.348 		36.747 		120.968
v -200.348 		36.581 		120.888
v -211.5848 		4.843 		194.0462
v -211.7925 		4.843 		193.8094
v -212.0707 		4.843 		193.4922
v -200.232 		36.028 		121.103
v -486.69 		13.103 		9.087
v -212.127 		4.843 		193.428
v -486.681 		13.103 		8.981
v -486.468 		13.01 		9.015
v -526 		53.771 		44.347
v -486.889 		13.231 		9.087
v -306.492 		1.93 		42.938
v -525.762 		54.055 		42.558
v -306.472 		1.93 		42.938
v -223.028 		4.8443 		209.742
v -200.232 		35.856 		120.888
v -224.201 		4.8442 		209.163
v -303.2641 		1.93 		42.8703
v -303.2302 		1.93 		42.189
v -525.94 		53.914 		43.445
v -252.359 		2.929 		52.475
v -252.359 		3.4362 		52.475
v -522.7 		39.719 		116.955
v -252.056 		2.929 		51.473
v -253.222 		2.929 		50.726
v -252.867 		2.929 		51.639
v -253.222 		3.4364 		50.726
v -252.056 		3.4363 		51.473
v -252.867 		3.4363 		51.639
v -522.935 		39.894 		116.81
v -253.392 		2.929 		49.432
v -252.2851 		2.929 		50.921
v -252.4342 		2.929 		50.583
v -252.4283 		3.4364 		50.6006
v -252.2568 		3.4364 		50.9892
v -253.392 		3.4365 		49.432
v -523 		39.9274 		116.7824
v -251.573 		2.929 		52.133
v -200.087 		35.797 		121.535
v -200.087 		35.587 		121.272
v -251.573 		3.4363 		52.133
v -250.8794 		2.929 		52.7677
v -251.249 		2.929 		52.4433
v -251.289 		3.4362 		52.405
v -250.8641 		3.4362 		52.778
v -199.718 		34.891 		121.535
v -199.914 		35.344 		121.62
v -199.914 		35.13 		121.272
v -252.598 		2.929 		49.658
v -252.598 		3.4365 		49.658
v -199.914 		34.95 		120.888
v -306.492 		2.636 		42.938
v -252.53 		2.929 		50.1009
v -252.5384 		3.4364 		50.0462
v -306.472 		2.636 		42.938
v -200.087 		35.403 		120.973
v -486.952 		13.39 		8.609
v -243.717 		2.929 		51.18
v -243.6474 		2.929 		50.9749
v -243.4928 		2.929 		50.3741
v -243.4156 		2.929 		49.7894
v -243.392 		2.929 		49.432
v -303.233 		2.636 		42.254
v -244.28 		2.929 		49.658
v -244.493 		2.929 		50.725
v -244.493 		3.4364 		50.725
v -244.28 		3.4365 		49.658
v -243.392 		3.4365 		49.432
v -243.4127 		3.4365 		49.7453
v -243.5015 		3.4364 		50.4175
v -243.637 		3.4364 		50.9441
v -243.717 		3.4364 		51.18
v -486.988 		13.576 		8.379
v -487.275 		13.785 		8.677
v -487.087 		13.576 		8.54
v -306.907 		1.93 		43.627
v -306.332 		1.93 		43.627
v -303.8417 		1.93 		44.6814
v -304.6636 		1.93 		45.0215
v -303.4347 		1.93 		44.6005
v -303.253 		1.93 		43.127
v -244.829 		2.929 		51.483
v -303.277 		1.93 		43.127
v -244.829 		3.4363 		51.483
v -303.637 		1.93 		43.627
v -304.316 		1.93 		43.627
v -304.783 		1.93 		43.627
v -487.196 		13.785 		8.485
v -306.907 		2.636 		43.627
v -306.332 		2.636 		43.627
v -487.087 		13.785 		8.307
v -251.682 		2.929 		53.183
v -250.189 		2.929 		53.1511
v -250.63 		2.929 		52.9338
v -250.6454 		3.4362 		52.9236
v -250.1384 		3.4362 		53.1734
v -303.253 		2.636 		43.127
v -303.277 		2.636 		43.127
v -303.637 		2.636 		43.627
v -251.682 		3.4362 		53.183
v -199.018 		34.703 		122.535
v -246.464 		2.929 		53.058
v -474.635 		21.63 		218.943
v -486.865 		13.39 		8.468
v -199.265 		34.807 		122.386
v -525.762 		31.56 		38.988
v -486.758 		13.39 		8.343
v -474.682 		21.58 		218.93
v -199 		34.7225 		122.5713
v -199 		34.6986 		122.5413
v -525.962 		30.891 		40.122
v -525.94 		30.993 		39.807
v -474.739 		21.535 		218.919
v -199 		34.428 		122.0996
v -199 		34.407 		122.0655
v -199.018 		34.412 		122.06
v -246.6707 		2.929 		53.16
v -246.464 		3.4362 		53.058
v -246.6451 		3.4362 		53.1474
v -304.316 		2.636 		43.627
v -304.783 		2.636 		43.627
v -521.852 		38.387 		118.625
v -526 		26.337 		217.173
v -526 		1.93 		213.2988
v -526 		1.93 		131.072
v -304.949 		1.93 		45.147
v -305.1219 		1.93 		45.2629
v -521.768 		37.931 		118.625
v -526 		1.93 		36.119
v -525.94 		26.194 		218.075
v -305.8273 		1.93 		45.8047
v -305.984 		1.93 		45.942
v -525.762 		26.053 		218.962
v -303.742 		1.93 		45.484
v -306.597 		1.93 		46.706
v -307.068 		1.93 		47.564
v -521.852 		38.331 		118.388
v -521.968 		38.784 		118.473
v -305.3467 		1.93 		46.5027
v -305.535 		1.93 		46.683
v -304.7893 		1.93 		46.0141
v -304.6447 		1.93 		45.9176
v -303.9803 		1.93 		45.5891
v -307.342 		1.93 		48.505
v -199.265 		34.528 		121.932
v -306.019 		1.93 		47.343
v -306.349 		1.93 		48.092
v -306.543 		1.93 		48.886
v -225.289 		4.8441 		208.437
v -301.3356 		1.93 		41.4238
v -301.3341 		1.93 		42.2076
v -301.3073 		1.93 		42.8762
v -525.9401 		1.93 		214.2219
v -525.94 		1.93 		214.2238
v -301.332 		2.636 		42.293
v -521.968 		38.71 		118.163
v -521.968 		38.609 		117.87
v -521.852 		38.156 		117.955
v -521.852 		38.254 		118.163
v -301.297 		1.93 		43.119
v -199 		34.1783 		121.5772
v -301.604 		1.93 		43.627
v -302.97 		1.93 		43.627
v -199.018 		34.166 		121.535
v -525.762 		1.93 		215.1338
v -301.321 		1.93 		43.119
v -525.7623 		1.93 		215.1319
v -521.852 		38.041 		117.767
v -247.358 		2.929 		53.419
v -248.167 		2.929 		53.544
v -250.306 		2.929 		54.051
v -249.366 		2.929 		54.325
v -248.392 		2.929 		54.432
v -248.0974 		2.929 		54.4126
v -247.564 		2.929 		54.3539
v -247.1312 		2.929 		54.2477
v -246.782 		2.929 		54.154
v -246.782 		3.4361 		54.154
v -247.0881 		3.4361 		54.2362
v -247.5858 		3.4361 		54.3582
v -248.0533 		3.4361 		54.4097
v -248.392 		3.4361 		54.432
v -249.366 		3.4361 		54.325
v -250.306 		3.4361 		54.051
v -248.167 		3.4362 		53.544
v -247.358 		3.4362 		53.419
v -525.962 		1.93 		35.525
v -525.9999 		1.93 		36.1177
v -521.768 		37.878 		118.473
v -250.892 		2.929 		53.762
v -249.779 		2.929 		53.332
v -301.796 		1.93 		44.52
v -249.779 		3.4362 		53.332
v -250.892 		3.4361 		53.762
v -302.775 		1.93 		44.499
v -248.984 		2.929 		53.526
v -301.297 		2.636 		43.119
v -248.984 		3.4362 		53.526
v -301.604 		2.636 		43.627
v -301.321 		2.636 		43.119
v -302.97 		2.636 		43.627
v -521.717 		37.417 		118.658
v -247.0746 		2.929 		53.3231
v -521.717 		37.456 		118.722
v -199.265 		34.293 		121.429
v -199.5 		34.469 		121.285
v -521.768 		37.812 		118.332
v -199.5 		34.689 		121.756
v -302.13 		1.93 		45.272
v -302.947 		1.93 		45.29
v -199 		34.1605 		121.5394
v -301.8723 		1.93 		45.3115
v -199 		33.9783 		121.0121
v -199 		33.9643 		120.9714
v -199.018 		33.97 		120.968
v -327.545 		1.93 		51.089
v -326.935 		1.93 		49.704
v -326.81 		1.93 		50.512
v -326.449 		1.93 		51.407
v -326.5757 		1.93 		51.1494
v -319.6993 		1.93 		52.2443
v -319.5366 		1.93 		52.0414
v -521.717 		37.322 		118.555
v -521.717 		37.372 		118.602
v -326.6907 		1.93 		50.8643
v -318.0645 		1.93 		50.9833
v -318.1314 		1.93 		51.1804
v -317.8914 		1.93 		50.1123
v -318.524 		1.93 		51.9764
v -319.2074 		1.93 		51.5916
v -319.0539 		1.93 		51.2807
v -318.6968 		1.93 		50.2292
v -318.6293 		1.93 		49.8894
v -318.829 		1.93 		50.771
v -521.717 		36.865 		118.555
v -474.079 		21.399 		218.937
v -318.617 		1.93 		49.3326
v -473.352 		21.495 		219.046
v -317.8373 		1.93 		49.7002
v -473.432 		21.329 		219.005
v -317.8711 		1.93 		49.3902
v -318.674 		1.93 		52.25
v -473.543 		21.172 		218.966
v -307.406 		1.93 		50.13
v -307.449 		1.93 		49.478
v -307.171 		1.93 		51.089
v -306.075 		1.93 		51.407
v -306.436 		1.93 		50.512
v -306.561 		1.93 		49.704
v -345.448 		1.93 		53.042
v -473.682 		21.026 		218.93
v -345.145 		1.93 		54.154
v -344.8363 		1.93 		54.2583
v -344.4875 		1.93 		54.3478
v -344.432 		1.93 		53.465
v -344.1743 		1.93 		53.5048
v -521.717 		36.919 		118.517
v -521.717 		36.975 		118.489
v -521.717 		37.034 		118.473
v -341.035 		1.93 		52.897
v -521.717 		37.094 		118.467
v -343.6057 		1.93 		54.4643
v -343.398 		1.93 		54.478
v -521.717 		37.153 		118.473
v -342.3217 		1.93 		54.3506
v -342.7343 		1.93 		54.4051
v -521.717 		37.212 		118.489
v -342.0313 		1.93 		54.2379
v -521.717 		37.268 		118.517
v -341.3907 		1.93 		54.0511
v -340.6206 		1.93 		53.6061
v -343.4377 		1.93 		53.6023
v -343.092 		1.93 		53.5797
v -342.3554 		1.93 		53.4822
v -473.217 		20.762 		218.982
v -342.0023 		1.93 		53.3629
v -341.752 		1.93 		53.29
v -473.432 		20.59 		218.939
v -473.847 		20.895 		218.897
v -247.1096 		3.4362 		53.3349
v -486.865 		13.576 		8.235
v -340.354 		1.93 		53.444
v -486.632 		13.39 		8.235
v -251.881 		2.929 		62.251
v -250.467 		2.929 		62.251
v -250.467 		3.4354 		62.251
v -251.881 		3.4354 		62.251
v -336.562 		1.93 		64.731
v -256.505 		2.929 		62.251
v -335.855 		1.93 		65.438
v -255.091 		2.929 		62.251
v -255.091 		3.4354 		62.251
v -256.505 		3.4354 		62.251
v -338.167 		1.93 		63.126
v -338.875 		1.93 		62.419
v -320.2568 		1.93 		52.7336
v -320.46 		1.93 		52.897
v -324.8669 		1.93 		53.0461
v -324.6257 		1.93 		53.1531
v -324.873 		1.93 		53.042
v -321.8953 		1.93 		53.4822
v -321.177 		1.93 		53.29
v -322.4818 		1.93 		54.442
v -322.17 		1.93 		54.435
v -322.1456 		1.93 		53.5551
v -487.412 		14.249 		8.633
v -323.3889 		1.93 		53.5225
v -323.9395 		1.93 		53.4373
v -487.36 		14.011 		8.65
v -323.1357 		1.93 		53.5843
v -322.962 		1.93 		53.5957
v -322.7031 		1.93 		53.5674
v -487.275 		14.011 		8.444
v -323.3712 		1.93 		54.442
v -324.1181 		1.93 		54.2505
v -324.4264 		1.93 		54.2027
v -487.203 		14.249 		8.223
v -487.159 		14.011 		8.255
v -487.324 		14.249 		8.42
v -233.14 		2.929 		63.172
v -232.433 		2.929 		62.465
v -233.14 		3.4353 		63.172
v -232.433 		3.4354 		62.465
v -235.452 		2.929 		65.484
v -234.745 		2.929 		64.777
v -235.452 		3.4351 		65.484
v -234.745 		3.4352 		64.777
v -487.066 		13.39 		9.087
v -292 		1.93 		39.404
v -292 		1.929 		39.404
v -292 		1.929 		107.804
v -292 		1.93 		107.804
v -300.922 		1.93 		39.627
v -300.007 		1.93 		39.627
v -300.007 		1.93 		39.962
v -299.205 		1.93 		40.015
v -297.907 		1.93 		39.962
v -297.907 		1.93 		39.627
v -487.203 		13.576 		8.899
v -487.053 		13.39 		8.922
v -298.702 		1.93 		40.015
v -301.154 		1.93 		44.648
v -299.205 		1.93 		43.236
v -300.007 		1.93 		43.289
v -487.015 		13.39 		8.762
v -300.007 		1.93 		43.627
v -300.922 		1.93 		43.627
v -300.242 		1.93 		45.003
v -297.907 		1.93 		43.289
v -298.702 		1.93 		43.236
v -297.907 		1.93 		43.627
v -297.555 		1.93 		48.505
v -297.8398 		1.93 		47.6641
v -297.9271 		1.93 		47.3643
v -298.1351 		1.93 		47.0044
v -298.482 		1.93 		46.434
v -298.6193 		1.93 		46.2773
v -487.34 		13.785 		9.087
v -199.265 		34.106 		120.888
v -487.218 		13.576 		9.087
v -298.427 		1.93 		48.1742
v -298.3932 		1.93 		48.3449
v -299.2483 		1.93 		45.6483
v -299.405 		1.93 		45.511
v -301.1445 		1.93 		45.456
v -300.9795 		1.93 		45.512
v -300.3144 		1.93 		45.8405
v -300.086 		1.93 		45.966
v -299.8828 		1.93 		46.1288
v -299.3253 		1.93 		46.6174
v -298.9962 		1.93 		47.0672
v -298.7465 		1.93 		47.421
v -298.5216 		1.93 		47.9315
v -298.261 		1.93 		48.886
v -298.3199 		1.93 		52.2547
v -487.159 		13.576 		8.715
v -298.482 		1.93 		52.521
v -297.8749 		1.93 		51.4846
v -297.7417 		1.93 		51.0916
v -297.5986 		1.93 		50.6698
v -297.4828 		1.93 		49.7879
v -297.449 		1.93 		49.478
v -298.2487 		1.93 		49.4435
v -298.2487 		1.93 		49.7906
v -298.3932 		1.93 		50.5178
v -298.455 		1.93 		50.771
v -298.785 		1.93 		51.519
v -299.268 		1.93 		52.179
v -299.4562 		1.93 		52.3593
v -487.324 		13.785 		8.879
v -199.718 		34.689 		121.103
v -298.6193 		1.93 		52.6777
v -324.571 		1.93 		54.154
v -487.412 		14.011 		8.866
v -300.0137 		1.93 		52.8486
v -300.3144 		1.93 		53.0222
v -521.768 		37.547 		117.999
v -300.2341 		1.93 		53.9335
v -299.8624 		1.93 		53.75
v -301.0553 		1.93 		54.2736
v -521.768 		37.645 		118.093
v -321.528 		1.93 		54.307
v -299.4916 		1.93 		53.502
v -320.616 		1.93 		53.953
v -299.2483 		1.93 		53.3067
v -521.768 		37.734 		118.205
v -319.779 		1.93 		53.444
v -300.9795 		1.93 		53.35
v -319.287 		1.93 		53.013
v -315.481 		1.93 		65.438
v -316.188 		1.93 		64.731
v -486.014 		13.103 		8.411
v -317.793 		1.93 		63.126
v -318.5 		1.93 		62.419
v -299.658 		1.93 		123.679
v -300.638 		1.93 		123.679
v -300.638 		1.93 		124.09
v -521.768 		37.44 		117.924
v -299.192 		1.93 		124.09
v -304.3401 		1.93 		53.121
v -486.284 		13.231 		8.255
v -304.499 		1.93 		53.042
v -486.222 		13.103 		8.444
v -299.192 		1.93 		125.388
v -303.4021 		1.93 		53.4455
v -303.8242 		1.93 		53.35
v -299.192 		1.93 		126.933
v -299.192 		1.93 		125.802
v -304.196 		1.93 		54.154
v -297.639 		1.93 		125.802
v -297.639 		1.93 		125.388
v -486.15 		13.231 		8.223
v -297.543 		1.93 		123.679
v -297.543 		1.93 		124.09
v -486.119 		13.103 		8.419
v -297.543 		1.93 		126.933
v -303.101 		1.93 		54.435
v -302.8933 		1.93 		54.4487
v -521.768 		36.975 		117.837
v -302.004 		1.93 		54.4487
v -299.658 		1.93 		127.347
v -521.768 		37.212 		117.837
v -301.5665 		1.93 		54.3615
v -297.543 		1.93 		127.347
v -521.768 		37.328 		117.87
v -302.8604 		1.93 		53.5777
v -302.3036 		1.93 		53.59
v -302.043 		1.93 		53.5843
v -301.3152 		1.93 		53.4398
v -521.768 		37.094 		117.826
v -315.955 		2.636 		118.681
v -315.955 		1.93 		118.681
v -316.506 		2.636 		118.681
v -316.506 		1.93 		118.681
v -317.959 		2.636 		118.681
v -317.959 		1.93 		118.681
v -318.425 		2.636 		118.681
v -318.425 		1.93 		118.681
v -311.538 		2.636 		118.638
v -486.014 		13.231 		8.212
v -311.682 		1.93 		118.6451
v -312.124 		1.93 		118.7524
v -312.2854 		1.93 		118.7721
v -312.087 		2.636 		118.705
v -226.273 		4.8441 		207.574
v -315.264 		1.93 		118.681
v -315.264 		2.636 		118.681
v -226.9334 		4.844 		206.821
v -200.348 		36.424 		120.777
v -519 		4.845 		217.811
v -313.149 		1.93 		118.681
v -313.149 		2.636 		118.681
v -317.959 		1.93 		120.593
v -520.035 		4.845 		217.673
v -317.959 		1.93 		120.194
v -474.035 		20.779 		218.869
v -316.549 		1.93 		120.547
v -316.953 		1.93 		120.319
v -521.968 		38.482 		117.598
v -316.868 		1.93 		120.822
v -317.1129 		1.93 		120.6571
v -317.0191 		1.93 		120.7112
v -317.3398 		1.93 		120.6438
v -519.9158 		1.93 		220.3252
v -522.113 		38.784 		117.267
v -519.914 		1.93 		220.3256
v -519 		1.93 		220.3866
v -519.0019 		1.93 		220.3865
v -521.968 		38.331 		117.352
v -521.852 		37.909 		117.602
v -317.386 		1.93 		120.194
v -521.968 		38.159 		117.136
v -520.812 		1.93 		220.1446
v -317.959 		2.636 		120.194
v -317.959 		2.636 		120.593
v -523.95 		1.93 		218.3106
v -523.2624 		1.93 		218.9204
v -523.261 		1.93 		218.9216
v -520.8138 		1.93 		220.144
v -521.679 		1.93 		219.8466
v -521.968 		37.969 		116.955
v -316.549 		2.636 		120.547
v -316.953 		2.636 		120.319
v -522.5015 		1.93 		219.4356
v -474.173 		21.3 		218.913
v -522.5 		1.93 		219.4366
v -316.868 		2.636 		120.822
v -522.113 		38.6 		116.967
v -317.187 		2.636 		120.638
v -523.9512 		1.93 		218.3092
v -521.6807 		1.93 		219.8458
v -521 		4.845 		217.269
v -474.285 		21.211 		218.891
v -474.412 		21.133 		218.871
v -317.386 		2.636 		120.194
v -229.376 		4.844 		206.821
v -318.425 		1.93 		122.349
v -317.959 		1.93 		121.95
v -227.136 		4.844 		206.59
v -227.862 		4.844 		205.502
v -317.53 		1.93 		122.349
v -316.743 		1.93 		121.065
v -316.7398 		1.93 		121.1608
v -316.7398 		1.93 		121.4672
v -228.2831 		4.844 		204.649
v -316.7789 		1.93 		121.5675
v -316.865 		1.93 		121.732
v -317.0168 		1.93 		121.8372
v -229.203 		4.844 		204.649
v -317.1118 		1.93 		121.8886
v -278.793 		1.93 		113.581
v -228.441 		4.844 		204.329
v -317.2223 		1.93 		121.9013
v -228.862 		4.8439 		203.09
v -317.3384 		1.93 		121.9013
v -316.805 		1.93 		122.233
v -522.864 		4.845 		214.81
v -521.852 		37.44 		117.272
v -229.117 		4.8437 		201.807
v -523 		4.844 		213.762
v -229.203 		4.8436 		200.501
v -316.306 		1.93 		120.876
v -316.225 		1.93 		121.307
v -229.117 		4.8435 		199.195
v -522.464 		4.845 		215.786
v -521.828 		4.845 		216.625
v -228.862 		4.8434 		197.912
v -521.852 		37.606 		117.352
v -228.441 		4.8433 		196.673
v -316.37 		1.93 		121.886
v -521.852 		37.763 		117.463
v -318.425 		2.636 		122.349
v -317.959 		2.636 		121.95
v -317.564 		2.636 		121.95
v -317.53 		2.636 		122.349
v -316.743 		2.636 		121.065
v -316.732 		2.636 		121.391
v -316.865 		2.636 		121.732
v -474.553 		21.068 		218.855
v -317.188 		2.636 		121.907
v -521.968 		37.763 		116.81
v -316.805 		2.636 		122.233
v -521.852 		37.094 		117.206
v -316.225 		2.636 		121.307
v -316.306 		2.636 		120.876
v -521.852 		37.268 		117.223
v -474.803 		21.496 		218.909
v -474.874 		21.462 		218.901
v -316.37 		2.636 		121.886
v -474.95 		21.436 		218.894
v -475.031 		21.417 		218.89
v -475.115 		21.405 		218.887
v -314.798 		1.93 		119.092
v -314.798 		1.93 		120.39
v -314.798 		1.93 		120.804
v -312.368 		1.93 		118.8
v -311.337 		1.93 		119.025
v -521.852 		36.919 		117.223
v -486.086 		13.01 		8.632
v -486.086 		13.01 		8.632
v -486.014 		13.01 		8.627
v -227.862 		4.8432 		195.5
v -227.136 		4.8431 		194.412
v -226.273 		4.843 		193.428
v -486.32 		13.103 		8.485
v -486.222 		13.01 		8.677
v -522.482 		39.057 		116.315
v -486.156 		13.01 		8.649
v -486.086 		13.01 		8.632
v -522.935 		39.38 		115.853
v -522.482 		39.297 		116.705
v -486.086 		13.01 		8.632
v -278.327 		1.93 		113.581
v -276.874 		1.93 		113.581
v -522.7 		39.237 		116.058
v -276.323 		1.93 		113.581
v -275.631 		1.93 		113.581
v -275.165 		1.93 		113.992
v -272.736 		1.93 		113.7
v -522.7 		39.498 		116.484
v -273.516 		1.93 		113.992
v -273.516 		1.93 		113.581
v -272.736 		1.93 		114.143
v -272.6337 		1.93 		114.1074
v -486.178 		12.953 		8.922
v -486.202 		12.953 		8.95
v -272.11 		1.93 		113.548
v -271.3468 		1.93 		113.5755
v -271.5605 		1.93 		113.5396
v -271.6808 		1.93 		113.5452
v -270.3902 		1.93 		114.4326
v -270.499 		1.93 		114.0458
v -270.362 		1.93 		114.557
v -486.386 		13.01 		8.816
v -270.7291 		1.93 		113.8467
v -270.8032 		1.93 		113.7493
v -522.935 		39.659 		116.308
v -270.8808 		1.93 		113.7047
v -486.339 		13.01 		8.761
v -271.9051 		1.93 		113.9535
v -271.704 		1.93 		113.925
v -271.219 		1.93 		113.993
v -270.929 		1.93 		114.196
v -270.832 		1.93 		114.535
v -270.8454 		1.93 		114.648
v -486.284 		13.01 		8.715
v -486.15 		12.953 		8.898
v -269.463 		1.93 		113.581
v -265.152 		1.93 		113.581
v -265.618 		1.93 		113.581
v -267.348 		1.93 		113.992
v -523 		39.6898 		116.2743
v -267.348 		1.93 		113.581
v -523 		39.7543 		116.4125
v -268.998 		1.93 		113.992
v -512.4 		4.8297 		40.1
v -512.4 		4.8295 		38.1
v -283.321 		1.93 		118.579
v -523 		39.4074 		115.8141
v -280.426 		1.93 		118.698
v -279.391 		1.93 		118.528
v -279.8 		1.93 		118.547
v -278.7029 		1.93 		118.6612
v -200.432 		36.859 		120.37
v -278.829 		1.93 		118.603
v -200.348 		36.278 		120.638
v -313.149 		1.93 		119.092
v -278.793 		1.93 		117.249
v -281.206 		1.93 		118.579
v -200.348 		36.147 		120.473
v -312.368 		1.93 		119.243
v -486.119 		12.953 		8.879
v -312.2657 		1.93 		119.2074
v -486.086 		12.953 		8.865
v -312.0649 		1.93 		119.1789
v -282.855 		1.93 		120.288
v -486.05 		12.953 		8.857
v -282.855 		1.93 		118.99
v -282.855 		1.93 		120.702
v -311.5159 		1.93 		120.4487
v -283.321 		1.93 		122.247
v -311.351 		1.93 		120.367
v -282.855 		1.93 		121.833
v -311.915 		1.93 		120.6954
v -281.302 		1.93 		120.288
v -281.302 		1.93 		120.702
v -311.8245 		1.93 		120.5928
v -281.206 		1.93 		118.99
v -313.245 		1.93 		120.804
v -313.245 		1.93 		120.39
v -486.014 		12.953 		8.854
v -280.426 		1.93 		119.141
v -314.798 		2.636 		119.092
v -278.5615 		1.93 		119.7396
v -278.5927 		1.93 		119.7943
v -486.014 		12.933 		9.087
v -280.078 		1.93 		119.02
v -279.394 		1.93 		118.923
v -278.91 		1.93 		118.991
v -278.619 		1.93 		119.194
v -486.246 		12.952 		9.087
v -280.143 		1.93 		120.7237
v -280.2335 		1.93 		120.8263
v -314.798 		2.636 		120.39
v -486.235 		12.952 		9.015
v -278.8415 		1.93 		120.0044
v -279.3449 		1.93 		120.2395
v -279.6534 		1.93 		120.3836
v -314.798 		2.636 		120.804
v -279.8824 		1.93 		120.4915
v -278.8896 		1.93 		120.5285
v -486.221 		12.952 		8.981
v -279.1977 		1.93 		120.6673
v -279.076 		1.93 		120.617
v -278.6816 		1.93 		119.9171
v -312.368 		2.636 		118.8
v -281.206 		1.93 		122.247
v -281.206 		1.93 		121.833
v -311.337 		2.636 		119.025
v -280.288 		1.93 		121.751
v -312.368 		2.636 		119.243
v -486.244 		12.952 		9.05
v -313.149 		2.636 		119.092
v -279.588 		1.93 		121.827
v -280.3688 		1.93 		121.2773
v -312.02 		2.636 		119.122
v -280.3145 		1.93 		121.6381
v -280.3394 		1.93 		121.1377
v -311.351 		2.636 		120.367
v -279.6729 		1.93 		120.9024
v -279.831 		1.93 		121.652
v -279.912 		1.93 		121.36
v -279.8773 		1.93 		121.2562
v -279.7622 		1.93 		120.9668
v -279.4275 		1.93 		121.8408
v -278.6152 		1.93 		121.7885
v -278.8365 		1.93 		121.8429
v -474.705 		21.015 		218.842
v -280.0204 		1.93 		122.072
v -311.912 		2.636 		120.645
v -279.8476 		1.93 		122.1205
v -279.4698 		1.93 		122.2758
v -280.1242 		1.93 		121.9635
v -313.245 		2.636 		120.39
v -313.245 		2.636 		120.804
v -279.1422 		1.93 		121.8818
v -278.9608 		1.93 		122.2794
v -278.8 		1.93 		122.277
v -277.754 		1.93 		115.094
v -276.916 		1.93 		115.447
v -277.321 		1.93 		115.219
v -315.264 		1.93 		122.349
v -278.327 		1.93 		115.094
v -278.327 		1.93 		115.493
v -278.1 		1.93 		115.5062
v -277.4809 		1.93 		115.5571
v -314.798 		1.93 		121.935
v -277.3865 		1.93 		115.6112
v -312.3115 		1.93 		121.3793
v -276.674 		1.93 		115.776
v -276.593 		1.93 		116.207
v -312.231 		1.93 		121.853
v -312.2572 		1.93 		121.7401
v -474.243 		20.682 		218.845
v -277.1333 		1.93 		116.459
v -277.1301 		1.93 		116.3635
v -311.773 		1.93 		121.754
v -312.2821 		1.93 		121.2397
v -312.22 		1.93 		120.994
v -474.865 		20.977 		218.832
v -277.234 		1.93 		115.722
v -277.1472 		1.93 		115.8936
v -277.1075 		1.93 		115.997
v -277.0912 		1.93 		116.1517
v -277.1692 		1.93 		116.5275
v -277.2715 		1.93 		116.6765
v -277.3665 		1.93 		116.7279
v -312.1317 		1.93 		120.862
v -475.031 		20.954 		218.827
v -311.7238 		1.93 		121.0912
v -311.363 		1.93 		120.8766
v -311.7582 		1.93 		121.145
v -474.468 		20.605 		218.825
v -275.165 		1.93 		115.29
v -311.854 		1.93 		121.462
v -311.8408 		1.93 		121.395
v -275.165 		1.93 		115.704
v -474.705 		20.548 		218.811
v -277.898 		1.93 		117.249
v -278.327 		1.93 		116.85
v -277.6306 		1.93 		116.8254
v -313.149 		1.93 		122.349
v -277.8575 		1.93 		116.838
v -276.738 		1.93 		116.786
v -313.149 		1.93 		121.935
v -277.173 		1.93 		117.133
v -277.087 		1.93 		118.579
v -312.1628 		1.93 		121.9412
v -276.621 		1.93 		118.579
v -311.9136 		1.93 		122.2017
v -311.756 		1.93 		122.2667
v -275.631 		1.93 		117.249
v -311.463 		1.93 		122.374
v -311.3607 		1.93 		122.3819
v -474.95 		20.514 		218.803
v -311.531 		1.93 		121.929
v -275.165 		1.93 		116.835
v -272.397 		1.93 		115.6498
v -315.264 		2.636 		122.349
v -272.4341 		1.93 		115.7048
v -272.588 		1.93 		115.894
v -314.798 		2.636 		121.935
v -272.688 		1.93 		116.369
v -273.612 		1.93 		115.704
v -273.612 		1.93 		115.29
v -312.32 		2.636 		121.469
v -312.231 		2.636 		121.853
v -272.3068 		1.93 		115.5804
v -271.8756 		1.93 		115.3333
v -272.0682 		1.93 		115.4195
v -311.773 		2.636 		121.754
v -312.22 		2.636 		120.994
v -271.3862 		1.93 		115.6161
v -270.7942 		1.93 		115.3264
v -270.569 		1.93 		115.164
v -311.692 		2.636 		121.051
v -270.4631 		1.93 		114.9706
v -270.4293 		1.93 		114.9197
v -270.4023 		1.93 		114.7921
v -270.928 		1.93 		115.4163
v -311.809 		2.636 		121.234
v -311.854 		2.636 		121.462
v -471.765 		20.376 		219.409
v -270.8822 		1.93 		114.7497
v -270.957 		1.93 		114.881
v -271.1865 		1.93 		115.0278
v -271.3461 		1.93 		115.1152
v -472.053 		20.074 		219.334
v -270.599 		1.93 		116.691
v -271.9684 		1.93 		115.8929
v -271.7037 		1.93 		115.7743
v -272.222 		1.93 		116.362
v -272.1712 		1.93 		116.153
v -272.1365 		1.93 		116.049
v -272.141 		1.93 		116.654
v -272.4342 		1.93 		116.9648
v -272.598 		1.93 		116.753
v -274.029 		1.93 		118.579
v -273.516 		1.93 		117.249
v -273.516 		1.93 		116.835
v -471.765 		19.893 		219.509
v -270.436 		1.93 		117.105
v -271.952 		1.93 		117.2293
v -271.83 		1.93 		117.274
v -271.453 		1.93 		117.2853
v -271.2413 		1.93 		117.2868
v -270.6342 		1.93 		117.1562
v -272.3304 		1.93 		117.0733
v -271.351 		1.93 		116.876
v -271.898 		1.93 		116.829
v -523 		39.4842 		115.9391
v -270.727 		1.93 		118.738
v -271.966 		1.93 		118.579
v -487.34 		14.493 		8.411
v -278.052 		1.93 		119.556
v -278.0805 		1.93 		119.4313
v -278.1081 		1.93 		119.221
v -487.218 		14.493 		8.212
v -278.2577 		1.93 		118.971
v -278.3315 		1.93 		118.8737
v -522.935 		39.062 		115.455
v -523 		39.1731 		115.5208
v -523 		39.0857 		115.411
v -278.522 		1.93 		119.533
v -278.5276 		1.93 		119.58
v -471.45 		20.222 		219.591
v -278.377 		1.93 		120.2616
v -522.7 		38.939 		115.684
v -278.3062 		1.93 		120.1908
v -278.1608 		1.93 		120.0143
v -278.1169 		1.93 		119.8617
v -471.199 		20.092 		219.797
v -276.621 		1.93 		120.129
v -471.535 		19.74 		219.71
v -276.621 		1.93 		120.543
v -275.072 		1.93 		120.129
v -275.072 		1.93 		120.543
v -278.126 		1.93 		122.103
v -523 		4.829 		36.579
v -522.966 		4.829 		36.051
v -277.087 		1.93 		122.247
v -274.976 		1.93 		121.833
v -276.621 		1.93 		121.833
v -274.976 		1.93 		122.247
v -471.368 		19.62 		219.932
v -278.289 		1.93 		121.689
v -522.864 		4.829 		35.531
v -471.2783 		19.5436 		220.1442
v -471.2348 		19.5925 		220.1519
v -273.563 		1.93 		118.99
v -270.827 		1.93 		120.417
v -270.734 		1.93 		119.595
v -270.454 		1.93 		119.102
v -271.319 		1.93 		120.421
v -271.171 		1.93 		119.369
v -520.531 		4.829 		32.838
v -271.966 		1.93 		118.99
v -521 		4.829 		33.072
v -521.435 		4.829 		33.366
v -521.828 		4.829 		33.716
v -270.724 		1.93 		122.094
v -522.464 		4.829 		34.554
v -271.17 		1.93 		121.466
v -274.029 		1.93 		122.247
v -273.563 		1.93 		122.247
v -472.395 		20.282 		219.185
v -472.395 		19.801 		219.266
v -270.451 		1.93 		121.725
v -270.733 		1.93 		121.235
v -267.444 		1.93 		115.704
v -267.444 		1.93 		115.29
v -268.998 		1.93 		115.29
v -268.998 		1.93 		115.704
v -269.987 		1.93 		118.528
v -269.593 		1.93 		118.582
v -200.432 		36.747 		120.315
v -269.264 		1.93 		118.745
v -269.463 		1.93 		117.249
v -200.432 		36.641 		120.24
v -519.853 		4.829 		32.631
v -268.998 		1.93 		116.835
v -519 		4.845 		32.532
v -519.522 		4.839 		32.566
v -266.668 		1.93 		116.835
v -267.348 		1.93 		117.249
v -267.348 		1.93 		116.835
v -266.668 		1.93 		117.249
v -200.432 		36.542 		120.146
v -268.006 		1.93 		118.579
v -267.54 		1.93 		118.579
v -200.432 		36.453 		120.035
v -264.105 		1.93 		116.835
v -265.152 		1.93 		116.835
v -265.618 		1.93 		116.835
v -264.105 		1.93 		117.249
v -264.922 		1.93 		118.579
v -264.456 		1.93 		118.579
v -268.807 		1.93 		119.39
v -269 		1.93 		119.016
v -524.553 		1.93 		217.6136
v -200.432 		36.375 		119.908
v -269.987 		1.93 		118.938
v -524.554 		1.93 		217.6121
v -269.8782 		1.93 		118.9674
v -269.5422 		1.93 		119.0811
v -269.4475 		1.93 		119.2001
v -269.2555 		1.93 		119.544
v -525.062 		1.93 		216.8426
v -525.0628 		1.93 		216.841
v -525.467 		1.93 		216.0106
v -269.1675 		1.93 		120.0253
v -269.1675 		1.93 		120.6748
v -268.6664 		1.93 		120.61
v -525.4676 		1.93 		216.0089
v -268.6776 		1.93 		120.4459
v -268.691 		1.93 		119.855
v -267.54 		1.93 		120.402
v -266.968 		1.93 		120.412
v -266.8551 		1.93 		120.4323
v -266.5233 		1.93 		120.5156
v -266.4551 		1.93 		120.5656
v -266.3103 		1.93 		120.7018
v -266.5178 		1.93 		120.092
v -266.656 		1.93 		120.037
v -267.54 		1.93 		120.003
v -269.98 		1.93 		122.303
v -269.587 		1.93 		122.248
v -512.4 		5.048 		40.1
v -512.4 		5.048 		38.1
v -313.149 		2.636 		122.349
v -313.149 		2.636 		121.935
v -311.999 		2.636 		122.153
v -522.113 		37.909 		116.308
v -311.463 		2.636 		122.374
v -522.113 		38.159 		116.484
v -311.531 		2.636 		121.929
v -522.113 		38.391 		116.705
v -323.863 		2.636 		124.09
v -323.863 		1.93 		124.09
v -324.329 		2.636 		123.679
v -324.329 		1.93 		123.679
v -323.863 		2.636 		126.933
v -323.863 		1.93 		126.933
v -200.348 		36.031 		120.285
v -323.863 		2.636 		125.388
v -323.863 		1.93 		125.388
v -323.863 		2.636 		125.802
v -323.863 		1.93 		125.802
v -200.348 		35.934 		120.076
v -322.214 		1.93 		124.09
v -322.214 		1.93 		123.679
v -200.348 		35.856 		119.852
v -320.664 		1.93 		123.6399
v -320.848 		1.93 		123.6843
v -321.2356 		1.93 		123.7309
v -321.434 		1.93 		123.798
v -319.54 		1.93 		123.825
v -320.003 		1.93 		123.658
v -320.4273 		1.93 		123.6432
v -319.53 		1.93 		124.633
v -522.113 		37.372 		116.102
v -521.968 		37.322 		116.641
v -521.968 		37.094 		116.62
v -319.5639 		1.93 		124.7926
v -319.5695 		1.93 		124.8396
v -319.6009 		1.93 		124.8943
v -320.402 		1.93 		124.023
v -200.232 		35.705 		120.642
v -319.918 		1.93 		124.091
v -522.113 		37.094 		116.076
v -319.627 		1.93 		124.294
v -522.113 		37.645 		116.18
v -521.968 		37.547 		116.705
v -200.087 		35.248 		120.642
v -321.434 		1.93 		124.241
v -321.1883 		1.93 		124.1556
v -320.7054 		1.93 		124.0871
v -322.214 		2.636 		124.09
v -322.214 		2.636 		123.679
v -200.087 		35.125 		120.285
v -321.434 		2.636 		123.798
v -521.968 		36.865 		116.641
v -320.808 		2.636 		123.647
v -200.232 		35.578 		120.37
v -200.232 		35.477 		120.076
v -319.54 		2.636 		123.825
v -320.003 		2.636 		123.658
v -319.53 		2.636 		124.633
v -200.087 		35.036 		119.908
v -319.549 		2.636 		124.793
v -320.402 		2.636 		124.023
v -319.918 		2.636 		124.091
v -319.627 		2.636 		124.294
v -321.434 		2.636 		124.241
v -322.31 		1.93 		125.388
v -322.31 		1.93 		125.802
v -522.286 		38.844 		116.62
v -522.286 		38.6 		116.315
v -200.483 		36.816 		119.638
v -322.214 		1.93 		126.933
v -200.483 		36.771 		119.581
v -319.6899 		1.93 		125.0171
v -321.1328 		1.93 		125.8028
v -200.483 		36.731 		119.517
v -522.482 		38.784 		115.973
v -320.3055 		1.93 		125.3222
v -200.483 		36.698 		119.446
v -320.0817 		1.93 		125.2085
v -200.483 		36.672 		119.369
v -320.638 		1.93 		125.4585
v -522.286 		38.041 		115.853
v -321.0058 		1.93 		125.6787
v -320.7664 		1.93 		125.5185
v -269.171 		1.93 		120.878
v -269.2075 		1.93 		121.0291
v -269.4489 		1.93 		121.6313
v -269.5439 		1.93 		121.7483
v -320.2903 		1.93 		125.7997
v -269.8736 		1.93 		121.8599
v -269.98 		1.93 		121.889
v -269.259 		1.93 		122.084
v -319.586 		1.93 		125.492
v -319.8321 		1.93 		125.5999
v -268.997 		1.93 		121.811
v -268.805 		1.93 		121.437
v -268.7111 		1.93 		120.911
v -268.006 		1.93 		122.247
v -321.2589 		1.93 		126.9315
v -266.992 		1.93 		122.247
v -321.286 		1.93 		125.992
v -321.3481 		1.93 		126.2377
v -321.3775 		1.93 		126.3773
v -266.291 		1.93 		121.536
v -266.572 		1.93 		121.77
v -266.9024 		1.93 		121.8251
v -267.187 		1.93 		121.848
v -267.54 		1.93 		121.848
v -266.2648 		1.93 		120.8474
v -522.286 		38.331 		116.058
v -321.285 		1.93 		126.8186
v -472.138 		19.595 		219.435
v -472.785 		19.562 		219.206
v -266.275 		1.93 		122.128
v -265.8236 		1.93 		120.6284
v -265.858 		1.93 		120.544
v -265.9544 		1.93 		120.4499
v -320.8348 		1.93 		126.1472
v -320.8692 		1.93 		126.251
v -320.596 		1.93 		126.927
v -320.839 		1.93 		126.752
v -320.92 		1.93 		126.46
v -320.7231 		1.93 		126.0743
v -264.456 		1.93 		120.402
v -522.7 		38.609 		115.37
v -522.482 		38.482 		115.684
v -320.05 		1.93 		126.974
v -522.482 		38.156 		115.455
v -467.986 		13.39 		8.034
v -322.31 		2.636 		125.388
v -322.31 		2.636 		125.802
v -264.456 		1.93 		120.003
v -467.986 		13.576 		7.883
v -262.7389 		1.93 		120.6284
v -262.8303 		1.93 		120.4752
v -322.214 		2.636 		126.933
v -263.404 		1.93 		120.088
v -263.979 		1.93 		120.003
v -467.986 		13.785 		7.761
v -263.9477 		1.93 		120.4161
v -263.7013 		1.93 		120.4305
v -320.417 		2.636 		125.366
v -263.5347 		1.93 		120.4722
v -263.4318 		1.93 		120.531
v -263.268 		1.93 		120.651
v -467.986 		14.011 		7.671
v -262.968 		1.93 		120.31
v -320.854 		2.636 		125.57
v -265.845 		1.93 		121.769
v -522.7 		38.254 		115.119
v -320.423 		2.636 		125.859
v -522.935 		38.71 		115.119
v -319.586 		2.636 		125.492
v -467.986 		14.249 		7.617
v -319.656 		2.636 		124.979
v -522.935 		38.331 		114.852
v -471.934 		19.423 		219.631
v -510.176 		4.8411 		172.881
v -471.785 		19.288 		219.849
v -523 		38.8263 		115.1635
v -467.822 		13.39 		8.047
v -471.7 		19.1892 		220.0879
v -471.6947 		19.1925 		220.0884
v -471.695 		19.193 		220.086
v -523 		38.7295 		115.0711
v -523 		38.4502 		114.8744
v -523 		38.3457 		114.8009
v -471.66 		19.2209 		220.093
v -511.5114 		4.8304 		49.152
v -467.614 		13.576 		7.942
v -467.661 		13.39 		8.086
v -472.564 		19.333 		219.371
v -265.702 		1.93 		121.171
v -265.7135 		1.93 		121.071
v -467.508 		13.39 		8.149
v -266.197 		1.93 		121.146
v -264.922 		1.93 		122.247
v -467.798 		13.576 		7.897
v -321.297 		2.636 		126.851
v -200.432 		36.309 		119.767
v -321.286 		2.636 		125.992
v -200.432 		36.257 		119.615
v -321.386 		2.636 		126.467
v -522.286 		37.094 		115.584
v -505.7538 		1.93 		206.06
v -505.75 		1.93 		206.0678
v -522.286 		37.417 		115.614
v -505.0053 		1.93 		206.4129
v -505.321 		1.93 		206.3588
v -505 		1.93 		206.4138
v -522.286 		37.734 		115.705
v -467.779 		13.785 		7.777
v -264.456 		1.93 		121.848
v -262.76 		1.93 		121.769
v -262.618 		1.93 		121.171
v -262.6295 		1.93 		121.071
v -505.996 		1.93 		205.1328
v -505.9933 		1.93 		205.1246
v -522.482 		37.094 		115.153
v -505.9431 		1.93 		204.8708
v -522.482 		37.456 		115.187
v -505.9888 		1.93 		205.5024
v -505.9891 		1.93 		205.4947
v -263.1755 		1.93 		120.8353
v -263.1299 		1.93 		120.9808
v -263.113 		1.93 		121.146
v -467.576 		13.785 		7.825
v -263.207 		1.93 		121.536
v -263.488 		1.93 		121.77
v -263.8191 		1.93 		121.8251
v -264.1037 		1.93 		121.848
v -263.908 		1.93 		122.247
v -263.192 		1.93 		122.128
v -262.192 		1.93 		122.247
v -522.482 		37.812 		115.288
v -274.538 		1.93 		124.966
v -275.245 		1.93 		125.643
v -275.824 		1.93 		126.433
v -274.471 		1.93 		126.583
v -522.7 		37.878 		114.937
v -272.2617 		1.93 		123.9986
v -273.1584 		1.93 		124.2744
v -273.4955 		1.93 		124.373
v -273.9011 		1.93 		124.6068
v -522.7 		37.489 		114.827
v -271.494 		1.93 		123.933
v -271.9128 		1.93 		123.9606
v -320.803 		2.636 		126.107
v -320.92 		2.636 		126.46
v -522.7 		37.094 		114.79
v -270.52 		1.93 		124.039
v -320.596 		2.636 		126.927
v -467.384 		13.785 		7.905
v -320.839 		2.636 		126.752
v -467.44 		13.576 		8.014
v -273.962 		1.93 		126.052
v -273.5823 		1.93 		125.773
v -273.2911 		1.93 		125.5779
v -272.7106 		1.93 		125.3374
v -272.3786 		1.93 		125.2248
v -272.1168 		1.93 		125.1961
v -271.3369 		1.93 		125.1243
v -271.0747 		1.93 		125.153
v -270.6091 		1.93 		125.2248
v -276.0767 		1.93 		127.0077
v -276.256 		1.93 		127.4402
v -467.207 		13.785 		8.014
v -276.3264 		1.93 		130.1319
v -275.1646 		1.93 		128.2442
v -275.1359 		1.93 		127.9821
v -467.278 		13.576 		8.113
v -274.5582 		1.93 		131.0202
v -320.05 		2.636 		126.974
v -274.6949 		1.93 		130.795
v -274.9219 		1.93 		130.3819
v -275.0345 		1.93 		130.0498
v -275.166 		1.93 		129.597
v -275.246 		1.93 		128.867
v -275.0233 		1.93 		127.6504
v -274.852 		1.93 		127.211
v -276.3091 		1.93 		127.7869
v -324.329 		1.93 		127.347
v -324.329 		2.636 		127.347
v -276.4585 		1.93 		128.3969
v -276.4861 		1.93 		128.8157
v -276.4175 		1.93 		129.4398
v -276.4099 		1.93 		129.7912
v -321.1551 		1.93 		127.04
v -320.944 		2.636 		127.22
v -320.944 		1.93 		127.22
v -276.1507 		1.93 		130.7348
v -320.529 		2.636 		127.372
v -322.214 		2.636 		127.347
v -268.5475 		1.93 		124.9007
v -268.8556 		1.93 		124.7322
v -269.581 		1.93 		124.314
v -319.7736 		1.93 		127.3296
v -267.2012 		1.93 		126.4258
v -319.808 		2.636 		127.377
v -319.5616 		1.93 		127.3311
v -467.048 		13.785 		8.149
v -267.6649 		1.93 		125.7312
v -267.8195 		1.93 		125.5548
v -320.529 		1.93 		127.372
v -322.214 		1.93 		127.347
v -268.0934 		1.93 		125.335
v -270.2773 		1.93 		125.3374
v -269.838 		1.93 		125.508
v -269.21 		1.93 		125.89
v -268.679 		1.93 		126.398
v -268.4 		1.93 		126.7784
v -267.071 		1.93 		126.6209
v -319.1026 		1.93 		124.4261
v -319.1979 		1.93 		124.1438
v -319.3105 		1.93 		124.0241
v -473.035 		19.113 		219.316
v -505.5521 		1.93 		204.3577
v -505.323 		1.93 		204.2436
v -319.083 		1.93 		124.887
v -200.432 		36.219 		119.455
v -505.5586 		1.93 		204.3634
v -319.0809 		1.93 		124.6187
v -319.0741 		1.93 		124.5508
v -505.3157 		1.93 		204.2419
v -505 		1.93 		204.1868
v -317.799 		1.93 		123.679
v -318.265 		1.93 		123.679
v -319.157 		2.636 		124.232
v -521.717 		36.731 		118.722
v -319.083 		2.636 		124.887
v -319.06 		2.636 		124.656
v -521.717 		36.771 		118.658
v -467.765 		14.011 		7.689
v -521.717 		36.816 		118.602
v -200.483 		36.652 		119.289
v -200.483 		36.641 		119.205
v -200.483 		36.641 		119.035
v -200.483 		36.637 		119.12
v -200.483 		36.652 		118.951
v -200.483 		36.672 		118.87
v -467.532 		14.249 		7.689
v -200.483 		36.698 		118.793
v -467.549 		14.011 		7.741
v -521.768 		36.375 		118.332
v -317.799 		2.636 		123.679
v -318.265 		2.636 		123.679
v -319.3608 		1.93 		125.3296
v -319.1203 		1.93 		124.9717
v -467.756 		14.249 		7.635
v -319.2502 		1.93 		125.2364
v -317.799 		1.93 		125.502
v -317.5991 		1.93 		125.108
v -317.799 		1.93 		125.103
v -472.388 		19.144 		219.562
v -496.854 		1.93 		77.227
v -496.854 		1.93 		81.007
v -496.481 		1.93 		81.007
v -496.481 		1.93 		77.227
v -467.344 		14.011 		7.826
v -497.373 		1.93 		82.311
v -472.26 		18.997 		219.777
v -497.373 		1.93 		87.043
v -497.056 		1.93 		89.978
v -499.001 		1.93 		89.978
v -498.527 		1.93 		89.978
v -466.985 		14.011 		8.086
v -500.1095 		1.93 		91.901
v -499.9646 		1.93 		92.4598
v -500.066 		1.93 		93.646
v -499.821 		1.93 		93.114
v -499.9365 		1.93 		92.5896
v -472.89 		18.909 		219.504
v -499.949 		1.93 		96.56
v -500.097 		1.93 		96.974
v -200.432 		36.196 		119.289
v -467.122 		14.249 		7.898
v -499.023 		1.93 		91.5677
v -472.785 		18.751 		219.716
v -498.8452 		1.93 		90.8728
v -498.764 		1.93 		90.481
v -467.154 		14.011 		7.942
v -200.432 		36.188 		119.12
v -498.643 		1.93 		91.266
v -472.182 		18.894 		220.012
v -319.297 		1.93 		126.789
v -317.799 		1.93 		126.948
v -467.319 		14.249 		7.777
v -472.721 		18.642 		219.949
v -316.9757 		1.93 		125.132
v -316.7378 		1.93 		125.204
v -316.7566 		1.93 		125.6421
v -316.962 		1.93 		125.551
v -316.6537 		1.93 		125.7009
v -466.947 		14.249 		8.047
v -521.852 		35.856 		118.388
v -472.1791 		18.8877 		220.0401
v -316.5195 		1.93 		125.9353
v -472.7168 		18.6304 		219.9992
v -496.59 		1.93 		92.101
v -472.2455 		18.856 		220.035
v -521.768 		36.257 		118.625
v -496.59 		1.93 		91.687
v -496.59 		1.93 		90.389
v -521.768 		36.309 		118.473
v -498.106 		1.93 		93.646
v -499.574 		1.93 		93.646
v -467.986 		14.493 		7.598
v -497.056 		1.93 		93.646
v -497.607 		1.93 		93.646
v -467.754 		14.493 		7.617
v -496.59 		1.93 		93.232
v -499.546 		1.93 		95.425
v -499.069 		1.93 		95.425
v -498.866 		1.93 		95.425
v -498.866 		1.93 		95.68
v -498.433 		1.93 		95.78
v -497.967 		1.93 		95.78
v -467.311 		14.493 		7.761
v -496.3624 		1.93 		95.8949
v -467.111 		14.493 		7.883
v -496.362 		1.93 		95.425
v -496.828 		1.93 		95.425
v -497.538 		1.93 		95.68
v -497.538 		1.93 		95.425
v -266.875 		1.93 		130.846
v -496.3999 		1.93 		98.2635
v -496.3671 		1.93 		97.6508
v -266.7538 		1.93 		130.3942
v -266.5774 		1.93 		129.7912
v -266.5695 		1.93 		129.4398
v -266.5015 		1.93 		128.8157
v -266.8917 		1.93 		127.0534
v -467.526 		14.493 		7.671
v -267.8231 		1.93 		129.4898
v -267.8518 		1.93 		129.7516
v -267.8518 		1.93 		127.9821
v -267.8231 		1.93 		128.2442
v -498.433 		1.93 		98.734
v -498.866 		1.93 		98.834
v -498.866 		1.93 		99.093
v -268.2049 		1.93 		127.0699
v -267.9644 		1.93 		127.6504
v -267.741 		1.93 		128.867
v -267.9644 		1.93 		130.0836
v -268.2049 		1.93 		130.6641
v -268.4 		1.93 		130.9553
v -497.967 		1.93 		98.734
v -266.555 		1.93 		128.469
v -266.664 		1.93 		127.639
v -496.392 		1.93 		98.46
v -496.41 		1.93 		98.46
v -497.538 		1.93 		99.093
v -497.538 		1.93 		98.834
v -496.828 		1.93 		99.093
v -496.262 		1.93 		99.093
v -316.0302 		1.93 		125.9293
v -316.0764 		1.93 		125.745
v -270.391 		1.93 		132.447
v -270.391 		1.93 		133.801
v -272.696 		1.93 		133.781
v -466.934 		14.493 		8.035
v -316.1337 		1.93 		125.6762
v -316.313 		1.93 		125.41
v -316.5008 		1.93 		125.2893
v -272.744 		1.93 		133.772
v -275.7073 		1.93 		131.6075
v -275.4996 		1.93 		131.8908
v -274.7915 		1.93 		132.6572
v -506.1981 		1.93 		77.5918
v -274.4326 		1.93 		132.9703
v -506.2712 		1.93 		77.648
v -315.961 		1.93 		126.271
v -274.244 		1.93 		133.096
v -272.696 		1.93 		132.413
v -316.105 		1.93 		126.869
v -274.442 		1.93 		131.1525
v -505.5894 		1.93 		77.2831
v -505.6823 		1.93 		77.3155
v -273.2592 		1.93 		132.1353
v -273.5009 		1.93 		132.0291
v -316.457 		1.93 		126.246
v -316.551 		1.93 		126.636
v -504.1859 		1.93 		77.5627
v -504.268 		1.93 		77.5176
v -504.588 		1.93 		77.328
v -272.8461 		1.93 		132.3623
v -273.7795 		1.93 		131.815
v -274.147 		1.93 		131.52
v -316.832 		1.93 		126.87
v -505.046 		1.93 		77.239
v -505.1562 		1.93 		77.2456
v -316.4739 		1.93 		126.0808
v -275.8485 		1.93 		131.2858
v -505.7498 		1.93 		77.8005
v -270.244 		1.93 		133.772
v -505.4986 		1.93 		77.6944
v -505.405 		1.93 		77.6669
v -505.128 		1.93 		77.6498
v -319.21 		2.636 		125.175
v -505.041 		1.93 		77.6528
v -504.6836 		1.93 		77.7652
v -504.6195 		1.93 		77.7896
v -269.4717 		1.93 		132.0191
v -269.9675 		1.93 		132.2308
v -269.21 		1.93 		131.844
v -504.0978 		1.93 		77.6707
v -268.3976 		1.93 		132.8317
v -268.1158 		1.93 		132.6069
v -267.0435 		1.93 		131.154
v -268.744 		1.93 		133.096
v -506.726 		1.93 		78.6633
v -317.799 		2.636 		125.502
v -268.679 		1.93 		131.335
v -506.694 		1.93 		79.4906
v -267.896 		1.93 		132.3329
v -267.2289 		1.93 		131.5305
v -506.221 		1.93 		79.644
v -317.799 		2.636 		125.103
v -506.7004 		1.93 		79.7365
v -506.4913 		1.93 		77.9485
v -506.544 		1.93 		78.026
v -506.5769 		1.93 		78.1233
v -274.244 		1.93 		149.433
v -272.744 		1.93 		149.433
v -467.986 		12.933 		9.087
v -200.432 		36.196 		118.951
v -270.244 		1.93 		149.433
v -268.744 		1.93 		149.433
v -467.986 		12.953 		8.854
v -200.432 		36.219 		118.785
v -319.297 		2.636 		126.789
v -506.0664 		1.93 		78.1647
v -506.2304 		1.93 		79.5171
v -506.2468 		1.93 		78.8186
v -506.215 		1.93 		78.6396
v -317.799 		2.636 		126.948
v -506.1026 		1.93 		78.2245
v -504.1399 		1.93 		79.5823
v -503.813 		1.93 		78.025
v -504.569 		1.93 		77.8331
v -504.3458 		1.93 		78.025
v -521.768 		36.747 		117.924
v -504.2568 		1.93 		78.1913
v -504.2085 		1.93 		78.2872
v -504.1265 		1.93 		78.5986
v -504.1112 		1.93 		78.6823
v -504.0995 		1.93 		79.2972
v -504.1054 		1.93 		79.4832
v -521.768 		36.859 		117.87
v -505.7995 		1.93 		77.844
v -506.125 		1.93 		79.9398
v -506.5825 		1.93 		80.0783
v -506.543 		1.93 		80.216
v -506.301 		1.93 		80.566
v -467.986 		13.01 		8.627
v -506.0427 		1.93 		80.0983
v -506.1026 		1.93 		80.0155
v -505.969 		1.93 		80.82
v -505.9016 		1.93 		80.8479
v -521.768 		36.542 		118.093
v -467.986 		13.103 		8.411
v -521.768 		36.641 		117.999
v -467.986 		13.231 		8.212
v -521.768 		36.453 		118.205
v -265.195 		8.787 		215.827
v -264.794 		8.787 		215.606
v -264.424 		8.787 		215.336
v -266.066 		8.787 		216.102
v -265.622 		8.787 		215.993
v -265.805 		8.787 		213.692
v -265.948 		8.787 		213.795
v -265.474 		8.787 		213.28
v -265.567 		8.787 		213.431
v -266.102 		8.787 		213.88
v -265.677 		8.787 		213.569
v -265.403 		8.787 		213.117
v -467.778 		13.103 		8.444
v -200.348 		35.766 		119.369
v -200.348 		35.8 		119.615
v -263.257 		8.787 		213.413
v -264.094 		8.787 		215.02
v -263.807 		8.787 		214.662
v -263.57 		8.787 		214.271
v -263.385 		8.787 		213.852
v -266.521 		8.787 		216.151
v -267.871 		8.787 		215.943
v -267.432 		8.787 		216.072
v -266.979 		8.787 		216.142
v -267.964 		8.787 		213.062
v -467.85 		13.231 		8.223
v -267.9 		8.787 		213.227
v -467.881 		13.103 		8.419
v -267.815 		8.787 		213.381
v -504.2731 		1.93 		80.7414
v -267.71 		8.787 		213.525
v -504.1892 		1.93 		80.6815
v -504.1259 		1.93 		80.5972
v -267.588 		8.787 		213.652
v -267.45 		8.787 		213.763
v -267.299 		8.787 		213.854
v -504.2086 		1.93 		79.9522
v -267.136 		8.787 		213.926
v -505.466 		1.93 		80.551
v -504.9057 		1.93 		80.5276
v -266.967 		8.787 		213.975
v -266.792 		8.787 		214.003
v -504.4427 		1.93 		80.3065
v -504.489 		1.93 		80.366
v -504.748 		1.93 		80.521
v -504.8194 		1.93 		80.5355
v -266.615 		8.787 		214.006
v -505.846 		1.93 		80.366
v -266.44 		8.787 		213.987
v -266.268 		8.787 		213.944
v -269.355 		8.787 		214.905
v -269.039 		8.787 		215.235
v -268.682 		8.787 		215.521
v -268.29 		8.787 		215.759
v -467.472 		13.231 		8.379
v -270.121 		8.787 		213.263
v -270.012 		8.787 		213.707
v -269.847 		8.787 		214.134
v -269.626 		8.787 		214.535
v -263.178 		8.787 		212.502
v -263.227 		8.787 		212.047
v -263.336 		8.787 		211.603
v -263.502 		8.787 		211.176
v -263.187 		8.787 		212.961
v -265.353 		8.787 		212.948
v -265.326 		8.787 		212.773
v -265.385 		8.787 		212.249
v -265.343 		8.787 		212.421
v -265.324 		8.787 		212.596
v -265.638 		8.787 		211.786
v -265.534 		8.787 		211.929
v -200.232 		35.403 		119.767
v -265.898 		8.787 		211.548
v -265.761 		8.787 		211.658
v -266.05 		8.787 		211.455
v -266.211 		8.787 		211.385
v -200.232 		35.359 		119.446
v -200.087 		34.981 		119.517
v -505.3748 		1.93 		80.9876
v -505.294 		1.93 		80.999
v -504.7415 		1.93 		80.9288
v -504.5634 		1.93 		80.9007
v -317.119 		2.636 		125.12
v -521.852 		35.934 		118.163
v -503.656 		1.93 		78.466
v -316.962 		2.636 		125.551
v -503.6131 		1.93 		79.5372
v -503.649 		1.93 		78.7115
v -503.6408 		1.93 		78.5791
v -316.612 		2.636 		125.751
v -503.7021 		1.93 		79.9118
v -521.852 		36.031 		117.955
v -503.7435 		1.93 		80.0501
v -507.971 		1.93 		87.043
v -316.118 		2.636 		125.644
v -521.852 		36.147 		117.767
v -316.313 		2.636 		125.41
v -507.971 		1.93 		82.311
v -508.367 		1.93 		89.978
v -508.367 		1.93 		93.646
v -508.1211 		1.93 		93.6442
v -503.879 		1.93 		89.934
v -504.38 		1.93 		89.964
v -504.4731 		1.93 		89.9965
v -507.901 		1.93 		89.978
v -315.961 		2.636 		126.271
v -316.105 		2.636 		126.869
v -316.551 		2.636 		126.636
v -316.457 		2.636 		126.246
v -467.716 		13.231 		8.255
v -316.832 		2.636 		126.87
v -200.232 		35.359 		118.793
v -467.589 		13.231 		8.307
v -521.968 		35.403 		118.473
v -521.852 		35.8 		118.625
v -315.155 		1.93 		123.679
v -200.232 		35.344 		119.12
v -200.087 		34.963 		119.12
v -521.968 		35.477 		118.163
v -314.689 		1.93 		123.679
v -311.462 		1.93 		124.202
v -311.742 		1.93 		124.695
v -312.179 		1.93 		124.469
v -522.113 		35.125 		117.955
v -311.735 		1.93 		123.838
v -522.113 		35.036 		118.332
v -313.236 		1.93 		123.679
v -312.685 		1.93 		123.679
v -299.205 		2.636 		40.015
v -200.348 		35.766 		118.87
v -521.968 		35.578 		117.87
v -315.155 		2.636 		123.679
v -300.007 		2.636 		39.627
v -300.007 		2.636 		39.962
v -314.689 		2.636 		123.679
v -200.348 		35.754 		119.12
v -472.8426 		18.5861 		219.9922
v -503.2971 		1.93 		90.0945
v -311.462 		2.636 		124.202
v -501.079 		1.93 		89.978
v -311.742 		2.636 		124.695
v -500.609 		1.93 		89.978
v -312.179 		2.636 		124.469
v -503.8013 		1.93 		89.9454
v -311.735 		2.636 		123.838
v -506.2984 		1.93 		92.0158
v -506.5989 		1.93 		91.6677
v -506.654 		1.93 		91.617
v -506.793 		1.93 		91.5729
v -507.0458 		1.93 		91.462
v -265.449 		8.787 		212.083
v -507.901 		1.93 		91.801
v -473.217 		19.36 		219.156
v -507.3898 		1.93 		91.8275
v -507.2194 		1.93 		91.84
v -506.9229 		1.93 		91.9766
v -506.866 		1.93 		92.01
v -507.7662 		1.93 		91.4082
v -507.901 		1.93 		91.406
v -506.2585 		1.93 		92.0935
v -263.723 		8.787 		210.775
v -263.992 		8.787 		210.406
v -264.31 		8.787 		210.075
v -264.667 		8.787 		209.789
v -473.543 		18.938 		219.272
v -467.844 		13.01 		8.649
v -505.2664 		1.93 		90.5354
v -505.4178 		1.93 		90.8468
v -473.432 		18.722 		219.457
v -505.4771 		1.93 		90.9829
v -467.778 		13.01 		8.677
v -504.9355 		1.93 		90.2318
v -522.113 		34.981 		118.722
v -504.836 		1.93 		90.137
v -467.914 		13.01 		8.632
v -474.004 		18.586 		219.423
v -504.8935 		1.93 		90.8328
v -504.8572 		1.93 		90.7731
v -504.6317 		1.93 		90.539
v -504.5818 		1.93 		90.4957
v -504.3313 		1.93 		90.3896
v -504.229 		1.93 		90.3602
v -503.952 		1.93 		90.343
v -503.84 		1.93 		90.3575
v -505.5692 		1.93 		91.5175
v -473.352 		18.556 		219.667
v -505.5782 		1.93 		91.7503
v -505.0659 		1.93 		91.5391
v -505.0215 		1.93 		91.1833
v -505.098 		1.93 		91.706
v -506.708 		1.93 		92.252
v -506.689 		1.93 		92.764
v -506.812 		1.93 		93.006
v -507.03 		1.93 		93.17
v -473.303 		18.442 		219.9
v -506.1801 		1.93 		92.6956
v -506.1926 		1.93 		92.4568
v -506.1968 		1.93 		92.3152
v -467.68 		13.103 		8.485
v -506.3136 		1.93 		93.1311
v -507.5919 		1.93 		93.247
v -507.901 		1.93 		93.247
v -507.2213 		1.93 		93.1869
v -507.1713 		1.93 		93.6286
v -506.9013 		1.93 		93.5662
v -506.7748 		1.93 		93.5306
v -506.4166 		1.93 		93.2692
v -506.345 		1.93 		93.211
v -505.433 		1.93 		92.718
v -505.4099 		1.93 		92.8232
v -505.3377 		1.93 		92.9457
v -505.568 		1.93 		92.224
v -505.0541 		1.93 		92.2893
v -505.0574 		1.93 		92.1938
v -504.679 		1.93 		93.061
v -504.7225 		1.93 		93.0101
v -505.0089 		1.93 		92.4404
v -504.7075 		1.93 		93.5477
v -504.2267 		1.93 		93.6788
v -521.968 		35.856 		117.352
v -265.058 		8.787 		209.551
v -265.478 		8.787 		209.367
v -265.917 		8.787 		209.238
v -300.922 		2.636 		39.627
v -504.801 		1.93 		93.515
v -267.994 		8.787 		212.363
v -267.946 		8.787 		212.193
v -268.006 		8.787 		212.89
v -267.874 		8.787 		212.031
v -505.134 		1.93 		93.261
v -199 		33.8322 		120.4153
v -268.021 		8.787 		212.538
v -199 		33.822 		120.3723
v -268.025 		8.787 		212.714
v -199.018 		33.828 		120.37
v -503.8675 		1.93 		93.2779
v -503.945 		1.93 		93.283
v -504.3453 		1.93 		93.2307
v -504.418 		1.93 		93.216
v -504.1163 		1.93 		93.6856
v -266.382 		8.787 		211.335
v -266.556 		8.787 		211.308
v -502.534 		1.93 		91.0222
v -521.852 		36.581 		117.352
v -502.5755 		1.93 		90.8839
v -266.733 		8.787 		211.305
v -199.265 		33.97 		120.315
v -266.909 		8.787 		211.323
v -267.081 		8.787 		211.366
v -267.246 		8.787 		211.43
v -467.589 		13.103 		8.54
v -521.852 		36.747 		117.272
v -267.401 		8.787 		211.515
v -267.543 		8.787 		211.619
v -267.671 		8.787 		211.742
v -267.782 		8.787 		211.879
v -521.852 		36.424 		117.463
v -199.5 		34.293 		120.777
v -269.779 		8.787 		211.039
v -269.963 		8.787 		211.458
v -270.092 		8.787 		211.898
v -270.16 		8.787 		212.35
v -199.5 		34.166 		120.24
v -467.508 		13.103 		8.609
v -270.171 		8.787 		212.808
v -268.555 		8.787 		209.704
v -268.924 		8.787 		209.975
v -269.255 		8.787 		210.291
v -269.541 		8.787 		210.648
v -521.852 		36.278 		117.602
v -266.369 		8.787 		209.169
v -266.827 		8.787 		209.159
v -267.282 		8.787 		209.208
v -267.727 		8.787 		209.317
v -268.154 		8.787 		209.483
v -294.853 		8.787 		198.503
v -294.615 		8.787 		198.112
v -294.431 		8.787 		197.693
v -294.303 		8.787 		197.253
v -294.233 		8.787 		196.801
v -294.223 		8.787 		196.343
v -294.273 		8.787 		195.888
v -294.382 		8.787 		195.444
v -294.548 		8.787 		195.017
v -294.768 		8.787 		194.616
v -467.44 		13.103 		8.69
v -295.47 		8.787 		199.176
v -295.139 		8.787 		198.86
v -298.917 		8.787 		199.784
v -298.477 		8.787 		199.912
v -298.025 		8.787 		199.982
v -297.567 		8.787 		199.992
v -297.112 		8.787 		199.942
v -296.667 		8.787 		199.833
v -296.241 		8.787 		199.668
v -295.839 		8.787 		199.447
v -296.449 		8.787 		196.958
v -296.52 		8.787 		197.121
v -296.85 		8.787 		197.532
v -296.722 		8.787 		197.41
v -296.612 		8.787 		197.272
v -296.399 		8.787 		196.789
v -296.372 		8.787 		196.614
v -298.344 		8.787 		197.695
v -298.495 		8.787 		197.604
v -298.182 		8.787 		197.767
v -298.013 		8.787 		197.816
v -467.207 		13.231 		8.69
v -297.838 		8.787 		197.843
v -297.313 		8.787 		197.785
v -297.485 		8.787 		197.827
v -297.148 		8.787 		197.721
v -296.993 		8.787 		197.636
v -502.5411 		1.93 		91.2679
v -297.661 		8.787 		197.846
v -503.2306 		1.93 		90.1221
v -502.7332 		1.93 		90.5741
v -502.7874 		1.93 		90.4968
v -503.1581 		1.93 		90.1784
v -298.86 		8.787 		197.222
v -298.945 		8.787 		197.067
v -298.756 		8.787 		197.366
v -503.1195 		1.93 		90.8701
v -503.0646 		1.93 		90.9463
v -298.633 		8.787 		197.492
v -521.968 		36.028 		117.136
v -503.584 		1.93 		90.409
v -503.324 		1.93 		90.565
v -503.0383 		1.93 		91.0302
v -502.9407 		1.93 		91.3681
v -502.9228 		1.93 		91.7451
v -502.9186 		1.93 		91.9414
v -299.052 		8.787 		196.73
v -467.368 		13.231 		8.468
v -299.009 		8.787 		196.902
v -500.824 		1.93 		90.481
v -500.663 		1.93 		91.362
v -500.963 		1.93 		91.2862
v -500.9341 		1.93 		91.1163
v -301.217 		8.787 		196.648
v -301.167 		8.787 		197.104
v -301.058 		8.787 		197.548
v -300.892 		8.787 		197.975
v -300.672 		8.787 		198.376
v -300.401 		8.787 		198.746
v -501.0939 		1.93 		91.8112
v -300.085 		8.787 		199.076
v -299.728 		8.787 		199.362
v -299.336 		8.787 		199.6
v -296.807 		8.787 		195.499
v -296.683 		8.787 		195.626
v -502.4521 		1.93 		92.2739
v -296.944 		8.787 		195.388
v -502.6518 		1.93 		92.9187
v -502.6105 		1.93 		92.8124
v -296.495 		8.787 		195.924
v -296.431 		8.787 		196.089
v -296.369 		8.787 		196.437
v -521.968 		36.424 		116.81
v -296.388 		8.787 		196.261
v -467.278 		13.231 		8.573
v -296.58 		8.787 		195.769
v -503.4492 		1.93 		93.1404
v -503.3994 		1.93 		93.0976
v -296.104 		8.787 		193.392
v -296.523 		8.787 		193.207
v -295.038 		8.787 		194.246
v -295.355 		8.787 		193.916
v -295.713 		8.787 		193.629
v -297.601 		8.787 		195.149
v -297.427 		8.787 		195.176
v -297.779 		8.787 		195.145
v -199.718 		34.528 		120.638
v -297.955 		8.787 		195.164
v -521.968 		36.219 		116.955
v -199.718 		34.412 		120.146
v -298.702 		2.636 		40.015
v -467.95 		12.953 		8.857
v -297.907 		2.636 		39.962
v -297.907 		2.636 		39.627
v -199.914 		34.703 		120.035
v -467.881 		12.953 		8.879
v -199.914 		34.807 		120.473
v -467.85 		12.953 		8.898
v -467.822 		12.953 		8.922
v -474.079 		18.811 		219.241
v -467.914 		12.953 		8.865
v -503.0279 		1.93 		92.5751
v -503.054 		1.93 		92.684
v -503.143 		1.93 		92.8494
v -503.1785 		1.93 		92.9087
v -503.5132 		1.93 		93.1648
v -503.5177 		1.93 		93.6232
v -503.418 		1.93 		93.603
v -502.9367 		1.93 		93.2722
v -298.127 		8.787 		195.207
v -298.991 		8.787 		196.034
v -503.0996 		1.93 		93.4149
v -503.0179 		1.93 		93.3706
v -298.919 		8.787 		195.872
v -502.047 		1.93 		93.646
v -298.292 		8.787 		195.271
v -503.7752 		1.93 		93.6888
v -298.447 		8.787 		195.356
v -298.589 		8.787 		195.46
v -312.685 		2.636 		123.679
v -313.236 		2.636 		123.679
v -298.717 		8.787 		195.582
v -474.597 		18.504 		219.403
v -474.635 		18.733 		219.222
v -298.828 		8.787 		195.72
v -501.552 		1.93 		93.646
v -297.095 		8.787 		195.296
v -467.716 		13.01 		8.715
v -297.257 		8.787 		195.225
v -505.6954 		1.93 		95.9393
v -505.695 		1.93 		95.425
v -504.649 		1.93 		95.425
v -504.438 		1.93 		96.101
v -504.423 		1.93 		96.101
v -297.873 		8.787 		193
v -298.328 		8.787 		193.049
v -298.773 		8.787 		193.158
v -296.963 		8.787 		193.079
v -297.414 		8.787 		193.01
v -299.04 		8.787 		196.203
v -299.067 		8.787 		196.379
v -299.199 		8.787 		193.324
v -299.071 		8.787 		196.555
v -301.206 		8.787 		196.191
v -467.798 		12.953 		8.95
v -299.601 		8.787 		193.544
v -299.969 		8.787 		193.816
v -300.301 		8.787 		194.131
v -300.587 		8.787 		194.488
v -300.825 		8.787 		194.88
v -301.009 		8.787 		195.299
v -301.137 		8.787 		195.738
v -263.178 		4.845 		217.811
v -266.521 		4.8448 		216.151
v -199.265 		33.86 		119.12
v -199.5 		34.063 		119.12
v -473.95 		18.414 		219.632
v -199.265 		33.888 		119.723
v -314.689 		1.93 		125.591
v -199.5 		34.088 		119.685
v -473.917 		18.296 		219.863
v -467.576 		13.01 		8.878
v -467.549 		13.01 		8.945
v -473.2987 		18.426 		219.9668
v -467.661 		13.01 		8.761
v -473.9135 		18.2765 		219.943
v -473.473 		18.3836 		219.9601
v -314.689 		1.93 		125.192
v -199.914 		34.619 		119.12
v -199.914 		34.64 		119.581
v -467.614 		13.01 		8.816
v -522.113 		35.248 		117.598
v -474.57 		18.327 		219.611
v -522.113 		35.403 		117.267
v -521.968 		35.705 		117.598
v -199.718 		34.317 		119.12
v -199.718 		34.341 		119.638
v -474.553 		18.207 		219.841
v -522.113 		35.587 		116.967
v -474.5509 		18.1853 		219.9286
v -467.779 		12.952 		8.981
v -474.1249 		18.2462 		219.9382
v -474.7817 		18.1748 		219.9269
v -467.754 		12.952 		9.087
v -473.048 		20.303 		219.016
v -313.684 		1.93 		125.317
v -313.598 		1.93 		125.82
v -472.7 		20.039 		219.125
v -314.1447 		1.93 		125.6228
v -313.8871 		1.93 		125.6439
v -467.765 		12.952 		9.015
v -313.6612 		1.93 		125.7738
v -199 		33.742 		119.7957
v -199 		33.7358 		119.7512
v -199.018 		33.742 		119.75
v -314.116 		1.93 		125.192
v -467.532 		13.01 		9.015
v -473.048 		19.826 		219.072
v -313.473 		1.93 		126.063
v -467.756 		12.952 		9.05
v -313.4652 		1.93 		126.2939
v -313.4652 		1.93 		126.4215
v -313.5591 		1.93 		126.6615
v -313.595 		1.93 		126.73
v -314.4309 		1.93 		126.9277
v -314.689 		1.93 		126.948
v -199 		33.7068 		119.12
v -199.018 		33.713 		119.12
v -199 		33.7088 		119.1653
v -473.678 		20.439 		218.902
v -473.95 		20.312 		218.87
v -467.526 		13.01 		9.087
v -473.347 		20.12 		218.97
v -199 		40.4512 		118.4879
v -522.286 		34.95 		117.352
v -473.678 		19.965 		218.932
v -199.018 		40.445 		118.489
v -467.384 		13.103 		8.78
v -522.286 		35.13 		116.967
v -467.344 		13.103 		8.878
v -474.035 		19.842 		218.901
v -467.311 		13.103 		9.087
v -199.5 		40.099 		118.555
v -473.432 		19.646 		219.028
v -199 		40.365 		117.8677
v -199 		40.445 		118.4433
v -199.018 		40.359 		117.87
v -467.319 		13.103 		8.981
v -199.265 		40.3 		118.517
v -473.847 		19.503 		218.992
v -199.265 		40.217 		117.924
v -199.5 		40.021 		117.999
v -522.286 		34.64 		118.658
v -266.066 		4.8448 		216.102
v -522.482 		34.341 		118.602
v -265.622 		4.8448 		215.993
v -265.195 		4.8448 		215.827
v -522.935 		33.888 		118.517
v -264.794 		4.8448 		215.606
v -264.424 		4.8448 		215.336
v -199 		40.3549 		117.8247
v -522.7 		34.088 		118.555
v -266.102 		4.8446 		213.88
v -265.948 		4.8446 		213.795
v -265.805 		4.8446 		213.692
v -265.677 		4.8446 		213.569
v -265.567 		4.8446 		213.431
v -265.474 		4.8446 		213.28
v -265.403 		4.8446 		213.117
v -523 		33.8722 		118.3467
v -523 		33.8496 		118.5096
v -199.718 		39.776 		118.093
v -474.243 		20.211 		218.845
v -264.094 		4.8447 		215.02
v -199.718 		39.847 		118.602
v -263.807 		4.8447 		214.662
v -263.57 		4.8447 		214.271
v -474.553 		20.138 		218.827
v -263.385 		4.8446 		213.852
v -263.257 		4.8446 		213.413
v -474.874 		20.093 		218.816
v -199.914 		39.484 		118.205
v -199.914 		39.547 		118.658
v -313.8865 		1.93 		126.8974
v -313.6585 		1.93 		126.7738
v -522.286 		34.807 		117.767
v -522.286 		34.703 		118.205
v -312.327 		1.93 		125.521
v -311.835 		1.93 		125.517
v -199.914 		39.38 		117.767
v -200.087 		39.152 		118.332
v -522.482 		34.412 		118.093
v -313.279 		1.93 		125.545
v -313.036 		1.93 		125.875
v -311.459 		1.93 		126.825
v -311.741 		1.93 		126.335
v -312.178 		1.93 		126.566
v -522.935 		33.97 		117.924
v -200.087 		39.062 		117.955
v -200.087 		39.206 		118.722
v -313.1 		1.93 		126.884
v -312.955 		1.93 		126.305
v -313.684 		2.636 		125.317
v -313.598 		2.636 		125.82
v -522.7 		34.166 		117.999
v -314.689 		2.636 		125.591
v -314.689 		2.636 		125.192
v -314.116 		2.636 		125.192
v -313.813 		2.636 		125.663
v -523 		33.9326 		117.9098
v -267.871 		4.8448 		215.943
v -267.432 		4.8448 		216.072
v -266.979 		4.8448 		216.142
v -199.265 		40.081 		117.352
v -267.964 		4.8446 		213.062
v -267.9 		4.8446 		213.227
v -267.815 		4.8446 		213.381
v -267.71 		4.8446 		213.525
v -267.588 		4.8446 		213.652
v -267.45 		4.8446 		213.763
v -267.299 		4.8446 		213.854
v -267.136 		4.8446 		213.926
v -313.473 		2.636 		126.063
v -266.967 		4.8446 		213.975
v -266.792 		4.8447 		214.003
v -266.615 		4.8447 		214.006
v -266.44 		4.8447 		213.987
v -266.268 		4.8446 		213.944
v -474.412 		19.752 		218.879
v -474.803 		19.698 		218.865
v -504.264 		1.93 		95.425
v -522.482 		34.528 		117.602
v -523 		33.97 		117.7524
v -299.205 		2.636 		43.236
v -300.007 		2.636 		43.627
v -300.007 		2.636 		43.289
v -522.482 		34.689 		117.136
v -300.922 		2.636 		43.627
v -467.154 		13.231 		8.816
v -522.7 		34.469 		116.955
v -473.682 		19.2 		219.117
v -298.702 		2.636 		43.236
v -297.907 		2.636 		43.289
v -297.907 		2.636 		43.627
v -522.7 		34.293 		117.463
v -474.285 		19.399 		218.966
v -467.122 		13.231 		8.95
v -474.739 		19.336 		218.951
v -522.935 		34.106 		117.352
v -467.111 		13.231 		9.087
v -474.173 		19.083 		219.088
v -522.935 		34.293 		116.81
v -506.161 		1.93 		95.425
v -505.7001 		1.93 		97.8521
v -269.847 		4.8447 		214.134
v -270.012 		4.8446 		213.707
v -474.682 		19.012 		219.07
v -269.626 		4.8447 		214.535
v -269.355 		4.8447 		214.905
v -501.72 		1.93 		95.425
v -502.19 		1.93 		95.425
v -269.039 		4.8448 		215.235
v -502.689 		1.93 		95.425
v -503.159 		1.93 		95.425
v -503.1584 		1.93 		95.9441
v -268.682 		4.8448 		215.521
v -268.29 		4.8448 		215.759
v -503.1537 		1.93 		97.8702
v -270.121 		4.8446 		213.263
v -313.473 		2.636 		126.497
v -523 		34.0702 		117.3309
v -313.595 		2.636 		126.73
v -313.811 		2.636 		126.879
v -199 		40.2228 		117.2686
v -199.018 		40.217 		117.272
v -467.368 		13.39 		8.235
v -199 		40.2087 		117.2278
v -523 		34.2596 		116.7824
v -523 		34.1218 		117.1817
v -467.242 		13.39 		8.343
v -286.9541 		2.929 		45.3832
v -287.3965 		2.929 		45.7709
v -287.784 		2.929 		46.142
v -288.363 		2.929 		46.932
v -286.828 		2.929 		46.252
v -314.689 		2.636 		126.948
v -288.363 		3.4367 		46.932
v -287.784 		3.4368 		46.142
v -287.4443 		3.4368 		45.8168
v -286.9357 		3.4368 		45.371
v -286.828 		3.4368 		46.252
v -288.494 		2.929 		47.1968
v -288.5137 		3.4367 		47.2365
v -522.113 		36.816 		116.102
v -521.968 		36.641 		116.705
v -467.135 		13.576 		8.235
v -522.113 		36.542 		116.18
v -288.221 		2.929 		48.84
v -288.1624 		2.929 		48.5462
v -288.6174 		2.929 		47.6219
v -288.926 		2.929 		48.459
v -467.012 		13.576 		8.379
v -288.926 		3.4366 		48.459
v -288.6555 		3.4366 		47.7254
v -288.1696 		3.4366 		48.5825
v -288.221 		3.4365 		48.84
v -467.135 		13.39 		8.468
v -522.113 		36.028 		116.484
v -522.113 		36.278 		116.308
v -312.327 		2.636 		125.521
v -311.835 		2.636 		125.517
v -288.0742 		2.929 		48.1874
v -288.0683 		3.4366 		48.17
v -467.048 		13.39 		8.609
v -501.314 		1.93 		96.56
v -313.279 		2.636 		125.545
v -313.036 		2.636 		125.875
v -311.459 		2.636 		126.825
v -199.5 		39.719 		116.955
v -311.741 		2.636 		126.335
v -522.113 		35.797 		116.705
v -199.914 		39.057 		116.967
v -501.166 		1.93 		96.974
v -505.725 		1.93 		98.634
v -505.743 		1.93 		98.634
v -505.7329 		1.93 		98.4436
v -506.161 		1.93 		99.093
v -505.436 		1.93 		99.093
v -466.985 		13.39 		8.762
v -502.689 		1.93 		99.093
v -466.947 		13.39 		8.922
v -199.914 		39.237 		117.352
v -312.178 		2.636 		126.566
v -199.265 		39.894 		116.81
v -313.1 		2.636 		126.884
v -312.955 		2.636 		126.305
v -503.384 		1.93 		99.093
v -319.3635 		1.93 		127.28
v -319.134 		1.93 		127.203
v -503.1295 		1.93 		98.4461
v -317.252 		1.93 		127.347
v -318.265 		1.93 		127.347
v -316.535 		1.93 		127.228
v -522.286 		36.147 		115.853
v -503.122 		1.93 		98.631
v -503.144 		1.93 		98.631
v -500.844 		1.93 		99.108
v -522.286 		35.856 		116.058
v -319.134 		2.636 		127.203
v -317.252 		2.636 		127.347
v -318.265 		2.636 		127.347
v -316.535 		2.636 		127.228
v -199.5 		39.894 		117.463
v -311.732 		1.93 		127.194
v -199.718 		39.659 		117.602
v -311.968 		1.93 		128.839
v -315.155 		1.93 		127.347
v -314.261 		1.93 		127.347
v -313.535 		1.93 		127.232
v -199.718 		39.498 		117.136
v -311.732 		2.636 		127.194
v -315.155 		2.636 		127.347
v -522.286 		35.344 		116.62
v -314.261 		2.636 		127.347
v -313.535 		2.636 		127.232
v -522.286 		35.587 		116.315
v -522.482 		35.13 		116.315
v -314.961 		1.93 		130.689
v -314.6846 		1.93 		130.3734
v -466.913 		13.785 		8.307
v -522.482 		34.891 		116.705
v -466.804 		13.785 		8.485
v -200.087 		38.939 		117.598
v -466.913 		13.576 		8.54
v -312.907 		1.93 		129.114
v -313.766 		1.93 		129.584
v -522.482 		35.403 		115.973
v -314.256 		1.93 		129.9772
v -313.278 		1.93 		130.69
v -312.65 		1.93 		130.308
v -466.725 		13.785 		8.677
v -312.4044 		1.93 		130.2126
v -313.6186 		1.93 		131.0158
v -311.3422 		1.93 		129.9599
v -311.8111 		1.93 		130.0112
v -309.096 		2.636 		118.681
v -522.7 		34.95 		116.058
v -500.633 		1.93 		98.605
v -500.419 		1.93 		99.108
v -309.096 		1.93 		118.681
v -310.937 		1.93 		118.66
v -310.937 		2.636 		118.66
v -311.1137 		1.93 		118.6535
v -466.841 		14.011 		8.255
v -496.854 		2.336 		81.007
v -496.854 		2.336 		77.227
v -496.481 		2.336 		81.007
v -304.784 		2.636 		118.681
v -304.784 		1.93 		118.681
v -496.481 		2.336 		77.227
v -466.725 		14.011 		8.444
v -305.25 		2.636 		118.681
v -305.25 		1.93 		118.681
v -466.64 		14.011 		8.65
v -287.394 		2.929 		46.842
v -306.981 		2.636 		118.681
v -466.797 		14.249 		8.223
v -306.981 		1.93 		118.681
v -497.056 		2.336 		89.978
v -499.001 		2.336 		89.978
v -310.475 		1.93 		118.827
v -287.394 		3.4367 		46.842
v -498.527 		2.336 		89.978
v -310.852 		1.93 		119.093
v -310.091 		1.93 		119.234
v -309.994 		1.93 		119.657
v -310.4696 		1.93 		119.682
v -310.464 		1.93 		119.635
v -310.561 		1.93 		119.296
v -310.011 		1.93 		119.7549
v -499.969 		2.336 		92.442
v -310.5585 		1.93 		119.9263
v -500.066 		2.336 		93.646
v -310.59 		1.93 		119.981
v -310.6855 		1.93 		120.0422
v -499.821 		2.336 		93.114
v -311.2228 		1.93 		120.3147
v -310.4243 		1.93 		120.4403
v -311.0187 		1.93 		120.7129
v -310.2139 		1.93 		120.2095
v -310.1198 		1.93 		120.1419
v -522.286 		36.453 		115.705
v -310.076 		1.93 		120.0613
v -466.588 		14.249 		8.633
v -308.63 		1.93 		120.804
v -499.949 		2.336 		96.56
v -522.286 		36.771 		115.614
v -308.63 		1.93 		120.39
v -500.097 		2.336 		96.974
v -308.63 		1.93 		119.092
v -466.676 		14.249 		8.42
v -310.475 		2.636 		118.827
v -522.482 		36.375 		115.288
v -522.482 		36.031 		115.455
v -287.7633 		2.929 		47.4313
v -287.6264 		2.929 		47.2257
v -287.5977 		3.4367 		47.1783
v -287.7551 		3.4367 		47.4147
v -466.934 		13.39 		9.087
v -310.852 		2.636 		119.093
v -287.912 		2.929 		47.7697
v -310.091 		2.636 		119.234
v -287.9261 		3.4366 		47.8039
v -309.994 		2.636 		119.657
v -466.841 		13.576 		8.715
v -310.483 		2.636 		119.795
v -466.797 		13.576 		8.899
v -310.561 		2.636 		119.296
v -310.464 		2.636 		119.635
v -281.826 		2.929 		44.957
v -282.739 		2.929 		44.602
v -283.1764 		2.929 		44.5347
v -283.8857 		2.929 		44.4415
v -284.4726 		2.929 		44.4799
v -285.006 		2.929 		44.538
v -285.947 		2.929 		44.812
v -286.3347 		2.929 		45.0253
v -285.947 		3.4369 		44.812
v -285.006 		3.4369 		44.538
v -284.5386 		3.4369 		44.4871
v -283.8636 		3.4369 		44.4429
v -283.242 		3.4369 		44.5246
v -282.739 		3.4369 		44.602
v -281.826 		3.4369 		44.957
v -200.232 		38.784 		118.473
v -522.482 		36.731 		115.187
v -466.66 		13.785 		9.087
v -466.782 		13.576 		9.087
v -200.348 		38.387 		118.625
v -522.7 		36.309 		114.937
v -466.676 		13.785 		8.879
v -286.168 		2.929 		45.768
v -285.419 		2.929 		45.438
v -476.321 		24.662 		220.693
v -285.419 		3.4368 		45.438
v -286.168 		3.4368 		45.768
v -286.3928 		3.4369 		45.0573
v -310.521 		2.636 		120.494
v -466.588 		14.011 		8.866
v -284.1766 		2.929 		45.2341
v -283.6841 		2.929 		45.2341
v -263.187 		4.8446 		212.961
v -263.178 		4.8445 		212.502
v -263.227 		4.8445 		212.047
v -283.6657 		3.4369 		45.2354
v -284.232 		3.4369 		45.2354
v -263.336 		4.8444 		211.603
v -284.625 		2.929 		45.244
v -263.502 		4.8444 		211.176
v -284.625 		3.4369 		45.244
v -282.882 		2.929 		45.3898
v -265.353 		4.8446 		212.948
v -265.326 		4.8445 		212.773
v -265.324 		4.8445 		212.596
v -265.343 		4.8445 		212.421
v -265.385 		4.8445 		212.249
v -265.449 		4.8445 		212.083
v -265.534 		4.8445 		211.929
v -282.8644 		3.4368 		45.3957
v -265.638 		4.8444 		211.786
v -265.761 		4.8444 		211.658
v -265.898 		4.8444 		211.548
v -266.05 		4.8444 		211.455
v -266.211 		4.8444 		211.385
v -310.59 		2.636 		119.981
v -283.3249 		2.929 		45.3218
v -283.2526 		3.4368 		45.3362
v -310.915 		2.636 		120.189
v -279.5724 		2.929 		47.1968
v -279.703 		2.929 		46.932
v -280.0204 		2.929 		46.4989
v -280.6014 		2.929 		45.8361
v -280.989 		2.929 		45.465
v -281.992 		2.929 		45.768
v -281.332 		2.929 		46.252
v -280.989 		3.4368 		45.465
v -280.6494 		3.4368 		45.7902
v -279.9812 		3.4367 		46.5525
v -279.703 		3.4367 		46.932
v -279.5529 		3.4367 		47.2365
v -281.332 		3.4368 		46.252
v -281.992 		3.4368 		45.768
v -280.1844 		2.929 		46.2532
v -280.1698 		3.4368 		46.2698
v -264.667 		4.8443 		209.789
v -264.31 		4.8443 		210.075
v -265.058 		4.8442 		209.551
v -265.478 		4.8442 		209.367
v -265.917 		4.8442 		209.238
v -476.396 		24.829 		220.973
v -498.764 		2.336 		90.481
v -498.868 		2.336 		90.983
v -466.57 		14.011 		9.087
v -263.723 		4.8444 		210.775
v -498.643 		2.336 		91.266
v -476.968 		24.693 		220.939
v -263.992 		4.8443 		210.406
v -476.3981 		24.8334 		220.9838
v -476.9253 		24.7135 		220.9648
v -476.9749 		24.7021 		220.963
v -496.59 		2.336 		92.101
v -466.534 		14.249 		8.857
v -496.59 		2.336 		91.687
v -496.59 		2.336 		90.389
v -200.348 		38.331 		118.388
v -200.432 		37.931 		118.625
v -475.765 		24.74 		220.713
v -282.33 		2.929 		45.6189
v -282.3806 		3.4368 		45.5965
v -279.076 		2.929 		48.779
v -279.1462 		2.929 		48.4276
v -279.2989 		2.929 		47.8579
v -279.968 		2.929 		48.6931
v -475.2 		24.766 		220.719
v -279.9645 		3.4366 		48.7112
v -310.201 		2.636 		120.264
v -279.3131 		3.4366 		47.8159
v -279.1375 		3.4366 		48.471
v -279.076 		3.4366 		48.779
v -310.052 		2.636 		119.99
v -280.0557 		2.929 		48.3343
v -280.0652 		3.4366 		48.2987
v -280.1812 		2.929 		47.904
v -308.63 		2.636 		120.804
v -280.1753 		3.4366 		47.9216
v -308.63 		2.636 		120.39
v -475.2 		24.939 		221
v -308.63 		2.636 		119.092
v -200.232 		38.71 		118.163
v -475.2 		24.9393 		221.0007
v -311.1999 		1.93 		122.3658
v -466.516 		14.249 		9.087
v -310.6909 		1.93 		122.3693
v -311.0258 		1.93 		121.9792
v -497.056 		2.336 		93.646
v -499.574 		2.336 		93.646
v -200.232 		38.609 		117.87
v -497.607 		2.336 		93.646
v -498.106 		2.336 		93.646
v -200.348 		38.254 		118.163
v -496.59 		2.336 		93.232
v -200.348 		38.156 		117.955
v -475.1985 		24.9392 		221.0007
v -475.803 		24.911 		220.994
v -200.348 		38.041 		117.767
v -475.8032 		24.912 		220.9963
v -476.3747 		24.8365 		220.9843
v -475.798 		24.9122 		220.9964
v -200.483 		37.417 		118.658
v -280.3986 		2.929 		47.463
v -280.4252 		3.4367 		47.4145
v -522.7 		35.934 		115.119
v -280.6973 		2.929 		46.945
v -522.7 		36.698 		114.827
v -280.687 		3.4367 		46.9605
v -200.432 		37.878 		118.473
v -200.432 		37.812 		118.332
v -281.0217 		2.929 		46.5754
v -466.782 		14.493 		8.212
v -281.0601 		3.4367 		46.5354
v -466.66 		14.493 		8.411
v -466.57 		14.493 		8.627
v -522.935 		35.856 		114.852
v -466.516 		14.493 		8.854
v -466.498 		14.493 		9.087
v -270.401 		2.929 		48.84
v -270.6198 		2.929 		47.1303
v -270.833 		2.929 		47.518
v -271.107 		2.929 		48.459
v -271.107 		3.4366 		48.459
v -270.833 		3.4367 		47.518
v -270.5878 		3.4367 		47.0722
v -270.401 		3.4365 		48.84
v -200.483 		37.456 		118.722
v -498.866 		2.336 		95.68
v -498.866 		2.336 		95.425
v -499.546 		2.336 		95.425
v -499.069 		2.336 		95.425
v -498.433 		2.336 		95.78
v -266.6526 		2.929 		44.4799
v -267.362 		2.929 		44.5731
v -267.9195 		2.929 		44.7624
v -268.42 		2.929 		44.957
v -497.967 		2.336 		95.78
v -268.42 		3.4369 		44.957
v -267.9814 		3.4369 		44.7865
v -267.3402 		3.4369 		44.5687
v -266.7186 		3.4369 		44.4871
v -264.1672 		2.929 		44.8775
v -264.5797 		2.929 		44.7171
v -265.6283 		2.929 		44.5088
v -266.0657 		2.929 		44.4415
v -496.362 		2.336 		95.425
v -266.0436 		3.4369 		44.4429
v -265.5406 		3.4369 		44.5203
v -264.6216 		3.4369 		44.7029
v -264.1472 		3.4369 		44.8873
v -496.828 		2.336 		95.425
v -497.538 		2.336 		95.68
v -497.538 		2.336 		95.425
v -200.483 		37.372 		118.602
v -200.483 		37.322 		118.555
v -269.008 		2.929 		46.252
v -268.7098 		2.929 		46.0333
v -267.874 		4.8445 		212.031
v -267.946 		4.8445 		212.193
v -267.994 		4.8445 		212.363
v -268.021 		4.8445 		212.538
v -268.025 		4.8445 		212.714
v -268.006 		4.8446 		212.89
v -200.483 		36.865 		118.555
v -496.368 		2.336 		97.675
v -266.382 		4.8444 		211.335
v -266.556 		4.8444 		211.308
v -266.733 		4.8444 		211.305
v -266.909 		4.8444 		211.323
v -267.081 		4.8444 		211.366
v -267.246 		4.8444 		211.43
v -267.401 		4.8444 		211.515
v -267.543 		4.8444 		211.619
v -267.671 		4.8444 		211.742
v -267.782 		4.8445 		211.879
v -487.484 		14.242 		27.11
v -487.43 		14.005 		27.11
v -269.963 		4.8444 		211.458
v -269.779 		4.8444 		211.039
v -487.503 		14.486 		27.11
v -487.43 		14.486 		27.57
v -270.092 		4.8445 		211.898
v -523 		35.9515 		114.7475
v -487.484 		14.486 		27.343
v -487.466 		14.242 		27.34
v -270.16 		4.8445 		212.35
v -523 		35.8413 		114.8009
v -200.483 		37.094 		118.467
v -200.483 		37.034 		118.473
v -200.483 		37.153 		118.473
v -200.483 		36.919 		118.517
v -269.257 		2.929 		45.465
v -269.4793 		2.929 		45.6597
v -269.8669 		2.929 		46.0308
v -270.1434 		2.929 		46.376
v -200.483 		37.268 		118.517
v -200.483 		36.975 		118.489
v -522.935 		35.477 		115.119
v -522.7 		35.578 		115.37
v -268.6651 		3.4368 		46.0005
v -269.008 		3.4368 		46.252
v -270.1703 		3.4368 		46.4111
v -269.8523 		3.4368 		46.0142
v -269.5126 		3.4368 		45.6889
v -269.257 		3.4368 		45.465
v -200.483 		37.212 		118.489
v -270.206 		2.929 		48.046
v -270.206 		3.4366 		48.046
v -266.2858 		2.929 		45.226
v -266.2488 		3.4369 		45.226
v -311.1448 		1.93 		121.9622
v -266.6553 		2.929 		45.2341
v -310.068 		1.93 		122.205
v -266.6739 		3.4369 		45.2354
v -310.215 		1.93 		122.2465
v -267.4576 		2.929 		45.3898
v -267.0141 		2.929 		45.3218
v -267.0864 		3.4368 		45.3362
v -267.4751 		3.4368 		45.3957
v -310.231 		1.93 		121.791
v -310.3668 		1.93 		121.8325
v -310.8984 		1.93 		121.9631
v -269.3183 		2.929 		46.5754
v -269.2799 		3.4367 		46.5354
v -309.096 		1.93 		122.349
v -308.63 		1.93 		121.935
v -269.6422 		2.929 		46.945
v -269.6525 		3.4367 		46.9605
v -269.8083 		2.929 		47.1944
v -498.433 		2.336 		98.734
v -498.866 		2.336 		98.834
v -311.115 		2.636 		122.401
v -269.798 		3.4367 		47.1791
v -310.568 		2.636 		122.346
v -498.866 		2.336 		99.093
v -270.0257 		2.929 		47.6354
v -311.126 		2.636 		121.987
v -270.0479 		3.4366 		47.6862
v -497.967 		2.336 		98.734
v -270.171 		4.8445 		212.808
v -310.068 		2.636 		122.205
v -496.392 		2.336 		98.46
v -266.369 		4.8442 		209.169
v -496.41 		2.336 		98.46
v -200.432 		37.734 		118.205
v -310.231 		2.636 		121.791
v -310.693 		2.636 		121.932
v -496.828 		2.336 		99.093
v -266.827 		4.8442 		209.159
v -200.432 		37.547 		117.999
v -200.432 		37.645 		118.093
v -497.538 		2.336 		99.093
v -497.538 		2.336 		98.834
v -267.282 		4.8442 		209.208
v -496.262 		2.336 		99.093
v -267.727 		4.8442 		209.317
v -309.096 		2.636 		122.349
v -268.154 		4.8442 		209.483
v -308.63 		2.636 		121.935
v -268.555 		4.8443 		209.704
v -268.924 		4.8443 		209.975
v -200.432 		37.44 		117.924
v -269.255 		4.8443 		210.291
v -269.541 		4.8443 		210.648
v -307.077 		2.636 		120.804
v -307.077 		1.93 		120.804
v -307.077 		2.636 		120.39
v -307.077 		1.93 		120.39
v -306.981 		1.93 		119.092
v -306.981 		2.636 		119.092
v -265 		4.844 		206.877
v -522.482 		35.705 		115.684
v -303.738 		1.93 		122.349
v -304.784 		1.93 		121.935
v -303.738 		1.93 		121.935
v -305.25 		1.93 		121.935
v -265.823 		4.844 		206.421
v -306.981 		1.93 		122.349
v -265.808 		4.844 		205.076
v -306.981 		1.93 		121.935
v -306.3 		1.93 		122.349
v -306.3 		1.93 		121.935
v -267.8753 		2.929 		45.5526
v -267.8411 		3.4368 		45.5384
v -200.432 		37.212 		117.837
v -303.738 		2.636 		122.349
v -268.2137 		2.929 		45.7017
v -303.738 		2.636 		121.935
v -304.784 		2.636 		121.935
v -268.2303 		3.4368 		45.7099
v -305.25 		2.636 		121.935
v -200.432 		36.975 		117.837
v -306.981 		2.636 		122.349
v -200.432 		37.094 		117.826
v -306.981 		2.636 		121.935
v -306.3 		2.636 		121.935
v -306.3 		2.636 		122.349
v -506.262 		2.336 		77.641
v -262.3441 		2.929 		46.2769
v -262.8495 		2.929 		45.7709
v -262.313 		2.929 		48.046
v -262.2061 		2.929 		48.4812
v -262.2193 		3.4366 		48.4275
v -262.313 		3.4366 		48.046
v -262.8016 		3.4368 		45.8168
v -262.3587 		3.4368 		46.2602
v -505.601 		2.336 		77.287
v -310.601 		1.93 		123.682
v -310.995 		1.93 		123.628
v -504.178 		2.336 		77.571
v -310.272 		1.93 		123.845
v -504.588 		2.336 		77.328
v -309.815 		1.93 		124.49
v -505.046 		2.336 		77.239
v -263.169 		2.929 		45.465
v -263.5472 		2.929 		45.2355
v -262.7258 		2.929 		47.1726
v -262.4621 		2.929 		47.7076
v -310.625 		1.93 		124.138
v -310.5468 		1.93 		124.215
v -262.4845 		3.4366 		47.6568
v -262.7155 		3.4367 		47.1879
v -263.6039 		3.4369 		45.201
v -263.169 		3.4368 		45.465
v -310.3195 		1.93 		124.501
v -504.621 		2.336 		77.792
v -310.995 		1.93 		124.038
v -200.432 		37.328 		117.87
v -310.2665 		1.93 		124.6944
v -505.079 		2.336 		77.648
v -310.008 		1.93 		124.116
v -505.756 		2.336 		77.806
v -262.8627 		2.929 		46.967
v -262.873 		3.4367 		46.9515
v -308.843 		1.93 		123.679
v -505.434 		2.336 		77.67
v -308.378 		1.93 		123.679
v -310.995 		2.636 		123.628
v -263.512 		2.929 		46.252
v -263.2563 		2.929 		46.5186
v -310.601 		2.636 		123.682
v -263.2179 		3.4367 		46.5586
v -263.512 		3.4368 		46.252
v -265.945 		4.844 		205.337
v -310.272 		2.636 		123.845
v -265.989 		4.844 		205.963
v -309.815 		2.636 		124.49
v -310.008 		2.636 		124.116
v -310.359 		2.636 		124.4
v -310.625 		2.636 		124.138
v -310.995 		2.636 		124.038
v -265.554 		4.844 		206.704
v -200.232 		37.969 		116.955
v -200.232 		38.159 		117.136
v -270.336 		4.844 		206.877
v -308.843 		2.636 		123.679
v -308.378 		2.636 		123.679
v -200.232 		38.331 		117.352
v -200.087 		38.6 		116.967
v -273 		4.844 		206.877
v -522.7 		35.248 		115.684
v -309.6934 		1.93 		125.8249
v -309.68 		1.93 		125.234
v -272.25 		4.844 		204.996
v -310.1645 		1.93 		125.3546
v -310.1712 		1.93 		125.2197
v -272.679 		4.844 		206.821
v -272.177 		4.844 		206.421
v -272.021 		4.844 		206.061
v -310.004 		1.93 		126.911
v -309.813 		1.93 		126.537
v -309.7325 		1.93 		126.208
v -200.087 		38.784 		117.267
v -272.095 		4.844 		205.246
v -272.004 		4.844 		205.646
v -310.3828 		1.93 		126.6628
v -310.5713 		1.93 		126.8436
v -272.446 		4.844 		206.704
v -310.1962 		1.93 		125.9738
v -310.6569 		1.93 		126.9073
v -522.935 		35.125 		115.455
v -310.213 		1.93 		126.164
v -310.3161 		1.93 		126.4958
v -200.232 		38.482 		117.598
v -264.172 		2.929 		45.768
v -523 		35.1016 		115.411
v -264.172 		3.4368 		45.768
v -523 		34.8673 		115.7043
v -265.062 		2.929 		45.3898
v -264.51 		2.929 		45.6189
v -265 		4.844 		204.649
v -264.5607 		3.4368 		45.5965
v -265.0444 		3.4368 		45.3957
v -265.383 		4.844 		204.726
v -523 		35.4575 		115.0711
v -523 		35.1982 		115.3187
v -270.336 		4.844 		204.649
v -265.8379 		2.929 		45.2359
v -265.5441 		2.929 		45.294
v -265.5988 		3.4368 		45.2856
v -265.8563 		3.4369 		45.2346
v -200.348 		37.909 		117.602
v -272.679 		4.844 		204.705
v -523 		35.562 		114.9977
v -273 		4.844 		204.649
v -522.7 		34.689 		116.484
v -288.6684 		2.929 		51.2265
v -288.2785 		2.929 		52.0167
v -287.8816 		2.929 		52.6099
v -286.828 		2.929 		52.519
v -287.8962 		3.4362 		52.5932
v -288.2441 		3.4363 		52.0733
v -288.6924 		3.4364 		51.1647
v -286.828 		3.4362 		52.519
v -285 		4.844 		206.877
v -288.5735 		2.929 		51.5062
v -288.5833 		3.4363 		51.4863
v -285.895 		4.844 		206.311
v -522.935 		34.528 		116.308
v -285.554 		4.844 		206.704
v -308.378 		1.93 		126.933
v -486.474 		13.003 		27.11
v -308.378 		1.93 		125.643
v -285.75 		4.844 		204.996
v -285.905 		4.844 		205.246
v -308.378 		1.93 		125.229
v -309.68 		2.636 		125.234
v -522.935 		34.807 		115.853
v -285.989 		4.844 		205.963
v -486.889 		13.225 		27.11
v -285.321 		4.844 		206.821
v -200.348 		37.763 		117.463
v -289.033 		2.929 		49.432
v -288.863 		2.929 		50.726
v -288.0742 		2.929 		50.583
v -288.1705 		2.929 		50.1009
v -288.179 		3.4364 		50.0462
v -288.0683 		3.4364 		50.6006
v -288.863 		3.4364 		50.726
v -289.033 		3.4365 		49.432
v -288.239 		2.929 		49.658
v -288.239 		3.4365 		49.658
v -290.816 		4.844 		206.877
v -200.348 		37.44 		117.272
v -293 		4.844 		206.877
v -287.4622 		2.929 		51.8254
v -287.6283 		2.929 		51.576
v -287.618 		3.4363 		51.5914
v -287.4724 		3.4363 		51.8101
v -200.348 		37.606 		117.352
v -287.1383 		2.929 		52.195
v -292.446 		4.844 		204.822
v -287.0999 		3.4363 		52.235
v -292.25 		4.844 		204.996
v -287.8456 		2.929 		51.135
v -506.694 		2.336 		79.778
v -287.8679 		3.4364 		51.0844
v -506.735 		2.336 		78.718
v -292.679 		4.844 		206.821
v -292.446 		4.844 		206.704
v -292.177 		4.844 		206.421
v -292.011 		4.844 		205.963
v -506.221 		2.336 		79.644
v -279.9291 		2.929 		49.2884
v -279.921 		2.929 		49.658
v -279.358 		2.929 		51.18
v -279.2736 		2.929 		50.9311
v -279.1462 		2.929 		50.4359
v -279.0639 		2.929 		49.9053
v -279.0639 		2.929 		49.3157
v -486.69 		13.097 		27.11
v -279.284 		3.4364 		50.9619
v -279.358 		3.4364 		51.18
v -279.921 		3.4365 		49.658
v -279.9304 		3.4365 		49.233
v -279.0654 		3.4365 		49.2494
v -279.0654 		3.4365 		49.9274
v -279.1375 		3.4364 		50.3925
v -523 		34.4975 		116.2743
v -523 		34.3243 		116.6442
v -292.07 		4.844 		205.307
v -280.3172 		2.929 		51.1405
v -280.469 		2.929 		51.483
v -280.469 		3.4363 		51.483
v -280.2944 		3.4364 		51.0892
v -486.451 		13.003 		27.252
v -280.0168 		2.929 		50.1401
v -280.0853 		2.929 		50.583
v -280.0912 		3.4364 		50.6006
v -280.0311 		3.4364 		50.2123
v -200.348 		37.268 		117.223
v -200.348 		37.094 		117.206
v -200.348 		36.919 		117.223
v -285 		4.844 		204.649
v -285.383 		4.844 		204.726
v -486.424 		13.003 		27.319
v -200.232 		37.763 		116.81
v -271.213 		2.929 		49.432
v -271.19 		2.929 		49.7894
v -271.0657 		2.929 		50.5141
v -270.938 		2.929 		51.036
v -270.543 		2.929 		51.932
v -486.656 		13.097 		27.319
v -270.4091 		2.929 		49.2096
v -270.4103 		3.4365 		49.265
v -270.543 		3.4363 		51.932
v -270.938 		3.4364 		51.036
v -271.05 		3.4364 		50.5786
v -271.1928 		3.4365 		49.7453
v -271.213 		3.4365 		49.432
v -292.679 		4.844 		204.705
v -486.468 		13.003 		27.182
v -270.4091 		2.929 		49.8071
v -270.4103 		3.4365 		49.7887
v -293 		4.844 		204.649
v -292.3559 		4.844 		204.649
v -294.233 		4.8433 		196.801
v -294.303 		4.8434 		197.253
v -486.846 		13.225 		27.38
v -523 		34.7796 		115.8141
v -523 		34.5741 		116.1493
v -262.5365 		2.929 		51.2571
v -262.649 		2.929 		51.483
v -294.223 		4.8433 		196.343
v -262.649 		3.4363 		51.483
v -486.681 		13.097 		27.216
v -262.5196 		3.4363 		51.2232
v -294.273 		4.8432 		195.888
v -269.8083 		2.929 		51.576
v -270.0257 		2.929 		51.135
v -270.2256 		2.929 		52.3645
v -294.382 		4.8432 		195.444
v -269.8523 		3.4362 		52.8488
v -270.2648 		3.4363 		52.3111
v -270.0479 		3.4364 		51.0844
v -269.798 		3.4363 		51.5914
v -294.548 		4.8432 		195.017
v -262.1565 		2.929 		50.0231
v -262.225 		2.929 		50.466
v -294.768 		4.8431 		194.616
v -262.225 		3.4364 		50.466
v -262.1649 		3.4364 		50.0778
v -486.878 		13.225 		27.247
v -523 		38.051 		114.658
v -523 		37.941 		114.6046
v -294.853 		4.8435 		198.503
v -262.3041 		2.929 		50.6996
v -310.156 		2.636 		125.517
v -262.3159 		3.4364 		50.7346
v -310.179 		2.636 		125.058
v -475.718 		24.515 		220.436
v -475.2 		24.538 		220.442
v -269.6422 		2.929 		51.8254
v -269.6524 		3.4363 		51.8101
v -486.492 		13.097 		27.588
v -522.935 		37.931 		114.658
v -269.3183 		2.929 		52.195
v -475.2 		24.261 		220.173
v -475.661 		24.24 		220.168
v -269.28 		3.4363 		52.235
v -486.56 		13.097 		27.507
v -269.008 		2.929 		52.519
v -269.008 		3.4362 		52.519
v -310.004 		2.636 		126.911
v -309.813 		2.636 		126.537
v -270.206 		2.929 		50.725
v -270.3129 		2.929 		50.2892
v -270.2997 		3.4364 		50.343
v -310.44 		2.636 		126.732
v -270.206 		3.4364 		50.725
v -310.731 		2.636 		126.949
v -486.722 		13.225 		27.624
v -294.615 		4.8434 		198.112
v -310.213 		2.636 		126.164
v -294.431 		4.8434 		197.693
v -486.793 		13.225 		27.507
v -506.544 		2.336 		78.026
v -486.616 		13.097 		27.417
v -506.242 		2.336 		78.749
v -506.098 		2.336 		78.217
v -476.227 		24.444 		220.418
v -476.718 		24.327 		220.389
v -522.935 		37.516 		114.54
v -504.101 		2.336 		79.438
v -522.935 		37.094 		114.5
v -503.813 		2.336 		78.025
v -476.857 		24.535 		220.662
v -504.116 		2.336 		78.65
v -487.066 		13.384 		27.11
v -504.335 		2.336 		78.038
v -504.221 		2.336 		78.251
v -477.183 		24.167 		220.349
v -523 		37.094 		114.4447
v -523 		37.521 		114.485
v -487.34 		13.778 		27.11
v -523 		37.2101 		114.4555
v -487.218 		13.57 		27.11
v -523 		37.6352 		114.5176
v -522.935 		36.257 		114.658
v -486.952 		13.384 		27.588
v -475.597 		23.92 		219.913
v -475.526 		23.561 		219.677
v -522.935 		36.672 		114.54
v -475.2 		23.938 		219.918
v -199 		40.0088 		116.6628
v -199 		40.0265 		116.7005
v -199.018 		40.021 		116.705
v -487.053 		13.384 		27.275
v -523 		36.6667 		114.485
v -523 		36.7831 		114.4742
v -298.917 		4.8436 		199.784
v -487.159 		13.57 		27.482
v -523 		36.247 		114.6046
v -298.477 		4.8436 		199.912
v -487.015 		13.384 		27.435
v -298.025 		4.8436 		199.982
v -523 		36.3609 		114.5719
v -199 		39.781 		116.1745
v -297.567 		4.8436 		199.992
v -199.018 		39.776 		116.18
v -297.112 		4.8436 		199.942
v -487.203 		13.57 		27.299
v -199.265 		39.659 		116.308
v -199.265 		39.38 		115.853
v -296.667 		4.8436 		199.833
v -199.5 		39.498 		116.484
v -296.241 		4.8436 		199.668
v -295.839 		4.8435 		199.447
v -295.47 		4.8435 		199.176
v -487.275 		13.778 		27.52
v -295.139 		4.8435 		198.86
v -296.85 		4.8434 		197.532
v -296.722 		4.8434 		197.41
v -296.612 		4.8434 		197.272
v -296.52 		4.8433 		197.121
v -296.449 		4.8433 		196.958
v -296.399 		4.8433 		196.789
v -296.372 		4.8433 		196.614
v -475.2 		23.576 		219.68
v -308.378 		2.636 		126.933
v -308.378 		2.636 		125.643
v -308.378 		2.636 		125.229
v -487.324 		13.778 		27.318
v -304.598 		2.636 		124.034
v -305.064 		2.636 		124.034
v -305.064 		1.93 		124.034
v -305.808 		2.636 		123.986
v -305.808 		1.93 		123.986
v -305.808 		1.93 		123.679
v -305.808 		2.636 		123.679
v -475.988 		23.866 		219.9
v -304.598 		1.93 		124.034
v -303.863 		1.93 		123.679
v -303.863 		2.636 		123.679
v -476.115 		24.177 		220.152
v -303.863 		2.636 		123.986
v -303.863 		1.93 		123.986
v -487.412 		14.242 		27.565
v -487.36 		14.004 		27.548
v -487.412 		14.004 		27.332
v -298.495 		4.8434 		197.604
v -298.344 		4.8434 		197.695
v -298.182 		4.8434 		197.767
v -298.013 		4.8434 		197.816
v -297.838 		4.8434 		197.843
v -297.661 		4.8434 		197.846
v -297.485 		4.8434 		197.827
v -297.313 		4.8434 		197.785
v -297.148 		4.8434 		197.721
v -296.993 		4.8434 		197.636
v -476.553 		24.073 		220.126
v -486.411 		13.225 		27.89
v -476.365 		23.776 		219.878
v -476.722 		23.653 		219.847
v -476.968 		23.93 		220.091
v -486.528 		13.225 		27.818
v -486.411 		13.097 		27.657
v -287.494 		2.929 		52.981
v -287.5565 		3.4362 		52.9185
v -287.077 		2.929 		53.398
v -287.077 		3.4362 		53.398
v -486.632 		13.225 		27.729
v -286.168 		2.929 		53.002
v -286.168 		3.4362 		53.002
v -282.3112 		2.929 		53.16
v -282.2856 		3.4362 		53.1474
v -475.847 		23.516 		219.666
v -298.945 		4.8433 		197.067
v -298.86 		4.8434 		197.222
v -298.756 		4.8434 		197.366
v -298.633 		4.8434 		197.492
v -282.104 		2.929 		53.058
v -282.104 		3.4362 		53.058
v -284.033 		2.929 		54.432
v -283.4996 		2.929 		54.3733
v -282.7717 		2.929 		54.2477
v -282.422 		2.929 		54.154
v -284.625 		2.929 		53.526
v -285.419 		2.929 		53.332
v -286.6182 		2.929 		53.677
v -286.1076 		2.929 		53.9721
v -285.4312 		2.929 		54.2012
v -285.006 		2.929 		54.325
v -475.932 		23.078 		219.439
v -476.157 		23.443 		219.647
v -506.098 		2.336 		80.023
v -282.422 		3.4361 		54.154
v -282.7286 		3.4361 		54.2362
v -283.5655 		3.4361 		54.3806
v -506.543 		2.336 		80.216
v -284.033 		3.4361 		54.432
v -285.006 		3.4361 		54.325
v -285.4948 		3.4361 		54.1827
v -286.0878 		3.4361 		53.9818
v -286.6748 		3.4361 		53.6426
v -285.419 		3.4362 		53.332
v -284.625 		3.4362 		53.526
v -300.672 		4.8435 		198.376
v -300.892 		4.8434 		197.975
v -506.301 		2.336 		80.566
v -300.401 		4.8435 		198.746
v -475.695 		23.134 		219.453
v -300.085 		4.8435 		199.076
v -475.45 		23.168 		219.462
v -299.728 		4.8435 		199.362
v -306.732 		2.636 		126.933
v -306.732 		1.93 		126.933
v -475.2 		23.18 		219.465
v -301.217 		4.8433 		196.648
v -306.828 		2.636 		125.229
v -306.828 		1.93 		125.229
v -306.828 		1.93 		125.643
v -306.828 		2.636 		125.643
v -283.205 		2.929 		54.3539
v -301.167 		4.8433 		197.104
v -283.2267 		3.4361 		54.3582
v -301.058 		4.8434 		197.548
v -299.052 		4.8433 		196.73
v -299.009 		4.8433 		196.902
v -505.969 		2.336 		80.82
v -299.336 		4.8436 		199.6
v -504.214 		2.336 		80.705
v -296.369 		4.8433 		196.437
v -199.5 		39.237 		116.058
v -296.388 		4.8433 		196.261
v -296.431 		4.8433 		196.089
v -296.495 		4.8432 		195.924
v -296.58 		4.8432 		195.769
v -296.683 		4.8432 		195.626
v -296.807 		4.8432 		195.499
v -296.944 		4.8432 		195.388
v -504.748 		2.336 		80.521
v -283.807 		2.929 		53.544
v -504.489 		2.336 		80.366
v -283.807 		3.4362 		53.544
v -504.189 		2.336 		79.912
v -199 		39.76 		116.1404
v -505.466 		2.336 		80.551
v -505.846 		2.336 		80.366
v -282.7156 		2.929 		53.3231
v -282.7506 		3.4362 		53.3349
v -295.038 		4.8431 		194.246
v -282.999 		2.929 		53.419
v -282.999 		3.4362 		53.419
v -295.355 		4.8431 		193.916
v -295.713 		4.843 		193.629
v -505.294 		2.336 		80.999
v -296.104 		4.843 		193.392
v -504.586 		2.336 		80.909
v -296.523 		4.843 		193.207
v -503.656 		2.336 		78.466
v -503.61 		2.336 		79.524
v -503.724 		2.336 		80.004
v -199.718 		39.057 		116.315
v -199.718 		39.297 		116.705
v -269.8669 		2.929 		52.8321
v -269.5217 		2.929 		53.1091
v -269.4554 		3.4362 		53.1673
v -264.6326 		2.929 		53.2082
v -264.5896 		3.4362 		53.1897
v -508.367 		2.336 		89.978
v -508.367 		2.336 		93.646
v -264.284 		2.929 		53.058
v -264.284 		3.4362 		53.058
v -503.879 		2.336 		89.934
v -504.38 		2.336 		89.964
v -199.5 		38.939 		115.684
v -297.095 		4.8432 		195.296
v -297.257 		4.8432 		195.225
v -297.427 		4.8432 		195.176
v -297.601 		4.8432 		195.149
v -507.901 		2.336 		89.978
v -297.779 		4.8432 		195.145
v -297.955 		4.8432 		195.164
v -298.127 		4.8432 		195.207
v -298.292 		4.8432 		195.271
v -298.447 		4.8432 		195.356
v -298.589 		4.8432 		195.46
v -298.717 		4.8432 		195.582
v -298.828 		4.8432 		195.72
v -199 		39.1558 		115.2809
v -298.919 		4.8432 		195.872
v -199 		39.4645 		115.6687
v -298.991 		4.8432 		196.034
v -199 		39.4884 		115.6986
v -199.018 		39.484 		115.705
v -268.348 		2.929 		53.002
v -268.348 		3.4362 		53.002
v -310.021 		1.93 		128.839
v -199.018 		39.152 		115.288
v -310.994 		1.93 		128.733
v -310.988 		1.93 		127.403
v -486.988 		13.57 		27.818
v -199.265 		39.062 		115.455
v -199 		39.1294 		115.2557
v -486.952 		13.778 		28.048
v -475.2 		22.757 		219.274
v -310.9124 		1.93 		126.9772
v -310.988 		1.93 		126.989
v -487.196 		13.778 		27.712
v -487.087 		13.57 		27.657
v -475.695 		22.688 		219.257
v -475.847 		22.636 		219.244
v -310.594 		1.93 		127.348
v -310.267 		1.93 		127.184
v -476.157 		23 		219.42
v -308.843 		1.93 		127.347
v -475.535 		22.726 		219.267
v -265.7397 		2.929 		54.4011
v -265.3064 		2.929 		54.2949
v -265.037 		2.929 		53.3713
v -266.4739 		2.929 		54.3721
v -266.0343 		2.929 		54.4205
v -475.369 		22.749 		219.272
v -310.988 		2.636 		126.989
v -265.2195 		3.4361 		54.2775
v -265.7177 		3.4361 		54.3996
v -266.0564 		3.4361 		54.4219
v -266.5618 		3.4361 		54.3663
v -310.988 		2.636 		127.403
v -265.0546 		3.4362 		53.3772
v -487.087 		13.778 		27.89
v -310.594 		2.636 		127.348
v -310.267 		2.636 		127.184
v -264.7758 		2.929 		54.2127
v -264.602 		2.929 		54.154
v -264.7543 		3.4361 		54.2054
v -264.602 		3.4361 		54.154
v -308.843 		2.636 		127.347
v -486.632 		13.383 		27.962
v -308.222 		1.93 		129.584
v -309.081 		1.93 		129.114
v -501.079 		2.336 		89.978
v -307.458 		1.93 		130.197
v -475.988 		22.57 		219.228
v -309.338 		1.93 		130.308
v -500.609 		2.336 		89.978
v -308.71 		1.93 		130.69
v -486.865 		13.384 		27.729
v -310.994 		1.93 		129.914
v -310.6458 		1.93 		129.9599
v -310.1776 		1.93 		130.0112
v -309.5836 		1.93 		130.2126
v -267.599 		2.929 		53.332
v -269.1341 		2.929 		53.4802
v -486.492 		13.383 		28.048
v -268.5147 		2.929 		53.8382
v -268.127 		2.929 		54.051
v -267.7018 		2.929 		54.1748
v -303.863 		1.93 		127.347
v -305.808 		1.93 		127.347
v -267.599 		3.4362 		53.332
v -267.6382 		3.4361 		54.1933
v -268.127 		3.4361 		54.051
v -268.5727 		3.4361 		53.8063
v -269.1157 		3.4362 		53.4925
v -303.863 		1.93 		127.037
v -304.598 		1.93 		126.989
v -266.805 		2.929 		53.526
v -486.722 		13.569 		28.084
v -305.064 		1.93 		126.989
v -305.808 		1.93 		127.037
v -266.805 		3.4362 		53.526
v -265.987 		2.929 		53.544
v -306.732 		1.93 		127.347
v -265.987 		3.4362 		53.544
v -486.865 		13.57 		27.962
v -486.758 		13.383 		27.854
v -265.6219 		2.929 		53.4875
v -304.598 		2.636 		126.989
v -305.064 		2.636 		126.989
v -265.5672 		3.4362 		53.4791
v -477.053 		23.498 		219.809
v -305.808 		2.636 		127.347
v -305.808 		2.636 		127.037
v -306.732 		2.636 		127.347
v -303.863 		2.636 		127.347
v -303.863 		2.636 		127.037
v -306.8452 		1.93 		130.9892
v -307.027 		1.93 		130.689
v -302.702 		1.93 		123.679
v -302.236 		1.93 		124.09
v -486.56 		13.569 		28.183
v -302.702 		2.636 		123.679
v -302.236 		2.636 		124.09
v -486.424 		13.778 		28.372
v -199.718 		38.784 		115.973
v -486.616 		13.778 		28.292
v -486.793 		13.778 		28.183
v -199.914 		38.041 		115.853
v -199.914 		38.331 		116.058
v -200.087 		38.159 		116.484
v -199.914 		38.844 		116.62
v -199.914 		38.6 		116.315
v -200.087 		38.391 		116.705
v -487.015 		14.004 		28.111
v -487.159 		14.004 		27.942
v -302.236 		1.93 		127.347
v -302.236 		2.636 		127.347
v -302.702 		2.636 		127.347
v -302.702 		1.93 		127.347
v -487.275 		14.004 		27.753
v -315.2868 		1.93 		131.2258
v -315.417 		1.93 		131.4209
v -315.7863 		1.93 		132.3278
v -315.5587 		1.93 		131.7422
v -315.8695 		1.93 		132.6689
v -506.654 		2.336 		91.617
v -506.269 		2.336 		92.063
v -200.087 		37.909 		116.308
v -315.9786 		1.93 		133.4988
v -313.965 		1.93 		131.4106
v -506.978 		2.336 		91.475
v -315.951 		1.93 		134.386
v -315.9786 		1.93 		133.9672
v -315.8022 		1.93 		134.9953
v -506.866 		2.336 		92.01
v -507.246 		2.336 		91.835
v -507.901 		2.336 		91.801
v -487.053 		14.242 		28.15
v -267.0106 		2.929 		54.3601
v -267.0322 		3.4361 		54.3558
v -476.365 		22.903 		219.396
v -476.718 		22.656 		219.335
v -477.183 		22.892 		219.51
v -476.968 		23.064 		219.553
v -487.203 		14.242 		27.975
v -269.702 		2.929 		62.251
v -268.288 		2.929 		62.251
v -268.288 		3.4354 		62.251
v -269.702 		3.4354 		62.251
v -274.326 		2.929 		62.251
v -272.912 		2.929 		62.251
v -476.553 		22.788 		219.367
v -272.912 		3.4354 		62.251
v -274.326 		3.4354 		62.251
v -476.722 		23.214 		219.591
v -487.324 		14.242 		27.778
v -297.414 		4.843 		193.01
v -296.963 		4.843 		193.079
v -476.45 		23.341 		219.622
v -486.451 		14.004 		28.457
v -486.846 		14.004 		28.256
v -486.468 		14.242 		28.509
v -200.232 		36.865 		116.641
v -486.681 		14.242 		28.42
v -314.5236 		1.93 		134.8836
v -486.656 		14.004 		28.372
v -200.232 		37.094 		116.62
v -314.6362 		1.93 		134.5516
v -314.3139 		1.93 		131.9321
v -314.3917 		1.93 		132.0899
v -314.5931 		1.93 		132.6832
v -200.087 		37.094 		116.076
v -314.6839 		1.93 		133.0224
v -200.232 		37.322 		116.641
v -200.087 		37.372 		116.102
v -314.7243 		1.93 		133.6484
v -314.7357 		1.93 		133.8241
v -200.232 		37.547 		116.705
v -314.7074 		1.93 		134.0859
v -200.087 		37.645 		116.18
v -486.878 		14.242 		28.3
v -314.7182 		1.93 		137.0309
v -314.961 		1.93 		136.777
v -477.5257 		24.5205 		220.9342
v -314.4418 		1.93 		137.3465
v -313.9377 		1.93 		137.7486
v -477.51 		24.506 		220.893
v -477.4453 		24.5469 		220.9384
v -313.278 		1.93 		136.644
v -486.014 		12.927 		27.11
v -477.365 		24.36 		220.618
v -486.246 		12.946 		27.11
v -477.9276 		24.3416 		220.9058
v -478.012 		24.271 		220.835
v -478.0414 		24.2908 		220.8977
v -507.901 		2.336 		91.406
v -477.836 		24.14 		220.564
v -477.615 		23.965 		220.299
v -478.005 		23.726 		220.24
v -313.809 		1.93 		136.135
v -314.353 		1.93 		135.323
v -313.1317 		1.93 		136.7419
v -312.89 		1.93 		136.8484
v -313.744 		1.93 		137.896
v -315.324 		1.93 		136.233
v -315.5774 		1.93 		135.6577
v -315.681 		1.93 		135.4472
v -312.244 		1.93 		138.572
v -286.6967 		2.929 		67.02
v -286.6967 		2.929 		90.744
v -286.1549 		3.433 		90.4228
v -286.1528 		3.435 		67.3425
v -312.196 		1.93 		137.214
v -199 		38.7872 		114.9293
v -486.15 		12.946 		27.298
v -312.196 		1.93 		138.581
v -199.018 		38.784 		114.937
v -313.744 		1.93 		154.233
v -486.221 		12.946 		27.216
v -312.244 		1.93 		154.233
v -199.5 		38.609 		115.37
v -199.265 		38.71 		115.119
v -199.265 		38.331 		114.852
v -306.427 		1.93 		131.7146
v -306.1992 		1.93 		135.0431
v -306.101 		1.93 		134.706
v -305.994 		1.93 		133.733
v -306.101 		1.93 		132.759
v -299.658 		2.636 		123.679
v -199.5 		38.254 		115.119
v -300.638 		2.636 		123.679
v -306.2767 		1.93 		132.1567
v -300.638 		2.636 		124.09
v -307.2929 		1.93 		134.1352
v -307.2519 		1.93 		133.5099
v -486.178 		12.946 		27.275
v -307.4346 		1.93 		134.7291
v -299.192 		2.636 		124.09
v -307.3389 		1.93 		134.4834
v -307.2809 		1.93 		133.2477
v -307.3521 		1.93 		132.7821
v -307.5035 		1.93 		132.3715
v -486.386 		13.003 		27.38
v -307.6747 		1.93 		131.9321
v -308.023 		1.93 		131.4106
v -297.873 		4.843 		193
v -308.179 		1.93 		131.198
v -486.202 		12.946 		27.247
v -298.328 		4.843 		193.049
v -298.773 		4.843 		193.158
v -307.3201 		1.93 		137.1112
v -307.0354 		1.93 		136.7397
v -309.891 		1.93 		138.601
v -309.891 		1.93 		137.247
v -309.744 		1.93 		138.572
v -199 		38.7586 		114.9092
v -486.235 		12.946 		27.182
v -307.9621 		1.93 		137.6712
v -505.463 		2.336 		90.932
v -301.009 		4.8432 		195.299
v -300.825 		4.8431 		194.88
v -505.269 		2.336 		90.533
v -504.845 		2.336 		90.144
v -301.137 		4.8432 		195.738
v -301.206 		4.8433 		196.191
v -504.877 		2.336 		90.801
v -504.267 		2.336 		90.365
v -503.912 		2.336 		90.343
v -300.301 		4.8431 		194.131
v -299.969 		4.8431 		193.816
v -300.587 		4.8431 		194.488
v -299.04 		4.8433 		196.203
v -299.067 		4.8433 		196.379
v -299.071 		4.8433 		196.555
v -299.192 		2.636 		125.388
v -486.244 		12.946 		27.146
v -299.199 		4.843 		193.324
v -299.192 		2.636 		125.802
v -299.192 		2.636 		126.933
v -299.601 		4.843 		193.544
v -297.639 		2.636 		125.802
v -297.639 		2.636 		125.388
v -297.543 		2.636 		123.679
v -297.543 		2.636 		124.09
v -486.014 		12.946 		27.343
v -460.645 		1.93 		38.887
v -460.645 		1.93 		41.101
v -460.645 		1.929 		41.101
v -486.05 		12.946 		27.34
v -460.645 		4.383 		40.1
v -460.645 		4.383 		41.101
v -460.645 		4.281 		41.101
v -460.645 		4.281 		40.1
v -297.543 		2.636 		126.933
v -486.086 		12.946 		27.331
v -486.119 		12.946 		27.317
v -299.658 		2.636 		127.347
v -297.543 		2.636 		127.347
v -278.793 		2.636 		113.581
v -199.718 		38.482 		115.684
v -278.327 		2.636 		113.581
v -199.718 		38.156 		115.455
v -276.874 		2.636 		113.581
v -486.014 		13.003 		27.57
v -276.323 		2.636 		113.581
v -486.086 		13.003 		27.564
v -275.631 		2.636 		113.581
v -486.156 		13.003 		27.547
v -275.165 		2.636 		113.992
v -486.284 		13.003 		27.482
v -486.339 		13.003 		27.435
v -199.718 		37.456 		115.187
v -199.5 		37.489 		114.827
v -199.718 		37.812 		115.288
v -486.222 		13.003 		27.52
v -199.5 		37.878 		114.937
v -199.5 		37.094 		114.79
v -199.718 		37.094 		115.153
v -496.23 		27.9703 		38.1
v -496 		27.929 		38.1
v -465.9339 		1.93 		204.8711
v -500.402 		53.0084 		40.1764
v -465.938 		1.93 		204.881
v -465.9891 		1.93 		205.4445
v -504.588 		2.336 		90.501
v -478.262 		23.879 		220.499
v -465.8256 		1.93 		205.9518
v -465.9888 		1.93 		205.4522
v -272.736 		2.636 		113.7
v -272.736 		2.636 		114.143
v -465.8218 		1.93 		205.9596
v -478.466 		23.993 		220.765
v -273.516 		2.636 		113.992
v -465 		1.93 		206.4138
v -465.0048 		1.93 		206.413
v -273.516 		2.636 		113.581
v -465.3205 		1.93 		206.3589
v -272.388 		2.636 		114.022
v -465.3281 		1.93 		206.354
v -505.581 		2.336 		91.617
v -478.3683 		24.1021 		220.8678
v -272.11 		2.636 		113.548
v -478.5153 		24.0171 		220.8543
v -505.098 		2.336 		91.706
v -478.7662 		23.8295 		220.8245
v -465.7463 		1.93 		204.5297
v -478.9385 		23.701 		220.8041
v -465.3244 		1.93 		204.2445
v -270.974 		2.636 		113.651
v -505.041 		2.336 		91.25
v -465.75 		1.93 		204.5328
v -478.865 		23.675 		220.687
v -465.3157 		1.93 		204.2419
v -465 		1.93 		204.1868
v -271.701 		2.636 		113.529
v -199.914 		37.417 		115.614
v -270.458 		2.636 		114.134
v -270.362 		2.636 		114.557
v -199.914 		37.094 		115.584
v -478.635 		23.581 		220.425
v -270.71 		2.636 		113.803
v -199.914 		37.734 		115.705
v -270.929 		2.636 		114.196
v -270.832 		2.636 		114.535
v -460.645 		4.8298 		41.7
v -271.704 		2.636 		113.925
v -271.219 		2.636 		113.993
v -507.173 		20.981 		49.844
v -507.348 		20.981 		49.785
v -506.213 		19.979 		50.089
v -505.626 		19.979 		50.128
v -507.173 		19.979 		49.844
v -269.463 		2.636 		113.581
v -268.998 		2.636 		113.992
v -486.014 		13.097 		27.786
v -265.152 		2.636 		113.581
v -503.376 		19.979 		49.525
v -503.904 		19.979 		49.785
v -504.75 		19.979 		50.032
v -486.222 		13.097 		27.753
v -486.32 		13.097 		27.712
v -508.12 		20.981 		49.361
v -200.348 		35.856 		118.388
v -496.23 		27.6398 		40.1
v -496 		27.6398 		40.1
v -496 		27.929 		38.3497
v -486.014 		13.225 		27.985
v -465 		4.844 		206.877
v -486.15 		13.225 		27.974
v -486.119 		13.097 		27.778
v -478.347 		23.453 		220.172
v -465.525 		4.844 		204.807
v -479.201 		23.323 		220.599
v -478.95 		23.251 		220.343
v -465.75 		4.844 		204.996
v -479.201 		22.896 		220.255
v -465.996 		4.844 		205.596
v -465.979 		4.844 		206.061
v -465.75 		4.844 		206.53
v -479.1161 		23.5295 		220.7769
v -465.289 		4.844 		206.827
v -486.284 		13.225 		27.942
v -486.014 		13.383 		28.163
v -486.178 		13.383 		28.15
v -486.339 		13.383 		28.111
v -477.352 		23.75 		220.046
v -486.014 		13.569 		28.314
v -486.386 		13.569 		28.256
v -465 		4.844 		204.649
v -477.615 		23.105 		219.711
v -477.365 		22.701 		219.463
v -486.014 		13.778 		28.437
v -486.221 		13.778 		28.42
v -486.202 		13.569 		28.3
v -477.836 		22.874 		219.654
v -478.005 		23.293 		219.933
v -477.352 		23.315 		219.763
v -477.7 		23.537 		219.993
v -265.618 		2.636 		113.581
v -267.348 		2.636 		113.992
v -267.348 		2.636 		113.581
v -285.7 		28.7851 		36.3317
v -285.7 		28.251 		36.401
v -478.012 		22.624 		219.592
v -478.466 		22.734 		219.794
v -478.262 		23.024 		219.866
v -478.635 		23.151 		220.097
v -478.865 		22.825 		220.017
v -505.35 		20.981 		46.989
v -504.465 		20.981 		46.044
v -504.645 		20.981 		46.472
v -504.495 		20.981 		45.332
v -504.429 		20.981 		45.665
v -486.014 		14.004 		28.526
v -486.014 		14.242 		28.581
v -486.244 		14.242 		28.562
v -486.235 		14.004 		28.509
v -486.474 		14.486 		28.526
v -507.023 		20.981 		45.665
v -506.905 		20.981 		45.216
v -476.115 		22.492 		219.208
v -506.779 		20.981 		46.504
v -505.896 		20.981 		47.041
v -506.296 		20.981 		46.905
v -486.889 		14.486 		28.315
v -487.066 		14.486 		28.163
v -487.218 		14.486 		27.985
v -487.34 		14.486 		27.786
v -486.69 		14.486 		28.437
v -501.164 		19.979 		46.215
v -501.468 		19.979 		47.35
v -502.056 		19.979 		48.367
v -502.665 		19.979 		49.004
v -486.014 		14.486 		28.599
v -486.246 		14.486 		28.581
v -506.812 		2.336 		93.006
v -507.03 		2.336 		93.17
v -506.708 		2.336 		92.252
v -506.689 		2.336 		92.764
v -200.432 		36.257 		118.625
v -506.19 		2.336 		92.347
v -506.174 		2.336 		92.653
v -200.432 		36.309 		118.473
v -200.483 		36.731 		118.722
v -200.483 		36.771 		118.658
v -200.483 		36.816 		118.602
v -507.505 		2.336 		93.247
v -507.901 		2.336 		93.247
v -200.432 		36.375 		118.332
v -506.804 		2.336 		93.546
v -507.15 		2.336 		93.626
v -506.345 		2.336 		93.211
v -505.395 		2.336 		92.857
v -504.679 		2.336 		93.061
v -505.568 		2.336 		92.224
v -505.046 		2.336 		92.331
v -476.227 		22.403 		219.186
v -504.185 		2.336 		93.683
v -476.321 		22.304 		219.162
v -503.905 		2.336 		93.283
v -504.801 		2.336 		93.515
v -283.321 		2.636 		118.579
v -476.857 		22.51 		219.298
v -200.432 		36.747 		117.924
v -476.968 		22.353 		219.259
v -505.134 		2.336 		93.261
v -200.432 		36.859 		117.87
v -504.418 		2.336 		93.216
v -200.432 		36.542 		118.093
v -200.432 		36.453 		118.205
v -200.432 		36.641 		117.999
v -280.426 		2.636 		118.698
v -279.391 		2.636 		118.528
v -279.8 		2.636 		118.547
v -278.829 		2.636 		118.603
v -477.097 		22.016 		219.176
v -477.048 		22.188 		219.218
v -200.348 		35.934 		118.163
v -477.5221 		12.9284 		22.9397
v -477.4846 		12.9284 		22.9239
v -278.793 		2.636 		117.249
v -478.036 		12.9282 		23.5932
v -477.9917 		12.9282 		23.5367
v -199.5 		33.301 		34.961
v -281.206 		2.636 		118.579
v -200.348 		36.147 		117.767
v -200.321 		33.365 		34.561
v -200.348 		36.031 		117.955
v -475.964 		12.9282 		23.5932
v -282.855 		2.636 		118.99
v -282.855 		2.636 		120.288
v -476.4771 		12.9284 		22.9397
v -282.855 		2.636 		120.702
v -476.4395 		12.9284 		22.9874
v -308.244 		1.93 		137.896
v -306.664 		1.93 		136.233
v -309.7716 		1.93 		137.2065
v -502.556 		2.336 		90.93
v -306.5604 		1.93 		136.0225
v -283.321 		2.636 		122.247
v -309.5406 		1.93 		137.0799
v -309.0448 		1.93 		136.8682
v -282.855 		2.636 		121.833
v -308.7831 		1.93 		136.6931
v -477 		12.9285 		22.72
v -200.232 		35.403 		118.473
v -307.8804 		1.93 		135.7258
v -200.087 		35.036 		118.332
v -307.5661 		1.93 		135.1819
v -200.087 		34.981 		118.722
v -476.965 		12.9285 		22.7348
v -308.0751 		1.93 		136.017
v -308.5196 		1.93 		136.4615
v -478.532 		12.9278 		24.6669
v -479.001 		12.9273 		26.1483
v -478.9334 		12.9274 		25.9357
v -479.2264 		12.927 		27.11
v -200.232 		35.477 		118.163
v -200.087 		35.125 		117.955
v -309.744 		1.93 		154.233
v -475.468 		12.9278 		24.6669
v -475.4128 		12.9278 		24.8406
v -308.244 		1.93 		154.233
v -200.348 		35.8 		118.625
v -200.232 		35.578 		117.87
v -502.914 		2.336 		91.872
v -503.233 		2.336 		90.125
v -502.758 		2.336 		90.533
v -503.062 		2.336 		90.956
v -502.937 		2.336 		91.389
v -503.324 		2.336 		90.565
v -503.584 		2.336 		90.409
v -477.679 		22.055 		219.303
v -477.7 		21.827 		219.246
v -477.615 		22.28 		219.359
v -477.51 		22.496 		219.412
v -500.824 		2.336 		90.481
v -500.663 		2.336 		91.362
v -200.348 		36.424 		117.463
v -500.965 		2.336 		91.295
v -281.302 		2.636 		120.288
v -502.886 		20.981 		42.058
v -503.779 		20.981 		41.553
v -281.302 		2.636 		120.702
v -501.409 		20.981 		44.08
v -281.206 		2.636 		118.99
v -278.91 		2.636 		118.991
v -279.394 		2.636 		118.923
v -197.61 		33.048 		36.555
v -197.447 		32.952 		36.728
v -278.619 		2.636 		119.194
v -278.541 		2.636 		119.693
v -198.05 		33.127 		36.059
v -280.078 		2.636 		119.02
v -280.426 		2.636 		119.141
v -198.739 		33.222 		35.463
v -279.191 		2.636 		120.176
v -279.97 		2.636 		120.543
v -502.442 		2.336 		92.219
v -279.49 		2.636 		120.788
v -279.076 		2.636 		120.617
v -478.14 		22.36 		219.526
v -201.188 		33.411 		34.27
v -278.647 		2.636 		119.879
v -477.679 		21.599 		219.19
v -202.086 		33.439 		34.094
v -203 		33.448 		34.034
v -478.218 		22.087 		219.458
v -478.615 		22.428 		219.718
v -478.218 		21.531 		219.32
v -502.645 		2.336 		92.909
v -478.244 		21.809 		219.389
v -203 		28.3224 		36.2583
v -202.942 		28.276 		36.2578
v -202.5433 		27.8573 		36.2388
v -478.705 		22.111 		219.639
v -202.0643 		27.3542 		36.2229
v -478.736 		21.788 		219.559
v -479.167 		21.763 		219.753
v -208.795 		31.428 		36.7512
v -207.123 		30.849 		36.6593
v -506.576 		20.981 		44.781
v -205.572 		30.122 		36.5439
v -506.144 		20.981 		44.519
v -479.133 		22.126 		219.843
v -204.171 		29.26 		36.4071
v -505.642 		20.981 		44.464
v -505.227 		20.981 		44.547
v -479.032 		22.482 		219.931
v -281.206 		2.636 		122.247
v -281.206 		2.636 		121.833
v -201.906 		27.188 		36.2449
v -479.3092 		12.946 		27.343
v -221.375 		30.849 		36.6593
v -219.703 		31.428 		36.7512
v -478.14 		21.258 		219.253
v -478.012 		20.994 		219.187
v -200.348 		36.581 		117.352
v -200.348 		36.278 		117.602
v -200.348 		36.747 		117.272
v -506.79 		20.981 		41.281
v -507.348 		20.981 		41.47
v -505.626 		20.981 		41.128
v -505.038 		20.981 		41.166
v -200.232 		35.856 		117.352
v -479.133 		21.401 		219.663
v -501.409 		19.979 		44.08
v -478.705 		21.465 		219.479
v -501.164 		19.979 		45.041
v -478.615 		21.148 		219.4
v -279.588 		2.636 		121.827
v -280.288 		2.636 		121.751
v -478.262 		20.551 		219.252
v -280.378 		2.636 		121.367
v -478.466 		20.841 		219.324
v -279.831 		2.636 		121.652
v -280.278 		2.636 		120.892
v -200.232 		36.219 		116.955
v -200.232 		36.028 		117.136
v -279.912 		2.636 		121.36
v -478.865 		20.702 		219.489
v -279.794 		2.636 		121.007
v -200.232 		36.424 		116.81
v -479.032 		21.045 		219.575
v -479.4362 		12.9987 		27.5527
v -479.3578 		12.9661 		27.4231
v -479.4442 		13.003 		27.57
v -510.126 		20.981 		45.628
v -510.03 		20.981 		46.504
v -509.783 		20.981 		47.35
v -509.36 		20.981 		48.122
v -508.808 		20.981 		48.81
v -479.5888 		13.097 		27.786
v -503.054 		2.336 		92.684
v -503.168 		2.336 		92.896
v -509.196 		20.981 		42.888
v -509.653 		20.981 		43.642
v -503.451 		2.336 		93.138
v -508.12 		20.981 		41.894
v -509.972 		20.981 		44.463
v -479.7687 		13.225 		27.985
v -479.7545 		13.2149 		27.9694
v -496 		27.3754 		41.7
v -496 		27.4744 		41.101
v -496 		27.929 		41.101
v -479.83 		13.2711 		28.037
v -492 		27.9703 		38.1
v -479.9444 		13.383 		28.163
v -492 		27.929 		38.1
v -503.418 		2.336 		93.603
v -479.201 		20.577 		219.679
v -200.087 		35.403 		117.267
v -199.914 		35.13 		116.967
v -199.914 		34.95 		117.352
v -200.087 		35.248 		117.598
v -200.232 		35.705 		117.598
v -503.01 		2.336 		93.362
v -480.1265 		13.569 		28.314
v -480.1065 		13.5486 		28.2974
v -502.047 		2.336 		93.646
v -503.748 		2.336 		93.687
v -200.087 		35.587 		116.967
v -279.347 		2.636 		122.285
v -279.935 		2.636 		122.12
v -278.8 		2.636 		122.277
v -279.042 		2.636 		121.874
v -524.553 		25.669 		221.381
v -501.552 		2.336 		93.646
v -525.062 		25.788 		220.629
v -525.467 		25.917 		219.818
v -480.1752 		13.6204 		28.3442
v -480.289 		13.778 		28.437
v -475.45 		22.28 		219.104
v -475.285 		22.31 		219.112
v -475.369 		22.299 		219.109
v -505.695 		2.336 		95.425
v -504.649 		2.336 		95.425
v -504.438 		2.336 		96.101
v -475.2 		22.314 		219.113
v -504.423 		2.336 		96.101
v -504.264 		2.336 		95.425
v -475.526 		22.253 		219.097
v -475.597 		22.22 		219.089
v -506.161 		2.336 		95.425
v -199.5 		34.166 		117.999
v -199.265 		33.97 		117.924
v -199.265 		33.888 		118.517
v -505.701 		2.336 		97.876
v -199.5 		34.088 		118.555
v -501.72 		2.336 		95.425
v -502.19 		2.336 		95.425
v -502.689 		2.336 		95.425
v -503.159 		2.336 		95.425
v -475.718 		22.136 		219.068
v -480.4474 		14.004 		28.526
v -480.4074 		13.9468 		28.5035
v -503.153 		2.336 		97.893
v -501.314 		2.336 		96.56
v -501.166 		2.336 		96.974
v -199.018 		33.828 		117.87
v -480.466 		14.0313 		28.5323
v -480.5725 		14.242 		28.581
v -276.916 		2.636 		115.447
v -277.321 		2.636 		115.219
v -199 		33.8157 		117.9122
v -199 		33.822 		117.8677
v -475.661 		22.181 		219.079
v -277.754 		2.636 		115.094
v -278.327 		2.636 		115.094
v -475.803 		22.033 		219.043
v -277.555 		2.636 		115.538
v -475.765 		22.086 		219.056
v -480.6929 		14.486 		28.599
v -278.327 		2.636 		115.493
v -276.674 		2.636 		115.776
v -199.718 		34.412 		118.093
v -277.234 		2.636 		115.722
v -199.718 		34.341 		118.602
v -276.593 		2.636 		116.207
v -199.914 		34.703 		118.205
v -277.232 		2.636 		116.632
v -224.9197 		28.7851 		36.3317
v -224.326 		29.26 		36.4071
v -222.925 		30.122 		36.5439
v -199.914 		34.64 		118.658
v -277.099 		2.636 		116.074
v -199.914 		34.807 		117.767
v -277.11 		2.636 		116.399
v -224.9196 		28.7851 		36.4825
v -225.999 		28.251 		36.401
v -225.0997 		28.641 		36.4605
v -225.999 		28.641 		36.4605
v -225.556 		28.276 		36.102
v -225.999 		27.8103 		36.102
v -275.165 		2.636 		115.29
v -225.0997 		28.641 		36.102
v -275.165 		2.636 		115.704
v -225.999 		28.641 		36.102
v -199 		33.7358 		118.4879
v -199.018 		33.742 		118.489
v -505.725 		2.336 		98.634
v -505.743 		2.336 		98.634
v -505.436 		2.336 		99.093
v -480.698 		14.4965 		28.599
v -506.161 		2.336 		99.093
v -229.39 		33.448 		34.034
v -230.408 		32.86 		33.941
v -475.2 		21.86 		218.982
v -230.111 		33.153 		33.988
v -500.633 		2.336 		98.605
v -500.844 		2.336 		99.108
v -502.689 		2.336 		99.093
v -503.122 		2.336 		98.631
v -503.384 		2.336 		99.093
v -503.144 		2.336 		98.631
v -230.663 		32.859 		32.319
v -500.419 		2.336 		99.108
v -474.999 		12.9273 		26.1483
v -474.931 		12.9272 		26.4394
v -474.7736 		12.927 		27.11
v -277.898 		2.636 		117.249
v -278.327 		2.636 		116.85
v -474.6906 		12.946 		27.343
v -277.555 		2.636 		116.807
v -474.5632 		12.9987 		27.5527
v -474.5552 		13.003 		27.57
v -474.4901 		13.0451 		27.6668
v -474.4106 		13.097 		27.786
v -474.2311 		13.225 		27.985
v -474.17 		13.2711 		28.037
v -474.1028 		13.3371 		28.1113
v -474.0557 		13.383 		28.163
v -199 		33.7337 		118.5332
v -199.5 		34.293 		117.463
v -199 		33.9643 		117.2686
v -199 		34.1465 		116.7413
v -199.018 		33.97 		117.272
v -199.265 		34.293 		116.81
v -199.265 		34.106 		117.352
v -201.6897 		26.8805 		36.2622
v -201.4221 		26.4999 		36.3348
v -199.5 		34.469 		116.955
v -201.081 		26.015 		36.4722
v -200.5909 		25.0012 		36.618
v -199 		33.954 		117.3116
v -200.3419 		24.2822 		36.6698
v -200.118 		23.493 		36.7718
v -200.0316 		22.561 		36.7119
v -199.998 		22.561 		36.746
v -199.998 		22.1978 		36.6886
v -199.997 		22.187 		36.6879
v -199.998 		22.1762 		36.6851
v -276.738 		2.636 		116.786
v -277.173 		2.636 		117.133
v -473.8731 		13.569 		28.314
v -199.8875 		22.1944 		36.8
v -496 		1.93 		41.101
v -277.087 		2.636 		118.579
v -276.621 		2.636 		118.579
v -275.631 		2.636 		117.249
v -275.165 		2.636 		116.835
v -200.482 		24.776 		36.6551
v -473.8242 		13.6204 		28.3442
v -473.7659 		13.7011 		28.3918
v -473.7106 		13.778 		28.437
v -525.467 		32.124 		38.199
v -525.663 		31.841 		38.738
v -199.718 		34.528 		117.602
v -199.718 		34.689 		117.136
v -525.062 		32.625 		37.447
v -525.111 		32.589 		37.542
v -200.232 		36.641 		116.705
v -420.197 		1.93 		220.3866
v -200.087 		36.816 		116.102
v -425.8218 		1.93 		205.9596
v -425.8256 		1.93 		205.9518
v -200.087 		36.278 		116.308
v -200.087 		36.542 		116.18
v -199.914 		36.147 		115.853
v -425.9705 		1.93 		205.0087
v -425.9688 		1.93 		204.9996
v -496 		4.8295 		38.1
v -496 		4.829 		32.631
v -496 		4.845 		32.532
v -496.23 		5.048 		38.1
v -505.676 		4.8408 		168.381
v -425 		1.93 		206.4138
v -425.0048 		1.93 		206.413
v -425.3205 		1.93 		206.3589
v -473.5526 		14.004 		28.526
v -425.3281 		1.93 		206.354
v -425.7701 		1.93 		204.5639
v -425.7677 		1.93 		204.5603
v -425.3157 		1.93 		204.2419
v -425 		1.93 		204.1868
v -473.534 		14.0313 		28.5323
v -473.4275 		14.242 		28.581
v -425.7616 		1.93 		204.5559
v -425.322 		1.93 		204.2431
v -200.087 		36.028 		116.484
v -473.3071 		14.486 		28.599
v -473.302 		14.4965 		28.599
v -199.914 		35.856 		116.058
v -199.914 		35.344 		116.62
v -199.914 		35.587 		116.315
v -200.087 		35.797 		116.705
v -467.986 		12.927 		27.11
v -199.5 		34.95 		116.058
v -199.718 		34.891 		116.705
v -467.986 		12.946 		27.343
v -467.986 		13.003 		27.57
v -199.718 		35.13 		116.315
v -467.986 		13.097 		27.786
v -199.718 		35.403 		115.973
v -467.986 		13.225 		27.985
v -467.986 		13.569 		28.314
v -467.986 		13.383 		28.163
v -467.986 		14.004 		28.526
v -467.986 		13.778 		28.437
v -467.986 		14.242 		28.581
v -199.5 		36.698 		114.827
v -199.5 		36.309 		114.937
v -199.718 		36.731 		115.187
v -199.718 		36.375 		115.288
v -199.5 		35.934 		115.119
v -502.4 		4.93 		131.8652
v -502.4 		4.938 		131.867
v -502.4 		5.399 		131.901
v -502.4 		5.859 		131.867
v -502.4 		6.312 		131.765
v -502.4 		6.75 		131.597
v -502.4 		7.164 		131.365
v -502.4 		7.548 		131.074
v -199.914 		36.771 		115.614
v -498.4 		7.548 		131.074
v -498.4 		7.164 		131.365
v -498.4 		6.75 		131.597
v -498.4 		6.312 		131.765
v -498.4 		5.859 		131.867
v -498.4 		5.399 		131.901
v -498.4 		4.938 		131.867
v -498.4 		4.93 		131.8652
v -199.914 		36.453 		115.705
v -199.718 		36.031 		115.455
v -502.4 		8.2 		130.336
v -502.4 		8.456 		129.901
v -502.4 		8.661 		129.432
v -502.4 		8.809 		128.936
v -502.4 		8.899 		128.423
v -502.4 		8.929 		127.901
v -502.4 		8.899 		127.379
v -502.4 		5.091 		130.547
v -502.4 		4.93 		130.5107
v -502.4 		5.399 		130.57
v -502.4 		5.706 		130.547
v -502.4 		6.008 		130.479
v -502.4 		6.3 		130.367
v -502.4 		6.577 		130.213
v -502.4 		6.833 		130.019
v -502.4 		7.065 		129.788
v -502.4 		7.268 		129.526
v -502.4 		7.439 		129.236
v -502.4 		7.576 		128.922
v -502.4 		7.675 		128.592
v -502.4 		7.735 		128.249
v -502.4 		7.755 		127.901
v -502.4 		7.735 		127.553
v -502.4 		7.675 		127.21
v -199.265 		35.856 		114.852
v -502.4 		7.895 		130.729
v -502.4 		8.809 		126.866
v -502.4 		8.661 		126.37
v -502.4 		8.456 		125.901
v -502.4 		8.2 		125.466
v -502.4 		7.576 		126.88
v -502.4 		7.439 		126.566
v -502.4 		7.268 		126.276
v -502.4 		7.065 		126.014
v -502.4 		6.833 		125.783
v -502.4 		6.577 		125.589
v -502.4 		6.3 		125.435
v -502.4 		6.008 		125.323
v -502.4 		5.706 		125.255
v -467.754 		12.946 		27.11
v -425.9888 		1.93 		205.5024
v -425.9892 		1.93 		205.4975
v -502.4 		5.399 		125.232
v -502.4 		5.091 		125.255
v -502.4 		4.93 		125.2913
v -502.4 		4.93 		123.9368
v -502.4 		7.895 		125.073
v -502.4 		7.548 		124.728
v -502.4 		7.164 		124.437
v -502.4 		6.75 		124.205
v -502.4 		6.312 		124.037
v -502.4 		5.859 		123.935
v -502.4 		5.399 		123.901
v -502.4 		4.938 		123.935
v -432.0112 		1.93 		205.4522
v -432.1744 		1.93 		205.9518
v -498.4 		8.899 		127.379
v -498.4 		8.929 		127.901
v -498.4 		8.899 		128.423
v -498.4 		8.809 		128.936
v -498.4 		8.661 		129.432
v -498.4 		8.456 		129.901
v -498.4 		8.2 		130.336
v -432.177 		1.93 		205.9578
v -498.4 		4.93 		130.5107
v -498.4 		5.091 		130.547
v -498.4 		5.399 		130.57
v -432.021 		1.93 		205.0018
v -432.0112 		1.93 		205.4424
v -432.4701 		1.93 		206.2518
v -432.4784 		1.93 		206.2585
v -467.311 		13.097 		27.11
v -467.526 		13.003 		27.11
v -432.9947 		1.93 		206.4129
v -498.4 		5.706 		130.547
v -498.4 		6.008 		130.479
v -498.4 		6.3 		130.367
v -498.4 		6.577 		130.213
v -498.4 		6.833 		130.019
v -467.111 		13.225 		27.11
v -498.4 		7.065 		129.788
v -498.4 		7.268 		129.526
v -498.4 		7.439 		129.236
v -498.4 		7.576 		128.922
v -498.4 		7.675 		128.592
v -498.4 		7.735 		128.249
v -498.4 		7.755 		127.901
v -498.4 		7.735 		127.553
v -498.4 		7.675 		127.21
v -467.756 		12.946 		27.146
v -467.765 		12.946 		27.182
v -199.265 		35.125 		115.455
v -467.779 		12.946 		27.216
v -475.853 		21.858 		218.999
v -199.018 		35.036 		115.288
v -475.847 		21.917 		219.014
v -498.4 		7.895 		130.729
v -475.83 		21.976 		219.029
v -498.4 		8.2 		125.466
v -498.4 		8.456 		125.901
v -498.4 		8.661 		126.37
v -498.4 		8.809 		126.866
v -498.4 		7.576 		126.88
v -498.4 		7.439 		126.566
v -272.462 		2.636 		115.707
v -272.588 		2.636 		115.894
v -199.5 		35.248 		115.684
v -199.265 		35.477 		115.119
v -199.5 		35.578 		115.37
v -475.847 		21.798 		218.984
v -199 		35.3734 		114.9545
v -433 		1.93 		206.4138
v -475.803 		21.683 		218.956
v -432.0236 		1.93 		204.9958
v -475.83 		21.74 		218.97
v -475.661 		21.535 		218.919
v -199 		35.3999 		114.9293
v -199.018 		35.403 		114.937
v -432.679 		1.93 		204.2428
v -432.4499 		1.93 		204.3569
v -432.1853 		1.93 		204.6362
v -199 		35.0321 		115.2809
v -432.177 		1.93 		204.6428
v -433 		1.93 		204.1868
v -475.718 		21.58 		218.93
v -498.4 		7.268 		126.276
v -498.4 		7.065 		126.014
v -498.4 		6.833 		125.783
v -498.4 		6.577 		125.589
v -467.822 		12.946 		27.275
v -498.4 		6.3 		125.435
v -498.4 		6.008 		125.323
v -467.85 		12.946 		27.298
v -498.4 		5.706 		125.255
v -498.4 		5.399 		125.232
v -498.4 		5.091 		125.255
v -467.881 		12.946 		27.317
v -498.4 		4.93 		125.2913
v -196 		53.771 		44.347
v -498.4 		5.399 		123.901
v -498.4 		5.859 		123.935
v -498.4 		6.312 		124.037
v -498.4 		6.75 		124.205
v -498.4 		7.164 		124.437
v -196.06 		53.914 		43.445
v -498.4 		7.548 		124.728
v -498.4 		7.895 		125.073
v -498.4 		4.93 		123.9368
v -498.4 		4.938 		123.935
v -196.239 		54.055 		42.558
v -467.798 		12.946 		27.247
v -196.038 		30.891 		40.122
v -272.688 		2.636 		116.369
v -475.765 		21.63 		218.943
v -445.9705 		1.93 		205.0087
v -445.9688 		1.93 		204.9996
v -445.9888 		1.93 		205.5024
v -445.9892 		1.93 		205.4975
v -199 		35.0083 		115.3108
v -445.8256 		1.93 		205.9518
v -445.823 		1.93 		205.9578
v -445 		1.93 		206.4138
v -445.0048 		1.93 		206.413
v -445.3205 		1.93 		206.3589
v -445.3293 		1.93 		206.3522
v -445.3249 		1.93 		206.3568
v -199.718 		35.705 		115.684
v -450.56 		1.93 		204.8
v -450.56 		1.93 		208.3733
v -452.4745 		1.93 		206.2565
v -452.4799 		1.93 		206.2589
v -452.0112 		1.93 		205.4522
v -452.1744 		1.93 		205.9518
v -199 		34.1605 		116.7005
v -199.018 		34.166 		116.705
v -452.1758 		1.93 		205.956
v -452.021 		1.93 		205.0018
v -452.0112 		1.93 		205.4424
v -199 		34.3893 		116.2123
v -199 		34.407 		116.1745
v -452.1815 		1.93 		205.9625
v -199.018 		34.412 		116.18
v -452.9963 		1.93 		206.4133
v -199.265 		34.528 		116.308
v -453 		1.93 		206.4138
v -199.018 		34.703 		115.705
v -452.0236 		1.93 		204.9958
v -199.265 		34.807 		115.853
v -273.612 		2.636 		115.704
v -273.612 		2.636 		115.29
v -467.914 		12.946 		27.331
v -270.569 		2.636 		115.164
v -270.454 		2.636 		114.991
v -467.95 		12.946 		27.34
v -507.274 		4.8339 		91.77
v -507.274 		9.881 		91.77
v -271.024 		2.636 		115.47
v -270.957 		2.636 		114.881
v -271.5 		2.636 		115.178
v -467.532 		13.003 		27.182
v -507.274 		4.8337 		88.77
v -272.155 		2.636 		115.471
v -467.549 		13.003 		27.252
v -507.274 		9.881 		88.77
v -467.614 		13.003 		27.38
v -497.373 		4.8332 		82.311
v -497.373 		4.8333 		84.436
v -498.5109 		4.8331 		82.311
v -272.141 		2.636 		116.654
v -272.222 		2.636 		116.362
v -270.599 		2.636 		116.691
v -497.373 		4.8335 		87.043
v -272.104 		2.636 		116.008
v -467.576 		13.003 		27.319
v -467.661 		13.003 		27.435
v -445.7701 		1.93 		204.5639
v -445.7677 		1.93 		204.5603
v -445.3157 		1.93 		204.2419
v -445 		1.93 		204.1868
v -507.971 		4.8335 		87.043
v -507.971 		4.8331 		82.311
v -445.7616 		1.93 		204.5559
v -445.322 		1.93 		204.2431
v -452.679 		1.93 		204.2428
v -452.4499 		1.93 		204.3569
v -452.1853 		1.93 		204.6362
v -452.177 		1.93 		204.6428
v -272.598 		2.636 		116.753
v -274.029 		2.636 		118.579
v -467.844 		13.003 		27.547
v -273.516 		2.636 		117.249
v -273.516 		2.636 		116.835
v -270.436 		2.636 		117.105
v -272.245 		2.636 		117.122
v -271.83 		2.636 		117.274
v -271.11 		2.636 		117.279
v -467.508 		13.097 		27.588
v -271.351 		2.636 		116.876
v -271.898 		2.636 		116.829
v -453 		1.93 		204.1868
v -476.396 		22.198 		219.135
v -476.45 		22.086 		219.108
v -199.5 		34.689 		116.484
v -196.06 		30.993 		39.807
v -496.4172 		4.8331 		80.17
v -199 		34.6986 		115.6986
v -467.716 		13.003 		27.482
v -199 		34.6776 		115.7328
v -476.483 		21.97 		219.079
v -467.778 		13.003 		27.52
v -271.966 		2.636 		118.579
v -476.494 		21.852 		219.049
v -270.727 		2.636 		118.738
v -476.396 		21.505 		218.963
v -467.914 		13.003 		27.564
v -476.45 		21.617 		218.991
v -199 		38.3593 		114.6351
v -199 		38.3895 		114.6497
v -199.018 		38.387 		114.658
v -199 		37.9706 		114.4463
v -477.113 		21.841 		219.132
v -199.018 		37.969 		114.455
v -477.097 		21.666 		219.089
v -476.483 		21.733 		219.02
v -199.265 		37.931 		114.658
v -467.344 		13.097 		27.319
v -199 		37.9394 		114.4375
v -467.44 		13.097 		27.507
v -278.522 		2.636 		119.533
v -278.149 		2.636 		119.132
v -467.122 		13.225 		27.247
v -278.052 		2.636 		119.556
v -467.319 		13.097 		27.216
v -278.4 		2.636 		118.801
v -467.154 		13.225 		27.38
v -199.265 		37.094 		114.5
v -420.197 		1.93 		38.887
v -443.437 		1.93 		84.418
v -448.437 		1.93 		84.418
v -438.432 		1.93 		96.378
v -436.6339 		1.93 		98.0949
v -436.868 		1.93 		97.938
v -436.9271 		1.93 		97.9182
v -437.2205 		1.93 		97.8355
v -278.442 		2.636 		120.316
v -437.4025 		1.93 		97.8263
v -278.201 		2.636 		120.075
v -437.966 		1.93 		97.806
v -437.966 		1.93 		98.201
v -437.5547 		1.93 		98.2135
v -437.3635 		1.93 		98.2357
v -437.0895 		1.93 		98.2973
v -199 		37.5358 		114.3222
v -437.4375 		1.93 		98.2161
v -199.018 		37.535 		114.331
v -436.5311 		1.93 		98.1818
v -437.966 		1.93 		96.378
v -276.621 		2.636 		120.129
v -276.621 		2.636 		120.543
v -434.434 		1.93 		97.894
v -435.008 		1.93 		97.894
v -435.008 		1.93 		96.378
v -435.473 		1.93 		96.378
v -435.008 		1.93 		98.29
v -434.397 		1.93 		98.303
v -199 		37.094 		114.2811
v -199 		37.5041 		114.3192
v -196.239 		31.56 		38.988
v -199.018 		37.094 		114.29
v -196.337 		31.841 		38.738
v -432.4064 		1.93 		97.1113
v -199.265 		37.516 		114.54
v -433.003 		1.93 		96.378
v -196 		27.1428 		137.9989
v -199 		37.0623 		114.284
v -199.265 		36.672 		114.54
v -196 		27.1428 		178.0021
v -196 		26.337 		217.173
v -275.072 		2.636 		120.129
v -196.06 		26.194 		218.075
v -275.072 		2.636 		120.543
v -199.018 		36.652 		114.331
v -196.239 		26.053 		218.962
v -278.126 		2.636 		122.103
v -278.289 		2.636 		121.689
v -199 		35.7976 		114.6497
v -277.087 		2.636 		122.247
v -199.018 		35.8 		114.658
v -276.621 		2.636 		121.833
v -274.976 		2.636 		121.833
v -274.976 		2.636 		122.247
v -199 		36.1873 		114.461
v -199 		36.2174 		114.4463
v -199.018 		36.219 		114.455
v -499.6574 		4.8329 		80.17
v -467.207 		13.225 		27.507
v -433.554 		1.93 		96.378
v -467.384 		13.097 		27.417
v -432.5848 		1.93 		97.7123
v -432.5985 		1.93 		97.826
v -432.5453 		1.93 		97.6053
v -497.365 		4.8329 		77.17
v -432.625 		1.93 		98.2974
v -497.9456 		4.8329 		77.17
v -433.716 		1.93 		98.166
v -434.002 		1.93 		98.02
v -507.274 		4.8329 		80.17
v -507.274 		4.8326 		77.17
v -507.274 		9.881 		77.17
v -507.274 		9.881 		80.17
v -430.259 		1.93 		96.512
v -430.4048 		1.93 		96.4762
v -430.9167 		1.93 		96.3373
v -431.3085 		1.93 		96.3607
v -431.466 		1.93 		96.377
v -431.9264 		1.93 		96.5924
v -432.0094 		1.93 		96.6371
v -501.2639 		4.8326 		77.17
v -432.0896 		1.93 		96.736
v -430.775 		1.93 		96.765
v -430.8529 		1.93 		96.7602
v -431.7865 		1.93 		97.0765
v -431.7411 		1.93 		96.9889
v -431.6682 		1.93 		96.9351
v -431.4333 		1.93 		96.8072
v -431.354 		1.93 		96.7883
v -431.0598 		1.93 		96.7383
v -430.7109 		1.93 		96.7896
v -430.4604 		1.93 		96.8957
v -430.4099 		1.93 		96.939
v -430.1828 		1.93 		97.1731
v -432.0642 		1.93 		97.631
v -432.0425 		1.93 		97.5034
v -430.129 		1.93 		97.2884
v -273.563 		2.636 		118.99
v -428.0557 		1.93 		96.5621
v -428.321 		1.93 		96.758
v -428.3814 		1.93 		96.8469
v -428.5796 		1.93 		97.1193
v -429.928 		1.93 		96.768
v -270.827 		2.636 		120.417
v -429.682 		1.93 		97.12
v -270.734 		2.636 		119.595
v -270.454 		2.636 		119.102
v -428.0612 		1.93 		97.1936
v -271.319 		2.636 		120.421
v -428.7458 		1.93 		97.6617
v -428.788 		1.93 		97.802
v -271.171 		2.636 		119.369
v -199 		36.6201 		114.331
v -199 		36.6512 		114.3222
v -429.96 		1.93 		97.9276
v -429.524 		1.93 		97.561
v -430.0154 		1.93 		97.631
v -271.966 		2.636 		118.99
v -430.0275 		1.93 		97.5311
v -429.455 		1.93 		98.076
v -475.2 		21.401 		218.886
v -475.285 		21.405 		218.887
v -429.4631 		1.93 		98.2084
v -428.2567 		1.93 		97.6445
v -428.3036 		1.93 		97.9894
v -475.369 		21.417 		218.89
v -428.3214 		1.93 		98.1181
v -428.2227 		1.93 		97.5658
v -426.0681 		1.93 		96.4852
v -199.265 		36.257 		114.658
v -427.8277 		1.93 		96.469
v -427.9366 		1.93 		96.4879
v -427.0598 		1.93 		96.334
v -427.9893 		1.93 		97.1262
v -427.731 		1.93 		96.8905
v -427.6494 		1.93 		96.8591
v -427.1031 		1.93 		96.7444
v -426.9724 		1.93 		96.7406
v -426.5081 		1.93 		96.7945
v -426.429 		1.93 		96.807
v -475.45 		21.436 		218.894
v -426.4755 		1.93 		96.3869
v -426.6571 		1.93 		96.3746
v -475.526 		21.462 		218.901
v -426.429 		1.93 		97.902
v -199 		35.7691 		114.6698
v -427.172 		1.93 		97.902
v -475.597 		21.496 		218.909
v -424.051 		1.93 		97.894
v -424.624 		1.93 		97.894
v -424.624 		1.93 		96.378
v -425.09 		1.93 		96.378
v -425.959 		1.93 		96.512
v -424.624 		1.93 		98.29
v -424.014 		1.93 		98.303
v -422.091 		1.93 		96.378
v -422.561 		1.93 		96.378
v -423.5171 		1.93 		98.0828
v -423.619 		1.93 		98.02
v -422.62 		1.93 		96.378
v -423.171 		1.93 		96.378
v -420.32 		1.93 		97.514
v -421.537 		1.93 		97.928
v -420.468 		1.93 		97.928
v -421.685 		1.93 		97.514
v -270.724 		2.636 		122.094
v -443.437 		1.93 		99.418
v -448.437 		1.93 		99.418
v -273.563 		2.636 		122.247
v -274.029 		2.636 		122.247
v -438.432 		1.93 		100.046
v -270.451 		2.636 		121.725
v -271.17 		2.636 		121.466
v -196.533 		32.124 		38.199
v -270.733 		2.636 		121.235
v -475.695 		21.015 		218.842
v -268.998 		2.636 		115.29
v -268.998 		2.636 		115.704
v -267.444 		2.636 		115.704
v -267.444 		2.636 		115.29
v -475.847 		21.068 		218.855
v -475.988 		21.133 		218.871
v -476.115 		21.211 		218.891
v -436.9264 		1.93 		98.4245
v -436.8674 		1.93 		98.4763
v -436.8483 		1.93 		98.546
v -436.7765 		1.93 		99.1648
v -436.7795 		1.93 		99.2327
v -436.8193 		1.93 		99.3005
v -436.273 		1.93 		99.2716
v -436.2504 		1.93 		98.9969
v -436.239 		1.93 		98.895
v -436.3123 		1.93 		98.5579
v -436.3477 		1.93 		98.4347
v -437.1183 		1.93 		99.5764
v -436.9926 		1.93 		99.5007
v -437.966 		1.93 		99.647
v -436.934 		1.93 		99.473
v -437.386 		1.93 		99.6294
v -437.5539 		1.93 		99.64
v -437.419 		1.93 		100.042
v -269.987 		2.636 		118.528
v -437.0241 		1.93 		99.9749
v -269.593 		2.636 		118.582
v -436.9308 		1.93 		99.9613
v -436.8449 		1.93 		99.9233
v -269.264 		2.636 		118.745
v -436.603 		1.93 		99.807
v -436.4524 		1.93 		99.654
v -269.463 		2.636 		117.249
v -436.3416 		1.93 		99.37
v -435.473 		1.93 		100.046
v -434.2464 		1.93 		99.6076
v -268.998 		2.636 		116.835
v -435.008 		1.93 		99.647
v -434.3907 		1.93 		99.6111
v -200.321 		54.785 		37.96
v -266.668 		2.636 		116.835
v -434.379 		1.93 		100.032
v -266.668 		2.636 		117.249
v -267.348 		2.636 		117.249
v -267.348 		2.636 		116.835
v -432.6131 		1.93 		98.457
v -432.5648 		1.93 		98.8589
v -432.5298 		1.93 		98.9694
v -432.412 		1.93 		99.312
v -268.006 		2.636 		118.579
v -433.8214 		1.93 		99.2578
v -433.8552 		1.93 		99.2962
v -267.54 		2.636 		118.579
v -433.775 		1.93 		98.928
v -433.7902 		1.93 		99.0158
v -434.1559 		1.93 		98.3748
v -434.1069 		1.93 		98.3856
v -434.0423 		1.93 		98.4321
v -433.88 		1.93 		98.564
v -433.5287 		1.93 		98.3408
v -433.3084 		1.93 		99.1318
v -433.277 		1.93 		99.004
v -201.188 		54.831 		37.67
v -433.3082 		1.93 		98.7761
v -433.33 		1.93 		98.676
v -202.086 		54.859 		37.493
v -433.454 		1.93 		98.4247
v -432.3589 		1.93 		99.3886
v -432.138 		1.93 		99.686
v -433.4895 		1.93 		99.6648
v -433.3365 		1.93 		99.3815
v -434.049 		1.93 		99.51
v -433.9715 		1.93 		99.4819
v -433.9654 		1.93 		99.9532
v -433.8216 		1.93 		99.9154
v -467.278 		13.225 		27.624
v -433.5562 		1.93 		99.725
v -430.2182 		1.93 		99.2927
v -432.0168 		1.93 		98.9886
v -432.0541 		1.93 		98.8793
v -432.0642 		1.93 		98.7306
v -430.7097 		1.93 		100.0575
v -430.5604 		1.93 		100.0274
v -431.5034 		1.93 		100.0247
v -431.6801 		1.93 		99.9837
v -265.152 		2.636 		116.835
v -432.0649 		1.93 		99.7417
v -264.105 		2.636 		116.835
v -466.947 		13.384 		27.275
v -265.618 		2.636 		116.835
v -431.454 		1.93 		99.616
v -264.105 		2.636 		117.249
v -431.715 		1.93 		99.461
v -431.7585 		1.93 		99.4101
v -430.3036 		1.93 		99.3946
v -430.4807 		1.93 		99.5468
v -430.7079 		1.93 		99.6334
v -430.8179 		1.93 		99.6644
v -431.3517 		1.93 		99.6301
v -431.1342 		1.93 		100.0965
v -430.1421 		1.93 		99.837
v -430.083 		1.93 		99.801
v -467.048 		13.384 		27.588
v -264.922 		2.636 		118.579
v -428.811 		1.93 		98.355
v -264.456 		2.636 		118.579
v -428.732 		1.93 		98.875
v -429.9819 		1.93 		98.5886
v -429.9839 		1.93 		98.6955
v -430.0137 		1.93 		98.8128
v -466.985 		13.384 		27.435
v -429.6006 		1.93 		99.1242
v -429.57 		1.93 		99.0076
v -429.6366 		1.93 		99.187
v -429.4811 		1.93 		98.6322
v -428.5627 		1.93 		99.2527
v -428.1192 		1.93 		99.1101
v -428.1636 		1.93 		99.0115
v -428.283 		1.93 		98.6244
v -428.2979 		1.93 		98.4896
v -428.5227 		1.93 		99.3496
v -428.3791 		1.93 		99.4811
v -428.0513 		1.93 		99.826
v -429.795 		1.93 		99.496
v -467.589 		13.097 		27.657
v -427.172 		1.93 		98.316
v -467.68 		13.097 		27.712
v -427.9663 		1.93 		99.3223
v -427.5776 		1.93 		100.0149
v -426.8304 		1.93 		100.0807
v -426.455 		1.93 		100.03
v -203 		54.869 		37.434
v -426.9562 		1.93 		100.0957
v -427.4753 		1.93 		100.047
v -427.387 		1.93 		100.0551
v -426.018 		1.93 		99.88
v -426.2 		1.93 		99.473
v -467.472 		13.225 		27.818
v -467.716 		13.225 		27.942
v -467.778 		13.097 		27.753
v -467.85 		13.225 		27.974
v -467.881 		13.097 		27.778
v -196.533 		54.191 		41.702
v -467.589 		13.225 		27.89
v -199 		53.771 		44.347
v -199.42 		54.048 		42.604
v -199.999 		54.184 		41.748
v -199.085 		53.893 		43.578
v -506.4919 		4.8305 		50.034
v -505.626 		4.8305 		50.128
v -506.4713 		4.8305 		50.0354
v -506.5255 		4.8305 		50.0254
v -503.376 		4.8305 		49.525
v -507.348 		4.8305 		49.785
v -503.904 		4.8305 		49.785
v -475.369 		20.954 		218.827
v -504.75 		4.8305 		50.032
v -507.3419 		4.8305 		49.7871
v -508.12 		4.8305 		49.361
v -496 		4.8298 		41.7
v -496 		4.8297 		40.1
v -496.23 		5.048 		40.1
v -467.368 		13.225 		27.729
v -467.508 		13.383 		28.048
v -467.661 		13.383 		28.111
v -467.822 		13.383 		28.15
v -475.2 		20.946 		218.825
v -475.535 		20.977 		218.832
v -475.2 		20.503 		218.8
v -475.45 		20.514 		218.803
v -196.889 		32.589 		37.542
v -196.938 		32.625 		37.447
v -212.388 		32.103 		36.8584
v -210.56 		31.848 		36.8179
v -476.157 		20.682 		218.845
v -475.932 		20.605 		218.825
v -475.695 		20.548 		218.811
v -214.249 		32.189 		36.872
v -217.937 		31.848 		36.8179
v -216.109 		32.103 		36.8584
v -476.321 		21.399 		218.937
v -477.048 		21.495 		219.046
v -199.5 		54.722 		38.36
v -476.227 		21.3 		218.913
v -198.05 		54.547 		39.459
v -197.447 		54.439 		40.139
v -198.739 		54.642 		38.863
v -476.857 		21.172 		218.966
v -476.968 		21.329 		219.005
v -476.718 		21.026 		218.93
v -196.938 		54.32 		40.891
v -476.365 		20.779 		218.869
v -201.965 		54.377 		40.532
v -476.553 		20.895 		218.897
v -476.968 		20.59 		218.939
v -477.183 		20.762 		218.982
v -268.807 		2.636 		119.39
v -203 		54.398 		40.397
v -269 		2.636 		119.016
v -477.615 		21.374 		219.134
v -269.295 		2.636 		119.443
v -269.617 		2.636 		119.038
v -477.51 		21.158 		219.08
v -477.365 		20.952 		219.029
v -269.987 		2.636 		118.938
v -427.2238 		1.93 		99.6559
v -427.3105 		1.93 		99.6618
v -426.5262 		1.93 		99.5877
v -426.6509 		1.93 		99.627
v -427.4225 		1.93 		99.6302
v -427.68 		1.93 		99.5428
v -219.998 		53.2348 		40.2124
v -427.8837 		1.93 		99.3906
v -428.599 		1.93 		101.508
v -429.496 		1.93 		101.902
v -429.8426 		1.93 		102.156
v -426.022 		1.93 		101.339
v -426.996 		1.93 		101.232
v -427.649 		1.93 		101.275
v -477.836 		20.744 		219.125
v -477.615 		20.513 		219.068
v -428.595 		1.93 		102.306
v -428.2502 		1.93 		102.206
v -427.6586 		1.93 		102.0477
v -427.1822 		1.93 		102.0161
v -426.723 		1.93 		102.006
v -430.4241 		1.93 		102.6017
v -430.8005 		1.93 		103.0312
v -431.0424 		1.93 		103.3073
v -431.327 		1.93 		103.7777
v -431.5336 		1.93 		104.1545
v -428.9095 		1.93 		102.4788
v -431.7688 		1.93 		104.8466
v -431.889 		1.93 		105.259
v -431.1651 		1.93 		106.0467
v -431.0854 		1.93 		105.4399
v -430.9924 		1.93 		104.9714
v -430.8481 		1.93 		104.6428
v -430.5287 		1.93 		103.9496
v -430.3163 		1.93 		103.6605
v -430.029 		1.93 		103.3024
v -429.6701 		1.93 		102.9874
v -429.1846 		1.93 		102.6147
v -431.996 		1.93 		106.232
v -431.2476 		1.93 		108.8062
v -430.8418 		1.93 		109.4141
v -268.691 		2.636 		119.855
v -430.4369 		1.93 		109.819
v -430.04 		1.93 		110.199
v -268.653 		2.636 		120.413
v -269.159 		2.636 		120.187
v -219.998 		53.235 		40.211
v -475.2 		18.707 		219.215
v -428.196 		1.93 		110.161
v -431.826 		1.93 		107.526
v -430.9012 		1.93 		107.5817
v -431.0543 		1.93 		107.1294
v -429.085 		1.93 		109.784
v -429.539 		1.93 		109.48
v -429.7982 		1.93 		109.2321
v -430.231 		1.93 		108.7994
v -430.4964 		1.93 		108.4024
v -430.8029 		1.93 		107.8725
v -431.134 		1.93 		106.5226
v -431.6262 		1.93 		108.0385
v -431.5336 		1.93 		108.31
v -429.196 		1.93 		110.71
v -429.196 		1.93 		126.733
v -428.196 		1.93 		126.733
v -425.09 		1.93 		100.046
v -424.8943 		1.93 		100.046
v -424.624 		1.93 		99.647
v -424.0067 		1.93 		99.6111
v -425.959 		1.93 		98.316
v -424.0406 		1.93 		100.0351
v -423.9284 		1.93 		98.334
v -423.6193 		1.93 		98.4393
v -423.4644 		1.93 		98.627
v -423.5015 		1.93 		98.5837
v -423.4113 		1.93 		98.8775
v -423.3983 		1.93 		98.935
v -423.4063 		1.93 		99.0086
v -423.4546 		1.93 		99.3082
v -422.93 		1.93 		99.324
v -422.9042 		1.93 		99.0196
v -422.9161 		1.93 		98.8556
v -422.9583 		1.93 		98.6379
v -423.105 		1.93 		98.3819
v -423.1425 		1.93 		98.3224
v -423.126 		1.93 		99.687
v -423.6658 		1.93 		99.51
v -423.8624 		1.93 		99.6076
v -423.4948 		1.93 		99.3664
v -423.5885 		1.93 		99.4819
v -423.9156 		1.93 		100.0195
v -423.502 		1.93 		99.9407
v -423.3914 		1.93 		99.8774
v -425.915 		1.93 		102.131
v -425.5803 		1.93 		102.2608
v -475.803 		18.504 		219.403
v -475.765 		18.733 		219.222
v -475.2 		18.476 		219.396
v -501.164 		4.8302 		46.215
v -501.468 		4.8303 		47.35
v -502.056 		4.8304 		48.367
v -502.665 		4.8304 		49.004
v -506.5457 		4.8302 		46.7543
v -506.4961 		4.8302 		46.7955
v -506.087 		4.8303 		46.9974
v -506.0458 		4.8303 		47.0114
v -505.5165 		4.8303 		47.0257
v -505.4604 		4.8303 		47.0204
v -504.8611 		4.8302 		46.7037
v -504.7885 		4.8302 		46.6505
v -504.5104 		4.8302 		46.1984
v -504.4919 		4.8302 		46.1544
v -504.4345 		4.8302 		45.8179
v -504.4308 		4.8301 		45.7789
v -504.4882 		4.8301 		45.3662
v -504.495 		4.8301 		45.332
v -506.8254 		4.8301 		45.0663
v -507.0055 		4.8301 		45.5426
v -507.0176 		4.8301 		45.5887
v -507.0275 		4.8301 		45.7413
v -506.9387 		4.8302 		46.188
v -506.9136 		4.8302 		46.2743
v -506.7108 		4.8302 		46.5964
v -476.321 		18.811 		219.241
v -506.8593 		4.8301 		45.111
v -476.396 		18.586 		219.423
v -424.3767 		1.93 		101.9818
v -424.7062 		1.93 		101.8196
v -425.083 		1.93 		101.613
v -421.004 		1.93 		99.558
v -420.79 		1.93 		100.061
v -421.215 		1.93 		100.061
v -423.46 		1.93 		102.696
v -423.7951 		1.93 		102.4275
v -467.576 		13.778 		28.372
v -467.614 		13.569 		28.256
v -423.3186 		1.93 		104.2781
v -423.0974 		1.93 		104.6806
v -422.9992 		1.93 		104.9714
v -200.321 		25.323 		223.56
v -422.0078 		1.93 		106.4156
v -422.0555 		1.93 		105.6858
v -467.779 		13.778 		28.42
v -200.321 		25.323 		223.56
v -200.321 		25.323 		223.56
v -467.798 		13.569 		28.3
v -199.5 		25.386 		223.16
v -200.321 		25.323 		223.56
v -505.0396 		4.8302 		46.8464
v -422.0744 		1.93 		105.3994
v -422.1761 		1.93 		104.9826
v -422.3305 		1.93 		104.455
v -422.5943 		1.93 		103.9728
v -422.847 		1.93 		103.46
v -424.1319 		1.93 		103.133
v -423.8445 		1.93 		103.4912
v -425.0145 		1.93 		102.4949
v -424.6175 		1.93 		102.7603
v -423.5967 		1.93 		103.7504
v -423.4633 		1.93 		103.9496
v -422.9062 		1.93 		105.4399
v -422.836 		1.93 		105.894
v -422.8461 		1.93 		106.3526
v -423.952 		1.93 		110.199
v -423.6758 		1.93 		109.9571
v -423.3317 		1.93 		109.5282
v -467.135 		13.384 		27.729
v -422.377 		1.93 		108.145
v -422.2586 		1.93 		107.7975
v -422.1379 		1.93 		107.3856
v -422.0543 		1.93 		106.8428
v -422.8773 		1.93 		106.8286
v -422.9777 		1.93 		107.1734
v -423.2039 		1.93 		107.9025
v -423.3768 		1.93 		108.2171
v -267.54 		2.636 		120.402
v -423.6153 		1.93 		108.6094
v -423.9298 		1.93 		108.9683
v -424.3626 		1.93 		109.401
v -424.7596 		1.93 		109.6664
v -425.152 		1.93 		109.905
v -467.368 		13.383 		27.962
v -425.926 		1.93 		110.204
v -267.54 		2.636 		120.003
v -266.968 		2.636 		120.412
v -422.847 		1.93 		109.004
v -502.0833 		4.8299 		42.8607
v -502.0347 		4.8299 		42.9272
v -266.584 		2.636 		120.481
v -467.012 		13.57 		27.818
v -501.2835 		4.83 		44.4496
v -501.275 		4.83 		44.4832
v -266.352 		2.636 		120.651
v -467.242 		13.383 		27.854
v -424.926 		1.93 		110.774
v -425.926 		1.93 		126.733
v -424.926 		1.93 		126.733
v -266.656 		2.636 		120.037
v -467.048 		13.778 		28.048
v -467.135 		13.57 		27.962
v -467.278 		13.569 		28.084
v -467.44 		13.569 		28.183
v -467.207 		13.778 		28.183
v -467.384 		13.778 		28.292
v -467.549 		14.004 		28.457
v -269.171 		2.636 		120.878
v -269.295 		2.636 		121.392
v -269.618 		2.636 		121.79
v -268.997 		2.636 		121.811
v -268.805 		2.636 		121.437
v -467.532 		14.242 		28.509
v -467.756 		14.242 		28.562
v -467.765 		14.004 		28.509
v -201.188 		25.277 		223.85
v -202.086 		25.249 		224.027
v -466.947 		14.242 		28.15
v -466.985 		14.004 		28.111
v -467.122 		14.242 		28.3
v -467.154 		14.004 		28.256
v -467.319 		14.242 		28.42
v -203 		25.239 		224.086
v -467.344 		14.004 		28.372
v -438.432 		2.336 		96.378
v -467.111 		14.486 		28.315
v -467.311 		14.486 		28.437
v -467.526 		14.486 		28.526
v -476.968 		18.722 		219.457
v -476.857 		18.938 		219.272
v -467.986 		14.486 		28.599
v -503.3893 		4.8298 		41.7252
v -502.9153 		4.8298 		42.0414
v -502.886 		4.8298 		42.058
v -196.533 		25.917 		219.818
v -501.7178 		4.8299 		43.4025
v -501.164 		4.8301 		45.041
v -467.754 		14.486 		28.581
v -501.7185 		4.8299 		43.4011
v -505.8699 		4.83 		44.4595
v -505.9215 		4.83 		44.4652
v -506.353 		4.83 		44.6114
v -506.3975 		4.83 		44.6383
v -506.6899 		4.8301 		44.8815
v -504.7731 		4.8301 		44.8807
v -504.8484 		4.8301 		44.8
v -505.2697 		4.83 		44.5385
v -505.4904 		4.83 		44.4739
v -437.966 		2.336 		97.806
v -437.966 		2.336 		98.201
v -436.868 		2.336 		97.938
v -436.568 		2.336 		98.139
v -437.244 		2.336 		97.832
v -269.98 		2.636 		122.303
v -437.439 		2.336 		98.217
v -269.587 		2.636 		122.248
v -437.088 		2.336 		98.296
v -269.98 		2.636 		121.889
v -197.447 		25.669 		221.381
v -269.259 		2.636 		122.084
v -198.05 		25.561 		222.061
v -477.048 		18.556 		219.667
v -268.006 		2.636 		122.247
v -198.739 		25.466 		222.657
v -267.54 		2.636 		121.848
v -266.291 		2.636 		121.536
v -266.992 		2.636 		122.247
v -266.572 		2.636 		121.77
v -466.934 		13.384 		27.11
v -466.782 		13.57 		27.11
v -505.227 		4.83 		44.547
v -477.097 		18.442 		219.9
v -266.275 		2.636 		122.128
v -505.0573 		4.8297 		41.1648
v -505.038 		4.8297 		41.166
v -504.9966 		4.8297 		41.1787
v -504.4386 		4.8298 		41.2899
v -466.57 		14.005 		27.11
v -466.66 		13.778 		27.11
v -507.6287 		4.8298 		41.6097
v -507.6033 		4.8298 		41.5957
v -507.585 		4.8298 		41.5895
v -506.79 		4.8298 		41.281
v -466.516 		14.242 		27.11
v -505.0956 		4.8297 		41.1698
v -196.938 		25.788 		220.629
v -199 		26.337 		217.173
v -199.22 		26.136 		218.44
v -466.797 		13.57 		27.299
v -265.741 		2.636 		120.831
v -437.966 		2.336 		96.378
v -266.186 		2.636 		120.224
v -265.858 		2.636 		120.544
v -508.808 		4.8304 		48.81
v -509.36 		4.8304 		48.122
v -264.456 		2.636 		120.402
v -264.456 		2.636 		120.003
v -509.783 		4.8303 		47.35
v -509.7911 		4.8303 		47.3222
v -435.008 		2.336 		96.378
v -435.473 		2.336 		96.378
v -510.0851 		4.8302 		46.2245
v -435.008 		2.336 		97.894
v -435.008 		2.336 		98.29
v -434.434 		2.336 		97.894
v -263.979 		2.636 		120.003
v -434.397 		2.336 		98.303
v -510.1228 		4.8301 		45.6568
v -510.126 		4.8301 		45.628
v -510.0883 		4.8301 		45.0603
v -509.5273 		4.8299 		43.3867
v -509.0234 		4.8299 		42.699
v -509.0084 		4.8299 		42.6743
v -509.8861 		4.83 		44.2315
v -509.8811 		4.83 		44.1932
v -509.8706 		4.83 		44.1662
v -508.3923 		4.8298 		42.0853
v -508.3569 		4.8298 		42.0526
v -262.968 		2.636 		120.31
v -262.657 		2.636 		120.831
v -477.183 		19.36 		219.156
v -263.404 		2.636 		120.088
v -263.268 		2.636 		120.651
v -263.618 		2.636 		120.451
v -475.2 		18.299 		219.604
v -432.591 		2.336 		97.754
v -432.413 		2.336 		97.121
v -475.2 		18.178 		219.834
v -433.716 		2.336 		98.166
v -434.002 		2.336 		98.02
v -433.003 		2.336 		96.378
v -475.2 		18.1557 		219.9239
v -433.554 		2.336 		96.378
v -475.83 		18.327 		219.611
v -475.847 		18.207 		219.841
v -432.007 		2.336 		96.64
v -431.417 		2.336 		96.801
v -265.702 		2.636 		121.171
v -265.845 		2.636 		121.769
v -431.718 		2.336 		96.965
v -475.8491 		18.1853 		219.9286
v -475.4326 		18.1662 		219.9255
v -266.197 		2.636 		121.146
v -431.417 		2.336 		96.364
v -264.922 		2.636 		122.247
v -476.0671 		18.2165 		219.9335
v -264.456 		2.636 		121.848
v -476.483 		18.296 		219.863
v -199.681 		25.989 		219.363
v -262.76 		2.636 		121.769
v -262.618 		2.636 		121.171
v -263.207 		2.636 		121.536
v -263.488 		2.636 		121.77
v -476.4865 		18.2765 		219.943
v -263.113 		2.636 		121.146
v -200.368 		25.866 		220.136
v -476.45 		18.414 		219.632
v -466.725 		13.778 		27.52
v -466.841 		13.57 		27.482
v -477.1013 		18.426 		219.9668
v -476.6746 		18.3222 		219.9503
v -263.908 		2.636 		122.247
v -263.192 		2.636 		122.128
v -262.192 		2.636 		122.247
v -466.676 		13.778 		27.318
v -201.235 		25.776 		220.708
v -202.221 		25.723 		221.039
v -466.588 		14.004 		27.332
v -430.259 		2.336 		96.512
v -219.998 		53.0084 		40.1764
v -478.005 		19.801 		219.266
v -466.64 		14.004 		27.548
v -430.163 		2.336 		97.201
v -466.534 		14.242 		27.34
v -466.588 		14.242 		27.565
v -430.915 		2.336 		96.334
v -430.454 		2.336 		96.901
v -430.775 		2.336 		96.765
v -431.04 		2.336 		96.737
v -226 		27.474 		41.103
v -226 		27.3754 		41.7
v -226.3189 		27.474 		41.103
v -226.591 		27.188 		41.103
v -478.005 		20.282 		219.185
v -466.913 		13.57 		27.657
v -477.615 		19.562 		219.206
v -228.015 		24.776 		41.103
v -227.416 		26.015 		41.103
v -225.999 		27.8103 		39.0679
v -466.725 		14.004 		27.753
v -432.046 		2.336 		97.512
v -466.804 		13.778 		27.712
v -223.222 		20.681 		45.242
v -226.943 		20.681 		46.677
v -227.266 		20.681 		46.879
v -226.645 		20.681 		46.27
v -466.913 		13.778 		27.89
v -226.503 		20.681 		45.615
v -226.509 		20.681 		45.87
v -203 		25.71 		221.123
v -466.797 		14.242 		27.975
v -466.841 		14.004 		27.942
v -227.715 		20.681 		46.996
v -466.676 		14.242 		27.778
v -228.853 		20.681 		46.454
v -229.097 		20.681 		45.615
v -228.979 		20.681 		45.166
v -228.522 		20.681 		46.78
v -479.201 		20.092 		219.797
v -478.865 		19.74 		219.71
v -479.032 		19.62 		219.932
v -479.1217 		19.5436 		220.1442
v -479.0811 		19.5094 		220.1387
v -428.321 		2.336 		96.758
v -428.575 		2.336 		97.107
v -429.928 		2.336 		96.768
v -429.682 		2.336 		97.12
v -428.055 		2.336 		97.187
v -428.788 		2.336 		97.802
v -430.033 		2.336 		97.512
v -478.347 		20.074 		219.334
v -466.498 		14.486 		27.11
v -478.635 		19.893 		219.509
v -466.516 		14.486 		27.343
v -466.57 		14.486 		27.57
v -478.635 		20.376 		219.409
v -478.95 		20.222 		219.591
v -466.66 		14.486 		27.786
v -223.222 		18.479 		45.242
v -466.782 		14.486 		27.985
v -223.353 		18.479 		46.743
v -478.262 		19.595 		219.435
v -429.962 		2.336 		97.892
v -244.432 		24.693 		220.939
v -244.372 		24.6847 		220.9602
v -429.524 		2.336 		97.561
v -466.934 		14.486 		28.163
v -429.455 		2.336 		98.076
v -244.4251 		24.7021 		220.963
v -428.322 		2.336 		98.106
v -428.262 		2.336 		97.664
v -245.635 		24.74 		220.713
v -245.079 		24.662 		220.693
v -501.164 		8.878 		173.515
v -501.164 		8.878 		172.341
v -501.176 		8.878 		172.881
v -501.164 		4.8412 		173.515
v -426.429 		2.336 		96.807
v -501.164 		4.8411 		172.341
v -501.1306 		4.8412 		172.8565
v -427.981 		2.336 		96.507
v -501.1306 		4.8412 		172.9995
v -426.997 		2.336 		96.334
v -427.024 		2.336 		96.738
v -427.724 		2.336 		96.885
v -426.481 		2.336 		96.386
v -478.14 		18.997 		219.777
v -426.429 		2.336 		97.902
v -427.172 		2.336 		97.902
v -477.615 		18.751 		219.716
v -477.679 		18.642 		219.949
v -477.836 		19.333 		219.371
v -477.365 		19.113 		219.316
v -477.51 		18.909 		219.504
v -424.624 		2.336 		96.378
v -425.09 		2.336 		96.378
v -223.296 		20.681 		44.702
v -223.673 		20.681 		43.592
v -425.959 		2.336 		96.512
v -478.012 		19.144 		219.562
v -224.324 		20.681 		42.617
v -224.9472 		20.681 		42.102
v -424.051 		2.336 		97.894
v -424.624 		2.336 		97.894
v -424.624 		2.336 		98.29
v -424.014 		2.336 		98.303
v -245.004 		24.829 		220.973
v -245.597 		24.911 		220.994
v -422.091 		2.336 		96.378
v -422.561 		2.336 		96.378
v -423.619 		2.336 		98.02
v -422.62 		2.336 		96.378
v -423.171 		2.336 		96.378
v -227.266 		20.681 		44.521
v -226.943 		20.681 		44.723
v -226.767 		20.681 		44.907
v -505.83 		4.844 		205.1
v -505.996 		4.844 		205.596
v -505.979 		4.844 		206.061
v -420.32 		2.336 		97.514
v -420.468 		2.336 		97.928
v -227.843 		20.681 		44.406
v -421.537 		2.336 		97.928
v -228.65 		20.681 		44.731
v -228.218 		20.681 		44.469
v -421.685 		2.336 		97.514
v -505.75 		4.844 		206.53
v -438.432 		2.336 		100.046
v -245.5968 		24.912 		220.9963
v -245.0019 		24.8334 		220.9838
v -245.5914 		24.9113 		220.9962
v -244.9774 		24.8277 		220.983
v -241.6035 		22.6196 		220.6324
v -241.5651 		22.5508 		220.6215
v -477.6832 		18.6304 		219.9992
v -477.2477 		18.4775 		219.9749
v -226 		20.681 		41.7
v -226 		20.681 		41.4759
v -477.783 		18.6781 		220.0068
v -241.37 		21.677 		220.442
v -241.412 		22.118 		220.552
v -241.62 		22.129 		220.303
v -228.501 		22.187 		41.103
v -228.5 		22.1763 		41.103
v -241.4116 		22.1179 		220.5528
v -241.4147 		22.1274 		220.5543
v -228.379 		23.493 		41.103
v -228.4661 		22.561 		41.103
v -241.3499 		21.6719 		220.482
v -228.5 		22.1977 		41.103
v -241.4114 		22.1162 		220.5525
v -228.5 		22.561 		41.103
v -478.218 		18.894 		220.012
v -478.705 		19.193 		220.086
v -505.321 		4.844 		206.821
v -505 		4.844 		206.877
v -478.615 		19.288 		219.849
v -478.2209 		18.8877 		220.0401
v -478.7053 		19.1925 		220.0884
v -478.2705 		18.9189 		220.045
v -241.581 		21.708 		220.198
v -478.466 		19.423 		219.631
v -478.74 		19.2209 		220.093
v -241.3541 		21.5863 		220.4684
v -241.412 		21.236 		220.333
v -478.709 		19.1955 		220.0889
v -241.3725 		21.2226 		220.4107
v -241.4777 		20.7774 		220.34
v -241.412 		21.056 		220.3843
v -241.535 		20.803 		220.225
v -505.441 		4.844 		204.756
v -475.526 		20.093 		218.816
v -475.2 		20.078 		218.812
v -505 		4.844 		204.649
v -241.5816 		20.5368 		220.3018
v -475.847 		20.138 		218.827
v -476.157 		20.211 		218.845
v -241.62 		21.286 		220.094
v -475.597 		19.698 		218.865
v -475.2 		19.68 		218.861
v -475.988 		19.752 		218.879
v -242.535 		23.675 		220.687
v -201.998 		4.786 		41.103
v -505.626 		4.8416 		177.428
v -221.998 		4.786 		41.103
v -225.999 		20.681 		42.102
v -225.999 		20.681 		41.4764
v -230.698 		4.383 		41.6905
v -230.698 		4.281 		41.6905
v -436.787 		2.336 		99.252
v -436.879 		2.336 		98.459
v -242.4615 		23.701 		220.8041
v -230.698 		4.383 		40.1
v -230.698 		4.281 		40.1
v -436.239 		2.336 		98.895
v -436.268 		2.336 		99.247
v -436.333 		2.336 		98.463
v -476.45 		20.312 		218.87
v -476.722 		20.439 		218.902
v -476.365 		19.842 		218.901
v -468.6508 		17.932 		26.1532
v -468.6889 		17.932 		26.254
v -476.722 		19.965 		218.932
v -468.6133 		17.932 		26.0002
v -468.7674 		17.932 		26.3476
v -468.9163 		17.932 		26.4554
v -477.053 		20.12 		218.97
v -436.913 		2.336 		99.956
v -437.419 		2.336 		100.042
v -437.095 		2.336 		99.57
v -436.934 		2.336 		99.473
v -436.41 		2.336 		99.611
v -436.603 		2.336 		99.807
v -437.438 		2.336 		99.638
v -476.968 		19.646 		219.028
v -243.395 		23.726 		220.24
v -437.966 		2.336 		99.647
v -242.765 		23.581 		220.425
v -476.553 		19.503 		218.992
v -475.2 		19.314 		218.945
v -468.723 		18.059 		26.484
v -243.138 		23.879 		220.499
v -475.661 		19.336 		218.951
v -242.934 		23.993 		220.765
v -243.564 		24.14 		220.564
v -243.388 		24.271 		220.835
v -475.2 		18.988 		219.064
v -476.115 		19.399 		218.966
v -475.718 		19.012 		219.07
v -242.8847 		24.0171 		220.8543
v -243.2335 		24.2185 		220.8862
v -243.3586 		24.2908 		220.8977
v -242.7229 		23.8964 		220.8351
v -476.227 		19.083 		219.088
v -476.718 		19.2 		219.117
v -228.035 		18.479 		50.056
v -228.035 		20.681 		50.056
v -225.978 		18.479 		49.735
v -227.113 		18.479 		50.039
v -477.7 		20.039 		219.125
v -242.45 		23.251 		220.343
v -242.199 		23.323 		220.599
v -477.352 		20.303 		219.016
v -477.352 		19.826 		219.072
v -241.932 		22.944 		220.505
v -242.199 		22.896 		220.255
v -224.518 		18.479 		48.76
v -223.967 		18.479 		48.072
v -223.543 		18.479 		47.3
v -434.379 		2.336 		100.032
v -434.217 		2.336 		99.601
v -435.473 		2.336 		100.046
v -435.008 		2.336 		99.647
v -241.7953 		22.9623 		220.6868
v -241.895 		23.0902 		220.7072
v -244.678 		51.262 		40.972
v -242.0959 		23.3474 		220.748
v -245.035 		51.385 		41.003
v -241.738 		22.544 		220.406
v -245.412 		51.474 		41.025
v -242.2738 		23.5192 		220.7752
v -244.432 		50.636 		40.965
v -244.678 		50.787 		41.002
v -243.053 		23.453 		220.172
v -244.682 		50.2 		40.974
v -243.138 		23.024 		219.866
v -243.564 		22.874 		219.654
v -242.934 		22.734 		219.794
v -243.388 		22.624 		219.592
v -242.765 		23.151 		220.097
v -243.395 		23.293 		219.933
v -244.95 		50.914 		41.034
v -245.553 		51.089 		41.077
v -242.535 		22.825 		220.017
v -245.243 		51.015 		41.059
v -469.3481 		17.932 		26.572
v -469.2963 		17.932 		26.5585
v -469.0044 		17.932 		26.5092
v -469.1481 		17.932 		26.5392
v -473.3079 		17.932 		26.5631
v -472.1462 		17.932 		26.5671
v -244.847 		50.332 		41.007
v -245.035 		50.447 		41.035
v -479.3041 		23.3474 		220.748
v -245.468 		50.622 		41.079
v -479.468 		22.944 		220.505
v -245.705 		50.678 		41.093
v -245.243 		50.545 		41.059
v -479.4156 		23.2044 		220.7253
v -479.6047 		22.9623 		220.6868
v -479.8349 		22.5508 		220.6215
v -479.662 		22.544 		220.406
v -473.032 		15.5175 		28.5992
v -473.0253 		15.6223 		28.5992
v -473.0016 		15.9807 		28.5993
v -473.134 		14.9977 		28.5991
v -479.662 		22.8597 		220.6706
v -466.994 		16.365 		28.215
v -467.111 		16.2646 		28.3154
v -467.311 		16.1426 		28.4374
v -467.526 		16.0536 		28.5264
v -467.3298 		16.1348 		28.4452
v -467.5449 		16.0491 		28.5309
v -467.754 		15.9987 		28.5813
v -467.986 		15.9807 		28.5993
v -479.78 		22.129 		220.303
v -479.819 		21.708 		220.198
v -479.988 		22.118 		220.552
v -466.516 		15.887 		27.3434
v -466.498 		15.869 		27.1104
v -466.57 		15.941 		27.5704
v -466.66 		16.031 		27.7864
v -466.782 		16.153 		27.9854
v -466.7955 		16.1665 		28.0012
v -466.934 		16.305 		28.1634
v -480.03 		21.677 		220.442
v -479.854 		22.4974 		220.6131
v -479.383 		22.521 		220.162
v -243.7 		23.537 		219.993
v -479.9854 		22.1274 		220.5543
v -468.5799 		17.932 		20.7995
v -480.0501 		21.6719 		220.482
v -479.9884 		22.1179 		220.5528
v -480.0416 		21.7346 		220.492
v -479.988 		22.1192 		220.553
v -480.6929 		17.932 		26.553
v -481.8738 		17.932 		26.5671
v -480.866 		14.9977 		28.5991
v -480.968 		15.5175 		28.5992
v -480.9978 		15.9807 		28.5993
v -480.9953 		15.9425 		28.5993
v -507.6048 		16.7635 		176.9368
v -433.815 		2.336 		99.238
v -433.775 		2.336 		98.928
v -433.88 		2.336 		98.564
v -434.088 		2.336 		98.395
v -485.0522 		17.932 		26.4702
v -433.476 		2.336 		98.39
v -485.1535 		17.932 		26.4321
v -433.313 		2.336 		99.324
v -484.8992 		17.932 		26.5077
v -433.277 		2.336 		99.004
v -484.69 		17.951 		26.594
v -433.317 		2.336 		98.712
v -484.6781 		17.932 		26.5791
v -484.6862 		17.932 		26.5774
v -245.705 		50.211 		41.062
v -243.785 		23.965 		220.299
v -480.0275 		21.2226 		220.4107
v -244.035 		24.36 		220.618
v -479.988 		21.236 		220.333
v -244.217 		24.167 		220.349
v -480.0334 		21.3459 		220.4303
v -244.682 		24.327 		220.389
v -244.543 		24.535 		220.662
v -479.9655 		20.9599 		220.369
v -479.865 		20.803 		220.225
v -479.9223 		20.7774 		220.34
v -485.247 		17.932 		26.3536
v -485.3544 		17.932 		26.2047
v -432.625 		2.336 		98.358
v -432.563 		2.336 		98.873
v -432.412 		2.336 		99.312
v -485.4082 		17.932 		26.1166
v -485.4382 		17.932 		25.9733
v -487.43 		15.957 		27.5704
v -479.8361 		20.5784 		220.3084
v -487.484 		15.903 		27.3434
v -487.503 		15.884 		27.1104
v -479.493 		22.132 		220.065
v -486.014 		15.9807 		28.5993
v -486.246 		15.9987 		28.5813
v -486.474 		16.0536 		28.5264
v -486.2643 		16.003 		28.577
v -486.492 		16.0611 		28.5189
v -486.69 		16.1426 		28.4374
v -486.889 		16.2646 		28.3154
v -487.066 		16.321 		28.1634
v -487.0146 		16.3724 		28.2076
v -487.218 		16.169 		27.9854
v -243.89 		24.506 		220.893
v -479.53 		21.737 		219.967
v -479.493 		21.341 		219.869
v -432.129 		2.336 		99.693
v -479.383 		20.953 		219.773
v -433.509 		2.336 		99.687
v -243.8743 		24.5205 		220.9342
v -433.849 		2.336 		99.931
v -433.964 		2.336 		99.476
v -243.7874 		24.4817 		220.928
v -479.78 		21.286 		220.094
v -479.662 		20.871 		219.991
v -245.682 		24.515 		220.436
v -245.173 		24.444 		220.418
v -245.739 		24.24 		220.168
v -479.4663 		19.9304 		220.2056
v -479.394 		19.8493 		220.1927
v -479.7346 		20.3434 		220.2711
v -479.6458 		20.2065 		220.2494
v -244.048 		23.75 		220.046
v -245.412 		23.866 		219.9
v -479.468 		20.471 		219.891
v -245.035 		23.776 		219.878
v -244.678 		23.653 		219.847
v -479.383 		19.988 		220.023
v -244.847 		24.073 		220.126
v -244.432 		23.93 		220.091
v -479.662 		20.384 		220.121
v -245.285 		24.177 		220.152
v -473.678 		51.262 		40.972
v -474.035 		51.385 		41.003
v -432.046 		2.336 		98.921
v -243.785 		23.105 		219.711
v -474.803 		51.529 		41.039
v -474.412 		51.474 		41.025
v -244.048 		23.315 		219.763
v -244.347 		23.498 		219.809
v -431.163 		2.336 		100.095
v -431.636 		2.336 		100.003
v -431.454 		2.336 		99.616
v -431.715 		2.336 		99.461
v -245.553 		50.159 		41.049
v -245.412 		50.093 		41.033
v -245.285 		50.015 		41.013
v -430.083 		2.336 		99.801
v -430.619 		2.336 		100.045
v -430.479 		2.336 		99.549
v -430.252 		2.336 		99.354
v -245.173 		49.926 		40.991
v -430.77 		2.336 		99.66
v -245.079 		49.828 		40.967
v -245.739 		49.691 		40.985
v -245.682 		49.647 		40.974
v -245.635 		49.597 		40.961
v -487.0807 		16.3063 		28.1463
v -473.95 		50.914 		41.034
v -473.678 		50.787 		41.002
v -487.34 		16.047 		27.7864
v -474.035 		50.447 		41.035
v -473.432 		50.636 		40.965
v -473.847 		50.332 		41.007
v -473.682 		50.2 		40.974
v -468.5625 		17.932 		10.3967
v -468.5818 		17.932 		10.2487
v -468.8408 		17.932 		9.8194
v -468.6656 		17.932 		10.0173
v -468.7734 		17.932 		9.8684
v -474.553 		51.089 		41.077
v -474.874 		51.133 		41.088
v -429.99 		2.336 		98.739
v -429.592 		2.336 		99.1
v -474.243 		51.015 		41.059
v -429.478 		2.336 		98.619
v -468.6118 		17.932 		10.1054
v -474.95 		50.712 		41.101
v -428.811 		2.336 		98.355
v -428.732 		2.336 		98.875
v -428.139 		2.336 		99.078
v -428.292 		2.336 		98.582
v -474.705 		50.678 		41.093
v -428.515 		2.336 		99.359
v -474.468 		50.622 		41.079
v -428.095 		2.336 		99.801
v -429.795 		2.336 		99.496
v -469.0437 		17.932 		9.7134
v -474.865 		50.249 		41.072
v -427.172 		2.336 		98.316
v -467.986 		15.8264 		7.5984
v -467.754 		15.8453 		7.6173
v -467.9696 		15.8276 		7.5996
v -426.2 		2.336 		99.473
v -426.018 		2.336 		99.88
v -426.455 		2.336 		100.03
v -426.936 		2.336 		100.095
v -427.488 		2.336 		100.043
v -426.618 		2.336 		99.62
v -467.7376 		15.8492 		7.6212
v -467.526 		15.8994 		7.6714
v -467.311 		15.9893 		7.7613
v -467.5099 		15.906 		7.678
v -467.111 		16.1113 		7.8833
v -466.934 		16.2634 		8.0354
v -466.9196 		16.2802 		8.0522
v -466.9148 		16.2858 		8.0578
v -474.705 		50.211 		41.062
v -466.782 		16.153 		8.2124
v -466.66 		16.031 		8.4114
v -466.57 		15.941 		8.6274
v -466.516 		15.887 		8.8544
v -466.498 		15.869 		9.0874
v -474.243 		50.545 		41.059
v -485.4401 		17.932 		15.4225
v -475.031 		50.272 		41.077
v -485.3692 		17.932 		10.0688
v -485.3311 		17.932 		9.9675
v -427.352 		2.336 		99.657
v -485.2526 		17.932 		9.874
v -485.1037 		17.932 		9.7666
v -427.682 		2.336 		99.545
v -427.943 		2.336 		99.35
v -485.0156 		17.932 		9.7128
v -474.079 		49.828 		40.967
v -485.4067 		17.932 		10.2218
v -474.412 		50.093 		41.033
v -474.285 		50.015 		41.013
v -474.173 		49.926 		40.991
v -474.553 		50.159 		41.049
v -487.066 		16.2634 		8.0354
v -487.0926 		16.2944 		8.0664
v -486.889 		16.1113 		7.8833
v -486.69 		15.9893 		7.7613
v -486.673 		15.9823 		7.7543
v -486.474 		15.8994 		7.6714
v -486.246 		15.8453 		7.6173
v -486.4571 		15.8953 		7.6673
v -486.2294 		15.844 		7.616
v -486.014 		15.8264 		7.5984
v -487.484 		15.903 		8.8544
v -487.503 		15.884 		9.0874
v -487.43 		15.957 		8.6274
v -244.035 		22.701 		219.463
v -244.682 		22.656 		219.335
v -487.34 		16.047 		8.4114
v -487.218 		16.169 		8.2124
v -244.217 		22.892 		219.51
v -487.2044 		16.1826 		8.1965
v -244.432 		23.064 		219.553
v -244.678 		23.214 		219.591
v -468.558 		17.929 		9.701
v -485.458 		17.929 		9.701
v -474.803 		49.731 		40.995
v -474.95 		49.79 		41.009
v -475.115 		49.821 		41.017
v -475.031 		49.81 		41.014
v -474.874 		49.764 		41.003
v -474.739 		49.691 		40.985
v -474.682 		49.647 		40.974
v -474.635 		49.597 		40.961
v -245.553 		23.516 		219.666
v -468.985 		18.109 		9.55
v -241.6073 		50.3994 		39.7623
v -245.705 		23.134 		219.453
v -241.5707 		50.2211 		39.734
v -245.243 		23.443 		219.647
v -244.95 		23.341 		219.622
v -245.468 		23.078 		219.439
v -471.028 		51.2327 		39.8946
v -241.5185 		49.9649 		39.6934
v -241.62 		49.941 		39.81
v -471.011 		51.2051 		39.8902
v -469.3559 		17.932 		9.6601
v -241.5138 		49.7062 		39.6523
v -470.932 		50.755 		40.013
v -471.017 		50.274 		40.131
v -245.243 		23 		219.42
v -245.553 		22.636 		219.244
v -245.705 		22.688 		219.257
v -470.907 		49.885 		40.035
v -470.87 		49.49 		39.937
v -245.035 		22.903 		219.396
v -244.847 		22.788 		219.367
v -241.5103 		49.5291 		39.6242
v -469.2678 		17.932 		9.6913
v -241.581 		49.519 		39.706
v -469.1479 		17.932 		9.6803
v -469.0964 		17.932 		9.6793
v -245.412 		22.57 		219.228
v -241.5662 		49.1943 		39.5711
v -474.3215 		17.932 		9.6809
v -472.1462 		17.932 		9.6549
v -242.368 		51.606 		39.972
v -242.535 		51.486 		40.194
v -242.3607 		51.6122 		39.9548
v -477.01 		18.816 		9.113
v -242.3947 		51.6409 		39.9594
v -477.01 		18.246 		9.431
v -243.4097 		52.345 		40.0711
v -243.237 		52.2601 		40.0577
v -470.7775 		50.8243 		39.8298
v -470.738 		50.7255 		39.8141
v -470.6073 		50.3994 		39.7623
v -470.738 		50.355 		39.913
v -243.26 		52.23 		40.127
v -242.8703 		52.0226 		40.02
v -242.7677 		51.9563 		40.0094
v -477.01 		20.061 		8.72
v -477.01 		19.635 		8.815
v -470.5707 		50.2211 		39.734
v -242.017 		22.521 		220.162
v -470.62 		49.941 		39.81
v -425.09 		2.336 		100.046
v -423.996 		2.336 		100.032
v -424.624 		2.336 		99.647
v -470.5185 		49.9649 		39.6934
v -481.8738 		17.932 		9.6549
v -242.785 		51.938 		40.055
v -470.5138 		49.7062 		39.6523
v -470.5103 		49.5291 		39.6242
v -502.687 		8.878 		176.323
v -470.581 		49.519 		39.706
v -470.5662 		49.1943 		39.5711
v -425.959 		2.336 		98.316
v -502.5382 		8.878 		176.1018
v -502.687 		8.878 		176.2324
v -242.664 		21.788 		219.559
v -242.368 		22.482 		219.931
v -423.399 		2.336 		98.944
v -501.374 		8.878 		174.371
v -242.267 		22.126 		219.843
v -423.461 		2.336 		99.328
v -501.518 		8.3224 		174.603
v -501.523 		8.2378 		174.6132
v -423.618 		2.336 		98.438
v -423.467 		2.336 		98.623
v -242.233 		21.763 		219.753
v -501.5057 		8.878 		174.5668
v -422.897 		2.336 		98.934
v -422.93 		2.336 		99.324
v -422.951 		2.336 		98.655
v -423.139 		2.336 		98.327
v -241.907 		22.132 		220.065
v -471.7677 		51.9563 		40.0094
v -471.3947 		51.6409 		39.9594
v -471.785 		51.938 		40.055
v -471.368 		51.606 		39.972
v -243.388 		52.083 		40.342
v -241.87 		21.737 		219.967
v -471.535 		51.486 		40.194
v -471.934 		51.804 		40.273
v -242.934 		51.804 		40.273
v -471.765 		51.334 		40.394
v -243.138 		51.632 		40.468
v -243.564 		51.893 		40.533
v -359.449 		4.8316 		62.419
v -357.137 		4.8318 		64.731
v -358.742 		4.8317 		63.126
v -356.43 		4.8319 		65.438
v -242.765 		51.334 		40.394
v -471.3607 		51.6122 		39.9548
v -243.395 		51.425 		40.638
v -348.3853 		4.8305 		49.67
v -348.3665 		4.8304 		49.1915
v -348.355 		4.8305 		50.13
v -348.119 		4.8306 		51.089
v -347.023 		4.8306 		51.407
v -347.4973 		4.8305 		49.8959
v -347.4218 		4.8305 		50.2741
v -501.329 		8.878 		174.046
v -471.8703 		52.0226 		40.02
v -347.51 		4.8305 		49.3195
v -347.385 		4.8306 		50.512
v -472.89 		52.317 		40.4
v -472.785 		52.475 		40.188
v -472.9987 		52.6029 		40.1121
v -472.7604 		52.5169 		40.0984
v -501.214 		8.878 		173.468
v -501.214 		8.878 		172.294
v -472.4097 		52.345 		40.0711
v -472.237 		52.2601 		40.0577
v -472.26 		52.23 		40.127
v -360.448 		4.8298 		41.7
v -345.6339 		4.8301 		45.031
v -348.2458 		4.8304 		48.2785
v -347.5563 		4.8302 		46.7668
v -472.388 		52.083 		40.342
v -345.898 		4.8301 		45.147
v -346.8228 		4.8302 		45.8628
v -346.4547 		4.8301 		45.5562
v -347.3004 		4.8302 		46.3616
v -473.035 		52.113 		40.588
v -345.666 		4.8302 		45.966
v -345.8539 		4.8302 		46.1165
v -346.431 		4.8302 		46.6223
v -346.5818 		4.8302 		46.8105
v -347.9147 		4.8303 		47.3573
v -347.9954 		4.8303 		47.6344
v -346.9232 		4.8303 		47.2762
v -347.0649 		4.8303 		47.5636
v -347.297 		4.8303 		48.092
v -347.3544 		4.8304 		48.3258
v -347.5047 		4.8304 		49.0786
v -472.138 		51.632 		40.468
v -472.564 		51.893 		40.533
v -485.297 		18.059 		9.738
v -484.803 		18.152 		9.487
v -484.6723 		17.932 		9.65
v -472.785 		51.665 		40.697
v -472.395 		51.425 		40.638
v -484.7243 		17.932 		9.6635
v -485.139 		18.082 		9.615
v -359.0014 		10.3686 		41.7
v -484.8723 		17.932 		9.6828
v -357.7263 		10.7012 		41.7
v -358.1252 		10.573 		41.7
v -356.369 		11.828 		41.7
v -356.434 		11.563 		41.7
v -357.374 		10.834 		41.7
v -356.627 		11.305 		41.7
v -473.048 		51.401 		40.832
v -243.26 		22.36 		219.526
v -423.126 		2.336 		99.687
v -243.182 		22.087 		219.458
v -423.466 		2.336 		99.931
v -471.1736 		51.4027 		39.9216
v -423.833 		2.336 		99.601
v -423.581 		2.336 		99.476
v -243.156 		21.809 		219.389
v -242.695 		22.111 		219.639
v -471.199 		51.135 		40.107
v -471.199 		50.649 		40.225
v -242.785 		22.428 		219.718
v -471.45 		51.004 		40.313
v -472.053 		51.152 		40.57
v -471.765 		50.851 		40.495
v -471.535 		50.525 		40.415
v -471.368 		50.181 		40.329
v -471.934 		50.385 		40.58
v -421.004 		2.336 		99.558
v -420.79 		2.336 		100.061
v -421.215 		2.336 		100.061
v -472.7 		51.188 		40.779
v -472.395 		50.944 		40.718
v -468.558 		17.929 		26.651
v -472.785 		50.714 		40.836
v -472.138 		50.675 		40.652
v -473.048 		50.923 		40.888
v -472.564 		50.482 		40.779
v -473.035 		50.274 		40.875
v -472.388 		50.232 		40.717
v -471.267 		49.825 		40.241
v -471.233 		49.463 		40.151
v -471.664 		49.439 		40.345
v -471.695 		49.762 		40.425
v -471.785 		50.079 		40.504
v -243.182 		21.531 		219.32
v -467.986 		32.8522 		7.6029
v -467.7604 		32.8522 		7.6204
v -467.754 		32.8522 		7.6209
v -467.5323 		32.8522 		7.6744
v -467.526 		32.8522 		7.6759
v -467.3169 		32.8522 		7.7624
v -467.311 		32.8522 		7.7649
v -467.111 		32.8523 		7.8869
v -466.934 		32.8523 		8.0389
v -472.156 		49.418 		40.515
v -472.182 		49.695 		40.584
v -472.26 		49.969 		40.651
v -466.7862 		32.8524 		8.212
v -466.782 		32.8524 		8.2169
v -466.66 		32.8524 		8.4159
v -466.57 		32.8525 		8.6319
v -472.785 		49.852 		40.77
v -242.1736 		51.4027 		39.9216
v -242.028 		51.2327 		39.8946
v -472.721 		49.628 		40.714
v -242.011 		51.2051 		39.8902
v -466.516 		32.8526 		8.8589
v -466.498 		32.8526 		9.0919
v -242.199 		51.135 		40.107
v -472.89 		50.069 		40.824
v -242.45 		51.004 		40.313
v -241.932 		50.755 		40.013
v -242.199 		50.649 		40.225
v -472.7 		49.4 		40.658
v -472.721 		49.171 		40.601
v -451.312 		4.8408 		168.381
v -424.926 		4.8372 		126.733
v -425.926 		4.8372 		126.733
v -425.682 		14.631 		107.687
v -425.313 		14.631 		107.318
v -425.01 		14.631 		106.741
v -422.377 		4.8356 		108.145
v -422.3404 		4.8356 		108.0376
v -422.0872 		4.8355 		107.0937
v -422.1131 		4.8355 		107.2615
v -423.5564 		4.8356 		108.5214
v -423.4826 		4.8356 		108.4001
v -423.157 		4.8356 		107.8075
v -423.0871 		4.8355 		107.5821
v -422.8978 		4.8355 		106.9325
v -425.0798 		4.8355 		106.891
v -423.8666 		4.8358 		110.1242
v -423.952 		4.8358 		110.199
v -423.7603 		4.8357 		109.9916
v -425.152 		4.8357 		109.905
v -425.0307 		4.8357 		109.8313
v -424.2827 		4.8357 		109.3312
v -424.149 		4.8357 		109.1974
v -422.847 		4.8357 		109.004
v -501.3221 		8.878 		171.7509
v -424.926 		4.8358 		110.774
v -473.6237 		52.796 		40.1427
v -473.3297 		52.7228 		40.1311
v -243.7 		21.827 		219.246
v -242.017 		50.274 		40.131
v -473.352 		52.671 		40.237
v -473.9333 		52.8728 		40.1549
v -242.535 		50.525 		40.415
v -473.95 		52.813 		40.272
v -242.368 		50.181 		40.329
v -473.432 		52.504 		40.447
v -474.004 		52.64 		40.481
v -474.079 		52.416 		40.663
v -473.543 		52.288 		40.631
v -242.765 		50.851 		40.495
v -242.267 		21.401 		219.663
v -243.7 		51.188 		40.779
v -242.535 		20.702 		219.489
v -243.053 		51.152 		40.57
v -241.907 		21.341 		219.869
v -473.217 		51.866 		40.748
v -243.395 		50.944 		40.718
v -473.682 		52.027 		40.787
v -243.138 		50.675 		40.652
v -501.3404 		8.878 		171.6824
v -501.468 		8.878 		171.206
v -501.518 		8.878 		171.159
v -467.986 		24.929 		7.6008
v -242.934 		50.385 		40.58
v -467.8578 		24.929 		7.6107
v -467.754 		24.929 		7.6192
v -467.628 		24.929 		7.6496
v -467.526 		24.929 		7.6738
v -501.6501 		8.878 		170.8907
v -467.4072 		24.929 		7.723
v -467.311 		24.929 		7.7632
v -243.564 		50.482 		40.779
v -501.9404 		8.878 		170.3882
v -502.056 		8.878 		170.188
v -467.111 		24.929 		7.8852
v -502.105 		8.878 		170.142
v -466.934 		24.929 		8.0372
v -466.85 		24.929 		8.1356
v -466.782 		24.929 		8.2148
v -466.66 		24.929 		8.4138
v -502.1548 		8.878 		170.0853
v -466.57 		24.929 		8.6298
v -466.516 		24.929 		8.8568
v -466.498 		24.929 		9.0898
v -243.388 		50.232 		40.717
v -473.847 		51.724 		40.912
v -473.432 		51.581 		40.876
v -241.907 		49.885 		40.035
v -242.267 		49.825 		40.241
v -241.87 		49.49 		39.937
v -242.233 		49.463 		40.151
v -358.538 		10.46 		41.7
v -359.5045 		10.2864 		41.7
v -359.7797 		10.2651 		41.7
v -474.5609 		52.9633 		40.1693
v -474.2645 		52.9204 		40.1625
v -474.57 		52.899 		40.293
v -469.26 		24.929 		15.661
v -469.96 		24.929 		15.661
v -474.597 		52.723 		40.501
v -469.26 		24.929 		12.061
v -469.96 		24.929 		12.061
v -469.96 		24.929 		11.061
v -474.635 		52.493 		40.682
v -474.9118 		52.9804 		40.172
v -475.136 		53.0084 		40.1764
v -242.368 		21.045 		219.575
v -358.8697 		10.3946 		38.887
v -358.2425 		10.5409 		38.887
v -357.6262 		10.739 		38.887
v -356.434 		11.563 		38.887
v -356.369 		11.828 		38.887
v -357.374 		10.834 		38.887
v -356.627 		11.305 		38.887
v -358.538 		10.46 		38.887
v -359.647 		10.2675 		38.887
v -360.0721 		10.2347 		38.887
v -468.572 		18.069 		26.319
v -468.527 		17.951 		25.79
v -468.5419 		17.932 		25.7782
v -468.5435 		17.932 		25.7863
v -393.0469 		10.1508 		41.7
v -392.506 		10.137 		41.7
v -468.32 		18.255 		25.956
v -474.173 		52.143 		40.816
v -474.682 		52.214 		40.834
v -474.285 		51.828 		40.938
v -468.399 		18.145 		26.03
v -242.664 		49.439 		40.345
v -474.739 		51.891 		40.953
v -360.809 		10.158 		41.7
v -242.017 		20.953 		219.773
v -242.199 		20.577 		219.679
v -241.738 		20.871 		219.991
v -503.292 		4.8415 		176.7638
v -503.376 		4.8415 		176.825
v -503.4031 		4.8415 		176.8369
v -503.3596 		4.8415 		176.814
v -469.96 		23.439 		20.561
v -469.26 		23.439 		20.561
v -502.4736 		4.8415 		176.136
v -502.494 		8.0431 		176.063
v -501.9729 		4.8414 		175.509
v -361.632 		10.137 		41.7
v -502.3136 		4.8414 		175.898
v -502.2303 		5.1991 		175.7627
v -502.105 		5.1958 		175.62
v -473.217 		50.464 		40.922
v -501.6857 		4.8414 		175.0796
v -473.347 		51.107 		40.934
v -501.778 		6.2234 		175.131
v -242.695 		21.465 		219.479
v -501.374 		4.8413 		174.371
v -243.26 		21.258 		219.253
v -243.388 		20.994 		219.187
v -242.785 		21.148 		219.4
v -242.785 		50.079 		40.504
v -242.695 		49.762 		40.425
v -242.934 		20.841 		219.324
v -473.543 		50.055 		40.938
v -507.348 		4.8415 		177.085
v -473.432 		49.898 		40.899
v -243.138 		20.551 		219.252
v -507.6048 		4.8415 		176.9368
v -473.352 		49.732 		40.858
v -243.26 		49.969 		40.651
v -506.502 		4.8416 		177.332
v -474.004 		49.721 		40.94
v -243.182 		49.695 		40.584
v -504.731 		4.8416 		177.3269
v -504.7597 		4.8416 		177.3339
v -243.156 		49.418 		40.515
v -504.7794 		4.8416 		177.3352
v -243.7 		49.4 		40.658
v -473.287 		49.385 		40.772
v -468.5539 		17.932 		22.9748
v -392.8932 		10.1469 		38.887
v -392.506 		10.137 		38.887
v -473.303 		49.56 		40.815
v -360.809 		10.158 		38.887
v -361.632 		10.137 		38.887
v -473.906 		49.375 		40.854
v -473.917 		49.493 		40.884
v -473.303 		49.211 		40.728
v -418.8108 		4.8298 		41.7
v -415.488 		6.661 		41.7
v -416.298 		7.061 		41.7
v -410.206 		6.661 		41.7
v -411.061 		6.371 		41.7
v -417.727 		8.158 		41.7
v -417.048 		7.563 		41.7
v -414.634 		6.371 		41.7
v -413.748 		6.195 		41.7
v -412.847 		6.136 		41.7
v -411.946 		6.195 		41.7
v -419.689 		12.136 		41.7
v -418.823 		9.587 		41.7
v -425.101 		4.8355 		106.9423
v -419.223 		10.396 		41.7
v -425.313 		4.8355 		107.318
v -503.9134 		4.8415 		177.0882
v -425.926 		4.8358 		110.204
v -418.322 		8.837 		41.7
v -419.513 		11.251 		41.7
v -506.529 		6.978 		173.994
v -506.667 		6.978 		173.873
v -473.95 		49.609 		40.913
v -506.788 		6.978 		173.735
v -419.689 		13.938 		41.7
v -419.513 		14.823 		41.7
v -419.748 		13.037 		41.7
v -506.89 		6.978 		173.582
v -506.971 		6.978 		173.418
v -419.223 		15.678 		41.7
v -507.03 		6.978 		173.244
v -473.917 		49.257 		40.825
v -418.823 		16.488 		41.7
v -507.066 		6.978 		173.064
v -507.078 		6.978 		172.881
v -507.066 		6.978 		172.698
v -507.03 		6.978 		172.518
v -506.971 		6.978 		172.344
v -243.785 		22.28 		219.359
v -506.89 		6.978 		172.18
v -244.543 		22.51 		219.298
v -243.89 		22.496 		219.412
v -244.432 		22.353 		219.259
v -505.859 		6.978 		174.272
v -506.039 		6.978 		174.236
v -244.352 		22.188 		219.218
v -506.212 		6.978 		174.177
v -506.377 		6.978 		174.096
v -468.012 		18.816 		18.111
v -504.461 		6.978 		172.18
v -467.619 		20.061 		18.111
v -504.38 		6.978 		172.344
v -504.321 		6.978 		172.518
v -504.285 		6.978 		172.698
v -243.721 		22.055 		219.303
v -504.273 		6.978 		172.881
v -244.303 		22.016 		219.176
v -504.285 		6.978 		173.064
v -504.321 		6.978 		173.244
v -467.714 		19.635 		18.111
v -504.38 		6.978 		173.418
v -504.461 		6.978 		173.582
v -504.563 		6.978 		173.735
v -504.684 		6.978 		173.873
v -474.597 		49.543 		40.948
v -504.822 		6.978 		173.994
v -474.57 		49.487 		40.934
v -504.974 		6.978 		174.096
v -505.139 		6.978 		174.177
v -468.33 		18.246 		18.111
v -505.313 		6.978 		174.236
v -505.492 		6.978 		174.272
v -505.676 		6.978 		174.284
v -425.682 		4.8355 		107.687
v -425.8883 		4.8356 		107.8242
v -425.0848 		4.8355 		106.9114
v -243.721 		21.599 		219.19
v -425.9193 		4.8356 		107.8405
v -510.137 		4.841 		172.294
v -466.782 		17.932 		8.2129
v -466.782 		17.929 		8.2129
v -466.66 		17.932 		8.4119
v -466.66 		17.929 		8.4119
v -418.322 		17.238 		41.7
v -425.4 		14.631 		104.784
v -425.682 		14.631 		104.513
v -466.57 		17.932 		8.6279
v -424.917 		14.631 		105.839
v -466.57 		17.929 		8.6279
v -425.052 		14.631 		105.335
v -466.516 		17.932 		8.8549
v -466.516 		17.929 		8.8549
v -466.498 		17.932 		9.0879
v -417.727 		17.917 		41.7
v -466.498 		17.929 		9.0879
v -424.917 		14.631 		106.361
v -425.2845 		4.8351 		102.3756
v -425.915 		4.8351 		102.131
v -425.083 		4.835 		101.613
v -424.3731 		4.835 		102.0022
v -424.2712 		4.8351 		102.0524
v -424.0913 		4.8351 		102.1903
v -408.646 		7.563 		41.7
v -409.397 		7.061 		41.7
v -407.968 		8.158 		41.7
v -469.26 		23.439 		15.661
v -469.96 		23.439 		15.661
v -401.408 		8.192 		41.7
v -406.006 		13.938 		41.7
v -405.947 		13.037 		41.7
v -406.472 		10.396 		41.7
v -406.871 		9.587 		41.7
v -406.472 		15.678 		41.7
v -406.182 		11.251 		41.7
v -406.182 		14.823 		41.7
v -468.5539 		17.932 		13.2472
v -407.373 		8.837 		41.7
v -241.7775 		50.8243 		39.8298
v -406.006 		12.136 		41.7
v -396.5803 		10.7648 		41.7
v -396.9117 		10.9115 		41.7
v -396.0216 		10.5755 		41.7
v -395.6857 		10.4925 		41.7
v -241.738 		50.7255 		39.8141
v -423.46 		4.8351 		102.696
v -241.738 		50.355 		39.913
v -422.847 		4.8352 		103.46
v -422.371 		4.8353 		104.4261
v -424.2114 		4.8351 		103.0632
v -424.1225 		4.8352 		103.174
v -423.4044 		4.8352 		104.0376
v -423.6556 		4.8352 		103.6624
v -469.96 		23.439 		11.061
v -469.96 		23.439 		12.061
v -244.3297 		52.7228 		40.1311
v -243.9987 		52.6029 		40.1121
v -243.7604 		52.5169 		40.0984
v -469.26 		23.439 		12.061
v -243.785 		52.475 		40.188
v -244.352 		52.671 		40.237
v -468.543 		23.439 		8.644
v -468.161 		23.439 		8.72
v -467.912 		23.439 		8.875
v -467.666 		23.439 		9.175
v -467.543 		23.439 		9.644
v -510.137 		4.8411 		173.468
v -510.022 		4.8412 		174.046
v -509.833 		4.8412 		174.603
v -509.573 		4.8413 		175.131
v -509.246 		4.8414 		175.62
v -474.553 		49.309 		40.89
v -508.857 		4.8414 		176.063
v -474.547 		49.369 		40.905
v -508.3568 		4.8415 		176.5035
v -474.553 		49.428 		40.92
v -474.57 		49.25 		40.875
v -508.7817 		4.8414 		176.1291
v -508.415 		4.8415 		176.451
v -507.926 		4.8415 		176.778
v -507.9895 		4.8415 		176.7355
v -508.2168 		4.8415 		176.5835
v -508.3309 		4.8415 		176.5177
v -508.2168 		6.7147 		176.5835
v -508.3946 		4.8415 		176.4673
v -508.4036 		4.8415 		176.4586
v -474.597 		49.194 		40.861
v -506.263 		4.8408 		168.42
v -506.84 		4.8408 		168.534
v -507.398 		4.8408 		168.724
v -424.3616 		4.8351 		102.948
v -425.1095 		4.8351 		102.448
v -423.0329 		4.8353 		104.871
v -423.0633 		4.8353 		104.781
v -423.1317 		4.8353 		104.6566
v -421.9996 		4.8354 		106.2888
v -422.0499 		4.8354 		105.5235
v -422.0144 		4.8354 		106.0631
v -501.329 		4.8411 		171.716
v -501.3221 		4.8411 		171.7509
v -422.2417 		4.8353 		104.7384
v -422.2894 		4.8353 		104.5752
v -422.8391 		4.8354 		106.0358
v -422.836 		4.8354 		105.894
v -422.8577 		4.8354 		105.7536
v -425.2716 		4.8353 		104.9631
v -425.0122 		4.8354 		105.4514
v -467.543 		20.929 		9.644
v -467.619 		20.929 		9.262
v -243.89 		52.317 		40.4
v -467.563 		20.929 		9.449
v -244.432 		52.504 		40.447
v -245.285 		22.492 		219.208
v -245.173 		22.403 		219.186
v -467.836 		20.929 		8.937
v -468.543 		20.929 		8.644
v -245.079 		22.304 		219.162
v -468.092 		20.491 		8.782
v -467.793 		20.633 		9.001
v -467.926 		20.634 		8.872
v -468.252 		20.642 		8.698
v -468.409 		20.508 		8.676
v -468.161 		20.929 		8.72
v -243.564 		20.744 		219.125
v -501.468 		4.841 		171.206
v -501.3404 		4.8411 		171.6824
v -244.287 		21.841 		219.132
v -244.303 		21.666 		219.089
v -244.543 		52.288 		40.631
v -244.6237 		52.796 		40.1427
v -468.386 		18.152 		10.318
v -468.549 		17.932 		10.4487
v -467.598 		20.196 		9.688
v -244.035 		52.113 		40.588
v -467.567 		20.439 		9.664
v -467.682 		20.347 		9.232
v -244.682 		52.027 		40.787
v -201.998 		4.786 		57.599
v -244.217 		51.866 		40.748
v -467.595 		20.364 		9.475
v -467.693 		19.715 		9.764
v -467.78 		19.775 		9.32
v -221.998 		4.786 		57.599
v -467.694 		20.063 		9.325
v -244.432 		51.581 		40.876
v -467.69 		19.807 		9.554
v -467.823 		19.503 		9.439
v -243.785 		51.665 		40.697
v -501.7688 		4.841 		170.6183
v -501.6972 		4.841 		170.7423
v -467.88 		19.131 		9.913
v -501.778 		6.5654 		170.631
v -467.94 		19.224 		9.464
v -467.846 		19.267 		9.684
v -502.105 		4.8409 		170.142
v -501.9708 		4.8409 		170.3428
v -502.105 		6.6851 		170.142
v -468.134 		18.573 		10.117
v -502.494 		4.8409 		169.699
v -502.3156 		4.8409 		169.9022
v -502.3032 		4.8409 		169.914
v -502.3188 		5.0052 		169.8985
v -244.95 		22.086 		219.108
v -245.004 		22.198 		219.135
v -502.2264 		4.8409 		169.9939
v -502.1827 		4.8409 		170.0535
v -244.048 		51.401 		40.832
v -397.704 		11.563 		41.7
v -397.769 		11.828 		41.7
v -395.016 		10.3446 		41.7
v -394.6335 		10.2864 		41.7
v -468.233 		18.939 		9.312
v -393.6042 		10.1792 		41.7
v -397.511 		11.305 		41.7
v -397.4027 		11.221 		41.7
v -468.47 		18.69 		9.319
v -406.871 		16.488 		41.7
v -407.373 		17.238 		41.7
v -468.157 		18.703 		9.659
v -407.968 		17.917 		41.7
v -468.073 		19.205 		9.273
v -468.286 		18.681 		9.482
v -502.936 		4.8408 		169.311
v -468.059 		18.752 		9.863
v -199.998 		4.829 		35.327
v -199 		4.829 		36.579
v -503.426 		4.8408 		168.984
v -467.915 		19.76 		9.119
v -503.953 		4.8408 		168.724
v -467.858 		20.047 		9.065
v -199.536 		4.829 		34.554
v -199.827 		4.829 		34.114
v -199.998 		4.829 		33.9407
v -199.136 		4.829 		35.531
v -504.511 		4.8408 		168.534
v -467.818 		20.339 		9.025
v -505.088 		4.8408 		168.42
v -506.788 		6.978 		172.027
v -506.667 		6.978 		171.889
v -506.529 		6.978 		171.768
v -506.377 		6.978 		171.666
v -506.212 		6.978 		171.585
v -506.039 		6.978 		171.526
v -505.859 		6.978 		171.491
v -468.603 		20.075 		8.719
v -467.97 		20.194 		8.917
v -468.141 		20.056 		8.836
v -505.492 		6.978 		171.491
v -505.676 		6.978 		171.479
v -468.308 		20.072 		8.763
v -505.313 		6.978 		171.526
v -505.139 		6.978 		171.585
v -504.974 		6.978 		171.666
v -504.822 		6.978 		171.768
v -245.5609 		52.9633 		40.1693
v -245.2645 		52.9204 		40.1625
v -244.9333 		52.8728 		40.1549
v -504.684 		6.978 		171.889
v -504.563 		6.978 		172.027
v -244.95 		52.813 		40.272
v -468.273 		20.356 		8.723
v -245.57 		52.899 		40.293
v -507.926 		4.8408 		168.984
v -467.986 		19.479 		9.189
v -508.415 		4.8408 		169.311
v -508.7529 		4.8409 		169.6076
v -468.689 		19.596 		8.827
v -508.857 		4.8409 		169.699
v -509.0753 		4.8409 		169.9476
v -245.004 		52.64 		40.481
v -509.246 		4.8409 		170.142
v -468.418 		19.516 		8.891
v -245.597 		52.723 		40.501
v -509.573 		4.8409 		170.631
v -509.3725 		4.8409 		170.3311
v -245.079 		52.416 		40.663
v -509.833 		4.841 		171.159
v -510.022 		4.841 		171.716
v -201.998 		4.8309 		57.599
v -496 		1.929 		41.101
v -199.998 		4.8294 		41.103
v -201.3149 		4.8294 		41.103
v -201.998 		4.8295 		42.438
v -201.998 		4.8295 		41.103
v -416.298 		7.061 		38.887
v -415.488 		6.661 		38.887
v -411.061 		6.371 		38.887
v -410.206 		6.661 		38.887
v -417.727 		8.158 		38.887
v -417.048 		7.563 		38.887
v -414.634 		6.371 		38.887
v -413.748 		6.195 		38.887
v -412.847 		6.136 		38.887
v -411.946 		6.195 		38.887
v -419.689 		12.136 		38.887
v -468.259 		19.493 		8.965
v -419.223 		10.396 		38.887
v -418.823 		9.587 		38.887
v -418.322 		8.837 		38.887
v -419.513 		11.251 		38.887
v -419.513 		14.823 		38.887
v -468.563 		20.439 		8.668
v -245.635 		52.493 		40.682
v -199.998 		4.8292 		38.5294
v -468.813 		19.131 		8.981
v -468.678 		18.729 		9.194
v -419.689 		13.938 		38.887
v -419.748 		13.037 		38.887
v -419.223 		15.678 		38.887
v -470.62 		49.097 		39.601
v -417.727 		17.917 		38.887
v -418.823 		16.488 		38.887
v -418.322 		17.238 		38.887
v -470.907 		49.095 		39.839
v -409.397 		7.061 		38.887
v -408.646 		7.563 		38.887
v -407.968 		8.158 		38.887
v -405.947 		13.037 		38.887
v -206.8711 		4.8374 		131.072
v -406.006 		13.938 		38.887
v -406.871 		9.587 		38.887
v -406.472 		10.396 		38.887
v -406.472 		15.678 		38.887
v -245.682 		52.214 		40.834
v -406.182 		11.251 		38.887
v -406.182 		14.823 		38.887
v -245.173 		52.143 		40.816
v -470.5824 		49.099 		39.5559
v -407.373 		8.837 		38.887
v -406.006 		12.136 		38.887
v -470.7254 		48.6984 		39.4924
v -470.7314 		48.6818 		39.4897
v -396.9922 		10.9537 		38.887
v -396.4802 		10.727 		38.887
v -470.738 		48.682 		39.498
v -396.0803 		10.5915 		38.887
v -395.5614 		10.4634 		38.887
v -244.847 		51.724 		40.912
v -470.783 		48.5892 		39.475
v -470.9621 		48.2875 		39.4272
v -468.505 		18.97 		9.117
v -245.739 		51.891 		40.953
v -468.705 		19.017 		9.035
v -471.017 		48.706 		39.742
v -245.285 		51.828 		40.938
v -468.338 		19.22 		9.053
v -244.347 		51.107 		40.934
v -243.785 		50.714 		40.836
v -469.064 		18.466 		9.295
v -244.048 		50.923 		40.888
v -424.9094 		4.8354 		105.99
v -468.564 		18.363 		9.533
v -425.682 		4.8353 		104.513
v -425.3053 		4.8353 		104.919
v -425.2902 		4.8353 		104.9335
v -244.217 		50.464 		40.922
v -468.514 		18.082 		9.982
v -468.296 		18.394 		9.857
v -424.9094 		4.8354 		105.962
v -468.637 		18.059 		9.824
v -470.9991 		48.2423 		39.42
v -245.635 		22.086 		219.056
v -245.682 		22.136 		219.068
v -492.0332 		1.93 		205.6334
v -492.2535 		1.93 		206.0582
v -492.6466 		1.93 		206.3421
v -492.6505 		1.93 		206.344
v -245.597 		22.033 		219.043
v -492.0316 		1.93 		205.6276
v -397.769 		11.828 		38.887
v -397.704 		11.563 		38.887
v -395.0819 		10.3575 		38.887
v -492.032 		1.93 		205.6194
v -394.491 		10.2675 		38.887
v -393.7542 		10.1908 		38.887
v -397.511 		11.305 		38.887
v -245.739 		22.181 		219.079
v -492.2592 		1.93 		206.0647
v -397.3437 		11.1753 		38.887
v -406.871 		16.488 		38.887
v -407.373 		17.238 		38.887
v -407.968 		17.917 		38.887
v -492.9947 		1.93 		206.4129
v -493 		1.93 		206.4138
v -492.7105 		1.93 		204.2359
v -492.2571 		1.93 		204.528
v -492.2481 		1.93 		204.5354
v -492.1055 		1.93 		204.7518
v -492.1038 		1.93 		204.7569
v -244.917 		21.97 		219.079
v -493 		1.93 		204.1868
v -467.986 		17.932 		7.5989
v -467.986 		17.929 		7.5989
v -244.906 		21.852 		219.049
v -467.9438 		17.929 		7.6022
v -471.267 		49.101 		40.061
v -467.754 		17.929 		7.6177
v -467.754 		17.932 		7.6177
v -467.9438 		17.932 		7.6022
v -244.917 		21.733 		219.02
v -467.7125 		17.929 		7.6277
v -467.7125 		17.932 		7.6277
v -244.95 		21.617 		218.991
v -467.526 		17.929 		7.6719
v -467.526 		17.932 		7.6719
v -467.4869 		17.929 		7.6881
v -467.311 		17.929 		7.7617
v -467.311 		17.932 		7.7617
v -471.695 		49.116 		40.265
v -467.4868 		17.932 		7.6881
v -467.111 		17.929 		7.8837
v -467.111 		17.932 		7.8837
v -466.934 		17.929 		8.0357
v -466.934 		17.932 		8.0357
v -466.9063 		17.929 		8.0681
v -244.035 		50.274 		40.875
v -466.9063 		17.932 		8.0682
v -424.9167 		4.8354 		105.935
v -428.196 		4.8372 		126.733
v -429.196 		4.8372 		126.733
v -427.9 		14.631 		107.832
v -427.161 		14.631 		108.083
v -426.259 		14.631 		107.99
v -243.89 		50.069 		40.824
v -243.785 		49.852 		40.77
v -244.543 		50.055 		40.938
v -428.487 		14.631 		107.318
v -428.216 		14.631 		107.6
v -428.79 		14.631 		106.741
v -244.432 		49.898 		40.899
v -492.7158 		1.93 		204.235
v -244.352 		49.732 		40.858
v -245.004 		21.505 		218.963
v -244.303 		49.56 		40.815
v -243.721 		49.628 		40.714
v -493.879 		1.93 		89.978
v -492.426 		1.93 		89.978
v -495.151 		1.93 		89.978
v -494.345 		1.93 		89.978
v -491.875 		1.93 		89.978
v -493.879 		1.93 		91.89
v -244.287 		49.385 		40.772
v -493.879 		1.93 		91.494
v -495.247 		1.93 		92.101
v -495.247 		1.93 		91.687
v -495.151 		1.93 		90.389
v -243.721 		49.171 		40.601
v -493.306 		1.93 		91.494
v -244.303 		49.211 		40.728
v -492.7908 		1.93 		91.6712
v -492.874 		1.93 		91.62
v -492.96 		1.93 		92.0084
v -492.904 		1.93 		92.0229
v -493.269 		1.93 		91.903
v -492.8464 		1.93 		92.0657
v -492.4286 		1.93 		91.8944
v -416.854 		4.843 		193
v -471.785 		48.799 		40.186
v -471.368 		48.745 		39.973
v -492.2432 		1.93 		92.1594
v -492.3022 		1.93 		92.0832
v -493.879 		1.93 		93.247
v -313.744 		4.8396 		154.233
v -312.244 		4.8396 		154.233
v -495.151 		1.93 		93.646
v -495.151 		1.93 		93.232
v -309.744 		4.8396 		154.233
v -494.345 		1.93 		93.646
v -471.934 		48.492 		40.11
v -308.244 		4.8396 		154.233
v -494.1494 		1.93 		93.646
v -492.7289 		1.93 		92.2683
v -492.672 		1.93 		92.3963
v -492.647 		1.93 		92.5524
v -492.752 		1.93 		92.164
v -492.6782 		1.93 		92.7935
v -492.7065 		1.93 		92.8761
v -492.808 		1.93 		93.0532
v -492.8936 		1.93 		93.0985
v -492.1778 		1.93 		92.8384
v -492.194 		1.93 		92.765
v -492.185 		1.93 		92.924
v -493.1379 		1.93 		93.6241
v -493.013 		1.93 		93.6086
v -493.2445 		1.93 		93.2033
v -245.553 		21.917 		219.014
v -245.57 		21.976 		219.029
v -493.088 		1.93 		93.1976
v -492.9023 		1.93 		93.5453
v -492.381 		1.93 		93.287
v -494.528 		1.93 		96.068
v -494.51 		1.93 		96.068
v -494.546 		1.93 		96.915
v -494.65 		1.93 		95.425
v -494.081 		1.93 		95.425
v -472.785 		48.947 		40.545
v -494.55 		1.93 		99.093
v -494.081 		1.93 		99.093
v -472.89 		48.73 		40.492
v -493.879 		2.336 		89.978
v -492.426 		2.336 		89.978
v -494.345 		2.336 		89.978
v -495.151 		2.336 		89.978
v -472.138 		48.202 		40.038
v -491.875 		2.336 		89.978
v -472.26 		48.866 		40.378
v -472.388 		48.603 		40.312
v -472.182 		49.14 		40.446
v -235.356 		4.835 		101.063
v -235.356 		4.8322 		101.063
v -212.4 		8.2 		124.336
v -212.4 		8.456 		123.901
v -212.4 		8.661 		123.432
v -212.4 		8.809 		122.936
v -212.4 		5.091 		124.547
v -212.4 		4.93 		124.5107
v -472.564 		48.353 		40.25
v -212.4 		5.399 		124.57
v -212.4 		5.706 		124.547
v -212.4 		6.008 		124.479
v -212.4 		6.3 		124.367
v -212.4 		6.577 		124.213
v -212.4 		6.833 		124.019
v -212.4 		7.065 		123.788
v -212.4 		7.268 		123.526
v -212.4 		7.439 		123.236
v -212.4 		7.576 		122.922
v -212.4 		4.93 		125.8652
v -212.4 		4.938 		125.867
v -212.4 		5.399 		125.901
v -212.4 		5.859 		125.867
v -212.4 		6.312 		125.765
v -212.4 		6.75 		125.597
v -431.826 		4.8355 		107.526
v -212.4 		7.164 		125.365
v -212.4 		7.548 		125.074
v -431.0748 		4.8355 		107.0255
v -430.7864 		4.8356 		107.8776
v -212.4 		7.895 		124.729
v -431.0995 		4.8355 		106.8379
v -430.756 		4.8356 		107.9675
v -430.6613 		4.8356 		108.1313
v -473.035 		48.525 		40.441
v -430.1612 		4.8356 		108.8792
v -212.4 		8.809 		120.866
v -212.4 		8.661 		120.37
v -212.4 		8.456 		119.901
v -212.4 		8.2 		119.466
v -212.4 		8.899 		122.423
v -212.4 		8.929 		121.901
v -212.4 		8.899 		121.379
v -431.051 		4.8357 		109.1307
v -212.4 		6.008 		119.323
v -430.9255 		4.8357 		109.3187
v -212.4 		5.706 		119.255
v -430.1627 		4.8358 		110.0815
v -212.4 		5.399 		119.232
v -212.4 		5.091 		119.255
v -245.547 		21.858 		218.999
v -431.5898 		4.8356 		108.196
v -431.7642 		4.8355 		107.6845
v -212.4 		4.93 		119.2913
v -430.04 		4.8358 		110.199
v -212.4 		7.675 		122.592
v -430.0274 		4.8357 		109.0131
v -429.539 		4.8357 		109.48
v -429.085 		4.8357 		109.784
v -428.196 		4.8358 		110.161
v -212.4 		7.735 		122.249
v -212.4 		7.755 		121.901
v -212.4 		7.735 		121.553
v -212.4 		7.675 		121.21
v -212.4 		7.576 		120.88
v -472.395 		47.933 		39.971
v -473.048 		47.912 		40.141
v -212.4 		7.439 		120.566
v -307.4035 		4.8381 		137.2067
v -212.4 		7.268 		120.276
v -472.785 		48.121 		40.193
v -308.9657 		4.8381 		136.8154
v -308.8623 		4.8381 		136.7463
v -309.1615 		4.8381 		136.899
v -212.4 		7.065 		120.014
v -309.6423 		4.8381 		137.1626
v -212.4 		6.833 		119.783
v -308.3135 		4.838 		136.2639
v -311.031 		4.838 		135.591
v -212.4 		6.577 		119.589
v -309.891 		4.8382 		138.601
v -309.891 		4.8381 		137.247
v -212.4 		6.3 		119.435
v -309.744 		4.8382 		138.572
v -307.6571 		4.8381 		137.4278
v -308.244 		4.8382 		137.896
v -306.8107 		4.8381 		136.4331
v -212.4 		4.93 		117.9368
v -212.4 		7.895 		119.073
v -212.4 		7.548 		118.728
v -212.4 		7.164 		118.437
v -212.4 		6.75 		118.205
v -212.4 		6.312 		118.037
v -212.4 		5.859 		117.935
v -212.4 		5.399 		117.901
v -212.4 		4.938 		117.935
v -208.4 		8.809 		122.936
v -208.4 		8.661 		123.432
v -208.4 		8.456 		123.901
v -208.4 		8.2 		124.336
v -208.4 		4.93 		124.5107
v -208.4 		5.091 		124.547
v -208.4 		5.399 		124.57
v -427.3408 		4.8356 		108.0385
v -427.3804 		4.8356 		108.0251
v -208.4 		5.706 		124.547
v -429.196 		4.8358 		110.71
v -208.4 		6.008 		124.479
v -208.4 		6.3 		124.367
v -208.4 		6.577 		124.213
v -208.4 		6.833 		124.019
v -208.4 		7.065 		123.788
v -208.4 		7.268 		123.526
v -471.535 		48.401 		39.887
v -245.004 		49.721 		40.94
v -208.4 		7.439 		123.236
v -208.4 		7.576 		122.922
v -208.4 		4.93 		125.8652
v -471.199 		48.331 		39.649
v -208.4 		7.548 		125.074
v -208.4 		7.164 		125.365
v -208.4 		6.75 		125.597
v -208.4 		6.312 		125.765
v -208.4 		5.859 		125.867
v -208.4 		5.399 		125.901
v -208.4 		4.938 		125.867
v -307.6084 		4.8379 		135.2673
v -308.138 		4.838 		136.0884
v -307.7325 		4.838 		135.4821
v -309.9196 		4.838 		135.3406
v -309.9618 		4.838 		135.3461
v -310.6604 		4.838 		135.5834
v -306.3056 		4.838 		135.4079
v -244.917 		49.493 		40.884
v -306.4482 		4.838 		135.7947
v -245.553 		21.798 		218.984
v -306.664 		4.838 		136.233
v -244.95 		49.609 		40.913
v -244.906 		49.375 		40.854
v -309.8881 		4.838 		135.3241
v -245.57 		21.74 		218.97
v -306.6484 		4.8376 		131.3139
v -306.4833 		4.8376 		131.6005
v -306.101 		4.8379 		134.706
v -306.101 		4.8377 		132.759
v -305.994 		4.8378 		133.733
v -244.917 		49.257 		40.825
v -245.597 		21.683 		218.956
v -306.1704 		4.8377 		132.5211
v -245.635 		21.63 		218.943
v -471.36 		47.8299 		39.3545
v -471.6219 		47.5875 		39.3161
v -307.5565 		4.8379 		135.0884
v -245.682 		21.58 		218.93
v -471.765 		47.646 		39.479
v -307.3571 		4.8379 		134.577
v -307.2615 		4.8378 		133.8519
v -307.2453 		4.8378 		133.6049
v -308.9132 		4.8378 		133.6472
v -471.2617 		47.921 		39.369
v -471.45 		47.975 		39.561
v -471.7906 		47.4655 		39.2967
v -472.0339 		47.2898 		39.2688
v -472.053 		47.774 		39.732
v -245.739 		21.535 		218.919
v -308.9128 		4.8378 		133.6685
v -471.765 		48.076 		39.807
v -308.9183 		4.8378 		133.6964
v -309.0847 		4.8379 		134.4112
v -309.106 		4.8379 		134.448
v -245.597 		49.543 		40.948
v -309.4 		4.8379 		134.916
v -208.4 		7.895 		124.729
v -309.4154 		4.8379 		134.9308
v -245.547 		49.369 		40.905
v -208.4 		8.2 		119.466
v -208.4 		8.456 		119.901
v -208.4 		8.661 		120.37
v -208.4 		8.809 		120.866
v -208.4 		8.899 		121.379
v -208.4 		8.929 		121.901
v -208.4 		8.899 		122.423
v -245.553 		49.428 		40.92
v -245.553 		49.309 		40.89
v -208.4 		6.008 		119.323
v -208.4 		5.706 		119.255
v -208.4 		5.399 		119.232
v -208.4 		5.091 		119.255
v -208.4 		4.93 		119.2913
v -208.4 		7.675 		122.592
v -208.4 		7.735 		122.249
v -311.2649 		4.8376 		131.6558
v -208.4 		7.755 		121.901
v -208.4 		7.735 		121.553
v -208.4 		7.675 		121.21
v -208.4 		7.576 		120.88
v -208.4 		7.439 		120.566
v -307.649 		4.8377 		132.0203
v -307.7166 		4.8377 		131.8467
v -307.8542 		4.8376 		131.6408
v -308.179 		4.8376 		131.198
v -310.6183 		4.8376 		131.6221
v -309.9196 		4.8377 		131.8594
v -208.4 		7.268 		120.276
v -208.4 		7.065 		120.014
v -208.4 		6.833 		119.783
v -208.4 		6.577 		119.589
v -208.4 		6.3 		119.435
v -307.3058 		4.8378 		133.0591
v -307.3339 		4.8377 		132.8752
v -309.8727 		4.8377 		131.8907
v -309.5739 		4.8377 		132.1091
v -208.4 		5.399 		117.901
v -208.4 		5.859 		117.935
v -208.4 		6.312 		118.037
v -208.4 		6.75 		118.205
v -208.4 		7.164 		118.437
v -208.4 		7.548 		118.728
v -208.4 		7.895 		119.073
v -208.4 		4.93 		117.9368
v -208.4 		4.938 		117.935
v -309.0186 		4.8377 		132.9385
v -309.0049 		4.8378 		132.9788
v -310.639 		4.8376 		131.617
v -245.57 		49.25 		40.875
v -309.0313 		4.8377 		132.9212
v -311.2507 		4.8376 		131.6567
v -245.57 		49.487 		40.934
v -245.597 		49.194 		40.861
v -241.5824 		49.099 		39.5559
v -241.62 		49.097 		39.601
v -242.267 		49.101 		40.061
v -242.368 		48.745 		39.973
v -242.695 		49.116 		40.265
v -242.785 		48.799 		40.186
v -243.138 		48.202 		40.038
v -242.934 		48.492 		40.11
v -243.182 		49.14 		40.446
v -243.26 		48.866 		40.378
v -243.388 		48.603 		40.312
v -243.564 		48.353 		40.25
v -243.395 		47.933 		39.971
v -241.907 		49.095 		39.839
v -241.7254 		48.6984 		39.4924
v -241.7314 		48.6818 		39.4897
v -241.738 		48.682 		39.498
v -241.783 		48.5892 		39.475
v -242.017 		48.706 		39.742
v -241.9621 		48.2875 		39.4272
v -242.199 		48.331 		39.649
v -242.535 		48.401 		39.887
v -241.999 		48.2423 		39.42
v -242.2617 		47.921 		39.369
v -242.45 		47.975 		39.561
v -426.914 		4.8356 		108.0991
v -426.259 		4.8356 		107.99
v -426.8657 		4.8356 		108.0941
v -242.3601 		47.8299 		39.3545
v -242.6219 		47.5875 		39.3161
v -428.1991 		4.8355 		107.6124
v -428.216 		4.8355 		107.6
v -428.79 		4.8355 		106.741
v -472.138 		47.348 		39.405
v -243.0339 		47.2898 		39.2688
v -472.785 		47.262 		39.604
v -472.395 		47.501 		39.664
v -472.7 		47.69 		39.911
v -473.048 		47.477 		39.858
v -472.2749 		47.1545 		39.2473
v -473.352 		49.039 		40.686
v -473.432 		48.873 		40.644
v -315.6399 		4.838 		135.5675
v -315.424 		4.838 		136.0058
v -473.543 		48.716 		40.606
v -481.0022 		16.059 		28.521
v -314.961 		4.8381 		136.777
v -312.4701 		4.8381 		137.0696
v -472.9972 		16.059 		28.521
v -473.0037 		16.1791 		28.4009
v -473.95 		49.141 		40.796
v -243.138 		47.348 		39.405
v -480.968 		16.6878 		27.8922
v -480.9743 		16.5746 		28.0054
v -480.866 		17.3056 		27.2744
v -480.8826 		17.2053 		27.3747
v -474.004 		49.029 		40.768
v -428.7738 		4.8355 		106.7719
v -480.698 		17.9016 		26.6784
v -474.079 		48.922 		40.742
v -428.7592 		4.8355 		106.787
v -480.6868 		17.929 		26.651
v -428.883 		14.631 		105.839
v -428.9 		14.631 		106.1
v -428.118 		14.631 		104.513
v -428.487 		14.631 		104.882
v -428.748 		14.631 		105.335
v -473.302 		17.9016 		26.6784
v -473.3132 		17.929 		26.651
v -473.134 		17.3056 		27.2744
v -473.032 		16.6878 		27.8922
v -473.0497 		16.7952 		27.7848
v -473.682 		48.57 		40.569
v -474.035 		48.323 		40.508
v -473.847 		48.439 		40.537
v -427.9 		14.631 		104.368
v -426.135 		14.631 		104.252
v -426.639 		14.631 		104.117
v -427.161 		14.631 		104.117
v -312.196 		4.8381 		137.214
v -312.9733 		4.8381 		136.8479
v -314.353 		4.838 		135.323
v -313.809 		4.838 		136.135
v -313.278 		4.8381 		136.644
v -311.542 		4.838 		135.49
v -312.009 		4.8379 		135.259
v -315.324 		4.838 		136.233
v -314.3463 		4.8381 		137.4303
v -314.4555 		4.8381 		137.3057
v -314.1472 		4.8382 		137.5891
v -313.744 		4.8382 		137.896
v -312.196 		4.8382 		138.581
v -312.244 		4.8382 		138.572
v -493.879 		2.336 		91.89
v -493.879 		2.336 		91.494
v -243.2749 		47.1545 		39.2473
v -473.432 		48.163 		40.351
v -495.247 		2.336 		92.101
v -495.247 		2.336 		91.687
v -495.151 		2.336 		90.389
v -243.785 		21.374 		219.134
v -244.352 		21.495 		219.046
v -242.765 		48.076 		39.807
v -243.053 		47.774 		39.732
v -493.306 		2.336 		91.494
v -492.874 		2.336 		91.62
v -473.217 		48.335 		40.393
v -492.873 		2.336 		92.038
v -493.269 		2.336 		91.903
v -492.248 		2.336 		92.148
v -492.41 		2.336 		91.906
v -474.173 		48.824 		40.718
v -474.285 		48.735 		40.696
v -314.718 		4.8378 		133.3632
v -312.401 		4.8379 		134.916
v -314.7419 		4.8378 		133.7291
v -314.683 		4.8379 		134.2741
v -314.6548 		4.8379 		134.4581
v -314.4204 		4.8379 		135.1495
v -474.412 		48.657 		40.676
v -312.832 		4.8378 		134.118
v -312.887 		4.8378 		133.535
v -312.632 		4.8379 		134.6
v -474.635 		49.14 		40.848
v -474.682 		49.091 		40.836
v -474.803 		49.006 		40.815
v -474.739 		49.046 		40.825
v -315.3607 		4.8376 		131.3072
v -474.874 		48.973 		40.807
v -314.1338 		4.8376 		131.6408
v -314.2716 		4.8377 		131.8467
v -314.4336 		4.8377 		132.1753
v -311.3 		4.8376 		131.6618
v -474.95 		48.947 		40.8
v -475.031 		48.928 		40.795
v -475.115 		48.916 		40.792
v -493.879 		2.336 		93.247
v -494.345 		2.336 		93.646
v -314.7021 		4.8378 		133.116
v -312.7814 		4.8377 		132.9385
v -312.4136 		4.8377 		132.3012
v -314.5132 		4.8377 		132.4096
v -495.151 		2.336 		93.646
v -495.151 		2.336 		93.232
v -492.817 		2.336 		93.064
v -312.3856 		4.8377 		132.2692
v -492.687 		2.336 		92.837
v -492.647 		2.336 		92.528
v -492.679 		2.336 		92.328
v -492.752 		2.336 		92.164
v -312.015 		4.8377 		131.944
v -492.185 		2.336 		92.924
v -244.432 		21.329 		219.005
v -312.0031 		4.8377 		131.9361
v -311.3195 		4.8376 		131.6704
v -243.89 		21.158 		219.08
v -312.79 		4.8377 		132.958
v -493.049 		2.336 		93.618
v -244.543 		21.172 		218.966
v -493.066 		2.336 		93.191
v -492.381 		2.336 		93.287
v -244.682 		21.026 		218.93
v -494.546 		2.336 		96.915
v -494.51 		2.336 		96.068
v -485.458 		17.929 		26.651
v -494.528 		2.336 		96.068
v -494.65 		2.336 		95.425
v -466.498 		32.8578 		27.1149
v -466.516 		32.8579 		27.3479
v -494.081 		2.336 		95.425
v -466.57 		32.858 		27.5749
v -466.6342 		32.858 		27.729
v -428.9 		4.8354 		106.1
v -494.55 		2.336 		99.093
v -428.8404 		4.8354 		105.6732
v -428.8395 		4.8354 		105.6592
v -494.081 		2.336 		99.093
v -467.986 		32.8582 		28.6029
v -467.111 		32.8581 		28.3189
v -467.311 		32.8582 		28.4409
v -244.035 		20.952 		219.029
v -467.5202 		32.8582 		28.5285
v -467.526 		32.8582 		28.5309
v -428.8322 		4.8354 		105.6322
v -428.5701 		4.8353 		105.0094
v -467.7479 		32.8582 		28.5834
v -467.754 		32.8582 		28.5849
v -244.217 		20.762 		218.982
v -428.5561 		4.8353 		104.9852
v -428.5363 		4.8353 		104.9654
v -466.66 		32.858 		27.7909
v -466.782 		32.8581 		27.9899
v -466.9299 		32.8581 		28.1621
v -466.934 		32.8581 		28.1669
v -428.5247 		4.8353 		104.9576
v -244.432 		20.59 		218.939
v -243.7 		47.69 		39.911
v -242.7906 		47.4655 		39.2967
v -242.765 		47.646 		39.479
v -315.7456 		4.8377 		132.2075
v -315.6557 		4.8377 		131.9762
v -315.9188 		4.8377 		132.9176
v -315.9619 		4.8378 		133.2454
v -315.951 		4.8379 		134.386
v -315.9619 		4.8379 		134.2206
v -315.8922 		4.8379 		134.6266
v -429.1875 		4.8351 		102.6316
v -474.243 		48.226 		40.484
v -429.2726 		4.8351 		102.6736
v -429.4228 		4.8351 		102.7889
v -427.161 		4.8352 		104.117
v -426.639 		4.8352 		104.117
v -474.468 		48.149 		40.465
v -243.395 		47.501 		39.664
v -243.785 		20.513 		219.068
v -474.705 		48.539 		40.647
v -474.865 		48.501 		40.637
v -314.961 		4.8376 		130.689
v -314.8518 		4.8375 		130.5643
v -315.0897 		4.8376 		130.9011
v -312.907 		4.8374 		129.114
v -311.968 		4.8374 		128.839
v -313.766 		4.8375 		129.584
v -313.9596 		4.8375 		129.7393
v -475.031 		48.477 		40.632
v -243.785 		48.947 		40.545
v -311.719 		4.8375 		130.0096
v -311.9042 		4.8375 		130.0298
v -312.1385 		4.8375 		130.1094
v -312.65 		4.8375 		130.308
v -313.278 		4.8376 		130.69
v -313.4125 		4.8376 		130.8187
v -243.89 		48.73 		40.492
v -245.079 		21.399 		218.937
v -310.021 		4.8374 		128.839
v -310.994 		4.8374 		128.733
v -245.173 		21.3 		218.913
v -309.081 		4.8374 		129.114
v -308.222 		4.8375 		129.584
v -244.352 		49.039 		40.686
v -474.553 		48.591 		40.66
v -307.458 		4.8375 		130.197
v -310.0841 		4.8375 		130.0298
v -310.269 		4.8375 		130.0096
v -308.71 		4.8376 		130.69
v -309.338 		4.8375 		130.308
v -309.8495 		4.8375 		130.1094
v -310.994 		4.8375 		129.914
v -307.027 		4.8376 		130.689
v -244.432 		48.873 		40.644
v -245.285 		21.211 		218.891
v -244.543 		48.716 		40.606
v -427.5216 		4.8352 		104.205
v -244.682 		48.57 		40.569
v -426.135 		4.8352 		104.252
v -427.5612 		4.8352 		104.2185
v -430.3287 		4.8351 		102.5183
v -473.347 		47.728 		40.095
v -431.1126 		4.8352 		103.4128
v -431.0378 		4.8352 		103.3274
v -473.678 		47.574 		40.057
v -431.2006 		4.8352 		103.5583
v -473.95 		47.885 		40.282
v -431.5898 		4.8352 		104.2681
v -431.889 		4.8353 		105.259
v -431.6626 		4.8353 		104.4822
v -473.678 		48.012 		40.313
v -430.0988 		4.8352 		103.3822
v -430.1876 		4.8352 		103.493
v -430.5876 		4.8352 		104.0376
v -430.6864 		4.8352 		104.252
v -430.9583 		4.8353 		104.871
v -244.035 		48.525 		40.441
v -431.1335 		4.8354 		105.7536
v -431.1581 		4.8354 		105.9412
v -431.996 		4.8354 		106.232
v -474.035 		47.45 		40.026
v -244.217 		48.335 		40.393
v -244.432 		48.163 		40.351
v -231.038 		4.8342 		92.614
v -232.229 		4.8335 		84.6399
v -235.356 		4.8335 		84.6399
v -209.7558 		4.8309 		57.599
v -214.1729 		4.8312 		57.599
v -466.498 		24.929 		27.1128
v -466.516 		24.929 		27.3458
v -491.774 		4.8341 		91.77
v -466.57 		24.929 		27.5728
v -491.774 		9.881 		91.77
v -466.66 		24.929 		27.7888
v -466.782 		24.929 		27.9878
v -466.8661 		24.929 		28.0857
v -466.934 		24.929 		28.1652
v -467.111 		24.929 		28.3172
v -493.4457 		4.8339 		91.77
v -221.998 		4.8312 		57.599
v -467.311 		24.929 		28.4392
v -467.4299 		24.929 		28.489
v -467.526 		24.929 		28.5288
v -467.6521 		24.929 		28.5586
v -467.754 		24.929 		28.5832
v -467.986 		24.929 		28.6012
v -228.8329 		4.8305 		49.9301
v -228.8372 		4.8305 		49.9294
v -491.774 		4.8339 		88.77
v -491.774 		4.8339 		89.2839
v -491.774 		9.881 		88.77
v -225.0004 		4.8304 		49.1707
v -225.978 		4.8305 		49.735
v -469.96 		24.929 		25.161
v -492.0358 		4.8339 		88.77
v -469.26 		24.929 		24.161
v -469.96 		24.929 		24.161
v -429.496 		4.835 		101.902
v -428.599 		4.835 		101.508
v -495.0522 		4.8337 		88.77
v -469.26 		24.929 		20.561
v -430.1488 		4.8351 		102.3805
v -227.113 		4.8305 		50.039
v -426.022 		4.835 		101.339
v -427.649 		4.835 		101.275
v -426.996 		4.835 		101.232
v -426.723 		4.835 		102.006
v -426.865 		4.835 		102.0091
v -427.7625 		4.8351 		102.0686
v -427.9455 		4.8351 		102.1176
v -428.595 		4.8351 		102.306
v -491.774 		4.8329 		77.17
v -491.774 		4.8331 		80.17
v -491.774 		9.881 		80.17
v -491.774 		9.881 		77.17
v -495.8503 		4.8331 		80.17
v -302.6177 		13.581 		51.1866
v -302.6638 		13.581 		51.1866
v -301.3936 		13.581 		50.7065
v -301.4119 		13.581 		50.7205
v -301.8632 		13.581 		51.004
v -301.9284 		13.581 		51.0262
v -474.243 		47.784 		40.257
v -301.3435 		13.581 		50.6449
v -301.3721 		13.581 		50.6876
v -469.96 		24.929 		20.561
v -491.103 		4.383 		41.6905
v -491.103 		4.281 		41.6905
v -491.103 		4.281 		41.101
v -491.103 		4.383 		41.101
v -302.4496 		4.8306 		51.1832
v -302.9434 		4.8306 		51.1832
v -474.553 		47.71 		40.238
v -474.412 		47.361 		40.004
v -303.101 		4.8309 		54.435
v -302.6409 		4.8309 		54.4653
v -302.2568 		4.8309 		54.4653
v -245.412 		21.133 		218.871
v -229.3755 		4.8305 		49.7458
v -302.0678 		4.8309 		54.4277
v -302.9891 		4.8308 		53.5276
v -302.7551 		4.8308 		53.5847
v -245.004 		49.029 		40.768
v -302.5146 		4.8308 		53.59
v -301.9374 		4.8308 		53.5773
v -301.623 		4.8308 		53.5149
v -245.079 		48.922 		40.742
v -466.498 		17.929 		27.1109
v -227.1487 		4.8305 		50.0397
v -466.516 		17.929 		27.3439
v -244.95 		49.141 		40.796
v -466.516 		17.932 		27.3439
v -466.498 		17.932 		27.1109
v -466.57 		17.929 		27.5709
v -466.57 		17.932 		27.5709
v -466.66 		17.929 		27.7869
v -466.66 		17.932 		27.7869
v -474.705 		48.092 		40.451
v -466.782 		17.929 		27.9859
v -466.782 		17.932 		27.9859
v -466.8097 		17.929 		28.0182
v -466.8098 		17.932 		28.0182
v -466.934 		17.929 		28.1637
v -466.934 		17.932 		28.1637
v -474.874 		47.666 		40.227
v -474.803 		47.306 		39.991
v -245.173 		48.824 		40.718
v -467.563 		23.439 		26.773
v -467.912 		23.439 		27.347
v -468.161 		23.439 		27.502
v -468.543 		23.439 		27.578
v -474.95 		48.058 		40.442
v -245.635 		49.14 		40.848
v -245.739 		49.046 		40.825
v -245.553 		21.068 		218.855
v -245.682 		49.091 		40.836
v -245.285 		48.735 		40.696
v -245.412 		48.657 		40.676
v -245.705 		21.015 		218.842
v -473.432 		47.297 		39.813
v -244.847 		20.895 		218.897
v -245.035 		20.779 		218.869
v -473.847 		47.154 		39.777
v -245.243 		20.682 		218.845
v -245.468 		20.605 		218.825
v -245.705 		20.548 		218.811
v -472.4912 		47.0324 		39.2279
v -472.7988 		46.8991 		39.2068
v -472.9864 		46.8178 		39.1939
v -473.035 		46.867 		39.286
v -472.564 		47.087 		39.34
v -245.468 		48.149 		40.465
v -245.243 		48.226 		40.484
v -241.6654 		20.3434 		220.2711
v -241.9337 		19.9304 		220.2056
v -241.8594 		20.0449 		220.2237
v -473.5129 		46.6482 		39.167
v -473.927 		46.5567 		39.1524
v -474.0623 		46.5267 		39.1477
v -245.553 		48.591 		40.66
v -474.079 		46.564 		39.21
v -245.705 		48.539 		40.647
v -473.543 		46.691 		39.242
v -473.3539 		46.6994 		39.1751
v -242.45 		20.222 		219.591
v -244.847 		48.439 		40.537
v -242.535 		19.74 		219.71
v -242.2783 		19.5436 		220.1442
v -242.368 		19.62 		219.932
v -241.932 		20.471 		219.891
v -467.912 		20.929 		27.347
v -473.217 		47.06 		39.554
v -245.035 		48.323 		40.508
v -467.712 		20.929 		27.133
v -467.619 		20.929 		26.96
v -467.9 		20.633 		27.328
v -491.52 		4.844 		206.8263
v -467.771 		20.634 		27.195
v -467.575 		20.508 		26.712
v -473.682 		46.899 		39.515
v -468.543 		20.929 		27.578
v -468.161 		20.929 		27.502
v -468.348 		20.929 		27.558
v -492.134 		4.844 		205.156
v -492.105 		4.844 		206.311
v -474.5076 		46.4688 		39.1385
v -492.679 		4.844 		206.821
v -492.446 		4.844 		206.704
v -474.635 		46.487 		39.191
v -492.011 		4.844 		205.963
v -474.173 		46.783 		39.486
v -492.03 		4.844 		205.466
v -474.682 		46.712 		39.468
v -469.96 		23.439 		25.161
v -467.543 		23.439 		26.578
v -242.199 		20.092 		219.797
v -467.543 		20.929 		26.578
v -493 		4.844 		206.877
v -443.437 		4.8348 		99.418
v -448.437 		4.8348 		99.418
v -241.738 		20.384 		220.121
v -443.437 		4.8335 		84.418
v -242.017 		19.988 		220.023
v -448.437 		4.8335 		84.418
v -451.1218 		7.8255 		41.7
v -451.239 		8.005 		41.7
v -451.0204 		7.6996 		41.7
v -450.7604 		7.46 		41.7
v -492.679 		4.844 		204.705
v -493 		4.844 		204.649
v -242.2348 		19.5925 		220.1519
v -243.395 		20.282 		219.185
v -474.285 		47.05 		39.752
v -488 		1.93 		204.1868
v -474.739 		46.987 		39.736
v -242.765 		20.376 		219.409
v -243.053 		20.074 		219.334
v -243.395 		19.801 		219.266
v -244.347 		47.728 		40.095
v -242.765 		19.893 		219.509
v -244.678 		47.574 		40.057
v -243.138 		19.595 		219.435
v -244.678 		48.012 		40.313
v -243.785 		48.121 		40.193
v -244.048 		47.912 		40.141
v -450.27 		7.16 		41.7
v -450.4278 		7.26 		41.7
v -488 		4.844 		204.649
v -450.0078 		7.0582 		41.7
v -449.7539 		6.9857 		41.7
v -448.7 		6.836 		41.7
v -448.8661 		6.8502 		41.7
v -474.6276 		46.4534 		39.136
v -453.0644 		8.8622 		41.7
v -475.0857 		46.4333 		39.1329
v -457.417 		12.172 		41.7
v -456.8572 		10.922 		41.7
v -457.1421 		11.4426 		41.7
v -457.289 		11.7969 		41.7
v -456.252 		10.155 		41.7
v -456.6237 		10.6177 		41.7
v -455.32 		9.44 		41.7
v -455.0568 		9.3241 		41.7
v -454.3261 		9.021 		41.7
v -453.657 		8.875 		41.7
v -453.9369 		8.9436 		41.7
v -243.564 		19.333 		219.371
v -452.681 		8.8622 		41.7
v -451.905 		8.99 		41.7
v -452.4922 		8.8998 		41.7
v -242.934 		19.423 		219.631
v -451.354 		8.395 		41.7
v -451.37 		9.172 		41.7
v -243.388 		19.144 		219.562
v -467.964 		20.047 		27.263
v -245.243 		47.784 		40.257
v -244.95 		47.885 		40.282
v -467.816 		20.194 		27.151
v -467.735 		20.056 		26.98
v -243.26 		18.997 		219.777
v -523.261 		33.222 		35.463
v -523.95 		33.127 		36.059
v -242.785 		19.288 		219.849
v -467.79 		19.516 		26.703
v -245.553 		47.71 		40.238
v -245.412 		47.361 		40.004
v -245.035 		47.45 		40.026
v -242.66 		19.2209 		220.093
v -302.9815 		4.8306 		51.178
v -242.695 		19.193 		220.086
v -467.662 		20.072 		26.813
v -301.2913 		4.8306 		50.6186
v -301.683 		4.8306 		50.9195
v -457.532 		13.924 		41.7
v -457.227 		15.059 		41.7
v -243.182 		18.894 		220.012
v -456.64 		16.076 		41.7
v -301.7097 		4.8306 		50.9363
v -302.4088 		4.8306 		51.1737
v -457.551 		13.044 		41.7
v -242.6947 		19.1925 		220.0884
v -455.809 		16.908 		41.7
v -455.4797 		17.1282 		41.7
v -451.7231 		17.623 		41.7
v -451.7049 		17.6165 		41.7
v -451.37 		17.502 		41.7
v -452.0938 		17.7226 		41.7
v -243.1791 		18.8877 		220.0401
v -242.7 		19.1892 		220.0879
v -454.4169 		17.623 		41.7
v -454.0463 		17.7226 		41.7
v -455.1476 		17.3199 		41.7
v -453.2617 		17.8256 		41.7
v -452.8783 		17.8256 		41.7
v -307.406 		4.8305 		50.13
v -307.171 		4.8306 		51.089
v -243.2455 		18.856 		220.035
v -476.365 		51.385 		41.003
v -306.075 		4.8306 		51.407
v -476.722 		51.262 		40.972
v -304.499 		4.8308 		53.042
v -431.7323 		7.0582 		41.7
v -306.436 		4.8306 		50.512
v -430.9211 		7.5205 		41.7
v -431.0524 		7.406 		41.7
v -303.6807 		4.8306 		50.9405
v -430.661 		7.76 		41.7
v -431.1374 		7.36 		41.7
v -431.47 		7.16 		41.7
v -431.9315 		6.994 		41.7
v -432.0403 		6.9774 		41.7
v -432.1521 		6.9715 		41.7
v -304.1469 		4.8308 		53.217
v -433.04 		6.836 		41.7
v -303.924 		4.8308 		53.3159
v -475.988 		51.474 		41.025
v -304.196 		4.8309 		54.154
v -467.865 		19.493 		26.862
v -475.597 		51.529 		41.039
v -468.663 		19.715 		27.428
v -468.563 		20.439 		27.554
v -245.705 		48.092 		40.451
v -303.3084 		13.581 		51.0982
v -303.3736 		13.581 		51.0761
v -223.967 		4.8303 		48.072
v -224.518 		4.8304 		48.76
v -307.449 		4.8305 		49.478
v -306.561 		4.8305 		49.704
v -303.7059 		4.8306 		50.9281
v -304.0455 		4.8306 		50.6622
v -223.2424 		4.8302 		46.1874
v -223.5356 		4.8303 		47.2785
v -430.4879 		8.0395 		41.7
v -430.6051 		7.86 		41.7
v -303.821 		13.581 		50.8485
v -303.8311 		13.581 		50.8406
v -223.543 		4.8303 		47.3
v -304.5955 		4.8305 		49.7994
v -224.5745 		4.8304 		48.7977
v -430.3212 		9.1942 		41.7
v -304.0713 		4.8306 		50.6384
v -304.2639 		13.581 		50.4413
v -304.2669 		13.581 		50.4386
v -430.37 		9.218 		41.7
v -430.3817 		8.6151 		41.7
v -430.3817 		8.4306 		41.7
v -430.2009 		9.149 		41.7
v -304.4242 		4.8305 		50.2117
v -223.2216 		4.8301 		45.2645
v -304.2761 		13.581 		50.4274
v -304.2896 		13.581 		50.4111
v -223.2191 		4.8301 		45.2824
v -303.7845 		13.581 		50.8728
v -304.5737 		4.8305 		49.8721
v -304.59 		4.8305 		49.841
v -223.2374 		4.8302 		46.1293
v -304.3137 		13.581 		50.3671
v -304.5881 		13.581 		49.8446
v -304.5904 		13.581 		49.8377
v -304.3037 		13.581 		50.3899
v -519.914 		33.439 		34.094
v -519 		33.448 		34.034
v -229.0119 		4.8302 		46.143
v -228.9888 		4.8302 		46.2222
v -301.384 		13.581 		47.699
v -301.3473 		13.581 		47.7432
v -302.677 		13.581 		47.2015
v -302.723 		13.581 		47.2015
v -475.2 		51.547 		41.043
v -468.219 		19.775 		27.341
v -301.8632 		13.581 		47.396
v -301.4119 		13.581 		47.6786
v -301.9284 		13.581 		47.3738
v -468.131 		20.347 		27.439
v -243.785 		47.262 		39.604
v -244.432 		47.297 		39.813
v -301.796 		4.83 		44.52
v -302.775 		4.83 		44.499
v -244.048 		47.477 		39.858
v -303.0601 		4.83 		44.5429
v -301.217 		4.8298 		41.7
v -243.785 		19.562 		219.206
v -301.2447 		4.8301 		45.4219
v -301.5592 		4.8301 		45.3595
v -302.13 		4.8301 		45.272
v -302.947 		4.8301 		45.29
v -468.019 		19.76 		27.206
v -301.384 		4.8303 		47.699
v -244.847 		47.154 		39.777
v -468.453 		19.807 		27.431
v -243.785 		18.751 		219.716
v -468.338 		19.503 		27.298
v -243.7168 		18.6304 		219.9992
v -243.721 		18.642 		219.949
v -244.352 		18.556 		219.667
v -521.679 		33.365 		34.561
v -303.0008 		4.8303 		47.2305
v -302.9469 		4.8303 		47.2161
v -302.4531 		4.8303 		47.2161
v -301.7096 		4.8303 		47.4637
v -301.683 		4.8303 		47.4804
v -302.4088 		4.8303 		47.2263
v -476.157 		51.015 		41.059
v -468.374 		20.364 		27.526
v -244.303 		18.442 		219.9
v -304.596 		13.581 		48.5802
v -304.4519 		13.581 		48.2538
v -304.3197 		13.581 		48.0551
v -475.847 		51.089 		41.077
v -243.8426 		18.5861 		219.9922
v -304.287 		13.581 		47.982
v -303.7365 		13.581 		47.4961
v -303.7 		13.581 		47.468
v -475.526 		51.133 		41.088
v -468.088 		19.479 		27.135
v -303.6348 		13.581 		47.4459
v -304.2717 		13.581 		47.9647
v -304.683 		13.581 		49.1371
v -304.689 		13.581 		49.0461
v -475.2 		51.148 		41.092
v -304.3169 		4.8301 		44.869
v -303.9617 		4.8301 		44.7221
v -244.217 		19.36 		219.156
v -307.342 		4.8304 		48.505
v -244.035 		19.113 		219.316
v -475.45 		50.712 		41.101
v -305.3321 		4.8301 		45.4038
v -304.949 		4.8301 		45.147
v -305.984 		4.8302 		45.942
v -467.952 		19.22 		26.783
v -305.6369 		4.8301 		45.6379
v -306.597 		4.8302 		46.706
v -244.543 		18.938 		219.272
v -475.2 		50.724 		41.104
v -243.89 		18.909 		219.504
v -468.813 		19.131 		27.241
v -303.742 		4.8301 		45.484
v -304.2697 		4.8301 		45.7168
v -304.5569 		4.8302 		45.8588
v -304.8772 		4.8302 		46.0725
v -305.118 		4.8302 		46.2837
v -305.535 		4.8302 		46.683
v -307.068 		4.8303 		47.564
v -244.432 		18.722 		219.457
v -306.019 		4.8303 		47.343
v -306.349 		4.8303 		48.092
v -306.543 		4.8304 		48.886
v -304.6543 		4.8304 		48.7964
v -304.6458 		4.8304 		48.7771
v -476.157 		50.545 		41.059
v -243.4912 		47.0324 		39.2279
v -475.932 		50.622 		41.079
v -243.564 		47.087 		39.34
v -245.635 		18.733 		219.222
v -475.695 		50.678 		41.093
v -245.079 		18.811 		219.241
v -245.004 		18.586 		219.423
v -475.535 		50.249 		41.072
v -245.597 		18.504 		219.403
v -475.369 		50.272 		41.077
v -243.7988 		46.8991 		39.2068
v -243.9864 		46.8178 		39.1939
v -244.035 		46.867 		39.286
v -304.638 		4.8304 		48.7654
v -304.287 		4.8303 		47.982
v -475.695 		50.211 		41.062
v -244.3539 		46.6994 		39.1751
v -244.5129 		46.6482 		39.167
v -244.543 		46.691 		39.242
v -304.0917 		4.8303 		47.7689
v -303.7 		4.8303 		47.468
v -244.217 		47.06 		39.554
v -304.1233 		4.8303 		47.7966
v -304.6598 		4.8304 		48.824
v -475.2 		50.28 		41.079
v -244.682 		46.899 		39.515
v -522.5 		33.301 		34.961
v -315.481 		4.8319 		65.438
v -316.188 		4.8318 		64.731
v -317.793 		4.8317 		63.126
v -318.5 		4.8316 		62.419
v -520.812 		33.411 		34.27
v -318.0239 		4.8306 		50.8633
v -318.1721 		4.8306 		51.3
v -317.9491 		4.8306 		50.487
v -318.3417 		4.8307 		51.6439
v -244.2987 		18.426 		219.9668
v -245.285 		47.05 		39.752
v -244.927 		46.5567 		39.1524
v -245.0622 		46.5267 		39.1477
v -319.4084 		4.8307 		51.8742
v -244.95 		18.414 		219.632
v -319.2662 		4.8307 		51.6799
v -318.9261 		4.8306 		50.9912
v -318.829 		4.8306 		50.771
v -318.7719 		4.8306 		50.5369
v -318.6223 		4.8305 		49.7841
v -318.617 		4.8305 		49.5435
v -317.8292 		4.8305 		49.574
v -468.363 		19.224 		27.181
v -319.287 		4.8308 		53.013
v -245.57 		18.327 		219.611
v -318.674 		4.8307 		52.25
v -468.583 		19.267 		27.275
v -430.4037 		8.3252 		41.7
v -429.157 		8.875 		41.7
v -429.9214 		9.0804 		41.7
v -428.57 		8.837 		41.7
v -245.079 		46.564 		39.21
v -427.405 		8.99 		41.7
v -244.917 		18.296 		219.863
v -426.4924 		9.3551 		41.7
v -426.6743 		9.2931 		41.7
v -426.1603 		9.5468 		41.7
v -428.1747 		17.8124 		41.7
v -427.7943 		17.7624 		41.7
v -426.1603 		17.1282 		41.7
v -245.553 		18.207 		219.841
v -245.5076 		46.4688 		39.1385
v -426.4924 		17.3199 		41.7
v -426.6743 		17.3819 		41.7
v -244.917 		18.296 		219.863
v -244.917 		18.296 		219.863
v -429.9214 		17.5946 		41.7
v -429.157 		17.8 		41.7
v -245.635 		46.487 		39.191
v -430.37 		17.456 		41.7
v -430.3212 		17.4804 		41.7
v -428.9653 		17.8124 		41.7
v -245.173 		46.783 		39.486
v -244.917 		18.296 		219.863
v -245.682 		46.712 		39.468
v -228.7842 		4.8302 		46.5473
v -228.6175 		4.8302 		46.7067
v -228.4577 		4.8302 		46.8235
v -228.0221 		4.8303 		46.9711
v -227.8681 		4.8303 		46.9811
v -227.638 		4.8303 		46.9915
v -227.5957 		4.8303 		46.9804
v -226.8648 		4.8302 		46.5874
v -226.8343 		4.8302 		46.5683
v -226.8062 		4.8302 		46.5299
v -226.6233 		4.8302 		46.2374
v -226.5164 		4.8302 		45.8308
v -226.503 		4.8301 		45.769
v -226.5084 		4.8301 		45.538
v -226.6099 		4.8301 		45.2084
v -228.9328 		4.8301 		45.06
v -229.0804 		4.8301 		45.4957
v -229.0916 		4.8301 		45.538
v -229.1015 		4.8301 		45.692
v -227.16 		4.8302 		46.8328
v -244.9135 		18.2765 		219.943
v -244.473 		18.3836 		219.9601
v -245.739 		46.987 		39.736
v -227.792 		4.8303 		47.0014
v -245.5509 		18.1853 		219.9286
v -245.1249 		18.2462 		219.9382
v -322.3789 		13.581 		51.0939
v -322.4041 		13.581 		51.0989
v -321.0322 		13.581 		49.5104
v -321.0166 		13.581 		49.4322
v -322.9293 		13.581 		51.1874
v -322.9805 		13.581 		51.1825
v -321.2597 		13.581 		50.1802
v -245.6276 		46.4534 		39.136
v -321.4726 		13.581 		50.4723
v -321.4891 		13.581 		50.5017
v -321.5069 		13.581 		50.5219
v -243.7 		20.039 		219.125
v -321.263 		13.581 		50.1868
v -228.5863 		4.8302 		46.7374
v -321.8034 		13.581 		50.7983
v -322.3437 		13.581 		51.082
v -321.5249 		13.581 		50.5399
v -321.746 		13.581 		50.7524
v -247.365 		51.385 		41.003
v -324.0435 		13.581 		50.9001
v -324.3021 		13.581 		50.7102
v -324.6671 		13.581 		50.2946
v -324.8878 		13.581 		49.8454
v -246.988 		51.474 		41.025
v -324.8986 		13.581 		49.7787
v -324.9915 		13.581 		49.3128
v -247.722 		51.262 		40.972
v -324.8905 		13.581 		49.8376
v -226.5036 		4.8301 		45.793
v -476.718 		50.2 		40.974
v -476.553 		50.332 		41.007
v -244.048 		20.303 		219.016
v -476.968 		50.636 		40.965
v -221.998 		4.8297 		41.103
v -224.9397 		4.8298 		42.0284
v -224.324 		4.8299 		42.617
v -476.45 		50.914 		41.034
v -244.347 		20.12 		218.97
v -223.8204 		4.8299 		43.3042
v -476.365 		50.447 		41.035
v -476.722 		50.787 		41.002
v -244.678 		20.439 		218.902
v -223.5473 		4.83 		43.8472
v -223.5347 		4.83 		43.8843
v -223.3511 		4.83 		44.4227
v -468.211 		18.939 		26.888
v -468.218 		18.69 		26.651
v -244.678 		19.965 		218.932
v -224.9736 		4.8298 		42.0003
v -244.048 		19.826 		219.072
v -223.7986 		4.8299 		43.3368
v -468.559 		18.703 		26.964
v -244.432 		19.646 		219.028
v -468.173 		19.205 		27.048
v -246.597 		51.529 		41.039
v -468.381 		18.681 		26.835
v -227.6726 		4.83 		44.4141
v -227.7271 		4.83 		44.4033
v -228.1446 		4.83 		44.4558
v -228.18 		4.83 		44.4618
v -228.429 		4.83 		44.5623
v -228.4698 		4.83 		44.587
v -228.9018 		4.8301 		45.019
v -246.2 		51.547 		41.043
v -226.7421 		4.8301 		44.9738
v -226.943 		4.8301 		44.723
v -227.266 		4.83 		44.521
v -245.803 		51.529 		41.039
v -228.765 		4.8301 		44.8324
v -226.767 		4.8301 		44.907
v -468.762 		18.752 		27.062
v -323.6178 		13.581 		51.0951
v -323.6399 		13.581 		51.0875
v -323.9516 		13.581 		50.95
v -469.016 		18.573 		26.987
v -226 		4.8297 		41.103
v -323.9754 		13.581 		50.9411
v -324.3237 		13.581 		50.6912
v -324.6498 		13.581 		50.3206
v -425.5327 		10.0283 		41.7
v -425.2613 		10.2997 		41.7
v -424.7798 		10.9273 		41.7
v -226 		4.8298 		41.4129
v -424.673 		11.087 		41.7
v -225.9966 		4.8298 		41.4137
v -424.4339 		11.6305 		41.7
v -226 		4.9288 		41.4125
v -424.287 		11.9848 		41.7
v -424.109 		13.924 		41.7
v -424.089 		13.044 		41.7
v -225.9566 		4.8298 		41.432
v -424.1858 		14.3133 		41.7
v -424.285 		14.6839 		41.7
v -424.5881 		15.4146 		41.7
v -424.7798 		15.7467 		41.7
v -425.2613 		16.375 		41.7
v -469.218 		18.152 		26.735
v -245.035 		19.842 		218.901
v -468.756 		18.394 		26.825
v -244.847 		19.503 		218.992
v -229.422 		4.8305 		49.735
v -244.95 		20.312 		218.87
v -245.243 		20.211 		218.845
v -467.111 		17.932 		28.3157
v -467.111 		17.929 		28.3157
v -467.311 		17.932 		28.4377
v -467.311 		17.929 		28.4377
v -230.4049 		4.8304 		49.1677
v -467.526 		17.932 		28.5269
v -467.3503 		17.932 		28.4542
v -467.3502 		17.929 		28.4541
v -467.526 		17.929 		28.5269
v -467.5676 		17.929 		28.5368
v -467.5676 		17.932 		28.5368
v -324.0398 		4.8308 		53.4036
v -323.8019 		4.8308 		53.4404
v -467.754 		17.932 		28.5817
v -467.754 		17.929 		28.5817
v -245.553 		20.138 		218.827
v -324.3362 		4.8308 		53.2808
v -467.986 		17.932 		28.5997
v -467.986 		17.929 		28.5997
v -324.2506 		4.8309 		54.262
v -324.571 		4.8309 		54.154
v -321.177 		4.8308 		53.29
v -321.4873 		4.8308 		53.373
v -322.17 		4.8309 		54.435
v -322.8608 		4.8309 		54.4505
v -322.2827 		4.8308 		53.5399
v -322.0419 		4.8308 		53.5346
v -323.2409 		4.8308 		53.5773
v -322.8564 		4.8308 		53.6027
v -467.567 		20.439 		26.558
v -323.245 		4.8309 		54.4505
v -323.5676 		4.8309 		54.3678
v -467.618 		20.075 		26.518
v -321.528 		4.8309 		54.307
v -468.079 		18.682 		26.149
v -320.616 		4.8309 		53.953
v -319.779 		4.8308 		53.444
v -424.1328 		12.7592 		41.7
v -425.5327 		16.6467 		41.7
v -468.016 		18.97 		26.616
v -468.093 		18.729 		26.443
v -467.934 		19.017 		26.416
v -467.726 		19.596 		26.432
v -524.553 		32.952 		36.728
v -230.4538 		4.8304 		49.135
v -468.299 		18.395 		26.365
v -231.257 		4.8304 		48.3318
v -475.285 		49.821 		41.017
v -524.39 		33.048 		36.555
v -475.369 		49.81 		41.014
v -468.432 		18.363 		26.557
v -468.881 		18.082 		26.607
v -231.2826 		4.8304 		48.2959
v -231.8499 		4.8303 		47.3129
v -232.0335 		4.8302 		46.7746
v -232.0521 		4.8302 		46.704
v -232.1623 		4.8302 		46.1453
v -473.3504 		18.0097 		26.6225
v -232.1816 		4.8301 		45.2938
v -473.4558 		18.2031 		26.7655
v -232.229 		4.8299 		43.478
v -232.229 		4.837 		43.478
v -473.534 		18.3495 		26.8531
v -473.5612 		18.3871 		26.8756
v -232.0521 		4.83 		44.452
v -232.047 		4.83 		44.413
v -245.412 		19.752 		218.879
v -473.5765 		18.4084 		26.888
v -473.7178 		18.605 		27.0031
v -231.6121 		4.8299 		43.3643
v -230.9218 		4.8298 		41.7
v -231.296 		4.8299 		42.8907
v -231.27 		4.8299 		42.838
v -231.257 		4.8299 		42.8232
v -246.526 		51.133 		41.088
v -231.2258 		4.8299 		42.7993
v -230.4226 		4.8298 		41.9971
v -246.2 		51.148 		41.092
v -245.874 		51.133 		41.088
v -473.8242 		18.7557 		27.0718
v -473.8758 		18.8112 		27.0971
v -474.0389 		18.9865 		27.1769
v -496 		27.929 		36.1959
v -229.9784 		4.8298 		41.7
v -246.45 		50.712 		41.101
v -320.46 		4.8308 		52.897
v -320.0098 		4.8307 		52.535
v -319.769 		4.8307 		52.3236
v -475.2 		49.825 		41.018
v -246.2 		50.724 		41.104
v -492.61 		33.448 		34.034
v -474.999 		19.741 		27.4315
v -475.0713 		19.776 		27.4394
v -474.8912 		19.6705 		27.4157
v -245.95 		50.712 		41.101
v -244.682 		19.2 		219.117
v -474.6328 		19.5043 		27.3605
v -245.173 		19.083 		219.088
v -245.682 		19.012 		219.07
v -474.5631 		19.4594 		27.3462
v -474.6298 		19.5024 		27.3599
v -474.1741 		19.131 		27.241
v -474.2299 		19.1781 		27.2561
v -245.285 		19.399 		218.966
v -474.17 		19.1276 		27.2395
v -321.0132 		4.8304 		49.1526
v -245.739 		19.336 		218.951
v -475.597 		49.731 		40.995
v -473.4642 		17.929 		28.5997
v -473.4656 		17.932 		28.5997
v -475.526 		49.764 		41.003
v -246.695 		50.678 		41.093
v -246.695 		50.211 		41.062
v -475.45 		49.79 		41.009
v -246.535 		50.249 		41.072
v -246.031 		50.272 		41.077
v -246.2 		50.28 		41.079
v -245.865 		50.249 		41.072
v -246.369 		50.272 		41.077
v -321.1797 		4.8305 		49.9908
v -321.1933 		4.8305 		50.0306
v -321.2057 		4.8305 		50.0477
v -321.4177 		4.8306 		50.4233
v -476.115 		50.015 		41.013
v -475.988 		50.093 		41.033
v -322.359 		4.8306 		51.09
v -322.8425 		4.8306 		51.1856
v -322.8735 		4.8306 		51.1908
v -323.4232 		4.8306 		51.1387
v -323.4613 		4.8306 		51.1335
v -469.96 		23.439 		24.161
v -469.26 		23.439 		24.161
v -323.4806 		4.8306 		51.125
v -247.808 		25.71 		221.123
v -321.782 		4.8306 		50.787
v -247.321 		24.662 		220.693
v -321.7668 		4.8306 		50.7724
v -327.545 		4.8306 		51.089
v -246.765 		24.74 		220.713
v -326.449 		4.8306 		51.407
v -477.01 		20.494 		27.559
v -324.873 		4.8308 		53.042
v -324.8704 		4.8308 		53.0438
v -326.935 		4.8305 		49.704
v -326.81 		4.8306 		50.512
v -326.7585 		4.8306 		50.6642
v -326.5038 		4.8306 		51.2957
v -324 		4.8306 		50.932
v -324.316 		4.8306 		50.7
v -246.803 		24.911 		220.994
v -247.396 		24.829 		220.973
v -246.8032 		24.912 		220.9963
v -247.3747 		24.8365 		220.9843
v -492 		27.929 		36.1959
v -492 		28.7851 		36.3317
v -247.3981 		24.8334 		220.9838
v -475.847 		50.159 		41.049
v -492 		28.251 		36.401
v -492 		28.7851 		36.4825
v -246.1985 		24.9392 		221.0007
v -246.2 		24.9393 		221.0007
v -246.2 		24.939 		221
v -246.2 		24.766 		220.719
v -475.661 		49.691 		40.985
v -491.592 		32.86 		33.941
v -491.889 		33.153 		33.988
v -478.532 		19.9674 		27.4785
v -478.6044 		19.9321 		27.473
v -478.6112 		19.9288 		27.4725
v -478.036 		20.1337 		27.5039
v -478.1125 		20.108 		27.5
v -477.5222 		20.2348 		27.5191
v -477.6013 		20.2192 		27.5168
v -477 		20.2689 		27.5238
v -477.0807 		20.2636 		27.5231
v -476.4771 		20.235 		27.518
v -476.5577 		20.2402 		27.5189
v -475.964 		20.134 		27.5016
v -476.0433 		20.1496 		27.5041
v -491.337 		32.859 		32.319
v -475.468 		19.968 		27.4751
v -475.5445 		19.9936 		27.4792
v -475.2383 		19.8563 		27.4574
v -475.765 		49.597 		40.961
v -475.718 		49.647 		40.974
v -246.798 		24.9122 		220.9964
v -479.001 		19.7412 		27.4301
v -479.0681 		19.6975 		27.4202
v -247.968 		24.693 		220.939
v -479.1557 		19.6401 		27.4072
v -247.9749 		24.7021 		220.963
v -476.321 		49.828 		40.967
v -247.9253 		24.7135 		220.9648
v -476.227 		49.926 		40.991
v -324.66 		4.8305 		50.309
v -324.89 		4.8305 		49.841
v -324.9818 		4.8304 		49.173
v -319.488 		4.8298 		41.7
v -318.348 		4.8303 		47.271
v -318.2435 		4.8303 		47.5398
v -319.072 		4.8302 		46.188
v -247.227 		24.444 		220.418
v -247.718 		24.327 		220.389
v -318.6297 		4.8304 		48.9664
v -522.464 		54.085 		42.372
v -522.001 		54.184 		41.748
v -475.2 		52.75 		40.508
v -475.803 		52.723 		40.501
v -246.2 		24.538 		220.442
v -246.661 		24.24 		220.168
v -261.84 		11.546 		41.7
v -246.718 		24.515 		220.436
v -475.2 		52.519 		40.689
v -475.765 		52.493 		40.682
v -246.2 		24.261 		220.173
v -261.84 		11.546 		39.798
v -275.3456 		4.8377 		132.0918
v -275.7779 		4.8376 		131.5019
v -275.0659 		4.8377 		132.3945
v -274.5055 		4.8376 		131.0993
v -475.2 		52.238 		40.84
v -522.966 		53.853 		43.832
v -247.157 		51.015 		41.059
v -246.847 		51.089 		41.077
v -247.45 		50.914 		41.034
v -247.722 		50.787 		41.002
v -523 		53.771 		44.347
v -522.78 		53.972 		43.08
v -246.932 		50.622 		41.079
v -247.157 		50.545 		41.059
v -247.365 		50.447 		41.035
v -522.78 		53.972 		43.08
v -522.78 		53.972 		43.08
v -522.78 		53.972 		43.08
v -247.718 		50.2 		40.974
v -270.391 		4.8377 		132.447
v -247.553 		50.332 		41.007
v -274.3185 		4.8378 		133.0463
v -522.78 		53.972 		43.08
v -274.244 		4.8378 		133.096
v -272.696 		4.8377 		132.413
v -274.2635 		4.8376 		131.3748
v -273.4217 		4.8377 		132.0823
v -272.9184 		4.8377 		132.3033
v -274.147 		4.8376 		131.52
v -274.0018 		4.8376 		131.6365
v -272.7553 		4.8377 		132.393
v -270.391 		4.8378 		133.801
v -272.696 		4.8378 		133.781
v -272.744 		4.8378 		133.772
v -475.8391 		52.9633 		40.1693
v -475.83 		52.899 		40.293
v -519.914 		54.859 		37.493
v -519 		54.869 		37.434
v -475.5494 		52.9771 		40.1715
v -475.2 		52.9942 		40.1742
v -475.2 		52.928 		40.3
v -520.035 		54.377 		40.532
v -519 		54.398 		40.397
v -476.115 		51.828 		40.938
v -475.718 		52.214 		40.834
v -475.661 		51.891 		40.953
v -523.261 		54.642 		38.863
v -523.95 		54.547 		39.459
v -475.2 		51.912 		40.959
v -522.5 		54.722 		38.36
v -521.679 		54.785 		37.96
v -520.812 		54.831 		37.67
v -477.0703 		52.7228 		40.1311
v -477.048 		52.671 		40.237
v -476.7607 		52.7996 		40.1433
v -476.4667 		52.8728 		40.1549
v -476.45 		52.813 		40.272
v -476.396 		52.64 		40.481
v -476.968 		52.504 		40.447
v -476.857 		52.288 		40.631
v -476.321 		52.416 		40.663
v -476.1702 		52.9157 		40.1617
v -476.718 		52.027 		40.787
v -476.227 		52.143 		40.816
v -525.467 		54.191 		41.702
v -477.183 		51.866 		40.748
v -525.062 		54.32 		40.891
v -476.553 		51.724 		40.912
v -524.553 		54.439 		40.139
v -476.968 		51.581 		40.876
v -500.402 		53.2348 		40.2124
v -500.402 		53.235 		40.211
v -318.6921 		4.8304 		48.6522
v -318.829 		4.8303 		48.092
v -319.159 		4.8303 		47.343
v -317.9102 		4.8304 		48.5992
v -317.904 		4.8304 		48.8875
v -317.9478 		4.8304 		48.4105
v -246.2 		23.938 		219.918
v -246.2 		23.576 		219.68
v -246.526 		23.561 		219.677
v -520.812 		25.277 		223.85
v -246.597 		23.92 		219.913
v -519.914 		25.249 		224.027
v -519 		25.239 		224.086
v -245.874 		23.561 		219.677
v -521.679 		25.323 		223.56
v -522.5 		25.386 		223.16
v -245.803 		23.92 		219.913
v -270.244 		4.8378 		133.772
v -269.5092 		4.8377 		131.9968
v -269.3134 		4.8377 		131.9132
v -269.21 		4.8377 		131.844
v -268.0203 		4.8377 		132.5235
v -268.6072 		4.8378 		132.9916
v -267.2259 		4.8376 		131.4874
v -247.365 		23.776 		219.878
v -247.722 		23.653 		219.847
v -247.553 		24.073 		220.126
v -268.744 		4.8378 		133.096
v -268.679 		4.8376 		131.335
v -268.5688 		4.8376 		131.185
v -267.2991 		4.8376 		131.6361
v -267.5626 		4.8377 		131.953
v -247.115 		24.177 		220.152
v -246.988 		23.866 		219.9
v -272.744 		4.8392 		149.433
v -274.244 		4.8392 		149.433
v -246.2 		49.825 		41.018
v -268.744 		4.8392 		149.433
v -270.244 		4.8392 		149.433
v -246.115 		49.821 		41.017
v -246.031 		49.81 		41.014
v -245.95 		49.79 		41.009
v -245.874 		49.764 		41.003
v -245.803 		49.731 		40.995
v -321.2744 		13.581 		48.1904
v -321.1304 		13.581 		48.5168
v -321.11 		13.581 		48.558
v -323.131 		13.581 		47.208
v -322.359 		13.581 		47.31
v -322.3925 		13.581 		47.3018
v -321.5644 		13.581 		47.8129
v -321.6086 		13.581 		47.7682
v -246.45 		23.168 		219.462
v -246.695 		23.134 		219.453
v -321.0166 		13.581 		48.9563
v -246.2 		23.18 		219.465
v -322.3134 		13.581 		47.3342
v -321.9861 		13.581 		47.4782
v -246.661 		49.691 		40.985
v -246.597 		49.731 		40.995
v -246.285 		49.821 		41.017
v -246.526 		49.764 		41.003
v -246.45 		49.79 		41.009
v -246.369 		49.81 		41.014
v -246.718 		49.647 		40.974
v -246.765 		49.597 		40.961
v -269.581 		4.837 		124.314
v -269.2944 		4.837 		124.4792
v -268.6531 		4.837 		124.8301
v -480.1751 		18.7554 		27.0738
v -267.1273 		4.8372 		126.5072
v -480.1167 		18.8184 		27.1025
v -267.3983 		4.8372 		126.1011
v -267.9033 		4.8371 		125.4593
v -267.5815 		4.8371 		125.8267
v -268.4736 		4.8371 		125.0017
v -268.5688 		4.8372 		126.5483
v -268.679 		4.8372 		126.398
v -269.21 		4.8371 		125.89
v -269.838 		4.8371 		125.508
v -270.0116 		4.8371 		125.4406
v -266.754 		4.8373 		127.4076
v -266.875 		4.8376 		130.846
v -479.4362 		19.4592 		27.3475
v -479.4962 		19.4084 		27.3307
v -479.5904 		19.3293 		27.3045
v -266.5529 		4.8375 		129.6671
v -266.6227 		4.8375 		129.9052
v -266.5097 		4.8374 		128.6889
v -266.5365 		4.8374 		128.9354
v -479.8259 		19.131 		27.241
v -267.8332 		4.8375 		129.6581
v -267.7734 		4.8374 		129.113
v -267.8332 		4.8373 		128.0752
v -267.7734 		4.8374 		128.621
v -268.1626 		4.8375 		130.5787
v -268.0676 		4.8375 		130.3494
v -267.741 		4.8374 		128.867
v -479.8824 		19.0713 		27.2146
v -268.0676 		4.8373 		127.3846
v -268.1626 		4.8372 		127.1553
v -479.83 		19.1276 		27.2395
v -269.668 		4.8373 		127.8
v -269.4751 		4.8373 		128.3191
v -269.4665 		4.8373 		128.3386
v -266.664 		4.8373 		127.639
v -266.6209 		4.8373 		127.9669
v -246.988 		50.093 		41.033
v -246.847 		50.159 		41.049
v -480.466 		18.3497 		26.8517
v -480.519 		18.25 		26.7955
v -480.4081 		18.4303 		26.8971
v -247.227 		49.926 		40.991
v -247.115 		50.015 		41.013
v -480.25 		18.6494 		27.0255
v -247.321 		49.828 		40.967
v -480.2183 		18.6942 		27.0459
v -480.5956 		18.1083 		26.699
v -480.6489 		18.0111 		26.6235
v -477.053 		51.107 		40.934
v -477.183 		50.464 		40.922
v -247.968 		50.636 		40.965
v -523.95 		25.561 		222.061
v -523.261 		25.466 		222.657
v -246.765 		52.493 		40.682
v -246.2 		52.519 		40.689
v -246.2 		52.75 		40.508
v -246.5494 		52.9771 		40.1715
v -246.2 		52.9942 		40.1742
v -246.2 		52.928 		40.3
v -245.9118 		52.9804 		40.172
v -246.2 		52.238 		40.84
v -269.5049 		4.8374 		129.4203
v -269.5186 		4.8374 		129.4606
v -270.257 		4.8375 		130.423
v -270.2697 		4.8375 		130.4403
v -270.3165 		4.8372 		127.1275
v -321.0252 		13.581 		48.9054
v -323.0964 		13.581 		47.2088
v -324.5448 		13.581 		47.943
v -324.5794 		13.581 		47.9734
v -324.0096 		13.581 		47.4744
v -323.6832 		13.581 		47.3303
v -323.642 		13.581 		47.31
v -324.9678 		13.581 		48.8896
v -324.883 		13.581 		48.5422
v -324.9834 		13.581 		48.9563
v -324.6068 		13.581 		48.017
v -475.2 		49.367 		40.922
v -319.779 		4.8301 		45.511
v -321.177 		4.8301 		45.572
v -321.9206 		4.8301 		45.373
v -320.46 		4.8302 		45.966
v -322.1521 		4.8301 		45.3056
v -322.4719 		4.8301 		45.2847
v -321.3371 		4.8303 		48.0969
v -321.3286 		4.8304 		48.1161
v -321.11 		4.8304 		48.558
v -319.4998 		4.8302 		46.8773
v -319.695 		4.8302 		46.6223
v -320.2721 		4.8302 		46.1165
v -451.239 		8.005 		38.887
v -451.152 		7.8717 		38.887
v -450.9791 		7.6569 		38.887
v -323.049 		4.8301 		45.272
v -450.786 		7.4791 		38.887
v -450.5391 		7.3306 		38.887
v -450.27 		7.16 		38.887
v -323.131 		4.8303 		47.208
v -450.0753 		7.0844 		38.887
v -449.6425 		6.9608 		38.887
v -448.9832 		6.8602 		38.887
v -448.7 		6.836 		38.887
v -322.7185 		4.8303 		47.222
v -322.359 		4.8303 		47.31
v -453.1881 		8.8649 		38.887
v -457.417 		12.172 		38.887
v -321.8282 		4.8303 		47.5949
v -457.1055 		11.3683 		38.887
v -321.3542 		4.8303 		48.0746
v -456.8802 		10.9565 		38.887
v -457.3158 		11.8752 		38.887
v -456.5461 		10.521 		38.887
v -456.252 		10.155 		38.887
v -321.0132 		4.8304 		49.1244
v -455.32 		9.44 		38.887
v -454.9435 		9.2741 		38.887
v -454.3654 		9.0344 		38.887
v -321.8698 		4.8303 		47.5692
v -321.8505 		4.8303 		47.5778
v -454.0574 		8.9731 		38.887
v -453.657 		8.875 		38.887
v -452.6396 		8.8649 		38.887
v -452.3696 		8.9186 		38.887
v -451.905 		8.99 		38.887
v -321.105 		4.8304 		48.5785
v -451.354 		8.395 		38.887
v -451.37 		9.172 		38.887
v -457.227 		15.059 		38.887
v -457.532 		13.924 		38.887
v -456.64 		16.076 		38.887
v -322.7601 		4.8303 		47.2165
v -457.551 		13.044 		38.887
v -455.5485 		17.0822 		38.887
v -455.809 		16.908 		38.887
v -451.37 		17.502 		38.887
v -451.6187 		17.5871 		38.887
v -451.6448 		17.5962 		38.887
v -452.175 		17.7387 		38.887
v -453.965 		17.7387 		38.887
v -454.4952 		17.5962 		38.887
v -455.0733 		17.3565 		38.887
v -452.7957 		17.8202 		38.887
v -453.3442 		17.8202 		38.887
v -325.595 		4.8301 		45.329
v -326.358 		4.8302 		45.942
v -326.971 		4.8302 		46.706
v -431.6647 		7.0844 		38.887
v -431.078 		7.3869 		38.887
v -430.8541 		7.5821 		38.887
v -430.661 		7.76 		38.887
v -431.47 		7.16 		38.887
v -431.223 		7.3085 		38.887
v -323.619 		4.8301 		45.3595
v -323.9333 		4.8301 		45.4219
v -324.298 		4.8301 		45.5461
v -324.5851 		4.8301 		45.688
v -325.2512 		4.8302 		46.0725
v -432.1901 		6.9467 		38.887
v -325.492 		4.8302 		46.2837
v -432.0045 		6.9749 		38.887
v -325.909 		4.8302 		46.683
v -433.04 		6.836 		38.887
v -432.3807 		6.9366 		38.887
v -327.442 		4.8303 		47.564
v -326.393 		4.8303 		47.343
v -323.642 		4.8303 		47.31
v -519 		25.71 		221.123
v -270.2851 		4.8372 		127.144
v -269.4605 		4.8373 		128.3736
v -269.4614 		4.8373 		128.3878
v -270.2851 		4.8375 		130.4551
v -270.3165 		4.8375 		130.4716
v -326.723 		4.8303 		48.092
v -326.917 		4.8304 		48.886
v -324.5056 		4.8303 		47.8893
v -324.1347 		4.8303 		47.5638
v -269.696 		4.8373 		127.768
v -246.718 		52.214 		40.834
v -324.1031 		4.8303 		47.5361
v -324.0839 		4.8303 		47.5276
v -246.661 		51.891 		40.953
v -324.9873 		4.8304 		49.1455
v -246.2 		51.912 		40.959
v -324.8203 		4.8304 		48.4092
v -324.8152 		4.8304 		48.3886
v -324.9868 		4.8304 		49.1244
v -324.799 		4.8304 		48.3576
v -320.616 		4.8301 		45.003
v -321.9809 		4.83 		44.5577
v -321.528 		4.83 		44.648
v -323.475 		4.83 		44.52
v -322.5543 		4.83 		44.52
v -324.427 		4.8301 		44.753
v -519.779 		25.723 		221.039
v -247.1702 		52.9157 		40.1617
v -246.8391 		52.9633 		40.1693
v -335.855 		4.8319 		65.438
v -336.562 		4.8318 		64.731
v -338.167 		4.8317 		63.126
v -338.875 		4.8316 		62.419
v -246.83 		52.899 		40.293
v -247.4667 		52.8728 		40.1549
v -247.45 		52.813 		40.272
v -247.396 		52.64 		40.481
v -246.803 		52.723 		40.501
v -327.823 		4.8305 		49.478
v -327.78 		4.8305 		50.13
v -247.321 		52.416 		40.663
v -247.7607 		52.7996 		40.1433
v -342.8053 		13.581 		51.0303
v -343.4767 		13.581 		51.1866
v -343.5113 		13.581 		51.1874
v -343.5564 		13.581 		51.1784
v -247.115 		51.828 		40.938
v -247.227 		52.143 		40.816
v -247.718 		52.027 		40.787
v -247.553 		51.724 		40.912
v -341.035 		4.8308 		52.897
v -340.8472 		4.8308 		52.746
v -340.27 		4.8307 		52.2394
v -342.9083 		4.8306 		51.0857
v -343.2678 		4.8306 		51.1737
v -338.5241 		4.8306 		50.487
v -338.568 		4.8306 		50.772
v -338.922 		4.8307 		51.685
v -339.734 		4.8306 		51.519
v -339.9292 		4.8307 		51.7737
v -339.404 		4.8306 		50.771
v -339.3469 		4.8306 		50.5369
v -339.431 		4.8307 		52.521
v -343.8581 		4.8309 		54.4477
v -343.398 		4.8309 		54.478
v -342.1975 		4.8309 		54.3258
v -343.1113 		4.8309 		54.4465
v -341.2773 		4.8309 		53.9954
v -341.554 		4.8309 		54.0761
v -340.9446 		4.8308 		53.8032
v -342.4591 		4.8308 		53.5031
v -342.3066 		4.8308 		53.4516
v -343.8612 		4.8308 		53.5532
v -343.5429 		4.8308 		53.5953
v -342.7773 		4.8308 		53.5452
v -341.752 		4.8308 		53.29
v -340.354 		4.8308 		53.444
v -480.5344 		17.932 		28.5997
v -480.5358 		17.929 		28.5997
v -484.855 		18.255 		26.801
v -484.929 		18.145 		26.722
v -520.765 		25.776 		220.708
v -343.3086 		4.8306 		51.1832
v -343.6794 		4.8306 		51.1908
v -521.632 		25.866 		220.136
v -522.319 		25.989 		219.363
v -522.78 		26.136 		218.44
v -341.568 		4.8305 		49.33
v -341.691 		4.8305 		49.8693
v -341.6964 		4.8305 		49.8968
v -339.1973 		4.8305 		49.7841
v -339.192 		4.8305 		49.5435
v -338.4042 		4.8305 		49.574
v -485.218 		18.069 		26.549
v -523 		26.337 		217.173
v -341.705 		4.8305 		49.9162
v -342.0465 		4.8306 		50.499
v -342.4665 		4.8306 		50.8672
v -430.5657 		7.9306 		38.887
v -430.4787 		8.0638 		38.887
v -341.5684 		4.8305 		49.3089
v -342.0742 		4.8306 		50.5306
v -342.4451 		4.8306 		50.8551
v -335.872 		4.8298 		41.7
v -327.716 		4.8304 		48.505
v -328.84 		11.546 		41.7
v -328.84 		11.546 		39.798
v -430.3337 		9.2003 		38.887
v -343.845 		11.546 		41.7
v -430.3787 		8.4557 		38.887
v -430.3787 		8.7703 		38.887
v -430.37 		9.218 		38.887
v -430.4161 		8.276 		38.887
v -430.1617 		9.1356 		38.887
v -429.7617 		9.0375 		38.887
v -429.157 		8.875 		38.887
v -428.57 		8.837 		38.887
v -343.845 		11.546 		39.798
v -427.405 		8.99 		38.887
v -426.8269 		9.2298 		38.887
v -426.5667 		9.3185 		38.887
v -426.0916 		9.5928 		38.887
v -343.5988 		13.581 		47.2056
v -427.713 		17.7463 		38.887
v -428.2572 		17.8178 		38.887
v -426.0916 		17.0822 		38.887
v -343.559 		13.581 		47.2
v -342.9879 		13.581 		47.298
v -426.5667 		17.3565 		38.887
v -342.8408 		13.581 		47.348
v -342.5909 		13.581 		47.4711
v -426.8269 		17.4452 		38.887
v -429.157 		17.8 		38.887
v -429.7617 		17.6375 		38.887
v -430.3337 		17.4741 		38.887
v -430.37 		17.456 		38.887
v -428.8828 		17.8178 		38.887
v -425.595 		9.9737 		38.887
v -425.2067 		10.362 		38.887
v -424.8258 		10.8585 		38.887
v -424.673 		11.087 		38.887
v -424.4839 		11.517 		38.887
v -424.2736 		12.0239 		38.887
v -424.089 		13.044 		38.887
v -424.109 		13.924 		38.887
v -424.1697 		14.232 		38.887
v -424.3118 		14.7622 		38.887
v -270.759 		4.8376 		130.69
v -271.27 		4.8376 		130.791
v -424.5515 		15.3403 		38.887
v -424.8258 		15.8155 		38.887
v -425.2067 		16.3126 		38.887
v -424.1516 		12.6366 		38.887
v -271.2913 		4.8376 		130.7906
v -272.0212 		4.8376 		130.6951
v -425.595 		16.7013 		38.887
v -272.991 		4.8375 		130.0121
v -273.1281 		4.8375 		129.806
v -272.0702 		4.8375 		130.675
v -272.4086 		4.8375 		130.5257
v -272.9636 		4.8375 		130.0397
v -273.3219 		4.8374 		129.2869
v -273.3344 		4.8374 		129.2614
v -273.34 		4.8374 		129.2335
v -273.2204 		4.8373 		128.0095
v -273.2067 		4.8373 		127.9692
v -272.4399 		4.8372 		127.1079
v -272.432 		4.8372 		127.096
v -273.3915 		4.8374 		128.6619
v -273.392 		4.8374 		128.6832
v -272.4 		4.8372 		127.068
v -276.2971 		4.8373 		127.5604
v -275.1541 		4.8373 		128.0752
v -275.2138 		4.8374 		128.621
v -274.852 		4.8372 		127.211
v -274.9196 		4.8373 		127.3846
v -275.246 		4.8374 		128.867
v -276.4077 		4.8373 		128.2824
v -276.4667 		4.8374 		128.5234
v -276.4776 		4.8374 		128.6889
v -276.4505 		4.8374 		128.9354
v -276.2608 		4.8375 		130.3764
v -275.166 		4.8375 		129.597
v -275.114 		4.8375 		129.7759
v -274.8796 		4.8375 		130.4673
v -274.7899 		4.8375 		130.6304
v -246.2 		49.367 		40.922
v -276.4348 		4.8375 		129.6671
v -245.95 		23.168 		219.462
v -276.1914 		4.8375 		130.6145
v -276.0721 		4.8376 		130.8322
v -343.82 		4.83 		44.5052
v -343.4357 		4.83 		44.5052
v -341.191 		4.8301 		45.003
v -342.5559 		4.83 		44.5577
v -342.2874 		4.83 		44.6622
v -342.745 		4.83 		44.52
v -340.354 		4.8301 		45.511
v -340.1455 		4.8301 		45.7104
v -342.1175 		4.8301 		45.4478
v -341.9063 		4.8301 		45.5639
v -344.0203 		4.8303 		47.2655
v -343.9857 		4.8303 		47.2596
v -340.27 		4.8302 		46.6223
v -340.8471 		4.8302 		46.1165
v -341.035 		4.8302 		45.966
v -342.3489 		4.8301 		45.3804
v -342.919 		4.8301 		45.2929
v -343.1584 		4.8301 		45.2667
v -343.7355 		4.8301 		45.2794
v -339.4943 		4.8302 		46.3616
v -246.2 		22.757 		219.274
v -246.369 		22.749 		219.272
v -246.031 		22.749 		219.272
v -505.626 		20.981 		177.428
v -505.038 		20.981 		177.389
v -503.376 		20.981 		176.825
v -502.886 		20.981 		176.498
v -502.687 		20.981 		176.323
v -502.687 		20.981 		176.2324
v -501.176 		20.981 		172.881
v -501.214 		20.981 		172.294
v -502.494 		20.981 		176.063
v -502.105 		20.981 		175.62
v -501.778 		20.981 		175.131
v -501.518 		20.981 		174.603
v -501.329 		20.981 		174.046
v -501.214 		20.981 		173.468
v -507.7357 		20.981 		176.8721
v -507.348 		20.981 		177.085
v -506.502 		20.981 		177.332
v -504.183 		20.981 		177.18
v -506.529 		20.981 		173.994
v -506.667 		20.981 		173.873
v -506.788 		20.981 		173.735
v -506.89 		20.981 		173.582
v -506.971 		20.981 		173.418
v -507.03 		20.981 		173.244
v -507.066 		20.981 		173.064
v -507.078 		20.981 		172.881
v -507.066 		20.981 		172.698
v -507.03 		20.981 		172.518
v -343.559 		4.8303 		47.2
v -342.918 		4.8303 		47.31
v -340.0748 		4.8302 		46.8773
v -339.0243 		4.8303 		47.0643
v -338.9201 		4.8303 		47.3331
v -339.2375 		4.8302 		46.7454
v -339.734 		4.8303 		47.343
v -342.451 		4.8303 		47.54
v -339.2047 		4.8304 		48.9664
v -339.2671 		4.8304 		48.6522
v -339.404 		4.8303 		48.092
v -338.4842 		4.8304 		48.5992
v -338.4783 		4.8304 		48.8875
v -338.5221 		4.8304 		48.4105
v -274.538 		4.8371 		124.966
v -275.245 		4.8371 		125.643
v -270.52 		4.837 		124.039
v -272.7402 		4.837 		124.132
v -272.3859 		4.837 		124.023
v -273.442 		4.837 		124.3373
v -274.2863 		4.837 		124.8241
v -271.6595 		4.837 		123.9439
v -271.494 		4.837 		123.933
v -270.7022 		4.8371 		125.2062
v -270.8862 		4.8371 		125.1778
v -271.4319 		4.8371 		125.1181
v -271.7401 		4.8371 		125.1464
v -272.2851 		4.8371 		125.2062
v -272.9764 		4.8371 		125.4406
v -273.2057 		4.8371 		125.5356
v -273.812 		4.8371 		125.9418
v -273.962 		4.8371 		126.052
v -270.7939 		4.8372 		126.904
v -270.759 		4.8372 		126.91
v -245.865 		22.726 		219.267
v -246.535 		22.726 		219.267
v -246.695 		22.688 		219.257
v -475.853 		49.369 		40.905
v -475.847 		49.428 		40.92
v -475.83 		49.487 		40.934
v -275.824 		4.8372 		126.433
v -475.803 		49.543 		40.948
v -275.9239 		4.8372 		126.6601
v -274.471 		4.8372 		126.583
v -475.803 		49.194 		40.861
v -272.0212 		4.8372 		126.9049
v -270.8082 		4.8372 		126.9049
v -475.847 		49.309 		40.89
v -475.83 		49.25 		40.875
v -272.0615 		4.8372 		126.9186
v -293.361 		4.835 		101.063
v -293.361 		4.8322 		101.063
v -246.847 		23.516 		219.666
v -342.059 		4.8303 		47.884
v -342.0465 		4.8303 		47.901
v -341.6775 		4.8304 		48.5387
v -246.932 		23.078 		219.439
v -247.722 		23.214 		219.591
v -341.664 		4.8304 		48.5785
v -247.45 		23.341 		219.622
v -476.857 		50.055 		40.938
v -247.157 		23.443 		219.647
v -293.929 		4.8335 		84.6399
v -293.361 		4.8335 		84.6399
v -344.8224 		13.581 		50.7352
v -345.291 		13.581 		50.2
v -345.5575 		13.581 		49.223
v -477.048 		49.732 		40.858
v -476.396 		49.721 		40.94
v -476.968 		49.898 		40.899
v -506.971 		20.981 		172.344
v -506.89 		20.981 		172.18
v -344.201 		13.581 		51.09
v -344.559 		13.581 		50.932
v -345.542 		13.581 		49.461
v -344.6236 		13.581 		50.8674
v -246.847 		22.636 		219.244
v -345.448 		4.8308 		53.042
v -247.157 		23 		219.42
v -345.2633 		4.8305 		50.2316
v -345.291 		4.8305 		50.2
v -247.718 		22.656 		219.335
v -476.45 		49.609 		40.913
v -345.0117 		4.8309 		54.199
v -345.145 		4.8309 		54.154
v -344.239 		4.8309 		54.3973
v -476.494 		49.375 		40.854
v -247.553 		22.788 		219.367
v -505.859 		20.981 		174.272
v -506.039 		20.981 		174.236
v -506.212 		20.981 		174.177
v -247.365 		22.903 		219.396
v -506.377 		20.981 		174.096
v -504.461 		20.981 		172.18
v -504.38 		20.981 		172.344
v -504.321 		20.981 		172.518
v -504.285 		20.981 		172.698
v -246.988 		22.57 		219.228
v -504.273 		20.981 		172.881
v -504.285 		20.981 		173.064
v -504.321 		20.981 		173.244
v -504.38 		20.981 		173.418
v -504.461 		20.981 		173.582
v -504.563 		20.981 		173.735
v -504.684 		20.981 		173.873
v -504.822 		20.981 		173.994
v -476.483 		49.493 		40.884
v -504.974 		20.981 		174.096
v -505.139 		20.981 		174.177
v -505.313 		20.981 		174.236
v -505.492 		20.981 		174.272
v -505.676 		20.981 		174.284
v -477.113 		49.385 		40.772
v -477.097 		49.211 		40.728
v -247.857 		24.535 		220.662
v -476.483 		49.257 		40.825
v -508.8188 		20.981 		176.0965
v -508.808 		20.981 		176.11
v -508.7562 		20.981 		176.1515
v -477.097 		49.56 		40.815
v -508.2163 		20.981 		176.5839
v -508.12 		20.981 		176.661
v -508.0135 		20.981 		176.7195
v -248.615 		23.965 		220.299
v -420.197 		4.845 		217.811
v -509.246 		20.981 		175.62
v -508.857 		20.981 		176.063
v -508.415 		20.981 		176.451
v -507.926 		20.981 		176.778
v -510.137 		20.981 		172.294
v -510.176 		20.981 		172.881
v -510.137 		20.981 		173.468
v -510.022 		20.981 		174.046
v -509.833 		20.981 		174.603
v -509.573 		20.981 		175.131
v -506.788 		20.981 		172.027
v -506.667 		20.981 		171.889
v -425.979 		4.844 		206.061
v -425.75 		4.844 		206.53
v -506.529 		20.981 		171.768
v -344.432 		4.8308 		53.465
v -506.377 		20.981 		171.666
v -506.212 		20.981 		171.585
v -506.039 		20.981 		171.526
v -505.859 		20.981 		171.491
v -525.812 		73.339 		7.917
v -505.676 		20.981 		171.479
v -505.492 		20.981 		171.491
v -505.313 		20.981 		171.526
v -505.139 		20.981 		171.585
v -504.974 		20.981 		171.666
v -248.365 		24.36 		220.618
v -504.822 		20.981 		171.768
v -248.183 		24.167 		220.349
v -504.684 		20.981 		171.889
v -504.563 		20.981 		172.027
v -501.329 		20.981 		171.716
v -345.5429 		4.8305 		49.4469
v -248.51 		24.506 		220.893
v -344.201 		4.8306 		51.09
v -344.559 		4.8306 		50.932
v -501.518 		20.981 		171.159
v -501.778 		20.981 		170.631
v -502.105 		20.981 		170.142
v -502.494 		20.981 		169.699
v -502.936 		20.981 		169.311
v -503.426 		20.981 		168.984
v -344.1629 		4.8306 		51.0952
v -503.953 		20.981 		168.724
v -504.511 		20.981 		168.534
v -505.088 		20.981 		168.42
v -505.676 		20.981 		168.381
v -506.263 		20.981 		168.42
v -506.84 		20.981 		168.534
v -507.398 		20.981 		168.724
v -345.542 		4.8305 		49.461
v -507.926 		20.981 		168.984
v -508.415 		20.981 		169.311
v -508.857 		20.981 		169.699
v -509.246 		20.981 		170.142
v -509.573 		20.981 		170.631
v -509.833 		20.981 		171.159
v -510.022 		20.981 		171.716
v -248.4453 		24.5469 		220.9384
v -248.5257 		24.5205 		220.9342
v -425.75 		4.844 		204.996
v -425.895 		4.844 		205.215
v -345.2516 		4.8305 		50.2394
v -344.783 		4.8301 		44.6789
v -344.1001 		4.83 		44.5738
v -344.2061 		4.8301 		45.373
v -344.7663 		4.8301 		45.5099
v -345.4549 		4.8302 		45.85
v -345.449 		4.8304 		48.558
v -344.9059 		4.8303 		47.7453
v -344.8974 		4.8303 		47.726
v -249.005 		23.726 		220.24
v -345.3983 		13.581 		48.4822
v -345.2543 		13.581 		48.1558
v -344.875 		4.8303 		47.699
v -248.836 		24.14 		220.564
v -344.875 		13.581 		47.699
v -249.262 		23.879 		220.499
v -345.449 		13.581 		48.558
v -344.1841 		13.581 		47.3059
v -345.4549 		4.8304 		48.5926
v -345.5493 		13.581 		49.1434
v -344.5397 		4.8303 		47.4595
v -249.012 		24.271 		220.835
v -344.2326 		13.581 		47.3239
v -249.466 		23.993 		220.765
v -249.0414 		24.2908 		220.8977
v -249.3683 		24.1021 		220.8678
v -249.5153 		24.0171 		220.8543
v -248.9276 		24.3416 		220.9058
v -477.3165 		52.634 		40.117
v -477.51 		52.317 		40.4
v -249.7662 		23.8295 		220.8245
v -477.6396 		52.5169 		40.0984
v -477.615 		52.475 		40.188
v -249.635 		23.581 		220.425
v -478.163 		52.2601 		40.0577
v -477.8273 		52.4247 		40.0838
v -246.224 		49.338 		40.913
v -525.962 		34.216 		19.172
v -249.347 		23.453 		220.172
v -344.576 		4.8303 		47.4804
v -344.8471 		13.581 		47.6786
v -248.352 		23.75 		220.046
v -247.968 		23.93 		220.091
v -302.7 		13.581 		51.197
v -301.482 		13.581 		50.784
v -301.935 		13.581 		51.045
v -302.182 		13.581 		51.129
v -425.289 		4.844 		206.827
v -425 		4.844 		206.877
v -302.439 		13.581 		51.18
v -301.286 		13.581 		50.612
v -301.7 		13.581 		50.929
v -248.352 		23.315 		219.763
v -248.7 		23.537 		219.993
v -478.14 		52.23 		40.127
v -302.961 		13.581 		51.18
v -303.218 		13.581 		51.129
v -248.183 		22.892 		219.51
v -247.968 		23.064 		219.553
v -303.918 		13.581 		50.784
v -304.683 		13.581 		49.458
v -304.7 		13.581 		49.197
v -525.812 		34.482 		19.796
v -304.114 		13.581 		50.612
v -304.287 		13.581 		50.415
v -303.465 		13.581 		51.045
v -303.7 		13.581 		50.929
v -304.432 		13.581 		50.197
v -304.548 		13.581 		49.963
v -304.632 		13.581 		49.715
v -301.286 		13.581 		47.783
v -477.365 		52.113 		40.588
v -302.7 		13.581 		47.197
v -477.352 		51.401 		40.832
v -478.012 		52.083 		40.342
v -301.935 		13.581 		47.35
v -301.7 		13.581 		47.465
v -301.482 		13.581 		47.611
v -524 		73.908 		8.931
v -302.439 		13.581 		47.214
v -524 		74.539 		8.473
v -302.182 		13.581 		47.266
v -477.836 		51.893 		40.533
v -302.961 		13.581 		47.214
v -524 		74.947 		7.808
v -304.548 		13.581 		48.432
v -304.432 		13.581 		48.197
v -304.287 		13.581 		47.98
v -304.632 		13.581 		48.68
v -477.615 		51.665 		40.697
v -304.114 		13.581 		47.783
v -303.918 		13.581 		47.611
v -303.7 		13.581 		47.465
v -478.005 		51.425 		40.638
v -303.465 		13.581 		47.35
v -303.218 		13.581 		47.266
v -304.683 		13.581 		48.936
v -322.482 		13.581 		51.129
v -322.739 		13.581 		51.18
v -321.017 		13.581 		49.458
v -321.068 		13.581 		49.715
v -524 		35.573 		20.651
v -323 		13.581 		51.197
v -323.261 		13.581 		51.18
v -321 		13.581 		49.197
v -321.152 		13.581 		49.963
v -321.268 		13.581 		50.197
v -321.413 		13.581 		50.415
v -322 		13.581 		50.929
v -322.235 		13.581 		51.045
v -525.176 		73.984 		8.45
v -525.387 		73.239 		8.546
v -524.636 		73.927 		8.806
v -524.425 		74.552 		8.389
v -323.518 		13.581 		51.129
v -321.586 		13.581 		50.612
v -281.845 		11.546 		41.7
v -324.218 		13.581 		50.784
v -324.732 		13.581 		50.197
v -324.848 		13.581 		49.963
v -525.663 		74.168 		7.289
v -525.111 		74.713 		7.375
v -525.027 		74.647 		7.795
v -324.932 		13.581 		49.715
v -524.39 		75.008 		7.422
v -324.983 		13.581 		49.458
v -425 		4.844 		204.649
v -425.383 		4.844 		204.726
v -525.536 		74.069 		7.917
v -325 		13.581 		49.197
v -425.984 		4.844 		204.649
v -524.786 		74.59 		8.151
v -281.845 		11.546 		39.798
v -323.765 		13.581 		51.045
v -324.414 		13.581 		50.612
v -324.587 		13.581 		50.415
v -321.268 		13.581 		48.197
v -321.152 		13.581 		48.432
v -247.396 		49.721 		40.94
v -323.518 		13.581 		47.266
v -323.261 		13.581 		47.214
v -478.262 		51.632 		40.468
v -478.466 		51.804 		40.273
v -322.739 		13.581 		47.214
v -322.482 		13.581 		47.266
v -420.197 		4.8433 		196.648
v -321.586 		13.581 		47.783
v -478.2907 		52.1774 		40.0446
v -478.6323 		51.9563 		40.0094
v -478.615 		51.938 		40.055
v -322.235 		13.581 		47.35
v -322 		13.581 		47.465
v -246.803 		49.543 		40.948
v -479.032 		51.606 		39.972
v -321.782 		13.581 		47.611
v -246.847 		49.309 		40.89
v -246.83 		49.25 		40.875
v -246.853 		49.369 		40.905
v -478.865 		51.486 		40.194
v -321.068 		13.581 		48.68
v -321.017 		13.581 		48.936
v -246.847 		49.428 		40.92
v -478.635 		51.334 		40.394
v -248.615 		23.105 		219.711
v -248.365 		22.701 		219.463
v -246.83 		49.487 		40.934
v -426 		4.844 		205.763
v -246.803 		49.194 		40.861
v -432.177 		4.844 		205.105
v -432.021 		4.844 		206.061
v -432.177 		4.844 		206.421
v -432.021 		4.844 		205.465
v -432.679 		4.844 		206.821
v -508.823 		19.6933 		176.0929
v -433 		4.844 		206.877
v -431.4091 		4.844 		206.877
v -508.1813 		19.8205 		176.6073
v -247.45 		49.609 		40.913
v -323 		13.581 		47.197
v -247.494 		49.375 		40.854
v -247.483 		49.257 		40.825
v -247.483 		49.493 		40.884
v -248.053 		23.498 		219.809
v -321.413 		13.581 		47.98
v -324.587 		13.581 		47.98
v -324.414 		13.581 		47.783
v -324.218 		13.581 		47.611
v -324 		13.581 		47.465
v -323.765 		13.581 		47.35
v -324.983 		13.581 		48.936
v -324.932 		13.581 		48.68
v -324.848 		13.581 		48.432
v -324.732 		13.581 		48.197
v -342.835 		13.581 		51.045
v -343.082 		13.581 		51.129
v -343.339 		13.581 		51.18
v -343.6 		13.581 		51.197
v -343.861 		13.581 		51.18
v -344.818 		13.581 		50.784
v -345.014 		13.581 		50.612
v -345.187 		13.581 		50.415
v -345.332 		13.581 		50.197
v -345.583 		13.581 		49.458
v -345.6 		13.581 		49.197
v -248.836 		22.874 		219.654
v -344.118 		13.581 		51.129
v -344.365 		13.581 		51.045
v -344.6 		13.581 		50.929
v -345.448 		13.581 		49.963
v -345.532 		13.581 		49.715
v -343.861 		13.581 		47.214
v -343.6 		13.581 		47.197
v -343.339 		13.581 		47.214
v -343.082 		13.581 		47.266
v -342.835 		13.581 		47.35
v -342.6 		13.581 		47.465
v -345.532 		13.581 		48.68
v -345.448 		13.581 		48.432
v -345.332 		13.581 		48.197
v -345.187 		13.581 		47.98
v -345.014 		13.581 		47.783
v -344.818 		13.581 		47.611
v -344.118 		13.581 		47.266
v -248.048 		52.671 		40.237
v -524.39 		35.585 		20.574
v -345.583 		13.581 		48.936
v -344.365 		13.581 		47.35
v -524.694 		35.465 		20.529
v -248.3165 		52.634 		40.117
v -248.0703 		52.7228 		40.1311
v -344.6 		13.581 		47.465
v -248.6396 		52.5169 		40.0984
v -248.615 		52.475 		40.188
v -248.8273 		52.4247 		40.0838
v -525.663 		34.831 		19.899
v -479.0392 		51.6122 		39.9548
v -478.7037 		51.8959 		39.9999
v -293.929 		4.837 		43.478
v -293.929 		4.8299 		43.478
v -479.0612 		51.5876 		39.9509
v -300.7354 		13.581 		49.5152
v -300.8202 		13.581 		49.8616
v -300.7166 		13.581 		49.4437
v -301.0964 		13.581 		50.3877
v -479.2264 		51.4027 		39.9216
v -247.968 		52.504 		40.447
v -299.9258 		4.8308 		52.7897
v -299.685 		4.8307 		52.5784
v -248.51 		52.317 		40.4
v -299.268 		4.8307 		52.179
v -297.9306 		4.8307 		51.5984
v -298.1229 		4.8307 		51.9311
v -298.482 		4.8307 		52.521
v -298.7861 		4.8308 		52.8682
v -247.857 		52.288 		40.631
v -298.785 		4.8306 		51.519
v -432.679 		4.844 		204.705
v -433 		4.844 		204.649
v -441.754 		5.091 		199.901
v -249.005 		23.293 		219.933
v -441.7903 		4.93 		199.901
v -441.731 		5.399 		199.901
v -441.754 		5.706 		199.901
v -441.822 		6.008 		199.901
v -441.934 		6.3 		199.901
v -249.635 		23.151 		220.097
v -249.262 		23.024 		219.866
v -248.183 		51.866 		40.748
v -249.012 		22.624 		219.592
v -525.387 		35.06 		20.218
v -249.466 		22.734 		219.794
v -248.365 		52.113 		40.588
v -247.968 		51.581 		40.876
v -248.615 		51.665 		40.697
v -248.352 		51.401 		40.832
v -442.088 		6.577 		199.901
v -442.282 		6.833 		199.901
v -441.965 		8.2 		199.901
v -441.227 		7.548 		199.901
v -441.572 		7.895 		199.901
v -477.7 		51.188 		40.779
v -440.4358 		4.93 		199.901
v -440.434 		4.938 		199.901
v -440.4 		5.399 		199.901
v -440.434 		5.859 		199.901
v -440.536 		6.312 		199.901
v -440.704 		6.75 		199.901
v -440.936 		7.164 		199.901
v -477.352 		50.923 		40.888
v -478.005 		50.944 		40.718
v -477.615 		50.714 		40.836
v -341.568 		14.481 		49.33
v -477.836 		50.482 		40.779
v -477.365 		50.274 		40.875
v -478.012 		50.232 		40.717
v -478.347 		51.152 		40.57
v -478.635 		50.851 		40.495
v -478.262 		50.675 		40.652
v -478.466 		50.385 		40.58
v -525.111 		35.325 		20.31
v -341.6 		14.481 		49.197
v -445 		4.844 		206.877
v -341.576 		14.481 		48.939
v -445.75 		4.844 		204.996
v -445.895 		4.844 		205.215
v -311.031 		14.481 		135.591
v -310.259 		14.481 		135.49
v -309.682 		14.481 		135.187
v -446 		4.844 		205.763
v -445.979 		4.844 		206.061
v -309.4 		14.481 		134.916
v -309.01 		14.481 		134.241
v -308.909 		14.481 		133.73
v -308.917 		14.481 		133.339
v -445.823 		4.844 		206.421
v -445.289 		4.844 		206.827
v -479.201 		51.135 		40.107
v -478.95 		51.004 		40.313
v -445.554 		4.844 		206.704
v -309.168 		14.481 		132.6
v -309.4 		14.481 		132.284
v -478.865 		50.525 		40.415
v -479.201 		50.649 		40.225
v -479.032 		50.181 		40.329
v -452.177 		4.844 		205.105
v -452.774 		4.844 		206.845
v -452.446 		4.844 		206.704
v -452.021 		4.844 		206.061
v -452.105 		4.844 		206.311
v -452.021 		4.844 		205.465
v -477.51 		50.069 		40.824
v -478.14 		49.969 		40.651
v -477.615 		49.852 		40.77
v -477.679 		49.628 		40.714
v -523 		38.9888 		122.9211
v -477.679 		49.171 		40.601
v -523 		38.3457 		123.4391
v -523 		38.625 		123.2416
v -523 		38.7295 		123.1679
v -477.7 		49.4 		40.658
v -522.935 		38.331 		123.388
v -522.935 		38.71 		123.12
v -249.163 		52.2601 		40.0577
v -249.14 		52.23 		40.127
v -523 		38.2357 		123.4925
v -310.259 		14.481 		131.71
v -310.639 		14.481 		131.617
v -310.9 		14.481 		131.6
v -312.009 		14.481 		135.259
v -311.542 		14.481 		135.49
v -249.012 		52.083 		40.342
v -312.887 		14.481 		133.535
v -312.832 		14.481 		134.118
v -312.632 		14.481 		134.6
v -312.401 		14.481 		134.916
v -249.615 		51.938 		40.055
v -311.542 		14.481 		131.71
v -311.9 		14.481 		131.868
v -478.615 		50.079 		40.504
v -312.118 		14.481 		132.013
v -312.632 		14.481 		132.6
v -312.79 		14.481 		132.958
v -478.705 		49.762 		40.425
v -479.133 		49.825 		40.241
v -479.167 		49.463 		40.151
v -249.466 		51.804 		40.273
v -478.736 		49.439 		40.345
v -248.836 		51.893 		40.533
v -249.262 		51.632 		40.468
v -453 		4.844 		206.877
v -451.4091 		4.844 		206.877
v -478.244 		49.418 		40.515
v -522.935 		37.931 		123.582
v -522.7 		38.254 		123.12
v -523 		37.941 		123.6354
v -478.218 		49.695 		40.584
v -445 		4.844 		204.649
v -445.383 		4.844 		204.726
v -299.0578 		4.8308 		53.1399
v -300.5919 		4.8308 		53.1743
v -299.7571 		4.8308 		53.6796
v -300.5805 		4.8309 		54.086
v -450.56 		4.844 		204.649
v -300.9353 		4.8309 		54.2329
v -299.5969 		4.8308 		53.5724
v -444.4 		8.929 		199.901
v -444.922 		8.899 		199.901
v -445.435 		8.809 		199.901
v -445.931 		8.661 		199.901
v -446.4 		8.456 		199.901
v -446.835 		8.2 		199.901
v -442.4 		8.456 		199.901
v -442.869 		8.661 		199.901
v -443.365 		8.809 		199.901
v -443.878 		8.899 		199.901
v -446.518 		6.833 		199.901
v -300.8792 		4.8308 		53.3159
v -446.712 		6.577 		199.901
v -446.866 		6.3 		199.901
v -446.978 		6.008 		199.901
v -249.635 		51.334 		40.394
v -249.005 		51.425 		40.638
v -479.372 		51.2327 		39.8946
v -522.935 		37.094 		123.739
v -522.7 		37.094 		123.45
v -522.7 		37.489 		123.413
v -302.961 		15.681 		51.18
v -302.7 		15.681 		51.197
v -302.439 		15.681 		51.18
v -302.182 		15.681 		51.129
v -301.935 		15.681 		51.045
v -301.7 		15.681 		50.929
v -301.482 		15.681 		50.784
v -301.286 		15.681 		50.612
v -522.935 		37.516 		123.7
v -249.7037 		51.8959 		39.9999
v -249.6323 		51.9563 		40.0094
v -304.7 		15.681 		49.197
v -304.683 		15.681 		49.458
v -304.632 		15.681 		49.715
v -304.548 		15.681 		49.963
v -304.432 		15.681 		50.197
v -304.287 		15.681 		50.415
v -304.114 		15.681 		50.612
v -303.918 		15.681 		50.784
v -303.7 		15.681 		50.929
v -303.465 		15.681 		51.045
v -303.218 		15.681 		51.129
v -302.439 		15.681 		47.214
v -302.7 		15.681 		47.197
v -302.961 		15.681 		47.214
v -301.286 		15.681 		47.783
v -301.482 		15.681 		47.611
v -301.7 		15.681 		47.465
v -301.935 		15.681 		47.35
v -302.182 		15.681 		47.266
v -523 		37.521 		123.7547
v -523 		37.8268 		123.6678
v -304.683 		15.681 		48.936
v -303.218 		15.681 		47.266
v -303.465 		15.681 		47.35
v -303.7 		15.681 		47.465
v -303.918 		15.681 		47.611
v -304.114 		15.681 		47.783
v -304.287 		15.681 		47.98
v -304.432 		15.681 		48.197
v -304.548 		15.681 		48.432
v -304.632 		15.681 		48.68
v -493 		73.908 		8.931
v -523 		37.094 		123.7943
v -523 		37.4049 		123.7655
v -493 		74.539 		8.473
v -492.575 		74.552 		8.389
v -492.364 		73.927 		8.806
v -523 		36.9777 		123.7835
v -249.2908 		52.1774 		40.0446
v -447.046 		5.706 		199.901
v -447.069 		5.399 		199.901
v -447.046 		5.091 		199.901
v -447.0097 		4.93 		199.901
v -442.513 		7.065 		199.901
v -442.775 		7.268 		199.901
v -443.065 		7.439 		199.901
v -522.482 		37.456 		123.053
v -443.379 		7.576 		199.901
v -522.482 		37.094 		123.086
v -443.709 		7.675 		199.901
v -522.482 		37.812 		122.951
v -444.052 		7.735 		199.901
v -522.7 		37.878 		123.302
v -492.61 		75.008 		7.422
v -492.214 		74.59 		8.151
v -300.7132 		4.8305 		49.2756
v -300.9138 		4.8305 		50.0419
v -300.9188 		4.8305 		50.0624
v -493 		74.947 		7.808
v -297.5739 		4.8306 		50.5455
v -297.6357 		4.8306 		50.7278
v -297.5238 		4.8305 		50.1645
v -297.449 		4.8305 		49.478
v -298.455 		4.8306 		50.771
v -298.3181 		4.8305 		50.2101
v -298.2557 		4.8305 		49.8959
v -492.61 		35.585 		20.574
v -522.935 		36.672 		123.7
v -492.307 		35.465 		20.529
v -523 		36.6667 		123.7547
v -300.7132 		4.8304 		49.2474
v -300.7182 		4.8304 		49.2269
v -522.7 		36.698 		123.413
v -300.9351 		4.8305 		50.0935
v -493 		35.573 		20.651
v -491.464 		74.069 		7.917
v -491.188 		73.339 		7.917
v -522.935 		36.257 		123.582
v -444.4 		7.755 		199.901
v -444.748 		7.735 		199.901
v -445.091 		7.675 		199.901
v -523 		36.247 		123.6354
v -523 		36.5528 		123.7224
v -445.421 		7.576 		199.901
v -445.735 		7.439 		199.901
v -446.025 		7.268 		199.901
v -446.287 		7.065 		199.901
v -523 		35.8413 		123.4391
v -523 		36.1367 		123.582
v -248.053 		51.107 		40.934
v -248.352 		50.923 		40.888
v -522.482 		36.731 		123.053
v -522.7 		36.309 		123.302
v -522.482 		36.375 		122.951
v -248.183 		50.464 		40.922
v -248.7 		51.188 		40.779
v -522.7 		35.934 		123.12
v -522.935 		35.856 		123.388
v -248.615 		50.714 		40.836
v -248.365 		50.274 		40.875
v -522.935 		35.477 		123.12
v -479.3554 		51.2522 		39.8977
v -447.228 		7.895 		199.901
v -447.573 		7.548 		199.901
v -447.864 		7.164 		199.901
v -448.096 		6.75 		199.901
v -448.264 		6.312 		199.901
v -448.366 		5.859 		199.901
v -448.4 		5.399 		199.901
v -448.366 		4.938 		199.901
v -448.3642 		4.93 		199.901
v -479.468 		50.755 		40.013
v -523 		35.4575 		123.1679
v -523 		35.7368 		123.3654
v -479.383 		50.274 		40.131
v -523 		35.3609 		123.0755
v -301.384 		14.481 		50.7
v -301.3717 		14.481 		50.6872
v -301.392 		14.481 		50.705
v -301.3979 		14.0307 		50.7102
v -301.3799 		14.3892 		50.6944
v -304.5904 		14.481 		49.8377
v -304.59 		14.481 		49.841
v -304.5881 		14.481 		49.8446
v -304.2945 		14.481 		50.4037
v -304.287 		14.481 		50.418
v -304.287 		14.481 		50.415
v -304.287 		13.764 		50.415
v -304.2945 		14.2291 		50.4037
v -304.2731 		14.481 		50.4308
v -303.8187 		14.481 		50.85
v -303.809 		14.481 		50.859
v -303.7943 		14.481 		50.8663
v -303.824 		13.8697 		50.8465
v -303.342 		14.481 		51.09
v -303.3264 		14.481 		51.0921
v -303.3625 		14.481 		51.0799
v -303.309 		13.5968 		51.0981
v -303.3733 		13.589 		51.0762
v -452.679 		4.844 		204.705
v -453 		4.844 		204.649
v -441.7903 		4.93 		195.901
v -441.754 		5.091 		195.901
v -304.6915 		14.481 		49.0665
v -304.692 		14.481 		49.069
v -304.6918 		14.481 		49.0707
v -441.731 		5.399 		195.901
v -304.6913 		14.2802 		49.0639
v -304.6918 		14.4584 		49.0707
v -441.754 		5.706 		195.901
v -441.822 		6.008 		195.901
v -441.934 		6.3 		195.901
v -442.088 		6.577 		195.901
v -442.282 		6.833 		195.901
v -441.965 		8.2 		195.901
v -321 		15.681 		49.197
v -323.518 		15.681 		51.129
v -323.261 		15.681 		51.18
v -323 		15.681 		51.197
v -322.739 		15.681 		51.18
v -322.482 		15.681 		51.129
v -322.235 		15.681 		51.045
v -322 		15.681 		50.929
v -321.782 		15.681 		50.784
v -321.586 		15.681 		50.612
v -440.4358 		4.93 		195.901
v -321.413 		15.681 		50.415
v -321.268 		15.681 		50.197
v -321.152 		15.681 		49.963
v -321.068 		15.681 		49.715
v -321.017 		15.681 		49.458
v -441.572 		7.895 		195.901
v -441.227 		7.548 		195.901
v -440.936 		7.164 		195.901
v -440.704 		6.75 		195.901
v -440.536 		6.312 		195.901
v -440.434 		5.859 		195.901
v -440.4 		5.399 		195.901
v -440.434 		4.938 		195.901
v -324 		15.681 		50.929
v -323.765 		15.681 		51.045
v -325 		15.681 		49.197
v -324.983 		15.681 		49.458
v -324.932 		15.681 		49.715
v -324.848 		15.681 		49.963
v -324.732 		15.681 		50.197
v -324.587 		15.681 		50.415
v -324.414 		15.681 		50.612
v -324.218 		15.681 		50.784
v -446.835 		8.2 		195.901
v -446.4 		8.456 		195.901
v -445.931 		8.661 		195.901
v -445.435 		8.809 		195.901
v -444.922 		8.899 		195.901
v -444.4 		8.929 		195.901
v -443.878 		8.899 		195.901
v -443.365 		8.809 		195.901
v -442.869 		8.661 		195.901
v -442.4 		8.456 		195.901
v -446.518 		6.833 		195.901
v -321.017 		15.681 		48.936
v -321.068 		15.681 		48.68
v -321.152 		15.681 		48.432
v -321.268 		15.681 		48.197
v -321.413 		15.681 		47.98
v -446.712 		6.577 		195.901
v -321.586 		15.681 		47.783
v -321.782 		15.681 		47.611
v -322 		15.681 		47.465
v -322.235 		15.681 		47.35
v -322.482 		15.681 		47.266
v -322.739 		15.681 		47.214
v -323 		15.681 		47.197
v -323.261 		15.681 		47.214
v -323.518 		15.681 		47.266
v -446.866 		6.3 		195.901
v -446.978 		6.008 		195.901
v -447.046 		5.706 		195.901
v -447.069 		5.399 		195.901
v -447.046 		5.091 		195.901
v -247.115 		22.492 		219.208
v -447.0097 		4.93 		195.901
v -247.227 		22.403 		219.186
v -442.513 		7.065 		195.901
v -523 		40.96 		120.832
v -442.775 		7.268 		195.901
v -443.065 		7.439 		195.901
v -247.321 		22.304 		219.162
v -443.379 		7.576 		195.901
v -443.709 		7.675 		195.901
v -444.052 		7.735 		195.901
v -444.4 		7.755 		195.901
v -444.748 		7.735 		195.901
v -445.091 		7.675 		195.901
v -445.421 		7.576 		195.901
v -323.765 		15.681 		47.35
v -324 		15.681 		47.465
v -324.218 		15.681 		47.611
v -324.414 		15.681 		47.783
v -324.587 		15.681 		47.98
v -324.732 		15.681 		48.197
v -324.848 		15.681 		48.432
v -324.932 		15.681 		48.68
v -445.735 		7.439 		195.901
v -324.983 		15.681 		48.936
v -300.9497 		4.8305 		50.1087
v -446.025 		7.268 		195.901
v -446.287 		7.065 		195.901
v -322.359 		14.481 		51.09
v -300.8239 		13.581 		48.5264
v -322.3437 		14.481 		51.082
v -300.81 		13.581 		48.558
v -322.3755 		14.481 		51.0928
v -448.4 		5.399 		195.901
v -448.366 		5.859 		195.901
v -448.264 		6.312 		195.901
v -300.7166 		13.581 		48.9678
v -448.096 		6.75 		195.901
v -447.864 		7.164 		195.901
v -491.337 		74.168 		7.289
v -300.8015 		13.581 		48.6204
v -322.3789 		14.0844 		51.0939
v -301.154 		4.83 		44.648
v -300.242 		4.8301 		45.003
v -299.0579 		4.8301 		45.8151
v -299.405 		4.8301 		45.511
v -299.2528 		4.8302 		46.732
v -299.395 		4.8302 		46.5377
v -299.6359 		4.8302 		46.3265
v -300.086 		4.8302 		45.966
v -300.5919 		4.8301 		45.688
v -300.8793 		4.8301 		45.5461
v -479.493 		49.885 		40.035
v -300.9904 		4.8304 		48.173
v -297.8714 		4.8303 		47.4777
v -321.782 		14.481 		50.787
v -297.6781 		4.8304 		48.1416
v -297.555 		4.8304 		48.505
v -321.782 		14.481 		50.784
v -321.8034 		14.481 		50.7983
v -479.53 		49.49 		39.937
v -298.482 		4.8302 		46.434
v -298.3321 		4.8302 		46.6805
v -298.7861 		4.8302 		46.0869
v -491.613 		73.239 		8.546
v -298.3929 		4.8304 		48.274
v -298.3181 		4.8304 		48.6522
v -522.7 		39.237 		122.182
v -491.824 		73.984 		8.45
v -522.482 		39.057 		121.925
v -522.7 		38.939 		122.555
v -298.2557 		4.8304 		49.1269
v -298.261 		4.8304 		48.886
v -298.6024 		4.8303 		47.7364
v -298.6996 		4.8303 		47.5159
v -522.935 		39.38 		122.386
v -491.889 		74.713 		7.375
v -522.935 		39.062 		122.785
v -491.973 		74.647 		7.795
v -523 		39.4074 		122.4252
v -523 		39.6129 		122.0907
v -523 		39.6898 		121.9657
v -522.935 		39.659 		121.932
v -491.038 		32.858 		27.729
v -523 		39.0857 		122.8287
v -523 		39.32 		122.5347
v -491.337 		34.831 		19.899
v -491.038 		34.216 		19.172
v -491.188 		34.482 		19.796
v -479.7927 		50.3994 		39.7623
v -479.662 		50.355 		39.913
v -479.7419 		50.5266 		39.7825
v -479.6225 		50.8243 		39.8298
v -249.347 		51.152 		40.57
v -479.5796 		50.8944 		39.8409
v -321.746 		14.481 		50.7524
v -249.005 		50.944 		40.718
v -249.635 		50.851 		40.495
v -249.262 		50.675 		40.652
v -247.857 		22.51 		219.298
v -479.8815 		49.9649 		39.6934
v -321.5109 		14.481 		50.5264
v -321.5 		14.481 		50.516
v -321.4914 		14.481 		50.5042
v -479.78 		49.941 		39.81
v -247.968 		22.353 		219.259
v -321.4957 		14.3412 		50.5092
v -479.843 		50.1524 		39.7231
v -248.836 		50.482 		40.779
v -249.466 		50.385 		40.58
v -248.048 		22.188 		219.218
v -321.5109 		14.0881 		50.5264
v -248.51 		22.496 		219.412
v -249.012 		50.232 		40.717
v -248.615 		22.28 		219.359
v -321.2892 		14.481 		50.2289
v -321.268 		14.481 		50.2
v -321.268 		14.481 		50.197
v -321.268 		14.0524 		50.197
v -321.2648 		14.481 		50.1905
v -248.097 		22.016 		219.176
v -248.679 		22.055 		219.303
v -321.0184 		14.481 		49.4652
v -321.017 		14.481 		49.461
v -321.017 		14.481 		49.458
v -321.0187 		14.3812 		49.4665
v -321.017 		14.381 		49.458
v -247.857 		50.055 		40.938
v -248.51 		50.069 		40.824
v -321.017 		14.3653 		49.4573
v -247.968 		49.898 		40.899
v -248.615 		49.852 		40.77
v -324.9918 		14.481 		49.3225
v -324.992 		14.481 		49.33
v -324.991 		14.481 		49.3349
v -324.9918 		14.0991 		49.3227
v -248.048 		49.732 		40.858
v -324.891 		14.481 		49.8361
v -479.8853 		49.7758 		39.6634
v -479.8897 		49.5291 		39.6242
v -479.819 		49.519 		39.706
v -248.679 		21.599 		219.19
v -248.7 		21.827 		219.246
v -479.8678 		49.4003 		39.6038
v -324.89 		14.481 		49.841
v -491.889 		35.325 		20.31
v -324.8878 		14.481 		49.8454
v -249.218 		21.531 		219.32
v -324.8905 		14.4324 		49.8376
v -249.244 		21.809 		219.389
v -491.613 		35.06 		20.218
v -249.218 		22.087 		219.458
v -324.6671 		14.481 		50.2946
v -324.66 		14.481 		50.309
v -324.6498 		14.481 		50.3206
v -249.14 		22.36 		219.526
v -487.0702 		32.8523 		8.0438
v -487.066 		32.8523 		8.0389
v -324.3237 		14.481 		50.6912
v -324.316 		14.481 		50.7
v -324.3021 		14.481 		50.7102
v -486.889 		32.8523 		7.8869
v -486.69 		32.8522 		7.7649
v -486.4799 		32.8522 		7.6783
v -486.474 		32.8522 		7.6759
v -324 		14.481 		50.932
v -324 		14.481 		50.929
v -324.0435 		14.481 		50.9001
v -249.615 		22.428 		219.718
v -249.705 		22.111 		219.639
v -323.9426 		14.481 		50.9573
v -249.736 		21.788 		219.559
v -323.9754 		14.0243 		50.9411
v -486.2523 		32.8522 		7.6224
v -486.246 		32.8522 		7.6209
v -323.6733 		14.481 		51.0762
v -323.642 		14.481 		51.09
v -323.6264 		14.481 		51.0921
v -486.0204 		32.8522 		7.6034
v -486.014 		32.8522 		7.6029
v -487.503 		32.8526 		9.0919
v -487.484 		32.8526 		8.8589
v -487.43 		32.8525 		8.6319
v -487.34 		32.8524 		8.4159
v -487.218 		32.8524 		8.2169
v -300.9595 		4.8304 		48.2193
v -300.81 		4.8304 		48.558
v -199 		4.8422 		193
v -273.1759 		4.8419 		180.1
v -341.6 		15.681 		49.197
v -343.861 		15.681 		51.18
v -343.6 		15.681 		51.197
v -343.339 		15.681 		51.18
v -343.082 		15.681 		51.129
v -342.835 		15.681 		51.045
v -221.789 		4.8428 		190.839
v -342.6 		15.681 		50.929
v -342.382 		15.681 		50.784
v -342.186 		15.681 		50.612
v -342.013 		15.681 		50.415
v -341.868 		15.681 		50.197
v -341.752 		15.681 		49.963
v -341.668 		15.681 		49.715
v -341.617 		15.681 		49.458
v -220.506 		4.8427 		190.584
v -219.2 		4.8427 		190.499
v -217.894 		4.8427 		190.584
v -344.6 		15.681 		50.929
v -344.365 		15.681 		51.045
v -344.118 		15.681 		51.129
v -345.6 		15.681 		49.197
v -345.583 		15.681 		49.458
v -345.532 		15.681 		49.715
v -216.611 		4.8428 		190.839
v -345.448 		15.681 		49.963
v -345.332 		15.681 		50.197
v -345.187 		15.681 		50.415
v -345.014 		15.681 		50.612
v -344.818 		15.681 		50.784
v -215.372 		4.8428 		191.26
v -214.199 		4.8429 		191.839
v -213.111 		4.8429 		192.565
v -341.617 		15.681 		48.936
v -341.668 		15.681 		48.68
v -341.752 		15.681 		48.432
v -341.868 		15.681 		48.197
v -342.013 		15.681 		47.98
v -342.186 		15.681 		47.783
v -342.382 		15.681 		47.611
v -342.6 		15.681 		47.465
v -342.835 		15.681 		47.35
v -343.082 		15.681 		47.266
v -343.339 		15.681 		47.214
v -343.6 		15.681 		47.197
v -343.861 		15.681 		47.214
v -522.935 		40.081 		120.888
v -344.118 		15.681 		47.266
v -344.365 		15.681 		47.35
v -344.6 		15.681 		47.465
v -344.818 		15.681 		47.611
v -447.573 		7.548 		195.901
v -345.014 		15.681 		47.783
v -345.187 		15.681 		47.98
v -447.228 		7.895 		195.901
v -345.332 		15.681 		48.197
v -345.448 		15.681 		48.432
v -345.532 		15.681 		48.68
v -345.583 		15.681 		48.936
v -448.3642 		4.93 		195.901
v -448.366 		4.938 		195.901
v -475.2 		48.912 		40.791
v -475.45 		48.947 		40.8
v -475.369 		48.928 		40.795
v -475.526 		48.973 		40.807
v -475.285 		48.916 		40.792
v -248.097 		49.56 		40.815
v -248.679 		49.628 		40.714
v -248.7 		49.4 		40.658
v -248.113 		49.385 		40.772
v -475.597 		49.006 		40.815
v -225.289 		4.8429 		192.565
v -224.201 		4.8429 		191.839
v -475.718 		49.091 		40.836
v -475.765 		49.14 		40.848
v -223.028 		4.8428 		191.26
v -475.661 		49.046 		40.825
v -476.115 		48.735 		40.696
v -248.097 		49.211 		40.728
v -523 		40.0652 		121.0583
v -523 		40.1168 		120.909
v -475.988 		48.657 		40.676
v -248.679 		49.171 		40.601
v -342.738 		14.481 		51.011
v -342.6 		14.481 		50.929
v -342.7912 		14.481 		51.0234
v -487.43 		32.858 		27.5749
v -487.484 		32.8579 		27.3479
v -487.503 		32.8578 		27.1149
v -487.3658 		32.858 		27.729
v -486.4679 		32.8582 		28.5323
v -486.474 		32.8582 		28.5309
v -486.6842 		32.8582 		28.4433
v -486.69 		32.8582 		28.4409
v -486.889 		32.8581 		28.3189
v -249.218 		49.695 		40.584
v -487.066 		32.8581 		28.1669
v -487.2139 		32.8581 		27.9947
v -487.218 		32.8581 		27.9899
v -487.34 		32.858 		27.7909
v -249.736 		49.439 		40.345
v -486.014 		32.8582 		28.6029
v -249.705 		49.762 		40.425
v -486.246 		32.8582 		28.5849
v -249.244 		49.418 		40.515
v -249.14 		49.969 		40.651
v -249.615 		50.079 		40.504
v -522.482 		39.297 		121.535
v -522.286 		39.237 		120.888
v -522.286 		39.057 		121.272
v -475.932 		48.149 		40.465
v -522.482 		39.498 		121.103
v -475.369 		48.477 		40.632
v -475.535 		48.501 		40.637
v -249.14 		21.258 		219.253
v -249.012 		20.994 		219.187
v -522.7 		39.498 		121.756
v -522.7 		39.719 		121.285
v -249.466 		20.841 		219.324
v -249.262 		20.551 		219.252
v -522.935 		39.894 		121.429
v -249.615 		21.148 		219.4
v -342.342 		14.481 		50.787
v -342.382 		14.481 		50.784
v -345.6 		1.93 		220.3866
v -345.9891 		1.93 		205.4445
v -523 		39.9274 		121.4569
v -250.0392 		51.6122 		39.9548
v -523 		39.8629 		121.5951
v -345.8256 		1.93 		205.9518
v -345.9888 		1.93 		205.4522
v -250.032 		51.606 		39.972
v -345.823 		1.93 		205.9578
v -249.865 		51.486 		40.194
v -348.16 		1.93 		204.8
v -352.1035 		1.93 		205.843
v -352.105 		1.93 		205.8488
v -476.157 		48.226 		40.484
v -250.0612 		51.5876 		39.9509
v -352.0229 		1.93 		204.9967
v -352.25 		1.93 		206.0678
v -475.847 		48.591 		40.66
v -352.0207 		1.93 		205.004
v -352.0208 		1.93 		205.01
v -475.695 		48.539 		40.647
v -522.113 		37.909 		121.932
v -475.2 		48.47 		40.63
v -249.705 		21.465 		219.479
v -250.2265 		51.4027 		39.9216
v -352.5264 		1.93 		206.2861
v -352.5334 		1.93 		206.2909
v -250.372 		51.2327 		39.8946
v -352.9947 		1.93 		206.4129
v -250.3554 		51.2522 		39.8977
v -353 		1.93 		206.4138
v -352.2481 		1.93 		204.5354
v -352.1055 		1.93 		204.7518
v -345.7541 		1.93 		204.5427
v -249.95 		51.004 		40.313
v -345.7532 		1.93 		204.5384
v -250.383 		50.274 		40.131
v -345.7509 		1.93 		204.5341
v -345.7439 		1.93 		204.5283
v -250.201 		50.649 		40.225
v -342.1967 		14.481 		50.6214
v -342.186 		13.9252 		50.612
v -246.031 		22.299 		219.109
v -246.115 		22.31 		219.112
v -245.95 		22.28 		219.104
v -352.2571 		1.93 		204.528
v -352.679 		1.93 		204.2428
v -342.013 		13.8883 		50.415
v -342.0048 		14.481 		50.4026
v -341.827 		14.481 		50.2
v -341.868 		14.481 		50.197
v -245.874 		22.253 		219.097
v -341.669 		14.481 		49.841
v -341.752 		14.481 		49.963
v -245.803 		22.22 		219.089
v -341.668 		14.481 		49.715
v -476.321 		48.922 		40.742
v -476.227 		48.824 		40.718
v -476.396 		49.029 		40.768
v -250.201 		51.135 		40.107
v -250.468 		50.755 		40.013
v -341.617 		14.481 		49.458
v -246.2 		22.314 		219.113
v -522.113 		37.094 		122.164
v -522.113 		37.372 		122.138
v -341.617 		14.481 		48.936
v -341.668 		14.481 		48.68
v -341.827 		14.481 		48.2
v -341.752 		14.481 		48.432
v -341.868 		14.481 		48.197
v -246.45 		22.28 		219.104
v -342.059 		14.481 		47.884
v -342.013 		14.481 		47.98
v -246.285 		22.31 		219.112
v -246.369 		22.299 		219.109
v -477.048 		49.039 		40.686
v -342.186 		14.481 		47.783
v -476.857 		48.716 		40.606
v -342.451 		14.481 		47.54
v -246.526 		22.253 		219.097
v -342.382 		14.481 		47.611
v -476.968 		48.873 		40.644
v -342.5909 		14.481 		47.4711
v -476.45 		49.141 		40.796
v -246.765 		22.086 		219.056
v -246.718 		22.136 		219.068
v -342.8408 		14.481 		47.348
v -342.918 		14.481 		47.31
v -342.9879 		14.481 		47.298
v -246.661 		22.181 		219.079
v -246.597 		22.22 		219.089
v -353 		1.93 		204.1868
v -522.113 		37.645 		122.06
v -376.832 		1.93 		220.3866
v -250.032 		50.181 		40.329
v -249.865 		50.525 		40.415
v -522.113 		38.391 		121.535
v -521.968 		38.159 		121.103
v -521.968 		38.331 		120.888
v -522.113 		38.6 		121.272
v -522.113 		38.159 		121.756
v -521.968 		37.969 		121.285
v -365.9705 		1.93 		205.0087
v -365.9688 		1.93 		204.9996
v -522.113 		38.784 		120.973
v -365.9888 		1.93 		205.5024
v -365.9892 		1.93 		205.4975
v -223.353 		4.8413 		174.243
v -223.543 		4.8413 		174.8
v -225.2324 		4.8415 		176.8255
v -365.8256 		1.93 		205.9518
v -223.967 		4.8414 		175.572
v -365.8218 		1.93 		205.9596
v -365 		1.93 		206.4138
v -365.0053 		1.93 		206.4129
v -365.321 		1.93 		206.3588
v -365.3281 		1.93 		206.354
v -368.64 		1.93 		204.8
v -345.996 		4.844 		205.596
v -345.945 		4.844 		205.337
v -345.808 		4.844 		205.076
v -345.979 		4.844 		206.061
v -345.823 		4.844 		206.421
v -476.365 		48.323 		40.508
v -476.553 		48.439 		40.537
v -476.718 		48.57 		40.569
v -352.134 		4.844 		205.156
v -352.105 		4.844 		206.311
v -352.011 		4.844 		205.963
v -372.0112 		1.93 		205.4522
v -372.1744 		1.93 		205.9518
v -372.1782 		1.93 		205.9596
v -372.021 		1.93 		205.0018
v -372.0112 		1.93 		205.4424
v -372.6719 		1.93 		206.354
v -372.679 		1.93 		206.3588
v -352.25 		4.844 		206.53
v -352.004 		4.844 		205.596
v -250.133 		49.825 		40.241
v -250.493 		49.885 		40.035
v -250.53 		49.49 		39.937
v -352.1017 		4.844 		206.877
v -250.167 		49.463 		40.151
v -476.968 		48.163 		40.351
v -477.183 		48.335 		40.393
v -224.518 		4.8415 		176.26
v -372.0236 		1.93 		204.9958
v -225.206 		4.8415 		176.811
v -372.9947 		1.93 		206.4129
v -373 		1.93 		206.4138
v -223.238 		4.8411 		172.491
v -352.679 		4.844 		206.821
v -353 		4.844 		206.877
v -223.2197 		4.8412 		173.3409
v -250.662 		50.355 		39.913
v -352.256 		4.844 		204.649
v -223.2197 		4.8412 		173.381
v -352.679 		4.844 		204.705
v -365.7701 		1.93 		204.5639
v -365.7677 		1.93 		204.5603
v -365.3157 		1.93 		204.2419
v -365 		1.93 		204.1868
v -250.5796 		50.8944 		39.8409
v -223.2236 		4.8412 		173.4008
v -250.6225 		50.8243 		39.8298
v -353 		4.844 		204.649
v -250.7419 		50.5266 		39.7825
v -365.75 		4.844 		204.996
v -365.895 		4.844 		205.215
v -250.7927 		50.3994 		39.7623
v -366 		4.844 		205.763
v -365.979 		4.844 		206.061
v -365.75 		4.844 		206.53
v -365.321 		4.844 		206.821
v -365 		4.844 		206.877
v -365.7616 		1.93 		204.5559
v -365.322 		1.93 		204.2431
v -250.78 		49.941 		39.81
v -250.819 		49.519 		39.706
v -372.679 		1.93 		204.2428
v -372.4499 		1.93 		204.3569
v -372.1853 		1.93 		204.6362
v -250.8678 		49.4003 		39.6038
v -521.968 		37.547 		121.535
v -521.968 		37.322 		121.598
v -226.2475 		4.8416 		177.3268
v -521.968 		37.763 		121.429
v -521.968 		37.094 		121.62
v -226.2863 		4.8416 		177.3371
v -227.113 		4.8416 		177.539
v -228.2969 		4.8416 		177.537
v -521.968 		36.865 		121.598
v -228.2469 		4.8416 		177.539
v -250.843 		50.1524 		39.7231
v -228.4577 		4.8413 		174.3234
v -228.4171 		4.8413 		174.3406
v -227.8279 		4.8413 		174.499
v -227.7706 		4.8413 		174.4968
v -227.3932 		4.8413 		174.4308
v -227.1814 		4.8413 		174.3384
v -227.1083 		4.8413 		174.2894
v -226.9218 		4.8413 		174.1528
v -250.8897 		49.5291 		39.6242
v -250.8853 		49.7758 		39.6634
v -250.8815 		49.9649 		39.6934
v -245.803 		49.006 		40.815
v -245.874 		48.973 		40.807
v -245.95 		48.947 		40.8
v -246.031 		48.928 		40.795
v -226.5881 		4.8412 		173.6426
v -226.4976 		4.8412 		173.1919
v -246.115 		48.916 		40.792
v -226.5084 		4.8412 		173.0381
v -226.5266 		4.8412 		172.9831
v -226.6741 		4.8411 		172.5478
v -226.6977 		4.8411 		172.518
v -226.943 		4.8411 		172.223
v -228.3811 		4.8411 		172.056
v -228.451 		4.8411 		172.072
v -228.6374 		4.8411 		172.2087
v -228.6924 		4.8411 		172.2761
v -229.03 		4.8412 		172.782
v -229.0879 		4.8412 		173.1214
v -229.094 		4.8412 		173.1651
v -228.9772 		4.8412 		173.7235
v -246.2 		48.912 		40.791
v -228.9229 		4.8412 		173.8221
v -226.6559 		4.8412 		173.7811
v -487.503 		24.929 		9.0898
v -487.484 		24.929 		8.8568
v -487.43 		24.929 		8.6298
v -487.34 		24.929 		8.4138
v -487.218 		24.929 		8.2148
v -487.134 		24.929 		8.1164
v -487.066 		24.929 		8.0372
v -486.889 		24.929 		7.8852
v -486.69 		24.929 		7.7632
v -486.5706 		24.929 		7.714
v -486.474 		24.929 		7.6738
v -486.348 		24.929 		7.6434
v -486.246 		24.929 		7.6192
v -228.7528 		4.8413 		174.0782
v -486.1178 		24.929 		7.6093
v -486.014 		24.929 		7.6008
v -486.014 		24.929 		28.6012
v -486.246 		24.929 		28.5832
v -486.3721 		24.929 		28.5533
v -486.474 		24.929 		28.5288
v -486.5935 		24.929 		28.479
v -486.69 		24.929 		28.4392
v -486.889 		24.929 		28.3172
v -372.177 		4.844 		205.105
v -487.066 		24.929 		28.1652
v -372.021 		4.844 		206.061
v -487.1501 		24.929 		28.0673
v -487.218 		24.929 		27.9878
v -372.25 		4.844 		206.53
v -487.34 		24.929 		27.7888
v -372.021 		4.844 		205.465
v -487.43 		24.929 		27.5728
v -487.484 		24.929 		27.3458
v -487.503 		24.929 		27.1128
v -372.177 		1.93 		204.6428
v -372.679 		4.844 		206.821
v -373 		1.93 		204.1868
v -484.06 		24.929 		25.161
v -371.4091 		4.844 		206.877
v -484.76 		24.929 		20.561
v -484.06 		24.929 		20.561
v -484.76 		24.929 		24.161
v -484.06 		24.929 		24.161
v -373 		4.844 		206.877
v -484.76 		24.929 		12.061
v -484.06 		24.929 		12.061
v -484.06 		24.929 		11.061
v -484.76 		24.929 		15.661
v -484.06 		24.929 		15.661
v -475.695 		48.092 		40.451
v -246.2 		21.86 		218.982
v -385 		1.93 		206.4138
v -385.0053 		1.93 		206.4129
v -521.852 		37.094 		121.033
v -385.9705 		1.93 		205.0087
v -385.9688 		1.93 		204.9996
v -521.852 		37.268 		121.017
v -385.9888 		1.93 		205.5024
v -385.9892 		1.93 		205.4975
v -521.852 		37.606 		120.888
v -385.8256 		1.93 		205.9518
v -385.8218 		1.93 		205.9596
v -385.321 		1.93 		206.3588
v -385.3281 		1.93 		206.354
v -521.852 		37.44 		120.968
v -392.0112 		1.93 		205.4522
v -392.1744 		1.93 		205.9518
v -392.1782 		1.93 		205.9596
v -392.021 		1.93 		205.0018
v -392.0112 		1.93 		205.4424
v -392.6719 		1.93 		206.354
v -521.852 		36.919 		121.017
v -392.9947 		1.93 		206.4129
v -393 		1.93 		206.4138
v -392.679 		1.93 		206.3588
v -392.0236 		1.93 		204.9958
v -385 		1.93 		204.1868
v -385.7701 		1.93 		204.5639
v -385.7677 		1.93 		204.5603
v -385.3157 		1.93 		204.2419
v -385.7616 		1.93 		204.5559
v -485.477 		23.439 		27.578
v -485.859 		23.439 		27.502
v -486.184 		23.439 		27.285
v -486.354 		23.439 		27.047
v -385.322 		1.93 		204.2431
v -392.679 		1.93 		204.2428
v -392.4499 		1.93 		204.3569
v -392.1853 		1.93 		204.6362
v -392.177 		1.93 		204.6428
v -228.9712 		4.8412 		173.7591
v -393 		1.93 		204.1868
v -475.2 		47.651 		40.224
v -475.2 		48.047 		40.439
v -486.184 		20.929 		27.285
v -486.308 		20.929 		27.133
v -476.157 		47.784 		40.257
v -405.0053 		1.93 		206.4129
v -405.321 		1.93 		206.3588
v -405 		1.93 		206.4138
v -475.847 		47.71 		40.238
v -365 		4.844 		204.649
v -365.383 		4.844 		204.726
v -405.3281 		1.93 		206.354
v -368.64 		4.844 		204.649
v -475.45 		48.058 		40.442
v -405.9705 		1.93 		205.0087
v -405.9688 		1.93 		204.9996
v -405.9888 		1.93 		205.5024
v -405.9892 		1.93 		205.4975
v -475.526 		47.666 		40.227
v -405.8256 		1.93 		205.9518
v -405.8218 		1.93 		205.9596
v -522.482 		38.784 		122.267
v -522.482 		38.482 		122.555
v -522.286 		38.331 		122.182
v -522.286 		38.6 		121.925
v -405.7701 		1.93 		204.5639
v -405.7677 		1.93 		204.5603
v -405.3157 		1.93 		204.2419
v -405 		1.93 		204.1868
v -405.7616 		1.93 		204.5559
v -405.322 		1.93 		204.2431
v -246.718 		49.091 		40.836
v -246.765 		49.14 		40.848
v -246.661 		49.046 		40.825
v -372.679 		4.844 		204.705
v -475.597 		47.306 		39.991
v -373 		4.844 		204.649
v -475.988 		47.361 		40.004
v -475.2 		47.288 		39.986
v -226.6766 		4.8413 		173.8577
v -382.159 		4.845 		217.811
v -382.159 		4.8445 		212.502
v -412.0112 		1.93 		205.4522
v -412.1744 		1.93 		205.9518
v -412.1782 		1.93 		205.9596
v -412.021 		1.93 		205.0018
v -412.0112 		1.93 		205.4424
v -305 		4.844 		206.877
v -412.6719 		1.93 		206.354
v -476.45 		47.885 		40.282
v -476.722 		47.574 		40.057
v -476.365 		47.45 		40.026
v -305.945 		4.844 		205.337
v -305.996 		4.844 		205.596
v -412.9947 		1.93 		206.4129
v -413 		1.93 		206.4138
v -412.679 		1.93 		206.3588
v -476.722 		48.012 		40.313
v -477.053 		47.728 		40.095
v -305.808 		4.844 		205.076
v -305.979 		4.844 		206.061
v -305.75 		4.844 		206.53
v -412.0236 		1.93 		204.9958
v -305.554 		4.844 		206.704
v -311.296 		4.844 		206.877
v -412.679 		1.93 		204.2428
v -412.4499 		1.93 		204.3569
v -412.1853 		1.93 		204.6362
v -305 		4.844 		204.649
v -305.383 		4.844 		204.726
v -311.296 		4.844 		204.649
v -313 		4.844 		206.877
v -312.134 		4.844 		205.156
v -312.011 		4.844 		205.963
v -476.968 		47.297 		39.813
v -476.553 		47.154 		39.777
v -312.105 		4.844 		206.311
v -312.004 		4.844 		205.596
v -312.679 		4.844 		206.821
v -312.25 		4.844 		206.53
v -522.482 		38.156 		122.785
v -522.286 		38.041 		122.386
v -522.7 		38.609 		122.87
v -325 		4.844 		206.877
v -325.996 		4.844 		205.596
v -325.945 		4.844 		205.337
v -325.808 		4.844 		205.076
v -325.979 		4.844 		206.061
v -325.823 		4.844 		206.421
v -325.321 		4.844 		206.821
v -325.554 		4.844 		206.704
v -485.477 		20.929 		27.578
v -485.859 		20.929 		27.502
v -246.597 		49.006 		40.815
v -246.526 		48.973 		40.807
v -223.353 		4.8411 		171.913
v -246.285 		48.916 		40.792
v -246.369 		48.928 		40.795
v -246.45 		48.947 		40.8
v -224.518 		4.8409 		169.896
v -223.8105 		4.841 		170.8168
v -223.7986 		4.841 		170.837
v -485.928 		20.491 		27.44
v -486.094 		20.634 		27.35
v -223.3639 		4.8411 		171.885
v -224.4982 		4.8409 		169.9203
v -412.177 		1.93 		204.6428
v -413 		1.93 		204.1868
v -486.391 		20.639 		26.955
v -360.448 		1.93 		38.887
v -227.5648 		4.8411 		171.9388
v -227.6381 		4.8411 		171.9084
v -346.92 		1.93 		39.731
v -347.386 		1.93 		39.731
v -227.3412 		4.8411 		171.9931
v -486.401 		20.929 		26.96
v -346.2105 		1.93 		41.5987
v -346.92 		1.93 		41.554
v -346.5169 		1.93 		41.5611
v -346.3052 		1.93 		41.5669
v -346.92 		1.93 		43
v -346.7798 		1.93 		41.155
v -346.92 		1.93 		41.155
v -345.7147 		1.93 		41.8242
v -345.6938 		1.93 		41.8794
v -345.9387 		1.93 		41.6474
v -345.7749 		1.93 		41.7674
v -345.7404 		1.93 		41.3053
v -346.037 		1.93 		41.215
v -227.7919 		4.8411 		171.8985
v -228.2426 		4.8411 		171.9881
v -345.671 		1.93 		42.688
v -345.953 		1.93 		42.922
v -347.386 		1.93 		43.399
v -346.373 		1.93 		43.399
v -345.656 		1.93 		43.28
v -347.809 		1.93 		47.2041
v -347.9708 		1.93 		47.4707
v -348.1575 		1.93 		48.1119
v -345.898 		1.93 		45.147
v -346.1493 		1.93 		45.3317
v -347.0012 		1.93 		46.0412
v -347.2168 		1.93 		46.2664
v -348.3251 		1.93 		48.8149
v -348.2706 		1.93 		48.4028
v -246.535 		48.501 		40.637
v -225.45 		4.8408 		169.181
v -347.4977 		1.93 		48.973
v -347.4299 		1.93 		48.6331
v -347.297 		1.93 		48.092
v -347.1922 		1.93 		47.8534
v -346.8644 		1.93 		47.1883
v -346.7103 		1.93 		46.9781
v -346.3613 		1.93 		46.5426
v -346.1008 		1.93 		46.3142
v -345.666 		1.93 		45.966
v -226.257 		4.8408 		168.825
v -246.369 		48.477 		40.632
v -348.3687 		1.93 		49.9223
v -348.355 		1.93 		50.13
v -486.437 		20.505 		26.757
v -484.06 		23.439 		25.161
v -486.477 		23.439 		26.578
v -486.477 		20.929 		26.578
v -478.012 		48.603 		40.312
v -246.031 		48.477 		40.632
v -477.836 		48.353 		40.25
v -348.119 		1.93 		51.089
v -347.023 		1.93 		51.407
v -477.51 		48.73 		40.492
v -347.4702 		1.93 		49.9614
v -347.5043 		1.93 		49.7906
v -347.385 		1.93 		50.512
v -347.51 		1.93 		49.5304
v -246.2 		48.47 		40.63
v -477.365 		48.525 		40.441
v -477.615 		48.947 		40.545
v -478.14 		48.866 		40.378
v -246.695 		48.539 		40.647
v -359.449 		1.93 		62.419
v -357.137 		1.93 		64.731
v -358.742 		1.93 		63.126
v -356.43 		1.93 		65.438
v -245.865 		48.501 		40.637
v -346.92 		2.636 		39.731
v -347.386 		2.636 		39.731
v -346.92 		2.636 		41.155
v -346.92 		2.636 		41.554
v -346.92 		2.636 		43
v -478.466 		48.492 		40.11
v -478.262 		48.202 		40.038
v -247.321 		48.922 		40.742
v -247.227 		48.824 		40.718
v -247.115 		48.735 		40.696
v -346.443 		2.636 		41.155
v -346.2 		2.636 		41.574
v -478.705 		49.116 		40.265
v -247.396 		49.029 		40.768
v -478.218 		49.14 		40.446
v -345.878 		2.636 		41.682
v -479.133 		49.101 		40.061
v -247.45 		49.141 		40.796
v -479.032 		48.745 		39.973
v -246.988 		48.657 		40.676
v -478.615 		48.799 		40.186
v -345.673 		2.636 		41.875
v -345.953 		2.636 		42.922
v -345.671 		2.636 		42.688
v -345.602 		2.636 		42.063
v -522.286 		37.734 		122.535
v -477.352 		47.912 		40.141
v -522.286 		37.094 		122.655
v -522.286 		37.417 		122.625
v -247.365 		48.323 		40.508
v -247.157 		48.226 		40.484
v -478.005 		47.933 		39.971
v -477.615 		48.121 		40.193
v -246.847 		48.591 		40.66
v -247.553 		48.439 		40.537
v -247.718 		48.57 		40.569
v -522.286 		38.844 		121.62
v -478.865 		48.401 		39.887
v -479.201 		48.331 		39.649
v -246.932 		48.149 		40.465
v -522.113 		39.206 		119.517
v -522.113 		39.152 		119.908
v -522.113 		39.062 		120.285
v -522.113 		38.939 		120.642
v -477.7 		47.69 		39.911
v -477.352 		47.477 		39.858
v -477.615 		47.262 		39.604
v -478.005 		47.501 		39.664
v -246.695 		48.092 		40.451
v -522.113 		39.224 		119.12
v -347.386 		2.636 		43.399
v -245.874 		47.666 		40.227
v -245.803 		47.306 		39.991
v -345.656 		2.636 		43.28
v -346.373 		2.636 		43.399
v -478.146 		47.1656 		39.2491
v -246.526 		47.666 		40.227
v -246.597 		47.306 		39.991
v -246.2 		47.288 		39.986
v -478.3661 		47.2898 		39.2688
v -478.262 		47.348 		39.405
v -246.2 		47.651 		40.224
v -478.5408 		47.4163 		39.2889
v -478.778 		47.5875 		39.3161
v -478.635 		47.646 		39.479
v -246.45 		48.058 		40.442
v -478.347 		47.774 		39.732
v -246.2 		48.047 		40.439
v -478.8937 		47.6947 		39.3331
v -479.1383 		47.921 		39.369
v -478.95 		47.975 		39.561
v -245.95 		48.058 		40.442
v -478.635 		48.076 		39.807
v -479.201 		47.9978 		39.3812
v -485.049 		18.682 		27.042
v -475.661 		46.987 		39.736
v -476.115 		47.05 		39.752
v -485.331 		19.596 		27.395
v -485.208 		19.131 		27.241
v -475.2 		46.688 		39.462
v -475.2 		46.966 		39.731
v -485.315 		19.017 		27.187
v -485.342 		18.729 		27.028
v -475.2 		46.461 		39.185
v -475.718 		46.712 		39.468
v -475.765 		46.487 		39.191
v -522.7 		40.021 		120.24
v -522.935 		40.217 		120.315
v -485.457 		20.439 		27.554
v -485.417 		20.075 		27.503
v -486.162 		20.047 		27.157
v -523 		40.2544 		120.3295
v -523 		40.3155 		119.8933
v -486.202 		20.339 		27.197
v -523 		40.217 		120.4868
v -475.2 		46.4282 		39.132
v -485.712 		20.072 		27.459
v -475.6552 		46.4481 		39.1352
v -475.7724 		46.4534 		39.136
v -522.7 		39.894 		120.777
v -485.879 		20.056 		27.386
v -522.286 		39.484 		120.035
v -522.286 		39.38 		120.473
v -485.747 		20.356 		27.499
v -476.2088 		46.5101 		39.145
v -476.3378 		46.5267 		39.1477
v -476.321 		46.564 		39.21
v -522.482 		39.659 		120.638
v -485.941 		19.62 		27.192
v -485.564 		19.666 		27.386
v -522.482 		39.776 		120.146
v -476.738 		46.6151 		39.1617
v -476.8871 		46.6482 		39.167
v -476.857 		46.691 		39.242
v -476.227 		46.783 		39.486
v -485.761 		19.493 		27.256
v -485.827 		19.772 		27.329
v -476.718 		46.899 		39.515
v -486.034 		19.479 		27.033
v -477.183 		47.06 		39.554
v -522.935 		40.327 		119.12
v -522.935 		40.3 		119.723
v -522.7 		40.125 		119.12
v -486.338 		20.347 		26.99
v -522.7 		40.099 		119.685
v -486.24 		19.775 		26.902
v -486.326 		20.063 		26.897
v -523 		40.3382 		119.7301
v -523 		40.3581 		119.2858
v -523 		40.3657 		119.12
v -477.836 		47.087 		39.34
v -486.33 		19.807 		26.668
v -477.2401 		46.7619 		39.185
v -477.4136 		46.8178 		39.1939
v -477.365 		46.867 		39.286
v -477.7115 		46.9468 		39.2144
v -477.9088 		47.0324 		39.2279
v -486.124 		19.36 		26.798
v -485.515 		18.97 		27.105
v -522.286 		39.547 		119.581
v -522.286 		39.569 		119.12
v -522.482 		39.87 		119.12
v -479.493 		49.095 		39.839
v -485.787 		18.939 		26.91
v -522.482 		39.847 		119.638
v -485.55 		18.69 		26.903
v -479.78 		49.097 		39.601
v -485.682 		19.22 		27.169
v -485.947 		19.205 		26.948
v -479.662 		48.682 		39.498
v -485.734 		18.681 		26.74
v -479.383 		48.706 		39.742
v -521.968 		38.482 		120.642
v -479.7933 		49.0308 		39.5451
v -479.8176 		49.099 		39.5559
v -419.917 		1.93 		96.378
v -479.617 		48.5892 		39.475
v -479.662 		48.6699 		39.4878
v -479.6686 		48.6818 		39.4897
v -418.475 		1.93 		96.378
v -418.941 		1.93 		96.378
v -521.852 		38.041 		120.473
v -479.4596 		48.3239 		39.4329
v -521.852 		37.909 		120.638
v -479.4379 		48.2875 		39.4272
v -521.968 		38.609 		120.37
v -228.287 		4.8408 		168.616
v -227.113 		4.8408 		168.616
v -485.264 		18.395 		26.822
v -485.456 		18.363 		26.689
v -312.679 		4.844 		204.705
v -313 		4.844 		204.649
v -486.014 		17.932 		28.5997
v -486.014 		17.929 		28.5997
v -325 		4.844 		204.649
v -246.661 		21.535 		218.919
v -486.246 		17.929 		28.5817
v -486.246 		17.932 		28.5817
v -325.383 		4.844 		204.726
v -486.474 		17.932 		28.5269
v -486.2876 		17.932 		28.5719
v -486.2876 		17.929 		28.5719
v -486.474 		17.929 		28.5269
v -486.5134 		17.929 		28.5105
v -486.5134 		17.932 		28.5105
v -486.69 		17.932 		28.4377
v -246.718 		21.58 		218.93
v -486.69 		17.929 		28.4377
v -486.889 		17.929 		28.3157
v -486.889 		17.932 		28.3157
v -327.68 		4.844 		204.649
v -487.066 		17.929 		28.1637
v -487.066 		17.932 		28.1637
v -487.218 		17.932 		27.9859
v -487.0938 		17.932 		28.1314
v -487.0937 		17.929 		28.1315
v -487.218 		17.929 		27.9859
v -246.765 		21.63 		218.943
v -418.4754 		1.93 		96.8925
v -487.34 		17.929 		27.7869
v -487.34 		17.932 		27.7869
v -419.44 		1.93 		96.378
v -331.776 		4.844 		206.877
v -486.381 		19.954 		26.501
v -486.294 		19.596 		26.432
v -415.469 		1.93 		96.378
v -486.453 		20.439 		26.558
v -333 		4.844 		206.877
v -415.939 		1.93 		96.378
v -415.9388 		1.93 		96.8762
v -417.044 		1.93 		96.378
v -417.429 		1.93 		96.378
v -332.134 		4.844 		205.156
v -417.218 		1.93 		97.055
v -417.203 		1.93 		97.055
v -228.3196 		4.8408 		168.624
v -418.216 		1.93 		100.046
v -418.523 		1.93 		99.588
v -418.4894 		1.93 		98.9957
v -332.105 		4.844 		206.311
v -332.011 		4.844 		205.963
v -418.4793 		1.93 		98.8053
v -418.505 		1.93 		99.588
v -332.679 		4.844 		206.821
v -332.25 		4.844 		206.53
v -418.941 		1.93 		100.046
v -332.004 		4.844 		205.596
v -415.469 		1.93 		100.046
v -521.968 		38.71 		120.076
v -521.852 		38.156 		120.285
v -521.852 		38.254 		120.076
v -521.852 		38.331 		119.852
v -332.679 		4.844 		204.705
v -333 		4.844 		204.649
v -339.365 		8.809 		199.901
v -339.878 		8.899 		199.901
v -337.965 		8.2 		199.901
v -338.4 		8.456 		199.901
v -338.869 		8.661 		199.901
v -337.754 		5.091 		199.901
v -337.7903 		4.93 		199.901
v -337.731 		5.399 		199.901
v -337.754 		5.706 		199.901
v -337.822 		6.008 		199.901
v -246.803 		22.033 		219.043
v -337.934 		6.3 		199.901
v -338.088 		6.577 		199.901
v -338.282 		6.833 		199.901
v -338.513 		7.065 		199.901
v -338.775 		7.268 		199.901
v -339.065 		7.439 		199.901
v -339.379 		7.576 		199.901
v -339.709 		7.675 		199.901
v -521.852 		37.763 		120.777
v -336.4 		5.399 		199.901
v -336.434 		5.859 		199.901
v -336.536 		6.312 		199.901
v -336.704 		6.75 		199.901
v -336.936 		7.164 		199.901
v -337.227 		7.548 		199.901
v -337.572 		7.895 		199.901
v -247.396 		22.198 		219.135
v -336.4358 		4.93 		199.901
v -336.434 		4.938 		199.901
v -340.4 		8.929 		199.901
v -340.922 		8.899 		199.901
v -341.435 		8.809 		199.901
v -341.931 		8.661 		199.901
v -342.4 		8.456 		199.901
v -342.835 		8.2 		199.901
v -342.978 		6.008 		199.901
v -343.046 		5.706 		199.901
v -343.069 		5.399 		199.901
v -343.046 		5.091 		199.901
v -343.0097 		4.93 		199.901
v -247.45 		22.086 		219.108
v -340.052 		7.735 		199.901
v -340.4 		7.755 		199.901
v -340.748 		7.735 		199.901
v -341.091 		7.675 		199.901
v -341.421 		7.576 		199.901
v -247.722 		48.012 		40.313
v -247.45 		47.885 		40.282
v -341.735 		7.439 		199.901
v -342.025 		7.268 		199.901
v -342.287 		7.065 		199.901
v -342.518 		6.833 		199.901
v -246.988 		47.361 		40.004
v -342.712 		6.577 		199.901
v -342.866 		6.3 		199.901
v -246.847 		47.71 		40.238
v -247.157 		47.784 		40.257
v -247.365 		47.45 		40.026
v -343.228 		7.895 		199.901
v -343.573 		7.548 		199.901
v -343.864 		7.164 		199.901
v -247.722 		47.574 		40.057
v -485.863 		18.703 		26.562
v -467.911 		1.93 		220.3866
v -416.164 		1.93 		100.046
v -485.961 		18.752 		26.359
v -467.911 		1.93 		204.8
v -415.9341 		1.93 		98.8031
v -415.9099 		1.93 		99.3783
v -415.902 		1.93 		99.584
v -415.924 		1.93 		99.584
v -486.075 		19.006 		26.454
v -486.174 		19.267 		26.538
v -485.886 		18.573 		26.105
v -521.768 		37.094 		120.414
v -521.768 		37.212 		120.403
v -521.768 		36.975 		120.403
v -521.768 		37.328 		120.37
v -246.803 		21.683 		218.956
v -419.917 		2.336 		96.378
v -229.3931 		4.8416 		177.2434
v -418.475 		2.336 		96.378
v -418.941 		2.336 		96.378
v -521.768 		37.547 		120.24
v -231.2567 		4.8414 		175.8321
v -521.768 		37.44 		120.315
v -230.4541 		4.8415 		176.6347
v -521.768 		37.734 		120.035
v -521.768 		37.812 		119.908
v -521.768 		37.645 		120.146
v -231.2901 		4.8414 		175.7822
v -231.857 		4.8413 		174.8
v -246.83 		21.74 		218.97
v -246.847 		21.798 		218.984
v -467.911 		4.844 		204.649
v -231.8687 		4.8413 		174.7412
v -232.0522 		4.8413 		174.2032
v -472.1035 		1.93 		205.843
v -472.105 		1.93 		205.8488
v -472.0005 		1.93 		205.2959
v -246.853 		21.858 		218.999
v -472.4713 		1.93 		206.2536
v -472.1074 		1.93 		205.8524
v -232.1817 		4.8412 		173.361
v -246.847 		21.917 		219.014
v -472.0002 		1.93 		205.3041
v -246.83 		21.976 		219.029
v -472.4837 		1.93 		206.2594
v -472.8082 		1.93 		206.3931
v -472.4745 		1.93 		206.2565
v -473 		1.93 		206.4138
v -472.679 		1.93 		204.2428
v -472.342 		1.93 		204.4398
v -472.1266 		1.93 		204.7201
v -472.1215 		1.93 		204.7294
v -473 		1.93 		204.1868
v -419.44 		2.336 		96.378
v -415.469 		2.336 		96.378
v -415.939 		2.336 		96.378
v -417.044 		2.336 		96.378
v -417.429 		2.336 		96.378
v -485.4709 		17.932 		25.7733
v -485.634 		18.152 		25.904
v -417.203 		2.336 		97.055
v -417.218 		2.336 		97.055
v -485.724 		18.394 		26.365
v -232.1623 		4.8411 		172.511
v -485.383 		18.059 		26.398
v -232.1571 		4.8411 		172.4713
v -485.4576 		17.932 		25.8253
v -485.506 		18.082 		26.24
v -418.216 		2.336 		100.046
v -229.422 		4.8416 		177.235
v -418.505 		2.336 		99.588
v -418.523 		2.336 		99.588
v -418.941 		2.336 		100.046
v -487.43 		17.932 		27.5709
v -487.43 		17.929 		27.5709
v -487.484 		17.932 		27.3439
v -487.484 		17.929 		27.3439
v -487.503 		17.932 		27.1109
v -487.503 		17.929 		27.1109
v -418.48 		2.336 		98.829
v -485.7523 		1.93 		206.0641
v -485.8949 		1.93 		205.8487
v -485.7467 		1.93 		206.0705
v -247.483 		21.97 		219.079
v -247.396 		21.505 		218.963
v -484.06 		23.439 		20.561
v -485.9873 		1.93 		205.5065
v -485.9891 		1.93 		205.498
v -485.3189 		1.93 		206.3593
v -247.45 		21.617 		218.991
v -485.3248 		1.93 		206.3567
v -485.0032 		1.93 		206.4134
v -247.483 		21.733 		219.02
v -485 		1.93 		206.4138
v -415.469 		2.336 		100.046
v -247.494 		21.852 		219.049
v -416.164 		2.336 		100.046
v -415.924 		2.336 		99.584
v -415.902 		2.336 		99.584
v -415.933 		2.336 		98.847
v -485.9031 		1.93 		204.7808
v -485.7507 		1.93 		204.534
v -485.3157 		1.93 		204.2419
v -485 		1.93 		204.1868
v -485.7454 		1.93 		204.5291
v -484.06 		23.439 		24.161
v -484.76 		23.439 		20.561
v -485.3235 		1.93 		204.2439
v -230.4042 		4.8415 		176.6681
v -484.76 		23.439 		24.161
v -485.9065 		1.93 		204.7929
v -485.9062 		1.93 		204.7874
v -485.4661 		17.932 		22.9748
v -231.727 		4.841 		171.092
v -231.7146 		4.841 		171.0708
v -230.1857 		4.8408 		169.3378
v -230.155 		4.8408 		169.3242
v -229.4114 		4.8408 		168.9164
v -521.768 		37.969 		119.455
v -521.768 		37.931 		119.615
v -521.852 		38.387 		119.615
v -472.342 		4.844 		204.902
v -521.852 		38.422 		119.369
v -521.968 		38.784 		119.767
v -472.105 		4.844 		206.311
v -472.011 		4.844 		205.963
v -521.968 		38.829 		119.446
v -472.03 		4.844 		205.466
v -245.803 		21.496 		218.909
v -245.874 		21.462 		218.901
v -472.25 		4.844 		206.53
v -245.95 		21.436 		218.894
v -473 		4.844 		206.877
v -246.031 		21.417 		218.89
v -472.446 		4.844 		206.704
v -246.115 		21.405 		218.887
v -246.2 		21.401 		218.886
v -472.1851 		4.844 		206.8717
v -521.968 		38.844 		119.12
v -521.852 		38.422 		118.87
v -472.679 		4.844 		204.705
v -521.768 		37.992 		118.951
v -521.768 		37.969 		118.785
v -473 		4.844 		204.649
v -521.852 		38.433 		119.12
v -521.768 		37.999 		119.12
v -246.597 		21.496 		218.909
v -521.768 		37.992 		119.289
v -232.047 		4.8411 		171.913
v -485.887 		4.844 		206.307
v -485.55 		4.844 		206.697
v -230.9018 		4.8409 		169.9203
v -485.792 		4.844 		205.067
v -485.998 		4.844 		205.796
v -485.195 		4.844 		206.855
v -521.968 		38.829 		118.793
v -246.285 		21.405 		218.887
v -246.369 		21.417 		218.89
v -230.882 		4.8409 		169.896
v -485 		4.844 		206.877
v -230.2212 		4.8409 		169.365
v -246.45 		21.436 		218.894
v -246.526 		21.462 		218.901
v -246.695 		21.015 		218.842
v -486.401 		20.061 		18.111
v -486.306 		19.635 		18.111
v -393.216 		4.281 		38.887
v -486.008 		18.816 		18.111
v -486.175 		19.219 		18.111
v -345 		4.844 		206.877
v -345.321 		4.844 		206.821
v -345.554 		4.844 		206.704
v -485.69 		18.246 		18.111
v -345 		4.844 		204.649
v -345.383 		4.844 		204.726
v -344.096 		6.75 		199.901
v -344.264 		6.312 		199.901
v -344.366 		5.859 		199.901
v -344.4 		5.399 		199.901
v -344.366 		4.938 		199.901
v -344.3642 		4.93 		199.901
v -521.768 		37.878 		119.767
v -521.717 		37.516 		119.369
v -521.717 		37.489 		119.446
v -339.878 		8.899 		195.901
v -339.365 		8.809 		195.901
v -338.869 		8.661 		195.901
v -338.4 		8.456 		195.901
v -337.965 		8.2 		195.901
v -337.7903 		4.93 		195.901
v -337.754 		5.091 		195.901
v -521.717 		37.456 		119.517
v -337.731 		5.399 		195.901
v -337.754 		5.706 		195.901
v -337.822 		6.008 		195.901
v -247.553 		47.154 		39.777
v -337.934 		6.3 		195.901
v -338.088 		6.577 		195.901
v -338.282 		6.833 		195.901
v -521.717 		37.417 		119.581
v -338.513 		7.065 		195.901
v -338.775 		7.268 		195.901
v -339.065 		7.439 		195.901
v -339.379 		7.576 		195.901
v -300.717 		13.581 		49.458
v -300.768 		13.581 		49.715
v -339.709 		7.675 		195.901
v -300.852 		13.581 		49.963
v -300.7 		13.581 		49.197
v -300.968 		13.581 		50.197
v -336.4358 		4.93 		195.901
v -485.979 		4.844 		205.465
v -337.572 		7.895 		195.901
v -337.227 		7.548 		195.901
v -301.113 		13.581 		50.415
v -336.936 		7.164 		195.901
v -336.704 		6.75 		195.901
v -336.536 		6.312 		195.901
v -336.434 		5.859 		195.901
v -336.4 		5.399 		195.901
v -336.434 		4.938 		195.901
v -301.113 		13.581 		47.98
v -300.968 		13.581 		48.197
v -300.852 		13.581 		48.432
v -300.768 		13.581 		48.68
v -300.717 		13.581 		48.936
v -342.835 		8.2 		195.901
v -342.4 		8.456 		195.901
v -341.931 		8.661 		195.901
v -341.435 		8.809 		195.901
v -340.922 		8.899 		195.901
v -340.4 		8.929 		195.901
v -342.978 		6.008 		195.901
v -343.046 		5.706 		195.901
v -245.865 		20.977 		218.832
v -343.069 		5.399 		195.901
v -343.046 		5.091 		195.901
v -343.0097 		4.93 		195.901
v -340.052 		7.735 		195.901
v -246.031 		20.954 		218.827
v -340.4 		7.755 		195.901
v -340.748 		7.735 		195.901
v -341.091 		7.675 		195.901
v -341.421 		7.576 		195.901
v -341.735 		7.439 		195.901
v -342.025 		7.268 		195.901
v -246.2 		20.946 		218.825
v -342.287 		7.065 		195.901
v -342.518 		6.833 		195.901
v -245.95 		20.514 		218.803
v -342.712 		6.577 		195.901
v -342.866 		6.3 		195.901
v -343.864 		7.164 		195.901
v -247.857 		48.716 		40.606
v -246.2 		20.503 		218.8
v -247.968 		48.873 		40.644
v -248.51 		48.73 		40.492
v -248.048 		49.039 		40.686
v -248.615 		48.947 		40.545
v -485 		4.844 		204.649
v -485.469 		4.844 		204.774
v -343.573 		7.548 		195.901
v -343.228 		7.895 		195.901
v -344.4 		5.399 		195.901
v -344.366 		5.859 		195.901
v -344.264 		6.312 		195.901
v -344.096 		6.75 		195.901
v -344.3642 		4.93 		195.901
v -344.366 		4.938 		195.901
v -477.2426 		9.931 		41.7
v -477.5225 		9.9497 		41.7
v -477.7615 		9.9979 		41.7
v -478.036 		10.0533 		41.7
v -478.532 		10.2234 		41.7
v -478.7507 		10.3329 		41.7
v -479.001 		10.4577 		41.7
v -479.2043 		10.5951 		41.7
v -479.4365 		10.7524 		41.7
v -246.535 		20.977 		218.832
v -246.369 		20.954 		218.827
v -246.45 		20.514 		218.803
v -248.365 		48.525 		40.441
v -248.183 		48.335 		40.393
v -246.695 		20.548 		218.811
v -247.968 		48.163 		40.351
v -246.847 		21.068 		218.855
v -247.115 		21.211 		218.891
v -246.988 		21.133 		218.871
v -247.321 		21.399 		218.937
v -247.227 		21.3 		218.913
v -484.06 		23.439 		15.661
v -484.76 		23.439 		15.661
v -249.14 		48.866 		40.378
v -249.012 		48.603 		40.312
v -249.218 		49.14 		40.446
v -249.466 		48.492 		40.11
v -249.615 		48.799 		40.186
v -249.262 		48.202 		40.038
v -248.836 		48.353 		40.25
v -249.705 		49.116 		40.265
v -485.4661 		17.932 		13.2472
v -521.717 		37.268 		119.723
v -521.717 		37.212 		119.75
v -521.717 		37.153 		119.767
v -521.717 		37.372 		119.638
v -521.717 		37.322 		119.685
v -521.717 		37.034 		119.767
v -521.717 		37.094 		119.772
v -521.717 		36.919 		119.723
v -521.717 		36.975 		119.75
v -248.053 		47.728 		40.095
v -484.76 		23.439 		12.061
v -484.06 		23.439 		12.061
v -484.06 		23.439 		11.061
v -248.352 		47.912 		40.141
v -248.615 		48.121 		40.193
v -521.717 		36.865 		119.685
v -486.477 		23.439 		9.644
v -486.457 		23.439 		9.449
v -486.354 		23.439 		9.175
v -486.108 		23.439 		8.875
v -485.859 		23.439 		8.72
v -485.477 		23.439 		8.644
v -249.005 		47.933 		39.971
v -486.401 		20.929 		9.262
v -521.717 		37.489 		118.793
v -521.717 		37.516 		118.87
v -521.717 		37.535 		118.951
v -521.717 		37.547 		119.035
v -521.717 		37.55 		119.12
v -521.717 		37.547 		119.205
v -521.717 		37.535 		119.289
v -247.968 		47.297 		39.813
v -486.477 		20.929 		9.644
v -486.445 		20.508 		9.51
v -248.352 		47.477 		39.858
v -248.615 		47.262 		39.604
v -248.7 		47.69 		39.911
v -486.423 		20.642 		9.353
v -384.176 		8.787 		215.827
v -383.775 		8.787 		215.606
v -383.405 		8.787 		215.336
v -384.603 		8.787 		215.993
v -384.929 		8.787 		213.795
v -384.786 		8.787 		213.692
v -384.455 		8.787 		213.28
v -384.547 		8.787 		213.431
v -384.658 		8.787 		213.569
v -384.384 		8.787 		213.117
v -382.238 		8.787 		213.413
v -383.075 		8.787 		215.02
v -382.788 		8.787 		214.662
v -382.551 		8.787 		214.271
v -382.366 		8.787 		213.852
v -385.502 		8.787 		216.151
v -385.047 		8.787 		216.102
v -386.852 		8.787 		215.943
v -386.413 		8.787 		216.072
v -385.96 		8.787 		216.142
v -385.083 		8.787 		213.88
v -386.945 		8.787 		213.062
v -386.881 		8.787 		213.227
v -386.796 		8.787 		213.381
v -386.691 		8.787 		213.525
v -386.569 		8.787 		213.652
v -386.431 		8.787 		213.763
v -386.279 		8.787 		213.854
v -386.117 		8.787 		213.926
v -385.948 		8.787 		213.975
v -385.773 		8.787 		214.003
v -385.596 		8.787 		214.006
v -385.421 		8.787 		213.987
v -385.249 		8.787 		213.944
v -388.02 		8.787 		215.235
v -387.663 		8.787 		215.521
v -387.271 		8.787 		215.759
v -485.477 		20.929 		8.644
v -485.859 		20.929 		8.72
v -486.108 		20.929 		8.875
v -486.308 		20.929 		9.089
v -479.6211 		10.9162 		41.7
v -479.83 		11.1015 		41.7
v -479.9921 		11.2884 		41.7
v -480.1755 		11.4999 		41.7
v -480.3127 		11.7077 		41.7
v -480.466 		11.9406 		41.7
v -486.12 		20.633 		8.894
v -475.2177 		10.3481 		41.7
v -475.468 		10.2234 		41.7
v -305.9891 		1.93 		205.4445
v -475.964 		10.0533 		41.7
v -476.2025 		10.0051 		41.7
v -476.4775 		9.9497 		41.7
v -477 		9.9149 		41.7
v -476.7206 		9.9336 		41.7
v -305.8256 		1.93 		205.9518
v -473.534 		11.9406 		41.7
v -485.656 		20.505 		8.684
v -473.6708 		11.7328 		41.7
v -305.9888 		1.93 		205.4522
v -473.8245 		11.4999 		41.7
v -305.8218 		1.93 		205.9596
v -473.9872 		11.3129 		41.7
v -474.17 		11.1015 		41.7
v -474.3542 		10.9377 		41.7
v -474.5635 		10.7524 		41.7
v -305 		1.93 		206.4138
v -305.3157 		1.93 		206.3597
v -474.7673 		10.615 		41.7
v -474.999 		10.4577 		41.7
v -480.698 		12.4164 		41.7
v -480.866 		12.9176 		41.7
v -305.3281 		1.93 		206.354
v -480.968 		13.4375 		41.7
v -305.3249 		1.93 		206.3568
v -480.9843 		13.6909 		41.7
v -481.0025 		13.9665 		41.7
v -480.9861 		14.221 		41.7
v -480.968 		14.4954 		41.7
v -480.9187 		14.7465 		41.7
v -480.866 		15.0152 		41.7
v -480.698 		15.5166 		41.7
v -480.466 		15.9922 		41.7
v -480.3238 		16.2077 		41.7
v -485.7 		18.255 		10.266
v -485.493 		17.951 		10.432
v -485.4781 		17.932 		10.4438
v -485.4764 		17.932 		10.4357
v -485.004 		18.573 		9.235
v -485.208 		19.131 		8.981
v -247.718 		21.026 		218.93
v -521.7 		37.094 		119.12
v -389.102 		8.787 		213.263
v -388.993 		8.787 		213.707
v -388.828 		8.787 		214.134
v -388.607 		8.787 		214.535
v -388.336 		8.787 		214.905
v -249.3661 		47.2898 		39.2688
v -382.159 		8.787 		212.502
v -249.5408 		47.4163 		39.2889
v -382.208 		8.787 		212.047
v -249.778 		47.5875 		39.3161
v -382.317 		8.787 		211.603
v -382.483 		8.787 		211.176
v -382.168 		8.787 		212.961
v -384.334 		8.787 		212.948
v -249.635 		47.646 		39.479
v -384.307 		8.787 		212.773
v -249.262 		47.348 		39.405
v -473.6828 		16.2176 		41.7
v -473.534 		15.9922 		41.7
v -473.302 		15.5166 		41.7
v -473.134 		15.0152 		41.7
v -249.005 		47.501 		39.664
v -473.0847 		14.7641 		41.7
v -473.032 		14.4954 		41.7
v -473.0152 		14.2409 		41.7
v -472.9975 		13.9665 		41.7
v -249.347 		47.774 		39.732
v -473.0143 		13.713 		41.7
v -473.032 		13.4375 		41.7
v -473.134 		12.9176 		41.7
v -485.331 		19.596 		8.827
v -473.302 		12.4164 		41.7
v -480.1755 		16.4331 		41.7
v -480.0063 		16.6286 		41.7
v -479.83 		16.8313 		41.7
v -249.635 		48.076 		39.807
v -479.6362 		17.0028 		41.7
v -479.4365 		17.1804 		41.7
v -479.222 		17.326 		41.7
v -479.001 		17.4752 		41.7
v -478.7693 		17.5907 		41.7
v -478.532 		17.7094 		41.7
v -478.2866 		17.7937 		41.7
v -478.036 		17.8796 		41.7
v -475.964 		17.8796 		41.7
v -246.932 		20.605 		218.825
v -475.7186 		17.7954 		41.7
v -475.468 		17.7094 		41.7
v -475.2363 		17.594 		41.7
v -474.999 		17.4752 		41.7
v -474.7841 		17.3296 		41.7
v -474.5635 		17.1804 		41.7
v -474.3702 		17.009 		41.7
v -474.17 		16.8313 		41.7
v -247.157 		20.682 		218.845
v -247.365 		20.779 		218.869
v -247.553 		20.895 		218.897
v -249.146 		47.1656 		39.2491
v -246.2 		46.966 		39.731
v -246.661 		46.987 		39.736
v -246.2 		46.461 		39.185
v -246.2 		46.688 		39.462
v -246.718 		46.712 		39.468
v -384.366 		8.787 		212.249
v -384.323 		8.787 		212.421
v -384.304 		8.787 		212.596
v -248.097 		21.666 		219.089
v -384.619 		8.787 		211.786
v -384.515 		8.787 		211.929
v -384.879 		8.787 		211.548
v -384.742 		8.787 		211.658
v -384.43 		8.787 		212.083
v -248.113 		21.841 		219.132
v -382.703 		8.787 		210.775
v -382.973 		8.787 		210.406
v -383.291 		8.787 		210.075
v -383.648 		8.787 		209.789
v -384.039 		8.787 		209.551
v -384.458 		8.787 		209.367
v -384.898 		8.787 		209.238
v -386.975 		8.787 		212.363
v -386.926 		8.787 		212.193
v -386.987 		8.787 		212.89
v -386.854 		8.787 		212.031
v -387.002 		8.787 		212.538
v -387.006 		8.787 		212.714
v -385.03 		8.787 		211.455
v -385.192 		8.787 		211.385
v -385.363 		8.787 		211.335
v -385.537 		8.787 		211.308
v -385.714 		8.787 		211.305
v -385.89 		8.787 		211.323
v -386.062 		8.787 		211.366
v -386.227 		8.787 		211.43
v -386.382 		8.787 		211.515
v -248.048 		21.495 		219.046
v -386.524 		8.787 		211.619
v -386.652 		8.787 		211.742
v -386.763 		8.787 		211.879
v -248.615 		21.374 		219.134
v -474.0003 		16.6358 		41.7
v -473.8245 		16.4331 		41.7
v -485.258 		18.752 		9.16
v -486.453 		20.439 		9.664
v -486.402 		20.075 		9.704
v -486.358 		20.072 		9.409
v -486.23 		19.516 		9.519
v -486.294 		19.596 		9.79
v -486.398 		20.356 		9.374
v -246.0857 		46.4333 		39.1329
v -246.2 		46.4282 		39.132
v -486.156 		19.493 		9.36
v -246.6552 		46.4481 		39.1352
v -388.76 		8.787 		211.039
v -388.944 		8.787 		211.458
v -389.073 		8.787 		211.898
v -247.857 		21.172 		218.966
v -387.905 		8.787 		209.975
v -388.236 		8.787 		210.291
v -388.522 		8.787 		210.648
v -247.968 		21.329 		219.005
v -385.35 		8.787 		209.169
v -385.808 		8.787 		209.159
v -386.263 		8.787 		209.208
v -386.708 		8.787 		209.317
v -387.135 		8.787 		209.483
v -387.536 		8.787 		209.704
v -389.141 		8.787 		212.35
v -389.152 		8.787 		212.808
v -413.596 		8.787 		198.112
v -413.412 		8.787 		197.693
v -413.284 		8.787 		197.253
v -413.214 		8.787 		196.801
v -414.82 		8.787 		199.447
v -414.451 		8.787 		199.176
v -414.12 		8.787 		198.86
v -417.458 		8.787 		199.912
v -417.005 		8.787 		199.982
v -416.548 		8.787 		199.992
v -416.093 		8.787 		199.942
v -415.648 		8.787 		199.833
v -415.222 		8.787 		199.668
v -415.43 		8.787 		196.958
v -415.501 		8.787 		197.121
v -415.703 		8.787 		197.41
v -415.593 		8.787 		197.272
v -415.38 		8.787 		196.789
v -415.353 		8.787 		196.614
v -413.834 		8.787 		198.503
v -417.325 		8.787 		197.695
v -417.476 		8.787 		197.604
v -417.163 		8.787 		197.767
v -416.993 		8.787 		197.816
v -416.819 		8.787 		197.843
v -416.294 		8.787 		197.785
v -416.466 		8.787 		197.827
v -248.51 		21.158 		219.08
v -416.129 		8.787 		197.721
v -415.974 		8.787 		197.636
v -416.642 		8.787 		197.846
v -247.968 		20.59 		218.939
v -248.183 		20.762 		218.982
v -248.365 		20.952 		219.029
v -246.765 		46.487 		39.191
v -485.941 		18.682 		10.072
v -246.7724 		46.4534 		39.136
v -485.927 		18.729 		9.779
v -248.615 		20.513 		219.068
v -225.1991 		14.639 		41.8634
v -224.9104 		14.639 		42.102
v -486.086 		19.017 		9.806
v -486.004 		18.97 		9.606
v -248.836 		20.744 		219.125
v -485.809 		18.939 		9.334
v -486.068 		19.22 		9.439
v -485.802 		18.69 		9.571
v -485.462 		18.703 		9.258
v -485.639 		18.681 		9.387
v -225.999 		14.639 		41.4521
v -225.5738 		14.639 		41.6467
v -225.999 		14.639 		42.102
v -486.056 		20.047 		8.959
v -486.204 		20.194 		9.071
v -486.096 		20.339 		8.919
v -485.889 		20.347 		8.783
v -311.296 		1.93 		206.1165
v -305.3157 		1.93 		204.2419
v -305 		1.93 		204.1868
v -415.831 		8.787 		197.532
v -305.7541 		1.93 		204.5427
v -305.7532 		1.93 		204.5384
v -305.7509 		1.93 		204.5341
v -247.227 		46.783 		39.486
v -247.321 		46.564 		39.21
v -305.7439 		1.93 		204.5283
v -305.322 		1.93 		204.2431
v -247.718 		46.899 		39.515
v -312.011 		1.93 		205.4506
v -312.1035 		1.93 		205.843
v -247.115 		47.05 		39.752
v -312.105 		1.93 		205.8488
v -312.0229 		1.93 		204.9967
v -312.0207 		1.93 		205.004
v -312.0109 		1.93 		205.4445
v -417.737 		8.787 		197.366
v -417.614 		8.787 		197.492
v -312.6719 		1.93 		206.354
v -417.841 		8.787 		197.222
v -417.926 		8.787 		197.067
v -418.033 		8.787 		196.73
v -417.99 		8.787 		196.902
v -420.197 		8.787 		196.648
v -420.148 		8.787 		197.104
v -420.039 		8.787 		197.548
v -419.873 		8.787 		197.975
v -419.653 		8.787 		198.376
v -419.382 		8.787 		198.746
v -419.066 		8.787 		199.076
v -418.708 		8.787 		199.362
v -418.317 		8.787 		199.6
v -417.898 		8.787 		199.784
v -413.254 		8.787 		195.888
v -413.363 		8.787 		195.444
v -413.528 		8.787 		195.017
v -413.204 		8.787 		196.343
v -415.664 		8.787 		195.626
v -415.475 		8.787 		195.924
v -415.411 		8.787 		196.089
v -415.35 		8.787 		196.437
v -485.796 		20.063 		8.795
v -415.369 		8.787 		196.261
v -415.561 		8.787 		195.769
v -415.085 		8.787 		193.392
v -415.504 		8.787 		193.207
v -413.749 		8.787 		194.616
v -414.019 		8.787 		194.246
v -414.336 		8.787 		193.916
v -414.693 		8.787 		193.629
v -415.787 		8.787 		195.499
v -415.925 		8.787 		195.388
v -416.582 		8.787 		195.149
v -416.408 		8.787 		195.176
v -416.76 		8.787 		195.145
v -416.936 		8.787 		195.164
v -417.107 		8.787 		195.207
v -417.273 		8.787 		195.271
v -417.427 		8.787 		195.356
v -485.4 		19.954 		8.74
v -417.57 		8.787 		195.46
v -417.698 		8.787 		195.582
v -416.076 		8.787 		195.296
v -416.238 		8.787 		195.225
v -485.932 		19.479 		9.087
v -416.854 		8.787 		193
v -417.309 		8.787 		193.049
v -417.754 		8.787 		193.158
v -415.943 		8.787 		193.079
v -416.395 		8.787 		193.01
v -418.021 		8.787 		196.203
v -417.972 		8.787 		196.034
v -486.091 		19.62 		9.18
v -417.9 		8.787 		195.872
v -418.048 		8.787 		196.379
v -418.052 		8.787 		196.555
v -417.809 		8.787 		195.72
v -420.187 		8.787 		196.191
v -485.801 		19.775 		8.881
v -485.567 		19.807 		8.791
v -485.457 		20.439 		8.668
v -485.697 		19.36 		8.997
v -485.848 		19.205 		9.174
v -485.437 		19.267 		8.947
v -485.264 		18.394 		9.397
v -485.448 		18.069 		9.903
v -485.721 		18.395 		9.857
v -485.621 		18.145 		10.192
v -247.738 		46.6151 		39.1617
v -247.3378 		46.5267 		39.1477
v -247.2088 		46.5101 		39.145
v -246.2 		18.476 		219.396
v -248.183 		47.06 		39.554
v -312.1074 		1.93 		205.8524
v -246.2 		18.707 		219.215
v -419.805 		8.787 		194.88
v -419.99 		8.787 		195.299
v -420.118 		8.787 		195.738
v -246.803 		18.504 		219.403
v -418.18 		8.787 		193.324
v -418.581 		8.787 		193.544
v -418.95 		8.787 		193.816
v -419.282 		8.787 		194.131
v -419.568 		8.787 		194.488
v -385.502 		4.8448 		216.151
v -312.9947 		1.93 		206.4129
v -313 		1.93 		206.4138
v -312.679 		1.93 		206.3588
v -246.765 		18.733 		219.222
v -247.8871 		46.6482 		39.167
v -248.2401 		46.7619 		39.185
v -248.4136 		46.8178 		39.1939
v -247.321 		18.811 		219.241
v -247.396 		18.586 		219.423
v -248.365 		46.867 		39.286
v -247.857 		46.691 		39.242
v -325.9891 		1.93 		205.4445
v -485.588 		18.363 		9.665
v -325.8256 		1.93 		205.9518
v -325.9888 		1.93 		205.4522
v -325.823 		1.93 		205.9578
v -246.2 		18.299 		219.604
v -325.0053 		1.93 		206.4129
v -325.321 		1.93 		206.3588
v -325 		1.93 		206.4138
v -325.3293 		1.93 		206.3522
v -246.2 		18.178 		219.834
v -325.3249 		1.93 		206.3568
v -487.34 		17.932 		8.4119
v -487.34 		17.929 		8.4119
v -487.218 		17.932 		8.2129
v -487.218 		17.929 		8.2129
v -487.503 		17.929 		9.0879
v -487.484 		17.929 		8.8549
v -487.484 		17.932 		8.8549
v -487.503 		17.932 		9.0879
v -487.43 		17.929 		8.6279
v -487.43 		17.932 		8.6279
v -245.7817 		18.1748 		219.9269
v -246.2 		18.1557 		219.9239
v -246.83 		18.327 		219.611
v -247.45 		18.414 		219.632
v -384.603 		4.8448 		215.993
v -384.176 		4.8448 		215.827
v -383.775 		4.8448 		215.606
v -248.836 		47.087 		39.34
v -248.7115 		46.9468 		39.2144
v -248.9088 		47.0324 		39.2279
v -250.133 		49.101 		40.061
v -250.032 		48.745 		39.973
v -250.493 		49.095 		39.839
v -249.865 		48.401 		39.887
v -250.617 		48.5892 		39.475
v -250.662 		48.6699 		39.4878
v -250.6686 		48.6818 		39.4897
v -250.662 		48.682 		39.498
v -250.4596 		48.3239 		39.4329
v -269.51 		14.481 		128.158
v -269.668 		14.481 		127.8
v -250.383 		48.706 		39.742
v -250.4379 		48.2875 		39.4272
v -270.182 		14.481 		130.387
v -269.9 		14.481 		130.116
v -269.668 		14.481 		129.8
v -269.417 		14.481 		129.061
v -269.4 		14.481 		128.8
v -250.201 		48.331 		39.649
v -270.182 		14.481 		127.213
v -250.78 		49.097 		39.601
v -383.405 		4.8448 		215.336
v -383.075 		4.8447 		215.02
v -382.788 		4.8447 		214.662
v -382.551 		4.8447 		214.271
v -312.2571 		1.93 		204.528
v -312.2481 		1.93 		204.5354
v -382.366 		4.8446 		213.852
v -312.679 		1.93 		204.2428
v -247.483 		18.296 		219.863
v -312.1055 		1.93 		204.7518
v -382.238 		4.8446 		213.413
v -313 		1.93 		204.1868
v -246.847 		18.207 		219.841
v -384.929 		4.8446 		213.795
v -384.786 		4.8446 		213.692
v -384.658 		4.8446 		213.569
v -384.547 		4.8446 		213.431
v -384.455 		4.8446 		213.28
v -384.384 		4.8446 		213.117
v -325.3157 		1.93 		204.2419
v -325 		1.93 		204.1868
v -325.7541 		1.93 		204.5427
v -325.7532 		1.93 		204.5384
v -325.7509 		1.93 		204.5341
v -246.8491 		18.1853 		219.9286
v -246.4326 		18.1662 		219.9255
v -325.7439 		1.93 		204.5283
v -271.661 		14.481 		130.783
v -325.322 		1.93 		204.2431
v -271.27 		14.481 		130.791
v -270.759 		14.481 		130.69
v -487.066 		17.932 		8.0357
v -487.1903 		17.932 		8.1805
v -487.1903 		17.929 		8.1805
v -487.066 		17.929 		8.0357
v -486.889 		17.932 		7.8837
v -486.889 		17.929 		7.8837
v -486.69 		17.932 		7.7617
v -486.69 		17.929 		7.7617
v -273.29 		14.481 		129.441
v -273.06 		14.481 		129.909
v -486.6507 		17.929 		7.7455
v -486.6507 		17.932 		7.7455
v -486.474 		17.929 		7.6719
v -486.474 		17.932 		7.6719
v -486.4325 		17.929 		7.6619
v -486.246 		17.929 		7.6177
v -272.558 		14.481 		130.416
v -486.246 		17.932 		7.6177
v -486.4325 		17.932 		7.6619
v -332.1035 		1.93 		205.843
v -332.105 		1.93 		205.8488
v -486.2038 		17.929 		7.6145
v -332.0229 		1.93 		204.9967
v -486.2037 		17.932 		7.6144
v -486.014 		17.929 		7.5989
v -486.014 		17.932 		7.5989
v -332.5264 		1.93 		206.2861
v -332.5334 		1.93 		206.2909
v -332.25 		1.93 		206.0678
v -247.4865 		18.2765 		219.943
v -247.0671 		18.2165 		219.9335
v -332.0207 		1.93 		205.004
v -332.0208 		1.93 		205.01
v -332.9947 		1.93 		206.4129
v -333 		1.93 		206.4138
v -332.2571 		1.93 		204.528
v -332.2481 		1.93 		204.5354
v -332.679 		1.93 		204.2428
v -332.1055 		1.93 		204.7518
v -247.6746 		18.3222 		219.9503
v -333 		1.93 		204.1868
v -248.615 		19.562 		219.206
v -345.0053 		1.93 		206.4129
v -345.321 		1.93 		206.3588
v -250.7934 		49.0308 		39.5451
v -250.8176 		49.099 		39.5559
v -345 		1.93 		206.4138
v -249.005 		20.282 		219.185
v -345.3293 		1.93 		206.3522
v -345.3249 		1.93 		206.3568
v -249.005 		19.801 		219.266
v -345.3157 		1.93 		204.2419
v -345 		1.93 		204.1868
v -249.347 		20.074 		219.334
v -345.322 		1.93 		204.2431
v -522.113 		36.542 		122.06
v -522.113 		36.816 		122.138
v -344.228 		1.93 		39.731
v -345.359 		1.93 		41.5728
v -522.113 		36.278 		121.932
v -345.434 		1.93 		41.462
v -345.5851 		1.93 		42.2282
v -345.578 		1.93 		42.297
v -345.082 		1.93 		42.323
v -345.1105 		1.93 		42.1807
v -345.226 		1.93 		42.921
v -344.2348 		1.93 		42.7966
v -345.2867 		1.93 		44.8785
v -344.5942 		1.93 		44.6721
v -344.9026 		1.93 		44.7196
v -344.738 		1.93 		43.399
v -344.313 		1.93 		43.399
v -521.968 		36.641 		121.535
v -521.968 		36.424 		121.429
v -272.987 		14.481 		127.582
v -273.132 		14.481 		127.8
v -272.4 		14.481 		127.068
v -273.383 		14.481 		128.539
v -273.392 		14.481 		128.93
v -522.113 		36.028 		121.756
v -270.759 		14.481 		126.91
v -271.4 		14.481 		126.8
v -271.661 		14.481 		126.817
v -345.1774 		1.93 		45.6975
v -344.8665 		1.93 		45.544
v -344.6136 		1.93 		45.4822
v -342.132 		1.93 		39.731
v -342.609 		1.93 		39.731
v -342.4676 		1.93 		40.3596
v -342.427 		1.93 		40.182
v -342.9309 		1.93 		40.8394
v -196 		16.1382 		137.9989
v -343.9764 		1.93 		40.5254
v -343.755 		1.93 		39.731
v -343.6315 		1.93 		40.187
v -343.947 		1.93 		40.182
v -340.726 		1.93 		39.731
v -341.192 		1.93 		39.731
v -338.722 		1.93 		39.731
v -339.273 		1.93 		39.731
v -335.872 		1.93 		38.887
v -199 		16.5042 		139.3293
v -386.852 		4.8448 		215.943
v -386.413 		4.8448 		216.072
v -385.96 		4.8448 		216.142
v -385.047 		4.8448 		216.102
v -328.905 		1.93 		39.679
v -329.371 		1.93 		39.679
v -386.945 		4.8446 		213.062
v -386.881 		4.8446 		213.227
v -386.796 		4.8446 		213.381
v -386.691 		4.8446 		213.525
v -386.569 		4.8446 		213.652
v -386.431 		4.8446 		213.763
v -386.279 		4.8446 		213.854
v -386.117 		4.8446 		213.926
v -385.948 		4.8446 		213.975
v -385.773 		4.8447 		214.003
v -385.596 		4.8447 		214.006
v -385.421 		4.8447 		213.987
v -385.249 		4.8446 		213.944
v -385.083 		4.8446 		213.88
v -249.8937 		47.6947 		39.3331
v -250.1383 		47.921 		39.369
v -249.95 		47.975 		39.561
v -249.635 		20.376 		219.409
v -249.262 		19.595 		219.435
v -249.635 		19.893 		219.509
v -250.201 		47.9978 		39.3812
v -388.828 		4.8447 		214.134
v -388.993 		4.8446 		213.707
v -388.607 		4.8447 		214.535
v -388.336 		4.8447 		214.905
v -388.02 		4.8448 		215.235
v -387.663 		4.8448 		215.521
v -387.271 		4.8448 		215.759
v -389.102 		4.8446 		213.263
v -196 		16.1382 		178.0021
v -199 		16.5042 		176.6717
v -342.8545 		1.93 		41.8266
v -342.975 		1.93 		42.26
v -343.197 		1.93 		41.89
v -343.1038 		1.93 		41.4742
v -343.418 		1.93 		42.26
v -343.2376 		1.93 		41.7112
v -340.4684 		1.93 		41.6642
v -340.1818 		1.93 		41.6642
v -340.726 		1.93 		41.643
v -340.153 		1.93 		41.243
v -340.726 		1.93 		41.243
v -340.726 		1.93 		43
v -340.4679 		1.93 		42.9797
v -340.189 		1.93 		42.9797
v -521.852 		36.747 		120.968
v -521.852 		36.581 		120.888
v -341.191 		1.93 		45.003
v -343.0568 		1.93 		44.5133
v -343.9462 		1.93 		44.5133
v -341.686 		1.93 		44.8492
v -342.3075 		1.93 		44.6072
v -342.745 		1.93 		44.52
v -342.091 		1.93 		43.399
v -341.662 		1.93 		43.399
v -341.192 		1.93 		43.399
v -230.498 		27.191 		38.887
v -340.298 		1.93 		43.399
v -382.168 		4.8446 		212.961
v -232.2 		20.681 		45.578
v -339.9234 		1.93 		41.6959
v -339.8767 		1.93 		41.7224
v -339.6508 		1.93 		41.8523
v -339.5975 		1.93 		41.9431
v -339.073 		1.93 		41.926
v -382.208 		4.8445 		212.047
v -339.316 		1.93 		41.597
v -382.317 		4.8444 		211.603
v -339.721 		1.93 		41.369
v -338.992 		1.93 		42.356
v -382.483 		4.8444 		211.176
v -339.9236 		1.93 		42.9494
v -339.8762 		1.93 		42.9238
v -339.5197 		1.93 		42.574
v -339.5119 		1.93 		42.3445
v -339.5022 		1.93 		42.1917
v -339.4958 		1.93 		42.2563
v -339.6051 		1.93 		42.7385
v -339.6475 		1.93 		42.8002
v -384.334 		4.8446 		212.948
v -384.307 		4.8445 		212.773
v -384.304 		4.8445 		212.596
v -384.323 		4.8445 		212.421
v -384.366 		4.8445 		212.249
v -384.43 		4.8445 		212.083
v -384.515 		4.8445 		211.929
v -229.9748 		20.681 		41.7
v -384.619 		4.8444 		211.786
v -384.742 		4.8444 		211.658
v -384.879 		4.8444 		211.548
v -339.137 		1.93 		42.936
v -339.572 		1.93 		43.283
v -521.968 		36.219 		121.285
v -338.7269 		1.93 		47.7999
v -338.9682 		1.93 		47.1777
v -339.4616 		1.93 		46.4396
v -339.5775 		1.93 		46.2664
v -339.8715 		1.93 		45.9724
v -340.354 		1.93 		45.511
v -341.917 		1.93 		45.5159
v -341.4284 		1.93 		45.7844
v -521.968 		36.028 		121.103
v -343.5246 		1.93 		45.2655
v -343.264 		1.93 		45.2597
v -342.71 		1.93 		45.3204
v -342.4526 		1.93 		45.3599
v -341.035 		1.93 		45.966
v -340.6002 		1.93 		46.3142
v -340.3397 		1.93 		46.5426
v -339.8878 		1.93 		47.1328
v -339.734 		1.93 		47.343
v -339.404 		1.93 		48.092
v -339.3422 		1.93 		48.3449
v -339.1977 		1.93 		49.072
v -338.4594 		1.93 		48.7231
v -338.5473 		1.93 		48.2862
v -521.968 		35.856 		120.888
v -328.905 		1.93 		41.591
v -328.7089 		1.93 		41.5963
v -328.905 		1.93 		41.192
v -327.899 		1.93 		41.317
v -328.1639 		1.93 		41.6281
v -328.0557 		1.93 		41.6707
v -327.8305 		1.93 		41.8006
v -327.7773 		1.93 		41.8914
v -328.332 		1.93 		41.192
v -327.8272 		1.93 		42.7485
v -327.8742 		1.93 		42.7738
v -328.905 		1.93 		42.948
v -328.6466 		1.93 		42.9277
v -327.6909 		1.93 		42.2932
v -327.698 		1.93 		42.522
v -327.7848 		1.93 		42.6865
v -328.1022 		1.93 		42.8974
v -328.367 		1.93 		42.9277
v -327.6812 		1.93 		42.1407
v -522.113 		35.797 		121.535
v -522.113 		35.587 		121.272
v -522.113 		35.403 		120.973
v -323.584 		1.93 		38.887
v -522.286 		36.453 		122.535
v -522.286 		36.771 		122.625
v -522.286 		36.147 		122.386
v -383.648 		4.8443 		209.789
v -383.291 		4.8443 		210.075
v -384.039 		4.8442 		209.551
v -384.458 		4.8442 		209.367
v -384.898 		4.8442 		209.238
v -231.27 		20.681 		42.838
v -230.882 		20.681 		42.396
v -232.047 		20.681 		44.413
v -382.703 		4.8444 		210.775
v -382.973 		4.8443 		210.406
v -385 		4.844 		206.877
v -522.286 		35.856 		122.182
v -229.9784 		19.7281 		41.7
v -229.9717 		20.4117 		41.7
v -261.84 		27.3754 		41.7
v -261.84 		27.6897 		39.798
v -229.422 		20.681 		49.735
v -231.645 		20.681 		47.686
v -230.882 		20.681 		48.76
v -386.854 		4.8445 		212.031
v -386.926 		4.8445 		212.193
v -386.975 		4.8445 		212.363
v -387.002 		4.8445 		212.538
v -358.5732 		23.1061 		41.7
v -387.006 		4.8445 		212.714
v -357.9327 		22.9303 		41.7
v -386.987 		4.8446 		212.89
v -357.374 		22.741 		41.7
v -356.627 		22.27 		41.7
v -356.434 		22.012 		41.7
v -356.369 		21.747 		41.7
v -360.006 		23.355 		41.7
v -359.243 		23.254 		41.7
v -385.03 		4.8444 		211.455
v -385.192 		4.8444 		211.385
v -385.363 		4.8444 		211.335
v -385.537 		4.8444 		211.308
v -385.714 		4.8444 		211.305
v -385.89 		4.8444 		211.323
v -386.062 		4.8444 		211.366
v -386.227 		4.8444 		211.43
v -386.382 		4.8444 		211.515
v -386.524 		4.8444 		211.619
v -386.652 		4.8444 		211.742
v -386.763 		4.8445 		211.879
v -388.944 		4.8444 		211.458
v -388.76 		4.8444 		211.039
v -389.073 		4.8445 		211.898
v -385.35 		4.8442 		209.169
v -385.808 		4.8442 		209.159
v -386.263 		4.8442 		209.208
v -386.708 		4.8442 		209.317
v -387.135 		4.8442 		209.483
v -387.536 		4.8443 		209.704
v -387.905 		4.8443 		209.975
v -388.236 		4.8443 		210.291
v -388.522 		4.8443 		210.648
v -389.141 		4.8445 		212.35
v -389.152 		4.8445 		212.808
v -522.482 		36.031 		122.785
v -385.75 		4.844 		204.996
v -385.895 		4.844 		205.215
v -386 		4.844 		205.763
v -385.979 		4.844 		206.061
v -523 		35.1016 		122.8287
v -522.935 		35.125 		122.785
v -522.482 		35.705 		122.555
v -522.7 		35.578 		122.87
v -522.482 		35.403 		122.267
v -522.7 		35.248 		122.555
v -522.7 		34.95 		122.182
v -316.9753 		1.93 		49.152
v -307.2 		1.93 		38.887
v -385.75 		4.844 		206.53
v -385.321 		4.844 		206.821
v -523 		35.0139 		122.7192
v -522.286 		35.587 		121.925
v -389.12 		4.844 		206.877
v -392.177 		4.844 		205.105
v -522.482 		35.13 		121.925
v -248.048 		18.556 		219.667
v -248.679 		18.642 		219.949
v -248.615 		18.751 		219.716
v -248.097 		18.442 		219.9
v -248.6832 		18.6304 		219.9992
v -357.774 		22.8765 		38.887
v -248.2477 		18.4775 		219.9749
v -358.7635 		23.1481 		38.887
v -356.627 		22.27 		38.887
v -357.374 		22.741 		38.887
v -356.434 		22.012 		38.887
v -356.369 		21.747 		38.887
v -360.006 		23.355 		38.887
v -359.243 		23.254 		38.887
v -392.021 		4.844 		206.061
v -392.25 		4.844 		206.53
v -248.783 		18.6781 		220.0068
v -392.021 		4.844 		205.465
v -393.216 		27.3754 		41.7
v -392.679 		4.844 		206.821
v -392.506 		23.438 		41.7
v -361.632 		23.438 		41.7
v -248.183 		19.36 		219.156
v -393 		4.844 		206.877
v -248.365 		19.113 		219.316
v -247.857 		18.938 		219.272
v -247.968 		18.722 		219.457
v -248.51 		18.909 		219.504
v -522.286 		35.344 		121.62
v -522.286 		35.13 		121.272
v -522.482 		34.891 		121.535
v -522.286 		34.95 		120.888
v -249.466 		19.423 		219.631
v -249.615 		19.288 		219.849
v -522.935 		34.807 		122.386
v -522.935 		34.528 		121.932
v -523 		34.7796 		122.4252
v -248.836 		19.333 		219.371
v -523 		34.4975 		121.9657
v -523 		34.7031 		122.3002
v -249.012 		19.144 		219.562
v -249.14 		18.997 		219.777
v -522.7 		34.689 		121.756
v -249.218 		18.894 		220.012
v -522.482 		34.689 		121.103
v -249.705 		19.193 		220.086
v -522.7 		34.469 		121.285
v -249.74 		19.2209 		220.093
v -249.7053 		19.1925 		220.0884
v -392.506 		23.438 		38.887
v -249.709 		19.1955 		220.0889
v -361.632 		23.438 		38.887
v -393.216 		27.191 		38.887
v -249.2209 		18.8877 		220.0401
v -249.2705 		18.9189 		220.045
v -248.1013 		18.426 		219.9668
v -245.874 		20.093 		218.816
v -246.2 		20.078 		218.812
v -246.526 		20.093 		218.816
v -343.845 		27.3754 		41.7
v -328.84 		27.3754 		41.7
v -343.845 		27.6897 		39.798
v -328.84 		27.6897 		39.798
v -246.597 		19.698 		218.865
v -246.2 		19.68 		218.861
v -245.803 		19.698 		218.865
v -522.935 		34.293 		121.429
v -247.157 		20.211 		218.845
v -246.847 		20.138 		218.827
v -522.935 		34.106 		120.888
v -523 		34.0702 		120.909
v -523 		34.208 		121.3077
v -523 		34.2596 		121.4569
v -523 		34.4327 		121.8275
v -385 		4.844 		204.649
v -385.383 		4.844 		204.726
v -389.12 		4.844 		204.649
v -392.679 		4.844 		204.705
v -521.768 		36.859 		120.37
v -393 		4.844 		204.649
v -521.852 		36.424 		120.777
v -521.852 		36.278 		120.638
v -521.852 		36.147 		120.473
v -405.321 		4.844 		206.821
v -405 		4.844 		206.877
v -405.75 		4.844 		204.996
v -405.895 		4.844 		205.215
v -406 		4.844 		205.763
v -247.45 		20.312 		218.87
v -405.979 		4.844 		206.061
v -247.722 		20.439 		218.902
v -300.7 		15.681 		49.197
v -301.113 		15.681 		50.415
v -300.968 		15.681 		50.197
v -300.852 		15.681 		49.963
v -300.768 		15.681 		49.715
v -300.717 		15.681 		49.458
v -300.717 		15.681 		48.936
v -300.768 		15.681 		48.68
v -300.852 		15.681 		48.432
v -300.968 		15.681 		48.197
v -301.113 		15.681 		47.98
v -301.1436 		14.481 		50.4498
v -301.113 		14.481 		50.418
v -301.113 		14.481 		50.415
v -301.113 		14.2734 		50.415
v -405.75 		4.844 		206.53
v -301.1055 		14.481 		50.4037
v -301.1037 		13.974 		50.401
v -246.988 		19.752 		218.879
v -300.8119 		14.481 		49.8446
v -300.81 		14.481 		49.841
v -300.8082 		14.481 		49.8338
v -300.8122 		14.2877 		49.8454
v -409.6 		4.844 		204.8
v -247.365 		19.842 		218.901
v -405 		4.844 		204.649
v -405.383 		4.844 		204.726
v -300.7202 		14.481 		49.4739
v -300.717 		14.481 		49.461
v -247.722 		19.965 		218.932
v -300.717 		14.481 		49.458
v -300.7184 		14.4105 		49.4652
v -300.717 		14.3117 		49.458
v -247.553 		19.503 		218.992
v -300.7169 		14.2536 		49.4566
v -412.177 		4.844 		205.105
v -412.021 		4.844 		206.061
v -412.25 		4.844 		206.53
v -412.021 		4.844 		205.465
v -281.845 		27.3754 		41.7
v -412.679 		4.844 		206.821
v -413 		4.844 		206.877
v -281.845 		27.6897 		39.798
v -411.4091 		4.844 		206.877
v -246.2 		19.314 		218.945
v -246.661 		19.336 		218.951
v -246.718 		19.012 		219.07
v -246.2 		18.988 		219.064
v -247.115 		19.399 		218.966
v -228.5 		12.948 		12.296
v -228.5 		12.235 		12.537
v -201.965 		4.845 		217.673
v -228.5 		12.235 		23.163
v -201 		4.845 		217.269
v -228.5 		12.948 		23.405
v -247.718 		19.2 		219.117
v -199.136 		4.845 		214.81
v -199.536 		4.845 		215.786
v -200.172 		4.845 		216.625
v -247.227 		19.083 		219.088
v -199 		4.844 		213.762
v -228.5 		11.561 		12.87
v -228.5 		10.935 		13.288
v -228.5 		10.369 		13.784
v -228.5 		9.873 		14.35
v -228.5 		9.456 		14.975
v -228.5 		9.123 		15.65
v -228.5 		8.881 		16.362
v -228.5 		8.734 		17.1
v -228.5 		8.685 		17.85
v -228.5 		8.734 		18.601
v -228.5 		8.881 		19.339
v -228.5 		9.123 		20.051
v -412.679 		4.844 		204.705
v -228.5 		9.456 		20.726
v -228.5 		9.873 		21.351
v -228.5 		10.369 		21.917
v -228.5 		10.935 		22.413
v -413 		4.844 		204.649
v -228.5 		11.561 		22.831
v -412.3752 		4.844 		204.649
v -413.214 		4.8433 		196.801
v -413.284 		4.8434 		197.253
v -413.596 		4.8434 		198.112
v -300.7 		25.71 		221.123
v -413.412 		4.8434 		197.693
v -248.053 		20.12 		218.97
v -248.352 		20.303 		219.016
v -521.768 		36.747 		120.315
v -521.768 		36.542 		120.146
v -521.768 		36.453 		120.035
v -521.768 		36.375 		119.908
v -232.17 		4.844 		205.1
v -521.768 		36.641 		120.24
v -232.17 		4.844 		206.426
v -232.055 		4.844 		206.189
v -232.004 		4.844 		205.763
v -232.679 		4.844 		206.821
v -233 		4.844 		206.877
v -230.498 		12.948 		12.296
v -230.498 		12.235 		12.537
v -230.498 		11.561 		12.87
v -230.498 		10.935 		13.288
v -230.498 		10.369 		13.784
v -230.498 		9.873 		14.35
v -230.498 		9.456 		14.975
v -230.498 		9.123 		15.65
v -230.498 		8.881 		16.362
v -230.498 		8.734 		17.1
v -230.498 		8.685 		17.85
v -230.498 		8.734 		18.601
v -230.498 		8.881 		19.339
v -230.498 		9.123 		20.051
v -230.498 		9.456 		20.726
v -245.75 		4.844 		204.996
v -230.498 		9.873 		21.351
v -230.498 		10.369 		21.917
v -230.498 		10.935 		22.413
v -521.852 		36.031 		120.285
v -230.498 		11.561 		22.831
v -230.498 		12.235 		23.163
v -245.75 		4.844 		206.53
v -230.498 		12.948 		23.405
v -245.383 		4.844 		206.8
v -245 		4.844 		206.877
v -417.458 		4.8436 		199.912
v -417.005 		4.8436 		199.982
v -416.548 		4.8436 		199.992
v -416.093 		4.8436 		199.942
v -415.648 		4.8436 		199.833
v -415.222 		4.8436 		199.668
v -521.852 		35.934 		120.076
v -414.82 		4.8435 		199.447
v -414.451 		4.8435 		199.176
v -521.852 		35.856 		119.852
v -414.12 		4.8435 		198.86
v -247.968 		19.646 		219.028
v -248.352 		19.826 		219.072
v -232.679 		4.844 		204.705
v -233 		4.844 		204.649
v -415.703 		4.8434 		197.41
v -415.593 		4.8434 		197.272
v -415.501 		4.8433 		197.121
v -415.43 		4.8433 		196.958
v -415.38 		4.8433 		196.789
v -415.353 		4.8433 		196.614
v -236.4 		8.929 		199.901
v -236.922 		8.899 		199.901
v -237.435 		8.809 		199.901
v -233.965 		8.2 		199.901
v -234.4 		8.456 		199.901
v -234.869 		8.661 		199.901
v -235.365 		8.809 		199.901
v -235.878 		8.899 		199.901
v -235.709 		7.675 		199.901
v -236.052 		7.735 		199.901
v -236.4 		7.755 		199.901
v -236.748 		7.735 		199.901
v -237.091 		7.675 		199.901
v -237.421 		7.576 		199.901
v -233.754 		5.091 		199.901
v -233.7903 		4.93 		199.901
v -233.731 		5.399 		199.901
v -413.834 		4.8435 		198.503
v -233.754 		5.706 		199.901
v -233.822 		6.008 		199.901
v -233.934 		6.3 		199.901
v -234.088 		6.577 		199.901
v -234.282 		6.833 		199.901
v -234.513 		7.065 		199.901
v -234.775 		7.268 		199.901
v -417.737 		4.8434 		197.366
v -235.065 		7.439 		199.901
v -417.614 		4.8434 		197.492
v -417.476 		4.8434 		197.604
v -417.325 		4.8434 		197.695
v -417.163 		4.8434 		197.767
v -416.993 		4.8434 		197.816
v -416.819 		4.8434 		197.843
v -416.642 		4.8434 		197.846
v -416.466 		4.8434 		197.827
v -416.294 		4.8434 		197.785
v -235.379 		7.576 		199.901
v -416.129 		4.8434 		197.721
v -415.974 		4.8434 		197.636
v -415.831 		4.8434 		197.532
v -232.4 		5.399 		199.901
v -232.434 		5.859 		199.901
v -232.536 		6.312 		199.901
v -232.704 		6.75 		199.901
v -232.936 		7.164 		199.901
v -233.227 		7.548 		199.901
v -233.572 		7.895 		199.901
v -232.4358 		4.93 		199.901
v -232.434 		4.938 		199.901
v -248.7 		20.039 		219.125
v -228.5 		14.436 		12.1
v -228.5 		13.685 		12.149
v -228.5 		15.924 		12.296
v -228.5 		15.187 		12.149
v -228.5 		17.937 		13.288
v -228.5 		17.311 		12.87
v -228.5 		16.637 		12.537
v -228.5 		13.685 		23.552
v -228.5 		14.436 		23.601
v -228.5 		15.187 		23.552
v -228.5 		15.924 		23.405
v -228.5 		16.637 		23.163
v -228.5 		17.311 		22.831
v -228.5 		17.937 		22.413
v -249.9385 		23.701 		220.8041
v -249.865 		23.675 		220.687
v -230.498 		13.685 		12.149
v -230.498 		14.436 		12.1
v -419.653 		4.8435 		198.376
v -419.873 		4.8434 		197.975
v -419.382 		4.8435 		198.746
v -521.968 		35.705 		120.642
v -419.066 		4.8435 		199.076
v -418.708 		4.8435 		199.362
v -521.968 		35.578 		120.37
v -420.148 		4.8433 		197.104
v -521.968 		35.477 		120.076
v -420.039 		4.8434 		197.548
v -522.113 		35.248 		120.642
v -418.033 		4.8433 		196.73
v -417.99 		4.8433 		196.902
v -417.926 		4.8433 		197.067
v -417.841 		4.8434 		197.222
v -522.113 		35.125 		120.285
v -522.113 		35.036 		119.908
v -418.317 		4.8436 		199.6
v -417.898 		4.8436 		199.784
v -413.204 		4.8433 		196.343
v -413.254 		4.8432 		195.888
v -413.363 		4.8432 		195.444
v -413.528 		4.8432 		195.017
v -415.35 		4.8433 		196.437
v -415.369 		4.8433 		196.261
v -415.411 		4.8433 		196.089
v -415.475 		4.8432 		195.924
v -415.561 		4.8432 		195.769
v -415.664 		4.8432 		195.626
v -230.498 		15.924 		12.296
v -230.498 		15.187 		12.149
v -413.749 		4.8431 		194.616
v -230.498 		13.685 		23.552
v -230.498 		14.436 		23.601
v -414.019 		4.8431 		194.246
v -230.498 		15.187 		23.552
v -230.498 		15.924 		23.405
v -414.336 		4.8431 		193.916
v -230.498 		17.937 		13.288
v -414.693 		4.843 		193.629
v -230.498 		17.311 		12.87
v -230.498 		16.637 		12.537
v -415.085 		4.843 		193.392
v -230.498 		16.637 		23.163
v -415.504 		4.843 		193.207
v -230.498 		17.311 		22.831
v -230.498 		17.937 		22.413
v -415.787 		4.8432 		195.499
v -415.925 		4.8432 		195.388
v -364.827 		32.8521 		7.237
v -416.076 		4.8432 		195.296
v -416.238 		4.8432 		195.225
v -416.408 		4.8432 		195.176
v -416.582 		4.8432 		195.149
v -416.76 		4.8432 		195.145
v -416.936 		4.8432 		195.164
v -417.107 		4.8432 		195.207
v -417.273 		4.8432 		195.271
v -363.588 		32.8522 		7.657
v -417.427 		4.8432 		195.356
v -417.57 		4.8432 		195.46
v -417.698 		4.8432 		195.582
v -362.305 		32.8523 		7.912
v -361 		32.8523 		7.998
v -359.695 		32.8523 		7.912
v -358.412 		32.8522 		7.657
v -357.173 		32.8521 		7.237
v -393.216 		32.858 		27.729
v -416.395 		4.843 		193.01
v -415.943 		4.843 		193.079
v -417.309 		4.843 		193.049
v -417.754 		4.843 		193.158
v -250.3041 		23.3474 		220.748
v -250.4156 		23.2044 		220.7253
v -250.6047 		22.9623 		220.6868
v -419.99 		4.8432 		195.299
v -419.805 		4.8431 		194.88
v -420.118 		4.8432 		195.738
v -420.187 		4.8433 		196.191
v -250.1161 		23.5295 		220.7769
v -417.809 		4.8432 		195.72
v -417.9 		4.8432 		195.872
v -417.972 		4.8432 		196.034
v -418.021 		4.8433 		196.203
v -418.048 		4.8433 		196.379
v -418.052 		4.8433 		196.555
v -249.95 		23.251 		220.343
v -419.282 		4.8431 		194.131
v -418.95 		4.8431 		193.816
v -419.568 		4.8431 		194.488
v -250.201 		23.323 		220.599
v -250.201 		22.896 		220.255
v -418.18 		4.843 		193.324
v -418.581 		4.843 		193.544
v -250.468 		22.944 		220.505
v -196 		1.93 		36.119
v -196.038 		1.93 		35.525
v -196.0001 		1.93 		36.1177
v -250.662 		22.544 		220.406
v -250.662 		22.8597 		220.6706
v -250.8349 		22.5508 		220.6215
v -245 		4.844 		204.649
v -245.383 		4.844 		204.726
v -237.931 		8.661 		199.901
v -238.4 		8.456 		199.901
v -238.835 		8.2 		199.901
v -237.735 		7.439 		199.901
v -238.025 		7.268 		199.901
v -238.287 		7.065 		199.901
v -238.518 		6.833 		199.901
v -238.712 		6.577 		199.901
v -238.866 		6.3 		199.901
v -238.978 		6.008 		199.901
v -239.046 		5.706 		199.901
v -239.069 		5.399 		199.901
v -239.046 		5.091 		199.901
v -239.0098 		4.93 		199.901
v -239.228 		7.895 		199.901
v -239.573 		7.548 		199.901
v -239.864 		7.164 		199.901
v -240.096 		6.75 		199.901
v -240.264 		6.312 		199.901
v -240.366 		5.859 		199.901
v -240.4 		5.399 		199.901
v -240.366 		4.938 		199.901
v -240.3642 		4.93 		199.901
v -245.905 		4.844 		205.246
v -245.979 		4.844 		206.061
v -249.865 		22.825 		220.017
v -250.78 		22.129 		220.303
v -250.819 		21.708 		220.198
v -253 		4.844 		206.877
v -196 		1.93 		213.2988
v -250.383 		22.521 		220.162
v -196.06 		1.93 		214.2238
v -196.0599 		1.93 		214.2219
v -196.5324 		1.93 		216.0089
v -196.239 		1.93 		215.1338
v -196.533 		1.93 		216.0106
v -196.2386 		1.93 		215.1319
v -252.446 		4.844 		204.822
v -197.447 		1.93 		217.6136
v -252.25 		4.844 		204.996
v -197.446 		1.93 		217.6121
v -252.679 		4.844 		206.821
v -200.321 		1.93 		219.8466
v -252.105 		4.844 		206.311
v -252.011 		4.844 		205.963
v -198.0488 		1.93 		218.3092
v -198.05 		1.93 		218.3106
v -200.3193 		1.93 		219.8458
v -250.854 		22.4974 		220.6131
v -199.5 		1.93 		219.4366
v -252.07 		4.844 		205.307
v -198.739 		1.93 		218.9216
v -198.7376 		1.93 		218.9204
v -199.4984 		1.93 		219.4356
v -250.988 		22.118 		220.552
v -251.03 		21.677 		220.442
v -201.1862 		1.93 		220.144
v -250.9853 		22.1274 		220.5543
v -201.188 		1.93 		220.1446
v -202.086 		1.93 		220.3256
v -202.0842 		1.93 		220.3252
v -251.0501 		21.6719 		220.482
v -250.9884 		22.1179 		220.5528
v -251.0416 		21.7346 		220.492
v -196.938 		1.93 		216.8426
v -196.9372 		1.93 		216.841
v -250.988 		22.1192 		220.553
v -252.679 		4.844 		204.705
v -253 		4.844 		204.649
v -250.988 		21.236 		220.333
v -252.3559 		4.844 		204.649
v -250.865 		20.803 		220.225
v -237.435 		8.809 		195.901
v -236.922 		8.899 		195.901
v -236.4 		8.929 		195.901
v -235.878 		8.899 		195.901
v -235.365 		8.809 		195.901
v -234.869 		8.661 		195.901
v -234.4 		8.456 		195.901
v -233.965 		8.2 		195.901
v -235.709 		7.675 		195.901
v -236.052 		7.735 		195.901
v -236.4 		7.755 		195.901
v -250.9223 		20.7774 		220.34
v -250.8361 		20.5784 		220.3084
v -236.748 		7.735 		195.901
v -237.091 		7.675 		195.901
v -237.421 		7.576 		195.901
v -233.7903 		4.93 		195.901
v -233.754 		5.091 		195.901
v -233.731 		5.399 		195.901
v -233.754 		5.706 		195.901
v -233.822 		6.008 		195.901
v -233.934 		6.3 		195.901
v -251.0275 		21.2226 		220.4107
v -234.088 		6.577 		195.901
v -234.282 		6.833 		195.901
v -251.0334 		21.3459 		220.4303
v -234.513 		7.065 		195.901
v -234.775 		7.268 		195.901
v -235.065 		7.439 		195.901
v -199.998 		2.557 		41.103
v -235.379 		7.576 		195.901
v -232.4358 		4.93 		195.901
v -250.9655 		20.9599 		220.369
v -232.112 		1.93 		205.8428
v -232.1139 		1.93 		205.8467
v -250.133 		22.126 		219.843
v -250.032 		22.482 		219.931
v -232.4454 		1.93 		206.2303
v -232.4538 		1.93 		206.2368
v -250.167 		21.763 		219.753
v -232.8029 		1.93 		206.3922
v -232.8082 		1.93 		206.3931
v -233 		1.93 		206.4138
v -232.1112 		1.93 		205.8358
v -232.0067 		1.93 		205.1246
v -250.493 		22.132 		220.065
v -232.004 		1.93 		205.1355
v -250.53 		21.737 		219.967
v -232.004 		1.93 		205.465
v -233.572 		7.895 		195.901
v -233.227 		7.548 		195.901
v -232.936 		7.164 		195.901
v -232.704 		6.75 		195.901
v -232.536 		6.312 		195.901
v -232.434 		5.859 		195.901
v -232.4 		5.399 		195.901
v -232.434 		4.938 		195.901
v -238.835 		8.2 		195.901
v -238.4 		8.456 		195.901
v -237.931 		8.661 		195.901
v -237.735 		7.439 		195.901
v -238.025 		7.268 		195.901
v -238.287 		7.065 		195.901
v -364.827 		27.191 		7.237
v -363.588 		27.191 		7.657
v -245 		1.93 		206.4138
v -245.0063 		1.93 		206.4125
v -362.305 		27.191 		7.912
v -361 		27.191 		7.998
v -245.322 		1.93 		206.3584
v -359.695 		27.191 		7.912
v -358.412 		27.191 		7.657
v -357.173 		27.191 		7.237
v -245.3281 		1.93 		206.354
v -232.4499 		1.93 		204.3569
v -232.4414 		1.93 		204.3634
v -232.679 		1.93 		204.2428
v -232.17 		1.93 		204.6378
v -233 		1.93 		204.1868
v -245.7526 		1.93 		204.5369
v -245.75 		1.93 		204.5328
v -245.3157 		1.93 		204.2419
v -245 		1.93 		204.1868
v -196.464 		74.069 		7.917
v -196.188 		73.339 		7.917
v -245.7439 		1.93 		204.5283
v -238.518 		6.833 		195.901
v -458.752 		53.0084 		40.1764
v -238.712 		6.577 		195.901
v -245.322 		1.93 		204.2431
v -238.866 		6.3 		195.901
v -238.978 		6.008 		195.901
v -239.046 		5.706 		195.901
v -239.069 		5.399 		195.901
v -450.8236 		19.468 		41.7
v -239.046 		5.091 		195.901
v -451.1004 		19.1821 		41.7
v -450.9841 		19.3025 		41.7
v -451.2176 		19.0026 		41.7
v -451.337 		18.712 		41.7
v -451.2894 		18.8136 		41.7
v -451.37 		18.447 		41.7
v -249.856 		1.93 		208.896
v -239.0098 		4.93 		195.901
v -450.3914 		19.742 		41.7
v -450.27 		19.815 		41.7
v -449.118 		20.117 		41.7
v -196.337 		74.168 		7.289
v -448.7 		20.138 		41.7
v -449.912 		19.954 		41.7
v -432.622 		20.117 		41.7
v -432.4097 		20.0734 		41.7
v -433.04 		20.138 		41.7
v -430.6024 		19.1249 		41.7
v -430.5334 		18.9904 		41.7
v -430.3788 		18.5179 		41.7
v -430.37 		18.447 		41.7
v -431.5657 		19.8522 		41.7
v -431.47 		19.815 		41.7
v -431.1374 		19.615 		41.7
v -430.9796 		19.515 		41.7
v -430.6609 		19.1853 		41.7
v -425.984 		23.438 		41.7
v -417.048 		18.512 		41.7
v -414.634 		19.703 		41.7
v -413.748 		19.879 		41.7
v -410.206 		19.413 		41.7
v -412.847 		19.938 		41.7
v -415.488 		19.413 		41.7
v -416.298 		19.014 		41.7
v -411.946 		19.879 		41.7
v -411.061 		19.703 		41.7
v -409.397 		19.014 		41.7
v -408.646 		18.512 		41.7
v -198 		73.908 		8.931
v -401.408 		23.438 		41.7
v -396.0216 		22.9995 		41.7
v -395.5648 		23.1061 		41.7
v -196.613 		73.239 		8.546
v -396.9117 		22.6635 		41.7
v -396.5803 		22.8102 		41.7
v -393.329 		23.417 		41.7
v -196.824 		73.984 		8.45
v -394.895 		23.254 		41.7
v -198 		74.539 		8.473
v -197.575 		74.552 		8.389
v -397.4027 		22.354 		41.7
v -397.511 		22.27 		41.7
v -397.704 		22.012 		41.7
v -197.364 		73.927 		8.806
v -397.769 		21.747 		41.7
v -240.4 		5.399 		195.901
v -240.366 		5.859 		195.901
v -240.264 		6.312 		195.901
v -240.096 		6.75 		195.901
v -239.864 		7.164 		195.901
v -239.573 		7.548 		195.901
v -239.228 		7.895 		195.901
v -240.3642 		4.93 		195.901
v -240.366 		4.938 		195.901
v -196.889 		74.713 		7.375
v -197.61 		75.008 		7.422
v -196.973 		74.647 		7.795
v -197.214 		74.59 		8.151
v -198 		74.947 		7.808
v -196.038 		34.216 		19.172
v -245.8256 		1.93 		205.9518
v -245.9888 		1.93 		205.4522
v -245.8218 		1.93 		205.9596
v -196.188 		34.482 		19.796
v -245.9876 		1.93 		205.4388
v -196.337 		34.831 		19.899
v -245.9778 		1.93 		204.9982
v -252.3535 		1.93 		206.1581
v -252.1034 		1.93 		205.843
v -252.105 		1.93 		205.8488
v -252.344 		1.93 		206.1497
v -196.613 		35.06 		20.218
v -252.0012 		1.93 		205.2932
v -252.0002 		1.93 		205.3041
v -252.0218 		1.93 		204.9992
v -252.9947 		1.93 		206.4129
v -253 		1.93 		206.4138
v -252.679 		1.93 		206.3588
v -250.78 		21.286 		220.094
v -250.662 		20.871 		219.991
v -252.4499 		1.93 		204.3569
v -252.446 		1.93 		204.3588
v -249.865 		20.702 		219.489
v -252.679 		1.93 		204.2428
v -250.032 		21.045 		219.575
v -252.1814 		1.93 		204.6381
v -252.1782 		1.93 		204.641
v -252.1752 		1.93 		204.6461
v -253 		1.93 		204.1868
v -278.528 		1.93 		220.3866
v -250.133 		21.401 		219.663
v -250.383 		20.953 		219.773
v -250.201 		20.577 		219.679
v -250.493 		21.341 		219.869
v -250.4663 		19.9304 		220.2056
v -250.394 		19.8493 		220.1927
v -250.7346 		20.3434 		220.2711
v -250.6458 		20.2065 		220.2494
v -450.798 		19.4871 		38.887
v -450.9171 		19.3641 		38.887
v -451.1155 		19.1589 		38.887
v -451.2025 		19.0256 		38.887
v -451.2558 		18.8853 		38.887
v -451.337 		18.712 		38.887
v -451.37 		18.447 		38.887
v -450.27 		19.815 		38.887
v -450.477 		19.6905 		38.887
v -448.7 		20.138 		38.887
v -449.118 		20.117 		38.887
v -449.912 		19.954 		38.887
v -432.2599 		20.0427 		38.887
v -432.622 		20.117 		38.887
v -433.04 		20.138 		38.887
v -430.4998 		18.9187 		38.887
v -430.6175 		19.1481 		38.887
v -430.37 		18.447 		38.887
v -430.385 		18.5678 		38.887
v -431.47 		19.815 		38.887
v -431.6333 		19.8784 		38.887
v -431.223 		19.6665 		38.887
v -430.7173 		19.2512 		38.887
v -430.954 		19.4959 		38.887
v -425.984 		22.6707 		38.887
v -417.048 		18.512 		38.887
v -413.748 		19.879 		38.887
v -414.634 		19.703 		38.887
v -410.206 		19.413 		38.887
v -412.847 		19.938 		38.887
v -415.488 		19.413 		38.887
v -416.298 		19.014 		38.887
v -411.946 		19.879 		38.887
v -411.061 		19.703 		38.887
v -395.3745 		23.1481 		38.887
v -396.0803 		22.9835 		38.887
v -396.4802 		22.848 		38.887
v -396.9922 		22.6213 		38.887
v -393.329 		23.417 		38.887
v -394.895 		23.254 		38.887
v -397.3437 		22.3997 		38.887
v -397.511 		22.27 		38.887
v -397.704 		22.012 		38.887
v -397.769 		21.747 		38.887
v -397.769 		23.438 		38.887
v -408.646 		18.512 		38.887
v -409.397 		19.014 		38.887
v -203 		4.845 		217.811
v -196.889 		35.325 		20.31
v -197.306 		35.465 		20.529
v -265.7512 		1.93 		206.066
v -265.8938 		1.93 		205.8506
v -265.9883 		1.93 		205.1472
v -265.9792 		1.93 		205.5972
v -265.989 		1.93 		205.1575
v -197.61 		35.585 		20.574
v -265.8965 		1.93 		205.843
v -265 		1.93 		206.4138
v -265.3157 		1.93 		206.3597
v -265.3293 		1.93 		206.3522
v -265.3249 		1.93 		206.3568
v -198 		35.573 		20.651
v -250.468 		20.471 		219.891
v -344.228 		2.636 		39.731
v -272.1744 		1.93 		205.9518
v -272.177 		1.93 		205.9578
v -272.021 		1.93 		205.5988
v -272.0203 		1.93 		205.0306
v -272.0187 		1.93 		205.0372
v -272.0207 		1.93 		205.5919
v -272.6707 		1.93 		206.3522
v -272.6751 		1.93 		206.3568
v -345.434 		2.636 		41.462
v -345.179 		2.636 		41.839
v -345.082 		2.636 		42.323
v -345.226 		2.636 		42.921
v -345.578 		2.636 		42.297
v -211.5174 		4.8441 		206.879
v -344.738 		2.636 		43.399
v -344.313 		2.636 		43.399
v -249.95 		20.222 		219.591
v -342.427 		2.636 		40.182
v -342.609 		2.636 		39.731
v -342.565 		2.636 		40.786
v -342.132 		2.636 		39.731
v -460.645 		27.3754 		41.7
v -460.645 		27.4744 		41.101
v -343.947 		2.636 		40.182
v -460.645 		27.929 		38.3497
v -343.755 		2.636 		39.731
v -460.645 		27.191 		38.887
v -460.645 		27.929 		41.101
v -340.726 		2.636 		39.731
v -341.192 		2.636 		39.731
v -338.722 		2.636 		39.731
v -339.273 		2.636 		39.731
v -328.905 		2.636 		39.679
v -329.371 		2.636 		39.679
v -249.865 		19.74 		219.71
v -250.201 		20.092 		219.797
v -272.9947 		1.93 		206.4129
v -273 		1.93 		206.4138
v -272.679 		1.93 		206.3588
v -265.8936 		1.93 		204.7505
v -265.7509 		1.93 		204.5341
v -265.3157 		1.93 		204.2419
v -265 		1.93 		204.1868
v -229 		73.908 		8.931
v -265.8958 		1.93 		204.7548
v -229 		74.539 		8.473
v -265.7439 		1.93 		204.5283
v -265.322 		1.93 		204.2431
v -229 		74.947 		7.808
v -272.679 		1.93 		204.2428
v -272.4499 		1.93 		204.3569
v -272.1145 		1.93 		204.7443
v -272.1074 		1.93 		204.7491
v -272.1048 		1.93 		204.7533
v -273 		1.93 		204.1868
v -285.656 		1.93 		206.1497
v -285.895 		1.93 		205.8488
v -285.6504 		1.93 		206.1562
v -285.8965 		1.93 		205.843
v -285.989 		1.93 		205.4506
v -285.2223 		1.93 		206.3823
v -285.2276 		1.93 		206.3814
v -285 		1.93 		206.4138
v -342.975 		2.636 		42.26
v -343.197 		2.636 		41.89
v -285.9876 		1.93 		205.4388
v -285.9778 		1.93 		204.9982
v -285.2314 		1.93 		206.3795
v -344.047 		2.636 		41.35
v -292.446 		1.93 		206.2418
v -343.335 		2.636 		41.282
v -343.418 		2.636 		42.26
v -292.1035 		1.93 		205.843
v -292.1062 		1.93 		205.8506
v -292.4416 		1.93 		206.2371
v -340.726 		2.636 		41.243
v -340.726 		2.636 		41.643
v -250.662 		20.384 		220.121
v -340.153 		2.636 		41.243
v -250.383 		19.988 		220.023
v -250.032 		19.62 		219.932
v -292.0012 		1.93 		205.2932
v -292.0002 		1.93 		205.3041
v -292.0218 		1.93 		204.9992
v -229.636 		73.927 		8.806
v -230.387 		73.239 		8.546
v -292.9947 		1.93 		206.4129
v -293 		1.93 		206.4138
v -229.425 		74.552 		8.389
v -292.679 		1.93 		206.3588
v -230.176 		73.984 		8.45
v -250.1217 		19.5436 		220.1442
v -285.7526 		1.93 		204.5369
v -285.75 		1.93 		204.5328
v -285.3157 		1.93 		204.2419
v -285 		1.93 		204.1868
v -285.7439 		1.93 		204.5283
v -285.322 		1.93 		204.2431
v -292.4499 		1.93 		204.3569
v -292.446 		1.93 		204.3588
v -292.679 		1.93 		204.2428
v -292.1815 		1.93 		204.6381
v -230.027 		74.647 		7.795
v -292.1782 		1.93 		204.641
v -230.111 		74.713 		7.375
v -230.536 		74.069 		7.917
v -292.1752 		1.93 		204.6461
v -340.726 		2.636 		43
v -230.663 		74.168 		7.289
v -293 		1.93 		204.1868
v -229.39 		75.008 		7.422
v -230.812 		73.339 		7.917
v -229.786 		74.59 		8.151
v -203 		1.93 		220.3866
v -202.9981 		1.93 		220.3865
v -340.298 		2.636 		43.399
v -341.192 		2.636 		43.399
v -212.127 		1.93 		207.574
v -342.091 		2.636 		43.399
v -341.662 		2.636 		43.399
v -210.538 		1.93 		205.502
v -339.073 		2.636 		41.926
v -339.691 		2.636 		41.805
v -250.0811 		19.5094 		220.1387
v -339.721 		2.636 		41.369
v -339.316 		2.636 		41.597
v -339.85 		2.636 		41.715
v -338.992 		2.636 		42.356
v -339.137 		2.636 		42.936
v -339.687 		2.636 		42.844
v -339.543 		2.636 		42.634
v -199 		34.0821 		168.381
v -339.848 		2.636 		42.931
v -199 		26.7767 		139.3293
v -199 		26.7767 		176.6717
v -339.51 		2.636 		42.114
v -477.7814 		17.9309 		41.7
v -477.5225 		17.9832 		41.7
v -223.353 		20.681 		174.243
v -223.238 		20.681 		173.665
v -339.488 		2.636 		42.334
v -477.2638 		18.0004 		41.7
v -477 		18.0181 		41.7
v -476.7408 		18.0008 		41.7
v -476.4775 		17.9832 		41.7
v -225.206 		20.681 		176.811
v -224.518 		20.681 		176.26
v -223.967 		20.681 		175.572
v -223.543 		20.681 		174.8
v -223.238 		20.681 		172.491
v -476.2234 		17.9319 		41.7
v -339.572 		2.636 		43.283
v -228.576 		20.681 		177.482
v -227.113 		20.681 		177.539
v -225.978 		20.681 		177.235
v -227.49 		20.681 		174.438
v -228.094 		20.681 		174.461
v -228.522 		20.681 		174.28
v -226.694 		20.681 		172.536
v -226.503 		20.681 		173.115
v -226.943 		20.681 		172.223
v -226.72 		20.681 		173.922
v -229.03 		20.681 		172.782
v -228.451 		20.681 		172.072
v -229.094 		20.681 		173.242
v -229.03 		20.681 		173.617
v -327.87 		2.636 		41.754
v -327.899 		2.636 		41.317
v -229 		35.573 		20.651
v -230.962 		32.858 		27.729
v -230.962 		34.216 		19.172
v -230.812 		34.482 		19.796
v -230.663 		34.831 		19.899
v -230.111 		35.325 		20.31
v -230.387 		35.06 		20.218
v -229.694 		35.465 		20.529
v -229.39 		35.585 		20.574
v -223.673 		20.681 		171.092
v -223.999 		20.681 		170.535
v -227.715 		20.681 		171.903
v -223.353 		20.681 		171.913
v -223.999 		18.979 		170.535
v -224.518 		18.979 		169.896
v -229.144 		18.979 		168.825
v -225.45 		18.979 		169.181
v -226.257 		18.979 		168.825
v -227.113 		18.979 		168.616
v -228.287 		18.979 		168.616
v -228.5 		19.991 		16.362
v -228.5 		19.749 		15.65
v -228.5 		19.416 		14.975
v -228.5 		18.999 		14.35
v -232.2 		20.681 		173.078
v -231.857 		20.681 		174.8
v -228.5 		18.503 		13.784
v -230.882 		20.681 		176.26
v -229.422 		20.681 		177.235
v -473.432 		24.693 		220.939
v -474.079 		24.662 		220.693
v -473.4251 		24.7021 		220.963
v -473.9774 		24.8277 		220.983
v -474.0019 		24.8334 		220.9838
v -229.95 		18.979 		169.181
v -230.882 		18.979 		169.896
v -474.004 		24.829 		220.973
v -231.402 		18.979 		170.535
v -231.402 		20.681 		170.535
v -228.5 		18.503 		21.917
v -228.5 		18.999 		21.351
v -231.727 		20.681 		171.092
v -232.047 		20.681 		171.913
v -473.372 		24.6847 		220.9602
v -228.5 		19.416 		20.726
v -228.5 		19.749 		20.051
v -228.5 		19.991 		19.339
v -228.5 		20.138 		18.601
v -228.5 		20.187 		17.85
v -228.5 		20.138 		17.1
v -474.635 		24.74 		220.713
v -199 		39.1558 		122.9581
v -474.597 		24.911 		220.994
v -199.018 		39.152 		122.951
v -474.5915 		24.9113 		220.9962
v -474.5968 		24.912 		220.9963
v -199 		39.1797 		122.9282
v -199 		37.567 		123.908
v -199 		37.5358 		123.9169
v -199.018 		37.535 		123.908
v -199 		37.1257 		123.955
v -199 		37.094 		123.958
v -199.018 		37.094 		123.949
v -470.932 		22.944 		220.505
v -470.7953 		22.9623 		220.6868
v -470.895 		23.0902 		220.7072
v -470.738 		22.544 		220.406
v -230.498 		19.991 		16.362
v -230.498 		19.749 		15.65
v -230.498 		19.416 		14.975
v -230.498 		18.999 		14.35
v -470.5651 		22.5508 		220.6215
v -470.6035 		22.6196 		220.6324
v -199 		38.0007 		123.779
v -199 		37.9706 		123.7936
v -199.018 		37.969 		123.785
v -470.4147 		22.1274 		220.5543
v -199 		38.418 		123.5702
v -199 		38.3895 		123.5903
v -470.412 		22.118 		220.552
v -470.62 		22.129 		220.303
v -199.018 		38.387 		123.582
v -470.37 		21.677 		220.442
v -470.581 		21.708 		220.198
v -470.4116 		22.1179 		220.5528
v -199.265 		37.931 		123.582
v -470.3499 		21.6719 		220.482
v -470.4113 		22.1162 		220.5525
v -199 		38.8136 		123.2846
v -199 		38.7872 		123.3098
v -199.018 		38.784 		123.302
v -199.265 		38.71 		123.12
v -199.265 		38.331 		123.388
v -199.5 		38.254 		123.12
v -471.017 		22.521 		220.162
v -199.265 		37.516 		123.7
v -199.265 		37.094 		123.739
v -199.5 		37.878 		123.302
v -199.5 		37.489 		123.413
v -470.3541 		21.5863 		220.4684
v -199.5 		37.094 		123.45
v -199.718 		37.456 		123.053
v -470.412 		21.236 		220.333
v -199.718 		37.812 		122.951
v -199.718 		37.094 		123.086
v -470.535 		20.803 		220.225
v -470.3725 		21.2226 		220.4107
v -470.4777 		20.7774 		220.34
v -470.412 		21.056 		220.3843
v -470.5817 		20.5368 		220.3018
v -199 		36.683 		123.9198
v -199 		36.6512 		123.9169
v -199.018 		36.652 		123.908
v -199.265 		36.672 		123.7
v -199.5 		36.698 		123.413
v -470.907 		22.132 		220.065
v -199 		36.2486 		123.8025
v -199 		36.2174 		123.7936
v -199.018 		36.219 		123.785
v -470.87 		21.737 		219.967
v -199.265 		36.257 		123.582
v -470.62 		21.286 		220.094
v -199.5 		36.309 		123.302
v -470.907 		21.341 		219.869
v -199.265 		35.856 		123.388
v -199.5 		35.934 		123.12
v -470.738 		20.871 		219.991
v -471.017 		20.953 		219.773
v -199.718 		36.375 		122.951
v -199.718 		36.731 		123.053
v -199 		35.8277 		123.6048
v -199 		35.7976 		123.5903
v -199.018 		35.8 		123.582
v -199 		35.4284 		123.3299
v -199 		35.3999 		123.3098
v -199.018 		35.403 		123.302
v -470.6654 		20.3434 		220.2711
v -199.265 		35.477 		123.12
v -470.9337 		19.9304 		220.2056
v -470.8594 		20.0449 		220.2237
v -199 		35.0586 		122.9834
v -199 		35.0321 		122.9581
v -199.018 		35.036 		122.951
v -470.932 		20.471 		219.891
v -470.738 		20.384 		220.121
v -471.017 		19.988 		220.023
v -199 		39.5094 		122.5072
v -199 		39.4884 		122.5413
v -471.4615 		23.701 		220.8041
v -199.018 		39.484 		122.535
v -471.7229 		23.8964 		220.8351
v -471.934 		23.993 		220.765
v -471.535 		23.675 		220.687
v -471.8847 		24.0171 		220.8543
v -199.265 		39.38 		122.386
v -471.765 		23.581 		220.425
v -199.265 		39.062 		122.785
v -199.5 		38.939 		122.555
v -199 		39.781 		122.0655
v -472.3586 		24.2908 		220.8977
v -472.7874 		24.4817 		220.928
v -472.8743 		24.5205 		220.9342
v -199.018 		39.776 		122.06
v -472.388 		24.271 		220.835
v -472.89 		24.506 		220.893
v -199.265 		39.659 		121.932
v -472.2335 		24.2185 		220.8862
v -199.5 		39.237 		122.182
v -472.395 		23.726 		220.24
v -472.785 		23.965 		220.299
v -472.138 		23.879 		220.499
v -472.564 		24.14 		220.564
v -199.718 		39.057 		121.925
v -473.035 		24.36 		220.618
v -199 		40.233 		120.9284
v -199 		40.2228 		120.9714
v -199.018 		40.217 		120.968
v -199 		40.0405 		121.4987
v -199 		40.0265 		121.5394
v -199.018 		40.021 		121.535
v -199.265 		40.081 		120.888
v -199.265 		39.894 		121.429
v -472.053 		23.453 		220.172
v -471.45 		23.251 		220.343
v -471.199 		23.323 		220.599
v -199.5 		39.719 		121.285
v -199.5 		39.498 		121.756
v -471.199 		22.896 		220.255
v -199.718 		39.297 		121.535
v -199.718 		39.498 		121.103
v -199.914 		39.057 		121.272
v -471.0959 		23.3474 		220.748
v -471.2738 		23.5192 		220.7752
v -199.914 		39.237 		120.888
v -473.048 		23.75 		220.046
v -199.718 		38.156 		122.785
v -199.5 		38.609 		122.87
v -471.765 		23.151 		220.097
v -471.934 		22.734 		219.794
v -471.535 		22.825 		220.017
v -199.718 		38.784 		122.267
v -199.718 		38.482 		122.555
v -199.914 		38.331 		122.182
v -472.388 		22.624 		219.592
v -473.035 		22.701 		219.463
v -199.914 		38.6 		121.925
v -472.564 		22.874 		219.654
v -472.785 		23.105 		219.711
v -472.138 		23.024 		219.866
v -472.395 		23.293 		219.933
v -199.914 		38.041 		122.386
v -472.7 		23.537 		219.993
v -473.048 		23.315 		219.763
v -200.087 		37.909 		121.932
v -199.914 		37.417 		122.625
v -199.914 		37.734 		122.535
v -199.914 		37.094 		122.655
v -200.087 		37.372 		122.138
v -200.087 		37.645 		122.06
v -200.087 		37.094 		122.164
v -200.087 		38.159 		121.756
v -200.087 		38.391 		121.535
v -199.914 		38.844 		121.62
v -473.543 		24.535 		220.662
v -200.087 		38.784 		120.973
v -200.087 		38.6 		121.272
v -473.217 		24.167 		220.349
v -473.682 		24.327 		220.389
v -200.232 		37.969 		121.285
v -200.232 		38.159 		121.103
v -200.232 		38.331 		120.888
v -474.173 		24.444 		220.418
v -474.739 		24.24 		220.168
v -474.682 		24.515 		220.436
v -200.232 		37.547 		121.535
v -200.232 		37.322 		121.598
v -200.232 		36.865 		121.598
v -200.232 		37.094 		121.62
v -200.232 		37.763 		121.429
v -473.678 		23.653 		219.847
v -474.412 		23.866 		219.9
v -200.348 		37.268 		121.017
v -474.874 		23.561 		219.677
v -200.348 		37.094 		121.033
v -474.035 		23.776 		219.878
v -200.348 		37.606 		120.888
v -200.348 		37.44 		120.968
v -200.348 		36.919 		121.017
v -474.803 		23.92 		219.913
v -473.847 		24.073 		220.126
v -473.432 		23.93 		220.091
v -199 		40.365 		120.3723
v -199.018 		40.359 		120.37
v -199 		40.3713 		120.3278
v -199.265 		40.217 		120.315
v -199.5 		40.021 		120.24
v -474.285 		24.177 		220.152
v -199.5 		39.894 		120.777
v -199.718 		39.659 		120.638
v -199.718 		39.776 		120.146
v -473.347 		23.498 		219.809
v -199.914 		39.484 		120.035
v -199.914 		39.38 		120.473
v -200.087 		39.062 		120.285
v -200.087 		39.152 		119.908
v -200.087 		38.939 		120.642
v -473.432 		23.064 		219.553
v -474.035 		22.903 		219.396
v -473.847 		22.788 		219.367
v -473.678 		23.214 		219.591
v -473.217 		22.892 		219.51
v -473.682 		22.656 		219.335
v -199 		40.4782 		119.0747
v -199 		40.4803 		119.12
v -199.018 		40.474 		119.12
v -199 		40.4533 		119.7059
v -199 		40.4512 		119.7512
v -199.018 		40.445 		119.75
v -199.265 		40.3 		119.723
v -199.265 		40.327 		119.12
v -473.95 		23.341 		219.622
v -199.5 		40.099 		119.685
v -199.5 		40.125 		119.12
v -199.718 		39.87 		119.12
v -199.718 		39.847 		119.638
v -199.914 		39.547 		119.581
v -199.914 		39.569 		119.12
v -200.087 		39.206 		119.517
v -200.087 		39.224 		119.12
v -474.553 		23.516 		219.666
v -200.232 		38.482 		120.642
v -200.348 		38.041 		120.473
v -200.348 		37.909 		120.638
v -200.232 		38.609 		120.37
v -474.243 		23.443 		219.647
v -474.705 		23.134 		219.453
v -474.95 		23.168 		219.462
v -200.232 		38.71 		120.076
v -200.348 		38.254 		120.076
v -474.468 		23.078 		219.439
v -200.348 		38.331 		119.852
v -200.348 		38.156 		120.285
v -200.432 		37.212 		120.403
v -200.432 		37.328 		120.37
v -200.432 		36.975 		120.403
v -200.432 		37.094 		120.414
v -200.348 		37.763 		120.777
v -474.865 		22.726 		219.267
v -474.705 		22.688 		219.257
v -475.031 		22.749 		219.272
v -474.243 		23 		219.42
v -474.553 		22.636 		219.244
v -200.432 		37.812 		119.908
v -200.432 		37.645 		120.146
v -200.432 		37.734 		120.035
v -200.432 		37.547 		120.24
v -200.432 		37.44 		120.315
v -474.412 		22.57 		219.228
v -471.785 		22.428 		219.718
v -200.232 		38.829 		119.446
v -200.232 		38.784 		119.767
v -471.695 		22.111 		219.639
v -200.348 		38.422 		119.369
v -200.348 		38.387 		119.615
v -471.664 		21.788 		219.559
v -200.432 		37.969 		119.455
v -200.432 		37.931 		119.615
v -471.368 		22.482 		219.931
v -200.232 		38.844 		119.12
v -200.348 		38.433 		119.12
v -200.348 		38.422 		118.87
v -200.232 		38.829 		118.793
v -471.267 		22.126 		219.843
v -200.432 		37.992 		118.951
v -200.432 		37.969 		118.785
v -200.432 		37.999 		119.12
v -471.233 		21.763 		219.753
v -200.432 		37.992 		119.289
v -200.432 		37.878 		119.767
v -472.721 		22.055 		219.303
v -200.483 		37.417 		119.581
v -472.182 		22.087 		219.458
v -472.89 		22.496 		219.412
v -472.785 		22.28 		219.359
v -472.26 		22.36 		219.526
v -200.483 		37.516 		119.369
v -200.483 		37.489 		119.446
v -200.483 		37.456 		119.517
v -200.483 		37.322 		119.685
v -200.483 		37.372 		119.638
v -200.483 		37.268 		119.723
v -200.483 		37.212 		119.75
v -200.483 		37.153 		119.767
v -472.156 		21.809 		219.389
v -472.7 		21.827 		219.246
v -200.483 		36.975 		119.75
v -200.483 		37.034 		119.767
v -200.483 		36.919 		119.723
v -200.483 		37.094 		119.772
v -472.721 		21.599 		219.19
v -472.182 		21.531 		219.32
v -200.483 		36.865 		119.685
v -471.695 		21.465 		219.479
v -471.785 		21.148 		219.4
v -200.483 		37.547 		119.035
v -471.934 		20.841 		219.324
v -200.483 		37.55 		119.12
v -200.483 		37.535 		118.951
v -200.483 		37.547 		119.205
v -471.535 		20.702 		219.489
v -200.483 		37.535 		119.289
v -471.267 		21.401 		219.663
v -471.368 		21.045 		219.575
v -200.483 		37.516 		118.87
v -200.483 		37.489 		118.793
v -471.199 		20.577 		219.679
v -472.26 		21.258 		219.253
v -472.388 		20.994 		219.187
v -472.138 		20.551 		219.252
v -473.543 		22.51 		219.298
v -473.352 		22.188 		219.218
v -473.432 		22.353 		219.259
v -473.303 		22.016 		219.176
v -474.079 		22.304 		219.162
v -474.173 		22.403 		219.186
# 13659 vertices

g group_0_16089887

usemtl color_16089887
s 0

f 12261 	8 	9
f 16 	46 	21
f 26 	57 	25
f 21 	12263 	16
f 12262 	16 	12263
f 27 	57 	26
f 25 	57 	1
f 5 	3 	12540
f 12264 	12265 	28
f 9580 	27 	26
f 7 	34 	11
f 29 	12759 	30
f 31 	30 	12796
f 33 	12796 	36
f 1 	57 	10
f 11 	38 	12
f 34 	38 	11
f 32 	12796 	33
f 32 	31 	12796
f 226 	224 	40
f 38 	39 	12
f 226 	40 	12266
f 40 	225 	16
f 39 	140 	141
f 13140 	4 	44
f 9580 	9540 	41
f 9580 	41 	27
f 57 	27 	43
f 44 	28 	47
f 28 	21 	47
f 46 	47 	21
f 43 	27 	42
f 45 	44 	47
f 45 	47 	51
f 47 	46 	52
f 47 	52 	51
f 54 	13220 	56
f 17 	10 	57
f 41 	48 	27
f 42 	27 	48
f 56 	13220 	58
f 58 	13220 	59
f 50 	59 	289
f 49 	50 	289
f 57 	43 	60
f 510 	509 	54
f 42 	48 	10169
f 10180 	57 	60
f 234 	150 	17
f 88 	89 	90
f 88 	90 	91
f 92 	93 	89
f 90 	89 	93
f 94 	95 	96
f 94 	96 	97
f 99 	92 	89
f 99 	89 	88
f 12 	39 	66
f 100 	93 	92
f 100 	92 	99
f 66 	114 	67
f 132 	105 	103
f 105 	132 	106
f 73 	126 	75
f 334 	82 	98
f 107 	133 	109
f 114 	66 	39
f 268 	104 	108
f 67 	118 	69
f 114 	118 	67
f 69 	121 	73
f 118 	121 	69
f 125 	143 	127
f 128 	127 	142
f 123 	104 	135
f 73 	121 	126
f 120 	123 	135
f 104 	268 	137
f 135 	104 	137
f 102 	130 	131
f 102 	131 	103
f 103 	131 	132
f 130 	134 	131
f 132 	131 	133
f 132 	133 	106
f 133 	107 	106
f 130 	102 	139
f 112 	139 	102
f 141 	114 	39
f 133 	131 	134
f 133 	134 	109
f 12550 	98 	12551
f 277 	121 	118
f 109 	134 	110
f 134 	130 	136
f 136 	111 	134
f 110 	134 	111
f 136 	147 	122
f 113 	164 	138
f 140 	39 	38
f 130 	139 	136
f 128 	139 	112
f 145 	146 	143
f 144 	145 	143
f 142 	143 	146
f 146 	147 	142
f 139 	128 	142
f 115 	146 	117
f 145 	117 	146
f 302 	301 	85
f 117 	145 	119
f 145 	358 	119
f 139 	142 	147
f 139 	147 	136
f 148 	141 	140
f 149 	206 	120
f 111 	136 	122
f 135 	149 	120
f 122 	147 	146
f 122 	146 	115
f 135 	218 	149
f 151 	148 	140
f 20 	17 	150
f 143 	125 	144
f 124 	144 	125
f 135 	137 	218
f 142 	127 	143
f 151 	153 	148
f 156 	157 	158
f 156 	158 	159
f 510 	54 	56
f 161 	24 	160
f 162 	163 	164
f 162 	164 	165
f 163 	138 	164
f 303 	302 	85
f 167 	13090 	166
f 138 	163 	152
f 162 	152 	163
f 129 	152 	165
f 162 	165 	152
f 49 	289 	168
f 157 	601 	158
f 317 	316 	85
f 169 	13224 	166
f 366 	390 	170
f 160 	24 	13120
f 13120 	24 	169
f 173 	172 	390
f 175 	173 	390
f 176 	175 	390
f 167 	166 	13224
f 177 	176 	390
f 180 	178 	390
f 390 	12759 	180
f 183 	12759 	29
f 319 	335 	85
f 182 	181 	12759
f 178 	177 	390
f 172 	170 	390
f 226 	12266 	186
f 325 	233 	192
f 189 	12510 	187
f 188 	232 	193
f 389 	187 	12510
f 188 	193 	194
f 196 	195 	12731
f 197 	196 	12731
f 120 	206 	116
f 256 	254 	204
f 206 	155 	116
f 209 	257 	210
f 252 	209 	210
f 252 	210 	253
f 155 	206 	202
f 212 	13276 	213
f 213 	13276 	215
f 216 	13276 	192
f 252 	174 	209
f 199 	197 	12731
f 193 	12731 	195
f 195 	194 	193
f 232 	188 	236
f 224 	35 	219
f 214 	219 	35
f 35 	13273 	214
f 219 	179 	224
f 191 	224 	179
f 189 	373 	12510
f 214 	171 	219
f 179 	219 	171
f 149 	218 	217
f 185 	209 	174
f 184 	200 	210
f 210 	90 	93
f 93 	100 	210
f 184 	210 	100
f 254 	256 	220
f 249 	213 	215
f 236 	188 	194
f 155 	202 	222
f 254 	220 	185
f 236 	194 	238
f 195 	238 	194
f 220 	257 	209
f 90 	210 	257
f 196 	239 	195
f 91 	90 	258
f 258 	90 	257
f 201 	242 	199
f 222 	202 	485
f 203 	243 	201
f 46 	16 	225
f 225 	40 	224
f 35 	224 	226
f 186 	12271 	226
f 202 	492 	485
f 248 	246 	212
f 149 	227 	206
f 213 	249 	248
f 213 	248 	212
f 206 	227 	202
f 227 	149 	217
f 202 	227 	492
f 229 	230 	231
f 234 	193 	232
f 57 	193 	234
f 236 	234 	232
f 240 	12411 	239
f 241 	12411 	240
f 235 	289 	237
f 168 	289 	235
f 224 	191 	225
f 190 	225 	191
f 787 	235 	237
f 46 	225 	190
f 209 	185 	220
f 239 	234 	238
f 238 	234 	236
f 204 	254 	185
f 238 	195 	239
f 198 	174 	252
f 197 	240 	196
f 239 	196 	240
f 253 	210 	200
f 240 	197 	241
f 199 	241 	197
f 507 	217 	498
f 252 	253 	200
f 252 	200 	198
f 199 	242 	241
f 242 	201 	243
f 12713 	12902 	203
f 256 	257 	220
f 190 	52 	46
f 257 	256 	260
f 257 	260 	258
f 204 	260 	256
f 1191 	262 	259
f 247 	13625 	13623
f 247 	13626 	13625
f 231 	230 	1010
f 268 	108 	259
f 230 	229 	270
f 259 	262 	330
f 268 	259 	330
f 247 	13631 	13633
f 247 	13630 	13631
f 208 	245 	244
f 208 	244 	207
f 208 	211 	245
f 246 	245 	211
f 211 	212 	246
f 249 	215 	250
f 247 	1799 	13636
f 250 	215 	216
f 250 	216 	251
f 233 	251 	192
f 216 	192 	251
f 276 	919 	237
f 247 	1801 	1799
f 247 	1804 	1801
f 247 	1807 	1804
f 114 	283 	118
f 247 	1809 	1807
f 170 	280 	366
f 247 	2044 	1809
f 281 	323 	284
f 279 	10354 	278
f 280 	10357 	279
f 247 	2045 	2044
f 283 	141 	286
f 2047 	247 	2046
f 247 	2048 	2046
f 141 	148 	286
f 247 	2049 	2048
f 290 	276 	289
f 287 	286 	148
f 247 	2051 	2049
f 153 	287 	148
f 247 	4402 	2051
f 2047 	2045 	247
f 315 	2237 	278
f 283 	277 	118
f 141 	283 	114
f 13649 	247 	13648
f 288 	277 	283
f 283 	286 	288
f 13642 	13648 	247
f 247 	4403 	4402
f 247 	4404 	4403
f 288 	286 	2446
f 289 	291 	290
f 276 	237 	289
f 2446 	286 	287
f 12873 	12872 	291
f 12882 	12887 	292
f 12872 	12882 	292
f 297 	296 	12921
f 12917 	12921 	296
f 12885 	12883 	293
f 247 	3333 	3327
f 247 	3342 	3326
f 1302 	293 	1304
f 3332 	3342 	247
f 3300 	4404 	247
f 1317 	298 	1319
f 376 	153 	375
f 310 	303 	311
f 309 	303 	310
f 308 	303 	309
f 307 	303 	308
f 306 	303 	307
f 305 	299 	303
f 299 	304 	303
f 305 	303 	306
f 287 	153 	376
f 12921 	2237 	298
f 298 	297 	12921
f 375 	153 	12680
f 278 	2237 	279
f 300 	298 	2237
f 314 	2237 	315
f 300 	2237 	313
f 3324 	3325 	247
f 324 	322 	285
f 3326 	3324 	247
f 315 	1354 	314
f 323 	324 	285
f 321 	285 	322
f 262 	274 	272
f 278 	10353 	315
f 326 	12679 	12674
f 279 	2237 	280
f 12679 	326 	327
f 324 	323 	13215
f 328 	327 	326
f 329 	137 	268
f 318 	328 	326
f 318 	331 	328
f 330 	262 	272
f 318 	320 	331
f 268 	330 	329
f 325 	323 	282
f 320 	333 	331
f 330 	272 	332
f 334 	233 	325
f 329 	330 	332
f 247 	3291 	3332
f 329 	340 	137
f 137 	340 	218
f 3325 	3333 	247
f 369 	331 	333
f 333 	12428 	339
f 338 	333 	339
f 332 	347 	329
f 329 	347 	340
f 12428 	12429 	339
f 327 	328 	394
f 340 	347 	345
f 1875 	345 	347
f 340 	351 	218
f 218 	351 	217
f 338 	1310 	349
f 351 	340 	345
f 338 	349 	333
f 217 	351 	498
f 351 	345 	514
f 408 	407 	354
f 369 	415 	354
f 364 	365 	363
f 2137 	2138 	280
f 415 	414 	1310
f 368 	390 	367
f 331 	369 	360
f 2134 	2137 	280
f 205 	12510 	370
f 3300 	247 	3327
f 361 	1864 	359
f 362 	24 	161
f 221 	24 	362
f 370 	24 	205
f 359 	371 	361
f 374 	361 	371
f 370 	12510 	373
f 363 	377 	372
f 363 	372 	364
f 24 	189 	13227
f 367 	378 	379
f 367 	379 	368
f 380 	366 	365
f 380 	365 	381
f 373 	24 	370
f 366 	380 	378
f 366 	378 	367
f 364 	372 	381
f 364 	381 	365
f 384 	10280 	383
f 368 	379 	371
f 368 	371 	359
f 385 	10280 	384
f 372 	374 	378
f 378 	374 	379
f 386 	10280 	385
f 371 	379 	374
f 5862 	374 	372
f 5862 	372 	377
f 380 	381 	372
f 380 	372 	378
f 419 	390 	391
f 419 	391 	418
f 389 	12510 	388
f 10280 	387 	12510
f 12759 	390 	423
f 387 	10280 	386
f 388 	12510 	387
f 366 	367 	390
f 327 	375 	12680
f 327 	394 	375
f 375 	382 	376
f 398 	4149 	397
f 396 	395 	398
f 396 	398 	397
f 394 	382 	375
f 395 	4148 	398
f 419 	423 	390
f 399 	401 	400
f 382 	353 	2801
f 32 	386 	385
f 387 	386 	33
f 360 	394 	328
f 328 	331 	360
f 353 	382 	394
f 261 	119 	358
f 353 	394 	360
f 404 	405 	422
f 13404 	393 	399
f 261 	358 	264
f 360 	354 	353
f 358 	429 	402
f 357 	422 	405
f 265 	264 	402
f 358 	402 	264
f 402 	357 	405
f 265 	402 	405
f 265 	405 	266
f 369 	354 	360
f 405 	404 	267
f 405 	267 	266
f 406 	399 	393
f 404 	263 	267
f 403 	406 	393
f 406 	401 	399
f 357 	346 	269
f 411 	417 	410
f 425 	522 	412
f 414 	369 	349
f 333 	349 	369
f 411 	410 	273
f 411 	273 	271
f 349 	1310 	414
f 408 	415 	1310
f 275 	273 	410
f 408 	354 	415
f 344 	412 	336
f 414 	415 	369
f 404 	422 	416
f 412 	410 	417
f 416 	337 	263
f 416 	411 	337
f 271 	337 	411
f 1310 	1639 	408
f 403 	756 	406
f 404 	416 	263
f 756 	757 	406
f 336 	412 	417
f 336 	417 	341
f 411 	416 	417
f 422 	417 	416
f 406 	757 	401
f 926 	420 	421
f 422 	342 	417
f 341 	417 	342
f 357 	269 	422
f 356 	424 	343
f 536 	520 	424
f 425 	424 	520
f 425 	344 	424
f 343 	424 	344
f 392 	409 	707
f 412 	344 	425
f 342 	422 	269
f 427 	529 	428
f 617 	427 	428
f 357 	402 	429
f 357 	429 	346
f 334 	325 	82
f 352 	346 	429
f 908 	421 	426
f 432 	3438 	431
f 434 	3453 	433
f 152 	428 	138
f 113 	138 	484
f 440 	3440 	439
f 441 	3439 	440
f 3440 	3457 	439
f 442 	451 	441
f 358 	145 	446
f 429 	358 	446
f 446 	145 	144
f 442 	441 	431
f 442 	431 	430
f 432 	431 	440
f 441 	440 	431
f 352 	429 	446
f 440 	439 	433
f 440 	433 	432
f 144 	124 	446
f 352 	446 	124
f 434 	433 	437
f 439 	437 	433
f 152 	350 	428
f 129 	350 	152
f 617 	603 	427
f 138 	428 	529
f 529 	484 	138
f 355 	427 	348
f 301 	317 	85
f 449 	431 	3438
f 303 	447 	444
f 303 	444 	443
f 436 	303 	443
f 435 	303 	436
f 3439 	441 	451
f 445 	436 	443
f 535 	460 	517
f 451 	449 	3438
f 303 	85 	447
f 427 	452 	529
f 456 	604 	525
f 604 	605 	525
f 456 	457 	671
f 458 	671 	457
f 459 	675 	458
f 605 	666 	455
f 303 	435 	450
f 303 	450 	448
f 303 	448 	312
f 312 	311 	303
f 424 	460 	536
f 535 	536 	460
f 356 	517 	460
f 424 	356 	460
f 427 	355 	452
f 319 	85 	316
f 282 	323 	281
f 392 	400 	409
f 494 	506 	471
f 483 	1087 	222
f 505 	506 	8727
f 472 	488 	471
f 222 	485 	483
f 227 	217 	507
f 471 	488 	494
f 227 	507 	492
f 335 	496 	85
f 491 	85 	490
f 487 	85 	491
f 486 	85 	487
f 486 	101 	85
f 502 	13090 	500
f 490 	493 	491
f 615 	612 	494
f 514 	498 	351
f 496 	495 	85
f 495 	489 	85
f 12694 	334 	12663
f 282 	82 	325
f 503 	504 	13090
f 285 	284 	323
f 6376 	6394 	483
f 502 	503 	13090
f 485 	6378 	483
f 490 	85 	489
f 485 	492 	6379
f 2747 	2744 	270
f 500 	59 	502
f 6381 	492 	507
f 17 	57 	234
f 512 	13090 	510
f 513 	13090 	512
f 499 	13090 	513
f 514 	6385 	498
f 635 	508 	511
f 203 	201 	12731
f 522 	425 	521
f 410 	412 	522
f 520 	521 	425
f 463 	658 	462
f 664 	667 	524
f 647 	674 	467
f 461 	646 	526
f 501 	8727 	506
f 459 	458 	464
f 465 	464 	458
f 275 	522 	468
f 505 	471 	506
f 410 	522 	275
f 459 	464 	579
f 504 	49 	752
f 468 	522 	469
f 521 	469 	522
f 8727 	10097 	505
f 466 	465 	457
f 458 	457 	465
f 469 	521 	470
f 520 	470 	521
f 470 	520 	473
f 501 	506 	494
f 526 	525 	461
f 455 	461 	525
f 473 	520 	474
f 56 	58 	512
f 474 	520 	475
f 454 	453 	462
f 463 	462 	453
f 505 	497 	471
f 500 	499 	59
f 513 	58 	499
f 455 	525 	605
f 462 	664 	524
f 523 	454 	524
f 462 	524 	454
f 524 	461 	455
f 524 	455 	523
f 456 	467 	466
f 456 	466 	457
f 488 	472 	559
f 456 	525 	467
f 526 	467 	525
f 208 	207 	13276
f 208 	13276 	211
f 11032 	544 	472
f 215 	13276 	216
f 531 	532 	562
f 530 	531 	562
f 533 	528 	532
f 528 	562 	532
f 527 	528 	548
f 201 	199 	12731
f 567 	542 	539
f 540 	567 	539
f 541 	567 	540
f 541 	547 	578
f 542 	543 	549
f 537 	549 	543
f 541 	540 	530
f 531 	530 	540
f 517 	516 	535
f 536 	535 	516
f 544 	11051 	545
f 565 	578 	547
f 530 	546 	541
f 547 	541 	546
f 539 	538 	533
f 539 	533 	532
f 475 	520 	536
f 534 	527 	548
f 536 	516 	475
f 538 	542 	549
f 548 	533 	538
f 548 	538 	549
f 552 	421 	420
f 534 	548 	537
f 549 	537 	548
f 552 	420 	555
f 537 	806 	534
f 545 	426 	421
f 546 	564 	565
f 421 	552 	545
f 565 	547 	546
f 532 	531 	540
f 532 	540 	539
f 555 	559 	552
f 542 	528 	543
f 527 	543 	528
f 552 	544 	545
f 564 	546 	573
f 546 	530 	573
f 562 	573 	530
f 579 	585 	566
f 566 	577 	565
f 567 	541 	578
f 538 	539 	542
f 479 	875 	13417
f 563 	575 	566
f 566 	565 	564
f 566 	564 	563
f 515 	568 	479
f 528 	542 	562
f 567 	562 	542
f 575 	563 	584
f 574 	584 	564
f 563 	564 	584
f 578 	565 	577
f 242 	12411 	241
f 12902 	12903 	12411
f 575 	459 	579
f 579 	566 	575
f 573 	578 	574
f 577 	574 	578
f 459 	575 	594
f 584 	594 	575
f 577 	566 	585
f 465 	676 	464
f 574 	577 	584
f 585 	584 	577
f 251 	233 	12192
f 334 	12192 	233
f 588 	571 	519
f 588 	518 	591
f 243 	203 	12902
f 573 	574 	564
f 519 	518 	588
f 244 	12911 	207
f 567 	578 	573
f 567 	573 	562
f 559 	544 	552
f 459 	594 	595
f 597 	579 	596
f 579 	464 	596
f 596 	595 	594
f 596 	594 	597
f 723 	588 	591
f 585 	579 	597
f 544 	559 	472
f 585 	597 	594
f 585 	594 	584
f 591 	1008 	600
f 348 	427 	603
f 596 	676 	595
f 603 	617 	602
f 523 	455 	666
f 671 	458 	675
f 666 	662 	523
f 591 	518 	1008
f 610 	627 	609
f 529 	452 	624
f 611 	624 	452
f 624 	611 	599
f 612 	8727 	501
f 613 	8727 	612
f 599 	611 	355
f 501 	494 	612
f 601 	609 	608
f 601 	608 	598
f 452 	355 	611
f 428 	618 	617
f 615 	613 	612
f 428 	350 	618
f 350 	602 	618
f 228 	1008 	518
f 617 	618 	602
f 157 	609 	601
f 609 	157 	610
f 156 	610 	157
f 741 	600 	607
f 159 	606 	610
f 159 	610 	156
f 628 	610 	606
f 619 	614 	621
f 608 	609 	620
f 620 	609 	627
f 598 	608 	623
f 620 	623 	608
f 616 	622 	614
f 599 	625 	624
f 621 	614 	622
f 620 	627 	623
f 624 	625 	529
f 484 	529 	625
f 610 	628 	627
f 627 	629 	623
f 621 	622 	626
f 606 	631 	628
f 629 	627 	628
f 629 	628 	631
f 6388 	6386 	626
f 689 	13658 	508
f 719 	635 	511
f 285 	13000 	284
f 466 	467 	674
f 465 	466 	674
f 647 	526 	646
f 467 	526 	647
f 453 	649 	463
f 646 	605 	604
f 646 	604 	647
f 453 	662 	653
f 463 	649 	658
f 658 	649 	657
f 657 	655 	653
f 657 	653 	658
f 636 	663 	678
f 664 	462 	658
f 662 	664 	658
f 662 	658 	653
f 454 	523 	662
f 646 	461 	667
f 636 	665 	663
f 666 	605 	667
f 646 	667 	605
f 604 	456 	671
f 665 	642 	670
f 671 	674 	647
f 671 	647 	604
f 663 	665 	670
f 596 	464 	676
f 674 	676 	465
f 674 	671 	676
f 675 	676 	671
f 82 	282 	13004
f 453 	454 	662
f 630 	13004 	282
f 461 	524 	667
f 662 	666 	664
f 667 	664 	666
f 459 	595 	675
f 675 	595 	676
f 650 	678 	874
f 681 	698 	680
f 680 	692 	679
f 686 	687 	693
f 684 	693 	687
f 680 	679 	687
f 680 	687 	686
f 681 	680 	686
f 681 	686 	685
f 635 	689 	508
f 661 	690 	659
f 691 	705 	681
f 682 	679 	692
f 701 	706 	685
f 685 	686 	701
f 693 	701 	686
f 694 	691 	685
f 681 	685 	691
f 661 	660 	695
f 699 	696 	694
f 695 	690 	661
f 692 	693 	684
f 692 	684 	682
f 697 	655 	696
f 696 	711 	691
f 692 	680 	698
f 700 	668 	672
f 694 	685 	706
f 706 	713 	694
f 568 	875 	479
f 649 	697 	699
f 568 	978 	875
f 691 	694 	696
f 698 	701 	693
f 698 	693 	692
f 704 	652 	703
f 651 	703 	652
f 816 	978 	568
f 698 	681 	705
f 453 	653 	697
f 653 	655 	697
f 703 	822 	704
f 713 	714 	694
f 696 	699 	697
f 672 	856 	708
f 453 	697 	649
f 672 	708 	700
f 705 	706 	701
f 705 	701 	698
f 700 	708 	709
f 712 	691 	711
f 710 	515 	482
f 700 	709 	702
f 699 	694 	714
f 714 	657 	699
f 715 	568 	515
f 688 	669 	709
f 702 	709 	669
f 711 	714 	713
f 711 	713 	712
f 571 	588 	716
f 515 	710 	715
f 649 	699 	657
f 705 	691 	712
f 716 	719 	571
f 720 	718 	735
f 705 	712 	706
f 713 	706 	712
f 711 	696 	655
f 482 	707 	710
f 719 	511 	571
f 711 	655 	714
f 657 	714 	655
f 838 	687 	679
f 588 	723 	716
f 724 	710 	707
f 817 	715 	710
f 724 	817 	710
f 1055 	1056 	725
f 723 	591 	728
f 707 	409 	724
f 731 	732 	730
f 431 	449 	430
f 763 	430 	760
f 760 	732 	763
f 734 	761 	764
f 764 	736 	734
f 737 	3678 	736
f 738 	3677 	737
f 726 	3685 	738
f 735 	733 	720
f 715 	816 	568
f 726 	738 	729
f 726 	729 	725
f 739 	740 	735
f 733 	735 	740
f 728 	600 	741
f 739 	722 	740
f 721 	740 	722
f 728 	591 	600
f 678 	663 	877
f 613 	742 	8727
f 613 	615 	742
f 874 	678 	877
f 642 	746 	670
f 745 	744 	488
f 744 	494 	488
f 607 	743 	741
f 559 	745 	488
f 4681 	4680 	316
f 748 	749 	747
f 747 	745 	555
f 59 	50 	502
f 13215 	323 	750
f 715 	818 	816
f 715 	817 	818
f 755 	409 	400
f 401 	755 	400
f 636 	762 	754
f 13277 	750 	325
f 636 	754 	1384
f 756 	771 	757
f 442 	430 	764
f 763 	764 	430
f 759 	778 	753
f 731 	763 	732
f 403 	13511 	756
f 778 	759 	758
f 761 	442 	764
f 650 	759 	753
f 760 	761 	734
f 760 	734 	732
f 760 	430 	449
f 751 	762 	753
f 761 	451 	442
f 762 	751 	754
f 451 	761 	449
f 760 	449 	761
f 731 	730 	736
f 737 	736 	730
f 650 	753 	762
f 763 	731 	764
f 736 	764 	731
f 762 	636 	678
f 730 	729 	738
f 730 	738 	737
f 1055 	725 	1054
f 678 	650 	762
f 752 	13090 	504
f 755 	809 	409
f 383 	10280 	768
f 755 	401 	769
f 770 	771 	756
f 401 	757 	769
f 13133 	4224 	234
f 150 	234 	4224
f 1455 	754 	751
f 7165 	774 	773
f 775 	755 	769
f 6604 	6605 	57
f 7165 	777 	774
f 765 	778 	776
f 182 	767 	766
f 182 	766 	772
f 181 	182 	773
f 777 	181 	774
f 774 	181 	773
f 13511 	13522 	770
f 899 	895 	780
f 182 	183 	767
f 778 	765 	779
f 383 	768 	29
f 769 	757 	1239
f 779 	751 	753
f 893 	780 	895
f 1239 	1416 	769
f 778 	779 	753
f 757 	771 	1239
f 652 	704 	846
f 769 	1416 	775
f 752 	785 	13090
f 787 	12547 	785
f 747 	749 	745
f 745 	559 	555
f 744 	745 	749
f 791 	796 	792
f 792 	870 	791
f 749 	793 	744
f 794 	802 	796
f 808 	794 	791
f 862 	808 	791
f 1676 	771 	770
f 797 	805 	799
f 615 	744 	793
f 775 	809 	755
f 800 	615 	793
f 795 	796 	802
f 802 	803 	795
f 803 	823 	795
f 775 	786 	809
f 804 	797 	824
f 798 	799 	805
f 805 	797 	804
f 806 	824 	797
f 537 	820 	806
f 494 	744 	615
f 798 	805 	794
f 802 	794 	805
f 801 	534 	806
f 795 	801 	797
f 806 	797 	801
f 796 	795 	799
f 797 	799 	795
f 800 	742 	615
f 799 	792 	796
f 804 	803 	802
f 804 	802 	805
f 796 	791 	794
f 812 	813 	862
f 800 	807 	742
f 809 	810 	724
f 870 	792 	811
f 811 	792 	798
f 798 	794 	811
f 808 	811 	794
f 438 	555 	420
f 724 	409 	809
f 438 	747 	555
f 9121 	8727 	893
f 815 	870 	814
f 814 	813 	815
f 812 	815 	813
f 813 	808 	862
f 814 	870 	811
f 808 	813 	814
f 808 	814 	811
f 865 	964 	815
f 776 	778 	758
f 688 	709 	857
f 533 	548 	528
f 527 	534 	819
f 801 	819 	534
f 781 	776 	758
f 704 	859 	846
f 824 	806 	820
f 543 	820 	537
f 543 	527 	820
f 819 	820 	527
f 818 	821 	816
f 822 	703 	782
f 651 	782 	703
f 819 	801 	823
f 801 	795 	823
f 817 	724 	810
f 860 	825 	702
f 700 	702 	825
f 820 	819 	824
f 823 	824 	819
f 784 	668 	825
f 825 	668 	700
f 825 	860 	822
f 817 	826 	818
f 822 	782 	825
f 784 	825 	782
f 804 	824 	823
f 804 	823 	803
f 810 	826 	817
f 831 	834 	830
f 834 	835 	830
f 829 	830 	835
f 682 	834 	832
f 679 	682 	832
f 831 	832 	834
f 828 	829 	835
f 852 	828 	835
f 695 	833 	690
f 853 	868 	788
f 809 	786 	810
f 788 	833 	789
f 838 	839 	837
f 837 	684 	838
f 839 	840 	837
f 836 	837 	840
f 841 	842 	836
f 854 	836 	842
f 840 	841 	836
f 833 	660 	789
f 843 	827 	874
f 841 	829 	842
f 828 	842 	829
f 833 	695 	660
f 869 	690 	833
f 869 	855 	690
f 840 	839 	830
f 831 	830 	839
f 830 	829 	840
f 841 	840 	829
f 860 	702 	669
f 852 	1090 	828
f 854 	1092 	852
f 708 	890 	709
f 1091 	1093 	828
f 857 	709 	891
f 839 	838 	832
f 839 	832 	831
f 845 	827 	843
f 1091 	828 	1090
f 847 	860 	669
f 845 	843 	861
f 834 	837 	836
f 834 	836 	835
f 687 	838 	684
f 684 	837 	682
f 834 	682 	837
f 116 	861 	843
f 852 	835 	854
f 836 	854 	835
f 1051 	843 	874
f 679 	832 	838
f 1051 	116 	843
f 1774 	818 	826
f 659 	690 	855
f 1057 	3661 	726
f 890 	856 	857
f 704 	822 	859
f 859 	822 	860
f 860 	847 	859
f 846 	859 	847
f 863 	864 	960
f 864 	812 	960
f 861 	858 	845
f 858 	861 	1088
f 116 	155 	861
f 876 	790 	783
f 867 	971 	868
f 971 	869 	868
f 870 	815 	964
f 866 	964 	865
f 799 	798 	792
f 862 	791 	870
f 650 	827 	759
f 863 	866 	865
f 863 	865 	864
f 650 	874 	827
f 880 	884 	12129
f 663 	670 	1053
f 879 	871 	880
f 663 	1053 	877
f 780 	790 	882
f 884 	885 	12129
f 881 	780 	882
f 886 	885 	884
f 746 	108 	670
f 899 	780 	881
f 876 	882 	790
f 259 	108 	746
f 886 	884 	871
f 871 	884 	880
f 867 	868 	853
f 851 	867 	853
f 800 	793 	1370
f 833 	868 	869
f 833 	788 	868
f 887 	872 	889
f 888 	889 	872
f 862 	960 	812
f 807 	800 	1404
f 890 	708 	856
f 815 	812 	865
f 864 	865 	812
f 891 	709 	890
f 893 	895 	894
f 12547 	13090 	785
f 855 	869 	933
f 891 	890 	857
f 937 	935 	900
f 903 	900 	935
f 892 	907 	908
f 785 	235 	787
f 919 	12547 	787
f 871 	915 	886
f 426 	11363 	908
f 885 	886 	931
f 1235 	1286 	919
f 875 	915 	871
f 727 	920 	717
f 893 	923 	924
f 900 	893 	924
f 894 	923 	893
f 11350 	898 	892
f 892 	898 	907
f 921 	920 	925
f 925 	920 	727
f 925 	967 	922
f 921 	925 	922
f 907 	926 	908
f 421 	908 	926
f 970 	739 	735
f 978 	915 	875
f 733 	740 	867
f 733 	867 	720
f 851 	720 	867
f 929 	928 	927
f 907 	929 	926
f 929 	927 	926
f 885 	931 	12129
f 931 	981 	12129
f 981 	983 	12129
f 927 	438 	420
f 936 	970 	718
f 870 	964 	862
f 927 	420 	926
f 937 	900 	924
f 1931 	1914 	894
f 1927 	1926 	894
f 1929 	1927 	894
f 940 	966 	943
f 942 	943 	966
f 943 	944 	940
f 944 	945 	940
f 945 	946 	939
f 887 	973 	947
f 946 	947 	939
f 872 	887 	947
f 968 	955 	952
f 951 	952 	955
f 953 	968 	952
f 950 	951 	955
f 954 	963 	953
f 963 	968 	953
f 955 	956 	950
f 956 	1050 	949
f 948 	949 	1050
f 942 	941 	953
f 954 	953 	941
f 957 	958 	881
f 943 	942 	952
f 953 	952 	942
f 881 	958 	899
f 945 	944 	951
f 945 	951 	950
f 952 	951 	944
f 952 	944 	943
f 950 	949 	946
f 950 	946 	945
f 946 	949 	947
f 948 	947 	949
f 11533 	959 	898
f 955 	940 	939
f 955 	939 	956
f 961 	863 	941
f 960 	941 	863
f 963 	954 	866
f 964 	866 	954
f 907 	898 	959
f 963 	866 	961
f 863 	961 	866
f 941 	942 	961
f 966 	961 	942
f 925 	2877 	967
f 930 	922 	967
f 961 	966 	968
f 961 	968 	963
f 898 	11534 	11533
f 739 	970 	969
f 967 	969 	970
f 949 	950 	956
f 722 	739 	932
f 966 	940 	955
f 966 	955 	968
f 973 	939 	947
f 740 	721 	971
f 970 	936 	967
f 930 	967 	936
f 931 	886 	934
f 735 	718 	970
f 969 	932 	739
f 971 	867 	740
f 933 	971 	721
f 974 	959 	11533
f 959 	974 	977
f 976 	975 	915
f 869 	971 	933
f 977 	929 	959
f 978 	976 	915
f 977 	928 	929
f 8216 	8217 	962
f 929 	907 	959
f 974 	972 	977
f 934 	981 	931
f 984 	12129 	983
f 983 	985 	984
f 1171 	1176 	994
f 878 	873 	1275
f 883 	1283 	1284
f 1010 	607 	600
f 607 	1010 	1013
f 1008 	1010 	600
f 1008 	231 	1010
f 231 	1008 	228
f 230 	1013 	1010
f 1013 	1045 	1021
f 1006 	743 	607
f 1006 	607 	1013
f 1006 	1013 	1021
f 230 	1045 	1013
f 1050 	889 	948
f 874 	877 	1051
f 887 	889 	973
f 1050 	973 	889
f 939 	940 	945
f 877 	123 	1051
f 939 	973 	1050
f 939 	1050 	956
f 941 	960 	954
f 964 	954 	960
f 960 	862 	964
f 726 	1056 	1057
f 877 	1053 	123
f 726 	725 	1056
f 1055 	1054 	1057
f 1055 	1057 	1056
f 123 	1053 	104
f 108 	1053 	670
f 1063 	1062 	1061
f 1063 	1061 	1059
f 104 	1053 	108
f 116 	1051 	120
f 120 	1051 	123
f 888 	872 	1097
f 947 	1094 	1095
f 1079 	1089 	1076
f 844 	1083 	1079
f 1083 	844 	858
f 1083 	858 	1088
f 1083 	1089 	1079
f 1083 	1087 	1089
f 1088 	861 	155
f 1083 	1088 	1087
f 1088 	222 	1087
f 948 	1096 	947
f 872 	947 	1095
f 1088 	155 	222
f 948 	889 	1097
f 888 	1097 	889
f 1095 	1097 	872
f 622 	1076 	626
f 854 	842 	1092
f 1090 	852 	1092
f 1076 	1089 	1614
f 842 	828 	1093
f 1087 	1618 	1089
f 1093 	1092 	842
f 1614 	1089 	1618
f 948 	1097 	1096
f 1094 	947 	1096
f 1092 	1093 	1091
f 1092 	1091 	1090
f 1096 	1097 	1095
f 1096 	1095 	1094
f 781 	758 	1110
f 1099 	1100 	1101
f 1099 	1101 	1102
f 1100 	418 	391
f 1100 	391 	1101
f 759 	1115 	758
f 1099 	419 	418
f 1099 	418 	1100
f 390 	1102 	1101
f 390 	1101 	391
f 1115 	1110 	758
f 717 	12351 	1103
f 1104 	1105 	1103
f 1115 	759 	827
f 1106 	1113 	1105
f 1104 	12351 	1108
f 12351 	1099 	1108
f 781 	1110 	1098
f 1103 	1105 	1114
f 1114 	1105 	1113
f 1109 	1098 	1110
f 1116 	1117 	1114
f 1114 	1117 	1103
f 1031 	1029 	1220
f 1112 	1117 	1118
f 932 	1117 	1112
f 1116 	1118 	1117
f 1118 	1116 	1121
f 1110 	1115 	1146
f 1111 	1107 	1120
f 1119 	1120 	1107
f 985 	983 	934
f 981 	934 	983
f 1119 	1099 	1121
f 1107 	1108 	1099
f 1122 	1123 	1099
f 1115 	827 	845
f 975 	934 	886
f 1099 	1125 	1121
f 845 	1146 	1115
f 886 	915 	975
f 1127 	1133 	1121
f 1126 	1127 	1121
f 1126 	1121 	1125
f 1129 	985 	934
f 1124 	1125 	1099
f 1123 	1124 	1099
f 1132 	982 	1131
f 1130 	1098 	1109
f 1134 	1118 	1121
f 1134 	1121 	1133
f 1130 	1109 	1160
f 934 	975 	1129
f 1128 	1130 	1160
f 1028 	1209 	1029
f 982 	1135 	1136
f 982 	1136 	1137
f 1139 	982 	1138
f 1137 	1138 	982
f 982 	1139 	1140
f 982 	1140 	1141
f 982 	1141 	1142
f 982 	1142 	1143
f 1143 	1131 	982
f 982 	1132 	1144
f 1160 	1109 	844
f 1110 	1146 	1109
f 1212 	1215 	1034
f 1034 	1215 	1037
f 1145 	1148 	1102
f 993 	1039 	1167
f 1152 	1099 	1151
f 1149 	1150 	1102
f 1148 	1149 	1102
f 1146 	844 	1109
f 1151 	1099 	1150
f 1146 	858 	844
f 1158 	1159 	1155
f 1155 	1156 	1158
f 1157 	1158 	1156
f 1154 	1155 	1159
f 1165 	1154 	1159
f 1146 	845 	858
f 1119 	1107 	1099
f 1102 	1150 	1099
f 1031 	1212 	1034
f 1129 	975 	2531
f 419 	1099 	423
f 975 	976 	2531
f 844 	1079 	1160
f 12351 	423 	1099
f 978 	1161 	976
f 1188 	1167 	1039
f 816 	1161 	978
f 1152 	1122 	1099
f 1128 	1164 	616
f 1162 	1147 	1102
f 1164 	1128 	1160
f 1147 	1145 	1102
f 1079 	1164 	1160
f 1171 	994 	993
f 622 	616 	1164
f 1168 	1169 	1102
f 1169 	1173 	1102
f 1076 	622 	1164
f 1173 	1175 	1102
f 1076 	1164 	1079
f 1171 	993 	1167
f 1176 	972 	994
f 1175 	1162 	1102
f 1176 	977 	972
f 1171 	938 	1176
f 928 	977 	1176
f 938 	928 	1176
f 1187 	1186 	1185
f 1355 	1191 	746
f 1185 	1211 	1187
f 1193 	1191 	1355
f 1321 	1167 	1188
f 1193 	1202 	1191
f 1194 	1189 	1201
f 1204 	1201 	1189
f 1198 	1200 	1197
f 1206 	1197 	1200
f 1201 	1431 	1200
f 821 	1161 	816
f 1206 	1431 	1214
f 1193 	1205 	1202
f 1205 	1182 	1230
f 1202 	1205 	1230
f 1222 	1221 	1223
f 1222 	1223 	1224
f 746 	1191 	259
f 1029 	1209 	1220
f 262 	1191 	1202
f 1226 	1225 	1227
f 1226 	1227 	1228
f 1031 	1220 	1212
f 1188 	1039 	1037
f 262 	1202 	274
f 1188 	1037 	1215
f 1231 	1229 	1232
f 1234 	1466 	1233
f 1232 	1229 	1234
f 1232 	1234 	1233
f 1230 	274 	1202
f 1238 	1286 	1235
f 12547 	919 	1286
f 1021 	1048 	1049
f 1241 	1242 	1237
f 1241 	1237 	1236
f 1049 	1048 	2769
f 1318 	1188 	1215
f 1021 	1045 	1048
f 230 	270 	1045
f 2769 	1246 	1049
f 9026 	1240 	9053
f 438 	927 	1249
f 9053 	1240 	1244
f 747 	438 	1255
f 1255 	748 	747
f 1259 	938 	1260
f 1254 	1263 	1915
f 1260 	1262 	1259
f 1265 	1227 	1264
f 1225 	1264 	1227
f 1049 	1246 	1283
f 1249 	928 	938
f 1226 	1245 	1264
f 1226 	1264 	1225
f 938 	1259 	1249
f 1243 	1265 	1253
f 927 	928 	1249
f 1264 	1285 	1265
f 1006 	873 	743
f 1273 	1248 	1272
f 1247 	1272 	1248
f 1266 	1915 	1267
f 878 	1275 	1283
f 1262 	1278 	1259
f 1277 	1252 	1279
f 1251 	1279 	1252
f 1252 	1277 	1250
f 1251 	1253 	1279
f 1265 	1279 	1253
f 1255 	1249 	1259
f 873 	1006 	1275
f 1268 	1915 	1274
f 1222 	1248 	1221
f 1273 	1221 	1248
f 1006 	1021 	1275
f 1278 	1255 	1259
f 1335 	1277 	1272
f 1273 	1272 	1277
f 438 	1249 	1255
f 748 	1255 	1278
f 1277 	1279 	1273
f 1279 	1285 	1273
f 1285 	1223 	1273
f 1221 	1273 	1223
f 1261 	1224 	1285
f 1260 	938 	1171
f 1285 	1224 	1223
f 1264 	1245 	1285
f 1261 	1285 	1245
f 1279 	1265 	1285
f 290 	1235 	276
f 1228 	1227 	1287
f 1235 	290 	1238
f 1269 	1915 	1263
f 1281 	1915 	1270
f 1276 	1915 	1281
f 1274 	1915 	1276
f 1267 	1915 	1268
f 1290 	1286 	1289
f 1238 	1289 	1286
f 1295 	1286 	1290
f 1295 	1299 	1286
f 1322 	1291 	1287
f 6023 	5995 	1240
f 1250 	1326 	1292
f 1240 	6024 	6023
f 292 	1290 	1289
f 292 	1295 	1290
f 1167 	1260 	1171
f 1295 	1302 	1299
f 1304 	1299 	1302
f 12765 	12589 	1311
f 1309 	1311 	12589
f 1212 	1308 	1215
f 1312 	1272 	1247
f 1318 	1215 	1308
f 1314 	12765 	1311
f 1314 	1317 	12765
f 1304 	294 	1309
f 296 	1311 	295
f 1311 	296 	1314
f 1318 	1321 	1188
f 1227 	1322 	1287
f 298 	1317 	297
f 1227 	1265 	1322
f 1323 	1322 	1265
f 1321 	1260 	1167
f 1265 	1288 	1323
f 1243 	1288 	1265
f 1305 	1323 	1288
f 1303 	1324 	1305
f 1049 	1283 	1275
f 1021 	1049 	1275
f 1330 	1325 	1324
f 1322 	1323 	1325
f 1324 	1325 	1323
f 1271 	1262 	1321
f 1284 	1283 	1246
f 1321 	1262 	1260
f 1322 	1325 	1291
f 1333 	1220 	1209
f 1277 	1326 	1250
f 1327 	1293 	1326
f 1292 	1326 	1293
f 1271 	1321 	1318
f 1293 	1327 	1294
f 1294 	1327 	1296
f 1328 	1296 	1327
f 1296 	1328 	1297
f 1514 	1329 	1284
f 1297 	1328 	1298
f 1298 	1328 	1330
f 1298 	1330 	1300
f 1280 	1915 	1266
f 1269 	1270 	1915
f 1324 	1303 	1330
f 1300 	1330 	1303
f 1323 	1305 	1324
f 924 	923 	1915
f 1325 	1332 	1306
f 1325 	1306 	1291
f 1335 	1312 	1334
f 1313 	1334 	1312
f 1220 	1333 	1336
f 1335 	1272 	1312
f 1334 	1326 	1335
f 1335 	1326 	1277
f 1326 	1334 	1327
f 1328 	1327 	1339
f 1332 	1328 	1339
f 1334 	1339 	1327
f 1220 	1336 	1212
f 1325 	1330 	1332
f 1328 	1332 	1330
f 1332 	1339 	1320
f 1308 	1331 	1318
f 1306 	1332 	1320
f 1336 	1308 	1212
f 1313 	1320 	1334
f 1339 	1334 	1320
f 1762 	1336 	1333
f 1763 	1762 	1333
f 1283 	883 	878
f 1337 	883 	1284
f 1932 	1931 	894
f 1337 	1329 	1338
f 1271 	1318 	1331
f 1301 	1408 	1102
f 2030 	1929 	895
f 1348 	1333 	1209
f 1427 	1351 	1349
f 1763 	1333 	1348
f 1782 	1763 	1348
f 1309 	12589 	1304
f 10288 	10297 	10591
f 12765 	1317 	1319
f 10353 	10354 	10598
f 899 	2372 	895
f 1352 	12765 	1319
f 1319 	300 	1352
f 1352 	313 	1353
f 314 	1353 	313
f 314 	1354 	1353
f 1358 	1424 	1350
f 1356 	1358 	1193
f 1349 	1359 	1350
f 1193 	1358 	1205
f 1358 	1350 	1362
f 1359 	1362 	1350
f 749 	748 	1361
f 1349 	1362 	1359
f 1358 	1362 	1205
f 748 	1797 	1361
f 1182 	1362 	1351
f 1797 	1357 	1361
f 390 	1399 	1102
f 1205 	1362 	1182
f 746 	642 	1355
f 1370 	1357 	1365
f 1355 	1356 	1193
f 1366 	1102 	1367
f 1366 	1364 	1102
f 1364 	1363 	1102
f 1301 	1102 	1363
f 1102 	1377 	1372
f 1357 	1370 	1361
f 1373 	1565 	1371
f 1372 	1369 	1371
f 1373 	1371 	1369
f 1367 	1102 	1372
f 1369 	1372 	1377
f 793 	749 	1361
f 1379 	1380 	1102
f 1377 	1102 	1380
f 1361 	1370 	793
f 1102 	1398 	1379
f 1388 	1378 	1398
f 1378 	1379 	1398
f 1611 	1409 	8727
f 1384 	1462 	1376
f 1386 	1398 	1385
f 1365 	1387 	1370
f 1398 	1381 	1382
f 1409 	1622 	8727
f 1462 	1384 	754
f 1388 	1398 	1386
f 1365 	1360 	1387
f 1376 	1375 	1389
f 1384 	1376 	1389
f 1389 	1375 	1396
f 1394 	1395 	1392
f 1392 	1586 	1391
f 1393 	1394 	1392
f 1390 	1391 	1569
f 8727 	807 	1404
f 1678 	1579 	1398
f 1578 	1579 	1678
f 1383 	1381 	1398
f 1382 	1385 	1398
f 1375 	1397 	1396
f 1387 	800 	1370
f 368 	359 	1399
f 1400 	1401 	1403
f 1402 	1611 	8727
f 1356 	1396 	1397
f 1400 	1102 	1399
f 1403 	1102 	1400
f 1398 	1102 	1403
f 1692 	1399 	359
f 1672 	1405 	1671
f 1402 	8727 	1404
f 1402 	1404 	1387
f 1389 	665 	1384
f 1185 	1186 	1102
f 1406 	1407 	1680
f 1387 	1404 	800
f 636 	1384 	665
f 1396 	642 	1389
f 1419 	1408 	1301
f 1418 	1419 	1301
f 665 	1389 	642
f 642 	1396 	1355
f 1355 	1396 	1356
f 1418 	1539 	1415
f 1411 	1418 	1415
f 1343 	1443 	1417
f 1420 	786 	775
f 1421 	1471 	1423
f 1411 	1412 	1418
f 1412 	1410 	1418
f 1419 	1418 	1410
f 1423 	1476 	1425
f 1408 	1431 	1203
f 1489 	1491 	1975
f 1397 	1422 	1356
f 1204 	1203 	1431
f 1356 	1422 	1424
f 1358 	1356 	1424
f 1428 	1435 	1426
f 1349 	1350 	1427
f 1424 	1427 	1350
f 1429 	1436 	1433
f 1419 	1410 	1438
f 1362 	1349 	1351
f 1446 	1441 	1427
f 1442 	1452 	1435
f 1438 	1442 	1435
f 1428 	1438 	1435
f 1345 	1459 	1439
f 1442 	1438 	1410
f 1427 	1441 	1351
f 1237 	1242 	1443
f 1447 	1448 	1457
f 1456 	1457 	1448
f 1465 	1456 	1448
f 1445 	1465 	1448
f 1444 	1445 	1448
f 1449 	1624 	1448
f 1450 	1624 	1449
f 1454 	1344 	1440
f 1451 	1446 	1472
f 1436 	1435 	1453
f 1446 	1455 	1472
f 1344 	1454 	1443
f 1344 	1443 	1343
f 1459 	1559 	1454
f 1443 	1454 	1237
f 1452 	1453 	1435
f 1446 	1375 	1376
f 1455 	1446 	1462
f 1464 	1486 	1463
f 1502 	1236 	1237
f 1462 	1446 	1376
f 1486 	1464 	1461
f 1375 	1446 	1397
f 1422 	1397 	1446
f 1457 	1458 	1447
f 1460 	1442 	1458
f 1460 	1452 	1442
f 1442 	1447 	1458
f 1422 	1446 	1424
f 1346 	1233 	1466
f 1424 	1446 	1427
f 1471 	1421 	1466
f 1466 	1234 	1476
f 1234 	1229 	1476
f 1469 	1476 	1229
f 1433 	1436 	1468
f 1346 	1466 	1421
f 1451 	779 	765
f 1242 	1241 	1473
f 1417 	1473 	1241
f 1473 	1417 	1443
f 1451 	1472 	779
f 1476 	1423 	1471
f 1469 	1425 	1476
f 751 	1472 	1455
f 1478 	1475 	1436
f 1470 	1468 	1477
f 1477 	1468 	1475
f 1471 	1466 	1476
f 1242 	1473 	1443
f 751 	779 	1472
f 1478 	1436 	1453
f 1425 	1469 	1347
f 1468 	1436 	1475
f 754 	1455 	1462
f 3066 	1479 	1432
f 1481 	1482 	1474
f 1483 	1474 	1482
f 1483 	1484 	1485
f 1480 	1485 	1484
f 1432 	1479 	1430
f 1496 	1485 	1463
f 1487 	1496 	1463
f 1480 	1463 	1485
f 1474 	1483 	1485
f 1486 	1487 	1463
f 1337 	1284 	1329
f 1488 	1340 	1338
f 1340 	1520 	1341
f 1468 	1470 	1467
f 1437 	1490 	1434
f 1492 	1497 	1974
f 1488 	1338 	1329
f 1430 	1490 	1437
f 1479 	1490 	1430
f 1489 	1467 	1493
f 1493 	1467 	1470
f 1439 	1495 	1440
f 1494 	1440 	1495
f 1520 	1340 	1488
f 1440 	1494 	1454
f 1497 	1498 	1974
f 1491 	1492 	1975
f 1342 	1341 	1529
f 1495 	1459 	1494
f 1454 	1494 	1459
f 1200 	1431 	1206
f 1495 	1439 	1459
f 1974 	1975 	1492
f 1204 	1431 	1201
f 1490 	1572 	1434
f 1503 	1363 	1499
f 1364 	1499 	1363
f 1506 	1508 	1505
f 1508 	1521 	1505
f 1501 	1366 	1500
f 1513 	1509 	1566
f 1514 	1284 	1246
f 1521 	1522 	1505
f 1522 	1523 	1505
f 1523 	1524 	1505
f 1524 	1516 	1505
f 1516 	1515 	1505
f 1515 	1525 	1505
f 1525 	1526 	1505
f 1526 	1527 	1505
f 1527 	1541 	1505
f 1541 	1543 	1505
f 1520 	1529 	1341
f 1500 	1366 	1367
f 1581 	1576 	1532
f 1371 	1565 	1368
f 1488 	1329 	1533
f 1535 	1582 	1536
f 1544 	1511 	1552
f 1510 	1367 	1511
f 1367 	1552 	1511
f 1500 	1367 	1510
f 1536 	1581 	1532
f 1533 	1538 	1488
f 1543 	1540 	1505
f 1504 	1505 	1540
f 1546 	1547 	1539
f 1547 	1620 	1539
f 1413 	1415 	1539
f 1538 	1520 	1488
f 1544 	1549 	1546
f 1547 	1546 	1549
f 1514 	1533 	1329
f 1538 	1555 	1520
f 1544 	1552 	1549
f 1529 	1520 	1555
f 1246 	2770 	1514
f 1561 	1565 	1560
f 1558 	1560 	1565
f 1237 	1454 	1559
f 1731 	1730 	1562
f 1545 	1731 	1562
f 1545 	1562 	1507
f 1563 	1564 	1561
f 1237 	1559 	1502
f 1565 	1561 	1564
f 1345 	1507 	1459
f 1562 	1459 	1507
f 1562 	1559 	1459
f 1534 	1368 	1565
f 1569 	1570 	1374
f 1563 	1600 	1564
f 1567 	1512 	1513
f 1567 	1513 	1566
f 2817 	1538 	1533
f 1570 	1568 	1373
f 1567 	1566 	1582
f 1556 	1571 	1517
f 1568 	1558 	1373
f 1565 	1373 	1558
f 1395 	1584 	1392
f 1374 	1390 	1569
f 1538 	2820 	1555
f 1572 	1518 	1519
f 2817 	2820 	1538
f 1518 	1572 	1566
f 1518 	1566 	1509
f 1566 	1572 	1581
f 1490 	1576 	1572
f 1479 	1576 	1490
f 1434 	1572 	1528
f 1581 	1572 	1576
f 1578 	1678 	1577
f 1572 	1519 	1528
f 1576 	1531 	1530
f 1530 	1532 	1576
f 1535 	1517 	1582
f 1571 	1582 	1517
f 1581 	1536 	1582
f 1586 	1392 	1585
f 1584 	1585 	1392
f 1587 	1391 	1586
f 1569 	1391 	1587
f 1373 	1374 	1570
f 775 	1416 	1420
f 1594 	1590 	1609
f 1590 	1591 	1609
f 1591 	1573 	1609
f 1589 	1609 	1573
f 1602 	1589 	1678
f 1573 	1580 	1589
f 1593 	1594 	1609
f 1592 	1593 	1609
f 1676 	1679 	771
f 1596 	1599 	1597
f 1599 	1598 	1552
f 1239 	771 	1679
f 1239 	1688 	1416
f 1600 	1597 	1599
f 1608 	1613 	1599
f 1588 	1601 	1841
f 1597 	1600 	1563
f 1600 	1557 	1564
f 1537 	1564 	1557
f 1098 	3725 	781
f 1580 	1574 	1589
f 1676 	770 	1414
f 1595 	1592 	1610
f 1609 	1610 	1592
f 1608 	1599 	1596
f 1621 	1622 	1360
f 1409 	1360 	1622
f 1603 	1613 	1608
f 1605 	1613 	1604
f 1604 	1613 	1603
f 1602 	1678 	1674
f 1402 	1387 	1611
f 1360 	1611 	1387
f 1598 	1599 	1613
f 626 	1076 	1614
f 1606 	1612 	1605
f 1655 	1657 	1612
f 1360 	1409 	1611
f 1617 	1547 	1616
f 1620 	1547 	1619
f 1413 	1539 	1620
f 1087 	483 	1618
f 1641 	1615 	1547
f 1617 	1619 	1547
f 1616 	1547 	1615
f 626 	1614 	6388
f 1622 	1623 	8727
f 1889 	8727 	1623
f 1625 	1448 	1624
f 1444 	1448 	1625
f 1621 	1623 	1622
f 1629 	1641 	1627
f 1601 	1588 	1583
f 1627 	1646 	1461
f 1631 	1641 	1630
f 1630 	1641 	1629
f 1626 	1601 	1583
f 1615 	1641 	1631
f 1632 	1634 	1626
f 1636 	1633 	1549
f 1552 	1598 	1549
f 1626 	1634 	1601
f 1639 	1656 	1640
f 1945 	1946 	1641
f 1632 	1645 	1634
f 1638 	1646 	1641
f 1640 	1656 	1647
f 1641 	1646 	1627
f 1486 	1461 	1646
f 1642 	1643 	1637
f 1635 	1637 	1643
f 1549 	1598 	1636
f 1598 	1664 	1637
f 1637 	1636 	1598
f 1648 	1645 	1649
f 1653 	1702 	1652
f 1704 	1652 	1702
f 1655 	1654 	1657
f 1657 	1613 	1612
f 1613 	1605 	1612
f 1662 	1647 	1660
f 1659 	1660 	1647
f 1658 	1659 	1647
f 1656 	1658 	1647
f 1663 	1665 	1654
f 1642 	1637 	1664
f 1644 	1642 	1664
f 1650 	1657 	1665
f 1657 	1654 	1665
f 1665 	1663 	1661
f 1651 	1815 	1669
f 1678 	1589 	1575
f 1575 	1577 	1678
f 1383 	1398 	1579
f 1401 	1671 	1405
f 1574 	1575 	1589
f 1670 	1681 	1673
f 1606 	1607 	1612
f 1675 	1674 	1678
f 1675 	1678 	1677
f 1685 	1689 	1678
f 1674 	1612 	1607
f 1607 	1602 	1674
f 1682 	1683 	1680
f 1685 	1686 	1684
f 1685 	1684 	1687
f 1681 	1670 	1686
f 957 	4755 	958
f 1690 	1689 	1685
f 1687 	1690 	1685
f 1416 	1688 	1691
f 1686 	1670 	1684
f 1670 	1671 	1400
f 1671 	1401 	1400
f 1693 	1399 	1692
f 390 	368 	1399
f 1400 	1694 	1684
f 1400 	1684 	1670
f 1679 	1688 	1239
f 1846 	1723 	1696
f 1696 	1695 	1697
f 1687 	1695 	1696
f 1866 	1697 	359
f 1699 	1677 	1689
f 1677 	1678 	1689
f 1703 	1700 	4627
f 4625 	4627 	1700
f 1706 	1652 	1705
f 1707 	1652 	1706
f 1704 	1705 	1652
f 1708 	1703 	4627
f 1711 	1652 	1707
f 1712 	1651 	1711
f 1652 	1711 	1651
f 1714 	903 	935
f 1716 	1698 	1689
f 1716 	1689 	1715
f 1710 	903 	1714
f 1698 	1699 	1689
f 1715 	1689 	1713
f 4625 	1700 	1280
f 1266 	4625 	1280
f 1827 	1713 	1689
f 1688 	1679 	1799
f 895 	1929 	894
f 935 	937 	1915
f 937 	924 	1915
f 923 	894 	1915
f 1914 	1915 	894
f 1719 	1721 	1838
f 1720 	1721 	1719
f 1722 	1838 	1721
f 1838 	1905 	1719
f 1690 	1696 	1724
f 1723 	1724 	1696
f 1690 	1724 	1725
f 1406 	1728 	1729
f 1406 	1729 	1407
f 4780 	4781 	1407
f 1621 	1628 	1854
f 1571 	1567 	1582
f 6392 	6391 	1618
f 1581 	1582 	1566
f 1618 	483 	6394
f 3157 	3127 	1479
f 6392 	1618 	6394
f 1881 	1621 	1854
f 1502 	1559 	1542
f 1730 	1542 	1559
f 1559 	1562 	1730
f 1446 	2234 	1441
f 1881 	1889 	1621
f 2264 	2270 	1351
f 1628 	1621 	1360
f 2270 	1230 	1182
f 1545 	1542 	1731
f 1730 	1731 	1542
f 1365 	1628 	1360
f 1548 	1732 	1550
f 1550 	1732 	1551
f 1734 	1551 	1732
f 1551 	1734 	1553
f 3368 	1554 	1734
f 1553 	1734 	1554
f 3368 	3220 	1554
f 1734 	1732 	1736
f 781 	3725 	3566
f 1732 	1548 	1567
f 1567 	1548 	1512
f 1571 	1736 	1732
f 1567 	1571 	1732
f 1128 	3733 	1130
f 1278 	1262 	1737
f 1571 	1556 	1736
f 1778 	1739 	1738
f 1738 	1745 	1740
f 1740 	1779 	1738
f 1691 	1420 	1416
f 1701 	1744 	1420
f 1738 	1739 	1745
f 1746 	1745 	1739
f 786 	1420 	1744
f 1747 	1992 	1745
f 1701 	1420 	1691
f 1991 	1741 	1740
f 1742 	1992 	1747
f 1271 	1737 	1262
f 1743 	1742 	1747
f 1743 	1747 	1748
f 1271 	1735 	1737
f 1778 	1750 	1739
f 1752 	1749 	1911
f 1768 	786 	1744
f 1787 	1758 	1757
f 1759 	1758 	1787
f 1749 	1768 	1744
f 1761 	1762 	1763
f 1772 	1762 	1761
f 1768 	826 	810
f 1763 	1770 	1761
f 1768 	1784 	826
f 1769 	1792 	1771
f 786 	1768 	810
f 1762 	1772 	1773
f 1774 	821 	818
f 1773 	1336 	1762
f 1779 	1751 	1778
f 1750 	1778 	1751
f 1778 	1738 	1779
f 1741 	1751 	1740
f 1779 	1740 	1751
f 1733 	1773 	1772
f 1794 	1775 	1781
f 1774 	1780 	821
f 1753 	1783 	1754
f 1781 	1754 	1783
f 1763 	1782 	1770
f 1755 	1781 	1756
f 1754 	1781 	1755
f 1784 	1785 	1774
f 2024 	1786 	1757
f 1757 	1786 	1787
f 1780 	1774 	1785
f 1759 	1787 	1783
f 1753 	1759 	1783
f 1784 	1774 	826
f 1787 	1791 	1783
f 1786 	1792 	1787
f 1760 	1788 	1764
f 1764 	1788 	1790
f 1764 	1790 	1765
f 1790 	1766 	1765
f 1733 	1735 	1331
f 1271 	1331 	1735
f 1767 	1791 	1769
f 1792 	1769 	1791
f 1749 	1784 	1768
f 1792 	1793 	1771
f 1771 	1793 	1760
f 1788 	1760 	1793
f 1784 	1749 	1752
f 1756 	1781 	1775
f 1336 	1773 	1308
f 1775 	1794 	1776
f 1767 	1777 	1791
f 1791 	1777 	1794
f 1752 	1785 	1784
f 1794 	1777 	1776
f 1773 	1331 	1308
f 1788 	2040 	1790
f 1773 	1733 	1331
f 1791 	1787 	1792
f 1793 	2037 	1788
f 1792 	1786 	1793
f 1781 	1783 	1794
f 1794 	1783 	1791
f 1752 	2288 	1785
f 1797 	1798 	1357
f 1805 	1357 	1798
f 1726 	1960 	1661
f 1651 	1712 	1814
f 1651 	1814 	1815
f 1816 	1669 	1815
f 1817 	1669 	1816
f 1819 	1669 	1817
f 1820 	1669 	1819
f 1668 	1669 	1820
f 1713 	1827 	1826
f 1801 	1691 	1688
f 1826 	1827 	1825
f 1801 	1804 	1691
f 1824 	1827 	1821
f 1688 	1799 	1801
f 1804 	1701 	1691
f 1824 	1825 	1827
f 1909 	1701 	1807
f 1807 	1701 	1804
f 1772 	1811 	1733
f 1811 	1839 	1733
f 4782 	1682 	4781
f 1680 	4781 	1682
f 1588 	1667 	1666
f 1588 	1841 	1667
f 1839 	1735 	1733
f 3558 	765 	776
f 1842 	1667 	1901
f 781 	3566 	776
f 10 	17 	957
f 1130 	3733 	1098
f 1365 	1357 	1805
f 1628 	1365 	1805
f 1772 	1920 	1811
f 1798 	1737 	1735
f 1839 	1798 	1735
f 274 	1858 	272
f 1839 	1805 	1798
f 1862 	1868 	272
f 1875 	347 	332
f 1737 	1797 	1278
f 1737 	1798 	1797
f 1718 	1719 	1836
f 1717 	1718 	1836
f 1837 	1717 	1836
f 1835 	1836 	1719
f 1905 	1833 	1719
f 1833 	1834 	1719
f 1834 	1835 	1719
f 1230 	1858 	274
f 1862 	272 	1858
f 1829 	2003 	1827
f 1843 	2012 	1829
f 2003 	2004 	1827
f 1906 	2012 	1843
f 1256 	1254 	1915
f 345 	1883 	2116
f 748 	1278 	1797
f 1920 	1857 	1811
f 1844 	1845 	1696
f 1696 	1845 	1846
f 1687 	1696 	1690
f 1854 	1855 	1857
f 514 	345 	2116
f 1743 	1800 	1742
f 1745 	1746 	1859
f 1795 	1859 	1746
f 1860 	1747 	1859
f 1745 	1859 	1747
f 1796 	1748 	1860
f 1747 	1860 	1748
f 1695 	359 	1697
f 1795 	1796 	1859
f 1860 	1859 	1796
f 1864 	361 	1863
f 1800 	1865 	1742
f 332 	272 	1868
f 1867 	1861 	1697
f 1810 	1806 	1871
f 1873 	1939 	1872
f 1870 	1872 	1939
f 1874 	1939 	1873
f 1869 	1870 	1939
f 1933 	1939 	1874
f 1806 	1808 	1871
f 332 	1868 	1875
f 1876 	359 	1864
f 1692 	359 	1695
f 1867 	1697 	1866
f 1866 	359 	1876
f 1813 	1877 	1812
f 1857 	1879 	1854
f 1812 	1877 	1803
f 1879 	1881 	1854
f 1880 	1818 	1852
f 1841 	1901 	1667
f 1822 	1823 	1882
f 1882 	1823 	1880
f 1855 	1628 	1805
f 1880 	1823 	1818
f 1855 	1854 	1628
f 1877 	1871 	1880
f 1871 	1884 	1882
f 2747 	1666 	1667
f 345 	1875 	1883
f 1880 	1871 	1882
f 2747 	1667 	1842
f 1307 	5986 	1310
f 1813 	1810 	1877
f 1871 	1877 	1810
f 1790 	1884 	1766
f 1766 	1884 	1802
f 1883 	2119 	2116
f 1808 	1884 	1871
f 1883 	1875 	2058
f 1883 	2058 	2119
f 1802 	1884 	1808
f 1894 	1895 	8727
f 1601 	1886 	1841
f 1879 	1885 	1881
f 6955 	6954 	1310
f 1891 	1892 	9393
f 1892 	1897 	9393
f 1623 	1621 	1889
f 7123 	1639 	7124
f 7120 	1639 	7123
f 1891 	1893 	1892
f 1896 	8727 	1895
f 1310 	6886 	1639
f 1894 	1881 	1895
f 1885 	1895 	1881
f 9393 	1897 	1648
f 1885 	1896 	1895
f 2373 	2966 	895
f 1894 	1889 	1881
f 1893 	1897 	1892
f 1634 	1886 	1601
f 1944 	1879 	1857
f 5200 	5186 	1639
f 1634 	1888 	1886
f 1634 	1645 	1888
f 1893 	1888 	1645
f 5796 	5797 	1898
f 5186 	1898 	1656
f 1680 	1656 	1898
f 1645 	1648 	1897
f 1645 	1897 	1893
f 1890 	1900 	1899
f 5813 	1406 	5812
f 1903 	1906 	1902
f 1844 	1696 	1903
f 1906 	1903 	1696
f 1843 	1878 	1906
f 1878 	1902 	1906
f 1811 	1855 	1839
f 1811 	1857 	1855
f 1855 	1805 	1839
f 1919 	1257 	1917
f 2039 	2208 	1790
f 2040 	2039 	1790
f 1890 	1907 	1858
f 1858 	1907 	1862
f 1909 	1749 	1744
f 1907 	1890 	1899
f 1744 	1701 	1909
f 1910 	1830 	1803
f 1830 	1910 	1831
f 1910 	1912 	1831
f 1832 	1831 	1912
f 1909 	1911 	1749
f 1909 	1809 	1911
f 1700 	1703 	1915
f 1916 	1761 	1770
f 1809 	2044 	1911
f 1770 	1913 	1916
f 1809 	1909 	1807
f 1920 	1772 	1761
f 1862 	1921 	1868
f 1907 	1921 	1862
f 1915 	5995 	1918
f 1918 	1257 	1915
f 1917 	1257 	1918
f 1916 	1920 	1761
f 1925 	361 	1924
f 2042 	1868 	1921
f 1863 	361 	1925
f 1709 	1710 	1915
f 1930 	1916 	1913
f 1899 	1936 	1907
f 1938 	1939 	1935
f 1937 	1938 	1935
f 1934 	1935 	1939
f 1933 	1934 	1939
f 1853 	1869 	1940
f 1922 	1853 	1940
f 1939 	1940 	1869
f 1907 	1936 	1921
f 1916 	1930 	1944
f 1936 	1899 	1962
f 361 	1943 	1924
f 1928 	1930 	1913
f 1942 	1923 	1943
f 1923 	1924 	1943
f 1944 	1920 	1916
f 2138 	2139 	366
f 366 	280 	2138
f 1703 	1708 	1915
f 1638 	1641 	1947
f 1498 	1638 	1947
f 1710 	1714 	1915
f 1708 	1709 	1915
f 1700 	1915 	1280
f 1944 	1857 	1920
f 1946 	1947 	1641
f 1996 	1214 	1995
f 1467 	1489 	1975
f 1947 	1974 	1498
f 1644 	1945 	1641
f 1840 	1912 	1908
f 1840 	1908 	1828
f 1832 	1912 	1840
f 1910 	1803 	1877
f 1879 	1944 	1949
f 1644 	1952 	1953
f 1644 	1953 	1945
f 1928 	1954 	1930
f 1951 	1952 	1665
f 1664 	1665 	1952
f 1644 	1664 	1952
f 1908 	1912 	1958
f 1912 	1910 	1958
f 1957 	1958 	1910
f 1877 	1957 	1910
f 1956 	1661 	1955
f 1956 	1950 	1665
f 1950 	1951 	1665
f 1848 	1958 	1957
f 1848 	1957 	1847
f 1928 	1959 	1954
f 1963 	1850 	1961
f 1849 	1961 	1850
f 1930 	1949 	1944
f 1850 	1963 	1958
f 1850 	1958 	1851
f 1900 	1964 	1899
f 1904 	1964 	1900
f 1851 	1958 	1848
f 1967 	1968 	1966
f 1968 	1970 	1966
f 1969 	1970 	1968
f 1970 	1971 	1966
f 1965 	1966 	1971
f 1972 	1988 	1971
f 1880 	1852 	1957
f 1847 	1957 	1852
f 1955 	1661 	1960
f 1930 	1954 	1949
f 1899 	1964 	1962
f 1990 	1993 	1467
f 1975 	1990 	1467
f 1961 	1998 	1963
f 1958 	1963 	1908
f 1964 	1976 	1962
f 1981 	1983 	1973
f 1880 	1957 	1877
f 1964 	1904 	1980
f 1964 	1980 	1976
f 1856 	1982 	1849
f 1961 	1849 	1982
f 1983 	1984 	1973
f 1985 	1986 	1973
f 1984 	1985 	1973
f 1986 	1987 	1973
f 1978 	1973 	1987
f 1979 	1973 	1978
f 1989 	1948 	1971
f 1965 	1971 	1948
f 1989 	1971 	1988
f 1973 	1988 	1972
f 1979 	1988 	1973
f 1431 	1467 	1993
f 1991 	1992 	2014
f 1993 	1214 	1431
f 1740 	1992 	1991
f 1994 	1214 	1993
f 1740 	1745 	1992
f 1995 	1214 	1994
f 1997 	1998 	1999
f 1828 	1908 	1997
f 1998 	1997 	1908
f 2001 	2013 	1998
f 1999 	1998 	2013
f 1977 	1214 	1996
f 1800 	2014 	1865
f 1726 	2005 	1960
f 2006 	2001 	2008
f 2006 	2008 	2009
f 1980 	2010 	1976
f 1992 	2002 	2014
f 2002 	1865 	2014
f 3719 	1954 	1959
f 2004 	2005 	1827
f 1821 	1827 	2005
f 1727 	1821 	2005
f 1665 	1661 	1956
f 2005 	1726 	1727
f 2013 	2001 	2006
f 2019 	2155 	2018
f 2017 	2018 	2155
f 2016 	2017 	2155
f 2150 	2155 	2020
f 2020 	2155 	2019
f 1908 	1963 	1998
f 2001 	1998 	1961
f 1961 	1982 	2001
f 2008 	2001 	1982
f 1865 	2002 	1742
f 1992 	1742 	2002
f 2023 	2037 	2024
f 1949 	1885 	1879
f 2026 	2027 	6039
f 2029 	1911 	2044
f 1926 	1932 	894
f 2040 	2032 	2031
f 2035 	2055 	2036
f 1714 	935 	1915
f 2026 	895 	2027
f 2030 	895 	2026
f 2037 	2022 	2040
f 3692 	1949 	1954
f 2022 	2037 	2023
f 2033 	895 	2034
f 2027 	895 	2033
f 2024 	2037 	1786
f 2028 	2039 	2031
f 1258 	1256 	1915
f 1257 	1258 	1915
f 2040 	2031 	2039
f 2029 	2288 	1752
f 1752 	1911 	2029
f 1868 	2042 	1875
f 1921 	2052 	2042
f 1936 	2052 	1921
f 2068 	2052 	1936
f 1875 	2042 	2058
f 2022 	2032 	2040
f 81 	2053 	2038
f 2035 	2054 	2055
f 2042 	2052 	2050
f 2052 	2068 	2096
f 1884 	1790 	2208
f 2040 	1788 	2037
f 1786 	2037 	1793
f 2045 	2084 	2029
f 2057 	2039 	2028
f 2058 	2042 	2050
f 2007 	1906 	2021
f 2011 	1906 	2007
f 2012 	1906 	2011
f 2003 	1829 	2015
f 2015 	1829 	2012
f 1941 	2021 	1906
f 895 	2976 	7237
f 1842 	1901 	2025
f 2029 	2044 	2045
f 2065 	2360 	2064
f 2050 	2052 	2096
f 1891 	9393 	2105
f 2050 	2096 	2127
f 1962 	2068 	1936
f 2069 	2065 	2066
f 2063 	1886 	2070
f 2079 	2080 	2073
f 2073 	2071 	2074
f 2071 	2072 	2074
f 2117 	2118 	2072
f 1888 	2070 	1886
f 2090 	1976 	2075
f 2010 	2075 	1976
f 1901 	1841 	2063
f 1841 	1886 	2063
f 2077 	2073 	2080
f 2081 	2025 	1901
f 2047 	2084 	2045
f 1901 	2063 	2081
f 2084 	2287 	2288
f 2077 	2076 	2073
f 2029 	2084 	2288
f 1976 	2090 	1962
f 2068 	1962 	2090
f 2063 	2087 	2081
f 2068 	2090 	2085
f 2090 	2075 	2103
f 2070 	2087 	2063
f 1888 	2093 	2070
f 2085 	2090 	2103
f 1893 	2093 	1888
f 2075 	3046 	2103
f 2097 	2087 	2070
f 2096 	2068 	2085
f 1005 	2251 	1027
f 2093 	2097 	2070
f 2086 	2088 	2092
f 2089 	2092 	2088
f 1891 	2105 	2093
f 1891 	2093 	1893
f 2109 	2107 	2097
f 2109 	2097 	2093
f 75 	2110 	80
f 2103 	2170 	2085
f 2074 	2072 	2118
f 2110 	2113 	80
f 2115 	2086 	2114
f 2092 	2114 	2086
f 2118 	2133 	2114
f 2117 	2133 	2118
f 2130 	2131 	2117
f 80 	2113 	81
f 126 	121 	2388
f 2105 	2109 	2093
f 2123 	2124 	2122
f 2082 	2954 	2121
f 2125 	2148 	2124
f 2025 	2426 	1842
f 2388 	121 	277
f 126 	2110 	75
f 2122 	2115 	2123
f 2121 	2115 	2122
f 2114 	2123 	2115
f 2113 	2053 	81
f 2085 	2129 	2096
f 2133 	2131 	2132
f 2163 	2162 	2131
f 2096 	2129 	2127
f 2132 	2131 	2162
f 2104 	2110 	126
f 2133 	2117 	2131
f 2123 	2114 	2133
f 2085 	2170 	2129
f 2136 	7340 	2135
f 363 	365 	2157
f 7340 	2136 	2128
f 126 	2388 	2104
f 1943 	363 	2158
f 2157 	2158 	363
f 2147 	2148 	2125
f 2122 	2124 	3028
f 2021 	1941 	2141
f 2050 	2142 	2058
f 2058 	2142 	2119
f 2142 	2050 	2127
f 2113 	2365 	2053
f 2149 	3028 	2148
f 2145 	2146 	2151
f 2146 	2143 	2151
f 2152 	2143 	2146
f 2150 	2151 	2143
f 2143 	2144 	2150
f 2150 	2144 	2153
f 2150 	2153 	2154
f 2150 	2154 	2155
f 2155 	2222 	2016
f 3028 	2124 	2148
f 1941 	1942 	2158
f 6349 	6347 	2129
f 2127 	2129 	6347
f 2160 	2135 	2159
f 2161 	2162 	2163
f 1942 	1943 	2158
f 1941 	2158 	2141
f 2156 	2126 	2162
f 2162 	2126 	2132
f 3033 	2075 	2010
f 2075 	3033 	3046
f 2167 	2168 	2169
f 2167 	2169 	2183
f 2166 	2368 	2171
f 2171 	2370 	2172
f 2233 	2174 	2169
f 2236 	2233 	2168
f 4755 	2064 	2192
f 2091 	2287 	2084
f 2179 	2182 	4481
f 2180 	899 	2178
f 2232 	4481 	2182
f 2229 	899 	2180
f 3046 	3248 	2103
f 1973 	2167 	2183
f 1973 	2183 	2195
f 1973 	2195 	2188
f 2188 	2189 	1973
f 1973 	2189 	2196
f 1973 	2196 	2197
f 1973 	2197 	2185
f 2185 	1981 	1973
f 3248 	2170 	2103
f 2363 	2382 	2106
f 6350 	6349 	2170
f 2200 	2186 	4755
f 2187 	899 	2186
f 2199 	2200 	4755
f 2194 	2199 	4755
f 2175 	2176 	4481
f 2176 	2177 	4481
f 2177 	2179 	4481
f 2202 	2175 	4481
f 2170 	6351 	6350
f 2201 	2382 	2190
f 2178 	899 	2187
f 2169 	2168 	2233
f 2056 	1822 	1882
f 2204 	2236 	2168
f 2059 	2208 	2057
f 2207 	2241 	2206
f 2205 	2206 	2241
f 2209 	2244 	2207
f 2210 	2244 	2209
f 2211 	2244 	2210
f 1973 	2016 	2213
f 2192 	2193 	4755
f 2193 	2194 	4755
f 2208 	2039 	2057
f 2214 	2212 	2016
f 2167 	1973 	2213
f 2222 	2214 	2016
f 2238 	2264 	1441
f 1882 	1884 	2208
f 1182 	1351 	2270
f 2192 	2064 	2215
f 2134 	280 	2218
f 1882 	2208 	2056
f 2059 	2056 	2208
f 2217 	2237 	2216
f 2221 	2101 	2060
f 2212 	2213 	2016
f 2225 	280 	2224
f 2219 	2216 	2237
f 2224 	280 	2217
f 2062 	2061 	2227
f 1351 	1441 	2264
f 2228 	899 	2223
f 2062 	2227 	2035
f 2218 	280 	2225
f 2139 	2140 	366
f 365 	366 	2140
f 2140 	2157 	365
f 2000 	2202 	4481
f 2220 	2223 	899
f 2035 	2227 	2054
f 2231 	899 	2230
f 2046 	2235 	2091
f 2036 	2055 	2981
f 1441 	2234 	2238
f 2990 	2981 	2055
f 2091 	2047 	2046
f 2227 	2221 	2055
f 2048 	2239 	2235
f 2990 	2055 	2221
f 2230 	899 	2229
f 2227 	2055 	2054
f 2250 	2252 	2244
f 2249 	2250 	2244
f 2211 	2249 	2244
f 2244 	2246 	2207
f 2241 	2207 	2246
f 2095 	2384 	2245
f 2221 	2060 	2245
f 1982 	1856 	2240
f 2094 	2240 	1856
f 2095 	2245 	2060
f 2740 	2234 	2750
f 2252 	2253 	2244
f 2253 	2254 	2244
f 2254 	2255 	2244
f 2243 	2244 	2256
f 2255 	2256 	2244
f 2242 	2243 	2256
f 2313 	2312 	2247
f 2256 	2257 	2242
f 2259 	2205 	2241
f 2203 	2205 	2259
f 2251 	2258 	1027
f 2262 	2371 	2261
f 2263 	2371 	2262
f 2226 	2242 	2247
f 2257 	2247 	2242
f 2260 	2226 	2247
f 2261 	2371 	2228
f 2267 	2371 	2263
f 1027 	2258 	1028
f 2268 	2371 	2267
f 2046 	2048 	2235
f 2041 	2269 	2043
f 2269 	2271 	2043
f 2049 	2239 	2048
f 2272 	1230 	2270
f 2299 	2272 	2270
f 2043 	2271 	1005
f 2084 	2047 	2091
f 2270 	2301 	2299
f 2273 	2041 	2038
f 1230 	2272 	1858
f 2038 	2053 	2273
f 2276 	2279 	2275
f 2278 	2274 	2283
f 2275 	2283 	2274
f 2273 	2269 	2041
f 2272 	1890 	1858
f 2283 	2275 	2280
f 2239 	2403 	2235
f 2280 	2275 	2279
f 2290 	2291 	2284
f 2282 	2284 	2291
f 2271 	2251 	1005
f 2292 	2293 	2281
f 2340 	2341 	2334
f 2276 	2290 	2279
f 2284 	2279 	2290
f 2291 	2292 	2281
f 2281 	2282 	2291
f 2285 	2281 	2293
f 2289 	2338 	2293
f 2525 	2258 	2251
f 2277 	2278 	2322
f 2297 	2294 	2315
f 2320 	2315 	2294
f 2322 	2320 	2294
f 2294 	2277 	2322
f 2258 	1209 	1028
f 2271 	2269 	2530
f 2270 	2264 	2301
f 2298 	2501 	2329
f 2300 	2332 	2302
f 2302 	2332 	2304
f 2307 	2304 	2325
f 2324 	2325 	2304
f 2310 	2313 	2247
f 2301 	2286 	2383
f 2326 	2327 	2308
f 2318 	2319 	2316
f 2317 	2318 	2316
f 2319 	2313 	2316
f 2310 	2316 	2313
f 2321 	2265 	2247
f 2265 	2266 	2247
f 2266 	2260 	2247
f 2312 	2321 	2247
f 2299 	2301 	2383
f 2315 	2314 	2296
f 2323 	2278 	2283
f 2322 	2278 	2323
f 2296 	2297 	2315
f 2386 	2383 	2286
f 2311 	2309 	2327
f 2309 	2308 	2327
f 2314 	2311 	2296
f 2295 	2296 	2311
f 2327 	2295 	2311
f 2325 	2326 	2308
f 2308 	2307 	2325
f 2330 	2331 	2300
f 2332 	2300 	2331
f 2324 	2304 	2332
f 1104 	2406 	1105
f 2407 	1105 	2406
f 2335 	2340 	2334
f 2336 	2424 	2335
f 2434 	2424 	2336
f 2424 	2340 	2335
f 1108 	2406 	1104
f 2285 	2293 	2338
f 1105 	2407 	1106
f 2459 	2081 	2087
f 2258 	1348 	1209
f 2339 	2338 	2289
f 2337 	2333 	2339
f 2289 	2337 	2339
f 717 	1103 	727
f 2877 	925 	2497
f 1780 	2345 	1789
f 1982 	2240 	2008
f 2069 	2303 	2305
f 2069 	2305 	2306
f 1789 	2350 	2351
f 2097 	2107 	2410
f 2221 	2245 	2990
f 2061 	2356 	2227
f 2356 	2098 	2099
f 2371 	2268 	2352
f 2069 	2371 	2354
f 2355 	2069 	2354
f 2303 	2069 	2355
f 2353 	2354 	2371
f 2104 	2357 	2110
f 2098 	2356 	2061
f 2248 	2064 	2358
f 2215 	2064 	2248
f 2101 	2359 	2100
f 2358 	2064 	2362
f 2110 	2357 	2113
f 2102 	2100 	2363
f 2359 	2363 	2100
f 2361 	2064 	2360
f 2362 	2064 	2361
f 2102 	2363 	2106
f 2345 	2350 	1789
f 2306 	2366 	2069
f 2366 	2364 	2069
f 2065 	2069 	2364
f 2364 	2360 	2065
f 2221 	2359 	2101
f 1780 	1785 	2345
f 2376 	2377 	2367
f 2165 	2368 	2166
f 2369 	2053 	2365
f 1785 	2288 	2345
f 2370 	2171 	2368
f 2345 	2287 	2350
f 2288 	2287 	2345
f 2172 	2370 	2173
f 899 	2228 	2371
f 2367 	899 	2371
f 2273 	2053 	2369
f 2173 	2370 	2099
f 2356 	2099 	2370
f 2352 	2353 	2371
f 2359 	2221 	2356
f 2370 	2359 	2356
f 2359 	2370 	2363
f 2370 	2368 	2363
f 2113 	2357 	2365
f 2227 	2356 	2221
f 2181 	2379 	2165
f 2165 	2379 	2368
f 1890 	2272 	2299
f 2184 	2380 	2379
f 2184 	2379 	2181
f 1890 	2299 	1900
f 2368 	2379 	2382
f 2382 	2379 	2381
f 2380 	2381 	2379
f 2190 	2382 	2191
f 2381 	2191 	2382
f 2384 	2198 	2381
f 2191 	2381 	2198
f 2299 	2383 	1900
f 2201 	2106 	2382
f 2198 	2384 	2095
f 2380 	2991 	2381
f 2383 	1904 	1900
f 2382 	2363 	2368
f 2388 	277 	2387
f 2383 	2386 	1904
f 2387 	2392 	2388
f 2391 	2390 	2385
f 2104 	2388 	2392
f 2390 	2391 	2351
f 2351 	2350 	2390
f 2406 	2653 	2402
f 2403 	2385 	2390
f 2104 	2392 	2404
f 2087 	2468 	2459
f 2403 	2390 	2409
f 2372 	2367 	2378
f 2393 	2408 	2405
f 2393 	2405 	2389
f 2367 	2071 	2375
f 2375 	2376 	2367
f 2417 	2071 	2411
f 2390 	2350 	2409
f 2395 	2414 	2412
f 2395 	2412 	2394
f 2287 	2409 	2350
f 2409 	2235 	2403
f 2415 	2413 	2071
f 2375 	2071 	2417
f 2073 	2415 	2071
f 2409 	2091 	2235
f 2105 	9393 	2109
f 2109 	9393 	2107
f 2378 	2443 	2423
f 2422 	2423 	2443
f 2348 	2495 	2349
f 2091 	2409 	2287
f 2423 	2431 	2378
f 2346 	2437 	2348
f 2435 	2436 	2343
f 2434 	2435 	2343
f 2344 	2434 	2343
f 2496 	2544 	2515
f 2429 	2430 	2465
f 2428 	2429 	2465
f 2464 	2465 	2430
f 2347 	2436 	2346
f 2344 	2424 	2434
f 2333 	2334 	2341
f 2341 	2342 	2333
f 2342 	2339 	2333
f 2432 	2378 	2431
f 2458 	2420 	2443
f 2458 	2460 	2420
f 2420 	2421 	2443
f 2421 	2422 	2443
f 2426 	2025 	2438
f 2397 	2392 	2387
f 2443 	2378 	2441
f 2419 	2420 	2460
f 2387 	2399 	2397
f 2442 	2438 	2025
f 2439 	2660 	2444
f 2378 	2367 	2440
f 2441 	2378 	2440
f 2442 	2025 	2081
f 2447 	2445 	2367
f 2377 	2447 	2367
f 2445 	2440 	2367
f 2442 	2449 	2438
f 2452 	2454 	2451
f 2453 	2454 	2452
f 2450 	2451 	2454
f 2455 	2461 	2454
f 2456 	2461 	2455
f 2457 	2461 	2456
f 2459 	2442 	2081
f 2448 	2301 	2264
f 2433 	2419 	2460
f 2460 	2485 	2433
f 2450 	2454 	2462
f 2448 	2439 	2286
f 2461 	2462 	2454
f 2457 	2600 	2461
f 2461 	2604 	2463
f 2107 	9393 	2410
f 2465 	2466 	2428
f 2466 	2467 	2428
f 2467 	2476 	2428
f 2476 	2474 	2427
f 2087 	2097 	2468
f 2448 	2286 	2301
f 2439 	2444 	2472
f 2286 	2439 	2472
f 2485 	2482 	2470
f 2471 	2485 	2470
f 2469 	2483 	2473
f 2475 	2425 	2474
f 288 	2387 	277
f 2427 	2428 	2476
f 2425 	2427 	2474
f 2399 	2387 	288
f 2478 	2892 	2477
f 2479 	2892 	2478
f 288 	2446 	2399
f 2483 	2484 	2473
f 2481 	2690 	2480
f 2480 	2690 	2479
f 2716 	2442 	2459
f 2481 	2473 	2503
f 2503 	2690 	2481
f 2404 	2357 	2104
f 2484 	2503 	2473
f 2482 	2483 	2469
f 2469 	2470 	2482
f 2471 	2433 	2485
f 2410 	9393 	2723
f 2386 	2286 	2472
f 2490 	2486 	2665
f 2487 	2665 	2486
f 2489 	2490 	2512
f 2723 	2468 	2410
f 2097 	2410 	2468
f 2347 	2343 	2436
f 2437 	2346 	2436
f 2494 	2348 	2437
f 2495 	2348 	2494
f 2496 	2514 	2495
f 2502 	2529 	2532
f 2500 	2502 	2532
f 2506 	12129 	2504
f 2491 	2690 	2498
f 2498 	2690 	2503
f 2532 	2533 	2500
f 2508 	2506 	2504
f 2511 	2490 	2510
f 2488 	2489 	2512
f 2512 	2490 	2511
f 2505 	2499 	2534
f 2499 	2500 	2534
f 2507 	2505 	2535
f 2535 	2538 	2507
f 2533 	2534 	2500
f 2492 	2691 	2491
f 985 	2508 	2504
f 2504 	984 	985
f 2515 	2514 	2496
f 2349 	2495 	2514
f 2590 	2591 	2413
f 2520 	2508 	985
f 2386 	2472 	2328
f 2544 	2545 	2515
f 2251 	2517 	2525
f 2444 	2524 	2472
f 2522 	2521 	2547
f 2472 	2524 	2328
f 1129 	2520 	985
f 2542 	2532 	2529
f 2528 	2541 	2529
f 2534 	2535 	2505
f 2538 	2329 	2501
f 2501 	2507 	2538
f 2329 	2330 	2298
f 2300 	2298 	2330
f 1129 	2531 	2536
f 2543 	2269 	2273
f 2542 	2529 	2541
f 2528 	2527 	2541
f 2540 	2541 	2527
f 2539 	2540 	2527
f 2527 	2526 	2539
f 2523 	2548 	2526
f 2519 	2515 	2545
f 2521 	2519 	2545
f 2545 	2546 	2521
f 2546 	2547 	2521
f 2523 	2522 	2547
f 2547 	2548 	2523
f 2539 	2526 	2548
f 2273 	2369 	2543
f 2553 	2554 	2576
f 2631 	2554 	2633
f 2631 	2576 	2554
f 2555 	2633 	2554
f 2543 	2530 	2269
f 2536 	2520 	1129
f 2517 	2251 	2271
f 2556 	2633 	2555
f 2557 	2629 	2556
f 2558 	2629 	2557
f 2530 	2517 	2271
f 2632 	2517 	2530
f 2585 	2583 	2567
f 2586 	2585 	2568
f 2569 	2586 	2568
f 2560 	2572 	2569
f 1348 	2258 	2525
f 2607 	2328 	2524
f 2572 	2560 	2573
f 2561 	2573 	2560
f 2646 	2649 	2531
f 2561 	2549 	2573
f 2574 	2573 	2549
f 2493 	2369 	2365
f 2571 	2574 	2549
f 2549 	2550 	2571
f 2550 	2551 	2571
f 2717 	2520 	2719
f 2493 	2599 	2369
f 2570 	2571 	2551
f 2520 	2536 	2719
f 2579 	2563 	2580
f 2543 	2648 	2530
f 2648 	2632 	2530
f 2583 	2584 	2566
f 2413 	2587 	2516
f 2413 	2516 	2518
f 2518 	2590 	2413
f 2565 	2582 	2564
f 2580 	2563 	2582
f 2588 	2565 	2584
f 2588 	2582 	2565
f 2566 	2567 	2583
f 2565 	2566 	2584
f 2567 	2568 	2585
f 2586 	2569 	2572
f 2592 	2589 	2413
f 2591 	2592 	2413
f 2071 	2413 	2589
f 2411 	2071 	2589
f 2508 	2520 	2717
f 2577 	2622 	2579
f 2564 	2582 	2563
f 2578 	2622 	2577
f 2598 	2620 	2578
f 2595 	2620 	2598
f 2596 	2461 	2601
f 2600 	2601 	2461
f 2602 	2461 	2597
f 2597 	2461 	2596
f 2603 	2461 	2602
f 2604 	2461 	2603
f 2487 	2463 	2605
f 2661 	2487 	2605
f 2604 	2605 	2463
f 2593 	2617 	2595
f 2594 	2616 	2593
f 2614 	2615 	2606
f 2563 	2579 	2562
f 2415 	2073 	2076
f 2537 	2607 	2524
f 2625 	2587 	2413
f 2609 	2610 	2612
f 2611 	2612 	2610
f 2608 	2606 	2615
f 2616 	2594 	2615
f 2617 	2593 	2616
f 2618 	2595 	2617
f 2620 	2595 	2618
f 2621 	2578 	2620
f 2622 	2578 	2621
f 2562 	2579 	2622
f 2608 	2615 	2594
f 2613 	2614 	2606
f 2610 	2078 	2619
f 2575 	2570 	2551
f 2628 	2674 	2627
f 2559 	2634 	2537
f 2552 	2553 	2576
f 2576 	2575 	2552
f 2413 	2674 	2625
f 2630 	2556 	2629
f 2633 	2556 	2630
f 2537 	2634 	2607
f 2634 	2559 	2581
f 2736 	2719 	2536
f 2639 	2686 	2638
f 2623 	2624 	2641
f 2558 	2640 	2624
f 2635 	2558 	2624
f 2629 	2558 	2635
f 2551 	2552 	2575
f 2640 	2641 	2624
f 2626 	2623 	2641
f 2641 	2642 	2626
f 2638 	2686 	2642
f 2543 	2369 	2599
f 2646 	976 	1161
f 1103 	2497 	727
f 2599 	2648 	2543
f 2407 	2406 	2402
f 2407 	2402 	1106
f 2531 	976 	2646
f 1103 	1117 	2497
f 727 	2497 	925
f 2646 	2654 	2649
f 1107 	2652 	2653
f 1107 	2653 	1108
f 1108 	2653 	2406
f 2531 	2649 	2536
f 2650 	2402 	2653
f 2652 	2650 	2653
f 2632 	2934 	2517
f 1111 	2650 	2652
f 1111 	2652 	1107
f 1106 	2402 	1113
f 1348 	2525 	1782
f 2656 	2646 	1161
f 2656 	2654 	2646
f 2648 	2599 	2947
f 1161 	821 	2656
f 2723 	2726 	2468
f 2448 	2238 	2651
f 962 	1112 	8216
f 821 	1780 	2656
f 2238 	2448 	2264
f 1789 	2654 	2656
f 2651 	2439 	2448
f 1114 	2874 	1116
f 2877 	2497 	1117
f 2654 	2351 	2729
f 2438 	2659 	2880
f 1789 	2351 	2654
f 2880 	2426 	2438
f 1116 	2874 	1121
f 2651 	2660 	2439
f 2656 	1780 	1789
f 2449 	2659 	2438
f 2663 	2664 	2487
f 2662 	2663 	2487
f 2637 	2487 	2664
f 2665 	2487 	2636
f 2637 	2636 	2487
f 2509 	2490 	2665
f 2661 	2662 	2487
f 2418 	2412 	2416
f 2414 	2416 	2412
f 2444 	2660 	2655
f 2510 	2490 	2509
f 2659 	2449 	2682
f 2627 	2674 	2668
f 2416 	2396 	2418
f 2398 	2418 	2396
f 2674 	2902 	2672
f 2672 	2668 	2674
f 2671 	2672 	2902
f 2676 	2870 	2513
f 2698 	2694 	2645
f 2667 	2671 	2902
f 2902 	2903 	2667
f 2121 	2899 	2078
f 2680 	2400 	2679
f 2401 	2679 	2400
f 2628 	2625 	2674
f 2659 	2682 	2683
f 2611 	2610 	2619
f 2705 	2706 	2678
f 2678 	2677 	2705
f 2681 	2678 	2706
f 2685 	2619 	2078
f 2687 	2444 	2657
f 2115 	2121 	2078
f 2626 	2642 	2686
f 2444 	2655 	2657
f 2690 	2691 	2689
f 2677 	2675 	2705
f 2701 	2705 	2675
f 2694 	2695 	2647
f 2647 	2645 	2694
f 2697 	2698 	2643
f 2645 	2643 	2698
f 2643 	2644 	2697
f 2644 	2688 	2697
f 2639 	2697 	2688
f 2686 	2639 	2688
f 2696 	2701 	2675
f 2675 	2669 	2696
f 2695 	2696 	2647
f 2669 	2647 	2696
f 2706 	2707 	2681
f 2684 	2681 	2707
f 2707 	2708 	2684
f 2708 	2709 	2684
f 2606 	2702 	2613
f 2709 	2710 	2670
f 2673 	2684 	2709
f 2670 	2673 	2709
f 2703 	2613 	2702
f 2710 	2711 	2670
f 2699 	2670 	2711
f 2711 	2703 	2699
f 2700 	2699 	2703
f 2702 	2700 	2703
f 984 	2504 	12129
f 2712 	2713 	2852
f 2506 	2752 	12129
f 2683 	2682 	5598
f 2752 	2506 	2508
f 2752 	2508 	2754
f 2444 	2687 	2524
f 2683 	2890 	2659
f 2657 	2658 	2724
f 2716 	2449 	2442
f 2658 	2730 	2724
f 2704 	2730 	2658
f 2459 	2720 	2716
f 2704 	2721 	2730
f 2740 	2721 	2704
f 2714 	2717 	2715
f 2740 	2722 	2721
f 2280 	2279 	2803
f 2804 	2803 	2279
f 2807 	2806 	2281
f 2803 	2802 	2280
f 2715 	2717 	2719
f 2808 	2807 	2285
f 2281 	2285 	2807
f 2720 	2459 	2468
f 2687 	2537 	2524
f 2726 	2723 	9393
f 2657 	2724 	2687
f 2292 	2816 	2293
f 2726 	9393 	2725
f 2818 	2289 	2293
f 2726 	2725 	2720
f 2726 	2720 	2468
f 2687 	2724 	2537
f 2724 	2559 	2537
f 2729 	2391 	2728
f 2724 	2730 	2559
f 2392 	2731 	2404
f 2392 	2397 	2731
f 2391 	2729 	2351
f 2449 	2732 	2682
f 2730 	2721 	2777
f 2733 	2734 	2404
f 2716 	2732 	2449
f 2734 	2365 	2357
f 2721 	2722 	2779
f 2777 	2721 	2779
f 2734 	2357 	2404
f 2729 	2728 	2736
f 2737 	2732 	2716
f 2731 	2733 	2404
f 2234 	2651 	2238
f 2234 	2660 	2651
f 2734 	2738 	2493
f 2737 	2716 	2720
f 2735 	2736 	2728
f 2734 	2733 	2738
f 9393 	2739 	2741
f 2741 	2725 	9393
f 2234 	2740 	2704
f 2737 	2720 	2741
f 2739 	2737 	2741
f 2655 	2660 	2234
f 2234 	2657 	2655
f 2720 	2725 	2741
f 2234 	2658 	2657
f 2536 	2649 	2736
f 2658 	2234 	2704
f 2715 	2719 	2735
f 2735 	2719 	2736
f 2234 	2759 	2750
f 2729 	2736 	2649
f 2739 	2742 	2737
f 2759 	2234 	2743
f 2649 	2654 	2729
f 2493 	2960 	2599
f 2277 	2793 	2278
f 2278 	2795 	2274
f 2796 	2274 	2795
f 2274 	2796 	2275
f 2275 	2798 	2276
f 2290 	2276 	2799
f 229 	1666 	270
f 2752 	2753 	12129
f 2747 	2757 	2744
f 2750 	2722 	2740
f 2747 	270 	1666
f 2754 	2753 	2752
f 2847 	2846 	2755
f 2747 	1842 	2757
f 2754 	2768 	2753
f 2750 	2756 	2722
f 2754 	2508 	2717
f 2750 	2759 	2756
f 2744 	2757 	2772
f 4731 	4697 	12129
f 2768 	2766 	12129
f 2757 	2783 	2772
f 2759 	2743 	2771
f 2947 	2599 	2960
f 2756 	2759 	2771
f 2757 	2426 	2783
f 4698 	4731 	2767
f 1842 	2426 	2757
f 2738 	2960 	2493
f 12129 	2753 	2768
f 2766 	2768 	2767
f 3005 	2960 	2738
f 2769 	2770 	1246
f 1048 	1045 	2744
f 2768 	2754 	2767
f 2744 	2772 	1048
f 2756 	2771 	2781
f 2754 	2714 	2767
f 2365 	2734 	2493
f 2744 	1045 	270
f 2754 	2717 	2714
f 2399 	2825 	2397
f 1048 	2772 	2769
f 2774 	2731 	2397
f 2769 	2775 	2770
f 2730 	2777 	2559
f 2731 	2778 	2733
f 2772 	2775 	2769
f 13547 	2773 	2776
f 2774 	2778 	2731
f 2786 	2788 	2776
f 2780 	2770 	2775
f 2783 	2775 	2772
f 2559 	2777 	2581
f 2785 	5441 	2784
f 2777 	2779 	2878
f 2773 	5441 	2785
f 2776 	2773 	2785
f 2878 	2581 	2777
f 2282 	2281 	2806
f 2785 	2784 	2786
f 2785 	2786 	2776
f 2804 	2279 	2284
f 2722 	2787 	2779
f 2806 	2805 	2282
f 2756 	2787 	2722
f 2786 	2790 	2788
f 2880 	2789 	2783
f 2788 	13554 	2776
f 2795 	2793 	2712
f 2782 	2788 	2790
f 2793 	2277 	2713
f 2795 	2278 	2793
f 2790 	2791 	2782
f 2795 	2712 	2796
f 353 	354 	2797
f 2275 	2796 	2798
f 13557 	2788 	2782
f 354 	407 	2797
f 2798 	2712 	2799
f 2789 	2780 	2775
f 2799 	2276 	2798
f 2801 	353 	2797
f 2784 	2800 	2786
f 2290 	2799 	2813
f 2789 	2775 	2783
f 2800 	2914 	2786
f 2805 	2806 	3303
f 3302 	3303 	2806
f 3153 	3302 	2806
f 2807 	3153 	2806
f 2808 	3153 	2807
f 3141 	3143 	2808
f 2914 	2790 	2786
f 2283 	2280 	2802
f 2805 	2804 	2284
f 2284 	2282 	2805
f 2797 	2810 	2809
f 2770 	2780 	2812
f 2812 	1533 	1514
f 2813 	2712 	2815
f 2782 	2791 	2814
f 2290 	2813 	2291
f 2815 	2291 	2813
f 1514 	2770 	2812
f 287 	376 	2792
f 2291 	2815 	2292
f 2816 	2292 	2815
f 2811 	2814 	2791
f 2818 	2293 	2816
f 2446 	287 	2792
f 376 	382 	2794
f 2817 	1533 	2812
f 2819 	2289 	2818
f 382 	2801 	2794
f 2794 	2792 	376
f 2811 	2821 	2822
f 2810 	2797 	407
f 2854 	2501 	2298
f 2300 	2855 	2298
f 2811 	2822 	2814
f 2825 	2399 	2826
f 2858 	2304 	2307
f 2308 	2859 	2307
f 2821 	2829 	2830
f 2861 	2309 	2311
f 2826 	2792 	2831
f 2314 	2863 	2311
f 2831 	2792 	2794
f 2867 	2866 	2323
f 2802 	2867 	2283
f 2829 	2838 	2830
f 2906 	2850 	2327
f 2797 	2837 	2801
f 2839 	2822 	2821
f 2399 	2446 	2826
f 2840 	2975 	2841
f 2852 	2713 	2297
f 2446 	2792 	2826
f 2830 	2839 	2821
f 2294 	2713 	2277
f 2854 	2298 	2855
f 2745 	2842 	2679
f 2401 	2745 	2679
f 2855 	2300 	2856
f 2304 	2857 	2302
f 2679 	2842 	2680
f 2847 	2680 	2842
f 2400 	2680 	2755
f 2847 	2755 	2680
f 2844 	2831 	2794
f 2858 	2307 	2859
f 2843 	2862 	2746
f 2844 	2884 	2831
f 2801 	2844 	2794
f 2861 	2311 	2863
f 2846 	2847 	2845
f 2848 	2845 	2847
f 2847 	2842 	2848
f 2845 	2748 	2718
f 2315 	2864 	2314
f 2863 	2314 	2864
f 2837 	2844 	2801
f 2749 	2848 	2751
f 2320 	2865 	2315
f 2810 	407 	1639
f 2746 	2751 	2843
f 2848 	2843 	2751
f 2749 	2748 	2848
f 2845 	2848 	2748
f 2849 	2837 	2809
f 2809 	2837 	2797
f 2323 	2283 	2867
f 2845 	2718 	2765
f 2850 	2906 	10766
f 2852 	2851 	2712
f 2842 	2955 	2848
f 2850 	10766 	2851
f 10766 	2712 	2851
f 2845 	2405 	2846
f 2850 	2851 	2295
f 2296 	2295 	2851
f 2851 	2852 	2296
f 2297 	2296 	2852
f 2727 	2755 	2846
f 2994 	2829 	2821
f 2294 	2297 	2713
f 2793 	2713 	2712
f 2393 	2727 	2408
f 2846 	2408 	2727
f 2408 	2846 	2405
f 2843 	2956 	2862
f 2855 	2856 	2854
f 2854 	2856 	2857
f 2854 	2857 	2858
f 2854 	2858 	2859
f 2854 	2859 	2860
f 2854 	2860 	2861
f 2854 	2861 	2863
f 2854 	2863 	2864
f 2854 	2864 	2865
f 2854 	2865 	2866
f 2854 	2866 	2867
f 2802 	3296 	2867
f 2758 	2746 	2862
f 2790 	2853 	2791
f 2812 	2868 	2817
f 2302 	2856 	2300
f 407 	408 	1639
f 2780 	2868 	2812
f 2856 	2302 	2857
f 2304 	2858 	2857
f 2817 	2869 	2820
f 2831 	2871 	2826
f 2868 	2869 	2817
f 2860 	2859 	2308
f 2860 	2308 	2309
f 10136 	10135 	1118
f 2309 	2861 	2860
f 2871 	2825 	2826
f 969 	967 	2877
f 932 	969 	1117
f 2877 	1117 	969
f 2787 	2756 	2781
f 2910 	2872 	1639
f 2872 	2837 	2849
f 2774 	2397 	2825
f 1555 	2820 	6041
f 2402 	2873 	1113
f 6048 	6041 	2820
f 2873 	2874 	2875
f 6048 	2820 	2869
f 2875 	1114 	2873
f 1113 	2873 	1114
f 2825 	2876 	2774
f 2875 	2874 	1114
f 2885 	2868 	2780
f 2876 	2825 	2871
f 2879 	2876 	2871
f 2882 	2883 	2881
f 2874 	2873 	2883
f 2881 	2883 	2873
f 2890 	2789 	2880
f 2882 	2881 	1120
f 2882 	1120 	1119
f 2881 	2873 	2650
f 2402 	2650 	2873
f 2783 	2426 	2880
f 2884 	2879 	2871
f 1120 	2881 	2650
f 1120 	2650 	1111
f 1121 	2874 	2883
f 2871 	2831 	2884
f 2878 	2779 	2886
f 1121 	2883 	2882
f 1121 	2882 	1119
f 2787 	2886 	2779
f 10150 	10149 	1122
f 2885 	2887 	2868
f 2844 	2837 	2888
f 2888 	2884 	2844
f 2868 	2887 	2869
f 2781 	2889 	2787
f 2787 	2889 	2886
f 2886 	2889 	3088
f 2884 	2891 	2879
f 2880 	2659 	2890
f 2691 	2492 	2870
f 2892 	2479 	2690
f 2690 	2491 	2691
f 2492 	2513 	2870
f 2864 	2315 	2865
f 2477 	2892 	2374
f 2866 	2865 	2322
f 2320 	2322 	2865
f 2322 	2323 	2866
f 2689 	2691 	2893
f 2895 	3551 	2894
f 2908 	3551 	2895
f 2894 	2331 	2330
f 2894 	2330 	2895
f 2894 	3551 	2897
f 2897 	2332 	2331
f 2897 	2331 	2894
f 2892 	2966 	2374
f 2897 	3551 	2898
f 2685 	2078 	2899
f 2899 	2121 	2954
f 2898 	2324 	2332
f 2898 	2332 	2897
f 2898 	3579 	2901
f 2904 	2870 	2903
f 2901 	2325 	2324
f 2901 	2324 	2898
f 2789 	2885 	2780
f 2676 	2903 	2870
f 2901 	3581 	2905
f 2905 	2326 	2325
f 2905 	2325 	2901
f 2900 	2674 	2899
f 2902 	2674 	2900
f 2676 	2666 	2903
f 2666 	2667 	2903
f 2685 	2899 	2674
f 2905 	10773 	2906
f 2906 	2327 	2326
f 2906 	2326 	2905
f 2295 	2327 	2850
f 2904 	2907 	2870
f 2890 	2885 	2789
f 2918 	1639 	2917
f 2862 	2760 	2758
f 2888 	2891 	2884
f 2872 	2849 	1639
f 2910 	1639 	2918
f 2862 	2909 	2760
f 2761 	2760 	2909
f 3376 	2908 	2538
f 2910 	2888 	2872
f 2837 	2872 	2888
f 2908 	2895 	2329
f 2330 	2329 	2895
f 2909 	2762 	2761
f 2876 	3010 	2774
f 2909 	2974 	2911
f 2909 	2911 	2762
f 2763 	2762 	2911
f 2800 	2784 	5441
f 2800 	5441 	2913
f 2800 	2913 	2914
f 2853 	2790 	2914
f 2328 	2915 	2386
f 2913 	2916 	2914
f 2386 	2915 	1904
f 2916 	3743 	2914
f 2918 	2917 	2891
f 2918 	2891 	2888
f 2328 	2919 	2915
f 2607 	2919 	2328
f 2946 	2919 	2607
f 2923 	3044 	2922
f 2931 	3084 	2923
f 2921 	2922 	2924
f 2920 	2921 	2924
f 2765 	2764 	2925
f 2912 	2925 	2764
f 2910 	2918 	2888
f 2946 	2607 	2634
f 2928 	2930 	2927
f 3125 	2930 	2929
f 3106 	3126 	2920
f 2922 	2921 	2928
f 2922 	2928 	2927
f 2823 	2912 	2764
f 2929 	2928 	2921
f 2929 	2921 	2920
f 2763 	2911 	2824
f 2912 	2824 	2911
f 2824 	2912 	2823
f 3615 	3616 	1639
f 2849 	2809 	1639
f 2996 	2389 	2405
f 2926 	2932 	2931
f 2926 	2931 	2923
f 1782 	2934 	2933
f 2765 	2925 	2845
f 2923 	2922 	2926
f 2927 	2926 	2922
f 1980 	1904 	2915
f 3004 	3003 	2912
f 2915 	2919 	2935
f 3125 	3121 	2930
f 1980 	2915 	2935
f 2951 	3090 	2939
f 2939 	2940 	2951
f 2938 	2951 	2940
f 2937 	2938 	2940
f 2934 	2936 	2933
f 2919 	2941 	2935
f 2927 	3051 	2926
f 2942 	2944 	2945
f 2933 	1770 	1782
f 2942 	2940 	2943
f 2939 	2943 	2940
f 2925 	3001 	2845
f 2926 	3087 	2932
f 2396 	2416 	2827
f 2949 	2827 	2416
f 2931 	2932 	2939
f 2943 	2939 	2932
f 2919 	2946 	2941
f 2937 	2945 	2944
f 2937 	2944 	2938
f 2931 	2939 	3090
f 2828 	2950 	2414
f 2414 	2395 	2828
f 2929 	2930 	2928
f 2943 	2932 	3092
f 2944 	2942 	2952
f 2942 	2943 	2952
f 2581 	2953 	2634
f 2946 	2634 	2953
f 3133 	2335 	2334
f 2416 	2414 	2949
f 2950 	2949 	2414
f 2853 	2914 	3743
f 2745 	2832 	2842
f 2955 	2842 	2832
f 2933 	1913 	1770
f 2956 	2833 	2975
f 2833 	2956 	2955
f 2833 	2955 	2832
f 2975 	2862 	2956
f 2955 	2956 	2843
f 2843 	2848 	2955
f 2010 	1980 	2935
f 2935 	2941 	3009
f 2959 	2835 	2957
f 2834 	2957 	2835
f 2808 	2285 	2338
f 2083 	3027 	2962
f 3143 	3142 	2342
f 2964 	2965 	2963
f 2963 	2965 	2691
f 2893 	2691 	2965
f 3143 	2342 	2341
f 2010 	2935 	3009
f 3149 	3147 	2343
f 3151 	3150 	2346
f 2373 	2374 	2966
f 2950 	2828 	2959
f 2835 	2959 	2828
f 2902 	2900 	2969
f 2968 	2953 	2581
f 2878 	2968 	2581
f 3005 	2987 	2960
f 2878 	2970 	2968
f 2957 	2972 	2959
f 2972 	2949 	2959
f 2950 	2959 	2949
f 2934 	2525 	2517
f 2886 	2970 	2878
f 2827 	2949 	2836
f 2972 	2836 	2949
f 2986 	7237 	2969
f 2886 	3088 	2970
f 2840 	2974 	2975
f 2525 	2934 	1782
f 2833 	2841 	2975
f 2948 	2632 	2648
f 2692 	2693 	2967
f 2976 	2967 	2693
f 2975 	2974 	2909
f 2909 	2862 	2975
f 2648 	2947 	2948
f 2934 	2632 	2936
f 2980 	2981 	2990
f 2853 	3743 	2973
f 2948 	2936 	2632
f 2984 	2985 	2979
f 2985 	2870 	2979
f 2907 	2979 	2870
f 2983 	2948 	2947
f 2986 	2969 	2900
f 4882 	2743 	2234
f 2977 	2009 	2988
f 2008 	2988 	2009
f 2977 	2988 	2978
f 2978 	2988 	2240
f 2978 	2240 	2094
f 3759 	2958 	2973
f 2947 	2987 	2983
f 2989 	2980 	2990
f 2948 	3071 	2936
f 2980 	2989 	2982
f 2991 	2982 	2989
f 2992 	2853 	2973
f 2791 	2853 	2992
f 2991 	2380 	2982
f 2184 	2982 	2380
f 2240 	2988 	2008
f 3071 	2948 	2983
f 2958 	2992 	2973
f 2933 	3076 	1913
f 2990 	2245 	2989
f 2245 	2384 	2989
f 2991 	2989 	2384
f 2384 	2381 	2991
f 3000 	3948 	2993
f 2743 	4882 	4915
f 2992 	2811 	2791
f 2996 	3003 	2997
f 2992 	2994 	2811
f 2998 	2997 	3003
f 2947 	2960 	2987
f 3083 	2983 	2987
f 2993 	2836 	3000
f 2972 	3000 	2836
f 3001 	2996 	2405
f 3002 	2738 	2733
f 3005 	2738 	3002
f 2996 	3001 	3003
f 2992 	2958 	2994
f 3004 	2998 	3003
f 2958 	2999 	2994
f 2778 	3002 	2733
f 3004 	2974 	2998
f 2840 	2998 	2974
f 2946 	3013 	2941
f 2972 	2957 	3000
f 2953 	3013 	2946
f 3006 	3002 	2778
f 3003 	3001 	2925
f 2405 	2845 	3001
f 2925 	2912 	3003
f 2974 	3004 	2911
f 2912 	2911 	3004
f 2994 	2999 	2829
f 3010 	2778 	2774
f 2971 	2829 	2999
f 3010 	3006 	2778
f 3009 	2941 	3011
f 3016 	3005 	3002
f 3012 	2838 	2971
f 2987 	3005 	3408
f 2941 	3013 	3011
f 3006 	3016 	3002
f 2971 	2838 	2829
f 3011 	3013 	3020
f 2811 	2994 	2821
f 3408 	3005 	3016
f 2971 	2961 	3012
f 3011 	3020 	3043
f 2887 	2885 	2896
f 2969 	7237 	2976
f 3028 	7237 	2986
f 2161 	7237 	2149
f 2966 	2967 	895
f 2149 	7237 	3028
f 2976 	895 	2967
f 2896 	2885 	2890
f 1229 	3032 	3031
f 3030 	3031 	3032
f 2373 	895 	2372
f 2372 	899 	2367
f 1229 	3031 	1469
f 3034 	2065 	2064
f 3034 	2064 	3035
f 3032 	1229 	1231
f 2010 	3009 	3033
f 2065 	3034 	3036
f 2065 	3036 	2066
f 2066 	3036 	3039
f 2066 	3039 	2067
f 3011 	3040 	3009
f 3038 	3037 	3041
f 3038 	3041 	3042
f 2067 	3039 	3035
f 2067 	3035 	2064
f 2896 	2890 	2683
f 3034 	3035 	3039
f 3034 	3039 	3036
f 3009 	3040 	3033
f 2952 	2951 	2938
f 2952 	2938 	2944
f 2683 	5549 	2896
f 3043 	3040 	3011
f 3045 	3047 	3405
f 3047 	3045 	3025
f 3025 	3029 	3047
f 2117 	2072 	3048
f 3151 	2346 	2348
f 2924 	2922 	3044
f 3153 	3152 	2349
f 2074 	3052 	3049
f 2074 	3049 	2073
f 3010 	3026 	3006
f 3091 	3054 	3055
f 3150 	3149 	2347
f 2415 	2076 	3993
f 3057 	3058 	3097
f 2289 	2819 	2337
f 3131 	2337 	2819
f 3131 	2333 	2337
f 3060 	2076 	2077
f 2333 	3132 	2334
f 3097 	3058 	3053
f 2079 	3065 	2080
f 2078 	3062 	2115
f 3141 	2808 	2338
f 2080 	3060 	2077
f 3060 	2080 	3065
f 2341 	2340 	3144
f 3064 	3157 	3066
f 3157 	1479 	3066
f 3060 	3065 	3062
f 3049 	3181 	3065
f 2344 	2343 	3147
f 2347 	2346 	3150
f 4656 	2954 	3075
f 3040 	3043 	3073
f 2083 	2962 	3078
f 3076 	1928 	1913
f 3040 	3080 	3033
f 3033 	3080 	3046
f 2933 	2936 	3076
f 3075 	3267 	3078
f 3080 	3040 	3073
f 2936 	3071 	3076
f 3054 	3091 	3050
f 3078 	4657 	3075
f 4656 	3075 	4657
f 3073 	3251 	3080
f 3180 	2089 	2088
f 2983 	3082 	3071
f 3051 	2927 	2930
f 2930 	2924 	3051
f 3044 	3051 	2924
f 3044 	2923 	3085
f 3085 	2923 	3084
f 3083 	3082 	2983
f 3086 	2926 	3051
f 3087 	2926 	3086
f 3092 	2932 	3087
f 3031 	3030 	3081
f 3050 	3081 	3030
f 3115 	3076 	3071
f 3044 	3085 	3086
f 3044 	3086 	3051
f 3085 	3084 	3087
f 3085 	3087 	3086
f 3091 	3097 	3081
f 3097 	3089 	3081
f 1469 	3031 	3089
f 1469 	3089 	3053
f 1469 	3053 	1347
f 3084 	2931 	3090
f 3055 	3093 	3091
f 3090 	3092 	3087
f 3090 	3087 	3084
f 3082 	3115 	3071
f 2953 	3094 	3013
f 3081 	3050 	3091
f 2952 	2943 	3092
f 2953 	2968 	3094
f 3090 	2951 	3092
f 2952 	3092 	2951
f 3119 	3082 	3083
f 2970 	3096 	2968
f 3097 	3098 	3057
f 3096 	3094 	2968
f 3129 	3130 	3102
f 3137 	3129 	3103
f 3102 	3103 	3129
f 3104 	3137 	3103
f 3105 	3122 	3104
f 3106 	3122 	3105
f 3109 	3139 	3108
f 3111 	3134 	3110
f 3110 	3135 	3109
f 3112 	3156 	3111
f 3057 	3098 	3056
f 3095 	3056 	3098
f 3089 	3097 	3053
f 3102 	3101 	3111
f 3102 	3111 	3110
f 3013 	3094 	3020
f 3110 	3109 	3103
f 3110 	3103 	3102
f 3104 	3103 	3109
f 3104 	3109 	3108
f 3108 	3107 	3104
f 3105 	3104 	3107
f 3088 	3117 	2970
f 3076 	3115 	1928
f 3096 	2970 	3117
f 3059 	3093 	3055
f 2089 	3180 	2092
f 3096 	3117 	3116
f 3091 	3093 	3098
f 3095 	3098 	3093
f 3096 	3120 	3094
f 3106 	3105 	3107
f 3020 	3094 	3120
f 3097 	3091 	3098
f 3031 	3081 	3089
f 3113 	3112 	3100
f 3113 	3100 	3099
f 3120 	3096 	3116
f 3112 	3111 	3101
f 3112 	3101 	3100
f 3122 	3106 	3121
f 3137 	3104 	3122
f 3106 	2920 	3121
f 2924 	3121 	2920
f 3126 	3107 	3125
f 2929 	3126 	3125
f 3107 	3108 	3124
f 3139 	3124 	3108
f 2929 	2920 	3126
f 3121 	3125 	3122
f 3124 	3122 	3125
f 3068 	3127 	3067
f 2924 	2930 	3121
f 3128 	3043 	3020
f 3155 	3140 	3101
f 3100 	3101 	3140
f 3130 	3155 	3101
f 3101 	3102 	3130
f 3147 	3146 	2344
f 2424 	2344 	3146
f 2343 	2347 	3149
f 2340 	2424 	3145
f 3146 	3145 	2424
f 3056 	3095 	3061
f 2333 	3131 	3132
f 3120 	3128 	3020
f 3135 	3110 	3134
f 3134 	3111 	3156
f 3113 	3198 	3112
f 3133 	2334 	3132
f 3129 	3134 	3130
f 3133 	3132 	12795
f 3129 	3135 	3134
f 3136 	2335 	3133
f 3136 	12795 	3138
f 3139 	3109 	3135
f 2335 	3136 	2336
f 3138 	2336 	3136
f 3137 	3139 	3135
f 3137 	3135 	3129
f 3116 	3182 	3120
f 3124 	3125 	3107
f 3120 	3182 	3128
f 3124 	3139 	3137
f 3124 	3137 	3122
f 3140 	3197 	3100
f 3156 	3112 	3148
f 3061 	3095 	3154
f 3061 	3154 	3063
f 3142 	3143 	3141
f 3144 	2808 	3143
f 3145 	2808 	3144
f 3146 	2808 	3145
f 3147 	2808 	3146
f 3149 	2808 	3147
f 3150 	2808 	3149
f 3151 	2808 	3150
f 3152 	2808 	3151
f 3153 	2808 	3152
f 2804 	3303 	2803
f 2338 	2339 	3141
f 3142 	3141 	2339
f 3145 	3144 	2340
f 3134 	3156 	3155
f 3134 	3155 	3130
f 2339 	2342 	3142
f 3156 	3148 	3140
f 3156 	3140 	3155
f 3107 	3126 	3106
f 2341 	3144 	3143
f 3157 	3064 	3154
f 3063 	3154 	3064
f 3172 	3161 	3247
f 3163 	3164 	3162
f 3099 	3163 	3162
f 3160 	3172 	3242
f 3099 	3100 	3197
f 3161 	3162 	3164
f 3247 	3242 	3172
f 3159 	3160 	3242
f 3239 	3212 	3158
f 3152 	3151 	2348
f 2348 	2349 	3152
f 3249 	3170 	3166
f 3167 	3244 	3173
f 3166 	3173 	3249
f 3168 	3240 	3167
f 3206 	3214 	3169
f 3169 	3240 	3168
f 3165 	3166 	3170
f 3113 	3165 	3171
f 3198 	3113 	3171
f 3160 	3159 	3167
f 3168 	3167 	3159
f 3164 	3247 	3161
f 3175 	12795 	3174
f 3167 	3173 	3160
f 3172 	3160 	3173
f 3173 	3166 	3161
f 3174 	2437 	3175
f 2436 	3175 	2437
f 13606 	2830 	3114
f 3161 	3172 	3173
f 12795 	3407 	3174
f 3166 	3165 	3162
f 3166 	3162 	3161
f 2437 	3174 	2494
f 3113 	3099 	3165
f 3162 	3165 	3099
f 3176 	2494 	3174
f 3176 	3174 	3407
f 2494 	3176 	2495
f 3177 	2495 	3176
f 3187 	3188 	9026
f 3179 	3123 	3723
f 2495 	3177 	2496
f 3178 	2496 	3177
f 2086 	3181 	2088
f 2088 	3181 	3180
f 3138 	12795 	3183
f 3179 	3233 	3123
f 2336 	3138 	2434
f 3184 	2092 	3180
f 3183 	2434 	3138
f 3183 	12795 	3186
f 3175 	3186 	12795
f 3052 	3180 	3049
f 3189 	9026 	3188
f 3183 	2435 	2434
f 3181 	3049 	3180
f 3187 	3179 	3188
f 3185 	3188 	3179
f 2435 	3183 	3186
f 3052 	3184 	3180
f 2435 	3186 	2436
f 3175 	2436 	3186
f 3043 	3128 	3191
f 3189 	3188 	3185
f 3073 	3043 	3191
f 7682 	3192 	2111
f 3193 	2112 	3192
f 2111 	3192 	2112
f 3154 	3095 	3209
f 3206 	3169 	3158
f 3169 	3168 	3158
f 3159 	3158 	3168
f 3093 	3209 	3095
f 3170 	3164 	3163
f 3170 	3163 	3171
f 3163 	3099 	3197
f 3148 	3112 	3198
f 3154 	3127 	3157
f 3196 	3717 	3123
f 3197 	3198 	3171
f 3197 	3171 	3163
f 3114 	3218 	3118
f 1576 	1479 	3127
f 3201 	3210 	3200
f 3158 	3212 	3201
f 3210 	3202 	3200
f 3199 	3200 	3202
f 3605 	3606 	3601
f 3067 	3127 	3069
f 3070 	3069 	3205
f 3127 	3205 	3069
f 3206 	3207 	3211
f 3204 	3211 	3207
f 3204 	3207 	3208
f 3072 	3070 	3209
f 3205 	3209 	3070
f 3059 	3072 	3209
f 3059 	3209 	3093
f 3211 	3214 	3206
f 3209 	3205 	3154
f 3127 	3154 	3205
f 3210 	3211 	3204
f 3210 	3204 	3202
f 3210 	3201 	3212
f 3214 	3240 	3169
f 3229 	3195 	3194
f 7682 	3190 	3192
f 3190 	3224 	3192
f 3077 	3404 	3215
f 3217 	3079 	3215
f 3077 	3215 	3079
f 3193 	3192 	3048
f 3079 	3217 	3406
f 3403 	3213 	3215
f 3213 	3393 	3215
f 3025 	3215 	3393
f 2838 	3218 	3114
f 3181 	2086 	3225
f 2115 	3225 	2086
f 3216 	13327 	3203
f 3215 	3025 	3217
f 3406 	3217 	3045
f 2114 	2092 	3184
f 3184 	3228 	2114
f 3025 	3045 	3217
f 3062 	3225 	2115
f 3361 	3025 	3393
f 3227 	2114 	3228
f 2074 	2118 	3227
f 3361 	3029 	3025
f 2117 	3224 	7726
f 2117 	7726 	7311
f 2830 	2838 	3114
f 2114 	3227 	2118
f 3221 	3191 	3128
f 3182 	3221 	3128
f 3224 	2117 	3048
f 3194 	3118 	3218
f 2120 	3190 	2108
f 3218 	3226 	3194
f 2500 	3295 	2502
f 3229 	3194 	3226
f 7727 	3230 	2120
f 3153 	2349 	2514
f 2079 	2073 	3049
f 3065 	2079 	3049
f 3303 	3302 	2515
f 3219 	3237 	9026
f 9026 	12534 	3219
f 3303 	2515 	2519
f 3052 	2074 	3227
f 3219 	3232 	3216
f 2120 	3230 	3190
f 3306 	2521 	2522
f 3048 	3192 	3224
f 7727 	7726 	3230
f 3203 	13327 	13325
f 2523 	3307 	2522
f 3520 	3229 	3226
f 3065 	3225 	3062
f 3230 	3224 	3190
f 2838 	3012 	3218
f 3123 	3233 	3196
f 3309 	2527 	3310
f 3225 	3065 	3181
f 3052 	3227 	3184
f 3228 	3184 	3227
f 2529 	3311 	2528
f 3264 	2124 	2123
f 3264 	2123 	3265
f 3295 	2500 	3296
f 2125 	2124 	3264
f 2501 	2854 	3299
f 3294 	2502 	3295
f 3196 	3216 	3203
f 2505 	3297 	2499
f 3298 	2505 	2507
f 3520 	3231 	3229
f 3298 	2507 	3299
f 2501 	3299 	2507
f 3233 	3216 	3196
f 2126 	3273 	2132
f 3187 	9026 	3236
f 3236 	9026 	3235
f 3266 	2121 	3267
f 2122 	3267 	2121
f 3235 	3233 	3236
f 3179 	3236 	3233
f 2123 	2133 	3289
f 3187 	3236 	3179
f 3235 	9026 	3237
f 3212 	3214 	3211
f 3212 	3211 	3210
f 3242 	3239 	3159
f 3244 	3167 	3240
f 3239 	3240 	3214
f 3239 	3214 	3212
f 3083 	3241 	3119
f 3158 	3159 	3239
f 3243 	3115 	3082
f 3242 	3244 	3240
f 3242 	3240 	3239
f 3249 	3173 	3244
f 3119 	3243 	3082
f 3247 	3249 	3244
f 3247 	3244 	3242
f 3115 	1959 	1928
f 3046 	3250 	3248
f 3080 	3250 	3046
f 3170 	3171 	3165
f 3243 	1959 	3115
f 3247 	3164 	3249
f 3170 	3249 	3164
f 3245 	3231 	3246
f 3251 	3250 	3080
f 3073 	3253 	3251
f 3148 	3198 	3140
f 3197 	3140 	3198
f 3073 	3191 	3253
f 3231 	3245 	3229
f 3158 	3201 	3206
f 3253 	3191 	3254
f 3195 	3229 	3245
f 3201 	3200 	3207
f 3201 	3207 	3206
f 3221 	3254 	3191
f 3241 	3335 	3252
f 3200 	3199 	3207
f 3208 	3207 	3199
f 13649 	3245 	3246
f 6351 	2170 	6354
f 3248 	6354 	2170
f 3241 	3252 	3735
f 3250 	6355 	3248
f 3261 	3374 	3260
f 3260 	3344 	3259
f 3646 	3259 	3262
f 3646 	3262 	3641
f 6356 	3250 	3251
f 6356 	3251 	6357
f 3253 	6357 	3251
f 3258 	3257 	3259
f 3260 	3259 	3257
f 3254 	6358 	3253
f 6357 	3253 	6358
f 3259 	3646 	3258
f 3634 	3258 	3646
f 3261 	3260 	3256
f 3257 	3256 	3260
f 2132 	3288 	3289
f 2132 	3289 	2133
f 3308 	2526 	3309
f 2528 	3310 	2527
f 3258 	3634 	3255
f 3268 	2125 	3264
f 3381 	3263 	3246
f 3255 	3640 	3262
f 3641 	3262 	3640
f 3266 	3075 	2121
f 2082 	2121 	3075
f 3271 	3352 	3270
f 3117 	5777 	3116
f 3288 	2132 	3273
f 3283 	3284 	3537
f 3272 	3271 	3275
f 3272 	3275 	3274
f 3271 	3270 	3276
f 3271 	3276 	3275
f 3265 	2123 	3289
f 3289 	3268 	3265
f 3273 	3268 	3289
f 3264 	3265 	3268
f 3277 	3276 	3270
f 3277 	3270 	3269
f 3268 	3273 	3375
f 3266 	3267 	3075
f 3348 	3345 	3269
f 3280 	3525 	3279
f 3278 	3279 	3526
f 3526 	3521 	3278
f 2128 	3282 	2130
f 3286 	3528 	3285
f 3284 	3285 	3529
f 3529 	3536 	3284
f 3537 	3346 	3283
f 3536 	3537 	3284
f 1451 	4130 	1446
f 3286 	3285 	3279
f 3286 	3279 	3278
f 3284 	3283 	3280
f 3281 	3280 	3283
f 3287 	2131 	3282
f 2130 	3282 	2131
f 3280 	3279 	3284
f 3285 	3284 	3279
f 3281 	3283 	3269
f 3277 	3269 	3283
f 3288 	3273 	3289
f 3306 	3307 	2803
f 2802 	3294 	3295
f 2802 	3295 	3296
f 3297 	2867 	3296
f 3298 	2867 	3297
f 3299 	2867 	3298
f 2854 	2867 	3299
f 2136 	3301 	2128
f 2499 	3296 	2500
f 3028 	3267 	2122
f 3296 	2499 	3297
f 2505 	3298 	3297
f 2136 	2135 	3301
f 619 	3316 	614
f 3282 	2128 	3301
f 2147 	2125 	3366
f 3273 	2126 	3375
f 2126 	2156 	3375
f 3304 	2803 	3303
f 2804 	2805 	3303
f 3305 	2803 	3304
f 3306 	2803 	3305
f 3307 	3308 	2803
f 3308 	3309 	2803
f 3309 	3310 	2803
f 2802 	2803 	3310
f 3311 	2802 	3310
f 3294 	2802 	3311
f 3302 	3153 	2514
f 3282 	3301 	3287
f 2514 	2515 	3302
f 3304 	3303 	2519
f 4715 	3267 	3028
f 2521 	3305 	2519
f 3304 	2519 	3305
f 3306 	3305 	2521
f 3306 	2522 	3307
f 3241 	3735 	3119
f 3308 	3307 	2523
f 3308 	2523 	2526
f 3119 	3739 	3243
f 2527 	3309 	2526
f 3238 	3387 	3290
f 614 	3312 	3313
f 3310 	2528 	3311
f 614 	3313 	616
f 2502 	3294 	2529
f 3311 	2529 	3294
f 3315 	3496 	3314
f 3312 	614 	3316
f 3315 	3314 	2532
f 3119 	3735 	3739
f 2533 	2532 	3314
f 3318 	3314 	3551
f 3319 	3323 	1639
f 3314 	3318 	2533
f 2534 	2533 	3318
f 3252 	3319 	3735
f 3749 	3735 	3319
f 3322 	3551 	3376
f 3376 	3551 	2908
f 3322 	2535 	2534
f 3322 	2534 	3318
f 3321 	3312 	3316
f 3323 	3319 	3252
f 3320 	3321 	3316
f 3328 	3329 	3293
f 3293 	3423 	3328
f 3292 	3293 	3329
f 3359 	3292 	3330
f 3363 	3359 	3331
f 3331 	3359 	3330
f 3256 	3365 	3331
f 3257 	3372 	3256
f 6234 	4386 	3317
f 3320 	6236 	3317
f 6234 	3317 	6236
f 6237 	6236 	3320
f 6237 	3320 	3316
f 3420 	3426 	3274
f 3274 	3275 	3420
f 3339 	3340 	3337
f 3360 	3364 	3338
f 3337 	3360 	3339
f 3340 	3341 	3337
f 3336 	3337 	3341
f 3274 	3426 	3341
f 3338 	3261 	3331
f 3256 	3331 	3261
f 3330 	3329 	3340
f 3330 	3340 	3339
f 4128 	1446 	4130
f 3329 	3328 	3341
f 3329 	3341 	3340
f 3328 	3272 	3341
f 3274 	3341 	3272
f 3334 	3252 	3335
f 3292 	3337 	3293
f 3336 	3293 	3337
f 4130 	1451 	765
f 3255 	3343 	3258
f 3365 	3256 	3372
f 3258 	3343 	3257
f 3363 	3331 	3365
f 3261 	3369 	3374
f 3344 	3260 	3374
f 3262 	3259 	3344
f 3344 	3343 	3262
f 3255 	3262 	3343
f 2147 	3366 	3367
f 2147 	3367 	2148
f 3353 	3270 	3352
f 3272 	3419 	3271
f 2148 	3367 	2149
f 3371 	2149 	3367
f 3350 	3354 	3276
f 3354 	3355 	3276
f 2149 	3371 	2161
f 3345 	3534 	3281
f 3268 	3366 	2125
f 3355 	3420 	3275
f 3275 	3276 	3355
f 3346 	3345 	3350
f 3348 	3350 	3345
f 3380 	2160 	2159
f 3348 	3270 	3353
f 3380 	3301 	2135
f 2160 	3380 	2135
f 3352 	3355 	3354
f 3352 	3354 	3353
f 3356 	3382 	3357
f 3352 	3271 	3419
f 3383 	3358 	3357
f 2131 	3287 	2163
f 3326 	3430 	3324
f 3419 	3420 	3352
f 3355 	3352 	3420
f 1576 	3068 	1531
f 3389 	2162 	2161
f 3348 	3353 	3350
f 3354 	3350 	3353
f 2162 	3389 	2156
f 3338 	3339 	3360
f 3337 	3292 	3360
f 3359 	3360 	3292
f 2163 	3384 	2164
f 3329 	3330 	3292
f 3261 	3338 	3369
f 3364 	3369 	3338
f 3360 	3359 	3364
f 3363 	3364 	3359
f 3370 	3220 	3368
f 3364 	3363 	3369
f 3365 	3369 	3363
f 3220 	3370 	3222
f 3372 	3257 	3343
f 3223 	3373 	3347
f 1736 	3347 	3373
f 3349 	3351 	3377
f 3370 	3377 	3351
f 3356 	3349 	3377
f 3322 	3376 	2535
f 2538 	2535 	3376
f 3371 	3367 	3366
f 3375 	3388 	3366
f 3389 	3388 	3375
f 3370 	3368 	3383
f 3373 	3383 	3368
f 3368 	1734 	3373
f 1736 	3373 	1734
f 3268 	3375 	3366
f 2329 	2538 	2908
f 3347 	1736 	1556
f 2159 	3378 	3380
f 3356 	3377 	3382
f 3178 	2544 	2496
f 3383 	3357 	3382
f 2544 	3178 	3379
f 3263 	3381 	3238
f 3358 	3383 	3373
f 3358 	3373 	3223
f 3384 	2163 	3287
f 3127 	3068 	1576
f 2544 	3379 	2545
f 3385 	2545 	3379
f 2161 	3388 	3389
f 3387 	3386 	3290
f 3377 	3370 	3382
f 3385 	3407 	3390
f 3389 	3375 	2156
f 3383 	3382 	3370
f 3385 	3390 	2545
f 2546 	2545 	3390
f 3231 	3234 	3246
f 3391 	2164 	3384
f 3388 	2161 	3371
f 3222 	3370 	3351
f 2547 	2546 	3392
f 3390 	3392 	2546
f 3234 	3381 	3246
f 3429 	3414 	3393
f 3384 	3380 	3391
f 3378 	3391 	3380
f 3287 	3301 	3384
f 3074 	3362 	3213
f 3395 	3213 	3362
f 3392 	3394 	2547
f 2548 	2547 	3394
f 3380 	3384 	3301
f 3290 	3386 	3291
f 3429 	3393 	3395
f 3371 	3366 	3388
f 3213 	3395 	3393
f 3394 	3396 	2548
f 2539 	2548 	3396
f 3381 	3387 	3238
f 3396 	3491 	3397
f 2186 	3443 	2187
f 2540 	2539 	3397
f 3396 	3397 	2539
f 3386 	3398 	3291
f 3397 	3399 	2540
f 2541 	2540 	3399
f 3399 	3496 	3400
f 3074 	3213 	3402
f 3401 	3402 	3213
f 2200 	3443 	2186
f 3402 	3401 	3403
f 3402 	3403 	3404
f 3399 	3400 	2541
f 2542 	2541 	3400
f 3400 	3496 	3315
f 3403 	3215 	3404
f 3045 	3405 	3406
f 3540 	3252 	3334
f 3400 	3315 	2542
f 3315 	2532 	2542
f 3405 	3079 	3406
f 3531 	3540 	3334
f 3403 	3401 	3213
f 3425 	3410 	3411
f 3425 	3411 	3424
f 3425 	3037 	3410
f 3409 	3424 	3411
f 3491 	3390 	3407
f 3178 	3407 	3379
f 3041 	3412 	3042
f 3361 	3393 	3414
f 3387 	3568 	3386
f 3414 	3429 	3416
f 3083 	2987 	3408
f 3372 	3374 	3369
f 3372 	3369 	3365
f 3419 	3272 	3423
f 3443 	3434 	2187
f 3272 	3328 	3423
f 3038 	3410 	3037
f 3420 	3419 	3426
f 3423 	3426 	3419
f 3409 	3422 	3424
f 3427 	3425 	3422
f 3422 	3425 	3424
f 3336 	3341 	3426
f 3427 	3041 	3425
f 3037 	3425 	3041
f 3336 	3426 	3423
f 3336 	3423 	3293
f 3427 	3412 	3041
f 3429 	3431 	3416
f 3372 	3343 	3374
f 3344 	3374 	3343
f 3417 	3418 	3433
f 3432 	3433 	3418
f 3722 	3446 	2215
f 3331 	3330 	3339
f 3331 	3339 	3338
f 3409 	3417 	3422
f 3433 	3422 	3417
f 2178 	3434 	2180
f 3429 	3395 	3431
f 3436 	3476 	3435
f 3435 	3469 	434
f 3438 	432 	3437
f 433 	3437 	432
f 3432 	3427 	3433
f 3422 	3433 	3427
f 3428 	3324 	3430
f 3395 	3416 	3431
f 3362 	3416 	3395
f 3457 	3458 	437
f 437 	439 	3457
f 3428 	3325 	3324
f 3412 	3427 	3432
f 3412 	3432 	3418
f 3460 	3436 	3441
f 3442 	3441 	3435
f 3436 	3435 	3441
f 3326 	3421 	3430
f 2178 	2187 	3434
f 3446 	2193 	2192
f 3435 	434 	3442
f 437 	3442 	434
f 3447 	3481 	3444
f 2194 	2193 	3448
f 3446 	3448 	2193
f 3439 	3438 	3437
f 3439 	3437 	3440
f 3421 	3326 	3342
f 3452 	3475 	3451
f 3451 	3475 	3436
f 3454 	433 	3453
f 3448 	3450 	2194
f 3450 	2199 	2194
f 2200 	3450 	3443
f 3441 	3442 	3478
f 3470 	3478 	3442
f 3442 	437 	3470
f 2199 	3450 	2200
f 3451 	3436 	3460
f 2210 	3462 	2211
f 3460 	3459 	3452
f 3460 	3452 	3451
f 3464 	3421 	3342
f 3453 	3458 	3457
f 3453 	3457 	3454
f 3437 	433 	3454
f 3398 	3464 	3332
f 2207 	3466 	2209
f 3458 	3470 	437
f 2209 	3466 	2210
f 3462 	2210 	3466
f 3437 	3454 	3440
f 3457 	3440 	3454
f 3332 	3291 	3398
f 3453 	434 	3469
f 3476 	3436 	3475
f 3278 	3521 	3452
f 3481 	3447 	3467
f 3342 	3332 	3464
f 3459 	3460 	3479
f 3479 	3523 	3459
f 3460 	3441 	3479
f 3478 	3479 	3441
f 2203 	3468 	2205
f 3472 	2205 	3468
f 2205 	3472 	2206
f 3286 	3278 	3459
f 3452 	3459 	3278
f 2206 	3472 	2207
f 3466 	2207 	3472
f 3469 	3470 	3458
f 3469 	3458 	3453
f 2215 	3446 	2192
f 2418 	2398 	3474
f 3474 	3445 	3477
f 3444 	3477 	3445
f 3481 	3477 	3444
f 3450 	3448 	3466
f 3726 	3462 	3446
f 3486 	3481 	3485
f 3474 	3477 	3487
f 3486 	3487 	3477
f 3477 	3481 	3486
f 3484 	3485 	3481
f 3443 	3450 	3472
f 3472 	3468 	3443
f 3466 	3472 	3450
f 3455 	3486 	3456
f 3485 	3456 	3486
f 3456 	3485 	3461
f 3480 	3533 	3482
f 3445 	3474 	2398
f 2412 	2418 	3487
f 3463 	3487 	3486
f 3463 	3486 	3455
f 2220 	3594 	2223
f 3461 	3485 	3465
f 3505 	3491 	3511
f 3415 	3533 	3480
f 3463 	2394 	3487
f 2412 	3487 	2394
f 2220 	2231 	3594
f 3484 	3483 	3485
f 3489 	3538 	3490
f 3592 	2228 	2223
f 3407 	3488 	3491
f 3488 	3413 	3491
f 3474 	3487 	2418
f 2228 	3592 	2261
f 3379 	3407 	3385
f 3484 	3467 	3483
f 3449 	3483 	3467
f 3467 	3484 	3481
f 3434 	2229 	2180
f 3318 	3551 	3322
f 3496 	3551 	3314
f 3397 	3491 	3399
f 3394 	3491 	3396
f 3390 	3491 	3392
f 3392 	3491 	3394
f 3473 	3493 	3492
f 3473 	3492 	3471
f 3493 	3778 	3492
f 3497 	3016 	3006
f 3496 	3399 	3491
f 3497 	3006 	3026
f 3515 	3501 	3684
f 3502 	3686 	3501
f 3335 	3408 	3016
f 4051 	3490 	3494
f 3408 	3335 	3241
f 3335 	3016 	3497
f 3509 	3012 	2961
f 3241 	3083 	3408
f 3517 	3497 	3026
f 3510 	3533 	3500
f 3517 	3334 	3497
f 13144 	3496 	13143
f 3520 	3509 	3495
f 3514 	3491 	3504
f 3286 	3459 	3523
f 3334 	3335 	3497
f 3478 	3476 	3479
f 3475 	3479 	3476
f 3503 	3491 	3514
f 3496 	3491 	3503
f 3495 	3494 	3520
f 3469 	3435 	3476
f 3532 	3522 	1639
f 3509 	3226 	3012
f 3469 	3476 	3478
f 3469 	3478 	3470
f 3475 	3452 	3521
f 3526 	3279 	3525
f 3533 	3511 	3491
f 3482 	3533 	3491
f 3504 	3491 	3505
f 3413 	3482 	3491
f 3524 	1639 	3522
f 3521 	3523 	3479
f 3521 	3479 	3475
f 3517 	3524 	3522
f 3226 	3509 	3520
f 3529 	3285 	3528
f 3525 	3529 	3528
f 3525 	3528 	3526
f 3531 	3334 	3532
f 3517 	3532 	3334
f 3530 	3533 	3415
f 3523 	3528 	3286
f 3521 	3526 	3523
f 3528 	3523 	3526
f 3517 	3522 	3532
f 3510 	3511 	3533
f 3527 	3533 	3530
f 3535 	3280 	3534
f 3281 	3269 	3345
f 3269 	3270 	3348
f 3218 	3012 	3226
f 3346 	3350 	3277
f 3277 	3283 	3346
f 3534 	3537 	3536
f 3534 	3536 	3535
f 3535 	3525 	3280
f 3540 	1639 	3323
f 3525 	3535 	3529
f 3536 	3529 	3535
f 3540 	3323 	3252
f 3280 	3281 	3534
f 3490 	3234 	3494
f 3276 	3277 	3350
f 3345 	3346 	3534
f 3537 	3534 	3346
f 3538 	3234 	3490
f 3542 	2876 	2879
f 3440 	440 	3439
f 3520 	3494 	3231
f 3539 	3500 	3533
f 3541 	3539 	3533
f 451 	3438 	3439
f 3234 	3231 	3494
f 3545 	3814 	3587
f 3544 	3545 	3582
f 3546 	3587 	3814
f 2876 	3542 	3010
f 3593 	3584 	3553
f 3548 	3585 	3547
f 3010 	3542 	3026
f 3587 	3582 	3545
f 3549 	3593 	3553
f 3538 	3381 	3234
f 3381 	3538 	3387
f 3579 	2898 	3551
f 3581 	2901 	3579
f 616 	3731 	1128
f 3555 	3542 	2879
f 2891 	3555 	2879
f 3558 	776 	3607
f 3631 	3652 	3560
f 3498 	3563 	3499
f 3542 	3564 	3026
f 3483 	3499 	3563
f 3449 	3499 	3483
f 13165 	3565 	13163
f 3517 	3026 	3564
f 3552 	3543 	3553
f 3549 	3553 	3543
f 3545 	3544 	3548
f 3545 	3548 	3547
f 3551 	13167 	3567
f 3548 	3544 	3553
f 3552 	3553 	3544
f 3567 	3579 	3551
f 3591 	3571 	3543
f 3571 	3572 	3570
f 3569 	3570 	3572
f 3572 	3577 	3569
f 3577 	2937 	3569
f 2246 	3716 	2241
f 3489 	3568 	3538
f 3549 	3575 	3574
f 3575 	3576 	3573
f 3578 	3573 	3576
f 2942 	2945 	3576
f 3652 	3590 	3561
f 3560 	3652 	3561
f 2942 	3576 	2940
f 3569 	2940 	3576
f 3570 	3569 	3575
f 3576 	3575 	3569
f 13168 	13174 	3567
f 3543 	3570 	3549
f 3575 	3549 	3570
f 3722 	2248 	2358
f 3554 	3579 	3556
f 3571 	3574 	3572
f 3573 	3572 	3574
f 2248 	3722 	2215
f 2940 	3569 	2937
f 3567 	3556 	3579
f 3578 	3576 	2945
f 2255 	3724 	2256
f 2937 	3577 	3578
f 2937 	3578 	2945
f 2256 	3720 	2257
f 3428 	4558 	4425
f 3573 	3574 	3575
f 3554 	3565 	3579
f 3462 	3726 	2249
f 3577 	3572 	3573
f 3577 	3573 	3578
f 3583 	3591 	3552
f 3543 	3552 	3591
f 3462 	2249 	2211
f 3585 	3548 	3584
f 3548 	3553 	3584
f 3584 	3583 	3582
f 3584 	3582 	3585
f 10773 	2905 	3581
f 3727 	2253 	2252
f 3552 	3544 	3583
f 3582 	3583 	3544
f 3589 	3547 	3585
f 2253 	3727 	2254
f 3587 	3589 	3585
f 3587 	3585 	3582
f 3716 	3468 	2241
f 3550 	3815 	3589
f 2203 	2259 	3468
f 3550 	3589 	3546
f 3587 	3546 	3589
f 3570 	3543 	3571
f 3583 	3584 	3591
f 3593 	3591 	3584
f 3592 	2223 	3594
f 3574 	3593 	3549
f 3571 	3591 	3593
f 3571 	3593 	3574
f 2226 	2260 	3599
f 3233 	3237 	3216
f 3219 	3216 	3237
f 3604 	3605 	3623
f 3606 	3199 	3600
f 3600 	3601 	3606
f 3202 	3600 	3199
f 3235 	3237 	3233
f 3564 	3542 	3555
f 3620 	3621 	3609
f 3208 	3612 	3611
f 3204 	3208 	3611
f 3610 	3611 	3612
f 3612 	3613 	3610
f 3614 	3626 	3613
f 3608 	3625 	3614
f 776 	3566 	3607
f 3602 	3609 	3608
f 3602 	3608 	3603
f 4126 	9026 	3189
f 4126 	4122 	9026
f 4125 	4126 	3185
f 3616 	3615 	3555
f 3616 	3555 	2891
f 3608 	3614 	3604
f 3608 	3604 	3603
f 3615 	3657 	3555
f 2917 	3616 	2891
f 3614 	3613 	3605
f 3614 	3605 	3604
f 3586 	3580 	3398
f 4085 	4086 	3602
f 3596 	3579 	3597
f 3208 	3199 	3612
f 3606 	3612 	3199
f 3586 	3398 	3386
f 3601 	3600 	3610
f 3580 	3464 	3398
f 3611 	3610 	3600
f 3603 	3624 	3602
f 3619 	3602 	3618
f 3568 	3586 	3386
f 3621 	3620 	3618
f 3619 	3618 	3620
f 3387 	3538 	3568
f 3617 	3598 	3561
f 13193 	3581 	3595
f 3603 	3604 	3624
f 3623 	3624 	3604
f 3579 	3596 	3595
f 3610 	3613 	3626
f 3626 	3614 	3625
f 3609 	3625 	3608
f 3595 	13196 	13193
f 3610 	3626 	3623
f 3610 	3623 	3601
f 3581 	3579 	3595
f 3626 	3625 	3624
f 3626 	3624 	3623
f 3601 	3623 	3605
f 3598 	3597 	3579
f 3204 	3611 	3202
f 3600 	3202 	3611
f 3618 	3602 	3624
f 3621 	3625 	3609
f 3628 	3421 	3627
f 3625 	3621 	3624
f 3618 	3624 	3621
f 3588 	3590 	3652
f 3579 	3561 	3598
f 3613 	3612 	3606
f 3613 	3606 	3605
f 3619 	4084 	3602
f 3609 	3602 	4086
f 3565 	3561 	3579
f 3630 	3652 	3631
f 3430 	3628 	3629
f 3638 	3666 	3637
f 3635 	3636 	3649
f 3634 	3635 	3649
f 3640 	3255 	3634
f 3632 	3622 	3639
f 3644 	3645 	3650
f 3645 	3646 	3650
f 3641 	3650 	3646
f 3706 	3671 	3643
f 3637 	3702 	3636
f 3644 	3706 	3643
f 3640 	3634 	3649
f 3622 	3648 	3662
f 13216 	13207 	3651
f 3650 	3641 	3649
f 3640 	3649 	3641
f 3628 	3430 	3421
f 3651 	3647 	3652
f 3647 	3588 	3652
f 3648 	3558 	3607
f 3629 	3428 	3430
f 3670 	3638 	3642
f 3630 	3653 	3654
f 3630 	3654 	3711
f 3711 	3709 	3630
f 3709 	3682 	3630
f 3630 	3682 	3652
f 3617 	3561 	3590
f 3635 	3634 	3645
f 3646 	3645 	3634
f 3533 	11273 	3541
f 3607 	3662 	3648
f 3637 	3636 	3644
f 3637 	3644 	3643
f 3645 	3644 	3636
f 3645 	3636 	3635
f 3564 	3524 	3517
f 3638 	3637 	3642
f 3643 	3642 	3637
f 3653 	2553 	3654
f 2552 	3654 	2553
f 3615 	1639 	3657
f 3656 	3657 	1639
f 3683 	3658 	725
f 1054 	725 	3659
f 730 	3675 	729
f 729 	3683 	725
f 3660 	3653 	10281
f 3630 	10281 	3653
f 3639 	3679 	3655
f 3622 	3662 	3639
f 3656 	3564 	3657
f 3564 	3555 	3657
f 3663 	726 	3661
f 2553 	3653 	2554
f 1054 	3659 	1057
f 3661 	1057 	3659
f 3660 	2554 	3653
f 3658 	3663 	3661
f 3658 	3661 	3659
f 3660 	2555 	2554
f 3666 	3638 	3665
f 3679 	3639 	3662
f 3660 	3664 	2555
f 3664 	3660 	10281
f 3524 	3564 	3656
f 3642 	3643 	3671
f 3671 	3672 	3642
f 3670 	3642 	3672
f 3672 	3690 	3670
f 3690 	3696 	3670
f 3616 	2917 	1639
f 3667 	3638 	3670
f 2555 	3664 	2556
f 3668 	2556 	3664
f 3668 	3664 	10281
f 3670 	3669 	3667
f 3656 	1639 	3524
f 3531 	3532 	1639
f 3671 	3666 	3672
f 3665 	3672 	3666
f 2556 	3668 	2557
f 3673 	2557 	3668
f 3566 	3662 	3607
f 3675 	730 	3674
f 3674 	730 	732
f 3673 	10281 	3676
f 734 	736 	3678
f 3677 	3678 	737
f 3677 	738 	3685
f 3673 	3676 	2558
f 3673 	2558 	2557
f 3674 	3678 	3675
f 3677 	3675 	3678
f 1889 	1894 	8727
f 3683 	729 	3675
f 3734 	3730 	8727
f 3680 	3681 	8727
f 3685 	3683 	3677
f 3652 	3767 	3651
f 734 	3678 	3674
f 734 	3674 	732
f 3658 	3659 	725
f 3684 	3686 	3563
f 3485 	3483 	3686
f 3675 	3677 	3683
f 3465 	3686 	3502
f 3566 	3679 	3662
f 3685 	726 	3663
f 3684 	3501 	3686
f 3679 	3566 	3725
f 3685 	3663 	3683
f 3658 	3683 	3663
f 3515 	3684 	3710
f 3665 	3638 	3689
f 3638 	3667 	3689
f 3681 	3734 	8727
f 3669 	3670 	3696
f 3203 	13325 	3688
f 3692 	3680 	1885
f 1896 	1885 	3680
f 3689 	3690 	3672
f 3689 	3672 	3665
f 3688 	3694 	3695
f 3485 	3686 	3465
f 3693 	3696 	3690
f 3693 	3690 	3689
f 3563 	3686 	3483
f 3693 	3689 	3667
f 3698 	3699 	3696
f 3698 	3696 	3693
f 3701 	3507 	3700
f 3506 	3700 	3507
f 3695 	3687 	3688
f 3507 	3701 	3508
f 3697 	4181 	3714
f 3944 	3699 	3698
f 3688 	13508 	3694
f 3703 	3636 	3702
f 3714 	3632 	3639
f 3706 	3644 	3704
f 3701 	3700 	3705
f 3705 	3710 	3701
f 3700 	3980 	3705
f 3704 	3703 	3702
f 3704 	3702 	3706
f 3512 	3705 	3513
f 3649 	3636 	3703
f 3650 	3704 	3644
f 3513 	3705 	3707
f 3513 	3707 	3516
f 3708 	3691 	3697
f 3704 	3650 	3703
f 3649 	3703 	3650
f 3516 	3707 	3954
f 3702 	3637 	3666
f 3682 	3709 	2550
f 3682 	2550 	2549
f 3518 	3515 	3710
f 3708 	3697 	3712
f 2229 	3713 	2230
f 3688 	3687 	3203
f 3680 	3692 	3681
f 3713 	2229 	3434
f 3196 	3203 	3687
f 2230 	3713 	2231
f 3713 	3594 	2231
f 2242 	3599 	3715
f 2243 	2242 	3715
f 1885 	1949 	3692
f 3712 	3697 	3714
f 2243 	3715 	2244
f 3599 	2242 	2226
f 3791 	3687 	3695
f 3639 	3655 	3714
f 2244 	3715 	3716
f 2244 	3716 	2246
f 3712 	3714 	3655
f 3592 	3594 	3599
f 3842 	3592 	3599
f 3719 	3734 	3692
f 3599 	3594 	3715
f 3716 	3715 	3713
f 3713 	3434 	3716
f 3736 	3708 	3712
f 3717 	3718 	3123
f 3594 	3713 	3715
f 3443 	3468 	3434
f 2257 	3720 	2247
f 1959 	3721 	3719
f 3123 	3718 	3723
f 1959 	3243 	3721
f 2254 	3724 	2255
f 3720 	2256 	3724
f 3243 	3739 	3721
f 3723 	3185 	3179
f 2250 	2249 	3726
f 2250 	3726 	2252
f 3727 	2252 	3726
f 2254 	3727 	3724
f 3723 	3718 	3728
f 3725 	1098 	3733
f 3692 	1954 	3719
f 2259 	2241 	3468
f 1639 	8727 	3729
f 3739 	3746 	3721
f 3731 	3733 	1128
f 3732 	3729 	8727
f 3730 	3719 	3732
f 3721 	3732 	3719
f 3721 	3729 	3732
f 3730 	3732 	8727
f 3681 	3692 	3734
f 3730 	3734 	3719
f 3489 	3633 	3568
f 3568 	3633 	3586
f 3758 	3733 	3731
f 3746 	1639 	3729
f 3753 	1639 	3745
f 3749 	3319 	1639
f 3627 	3464 	3580
f 3731 	616 	3313
f 3627 	3421 	3464
f 3687 	3791 	3717
f 3687 	3717 	3196
f 3745 	1639 	3746
f 3737 	3740 	3738
f 3742 	5441 	3741
f 3518 	3710 	3519
f 3519 	3710 	3705
f 3519 	3705 	3512
f 2916 	5441 	3742
f 3743 	3742 	3741
f 3751 	3655 	3744
f 3709 	3711 	2551
f 3709 	2551 	2550
f 1896 	3680 	8727
f 3711 	3654 	2552
f 3711 	2552 	2551
f 3744 	3655 	3679
f 10790 	2906 	10773
f 3745 	3746 	3739
f 3725 	3744 	3679
f 3729 	3721 	3746
f 3742 	3743 	2916
f 3747 	10794 	3750
f 3712 	3751 	3736
f 3750 	2563 	2562
f 3750 	2562 	3747
f 3751 	3712 	3655
f 3750 	10794 	3752
f 3749 	1639 	3753
f 3752 	2564 	2563
f 3752 	2563 	3750
f 3741 	5441 	3754
f 3752 	3651 	3755
f 3745 	3739 	3753
f 3735 	3753 	3739
f 3748 	3736 	3751
f 3755 	2565 	2564
f 3755 	2564 	3752
f 3735 	3749 	3753
f 3755 	3651 	3757
f 3763 	3651 	3764
f 3743 	3741 	3756
f 3754 	3756 	3741
f 2565 	3755 	2566
f 3757 	2566 	3755
f 3762 	3759 	3760
f 3531 	1639 	3540
f 3751 	3744 	3758
f 3757 	3651 	3761
f 2566 	3757 	2567
f 3761 	2567 	3757
f 2958 	3759 	3762
f 3761 	3651 	3763
f 3748 	3751 	3758
f 3724 	3727 	3907
f 3907 	3908 	3724
f 3722 	3907 	3727
f 3727 	3726 	3722
f 3446 	3722 	3726
f 2567 	3761 	2568
f 3763 	2568 	3761
f 3733 	3744 	3725
f 3744 	3733 	3758
f 2568 	3763 	2569
f 3764 	2569 	3763
f 3462 	3466 	3448
f 3448 	3446 	3462
f 3764 	3651 	3765
f 3682 	3767 	3652
f 3563 	3498 	3701
f 3508 	3701 	3498
f 2569 	3764 	2560
f 3765 	2560 	3764
f 3716 	3434 	3468
f 3765 	3651 	3767
f 3779 	3748 	3758
f 2560 	3765 	2561
f 3767 	2561 	3765
f 3842 	3599 	2260
f 3684 	3563 	3710
f 3701 	3710 	3563
f 3766 	3748 	3779
f 2261 	3846 	2262
f 3779 	3758 	3731
f 2266 	3842 	2260
f 3740 	3775 	3738
f 3777 	3559 	3776
f 3557 	3776 	3559
f 3473 	3562 	3493
f 3778 	3493 	3562
f 2267 	3876 	2268
f 3869 	3559 	3777
f 2352 	2268 	3876
f 3878 	2306 	2305
f 3778 	3777 	3492
f 3776 	3985 	3777
f 3313 	3779 	3731
f 3869 	3777 	3778
f 2316 	3890 	2317
f 3786 	3790 	3781
f 2317 	3890 	2318
f 3783 	3784 	3785
f 3783 	3785 	3786
f 3860 	3738 	3775
f 3784 	3783 	3781
f 3784 	3781 	3782
f 3783 	3786 	3781
f 2809 	2810 	1639
f 9910 	9121 	9942
f 3786 	3785 	3790
f 3789 	3790 	3785
f 3792 	3790 	3789
f 3792 	3789 	3793
f 3792 	3780 	3790
f 3780 	3781 	3790
f 3313 	3796 	3779
f 3788 	3780 	3792
f 3788 	3792 	3793
f 3770 	3825 	3769
f 3771 	3825 	3770
f 3772 	3825 	3771
f 3773 	3825 	3772
f 3774 	3825 	3773
f 3879 	3825 	3774
f 3772 	3771 	2570
f 2571 	2570 	3771
f 2572 	2573 	3768
f 3769 	3768 	2573
f 4058 	3795 	3794
f 2573 	2574 	3769
f 3770 	3769 	2574
f 2574 	2571 	3770
f 3771 	3770 	2571
f 3321 	3794 	3795
f 3737 	3738 	3823
f 2570 	2575 	3772
f 3773 	3772 	2575
f 2575 	2576 	3773
f 3774 	3773 	2576
f 3795 	3766 	3796
f 3737 	3823 	3787
f 3796 	3766 	3779
f 2576 	2631 	3774
f 2561 	3767 	2549
f 3682 	2549 	3767
f 3321 	3795 	3796
f 3695 	3737 	3787
f 3694 	3737 	3695
f 3312 	3321 	3796
f 3695 	3787 	3791
f 3702 	3666 	3671
f 3702 	3671 	3706
f 3796 	3313 	3312
f 3740 	3737 	3694
f 3317 	3794 	3320
f 3320 	3794 	3321
f 9837 	9836 	1168
f 3807 	3809 	3810
f 3810 	3811 	3807
f 3791 	3787 	3809
f 3791 	3809 	3807
f 3718 	3807 	3811
f 3547 	3589 	3815
f 3547 	3815 	3545
f 3814 	3545 	3815
f 3728 	3718 	3811
f 3717 	3791 	3807
f 3807 	3718 	3717
f 3546 	3816 	3819
f 3814 	3816 	3546
f 3815 	3817 	3814
f 3816 	3814 	3817
f 3810 	4029 	3811
f 3813 	3818 	3812
f 3817 	3851 	3816
f 3818 	3813 	3691
f 3818 	3691 	3708
f 4086 	4087 	3609
f 3836 	3819 	3816
f 3852 	3850 	3820
f 3851 	3817 	3820
f 3550 	3546 	3820
f 3819 	3820 	3546
f 3720 	3892 	2247
f 3799 	3800 	3798
f 3800 	3801 	3798
f 3801 	3802 	3798
f 3802 	3803 	3798
f 3803 	3804 	3798
f 3804 	3805 	3798
f 3805 	3806 	3798
f 3797 	3798 	3806
f 3769 	3825 	3768
f 3768 	3825 	3806
f 3874 	3875 	3879
f 3875 	3824 	3879
f 3824 	3825 	3879
f 3825 	3826 	3806
f 3827 	3806 	3826
f 3797 	3806 	3827
f 3819 	3852 	3820
f 3798 	3797 	2578
f 3798 	2578 	2577
f 3799 	3798 	2577
f 3799 	2577 	2579
f 3829 	3822 	3828
f 3821 	3828 	3822
f 3800 	3799 	2579
f 3800 	2579 	2580
f 3801 	3800 	2580
f 3801 	2580 	2582
f 3775 	3864 	3860
f 2584 	2583 	3803
f 3804 	3803 	2583
f 4085 	3602 	4084
f 2583 	2585 	3804
f 3805 	3804 	2585
f 2585 	2586 	3805
f 3806 	3805 	2586
f 4084 	3619 	4087
f 3802 	3801 	2582
f 3802 	2582 	2588
f 2352 	3903 	2353
f 2584 	3803 	3802
f 2584 	3802 	2588
f 2586 	2572 	3806
f 3768 	3806 	2572
f 3825 	3824 	2594
f 3825 	2594 	2593
f 3905 	2303 	2355
f 3833 	3899 	3832
f 3870 	3899 	3831
f 3831 	3889 	3830
f 3835 	3838 	3834
f 3835 	3819 	3837
f 3838 	3835 	3837
f 3838 	3839 	3834
f 3830 	3834 	3839
f 3826 	3825 	2593
f 3826 	2593 	2595
f 2353 	3903 	2354
f 3827 	3826 	2595
f 3827 	2595 	2598
f 3840 	3841 	3823
f 3841 	3787 	3823
f 3827 	2598 	3797
f 2578 	3797 	2598
f 3853 	3891 	3847
f 3850 	3852 	3849
f 3848 	3853 	3847
f 3849 	3853 	3848
f 3851 	3820 	3850
f 3872 	3845 	3891
f 3550 	3820 	3817
f 3815 	3550 	3817
f 3891 	3900 	3872
f 3853 	3849 	3852
f 3844 	3872 	3900
f 3846 	2261 	3592
f 2594 	3824 	2608
f 3875 	2608 	3824
f 10796 	10794 	3855
f 3854 	3855 	10794
f 3832 	3844 	3833
f 3843 	3833 	3844
f 3854 	2617 	2616
f 3854 	2616 	3855
f 3857 	3854 	10794
f 3857 	2618 	2617
f 3857 	2617 	3854
f 3858 	3840 	3823
f 3781 	4027 	3782
f 3858 	3738 	3860
f 3859 	2620 	2618
f 3859 	2618 	3857
f 3837 	3836 	3850
f 3851 	3850 	3836
f 3858 	3823 	3738
f 3859 	10794 	3861
f 3877 	10794 	3747
f 3836 	3816 	3851
f 3861 	2621 	2620
f 3861 	2620 	3859
f 3850 	3849 	3837
f 3838 	3837 	3849
f 3862 	3776 	3557
f 3863 	3862 	3557
f 3866 	3867 	3868
f 3866 	3868 	3869
f 3831 	3830 	3845
f 3847 	3845 	3830
f 3832 	3899 	3870
f 3869 	3868 	3559
f 3865 	10796 	3871
f 3845 	3847 	3891
f 3778 	3562 	3866
f 3867 	3866 	3562
f 3871 	2614 	2613
f 3871 	2613 	3865
f 3870 	3872 	3832
f 3844 	3832 	3872
f 3856 	2263 	3846
f 2262 	3846 	2263
f 3871 	10796 	3873
f 3855 	3873 	10796
f 3873 	2615 	2614
f 3873 	2614 	3871
f 2321 	3895 	2265
f 3873 	3855 	2615
f 2616 	2615 	3855
f 2265 	3842 	2266
f 2263 	3856 	3876
f 2263 	3876 	2267
f 3845 	3872 	3831
f 3870 	3831 	3872
f 4212 	2702 	3874
f 3875 	3874 	2606
f 3875 	2606 	2608
f 3861 	10794 	3877
f 3842 	3895 	3856
f 3842 	3856 	3846
f 3877 	2622 	2621
f 3877 	2621 	3861
f 3842 	3846 	3592
f 3876 	3856 	3895
f 3848 	3847 	3839
f 3830 	3839 	3847
f 2562 	2622 	3747
f 3877 	3747 	2622
f 4089 	3828 	4088
f 3760 	3880 	3762
f 3881 	3882 	3879
f 3882 	3883 	3879
f 3879 	3883 	3884
f 3879 	3884 	3885
f 3879 	3885 	3886
f 3879 	3886 	3887
f 3886 	3885 	2623
f 2624 	2623 	3885
f 2318 	3888 	2319
f 3852 	3835 	3853
f 3834 	3853 	3835
f 2623 	2626 	3886
f 3887 	3886 	2626
f 3899 	3833 	3896
f 3889 	3831 	3899
f 3834 	3830 	3889
f 4088 	3828 	3833
f 3883 	3882 	2629
f 3890 	3888 	2318
f 2630 	2629 	3882
f 3900 	3897 	3844
f 3843 	3844 	3897
f 3897 	3822 	3843
f 2310 	2247 	3892
f 3754 	5441 	3893
f 3879 	3774 	2631
f 3756 	3754 	3893
f 2310 	3892 	2316
f 3890 	2316 	3892
f 3853 	3834 	3891
f 3889 	3891 	3834
f 3881 	3879 	2633
f 2312 	2313 	3894
f 3888 	3894 	2313
f 2631 	2633 	3879
f 2321 	2312 	3894
f 3881 	2633 	2630
f 2319 	3888 	2313
f 3882 	3881 	2630
f 3883 	2629 	2635
f 3895 	2321 	3894
f 3821 	3833 	3828
f 3896 	3833 	3821
f 3760 	3759 	3942
f 3884 	3883 	2635
f 3842 	2265 	3895
f 4092 	3843 	3829
f 4091 	4092 	3829
f 2626 	2686 	3887
f 2303 	3878 	2305
f 3829 	3828 	4091
f 4089 	4091 	3828
f 3821 	3822 	3896
f 3897 	3896 	3822
f 3756 	3942 	3759
f 3836 	3837 	3819
f 3885 	3884 	2624
f 3895 	3894 	3876
f 3878 	3905 	3888
f 3888 	3890 	3878
f 2635 	2624 	3884
f 3819 	3835 	3852
f 3890 	3892 	3878
f 3676 	10281 	3898
f 3676 	2640 	2558
f 2640 	3676 	3898
f 3909 	3878 	3892
f 3900 	3891 	3899
f 3889 	3899 	3891
f 3880 	3760 	3950
f 3898 	10281 	3901
f 3905 	3903 	3888
f 2640 	3898 	2641
f 3901 	2641 	3898
f 3901 	10281 	3902
f 3899 	3896 	3897
f 3899 	3897 	3900
f 3839 	3838 	3848
f 3849 	3848 	3838
f 3901 	3902 	2642
f 3901 	2642 	2641
f 3902 	10281 	3904
f 3904 	10281 	3906
f 2642 	3902 	2638
f 3876 	3903 	2352
f 3904 	2638 	3902
f 3905 	2355 	2354
f 3822 	3829 	3843
f 2303 	3905 	3878
f 2638 	3904 	2639
f 3906 	2639 	3904
f 3843 	4092 	3833
f 3905 	2354 	3903
f 3756 	2973 	3743
f 3876 	3894 	3903
f 3894 	3888 	3903
f 3906 	2697 	2639
f 2358 	3907 	3722
f 3833 	4092 	4088
f 3756 	3759 	2973
f 2361 	3907 	2362
f 2360 	3908 	2361
f 3907 	2361 	3908
f 2362 	3907 	2358
f 3927 	3926 	2643
f 3620 	3609 	4087
f 2364 	3909 	3908
f 2364 	3908 	2360
f 2999 	2958 	3762
f 3929 	3927 	2645
f 3878 	3909 	2306
f 2366 	2306 	3909
f 3929 	2645 	3930
f 2669 	3931 	2647
f 2366 	3909 	2364
f 3620 	4087 	3619
f 3880 	3911 	3762
f 3892 	3720 	3909
f 3908 	3909 	3720
f 3720 	3724 	3908
f 3940 	2673 	2670
f 3880 	3910 	3911
f 2675 	2677 	3933
f 2678 	3934 	2677
f 3911 	2961 	2971
f 3913 	3698 	3912
f 3918 	4409 	2374
f 2678 	2681 	3935
f 3696 	3699 	3669
f 2684 	3936 	2681
f 3669 	3912 	3667
f 4075 	4406 	3918
f 3967 	4025 	3966
f 3911 	2999 	3762
f 3918 	2374 	2373
f 2961 	3911 	3910
f 3916 	3977 	3915
f 4134 	4075 	3917
f 2694 	4187 	2695
f 3911 	2971 	2999
f 3915 	3919 	3916
f 3920 	3916 	3919
f 4187 	4188 	2695
f 3667 	3912 	3693
f 3698 	3693 	3912
f 2375 	3921 	3922
f 2375 	3922 	2376
f 3880 	3923 	3910
f 4012 	3914 	3699
f 2376 	3922 	2377
f 3937 	5441 	3951
f 3939 	5441 	3937
f 4134 	3928 	2378
f 3941 	5441 	3939
f 3893 	5441 	3941
f 3879 	3887 	3924
f 3879 	3924 	3925
f 3879 	3925 	3926
f 3879 	3926 	3927
f 3879 	3927 	3929
f 3879 	3929 	3930
f 3879 	3930 	3931
f 3879 	3931 	3932
f 3879 	3932 	3933
f 3879 	3933 	3934
f 3879 	3934 	3935
f 3879 	3935 	3936
f 3879 	3936 	3938
f 3879 	3938 	3940
f 3940 	4210 	3879
f 3776 	3862 	4032
f 3942 	3941 	3939
f 3913 	4001 	3698
f 3778 	3866 	3869
f 2644 	2643 	3926
f 4014 	3780 	3788
f 3698 	3943 	3944
f 2643 	2645 	3927
f 3939 	3937 	3946
f 3939 	3946 	3942
f 2647 	3930 	2645
f 4000 	4008 	3943
f 3941 	3942 	3893
f 3756 	3893 	3942
f 3858 	3958 	3840
f 3860 	3970 	3964
f 3860 	3964 	3858
f 3760 	3942 	3946
f 3995 	3736 	3957
f 3864 	3970 	3860
f 3950 	3760 	3946
f 3950 	3923 	3880
f 3937 	3951 	3946
f 2378 	3928 	3917
f 2378 	3917 	2372
f 3949 	3956 	3978
f 3917 	3928 	4134
f 3995 	3957 	3949
f 3840 	3958 	3959
f 3913 	3669 	3914
f 3912 	3669 	3913
f 3957 	3736 	3748
f 3700 	3506 	3961
f 3914 	3669 	3699
f 3962 	3840 	3959
f 3492 	3963 	3471
f 3956 	3949 	3957
f 4001 	3913 	3914
f 3958 	3858 	3964
f 3957 	3748 	3766
f 3915 	3967 	3982
f 3981 	3982 	3967
f 3966 	3981 	3967
f 3965 	3966 	4025
f 3969 	4020 	3968
f 3965 	4020 	3969
f 3957 	3766 	3956
f 3955 	3954 	3971
f 3707 	3971 	3954
f 3955 	3971 	2957
f 2957 	2834 	3955
f 3972 	3977 	3983
f 3975 	4022 	3974
f 3974 	4022 	3973
f 3984 	3983 	3977
f 4009 	4019 	4078
f 3977 	3972 	4028
f 3977 	3916 	3984
f 3920 	3984 	3916
f 3000 	3976 	3948
f 3970 	4632 	4633
f 3979 	3960 	3948
f 3979 	3948 	3976
f 3973 	3972 	3966
f 3973 	3966 	3965
f 3960 	3979 	3961
f 3980 	3961 	3979
f 3919 	3915 	3982
f 4053 	3952 	3978
f 3961 	3980 	3700
f 3973 	4028 	3972
f 3981 	3966 	3972
f 3981 	3972 	3983
f 3983 	3984 	3982
f 3983 	3982 	3981
f 3970 	3864 	3953
f 3971 	3707 	3976
f 3000 	3971 	3976
f 3980 	3979 	3707
f 3979 	3976 	3707
f 3707 	3705 	3980
f 2957 	3971 	3000
f 3964 	4631 	3958
f 3956 	3766 	3795
f 3963 	3492 	3985
f 4032 	3963 	3985
f 3986 	3808 	3812
f 3492 	3777 	3985
f 4032 	3985 	3776
f 3808 	3986 	4002
f 3921 	2417 	4485
f 3995 	4024 	3818
f 2415 	3993 	3989
f 2415 	3989 	2413
f 2417 	3921 	2375
f 3959 	3991 	3962
f 2411 	4485 	2417
f 3995 	3818 	3708
f 3967 	3915 	3977
f 4000 	4005 	4015
f 3943 	3698 	4001
f 3943 	4003 	4000
f 4003 	3943 	4001
f 4005 	4000 	4004
f 4003 	4004 	4000
f 4077 	4015 	4005
f 4009 	4010 	4008
f 4010 	4011 	4008
f 3944 	4008 	4011
f 3699 	3944 	4012
f 4011 	4012 	3944
f 3944 	3943 	4008
f 4008 	4019 	4009
f 3841 	3840 	3962
f 4002 	3986 	4016
f 4008 	4000 	4019
f 4015 	4019 	4000
f 4015 	3968 	4020
f 4025 	4020 	3965
f 4028 	3973 	4022
f 4022 	3975 	4019
f 3986 	4023 	4016
f 4019 	4015 	4022
f 4020 	4022 	4015
f 3812 	4024 	3986
f 4033 	4027 	4026
f 4027 	3781 	4026
f 3780 	4026 	3781
f 4024 	3812 	3818
f 4017 	3782 	4027
f 4025 	4028 	4022
f 4025 	4022 	4020
f 4033 	4007 	4030
f 4031 	4027 	4030
f 4033 	4030 	4027
f 4023 	3986 	4024
f 4017 	4027 	4031
f 4017 	4031 	4018
f 3841 	3809 	3787
f 3977 	4028 	3967
f 4025 	3967 	4028
f 4031 	4030 	4007
f 4031 	4007 	4018
f 3914 	4012 	4001
f 4024 	3995 	3949
f 4021 	4032 	3862
f 4021 	3862 	3863
f 4003 	4001 	4011
f 4012 	4011 	4001
f 4021 	3963 	4032
f 4023 	4024 	3949
f 3780 	4014 	4026
f 3736 	3995 	3708
f 4006 	4007 	4033
f 4034 	4013 	4033
f 4006 	4033 	4013
f 4013 	4034 	4026
f 4013 	4026 	4014
f 4004 	4003 	4010
f 4011 	4010 	4003
f 4034 	4033 	4026
f 4016 	4023 	3952
f 4010 	4009 	4005
f 4010 	4005 	4004
f 4045 	4016 	3952
f 4069 	2423 	2422
f 3978 	4023 	3949
f 3952 	4023 	3978
f 4160 	3923 	3950
f 4169 	4040 	4037
f 4039 	4002 	4016
f 4073 	2430 	2429
f 4169 	4041 	4040
f 2433 	2471 	4065
f 4039 	4045 	4044
f 4043 	3910 	3923
f 2433 	4065 	2419
f 2440 	4200 	2441
f 4016 	4045 	4039
f 2443 	2441 	4197
f 4046 	4048 	4047
f 2443 	4197 	2458
f 4043 	4049 	3910
f 2377 	4201 	2447
f 2447 	4201 	2445
f 4043 	4050 	4049
f 4051 	4050 	4047
f 2377 	3922 	4201
f 4054 	4041 	4038
f 4045 	4099 	4044
f 4047 	4048 	4051
f 4066 	3489 	4048
f 3489 	3490 	4048
f 2455 	4205 	2456
f 2456 	4206 	2457
f 4048 	3490 	4051
f 4037 	4040 	4057
f 4041 	4054 	4055
f 3494 	3495 	4051
f 4056 	4057 	4040
f 4052 	4045 	3952
f 4055 	4056 	4041
f 4040 	4041 	4056
f 4053 	4052 	3952
f 4057 	4056 	4055
f 4057 	4055 	4054
f 4278 	4413 	2460
f 2485 	2460 	4413
f 4058 	3978 	3956
f 2458 	4278 	2460
f 3978 	4058 	4053
f 2462 	4204 	2450
f 2463 	4282 	2461
f 4064 	2420 	4065
f 2419 	4065 	2420
f 3956 	3795 	4058
f 2420 	4064 	2421
f 4064 	2422 	2421
f 4046 	4066 	4048
f 2422 	4064 	4069
f 2431 	2423 	4069
f 3930 	2647 	3931
f 2428 	4074 	2429
f 4073 	2429 	4074
f 4094 	4058 	3794
f 4074 	2427 	4075
f 2425 	4075 	2427
f 2673 	3940 	3938
f 4077 	4005 	4009
f 2675 	3932 	2669
f 3931 	2669 	3932
f 3933 	3932 	2675
f 3968 	3975 	3974
f 3968 	3974 	3969
f 3968 	4015 	4077
f 4078 	4019 	3975
f 3933 	2677 	3934
f 4078 	3975 	4077
f 3968 	4077 	3975
f 4078 	4077 	4009
f 3935 	3934 	2678
f 3991 	4079 	3962
f 3974 	3973 	3965
f 3974 	3965 	3969
f 4080 	4081 	4082
f 3935 	2681 	3936
f 3982 	1059 	3919
f 1061 	3919 	1059
f 1062 	1063 	3920
f 3984 	3920 	1063
f 4083 	4052 	4053
f 1059 	3982 	1063
f 3984 	1063 	3982
f 2673 	3938 	2684
f 3920 	3919 	1062
f 1061 	1062 	3919
f 4076 	4052 	4083
f 3936 	2684 	3938
f 3924 	3887 	2686
f 3925 	3924 	2688
f 4090 	4080 	4082
f 2686 	2688 	3924
f 4093 	4079 	4090
f 3926 	3925 	2644
f 4097 	3962 	4079
f 2688 	2644 	3925
f 4094 	4053 	4058
f 4079 	4093 	4097
f 4087 	4086 	4085
f 4087 	4085 	4084
f 4083 	4053 	4094
f 4092 	4091 	4089
f 4092 	4089 	4088
f 2697 	4096 	2698
f 4082 	4093 	4090
f 3317 	4094 	3794
f 2961 	3910 	4049
f 4049 	4050 	3495
f 4042 	4044 	4104
f 3509 	4049 	3495
f 3841 	3962 	4097
f 4051 	3495 	4050
f 4029 	4093 	4082
f 3810 	4097 	4093
f 4099 	4104 	4044
f 4049 	3509 	2961
f 4097 	3810 	3809
f 4045 	4052 	4099
f 4029 	3810 	4093
f 4097 	3809 	3841
f 3489 	4066 	3633
f 4098 	4102 	4100
f 4042 	4104 	4098
f 4102 	4098 	4104
f 3629 	3628 	4101
f 4119 	4104 	4099
f 4112 	4113 	4110
f 4102 	4104 	4119
f 4076 	4099 	4052
f 4110 	4105 	4112
f 4415 	4080 	4090
f 4118 	4113 	4116
f 4113 	4112 	4116
f 4066 	4118 	3633
f 4102 	4119 	4383
f 4131 	9026 	4122
f 3633 	4118 	4116
f 4383 	4119 	4384
f 3628 	3627 	4105
f 4122 	4126 	4125
f 4119 	4099 	4076
f 4119 	4076 	4384
f 3189 	3185 	4126
f 4105 	3627 	4112
f 4129 	4125 	3185
f 2427 	4074 	2428
f 4125 	4132 	4131
f 4125 	4131 	4122
f 4134 	2431 	4069
f 4132 	4133 	4131
f 2431 	4134 	2432
f 2378 	2432 	4134
f 4135 	4136 	4137
f 4065 	4073 	4064
f 4069 	4064 	4073
f 4073 	4074 	4069
f 4075 	4134 	4074
f 4069 	4074 	4134
f 4135 	4137 	4264
f 4066 	4046 	4300
f 3918 	3917 	4075
f 4129 	3728 	4136
f 4300 	4118 	4066
f 4135 	4129 	4136
f 4129 	3723 	3728
f 4223 	4128 	4227
f 4112 	3580 	4116
f 4227 	4128 	4233
f 4233 	4128 	4234
f 3586 	4116 	3580
f 3627 	3580 	4112
f 4264 	4132 	4135
f 3586 	3633 	4116
f 4135 	4125 	4129
f 4132 	4125 	4135
f 4195 	4128 	4214
f 3185 	3723 	4129
f 4128 	4130 	4214
f 4101 	3628 	4105
f 765 	3558 	4130
f 396 	4147 	4148
f 396 	4148 	395
f 4214 	4130 	3558
f 397 	4149 	4150
f 4150 	4147 	397
f 396 	397 	4147
f 4148 	4147 	4149
f 4150 	4149 	4147
f 4149 	398 	4148
f 3946 	3951 	4155
f 4152 	4155 	3951
f 4037 	1186 	4169
f 4159 	4160 	4161
f 4169 	1186 	4171
f 1187 	4171 	1186
f 4038 	4041 	1187
f 4222 	1204 	4176
f 4235 	1211 	4167
f 4160 	4159 	3923
f 4161 	4168 	4159
f 4155 	3950 	3946
f 4155 	4160 	3950
f 1187 	4041 	4171
f 4128 	4186 	4174
f 4095 	2698 	4096
f 4249 	4174 	4181
f 2698 	4095 	2694
f 4184 	2694 	4095
f 2694 	4184 	4187
f 4174 	4186 	4181
f 4186 	4157 	3632
f 2696 	2695 	4188
f 4043 	3923 	4159
f 4181 	4186 	3632
f 3622 	3632 	4157
f 4096 	2697 	3906
f 4197 	2441 	4200
f 4152 	4194 	4155
f 2710 	2709 	4198
f 4199 	4198 	2709
f 2445 	4201 	4200
f 2440 	2445 	4200
f 2711 	2710 	4202
f 4198 	4202 	2710
f 5100 	5101 	4194
f 4202 	4203 	2711
f 2703 	2711 	4203
f 2454 	4205 	2455
f 4206 	2456 	4205
f 4203 	3865 	2703
f 2613 	2703 	3865
f 4167 	4221 	4176
f 7309 	4207 	4208
f 4169 	4171 	4041
f 2707 	2706 	4207
f 4208 	4207 	2706
f 4168 	4161 	5107
f 4207 	4209 	2707
f 2708 	2707 	4209
f 4344 	4136 	3728
f 1189 	1194 	4176
f 4213 	4176 	1194
f 4209 	4199 	2708
f 2709 	2708 	4199
f 4210 	4211 	3879
f 4211 	4212 	3879
f 3874 	3879 	4212
f 3940 	2670 	4210
f 4195 	3622 	4157
f 2699 	4210 	2670
f 4216 	1198 	1197
f 4211 	4210 	2699
f 4211 	2699 	2700
f 4195 	3648 	3622
f 4212 	4211 	2700
f 4212 	2700 	2702
f 4188 	7316 	4215
f 4214 	3648 	4195
f 4216 	4235 	4213
f 4176 	4213 	4167
f 2701 	2696 	4215
f 4188 	4215 	2696
f 4214 	3558 	3648
f 1206 	4232 	1197
f 1197 	4217 	4216
f 2606 	3874 	2702
f 4249 	4181 	3697
f 4217 	4235 	4216
f 4215 	7313 	4218
f 1200 	4219 	4220
f 1200 	4220 	1201
f 4215 	4218 	2701
f 1194 	1201 	4213
f 4220 	4213 	1201
f 2705 	2701 	4218
f 4208 	4218 	7309
f 1203 	4221 	4167
f 1203 	4167 	1185
f 3714 	4181 	3632
f 1189 	4176 	1204
f 2706 	2705 	4208
f 4218 	4208 	2705
f 1204 	4222 	4221
f 1204 	4221 	1203
f 4225 	4226 	4224
f 4224 	4226 	150
f 4219 	4216 	4220
f 4213 	4220 	4216
f 4222 	4176 	4221
f 1200 	4216 	4219
f 1198 	4216 	1200
f 4228 	4229 	4230
f 4228 	4230 	4231
f 4217 	1197 	4232
f 4232 	1206 	4236
f 1214 	4236 	1206
f 4232 	4236 	4217
f 4226 	7126 	150
f 1185 	4167 	1211
f 4133 	4132 	4279
f 1211 	4235 	4236
f 1211 	4236 	1214
f 4234 	4128 	4153
f 4167 	4213 	4235
f 4235 	4217 	4236
f 4153 	4128 	4174
f 4157 	4186 	4128
f 4157 	4128 	4195
f 2450 	4204 	2451
f 4223 	4227 	4244
f 4223 	4244 	4242
f 1647 	1662 	8739
f 4271 	1371 	4247
f 8734 	1647 	8739
f 4233 	4246 	4227
f 4244 	4227 	4246
f 4241 	1364 	4243
f 1366 	4243 	1364
f 1367 	1372 	4245
f 4159 	4168 	4238
f 4238 	4168 	4240
f 4238 	4043 	4159
f 4238 	4240 	4047
f 4237 	1301 	4239
f 1363 	4239 	1301
f 4238 	4047 	4050
f 4253 	4233 	4234
f 4047 	4240 	4046
f 4233 	4253 	4246
f 4043 	4238 	4050
f 4253 	4234 	4248
f 4153 	4248 	4234
f 4153 	4249 	4248
f 4249 	4153 	4174
f 1662 	1660 	8706
f 4245 	4274 	4247
f 4271 	4247 	4274
f 1369 	1377 	4267
f 1369 	4267 	1373
f 4268 	1373 	4267
f 1368 	4247 	1371
f 8733 	8739 	1662
f 1371 	4271 	4274
f 1371 	4274 	1372
f 8734 	1640 	1647
f 4276 	1374 	4268
f 1373 	4268 	1374
f 4244 	4246 	4318
f 4250 	4252 	4251
f 4274 	4245 	1372
f 1377 	4280 	4267
f 4318 	4246 	4319
f 4293 	1379 	1378
f 4319 	4246 	4253
f 4254 	4251 	4252
f 1381 	4295 	1382
f 4252 	4240 	4254
f 4300 	4252 	4250
f 1383 	4296 	1381
f 1382 	4295 	1385
f 4249 	3691 	4248
f 4295 	4299 	1385
f 4168 	4254 	4240
f 3691 	3813 	4248
f 5040 	1584 	4302
f 4250 	4251 	4255
f 4305 	1392 	1391
f 1392 	4305 	1393
f 4263 	2452 	4204
f 2451 	4204 	2452
f 11211 	4261 	4262
f 2452 	4263 	2453
f 4205 	2454 	4263
f 2453 	4263 	2454
f 4133 	9026 	4131
f 4279 	9026 	4133
f 4264 	4270 	4132
f 3922 	4263 	4201
f 4201 	4263 	4200
f 3922 	3921 	4205
f 4272 	11208 	4273
f 4205 	3921 	4206
f 4277 	11208 	4269
f 4205 	4263 	3922
f 4204 	4200 	4263
f 4268 	4267 	4276
f 4262 	4266 	11211
f 4281 	9026 	4279
f 4283 	9026 	4281
f 2458 	4197 	4278
f 4279 	4132 	4270
f 4277 	4275 	11208
f 4275 	4273 	11208
f 4285 	9026 	4283
f 2462 	2461 	4288
f 4282 	4288 	2461
f 4293 	1378 	4287
f 4290 	4283 	4270
f 4281 	4270 	4283
f 2462 	4288 	4204
f 1380 	4280 	1377
f 1379 	4293 	1380
f 4280 	1380 	4293
f 4413 	4278 	4282
f 4278 	4197 	4288
f 4200 	4204 	4197
f 4290 	4285 	4283
f 4291 	4286 	5564
f 4286 	4284 	5564
f 4289 	11211 	4284
f 4305 	4304 	4293
f 4301 	4305 	4287
f 4293 	4287 	4305
f 4281 	4279 	4270
f 4256 	4250 	4255
f 4291 	5564 	4292
f 4256 	4294 	4250
f 4295 	1381 	4296
f 4256 	4297 	4294
f 1386 	1385 	4299
f 4287 	1388 	4299
f 1386 	4299 	1388
f 1388 	4287 	1378
f 4298 	4270 	4264
f 4302 	1394 	4301
f 1393 	4301 	1394
f 4290 	4270 	4298
f 1394 	4302 	1395
f 1391 	4304 	4305
f 4300 	4250 	4294
f 4305 	4301 	1393
f 4252 	4046 	4240
f 1390 	1374 	4276
f 1391 	1390 	4304
f 4304 	1390 	4276
f 4252 	4300 	4046
f 4287 	4299 	4301
f 4299 	4295 	4301
f 4302 	4301 	4295
f 4113 	4294 	4297
f 8583 	4260 	8759
f 3691 	4249 	3697
f 4294 	4113 	4118
f 4304 	4276 	4280
f 4280 	4293 	4304
f 4297 	4110 	4113
f 4267 	4280 	4276
f 4118 	4300 	4294
f 4310 	4306 	4307
f 1678 	1398 	4311
f 4311 	4312 	5296
f 1405 	1672 	4312
f 5296 	4312 	1672
f 4282 	4278 	4288
f 4288 	4197 	4204
f 4073 	2464 	2430
f 4168 	5107 	4254
f 4242 	4328 	4313
f 4244 	4318 	4328
f 4308 	4309 	4310
f 4316 	4310 	4317
f 4395 	2476 	2467
f 4306 	4382 	4307
f 4307 	4382 	4320
f 3813 	4253 	4248
f 2469 	4400 	2470
f 4399 	4065 	2471
f 4253 	3813 	4319
f 4257 	4322 	4324
f 4323 	4324 	4322
f 4313 	4327 	4325
f 4328 	4242 	4244
f 4327 	4313 	4328
f 4408 	2479 	2478
f 2479 	4408 	2480
f 4410 	2480 	4408
f 4328 	4318 	4340
f 2481 	2480 	4410
f 4332 	4334 	4331
f 4410 	2473 	2481
f 4329 	4264 	4137
f 3808 	4318 	4319
f 4329 	4298 	4264
f 4331 	4338 	4290
f 3808 	4319 	3812
f 3812 	4319 	3813
f 4332 	4331 	4290
f 4298 	4332 	4290
f 4272 	4273 	4326
f 4285 	4290 	4338
f 4328 	4340 	4327
f 4343 	4327 	4340
f 4336 	4266 	4335
f 3808 	4340 	4318
f 4002 	4340 	3808
f 4339 	4337 	11345
f 4259 	4289 	4333
f 4342 	4325 	4327
f 4335 	4261 	4333
f 4259 	4333 	4261
f 4335 	4262 	4261
f 4325 	4342 	4341
f 4332 	4366 	4334
f 4284 	4330 	4289
f 4343 	4342 	4327
f 4265 	4266 	4336
f 4269 	4265 	4336
f 4269 	4336 	4337
f 4339 	4326 	4273
f 4340 	4002 	4343
f 4273 	4275 	4339
f 4277 	4269 	4337
f 3811 	4344 	3728
f 4262 	4335 	4266
f 4339 	4275 	4337
f 4277 	4337 	4275
f 4355 	4356 	4344
f 4346 	4342 	4343
f 4286 	4330 	4284
f 3811 	4029 	4344
f 4291 	4292 	4347
f 4333 	4289 	4330
f 4291 	4347 	4286
f 4330 	4286 	4347
f 4137 	4356 	4354
f 4343 	4039 	4346
f 4347 	11239 	4330
f 4344 	4356 	4136
f 4039 	4343 	4002
f 4137 	4136 	4356
f 4348 	4081 	4349
f 4225 	7126 	4226
f 4345 	4351 	4350
f 4352 	4341 	4342
f 4341 	4352 	4345
f 4352 	4342 	4346
f 4351 	4345 	4352
f 4349 	4353 	4348
f 4352 	4346 	4042
f 4351 	4352 	4042
f 4348 	4353 	4354
f 4044 	4346 	4039
f 4042 	4346 	4044
f 4355 	4082 	4081
f 4081 	4348 	4355
f 4029 	4082 	4355
f 4356 	4355 	4348
f 4348 	4354 	4356
f 4358 	4359 	1403
f 4358 	1403 	1401
f 4355 	4344 	4029
f 4359 	4358 	4312
f 4359 	4312 	4311
f 1399 	4314 	4357
f 1399 	4357 	1400
f 4137 	4354 	4329
f 4364 	4353 	4362
f 4363 	4364 	4362
f 4363 	4365 	4364
f 4364 	4354 	4353
f 4363 	4366 	4365
f 4364 	4329 	4354
f 4364 	4365 	4329
f 4365 	4366 	4332
f 4298 	4365 	4332
f 4298 	4329 	4365
f 4503 	4369 	4306
f 4587 	4588 	4377
f 4547 	4334 	4366
f 4098 	4351 	4042
f 4350 	4351 	4375
f 4367 	4306 	4369
f 4381 	4306 	4367
f 4368 	4503 	4371
f 4369 	4503 	4368
f 4370 	4371 	4503
f 3964 	3970 	4633
f 4098 	4375 	4351
f 4632 	3970 	3953
f 5612 	5611 	4368
f 4372 	4374 	4373
f 4350 	4375 	4372
f 4374 	4372 	4375
f 5614 	5613 	4371
f 4100 	4375 	4098
f 4375 	4100 	4374
f 4640 	3958 	4631
f 5610 	5609 	4369
f 4640 	3959 	3958
f 4373 	4374 	4393
f 4633 	4631 	3964
f 4393 	4374 	4376
f 4376 	4374 	4100
f 4387 	4100 	4102
f 4100 	4387 	4376
f 4379 	3991 	4665
f 4380 	4590 	4382
f 4381 	4382 	4306
f 4378 	4598 	4377
f 4586 	4587 	4377
f 4076 	4385 	4384
f 5618 	4378 	4377
f 4385 	4076 	4083
f 4386 	4385 	4083
f 4386 	4083 	4094
f 2485 	4413 	2482
f 4386 	4094 	3317
f 2486 	2490 	4414
f 2486 	4414 	2487
f 2487 	4414 	4282
f 2487 	4282 	2463
f 4387 	4102 	4383
f 4376 	4387 	6243
f 2498 	4419 	2491
f 2503 	4424 	2498
f 6246 	6245 	4384
f 4385 	6248 	4384
f 4419 	2498 	4424
f 4390 	4310 	4391
f 4390 	4389 	4310
f 4389 	4388 	4310
f 4309 	4317 	4310
f 2512 	4426 	2488
f 4373 	4393 	4392
f 4395 	2467 	4394
f 2466 	4394 	2467
f 4073 	4396 	2464
f 4397 	2465 	2464
f 4397 	2464 	4396
f 5622 	5621 	4380
f 4393 	4376 	6242
f 2465 	4397 	2466
f 4394 	2466 	4397
f 4075 	2425 	2475
f 2470 	4399 	2471
f 2239 	2049 	4398
f 2470 	4400 	4399
f 4398 	4401 	4321
f 2469 	2473 	4400
f 2051 	4398 	2049
f 4394 	4397 	4410
f 4400 	4410 	4397
f 4399 	4400 	4397
f 4410 	4408 	4394
f 4397 	4396 	4399
f 4065 	4399 	4396
f 4073 	4065 	4396
f 2476 	4395 	4405
f 2474 	2476 	4405
f 4398 	2051 	4401
f 2475 	4406 	4075
f 4402 	4407 	4401
f 4405 	4406 	2474
f 2475 	2474 	4406
f 4408 	2478 	4409
f 2477 	4409 	2478
f 4401 	2051 	4402
f 2477 	2374 	4409
f 4403 	4407 	4402
f 2473 	4410 	4400
f 4395 	4394 	4408
f 4408 	4409 	4395
f 4405 	4395 	4409
f 3918 	4406 	4409
f 4405 	4409 	4406
f 2482 	4411 	2483
f 2483 	4411 	2484
f 4411 	2482 	4413
f 3327 	3333 	4422
f 2488 	4412 	2489
f 2489 	4412 	2490
f 4414 	2490 	4412
f 4379 	4079 	3991
f 4412 	4411 	4414
f 4411 	4413 	4414
f 4282 	4414 	4413
f 2492 	2491 	4416
f 4311 	1398 	4359
f 1403 	4359 	1398
f 1405 	4312 	4358
f 1405 	4358 	1401
f 1399 	5382 	4314
f 2491 	4419 	4416
f 5386 	4357 	5382
f 4314 	5382 	4357
f 1408 	4443 	4420
f 4443 	4448 	4420
f 4080 	4415 	4417
f 1301 	4237 	1418
f 4439 	1418 	4237
f 1411 	4431 	1412
f 4421 	4080 	4417
f 4421 	4081 	4080
f 4379 	4415 	4090
f 4090 	4079 	4379
f 2509 	4418 	2510
f 2503 	2484 	4424
f 2484 	4411 	4424
f 4425 	3333 	3325
f 4425 	4422 	3333
f 4433 	1415 	1413
f 2510 	4418 	2511
f 4426 	2511 	4418
f 3428 	4425 	3325
f 2511 	4426 	2512
f 4431 	1411 	4433
f 1415 	4433 	1411
f 4412 	2488 	4426
f 2492 	4416 	2513
f 2676 	2513 	4619
f 1412 	4430 	1410
f 4418 	4416 	4426
f 4412 	4426 	4419
f 4412 	4419 	4424
f 4411 	4412 	4424
f 4416 	4419 	4426
f 2516 	4456 	2518
f 4456 	4486 	2518
f 4456 	2516 	2587
f 4427 	3300 	4429
f 1408 	1419 	4443
f 4431 	4432 	1412
f 5359 	4521 	4524
f 4421 	4423 	4349
f 4428 	4407 	4403
f 4349 	4081 	4421
f 4404 	4427 	4428
f 4404 	4428 	4403
f 4404 	3300 	4427
f 4489 	2596 	2601
f 3327 	4422 	4429
f 4206 	4490 	2457
f 4489 	2601 	2600
f 4435 	4434 	4493
f 3060 	3993 	2076
f 3300 	3327 	4429
f 4506 	4512 	4432
f 4432 	4431 	4506
f 4433 	4506 	4431
f 4438 	4463 	1446
f 4430 	1412 	4432
f 4436 	4476 	4321
f 4438 	1446 	4437
f 1419 	1438 	4443
f 4441 	4437 	1446
f 4237 	4672 	4439
f 4441 	1446 	4440
f 4427 	4444 	4428
f 4440 	1446 	4472
f 4451 	4458 	4449
f 4461 	4458 	4451
f 4448 	4449 	4420
f 1426 	4449 	4448
f 1426 	4448 	1428
f 1429 	4461 	4451
f 1429 	4451 	4502
f 4444 	4614 	4446
f 2590 	2518 	4486
f 4502 	4451 	4449
f 4321 	4401 	4436
f 1431 	4458 	4548
f 4407 	4446 	4436
f 4480 	4805 	4479
f 1408 	4420 	1431
f 4548 	4458 	4461
f 4407 	4428 	4446
f 4401 	4407 	4436
f 4446 	4428 	4444
f 4458 	1431 	4420
f 4420 	4449 	4458
f 2234 	1446 	4463
f 1433 	4461 	1429
f 4464 	4466 	4468
f 4463 	4469 	2234
f 4469 	4450 	2234
f 4452 	2234 	4450
f 4502 	1436 	1429
f 1436 	4502 	1435
f 4468 	2385 	4464
f 1446 	4128 	4472
f 4468 	2391 	2385
f 4474 	4472 	4128
f 4473 	4474 	4128
f 4476 	4477 	4466
f 4509 	1624 	1450
f 4475 	4473 	4128
f 4476 	4466 	4464
f 4513 	1410 	4430
f 1448 	1447 	4512
f 4513 	1442 	1410
f 4464 	4321 	4476
f 1442 	4513 	1447
f 4512 	1447 	4513
f 4464 	4482 	4321
f 1457 	4515 	1458
f 4476 	4483 	4477
f 1456 	4515 	1457
f 1452 	1460 	4516
f 4483 	4476 	4436
f 4517 	4456 	2587
f 4436 	4446 	4483
f 2589 	4485 	2411
f 2590 	4486 	2591
f 2239 	4398 	4482
f 2591 	4486 	2592
f 4485 	2592 	4486
f 4482 	4398 	4321
f 2592 	4485 	2589
f 4423 	4421 	5083
f 2597 	4487 	2602
f 4488 	2603 	2602
f 4488 	2602 	4487
f 4466 	4683 	4468
f 4484 	2604 	4488
f 2603 	4488 	2604
f 4478 	7316 	4481
f 2604 	4484 	2605
f 2596 	4487 	2597
f 4487 	2596 	4489
f 2600 	2457 	4490
f 4489 	2600 	4490
f 4592 	4484 	4517
f 4484 	4488 	4517
f 4456 	4517 	4488
f 4434 	4491 	4493
f 4477 	4613 	4685
f 4464 	2385 	4482
f 4488 	4487 	4456
f 4485 	4486 	4489
f 4487 	4489 	4486
f 4486 	4456 	4487
f 2403 	4482 	2385
f 4491 	4520 	4493
f 4490 	4485 	4489
f 2728 	4468 	4683
f 4503 	4306 	4310
f 4206 	3921 	4490
f 4485 	4490 	3921
f 2728 	2391 	4468
f 2403 	2239 	4482
f 4496 	2610 	4495
f 2609 	4495 	2610
f 4435 	4494 	4423
f 2610 	4496 	3062
f 4315 	4310 	4316
f 4435 	4493 	4494
f 2612 	4498 	4495
f 4495 	2609 	2612
f 2611 	4498 	2612
f 4626 	4498 	2619
f 4498 	2611 	2619
f 5622 	4380 	5623
f 3060 	4496 	3993
f 4495 	3989 	3993
f 4495 	3993 	4496
f 1464 	4519 	1461
f 4515 	4516 	1458
f 4626 	4618 	4498
f 4495 	4498 	3989
f 4517 	2587 	2625
f 2627 	4529 	2628
f 4615 	4529 	2668
f 2627 	2668 	4529
f 4391 	4310 	4315
f 1426 	1435 	4449
f 4499 	4449 	1435
f 2625 	2628 	4517
f 4504 	1438 	4448
f 4501 	4546 	4500
f 4502 	4499 	1435
f 2661 	4592 	2662
f 4503 	4500 	4370
f 4504 	4443 	1438
f 1428 	4448 	1438
f 2605 	4484 	2661
f 4449 	4499 	4502
f 4448 	4443 	4504
f 4506 	4433 	4505
f 4430 	4432 	4512
f 1448 	4506 	1449
f 4505 	1449 	4506
f 2666 	2676 	4619
f 7440 	4481 	7316
f 2667 	2666 	4608
f 2672 	4615 	2668
f 4608 	2671 	2667
f 4505 	4509 	1450
f 4505 	1450 	1449
f 4618 	4626 	2674
f 4416 	4619 	2513
f 1445 	1444 	4510
f 4512 	4506 	1448
f 4433 	5116 	4505
f 4512 	4513 	4430
f 3062 	2078 	2610
f 1465 	4522 	1456
f 4349 	4423 	4494
f 2674 	2413 	3989
f 4575 	1452 	4516
f 4494 	4353 	4349
f 2685 	4626 	2619
f 4494 	4362 	4353
f 4518 	4519 	1463
f 1464 	1463 	4519
f 7430 	7436 	4455
f 4516 	4515 	4518
f 4519 	4518 	4515
f 4519 	4515 	5127
f 4518 	4580 	4516
f 4493 	4362 	4494
f 1460 	1458 	4516
f 4455 	4459 	7430
f 1445 	4510 	4522
f 4520 	4362 	4493
f 1445 	4522 	1465
f 4515 	1456 	4522
f 4510 	5129 	4522
f 4196 	7439 	4189
f 4522 	5127 	4515
f 1467 	1431 	4548
f 7426 	7428 	4460
f 4459 	4460 	7428
f 4549 	1468 	4548
f 1467 	4548 	1468
f 4462 	7427 	4460
f 7426 	4460 	7427
f 4549 	4461 	1468
f 1468 	4461 	1433
f 4462 	4471 	7427
f 4459 	7428 	7430
f 4523 	4530 	4492
f 7438 	4193 	4191
f 1475 	1478 	4572
f 7440 	4196 	4453
f 4453 	4481 	7440
f 1453 	1452 	4575
f 4575 	4572 	1478
f 4575 	1478 	1453
f 13104 	13275 	4525
f 4492 	4526 	4491
f 4580 	1484 	1483
f 1482 	4578 	1483
f 4363 	4520 	4527
f 4528 	4530 	4523
f 4624 	4569 	1485
f 4530 	4526 	4492
f 7487 	4163 	4457
f 4533 	5494 	4532
f 4520 	4491 	4526
f 4534 	4526 	4530
f 4526 	4534 	4527
f 4530 	4536 	4534
f 4535 	5489 	4533
f 7481 	7483 	4467
f 4527 	4520 	4526
f 4363 	4362 	4520
f 4621 	1497 	1492
f 4503 	4310 	4565
f 4454 	7491 	4457
f 4545 	4559 	4542
f 4536 	4543 	4534
f 4370 	4500 	4546
f 4562 	4546 	4501
f 4560 	4597 	4542
f 4595 	4598 	4378
f 4540 	4594 	4378
f 4536 	4537 	4543
f 4531 	5494 	4544
f 4534 	4547 	4527
f 4621 	4623 	1497
f 1498 	1497 	4623
f 4534 	4543 	4547
f 1498 	4623 	1638
f 4366 	4363 	4527
f 4547 	4366 	4527
f 4544 	310 	4531
f 4550 	4738 	5489
f 4535 	4550 	5489
f 4163 	7498 	4164
f 7500 	7499 	4165
f 4538 	307 	4539
f 4541 	4539 	308
f 4475 	4128 	4551
f 4528 	4536 	4530
f 4550 	4535 	312
f 4533 	311 	4535
f 4532 	311 	4533
f 4223 	4551 	4128
f 4497 	4422 	4556
f 4540 	4542 	4597
f 4546 	4562 	4545
f 4557 	4497 	4577
f 4556 	4581 	4576
f 4576 	4497 	4556
f 4556 	4558 	4581
f 4559 	4545 	4561
f 4561 	4545 	4562
f 4560 	4542 	4559
f 4555 	5516 	4573
f 4501 	5774 	4562
f 4555 	4568 	4554
f 4555 	4573 	4568
f 5687 	4500 	5688
f 4563 	4557 	4577
f 4537 	4564 	6250
f 4582 	4564 	4568
f 4429 	4497 	4557
f 4564 	4566 	4568
f 4566 	4564 	4537
f 4557 	4427 	4429
f 4429 	4422 	4497
f 4536 	4566 	4537
f 4556 	4425 	4558
f 4556 	4422 	4425
f 4548 	4461 	4549
f 4566 	4528 	4554
f 4566 	4536 	4528
f 4566 	4554 	4568
f 1474 	1485 	4569
f 1470 	1477 	4570
f 1477 	4572 	4570
f 1475 	4572 	1477
f 4388 	4567 	4310
f 4565 	4310 	4567
f 1481 	1474 	4574
f 4569 	4574 	1474
f 4563 	4444 	4557
f 4444 	4427 	4557
f 4576 	4577 	4497
f 4578 	1482 	4574
f 1481 	4574 	1482
f 4579 	4582 	4573
f 4580 	1483 	4578
f 1484 	4580 	1480
f 4518 	1480 	4580
f 4518 	1463 	1480
f 4624 	4621 	4569
f 4573 	4582 	4568
f 4572 	4578 	4570
f 4569 	4622 	4574
f 4574 	4570 	4578
f 4578 	4575 	4580
f 4516 	4580 	4575
f 4572 	4575 	4578
f 4571 	4579 	4573
f 4581 	4558 	4770
f 4551 	4223 	4584
f 4583 	4584 	4223
f 4770 	4558 	3629
f 4242 	4585 	4223
f 4576 	4581 	4798
f 4165 	4164 	7500
f 7498 	7500 	4164
f 4583 	4223 	4585
f 7503 	7497 	4170
f 7503 	4170 	4166
f 4380 	4377 	4588
f 4589 	4590 	4380
f 4320 	4382 	4590
f 4588 	4589 	4380
f 4529 	4517 	2628
f 2663 	4593 	2664
f 4585 	4242 	4591
f 4592 	2661 	4484
f 4313 	4591 	4242
f 2662 	4592 	2663
f 4593 	2663 	4592
f 2637 	4596 	2636
f 11485 	11484 	4583
f 4595 	4378 	4594
f 4594 	4540 	4597
f 4586 	4377 	4598
f 4596 	2637 	4593
f 2664 	4593 	2637
f 2636 	4596 	2665
f 4583 	4585 	11485
f 4591 	11485 	4585
f 4591 	4313 	4600
f 4325 	4599 	4313
f 4600 	4313 	4599
f 4615 	4593 	4529
f 4592 	4529 	4593
f 4517 	4529 	4592
f 4602 	4603 	4323
f 4603 	4324 	4323
f 4600 	11485 	4591
f 4593 	4615 	4596
f 4173 	4178 	7512
f 4180 	7564 	4179
f 4325 	4606 	4604
f 4325 	4604 	4599
f 7564 	7563 	4179
f 4605 	8658 	4607
f 2509 	2665 	4418
f 4596 	4418 	2665
f 7512 	7511 	4173
f 4608 	2666 	4619
f 5924 	4579 	4571
f 4341 	4606 	4325
f 4558 	3428 	3629
f 4610 	4611 	4612
f 4579 	4609 	6253
f 4609 	6260 	6253
f 4612 	4613 	4610
f 4613 	4614 	4610
f 4614 	4613 	4483
f 4579 	6253 	4582
f 4606 	4341 	4617
f 13098 	4442 	4514
f 4617 	4341 	4616
f 4615 	2671 	4608
f 4442 	13098 	13104
f 4615 	2672 	2671
f 4442 	13104 	4445
f 4345 	4616 	4341
f 13104 	4525 	4524
f 4418 	4608 	4619
f 4615 	4608 	4596
f 4596 	4608 	4418
f 1491 	4621 	1492
f 4620 	4802 	4611
f 4175 	7507 	4467
f 4611 	4610 	4620
f 4607 	4258 	4605
f 4257 	4605 	4258
f 1489 	4622 	1491
f 4621 	1491 	4622
f 4260 	8787 	8759
f 4613 	4477 	4483
f 7553 	4182 	7554
f 4183 	7554 	4182
f 4610 	4563 	4620
f 4185 	7555 	4183
f 4621 	4624 	4623
f 4624 	5167 	4623
f 4324 	13131 	4605
f 4324 	4605 	4257
f 4577 	4620 	4563
f 1487 	1486 	4624
f 4622 	1489 	1493
f 7553 	7552 	4182
f 4619 	4416 	4418
f 4624 	1496 	1487
f 4570 	4622 	1493
f 4618 	2674 	3989
f 1470 	4570 	1493
f 2685 	2674 	4626
f 4599 	4604 	11588
f 4624 	1485 	1496
f 3062 	4496 	3060
f 4627 	4628 	1708
f 1709 	1708 	4628
f 4570 	4574 	4622
f 4622 	4569 	4621
f 4628 	1710 	1709
f 3989 	4498 	4618
f 11590 	4617 	4616
f 4628 	903 	1710
f 2689 	4634 	2690
f 1499 	1364 	4666
f 4614 	4563 	4610
f 302 	303 	4553
f 1500 	4661 	1501
f 4638 	2693 	2692
f 4638 	2692 	4636
f 4239 	1363 	1503
f 2870 	4639 	2691
f 1510 	4673 	1500
f 4243 	1366 	1501
f 3959 	4640 	4641
f 4642 	2892 	4634
f 2690 	4634 	2892
f 4639 	4635 	2691
f 4446 	4614 	4483
f 4444 	4563 	4614
f 4639 	4636 	4635
f 4701 	4699 	4636
f 4637 	4632 	3953
f 4636 	4639 	4638
f 4643 	4644 	4645
f 2893 	2965 	4646
f 4634 	2689 	4646
f 2893 	4646 	2689
f 4644 	4658 	4698
f 4635 	4699 	2691
f 4699 	2963 	2691
f 2692 	2967 	4701
f 4645 	4647 	4643
f 4713 	4639 	2870
f 4703 	2892 	4642
f 4634 	4646 	4642
f 4703 	4642 	4646
f 4703 	4646 	4700
f 4635 	4636 	4699
f 4713 	4638 	4639
f 4651 	2904 	2903
f 4345 	4630 	4629
f 4345 	4629 	4616
f 2904 	4651 	4655
f 2904 	4655 	2907
f 2899 	4648 	4649
f 2899 	4649 	2900
f 2902 	4650 	4651
f 2902 	4651 	2903
f 4350 	4630 	4345
f 4649 	4709 	2900
f 2969 	4710 	2902
f 11588 	11485 	4600
f 11589 	11588 	4604
f 306 	5470 	305
f 4673 	1510 	1511
f 11590 	11589 	4617
f 4656 	4648 	2954
f 4606 	4617 	11589
f 1521 	4675 	1522
f 4629 	11590 	4616
f 2082 	3075 	2954
f 4657 	3078 	2962
f 4372 	4653 	4350
f 4630 	4350 	4654
f 4145 	7626 	4144
f 4654 	4350 	4653
f 4648 	4656 	4649
f 4651 	4650 	4655
f 1544 	4677 	1511
f 2899 	2954 	4648
f 4245 	4758 	1367
f 4708 	3027 	3078
f 3027 	2083 	3078
f 1534 	4247 	1368
f 4372 	4660 	4659
f 4372 	4659 	4653
f 4658 	4644 	4737
f 1537 	4695 	5031
f 4656 	4657 	4649
f 4709 	4649 	4657
f 1367 	4758 	1552
f 4415 	4379 	4652
f 4373 	4660 	4372
f 4661 	4662 	1501
f 4652 	4379 	4665
f 4600 	4599 	11588
f 4658 	4664 	4663
f 4666 	1364 	4241
f 4641 	4665 	3991
f 4658 	4663 	4698
f 4697 	4698 	4663
f 11591 	11590 	4629
f 4675 	1521 	1508
f 4641 	3991 	3959
f 1503 	4667 	4239
f 11592 	11591 	4654
f 4667 	1503 	4666
f 1503 	1499 	4666
f 1505 	4669 	1506
f 1506 	4669 	1508
f 1504 	4672 	1505
f 4669 	1505 	4672
f 4645 	4644 	4698
f 4660 	4373 	4671
f 4662 	4243 	1501
f 4392 	4671 	4373
f 4667 	4237 	4239
f 4645 	2714 	4647
f 4661 	4675 	4662
f 4666 	4662 	4669
f 4666 	4241 	4662
f 2714 	2715 	4647
f 2767 	2714 	4645
f 4669 	4672 	4666
f 4667 	4666 	4672
f 309 	4541 	308
f 4673 	4675 	4661
f 4698 	2767 	4645
f 4541 	309 	4544
f 4532 	4531 	311
f 4676 	4647 	2715
f 4662 	4241 	4243
f 312 	4535 	311
f 4676 	2715 	2735
f 4647 	4674 	4643
f 1511 	4677 	4673
f 4415 	4652 	4670
f 4674 	4647 	4676
f 1525 	4679 	1526
f 4678 	4674 	4676
f 4679 	1527 	1526
f 4676 	4683 	4678
f 4669 	4675 	1508
f 4675 	4684 	1522
f 1523 	1522 	4684
f 1523 	4684 	1524
f 1516 	4684 	4686
f 1516 	4686 	1515
f 4678 	4685 	4674
f 4679 	1525 	4686
f 1524 	4684 	1516
f 317 	301 	4682
f 4683 	4466 	4678
f 1515 	4686 	1525
f 4466 	4477 	4678
f 4661 	1500 	4673
f 4477 	4685 	4678
f 4680 	4360 	4687
f 4677 	4751 	4686
f 4669 	4662 	4675
f 4675 	4673 	4684
f 4673 	4677 	4684
f 4686 	4684 	4677
f 8659 	4361 	4687
f 4689 	4687 	4690
f 4720 	4439 	4672
f 4683 	4676 	2735
f 335 	319 	4692
f 2735 	2728 	4683
f 319 	316 	4694
f 4689 	4694 	4680
f 4689 	4680 	4687
f 1534 	4693 	4247
f 4691 	319 	4694
f 4680 	4694 	316
f 2766 	4731 	12129
f 4692 	4691 	4696
f 4694 	4696 	4691
f 4696 	4688 	4692
f 4663 	12129 	4697
f 4694 	4689 	4696
f 4690 	4696 	4689
f 5031 	4695 	4693
f 4758 	4693 	4695
f 4690 	4688 	4696
f 4758 	4245 	4693
f 4247 	4693 	4245
f 4659 	11593 	4653
f 4637 	4706 	4632
f 2963 	4699 	4700
f 2963 	4700 	2964
f 4630 	4654 	11591
f 4700 	4646 	2965
f 4637 	673 	4706
f 2964 	4700 	2965
f 4701 	2967 	4703
f 4703 	2967 	2966
f 4636 	2692 	4701
f 4671 	4392 	4702
f 6196 	4702 	4392
f 4703 	2966 	2892
f 4703 	4700 	4701
f 643 	656 	4706
f 4699 	4701 	4700
f 6198 	6199 	6239
f 6199 	6197 	6239
f 4650 	2902 	4710
f 656 	654 	4706
f 2907 	4655 	2979
f 4712 	2976 	4638
f 4660 	4671 	11618
f 4702 	11618 	4671
f 2900 	4709 	2986
f 2962 	3027 	4657
f 4708 	4657 	3027
f 644 	4706 	673
f 4447 	4479 	2234
f 4452 	4447 	2234
f 643 	4706 	644
f 2986 	4709 	3028
f 8666 	8591 	4707
f 2781 	2771 	4914
f 677 	4706 	654
f 2969 	2976 	4710
f 683 	4706 	677
f 4711 	2979 	4655
f 4914 	4922 	2781
f 2976 	4712 	4710
f 2979 	4711 	2984
f 1418 	4439 	1539
f 4719 	1539 	4439
f 689 	4706 	683
f 689 	635 	4706
f 4713 	2985 	4711
f 2984 	4711 	2985
f 635 	719 	4706
f 2693 	4638 	2976
f 2870 	2985 	4713
f 716 	4706 	719
f 716 	723 	4706
f 4709 	4715 	3028
f 4706 	723 	728
f 4714 	4705 	4707
f 3267 	4715 	3078
f 4708 	3078 	4715
f 4707 	13280 	4714
f 4708 	4715 	4709
f 4657 	4708 	4709
f 5782 	3221 	3182
f 728 	741 	4706
f 4711 	4655 	4710
f 4650 	4710 	4655
f 5920 	3254 	3221
f 741 	743 	4706
f 4145 	4072 	7626
f 743 	873 	4706
f 7627 	4144 	7626
f 878 	4706 	873
f 7672 	4120 	7630
f 4138 	4127 	7666
f 7666 	7665 	4138
f 4751 	4677 	1544
f 4127 	4140 	7667
f 1539 	4719 	1546
f 878 	883 	4706
f 1546 	4752 	1544
f 7675 	7663 	4154
f 7627 	4143 	4144
f 4143 	7670 	4121
f 4120 	7672 	4123
f 4756 	1547 	4757
f 1549 	4757 	1547
f 4124 	4123 	7673
f 7671 	7673 	4123
f 4716 	4717 	4805
f 4716 	4805 	4480
f 4718 	4805 	4717
f 7674 	4142 	4124
f 7674 	4124 	7673
f 1557 	4759 	4695
f 1557 	4695 	1537
f 11613 	4723 	11616
f 4758 	5073 	1552
f 4146 	4158 	7676
f 4146 	7676 	4154
f 1543 	4720 	1540
f 4809 	4808 	4724
f 4723 	4724 	4808
f 4717 	11616 	4718
f 4811 	4809 	4726
f 4106 	7701 	7700
f 4725 	4726 	4809
f 4724 	4725 	4809
f 4723 	11613 	4724
f 8666 	4707 	4705
f 4726 	4727 	4811
f 4725 	11612 	4726
f 8659 	4687 	4360
f 4698 	4697 	4731
f 4815 	4813 	4730
f 4729 	4730 	4813
f 4728 	4729 	4813
f 2766 	2767 	4731
f 4643 	4732 	4644
f 4688 	4690 	4361
f 4690 	4687 	4361
f 4733 	4735 	4734
f 4736 	4735 	4737
f 4691 	4692 	319
f 4735 	4658 	4737
f 4732 	4737 	4644
f 4740 	4736 	4737
f 4742 	5443 	4741
f 4732 	4740 	4737
f 4733 	7072 	4743
f 4735 	4743 	4658
f 4664 	4658 	4743
f 1340 	1341 	4706
f 4745 	4746 	4747
f 4679 	4722 	1527
f 4749 	4754 	4748
f 4747 	4748 	4754
f 1527 	4722 	1541
f 1541 	4722 	1543
f 4720 	1543 	4722
f 4672 	1504 	1540
f 4720 	4672 	1540
f 4727 	11612 	4728
f 4727 	4726 	11612
f 4719 	4752 	1546
f 4744 	4745 	5443
f 4718 	11616 	4721
f 4751 	1544 	4752
f 4814 	4815 	4753
f 4749 	4750 	4754
f 4730 	4753 	4815
f 4733 	4743 	4735
f 4722 	4679 	4752
f 4751 	4752 	4679
f 4679 	4686 	4751
f 4710 	4712 	4711
f 4713 	4711 	4712
f 4729 	11610 	4730
f 4719 	4722 	4752
f 4713 	4712 	4638
f 4720 	4722 	4719
f 2372 	3917 	3918
f 2372 	3918 	2373
f 4724 	11613 	4725
f 4667 	4672 	4237
f 4719 	4439 	4720
f 1620 	5116 	1413
f 1342 	4706 	1341
f 1413 	5116 	4433
f 1342 	5240 	4706
f 4755 	2186 	899
f 4938 	4706 	4936
f 4706 	4938 	4940
f 4760 	5443 	4742
f 4744 	5443 	4760
f 4668 	4706 	4940
f 5073 	4758 	4759
f 5073 	4759 	5074
f 4695 	4759 	4758
f 4670 	4706 	4668
f 5017 	4735 	4736
f 4761 	4762 	4814
f 4753 	4761 	4814
f 4665 	4641 	4706
f 4640 	4706 	4641
f 4741 	450 	4742
f 4640 	4631 	4706
f 4631 	4633 	4706
f 4633 	4632 	4706
f 4744 	4760 	435
f 5240 	5241 	4706
f 4643 	4766 	4732
f 4764 	4765 	783
f 5241 	5245 	4706
f 4674 	4766 	4643
f 4706 	5245 	5260
f 4732 	4767 	4740
f 4766 	4767 	4732
f 444 	4750 	4749
f 4685 	4766 	4674
f 4766 	4612 	4767
f 5260 	5263 	4706
f 876 	783 	4765
f 4706 	5263 	5267
f 4766 	4685 	4612
f 4612 	4611 	4767
f 4685 	4613 	4612
f 4768 	8781 	8783
f 4706 	4958 	4967
f 450 	435 	4760
f 4663 	4664 	12129
f 4743 	7072 	4664
f 4706 	4967 	4996
f 4770 	4101 	4776
f 4706 	4996 	4955
f 4748 	443 	4749
f 4770 	3629 	4101
f 4952 	4936 	4706
f 4706 	1337 	1338
f 4706 	883 	1337
f 4101 	4105 	4772
f 4110 	4772 	4105
f 4777 	4775 	4776
f 4706 	1338 	1340
f 2220 	899 	2231
f 1558 	4947 	1560
f 1561 	4948 	1563
f 4995 	1563 	4948
f 1564 	5031 	1565
f 1565 	4693 	1534
f 5031 	1564 	1537
f 4738 	4550 	448
f 4739 	4738 	448
f 312 	448 	4550
f 4814 	4762 	4763
f 1680 	1407 	4781
f 4258 	4783 	4257
f 4730 	11610 	4753
f 4780 	4783 	4258
f 4780 	1407 	4783
f 5035 	1578 	1577
f 1729 	4783 	1407
f 5035 	1579 	1578
f 4771 	4906 	4789
f 5034 	1574 	5039
f 4785 	4771 	4786
f 4816 	4817 	4788
f 5041 	1587 	1586
f 4789 	4773 	9407
f 4773 	4906 	4774
f 4789 	4906 	4773
f 4762 	11606 	4763
f 1573 	5039 	1580
f 4787 	4789 	9407
f 4771 	4789 	4787
f 4771 	4787 	4786
f 4790 	4965 	4791
f 4795 	4816 	4794
f 4788 	4794 	4816
f 4779 	4965 	4790
f 4841 	4776 	4772
f 4761 	11608 	4762
f 4763 	11606 	4788
f 11610 	4729 	11611
f 4775 	4798 	4581
f 5729 	4818 	4799
f 4770 	4776 	4775
f 4770 	4775 	4581
f 11606 	11604 	4788
f 4101 	4772 	4776
f 5729 	4799 	4800
f 4777 	4776 	4841
f 4800 	4799 	11671
f 4799 	4795 	11671
f 4753 	11610 	4761
f 4798 	4804 	4576
f 4808 	4805 	4721
f 4795 	4818 	4816
f 4795 	4799 	4818
f 4775 	4777 	4801
f 2234 	4479 	4805
f 4798 	4775 	4801
f 2234 	4805 	4882
f 2771 	4915 	4914
f 4804 	4803 	4802
f 2889 	2781 	4922
f 4804 	4798 	4803
f 4620 	4804 	4802
f 4620 	4577 	4804
f 4804 	4577 	4576
f 4975 	4805 	4979
f 4979 	4805 	5033
f 5033 	4805 	5036
f 4718 	4721 	4805
f 4807 	4810 	5085
f 4721 	4723 	4808
f 4807 	4767 	4611
f 5085 	4810 	4806
f 4810 	4812 	4806
f 4806 	4812 	4949
f 4813 	4811 	4727
f 4807 	5085 	4740
f 4807 	4740 	4767
f 4727 	4728 	4813
f 4611 	4802 	4807
f 4810 	4807 	4802
f 4810 	4803 	4812
f 4810 	4802 	4803
f 4817 	4814 	4763
f 4801 	5009 	4812
f 4803 	4801 	4812
f 4763 	4788 	4817
f 5009 	4801 	4777
f 4803 	4798 	4801
f 4819 	4820 	4821
f 7714 	7713 	4107
f 7075 	7878 	7081
f 4108 	7715 	4107
f 4823 	4822 	4820
f 4819 	4256 	4255
f 4821 	4256 	4819
f 4826 	4852 	4825
f 4827 	4852 	4826
f 4828 	4853 	4827
f 4829 	4854 	4828
f 4830 	4855 	4829
f 4115 	7699 	4114
f 4838 	4909 	4837
f 4839 	4909 	4838
f 4837 	4917 	4836
f 4836 	4918 	4835
f 4840 	4908 	4839
f 4834 	4835 	4919
f 7700 	7699 	4117
f 4115 	4117 	7699
f 4839 	4825 	4824
f 4839 	4824 	4840
f 4838 	4826 	4825
f 4838 	4825 	4839
f 4117 	4106 	7700
f 4837 	4827 	4826
f 4837 	4826 	4838
f 4836 	4828 	4827
f 4836 	4827 	4837
f 4835 	4829 	4828
f 4835 	4828 	4836
f 4841 	4772 	4832
f 4834 	4830 	4829
f 4834 	4829 	4835
f 4833 	4831 	4830
f 4833 	4830 	4834
f 4110 	4832 	4772
f 4822 	4832 	4821
f 7083 	7878 	4784
f 4832 	4297 	4821
f 5037 	5062 	7112
f 4821 	4297 	4256
f 4842 	4822 	4823
f 4863 	4862 	4847
f 4846 	4847 	4862
f 4847 	4848 	4863
f 4864 	4863 	4848
f 4849 	4865 	4848
f 4824 	4825 	4850
f 4824 	4850 	4851
f 4760 	4742 	450
f 4822 	4821 	4820
f 4841 	4822 	4842
f 4745 	435 	4746
f 4854 	4829 	4855
f 4830 	4856 	4855
f 4777 	4841 	4842
f 436 	445 	4746
f 4841 	4832 	4822
f 4858 	4857 	4868
f 4843 	4844 	4859
f 4860 	4859 	4844
f 4832 	4110 	4297
f 4844 	4845 	4860
f 4865 	4849 	4866
f 4859 	4858 	4843
f 4868 	4843 	4858
f 4831 	4868 	4857
f 4831 	4857 	4856
f 4831 	4856 	4830
f 4853 	4828 	4854
f 4852 	4827 	4853
f 4852 	4850 	4825
f 4864 	4848 	4865
f 4861 	4860 	4845
f 4845 	4846 	4861
f 4862 	4861 	4846
f 4871 	4874 	4870
f 4797 	4796 	5565
f 4796 	4791 	5565
f 4792 	4797 	5565
f 4869 	4870 	4873
f 4873 	4866 	4869
f 4849 	4869 	4866
f 5565 	4793 	4792
f 4875 	4872 	4876
f 4785 	10781 	4771
f 4872 	4889 	4876
f 4889 	4890 	4877
f 4779 	9455 	4778
f 4706 	4670 	4652
f 4885 	4896 	4886
f 4774 	4898 	4883
f 4665 	4706 	4652
f 4805 	4935 	4933
f 4890 	4891 	4878
f 4878 	4877 	4890
f 4877 	4876 	4889
f 4874 	4871 	4875
f 4874 	4873 	4870
f 4872 	4875 	4871
f 4778 	4910 	4779
f 4884 	4911 	4778
f 4883 	4897 	4884
f 4935 	4805 	4993
f 4888 	4887 	4886
f 4893 	4894 	4881
f 4879 	4878 	4891
f 4891 	4892 	4879
f 4880 	4879 	4892
f 4892 	4893 	4880
f 4881 	4880 	4893
f 4885 	4881 	4894
f 4894 	4895 	4885
f 4895 	4896 	4885
f 4888 	4886 	4896
f 4900 	4901 	4928
f 4927 	4928 	4901
f 4902 	4927 	4901
f 4903 	4926 	4902
f 4904 	4925 	4903
f 4905 	4924 	4904
f 4897 	4883 	4898
f 4909 	4839 	4908
f 1595 	5051 	1592
f 5075 	5053 	1589
f 4882 	4805 	4932
f 4911 	4884 	4897
f 4910 	4778 	4911
f 1589 	5053 	5080
f 1589 	5080 	1609
f 4882 	4932 	5042
f 2771 	2743 	4915
f 4898 	4774 	4906
f 4882 	5042 	4915
f 4913 	4912 	4771
f 5052 	1593 	1592
f 4823 	4820 	4867
f 4921 	4833 	4920
f 4923 	4939 	4921
f 4924 	4905 	4923
f 4958 	4706 	5267
f 4914 	5113 	4922
f 4925 	4904 	4924
f 4927 	4902 	4926
f 4899 	4900 	4930
f 4944 	4899 	4931
f 4907 	4908 	4840
f 4917 	4837 	4909
f 4918 	4836 	4917
f 4919 	4835 	4918
f 4833 	4834 	4920
f 4926 	4903 	4925
f 4919 	4920 	4834
f 4932 	4805 	4933
f 4929 	4930 	4900
f 4930 	4931 	4899
f 4928 	4929 	4900
f 4939 	4923 	4905
f 4833 	4921 	4939
f 4944 	4945 	4943
f 4931 	4945 	4944
f 5052 	5055 	1593
f 1560 	4947 	4948
f 7789 	7626 	4072
f 5030 	4949 	4934
f 5083 	4668 	4940
f 4936 	5091 	4938
f 4062 	7784 	4061
f 5091 	4936 	5094
f 4934 	4950 	4937
f 4061 	7783 	4063
f 7785 	4063 	7783
f 4951 	4950 	4934
f 7785 	4067 	4063
f 4940 	4938 	5084
f 5084 	5083 	4940
f 7787 	7789 	4070
f 4949 	4951 	4934
f 4957 	4952 	4706
f 5094 	4936 	4952
f 4916 	4913 	4771
f 4954 	4916 	4771
f 8655 	8659 	4360
f 4957 	4706 	4955
f 4912 	4906 	4771
f 4956 	4779 	4910
f 4964 	4953 	7072
f 4960 	4959 	4953
f 4953 	4959 	7072
f 4961 	5565 	4962
f 4960 	4953 	4937
f 4964 	4937 	4953
f 7814 	3018 	7815
f 4937 	4950 	4960
f 4960 	4950 	4867
f 4961 	4966 	5565
f 5061 	5565 	4966
f 4805 	4972 	4993
f 4989 	4941 	4969
f 4971 	4988 	4970
f 4972 	4805 	4975
f 4976 	4984 	4974
f 4974 	4985 	4973
f 4946 	4943 	4945
f 4968 	4969 	4941
f 4969 	4970 	4989
f 4973 	4986 	4971
f 4941 	4942 	4968
f 4946 	4968 	4942
f 4942 	4943 	4946
f 4984 	4976 	4983
f 4985 	4974 	4984
f 4986 	4973 	4985
f 4988 	4971 	4986
f 4989 	4970 	4988
f 4976 	4977 	4983
f 4982 	4983 	4977
f 4990 	4991 	4978
f 4980 	4990 	4978
f 4977 	4978 	4991
f 4982 	4977 	4991
f 5036 	4805 	4808
f 4905 	4904 	4844
f 4905 	4844 	4843
f 4904 	4903 	4845
f 4904 	4845 	4844
f 4903 	4902 	4846
f 4903 	4846 	4845
f 4902 	4901 	4847
f 4902 	4847 	4846
f 4932 	4933 	5045
f 4901 	4900 	4848
f 4901 	4848 	4847
f 4900 	4899 	4849
f 4900 	4849 	4848
f 4899 	4944 	4849
f 4868 	4831 	4833
f 4939 	4868 	4833
f 4843 	4868 	4905
f 4939 	4905 	4868
f 7802 	3007 	3008
f 4907 	4840 	4851
f 4824 	4851 	4840
f 4852 	4909 	4850
f 4909 	4852 	4917
f 4853 	4917 	4852
f 4917 	4853 	4854
f 7802 	3008 	3017
f 1560 	4948 	1561
f 4858 	4923 	4857
f 4859 	4923 	4858
f 4956 	4965 	4779
f 5565 	4791 	4965
f 4965 	4963 	5565
f 4963 	4962 	5565
f 4860 	4925 	4859
f 4925 	4860 	4861
f 4862 	4927 	4861
f 4927 	4862 	4863
f 4950 	4823 	4867
f 4865 	4930 	4864
f 4930 	4865 	4866
f 4951 	4823 	4950
f 5001 	4964 	7072
f 4907 	4851 	4908
f 4850 	4908 	4851
f 4964 	5001 	4937
f 4908 	4850 	4909
f 4997 	5010 	4998
f 4854 	4918 	4917
f 7810 	3023 	3024
f 4855 	4918 	4854
f 4918 	4855 	4919
f 4919 	4855 	4920
f 4856 	4920 	4855
f 4842 	4823 	4951
f 4920 	4856 	4921
f 4857 	4921 	4856
f 4059 	3007 	7803
f 4923 	4921 	4857
f 4859 	4924 	4923
f 2995 	7805 	3014
f 5168 	7072 	5265
f 5004 	4771 	5011
f 4924 	4859 	4925
f 4925 	4861 	4926
f 4926 	4861 	4927
f 4954 	4771 	5004
f 4927 	4863 	4928
f 4864 	4929 	4863
f 4928 	4863 	4929
f 4929 	4864 	4930
f 5008 	5011 	5007
f 4930 	4866 	4931
f 4949 	5009 	4951
f 4931 	4866 	4945
f 4944 	4869 	4849
f 4949 	4812 	5009
f 5000 	5010 	4997
f 5002 	5011 	4999
f 5000 	4999 	5010
f 5002 	5003 	5011
f 4944 	4943 	4870
f 4944 	4870 	4869
f 4943 	4942 	4871
f 4943 	4871 	4870
f 4951 	5009 	4842
f 4942 	4941 	4872
f 4942 	4872 	4871
f 5009 	4777 	4842
f 4991 	4896 	4895
f 4991 	4895 	4982
f 4991 	4990 	4888
f 4991 	4888 	4896
f 4941 	4989 	4872
f 11208 	5011 	4771
f 5003 	5007 	5011
f 5008 	5006 	5011
f 5005 	5004 	5011
f 4872 	4989 	4889
f 5010 	4999 	5011
f 4989 	4988 	4890
f 4989 	4890 	4889
f 5006 	5005 	5011
f 4988 	4986 	4891
f 4988 	4891 	4890
f 4986 	4985 	4892
f 4986 	4892 	4891
f 4985 	4984 	4893
f 4985 	4893 	4892
f 4984 	4983 	4894
f 4984 	4894 	4893
f 4983 	4982 	4895
f 4983 	4895 	4894
f 5016 	7072 	4734
f 4734 	7072 	4733
f 5021 	7072 	5016
f 5022 	7072 	5021
f 5021 	5016 	5017
f 4888 	4990 	4887
f 4980 	4887 	4990
f 5016 	4734 	5017
f 4735 	5017 	4734
f 5019 	5010 	5020
f 5022 	5090 	7072
f 4877 	4970 	4876
f 5012 	5023 	5011
f 5023 	5018 	5011
f 5021 	5024 	5022
f 4878 	4970 	4877
f 4879 	4973 	4878
f 5015 	5011 	5018
f 5017 	5024 	5021
f 4973 	4879 	4880
f 4881 	4976 	4880
f 5025 	5013 	5011
f 5013 	5012 	5011
f 5017 	5026 	5024
f 4976 	4881 	4885
f 5017 	4736 	5026
f 4945 	4866 	4873
f 5027 	5025 	5011
f 4874 	4946 	4873
f 4945 	4873 	4946
f 4946 	4874 	4875
f 4946 	4875 	4968
f 4876 	4969 	4875
f 4968 	4875 	4969
f 4969 	4876 	4970
f 5015 	5014 	5011
f 5010 	5011 	5014
f 5014 	5020 	5010
f 4878 	4971 	4970
f 4971 	4878 	4973
f 5031 	5032 	1565
f 4973 	4880 	4974
f 1565 	5032 	4693
f 4974 	4880 	4976
f 4976 	4885 	4977
f 4977 	4885 	4886
f 4977 	4886 	4978
f 4947 	5055 	4948
f 4887 	4980 	4886
f 4978 	4886 	4980
f 4693 	5032 	5031
f 5034 	1575 	1574
f 1575 	5034 	1577
f 4979 	5033 	5072
f 1577 	5034 	5035
f 4296 	1579 	5035
f 5043 	5062 	5037
f 1579 	4296 	1383
f 5043 	5037 	5046
f 5038 	5046 	5037
f 1580 	5039 	1574
f 1395 	4302 	1584
f 1584 	5040 	1585
f 1585 	5040 	1586
f 1586 	5040 	5041
f 1568 	5044 	4947
f 1568 	4947 	1558
f 1587 	5041 	1569
f 1570 	1569 	5044
f 5041 	5044 	1569
f 1570 	5044 	1568
f 5045 	5042 	4932
f 4935 	5056 	4933
f 1591 	5039 	1573
f 4933 	5056 	5045
f 5035 	5034 	5040
f 5040 	4302 	5035
f 4295 	4296 	4302
f 5035 	4302 	4296
f 5047 	5056 	4935
f 5039 	5040 	5034
f 4993 	5047 	4935
f 4947 	5044 	5055
f 5057 	4993 	4972
f 5040 	5039 	5041
f 5057 	5047 	4993
f 5051 	5052 	1592
f 5063 	5050 	5177
f 5115 	4915 	5042
f 7899 	5054 	5043
f 1590 	5055 	1591
f 4915 	5115 	4914
f 5054 	5062 	5043
f 5055 	5039 	1591
f 5042 	5045 	5108
f 5048 	5050 	2069
f 5115 	5042 	5108
f 5049 	2071 	5054
f 5048 	2069 	5049
f 1594 	1593 	5055
f 5063 	2371 	5050
f 1594 	5055 	1590
f 5051 	5070 	5052
f 5045 	5056 	5180
f 5039 	5055 	5041
f 5044 	5041 	5055
f 4995 	4948 	5052
f 2071 	5049 	2069
f 5052 	4948 	5055
f 1596 	5076 	1608
f 4995 	1597 	1563
f 5079 	5047 	5057
f 5093 	5071 	1598
f 1599 	1552 	5073
f 5062 	5054 	2071
f 5074 	1600 	5073
f 1599 	5073 	1600
f 7899 	5043 	5046
f 1600 	5074 	1557
f 1602 	5075 	1589
f 5063 	1639 	5062
f 1639 	7112 	5062
f 5063 	5189 	1639
f 5078 	1606 	1605
f 4998 	5010 	5058
f 2371 	5063 	2367
f 1607 	5078 	5075
f 1607 	5075 	1602
f 2069 	5050 	2371
f 5062 	2071 	2367
f 5010 	5565 	5059
f 5059 	5058 	5010
f 5065 	5064 	5565
f 5065 	5565 	5060
f 5064 	5059 	5565
f 1595 	1610 	5051
f 5081 	5051 	1610
f 5565 	5061 	5060
f 1609 	5081 	1610
f 1606 	5078 	1607
f 5089 	4972 	4975
f 5070 	5076 	1596
f 1597 	5070 	1596
f 5057 	4972 	5089
f 4995 	5070 	1597
f 1557 	5074 	4759
f 4995 	5052 	5070
f 7806 	3015 	7804
f 5033 	5036 	5097
f 7807 	3017 	3015
f 5036 	4808 	5097
f 7802 	3017 	7807
f 5077 	1604 	1603
f 5077 	1603 	5076
f 7813 	3019 	3018
f 5098 	4957 	4955
f 1604 	5077 	1605
f 5047 	5110 	5056
f 7812 	3021 	7813
f 3019 	7813 	3021
f 5078 	1605 	5077
f 4958 	5267 	5302
f 3024 	7811 	7810
f 3021 	7812 	3024
f 7811 	3024 	7812
f 5047 	5079 	5110
f 5082 	5564 	5066
f 4958 	5480 	4967
f 2995 	3947 	7819
f 5024 	5030 	5028
f 4292 	5564 	5082
f 5066 	5564 	5067
f 5026 	5030 	5024
f 5019 	5029 	5010
f 5069 	5010 	5029
f 5068 	5565 	5069
f 5010 	5069 	5565
f 5068 	5067 	5565
f 4934 	4937 	5028
f 5088 	5001 	7072
f 5011 	11208 	5027
f 4937 	5001 	5028
f 4417 	4415 	4670
f 5030 	4934 	5028
f 5083 	4421 	4417
f 4670 	4668 	4417
f 5085 	5026 	4736
f 5565 	5067 	5564
f 4668 	5083 	4417
f 4740 	5085 	4736
f 5026 	4806 	5030
f 4435 	4423 	5084
f 4806 	5026 	5085
f 4981 	12759 	4994
f 5084 	4423 	5083
f 5086 	4987 	4981
f 5062 	2367 	5063
f 5030 	4806 	4949
f 7072 	5090 	5088
f 1609 	5080 	5081
f 5091 	4435 	5084
f 1608 	5076 	1603
f 5028 	5001 	5088
f 5053 	5075 	5078
f 5077 	5080 	5078
f 5076 	5081 	5077
f 5053 	5078 	5080
f 5091 	4434 	4435
f 5088 	5090 	5028
f 5051 	5081 	5076
f 5070 	5051 	5076
f 5080 	5077 	5081
f 5092 	5089 	4979
f 4975 	4979 	5089
f 1613 	5093 	1598
f 5090 	5022 	5024
f 5090 	5024 	5028
f 5092 	4979 	5072
f 1612 	1674 	5095
f 5423 	5089 	5092
f 1655 	1612 	5095
f 4194 	4152 	5441
f 5114 	1616 	1615
f 5033 	5097 	5072
f 4152 	3951 	5441
f 5112 	1619 	1617
f 5098 	4955 	5096
f 5112 	5116 	1619
f 1620 	1619 	5116
f 5072 	5097 	5438
f 5102 	5099 	5441
f 4194 	5441 	5100
f 5101 	5100 	5099
f 1549 	1633 	4757
f 5140 	4757 	1633
f 5099 	5100 	5441
f 4809 	5097 	4808
f 1625 	4510 	1444
f 5099 	5102 	5104
f 5099 	5104 	5101
f 4491 	5103 	4492
f 1624 	5111 	1625
f 4492 	5103 	5105
f 5106 	4952 	4957
f 4155 	4194 	5101
f 5127 	1627 	1461
f 5127 	1629 	1627
f 5104 	4161 	5101
f 4957 	5098 	5106
f 5104 	5107 	4161
f 4160 	4155 	5101
f 4161 	4160 	5101
f 5098 	5105 	5106
f 5180 	5108 	5045
f 1637 	1635 	5141
f 1633 	1636 	5140
f 5161 	5140 	1636
f 5106 	5094 	4952
f 1637 	5163 	5161
f 1637 	5161 	1636
f 4938 	5091 	5084
f 5103 	5094 	5106
f 5102 	5109 	5104
f 5056 	5110 	5180
f 4509 	5111 	1624
f 4510 	1625 	5111
f 5103 	5106 	5105
f 1616 	5112 	1617
f 4434 	5091 	5094
f 5112 	1616 	5114
f 4434 	5094 	5103
f 4914 	5115 	5113
f 5103 	4491 	4434
f 3997 	7827 	3998
f 5154 	4254 	5107
f 5115 	5108 	5117
f 3996 	7831 	3997
f 5118 	5158 	4255
f 7555 	4185 	7828
f 5114 	1615 	1631
f 5121 	4225 	5120
f 5118 	4251 	5154
f 5122 	5286 	5120
f 7819 	3947 	3945
f 5139 	5122 	5120
f 3988 	3987 	7821
f 7822 	7821 	3987
f 5114 	5111 	5112
f 5116 	5112 	4509
f 4509 	5112 	5111
f 4509 	4505 	5116
f 7821 	7818 	3988
f 5148 	5149 	5441
f 4510 	5111 	5114
f 5114 	5129 	4510
f 3987 	3990 	7822
f 7825 	7822 	3990
f 4036 	7825 	3990
f 5125 	5126 	5145
f 5124 	5125 	5145
f 7828 	3994 	7829
f 3992 	7829 	3994
f 5139 	5145 	5126
f 5129 	1629 	5127
f 5130 	5139 	5128
f 7810 	7831 	3023
f 1629 	5129 	1630
f 5135 	5441 	5149
f 5129 	1631 	1630
f 5114 	1631 	5129
f 5303 	5304 	5316
f 5135 	5109 	5441
f 5316 	5131 	5132
f 5316 	5132 	5136
f 5133 	5316 	5136
f 4519 	5127 	1461
f 7827 	3997 	7831
f 3992 	3999 	7829
f 7830 	7829 	3999
f 5126 	5128 	5139
f 5123 	5124 	5145
f 5138 	5123 	5145
f 5142 	5143 	5144
f 5102 	5441 	5109
f 5135 	5137 	5109
f 5104 	5109 	5137
f 5139 	5120 	5145
f 5144 	5145 	5120
f 5196 	5197 	5120
f 4994 	5086 	4981
f 5135 	5149 	5137
f 5198 	5155 	5120
f 5198 	5199 	5155
f 5197 	5198 	5120
f 5150 	13008 	5152
f 5155 	5201 	5153
f 5149 	5148 	5151
f 5149 	5151 	5137
f 5154 	5137 	5151
f 5151 	5118 	5154
f 4992 	5150 	5152
f 5137 	5107 	5104
f 5150 	4992 	4987
f 5086 	5150 	4987
f 5107 	5137 	5154
f 5118 	4255 	4251
f 5156 	12759 	4981
f 5154 	4251 	4254
f 7935 	1208 	7934
f 1207 	7934 	1208
f 5160 	5159 	4981
f 7935 	7936 	1208
f 5148 	5157 	5151
f 7944 	1217 	1218
f 12119 	12759 	5156
f 1219 	7945 	1218
f 1195 	1216 	7940
f 5156 	4981 	5159
f 5441 	7072 	5148
f 5127 	4522 	5129
f 5118 	5164 	5158
f 4757 	5140 	4756
f 5141 	4756 	5140
f 4819 	4255 	5158
f 5159 	5160 	12165
f 5141 	5163 	1637
f 5232 	5233 	7072
f 5140 	5161 	5163
f 5140 	5163 	5141
f 5164 	5118 	5151
f 5175 	5232 	7072
f 5167 	1638 	5166
f 5786 	5165 	5162
f 1638 	4623 	5166
f 4959 	5265 	7072
f 1641 	5169 	1644
f 5173 	1644 	5169
f 5174 	7072 	5168
f 5174 	5168 	5170
f 1642 	5172 	5171
f 1642 	5171 	1643
f 5175 	7072 	5174
f 1644 	5173 	5172
f 1644 	5172 	1642
f 5170 	5176 	5174
f 5166 	4623 	5167
f 4960 	4867 	5170
f 5249 	5176 	5170
f 5113 	5115 	5117
f 5188 	5155 	5153
f 5169 	5171 	5173
f 5108 	5178 	5117
f 5177 	5050 	5087
f 5050 	5048 	5087
f 5144 	5120 	5179
f 5155 	5179 	5120
f 5173 	5171 	5172
f 5167 	4624 	1486
f 5087 	7913 	5177
f 5181 	5188 	5183
f 5182 	5187 	5181
f 1641 	4756 	5169
f 5167 	1646 	1638
f 5108 	5180 	5178
f 5167 	1486 	1646
f 5191 	7914 	5186
f 1641 	1547 	4756
f 5180 	5110 	5372
f 5186 	5200 	5191
f 1635 	1643 	5171
f 5185 	5363 	5182
f 5153 	5183 	5188
f 5178 	5180 	5372
f 5144 	5179 	5142
f 1635 	5171 	5141
f 4756 	5141 	5169
f 5190 	5189 	5191
f 5192 	5191 	5189
f 5372 	5110 	5459
f 5171 	5169 	5141
f 5191 	5192 	7913
f 5193 	5194 	5120
f 5177 	5189 	5063
f 5459 	5110 	5079
f 5192 	5177 	7913
f 5189 	5177 	5192
f 5201 	5155 	5199
f 5225 	1652 	5223
f 1651 	5223 	1652
f 5226 	1702 	1653
f 5190 	5191 	5200
f 5226 	1653 	5225
f 1652 	5225 	1653
f 5205 	5206 	5204
f 5206 	5207 	5204
f 5208 	5209 	5215
f 5209 	5203 	5215
f 5214 	5215 	5203
f 5202 	5214 	5203
f 5210 	5214 	5202
f 5211 	5214 	5210
f 5212 	5214 	5211
f 5213 	5214 	5212
f 5189 	5190 	1639
f 5190 	5200 	1639
f 5228 	1654 	1655
f 5120 	5194 	5195
f 5195 	5196 	5120
f 4310 	5448 	4308
f 5217 	1657 	1650
f 4309 	4308 	5447
f 5445 	5447 	4308
f 5093 	1613 	1657
f 5446 	4309 	5447
f 5207 	5208 	5204
f 5215 	5204 	5208
f 5214 	5213 	5216
f 5216 	5238 	5214
f 1664 	1598 	5071
f 5445 	4308 	5448
f 4307 	4320 	5450
f 5219 	5193 	5218
f 5071 	5093 	5217
f 5453 	4316 	4317
f 5220 	5221 	5222
f 5453 	4317 	5446
f 4309 	5446 	4317
f 5288 	5289 	5217
f 5454 	4310 	5450
f 4307 	5450 	4310
f 5454 	5448 	4310
f 1014 	8134 	1016
f 5235 	5224 	5221
f 5224 	5222 	5221
f 5220 	5222 	5219
f 5222 	5193 	5219
f 5120 	5218 	5193
f 4867 	5249 	5170
f 5176 	5175 	5174
f 5230 	5401 	5239
f 5233 	5157 	7072
f 5096 	4955 	4996
f 5095 	5231 	1655
f 1655 	5231 	5228
f 5232 	5164 	5233
f 5376 	5377 	5404
f 1657 	5217 	5237
f 1657 	5237 	5093
f 5238 	5236 	5214
f 5234 	5377 	5236
f 5294 	5228 	5223
f 5231 	5225 	5228
f 5164 	5232 	5176
f 5175 	5176 	5232
f 5229 	5230 	5235
f 5221 	5229 	5235
f 5239 	5235 	5230
f 5242 	5239 	5401
f 5223 	5228 	5225
f 5095 	5226 	5231
f 5157 	5148 	7072
f 5225 	5231 	5226
f 5095 	5501 	5226
f 5247 	5266 	5243
f 5244 	5243 	5266
f 5246 	5244 	5422
f 5233 	5164 	5157
f 5151 	5157 	5164
f 5093 	5237 	5217
f 5158 	5164 	5176
f 1663 	1654 	5292
f 5176 	5249 	5158
f 5250 	5251 	5119
f 5285 	1661 	5292
f 1663 	5292 	1661
f 5288 	1665 	1664
f 5218 	5120 	5251
f 5249 	4867 	4820
f 1665 	5288 	1650
f 5255 	5256 	5266
f 5256 	5257 	5266
f 5257 	5258 	5266
f 5264 	5266 	5258
f 5259 	5264 	5258
f 5253 	5266 	5227
f 5120 	5119 	5251
f 4819 	5158 	5249
f 5262 	5252 	5119
f 5252 	5250 	5119
f 4820 	4819 	5249
f 5253 	5254 	5266
f 5254 	5255 	5266
f 5170 	5168 	5265
f 5247 	5227 	5266
f 5415 	5416 	5422
f 10905 	11115 	5119
f 4959 	4960 	5265
f 5170 	5265 	4960
f 5271 	5119 	5270
f 5261 	5262 	5119
f 5248 	5261 	5119
f 5268 	5269 	5270
f 5271 	5272 	5119
f 12129 	4664 	7072
f 5570 	5272 	5271
f 5248 	5119 	5272
f 5464 	5241 	5452
f 5464 	5295 	5245
f 5279 	5280 	5119
f 5279 	5119 	5276
f 5278 	5279 	5277
f 5276 	5585 	5279
f 5260 	5245 	5295
f 5441 	13238 	4981
f 5270 	5119 	5280
f 5268 	5270 	5280
f 5260 	5300 	5263
f 5301 	5267 	5263
f 5223 	1651 	1669
f 5282 	5283 	5630
f 5300 	5301 	5263
f 5275 	11065 	5284
f 5439 	4992 	5293
f 1664 	5289 	5288
f 5289 	1664 	5071
f 5122 	5290 	5286
f 5217 	1650 	5288
f 4323 	4322 	5458
f 5291 	5756 	5285
f 5458 	4322 	4783
f 4257 	4783 	4322
f 5241 	5464 	5245
f 5071 	5217 	5289
f 4389 	5600 	4388
f 4390 	5601 	4389
f 5292 	1654 	5228
f 5295 	5300 	5260
f 5294 	1669 	5291
f 1668 	5291 	1669
f 1669 	5294 	5223
f 5463 	5240 	1342
f 5293 	4992 	5152
f 4377 	5620 	5619
f 5285 	5292 	5291
f 5294 	5291 	5292
f 5294 	5292 	5228
f 1342 	1529 	5463
f 4377 	5619 	5618
f 5297 	5329 	5296
f 5298 	5299 	1671
f 5298 	1671 	1670
f 1671 	5299 	5296
f 1671 	5296 	1672
f 5296 	5299 	5298
f 5296 	5298 	5297
f 1673 	5297 	5298
f 1673 	5298 	1670
f 4311 	5329 	1678
f 5297 	1673 	1681
f 5605 	4382 	4381
f 5321 	5095 	1674
f 5321 	1674 	1675
f 5616 	5615 	4370
f 5267 	5301 	5302
f 5540 	5551 	5290
f 1678 	5329 	1685
f 5329 	5340 	1685
f 5305 	5316 	5304
f 5306 	5318 	5305
f 5308 	5318 	5307
f 5307 	5318 	5306
f 5133 	5134 	5316
f 5134 	5303 	5316
f 5341 	1686 	1685
f 5341 	1685 	5340
f 5331 	5311 	5145
f 5341 	1681 	1686
f 5295 	5471 	5300
f 5312 	5313 	5145
f 5313 	5138 	5145
f 5311 	5331 	5310
f 5385 	4922 	5113
f 5317 	5315 	5308
f 5315 	5318 	5308
f 5319 	5305 	5318
f 5314 	5318 	5315
f 5316 	5305 	5319
f 5346 	1689 	5349
f 1690 	5349 	1689
f 1675 	5323 	5321
f 5324 	5530 	5322
f 5325 	5327 	5530
f 5331 	5530 	5327
f 5323 	1675 	5326
f 1677 	5326 	1675
f 5328 	5331 	5327
f 8167 	8286 	1019
f 5309 	5331 	5330
f 5330 	5331 	5328
f 5310 	5331 	5309
f 8167 	1019 	1018
f 5341 	5333 	1681
f 5333 	5297 	1681
f 8152 	8140 	1190
f 8152 	1190 	1196
f 5326 	5498 	5323
f 5095 	5321 	5501
f 5312 	5145 	5311
f 5341 	5340 	5333
f 4311 	5296 	5329
f 5333 	5329 	5297
f 5332 	5335 	5352
f 5147 	5352 	5335
f 5334 	5146 	5335
f 5147 	5335 	5146
f 5370 	5371 	5526
f 1199 	8156 	1207
f 5339 	1687 	5337
f 1684 	5337 	1687
f 5525 	5526 	5371
f 5325 	5530 	5324
f 5338 	5527 	5331
f 5322 	5530 	5320
f 5320 	5540 	5290
f 5329 	5333 	5340
f 5343 	5360 	5342
f 5349 	5684 	5346
f 4357 	5386 	1400
f 5354 	5350 	5353
f 5352 	5353 	5350
f 5355 	5350 	5354
f 5352 	5350 	5351
f 5352 	5351 	5347
f 5352 	5347 	5348
f 5369 	5352 	5348
f 5188 	5181 	5187
f 1693 	5382 	1399
f 5382 	1693 	1692
f 5360 	5343 	5358
f 5361 	5363 	5342
f 979 	8224 	982
f 1694 	5386 	1684
f 5185 	5342 	5363
f 5360 	5361 	5342
f 1695 	5388 	1692
f 5373 	5366 	5365
f 5344 	5358 	5343
f 5356 	5182 	5363
f 5187 	5182 	5356
f 5383 	5373 	5365
f 5344 	5345 	5358
f 5357 	5358 	5345
f 5352 	5369 	5368
f 5352 	5368 	5332
f 5371 	5373 	5525
f 5366 	5367 	5364
f 5367 	5357 	5345
f 5345 	5364 	5367
f 5383 	5525 	5373
f 5364 	5365 	5366
f 5381 	5380 	5524
f 1695 	1687 	5339
f 5404 	5405 	5375
f 5234 	5404 	5377
f 5214 	5236 	5377
f 5512 	5523 	5378
f 5400 	1696 	5402
f 1697 	5402 	1696
f 1697 	1861 	5402
f 5336 	5479 	4445
f 3088 	2889 	5767
f 1692 	5384 	5382
f 4521 	5336 	4445
f 1694 	1400 	5386
f 4521 	5359 	5336
f 5386 	5337 	1684
f 5388 	5384 	1692
f 5390 	5406 	5389
f 5374 	5391 	5389
f 5391 	5395 	5389
f 5392 	5395 	5391
f 5393 	5395 	5392
f 5394 	5395 	5393
f 5387 	5389 	5395
f 5382 	5388 	5386
f 5396 	5378 	5523
f 5523 	5524 	5380
f 5382 	5384 	5388
f 5339 	5386 	5388
f 5380 	5396 	5523
f 5337 	5386 	5339
f 5178 	5399 	5117
f 5339 	5388 	1695
f 5397 	5398 	5510
f 5379 	5512 	5378
f 5510 	5511 	5397
f 5385 	5857 	5787
f 5117 	5407 	5113
f 5406 	5375 	5405
f 5390 	5375 	5406
f 5374 	5389 	5406
f 5375 	5376 	5404
f 5113 	5407 	5385
f 5407 	5117 	5399
f 5385 	5407 	5857
f 5401 	5403 	5411
f 1704 	5498 	1705
f 5408 	5409 	5412
f 5403 	5412 	5409
f 5409 	5411 	5403
f 5401 	5411 	5242
f 5497 	1707 	1706
f 5416 	5246 	5422
f 5266 	5422 	5244
f 1702 	5501 	1704
f 5418 	5510 	5417
f 5417 	5420 	5412
f 5057 	5421 	5079
f 5408 	5412 	5410
f 5410 	5412 	5420
f 5419 	5510 	5418
f 5420 	5417 	5510
f 5398 	5420 	5510
f 5421 	5057 	5089
f 5414 	5415 	5422
f 5413 	5422 	5424
f 5414 	5422 	5413
f 5570 	5433 	5422
f 5423 	5421 	5089
f 5430 	5515 	5425
f 5431 	5515 	5430
f 5629 	5513 	5566
f 4811 	5438 	5097
f 5362 	4525 	5428
f 4811 	5097 	4809
f 5434 	5079 	5421
f 5543 	1698 	1716
f 5459 	5079 	5434
f 1689 	5346 	1827
f 1725 	5349 	1690
f 5436 	5092 	5072
f 5092 	5436 	5423
f 5436 	5072 	5438
f 5435 	5423 	5436
f 4382 	5605 	5604
f 5362 	5359 	4524
f 4525 	5362 	4524
f 5604 	5603 	4382
f 5436 	5437 	5435
f 5436 	5438 	5437
f 4813 	5438 	4811
f 4525 	4704 	5428
f 5438 	4813 	5437
f 4503 	5688 	4500
f 4567 	5692 	4565
f 965 	962 	8217
f 4503 	5737 	5688
f 5734 	5737 	4565
f 8217 	8219 	965
f 5434 	5460 	5682
f 8224 	979 	980
f 5440 	5421 	5423
f 5421 	5440 	5434
f 5440 	5423 	5435
f 5460 	5434 	5440
f 5440 	5435 	5461
f 5769 	5744 	4546
f 4561 	4562 	5772
f 5773 	5772 	4562
f 4562 	5774 	5773
f 4981 	4987 	5441
f 5772 	5783 	4561
f 5793 	5792 	4589
f 4590 	4589 	5792
f 5444 	5441 	4987
f 5796 	5793 	4588
f 4589 	4588 	5793
f 4587 	5797 	4588
f 5807 	5806 	4586
f 4587 	4586 	5806
f 4595 	4594 	5810
f 4586 	4598 	5812
f 4595 	5814 	4598
f 4992 	5444 	4987
f 5439 	5487 	5442
f 4597 	4560 	5778
f 5481 	5483 	5443
f 5445 	5448 	5184
f 5184 	1898 	5186
f 5446 	5447 	5184
f 5445 	5184 	5447
f 8219 	8261 	850
f 5448 	5454 	5184
f 8261 	8260 	848
f 850 	965 	8219
f 848 	850 	8261
f 5451 	5184 	5449
f 4315 	4316 	5451
f 4315 	5451 	5449
f 897 	8266 	901
f 8270 	8268 	901
f 5442 	5444 	5439
f 5439 	5444 	4992
f 5302 	5301 	5490
f 5452 	5241 	5240
f 5453 	5184 	5451
f 4316 	5453 	5451
f 5446 	5184 	5453
f 8285 	8284 	917
f 5450 	5184 	5454
f 918 	1019 	8286
f 5450 	5455 	5184
f 5792 	1898 	5455
f 5184 	5455 	1898
f 1656 	1639 	5186
f 5455 	5450 	4320
f 4320 	4590 	5455
f 8271 	905 	8268
f 5458 	5457 	4323
f 1729 	5458 	4783
f 902 	8268 	905
f 910 	8281 	909
f 909 	8280 	911
f 8279 	911 	8280
f 4378 	5618 	5625
f 5625 	5617 	4378
f 5694 	5372 	5459
f 911 	8279 	912
f 905 	8271 	906
f 8284 	8281 	916
f 5434 	5682 	5459
f 916 	917 	8284
f 8285 	917 	918
f 5461 	5460 	5440
f 1181 	8318 	1180
f 1183 	1184 	8320
f 4815 	5462 	5437
f 8320 	1184 	8135
f 4815 	5437 	4813
f 8317 	8156 	1180
f 5636 	5460 	5461
f 5462 	5435 	5437
f 5435 	5462 	5461
f 5452 	5240 	5463
f 5464 	5472 	5295
f 5465 	5466 	5463
f 8324 	998 	996
f 8325 	997 	999
f 8332 	8330 	1000
f 5463 	5466 	5452
f 8336 	1002 	1003
f 13091 	4508 	5468
f 8336 	1003 	8337
f 1007 	8337 	1003
f 5293 	5467 	5439
f 8338 	1009 	998
f 1012 	8342 	999
f 5489 	4738 	4739
f 5465 	5463 	1529
f 4741 	5443 	4739
f 1529 	1555 	5465
f 6040 	5466 	5465
f 4531 	4532 	5494
f 4538 	5494 	5470
f 5471 	5488 	5300
f 6067 	5488 	5471
f 5488 	5301 	5300
f 5469 	5470 	5494
f 4539 	4541 	5494
f 4541 	4544 	5494
f 4539 	5494 	4538
f 5469 	305 	5470
f 5473 	5464 	5452
f 5470 	306 	4538
f 5473 	5472 	5464
f 5473 	5452 	5466
f 5476 	5474 	5868
f 5474 	5469 	5868
f 4553 	5868 	4552
f 5494 	5868 	5469
f 5471 	5295 	5472
f 6066 	5471 	5472
f 4552 	7599 	4682
f 6044 	5473 	5466
f 8525 	8524 	1073
f 6045 	6066 	5472
f 4967 	5477 	4996
f 335 	5881 	5886
f 335 	4692 	5881
f 4747 	4754 	4745
f 4754 	5443 	4745
f 5480 	4958 	5302
f 5477 	4967 	5480
f 5477 	5096 	4996
f 5484 	5485 	5477
f 8529 	1081 	1082
f 5477 	5485 	5096
f 4377 	5621 	5620
f 5486 	5480 	5302
f 5484 	5477 	5480
f 5449 	4391 	4315
f 5484 	5480 	5486
f 5098 	5096 	5478
f 5096 	5485 	5478
f 5443 	5483 	5479
f 5105 	5098 	5478
f 5484 	5499 	5485
f 5607 	4381 	4367
f 5443 	5482 	5481
f 5443 	5442 	5482
f 4371 	4370 	5615
f 5443 	5479 	5489
f 4368 	4371 	5613
f 5442 	5487 	5482
f 4368 	5613 	5612
f 5336 	5359 	5489
f 4367 	4369 	5609
f 5649 	4367 	5609
f 5359 	5362 	5489
f 5488 	5490 	5301
f 5336 	5489 	5479
f 4380 	4382 	5603
f 5486 	5302 	5490
f 4380 	5603 	5623
f 5488 	6067 	5491
f 4371 	5615 	5614
f 5488 	5491 	5490
f 4445 	5479 	4442
f 4370 	5743 	5616
f 5491 	5492 	5490
f 5486 	5490 	5492
f 5691 	4565 	5692
f 5732 	5731 	4500
f 4501 	5731 	5730
f 1718 	1717 	5676
f 5471 	6066 	6067
f 5693 	1722 	1721
f 5491 	5517 	5492
f 4540 	5741 	4542
f 1724 	1723 	5698
f 4542 	5740 	5739
f 5428 	5494 	5362
f 1724 	5698 	1725
f 4523 	4492 	5105
f 5738 	4545 	5739
f 1698 	5543 	5493
f 5478 	4523 	5105
f 5495 	1699 	5493
f 1698 	5493 	1699
f 1677 	1699 	5326
f 5495 	5326 	1699
f 5489 	5362 	5494
f 5543 	5497 	5493
f 5495 	5493 	5497
f 5497 	5498 	5495
f 4533 	5489 	5494
f 4545 	5745 	4546
f 4523 	5478 	5496
f 5497 	1706 	5498
f 1705 	5498 	1706
f 5500 	5484 	5486
f 5492 	5500 	5486
f 5425 	5510 	5419
f 5508 	5868 	5494
f 5501 	1702 	5226
f 5498 	1704 	5501
f 5500 	5499 	5484
f 4559 	5780 	4560
f 5779 	4560 	5780
f 5326 	5495 	5498
f 5501 	5321 	5323
f 5496 	5478 	5485
f 4559 	5781 	5780
f 5502 	5422 	5505
f 5504 	5505 	5422
f 5506 	5422 	5503
f 5502 	5503 	5422
f 5507 	5422 	5506
f 5509 	5422 	5507
f 5424 	5422 	5509
f 5485 	5499 	5496
f 5512 	5379 	5511
f 5515 	5431 	5514
f 5500 	5492 	5516
f 5514 	5426 	5513
f 5517 	5516 	5492
f 5500 	4555 	5499
f 5520 	5678 	5519
f 5595 	5662 	5594
f 5522 	5594 	5662
f 5499 	4555 	4554
f 4565 	5691 	5734
f 5510 	5425 	5515
f 5379 	5397 	5511
f 5429 	5514 	5431
f 5426 	5514 	5429
f 4567 	5735 	5692
f 4388 	5599 	4567
f 4555 	5500 	5516
f 5338 	5370 	5526
f 5499 	4554 	5496
f 4503 	4565 	5737
f 4554 	4528 	5496
f 4528 	4523 	5496
f 5534 	5683 	5533
f 5532 	5533 	5683
f 5535 	5683 	5534
f 5536 	5683 	5535
f 5537 	5683 	5536
f 5538 	5683 	5537
f 5539 	5683 	5538
f 5528 	5683 	5539
f 5518 	5683 	5528
f 5524 	5525 	5381
f 5383 	5381 	5525
f 5527 	5338 	5526
f 5744 	5743 	4546
f 4370 	4546 	5743
f 5540 	5320 	5530
f 5530 	5331 	5529
f 5286 	5290 	5551
f 5529 	5331 	5527
f 5498 	5501 	5323
f 5746 	5745 	4545
f 5769 	4546 	5745
f 5543 	5546 	5547
f 5543 	5547 	5497
f 1707 	5497 	1711
f 5547 	1711 	5497
f 5481 	5482 	4507
f 5479 	5483 	4442
f 4442 	5483 	4514
f 5439 	5468 	5487
f 1077 	8513 	1078
f 5468 	4508 	5487
f 8512 	8517 	1078
f 5517 	4571 	5516
f 4571 	4573 	5516
f 1086 	8520 	1085
f 4501 	5775 	5774
f 1163 	8521 	1086
f 8520 	1086 	8521
f 9056 	8521 	1060
f 8522 	8523 	1072
f 4511 	4514 	5481
f 1067 	8586 	1072
f 8529 	8528 	1081
f 5683 	5550 	5554
f 5683 	5554 	5555
f 5683 	5555 	5556
f 5683 	5556 	5557
f 5683 	5557 	5558
f 5683 	5558 	5559
f 5683 	5559 	5552
f 5552 	5553 	5683
f 5683 	5553 	5560
f 5531 	5532 	5683
f 5545 	5564 	5544
f 8525 	1073 	1084
f 5562 	5287 	5561
f 8534 	1172 	1074
f 5541 	5287 	5562
f 5542 	5564 	5541
f 5544 	5564 	5542
f 5551 	5561 	5287
f 5287 	5286 	5551
f 8534 	8536 	1172
f 5563 	5564 	5545
f 5287 	5541 	5564
f 5567 	5571 	5629
f 4511 	5481 	4507
f 5432 	5433 	5566
f 4508 	4507 	5482
f 1066 	991 	8587
f 8587 	8586 	1066
f 5568 	5273 	5569
f 5274 	5569 	5273
f 992 	8330 	8588
f 5570 	5566 	5433
f 5433 	5504 	5422
f 5271 	5566 	5570
f 8588 	8587 	991
f 4508 	5482 	5487
f 5566 	5567 	5629
f 5483 	5481 	4514
f 5627 	5592 	5634
f 991 	992 	8588
f 5489 	4739 	5443
f 5573 	5575 	5572
f 5575 	5576 	5572
f 5574 	5576 	5575
f 5576 	5577 	5572
f 5577 	5578 	5572
f 5578 	5579 	5572
f 5579 	5589 	5572
f 5589 	5590 	5572
f 5443 	4754 	7077
f 5584 	5276 	5583
f 5585 	5276 	5584
f 5276 	5632 	5583
f 5277 	5279 	5585
f 5581 	5582 	5632
f 5582 	5583 	5632
f 5468 	5439 	5467
f 5590 	5587 	5572
f 5587 	5588 	5572
f 5588 	5569 	5572
f 5274 	5572 	5569
f 5592 	5593 	5634
f 5591 	5592 	5627
f 5632 	5634 	5593
f 5547 	1712 	1711
f 5586 	5632 	5593
f 5580 	5632 	5586
f 5549 	5596 	5597
f 5549 	5598 	5596
f 5549 	2683 	5598
f 5823 	5598 	2682
f 5735 	5599 	5456
f 5600 	5601 	7911
f 5601 	5602 	7911
f 5598 	5832 	5596
f 5599 	4388 	5600
f 5602 	5449 	7911
f 5600 	4389 	5601
f 5184 	7911 	5449
f 5601 	4390 	5602
f 4391 	5602 	4390
f 4391 	5449 	5602
f 6095 	5549 	5597
f 5599 	5600 	5456
f 5735 	4567 	5599
f 5605 	5607 	5604
f 5606 	5607 	5605
f 5603 	5604 	5607
f 5603 	5607 	5608
f 5608 	5649 	5603
f 5603 	5609 	5610
f 5603 	5610 	5611
f 5603 	5611 	5612
f 5603 	5612 	5613
f 5603 	5613 	5614
f 5603 	5614 	5615
f 5603 	5615 	5616
f 5616 	5743 	5603
f 5617 	5625 	5603
f 5603 	5625 	5618
f 5603 	5618 	5619
f 5603 	5619 	5620
f 5621 	5623 	5620
f 5622 	5623 	5621
f 5603 	5620 	5623
f 5624 	5597 	5626
f 4540 	4378 	5617
f 5657 	5637 	5595
f 5521 	5522 	5662
f 5427 	5432 	5513
f 5426 	5427 	5513
f 5432 	5566 	5513
f 5627 	5628 	5571
f 5628 	5629 	5571
f 5646 	5462 	4814
f 5581 	5632 	5580
f 4814 	5462 	4815
f 5632 	5633 	5634
f 5571 	5591 	5627
f 5639 	5595 	5638
f 4377 	4380 	5621
f 5608 	5607 	4367
f 5606 	5605 	4381
f 5636 	5643 	5635
f 5640 	5644 	5645
f 4369 	4368 	5611
f 5461 	5646 	5636
f 5640 	5645 	5714
f 5646 	5461 	5462
f 5636 	5646 	5643
f 5611 	5610 	4369
f 5646 	4814 	4817
f 5647 	5648 	5644
f 5647 	5644 	5640
f 5645 	5644 	5648
f 5609 	5603 	5649
f 5650 	11209 	5642
f 4817 	5643 	5646
f 5651 	11126 	5650
f 5608 	4367 	5649
f 5632 	5631 	5654
f 4381 	5607 	5606
f 5633 	5632 	5654
f 5631 	11135 	5654
f 5648 	5714 	5645
f 5655 	5656 	5658
f 5656 	5637 	5658
f 5660 	5637 	5659
f 5656 	5659 	5637
f 5657 	5658 	5637
f 5638 	5595 	5637
f 5661 	5595 	5639
f 5662 	5595 	5661
f 5663 	5672 	5521
f 5662 	5663 	5521
f 5519 	5683 	5518
f 1713 	5546 	1715
f 5543 	1715 	5546
f 4816 	5643 	4817
f 5178 	5667 	5399
f 1715 	5543 	1716
f 5667 	5178 	5372
f 5694 	5667 	5372
f 5673 	5521 	5672
f 5675 	5521 	5674
f 5673 	5674 	5521
f 5677 	5521 	5675
f 5520 	5521 	5678
f 5679 	5519 	5678
f 5680 	5519 	5679
f 5681 	5519 	5680
f 5683 	5519 	5681
f 5677 	5678 	5521
f 1725 	5684 	5349
f 5685 	1718 	5676
f 5732 	5687 	5457
f 5688 	5737 	5457
f 5689 	1719 	5685
f 1718 	5685 	1719
f 5560 	5531 	5683
f 1719 	5689 	1720
f 5399 	5667 	5690
f 5735 	5456 	5692
f 5691 	5692 	5456
f 5686 	1741 	5666
f 5668 	1741 	5686
f 5669 	5670 	1741
f 5670 	5671 	1741
f 5671 	5641 	1741
f 11137 	1741 	5641
f 5652 	11135 	5651
f 5642 	11209 	5641
f 1720 	5689 	1721
f 5693 	1721 	5689
f 5665 	1741 	5664
f 5666 	1741 	5665
f 5565 	5550 	5683
f 5696 	5565 	5683
f 5694 	5459 	5682
f 5695 	5664 	5697
f 5698 	1723 	5790
f 5698 	5684 	1725
f 5761 	5346 	5676
f 5684 	5676 	5346
f 8647 	990 	989
f 5790 	5689 	5698
f 5689 	5685 	5698
f 5684 	5698 	5685
f 5684 	5685 	5676
f 990 	8647 	995
f 5702 	5682 	5460
f 5285 	1726 	1661
f 8645 	8644 	988
f 5754 	1727 	1726
f 5667 	5700 	5690
f 995 	8646 	988
f 8645 	988 	8646
f 5700 	5667 	5694
f 995 	8647 	8646
f 5690 	5700 	5699
f 8643 	1070 	1068
f 5694 	5682 	5701
f 5700 	5694 	5701
f 1817 	5708 	1819
f 1068 	1069 	8643
f 5701 	5682 	5702
f 5701 	5703 	5700
f 5708 	5756 	1819
f 5701 	5702 	5704
f 1821 	1727 	5758
f 1727 	5754 	5758
f 1825 	1824 	5709
f 5703 	5701 	5704
f 1825 	5710 	1826
f 5710 	5546 	1826
f 1824 	1821 	5758
f 1827 	5346 	5761
f 1837 	5676 	1717
f 5700 	5703 	5699
f 1905 	5764 	1833
f 1833 	5764 	1834
f 5460 	5636 	5702
f 1827 	5761 	1829
f 5635 	5702 	5636
f 5719 	5699 	5703
f 632 	8700 	633
f 8699 	633 	8700
f 5693 	1838 	1722
f 1829 	5771 	1843
f 8699 	8701 	633
f 637 	8790 	638
f 5765 	5771 	1829
f 5635 	5704 	5702
f 5705 	5704 	5635
f 5707 	1815 	5706
f 1814 	5706 	1815
f 641 	8704 	1007
f 1815 	5707 	1816
f 5635 	5643 	5713
f 638 	8789 	641
f 1817 	1816 	5708
f 5707 	5708 	1816
f 1814 	1712 	5706
f 5547 	5706 	1712
f 1009 	8338 	1011
f 4816 	5713 	5643
f 5709 	5710 	1825
f 648 	8794 	632
f 5722 	5705 	5711
f 5705 	5712 	5711
f 5635 	5713 	5705
f 5712 	5705 	5713
f 5713 	4816 	4818
f 4818 	5712 	5713
f 5729 	5712 	4818
f 5865 	5715 	5714
f 5719 	5717 	5699
f 5703 	5722 	5719
f 5722 	5703 	5704
f 8940 	8939 	593
f 12825 	5640 	5714
f 8949 	8948 	581
f 12825 	5714 	12827
f 8941 	8949 	583
f 8943 	590 	589
f 5717 	5718 	5716
f 5717 	5719 	5718
f 8940 	593 	590
f 5719 	5720 	5718
f 5722 	5704 	5705
f 5719 	5722 	5720
f 5711 	5720 	5722
f 9012 	8953 	586
f 5120 	5286 	8041
f 5718 	5720 	5725
f 8043 	5121 	8041
f 5120 	8041 	5121
f 5725 	5720 	5726
f 5996 	5122 	5723
f 5726 	5720 	5711
f 5724 	5716 	5718
f 5316 	6085 	5131
f 5716 	5724 	5935
f 5749 	5124 	5123
f 5126 	5125 	5751
f 5749 	5751 	5125
f 5718 	5725 	5724
f 5749 	5125 	5124
f 5128 	5126 	5751
f 5748 	5132 	5131
f 5596 	5626 	5597
f 5727 	5728 	5624
f 5730 	5731 	5457
f 5732 	5457 	5731
f 4501 	4500 	5731
f 5313 	6065 	5138
f 5138 	5750 	5123
f 5733 	12802 	5165
f 5687 	5688 	5457
f 5139 	5130 	5789
f 5747 	5789 	5130
f 5726 	6169 	5725
f 6170 	5725 	6169
f 5732 	4500 	5687
f 5122 	5139 	5723
f 5789 	5723 	5139
f 5737 	5734 	5456
f 5142 	5801 	5143
f 6169 	5726 	6171
f 5798 	5144 	5801
f 5143 	5801 	5144
f 5160 	5785 	5162
f 5736 	5711 	5712
f 5711 	5736 	5726
f 5162 	5785 	5786
f 5736 	5712 	5729
f 5144 	5798 	5799
f 5144 	5799 	5145
f 5736 	6172 	5726
f 5456 	5457 	5737
f 5729 	6173 	5736
f 5691 	5456 	5734
f 4800 	6164 	5729
f 4922 	5767 	2889
f 5758 	5708 	5709
f 5707 	5709 	5708
f 5710 	5709 	5707
f 5707 	5706 	5710
f 5546 	5710 	5706
f 5741 	5603 	5740
f 5742 	5603 	5741
f 5739 	5740 	5603
f 5617 	5603 	5742
f 5738 	5739 	5603
f 5743 	5744 	5603
f 5744 	5769 	5603
f 5746 	5603 	5745
f 5738 	5603 	5746
f 5767 	5768 	3088
f 3117 	5768 	5777
f 4540 	5617 	5742
f 5740 	4542 	5741
f 5547 	5546 	5706
f 5749 	5123 	5750
f 4542 	5739 	4545
f 1713 	1826 	5546
f 5709 	1824 	5758
f 4540 	5742 	5741
f 5782 	3182 	5776
f 5130 	5128 	5747
f 5747 	5128 	5751
f 5752 	1726 	5285
f 5753 	5132 	5748
f 1726 	5752 	5754
f 5132 	5753 	5136
f 5133 	5753 	5755
f 5133 	5755 	5134
f 5754 	5752 	5756
f 5752 	5285 	5756
f 5291 	1668 	5756
f 1820 	5756 	1668
f 1820 	1819 	5756
f 5626 	5727 	5624
f 5626 	5760 	5727
f 5756 	5708 	5754
f 5758 	5754 	5708
f 1837 	5763 	5676
f 5841 	1905 	1838
f 5760 	5958 	5727
f 5855 	5626 	5596
f 5764 	5766 	1834
f 5855 	5760 	5626
f 5765 	1829 	5761
f 5648 	5647 	5864
f 1834 	5766 	1835
f 1836 	5763 	1837
f 5763 	1836 	5766
f 1835 	5766 	1836
f 3117 	3088 	5768
f 5745 	5603 	5769
f 1838 	5693 	5841
f 5770 	5959 	5760
f 5746 	4545 	5738
f 1406 	5772 	5457
f 5773 	5457 	5772
f 5775 	5457 	5774
f 5730 	5457 	5775
f 5773 	5774 	5457
f 5766 	5765 	5763
f 5676 	5763 	5761
f 3116 	5776 	3182
f 4501 	5730 	5775
f 5837 	5771 	5764
f 5765 	5766 	5771
f 5761 	5763 	5765
f 5776 	3116 	5777
f 5714 	5648 	5864
f 5779 	5780 	1406
f 5863 	5777 	5768
f 5777 	5863 	5866
f 5781 	1406 	5780
f 5865 	5714 	5864
f 5790 	1723 	1846
f 5772 	1406 	5783
f 5781 	5783 	1406
f 4559 	4561 	5783
f 5783 	5781 	4559
f 5795 	5402 	1861
f 5457 	5458 	1406
f 3221 	5782 	5920
f 5817 	1864 	1863
f 5920 	5782 	5922
f 1866 	5804 	1867
f 5815 	5811 	4594
f 5767 	5787 	5768
f 5767 	4922 	5385
f 5796 	4588 	5797
f 5385 	5787 	5767
f 4587 	5800 	5797
f 5806 	5800 	4587
f 5822 	1870 	1869
f 1870 	5822 	1872
f 5136 	5753 	5133
f 5813 	5812 	4598
f 1864 	5817 	1876
f 1876 	5817 	1866
f 587 	586 	8953
f 5790 	1846 	5791
f 1845 	5791 	1846
f 5815 	4594 	4597
f 8953 	589 	587
f 5748 	5723 	5747
f 4560 	5779 	5778
f 1845 	1844 	5791
f 5788 	5791 	1844
f 5753 	5748 	5747
f 5753 	5747 	5751
f 5750 	5755 	5749
f 5792 	5455 	4590
f 5843 	1906 	5400
f 5753 	5751 	5755
f 5751 	5749 	5755
f 5793 	1898 	5792
f 5793 	5796 	1898
f 5797 	5800 	1898
f 5996 	5723 	5748
f 5747 	5723 	5789
f 569 	9013 	9012
f 1680 	1898 	5800
f 1861 	5804 	5795
f 5800 	5806 	1680
f 9013 	569 	9014
f 5799 	5798 	5801
f 5802 	5799 	5801
f 5959 	5958 	5760
f 5836 	5841 	5788
f 5788 	5693 	5791
f 5790 	5791 	5693
f 5790 	5693 	5689
f 5794 	5400 	5795
f 5402 	5795 	5400
f 5795 	5804 	5794
f 5142 	5803 	5801
f 5802 	5805 	5147
f 5802 	5147 	5146
f 5807 	1680 	5806
f 5801 	5803 	5802
f 5805 	5802 	5803
f 5831 	5828 	5803
f 5808 	1406 	5807
f 5808 	5807 	4586
f 4586 	5812 	5808
f 5153 	5825 	5183
f 5814 	5809 	1406
f 5809 	5810 	1406
f 5810 	5811 	1406
f 5811 	5815 	1406
f 5815 	5816 	1406
f 4594 	5811 	5810
f 9012 	586 	569
f 5155 	5829 	5179
f 5181 	5824 	5182
f 5809 	4595 	5810
f 5183 	5824 	5181
f 5812 	1406 	5808
f 1680 	5807 	1406
f 5814 	1406 	5813
f 5824 	6229 	5182
f 255 	9052 	550
f 5187 	5827 	5188
f 5813 	4598 	5814
f 9003 	551 	550
f 551 	9004 	553
f 5809 	5814 	4595
f 5187 	5356 	5827
f 9023 	554 	9005
f 553 	9005 	554
f 556 	9018 	558
f 5816 	5815 	4597
f 5779 	1406 	5778
f 4597 	5778 	5816
f 570 	9014 	569
f 5816 	5778 	1406
f 9014 	570 	9015
f 572 	9015 	570
f 5458 	1728 	1406
f 558 	9016 	572
f 9015 	572 	9016
f 5194 	5193 	5867
f 1728 	5458 	1729
f 1861 	1867 	5804
f 5817 	1863 	5818
f 5195 	5874 	5196
f 1866 	5820 	5804
f 1873 	5821 	1874
f 1853 	5794 	1869
f 5211 	5875 	5212
f 5821 	1933 	1874
f 5875 	5871 	5212
f 1872 	5822 	1873
f 5821 	1873 	5822
f 5834 	5201 	5199
f 5834 	5825 	5201
f 1869 	5794 	5822
f 5208 	5207 	5835
f 5817 	5820 	1866
f 5876 	5202 	5203
f 5822 	5820 	5821
f 5817 	5821 	5820
f 5858 	6004 	5770
f 5209 	5877 	5203
f 5820 	5822 	5804
f 5770 	6004 	5959
f 5817 	5818 	5821
f 5794 	5804 	5822
f 1696 	5400 	1906
f 1902 	1878 	5837
f 5835 	5207 	5206
f 5728 	6102 	5624
f 5867 	5874 	5194
f 1905 	5841 	5764
f 5771 	5837 	1843
f 5961 	6103 	5728
f 1941 	1906 	5843
f 5838 	5204 	5889
f 2732 	5823 	2682
f 5849 	1924 	1923
f 5849 	1923 	5848
f 5153 	5201 	5825
f 5818 	1925 	5849
f 5824 	5183 	5825
f 5185 	5182 	6229
f 1937 	5850 	1938
f 5827 	5828 	5188
f 5829 	5155 	5828
f 5188 	5828 	5155
f 5850 	1937 	1935
f 5831 	5803 	5179
f 5803 	5142 	5179
f 5829 	5831 	5179
f 5825 	5889 	5824
f 5824 	5889 	6229
f 2737 	2742 	5826
f 5830 	5826 	2742
f 1925 	5818 	1863
f 5827 	6204 	5828
f 5805 	5803 	5828
f 5832 	5598 	5823
f 5829 	5828 	5831
f 5823 	5826 	5833
f 1942 	5848 	1923
f 5834 	5199 	5198
f 5862 	1943 	361
f 361 	374 	5862
f 1943 	5862 	363
f 5823 	5833 	5832
f 5823 	2732 	5826
f 5836 	1902 	5837
f 5204 	5838 	5205
f 2732 	2737 	5826
f 1902 	5836 	1903
f 5788 	1903 	5836
f 1844 	1903 	5788
f 5839 	5840 	1240
f 5830 	1240 	5840
f 5215 	5889 	5204
f 5205 	5838 	5206
f 5839 	5833 	5840
f 5833 	5826 	5840
f 5835 	5206 	5838
f 5826 	5830 	5840
f 5196 	5842 	5197
f 1878 	1843 	5837
f 5786 	5733 	5165
f 1922 	5845 	5794
f 1853 	1922 	5794
f 5839 	5844 	5833
f 5845 	1922 	1940
f 5832 	5833 	5846
f 5836 	5837 	5764
f 5859 	5852 	1240
f 5841 	5836 	5764
f 5766 	5764 	5771
f 5693 	5788 	5841
f 5844 	5839 	1240
f 5400 	5794 	5843
f 5845 	5843 	5794
f 5847 	5757 	5784
f 5850 	5851 	1938
f 5757 	5847 	5759
f 5852 	5844 	1240
f 5821 	5853 	1933
f 1934 	1933 	5853
f 5852 	5846 	5844
f 5833 	5844 	5846
f 1934 	5853 	1935
f 1935 	5853 	5850
f 5852 	5859 	5846
f 1938 	5851 	1939
f 5845 	1940 	5851
f 1939 	5851 	1940
f 5854 	5759 	5847
f 5855 	5596 	5832
f 5854 	5647 	5762
f 1924 	5849 	1925
f 5854 	5762 	5759
f 5832 	5846 	5855
f 5848 	5861 	5850
f 5849 	5848 	5850
f 5850 	5853 	5849
f 5818 	5849 	5853
f 5818 	5853 	5821
f 5770 	5760 	5855
f 5787 	5857 	5856
f 5770 	5855 	5846
f 5843 	5860 	1941
f 5861 	1942 	5860
f 1941 	5860 	1942
f 5847 	5784 	5786
f 5858 	5770 	5859
f 5846 	5859 	5770
f 1942 	5861 	5848
f 363 	5862 	377
f 5733 	5786 	5784
f 5787 	5863 	5768
f 5860 	5843 	5845
f 5845 	5851 	5860
f 5861 	5860 	5851
f 5851 	5850 	5861
f 5863 	5787 	5856
f 5863 	5856 	5870
f 5856 	5857 	5890
f 5647 	5854 	5864
f 5197 	5842 	5198
f 5834 	5198 	5842
f 5866 	5776 	5777
f 5835 	5838 	5834
f 5842 	5835 	5834
f 5889 	5825 	5838
f 5834 	5838 	5825
f 7077 	7080 	5442
f 5222 	5914 	5193
f 5508 	5548 	5868
f 5870 	5866 	5863
f 5475 	5476 	5868
f 5870 	5856 	5888
f 12807 	5784 	12805
f 5213 	5871 	5216
f 5872 	5776 	5866
f 5776 	5872 	5782
f 5475 	5868 	4553
f 5866 	5870 	5873
f 5872 	5866 	5873
f 5196 	5874 	5842
f 5875 	5211 	5210
f 5875 	5210 	5876
f 7613 	4680 	7612
f 5213 	5212 	5871
f 5782 	5872 	5922
f 5835 	5877 	5208
f 5209 	5208 	5877
f 5872 	5873 	5923
f 5876 	5203 	5877
f 5640 	12809 	5647
f 5202 	5876 	5210
f 5647 	12814 	12816
f 5195 	5194 	5874
f 5914 	5875 	5867
f 5878 	5880 	5879
f 5407 	5399 	5883
f 5407 	5883 	5857
f 12819 	5759 	12818
f 5762 	12818 	5759
f 5690 	5883 	5399
f 5881 	5880 	5878
f 6005 	6006 	5879
f 5762 	5647 	12816
f 5757 	12805 	5784
f 5857 	5883 	5890
f 5883 	5690 	5895
f 12812 	12805 	5757
f 5875 	5876 	5867
f 5874 	5867 	5876
f 5876 	5877 	5874
f 5759 	12813 	5757
f 12812 	5757 	12813
f 5881 	5878 	5886
f 5885 	5886 	5878
f 5871 	5875 	5914
f 5835 	5842 	5877
f 5759 	12819 	12813
f 4688 	12294 	5887
f 5877 	5842 	5874
f 5784 	12831 	5733
f 5690 	5699 	5895
f 5238 	5216 	5918
f 5786 	12506 	12507
f 5214 	5889 	5215
f 5786 	12507 	5847
f 6280 	6229 	5889
f 12507 	12508 	5847
f 4692 	5887 	5881
f 5880 	5881 	5887
f 4688 	5887 	4692
f 5847 	12508 	5854
f 5912 	5219 	5218
f 4571 	5882 	5924
f 5786 	5785 	12506
f 5220 	5219 	5912
f 5913 	5221 	5220
f 5890 	5888 	5856
f 12501 	5865 	5864
f 5890 	5900 	5888
f 5235 	5934 	5224
f 5883 	5895 	5890
f 5224 	5915 	5222
f 5893 	6105 	5892
f 5890 	5895 	5900
f 5229 	5917 	5230
f 5895 	5699 	5717
f 5221 	5913 	5229
f 5917 	5229 	5913
f 5965 	5966 	5896
f 5891 	5896 	5897
f 5894 	5891 	5897
f 5230 	5917 	5401
f 5888 	5902 	5870
f 5721 	5715 	5898
f 5865 	5898 	5715
f 5404 	5234 	5931
f 5888 	5900 	5899
f 5915 	5224 	5934
f 5900 	5716 	5899
f 5871 	5918 	5216
f 5918 	5931 	5236
f 5895 	5717 	5900
f 5716 	5900 	5717
f 5236 	5238 	5918
f 5870 	5902 	5873
f 5902 	5888 	5899
f 5930 	5869 	5884
f 5869 	5930 	5921
f 5916 	5227 	5247
f 9293 	1973 	1972
f 560 	9024 	576
f 5251 	5949 	5218
f 5257 	5952 	5258
f 5258 	5946 	5259
f 554 	9023 	55
f 8644 	9033 	987
f 480 	580 	9047
f 5248 	5954 	5261
f 5946 	5264 	5259
f 5957 	5266 	5264
f 5910 	5909 	5911
f 5220 	5912 	5913
f 9051 	9050 	477
f 5911 	1240 	5910
f 5867 	5193 	5914
f 13220 	13221 	5721
f 9051 	477 	476
f 5915 	5914 	5222
f 580 	8938 	9047
f 481 	9049 	476
f 5921 	5908 	5907
f 5912 	5916 	5913
f 478 	477 	9050
f 476 	9048 	9051
f 5915 	5871 	5914
f 5934 	5918 	5915
f 9047 	9049 	480
f 5904 	12296 	5903
f 12285 	12284 	5992
f 5905 	12286 	5904
f 5902 	5899 	5928
f 5919 	5869 	5921
f 5906 	5901 	8376
f 5923 	5922 	5872
f 5873 	5926 	5923
f 5902 	5926 	5873
f 5928 	5926 	5902
f 5882 	5919 	5924
f 5899 	5716 	5935
f 5899 	5935 	5928
f 5919 	5925 	5924
f 5919 	5921 	5925
f 4609 	4579 	5924
f 5234 	5236 	5931
f 5924 	5925 	4609
f 5920 	5922 	6178
f 6179 	6177 	5923
f 6179 	5923 	5926
f 6181 	6180 	5928
f 5928 	6182 	6181
f 5239 	5936 	5934
f 5239 	5934 	5235
f 5242 	5936 	5239
f 5999 	8634 	5998
f 5928 	5935 	6182
f 6321 	5936 	5242
f 5933 	5932 	5937
f 5243 	5244 	5939
f 5938 	5939 	5244
f 5246 	5938 	5244
f 5243 	5939 	5247
f 5247 	5939 	5916
f 5913 	5939 	5917
f 5938 	6327 	6324
f 4654 	4653 	11592
f 4629 	4630 	11591
f 5871 	5915 	5918
f 5934 	5936 	5931
f 4659 	4660 	11618
f 5908 	5921 	5930
f 6196 	11619 	4702
f 4795 	4794 	11671
f 5921 	5907 	5925
f 5918 	5934 	5931
f 5938 	5917 	5939
f 5942 	5943 	5944
f 5944 	6524 	5942
f 1996 	9214 	1977
f 5939 	5913 	5916
f 5943 	5948 	5947
f 5218 	5949 	5912
f 5943 	5942 	5950
f 5943 	5950 	5948
f 5252 	5951 	5250
f 5949 	5250 	5951
f 5250 	5949 	5251
f 9052 	255 	9050
f 5256 	5952 	5257
f 5946 	5258 	5952
f 11606 	4762 	11608
f 5255 	5953 	5256
f 5952 	5256 	5953
f 5916 	5253 	5227
f 5916 	5953 	5253
f 5254 	5253 	5953
f 5254 	5953 	5255
f 5262 	5954 	5951
f 5262 	5951 	5252
f 5261 	5954 	5262
f 6470 	5956 	5967
f 5946 	5952 	5954
f 5967 	5946 	5954
f 5884 	5960 	5930
f 5952 	5953 	5951
f 5949 	5951 	5953
f 5912 	5949 	5953
f 5951 	5954 	5952
f 5942 	5945 	5950
f 6776 	6772 	11351
f 7011 	9832 	7036
f 6986 	10013 	6985
f 7012 	10013 	7011
f 5947 	10013 	6986
f 5948 	4347 	5947
f 5912 	5953 	5916
f 5956 	5264 	5946
f 5264 	5956 	5957
f 2138 	8875 	2139
f 5972 	5269 	5268
f 5972 	5268 	5971
f 5964 	5271 	5270
f 5974 	5274 	5973
f 5273 	5973 	5274
f 5275 	5977 	5276
f 5960 	5884 	5819
f 5277 	5979 	5278
f 5961 	5960 	5819
f 5728 	5727 	5962
f 5963 	5270 	5972
f 5270 	5269 	5972
f 5270 	5963 	5964
f 5961 	5728 	5962
f 5967 	5272 	6470
f 5272 	5570 	6470
f 5248 	5967 	5954
f 5961 	5968 	5960
f 5970 	5983 	5969
f 5966 	5969 	5984
f 5970 	6054 	5983
f 5248 	5272 	5967
f 5972 	5964 	5963
f 5946 	5967 	5956
f 5962 	5968 	5961
f 5727 	5958 	5962
f 5981 	5971 	5268
f 5955 	5968 	5962
f 6025 	5968 	5955
f 5958 	5955 	5962
f 5940 	6261 	8709
f 11480 	11479 	4440
f 11480 	4440 	4472
f 55 	9131 	86
f 11483 	11482 	4473
f 5975 	5941 	5940
f 4475 	4551 	11483
f 4551 	4584 	11483
f 5940 	5976 	5975
f 5971 	5974 	5973
f 5964 	5972 	5973
f 5971 	5973 	5972
f 9065 	87 	86
f 4473 	4475 	11483
f 1064 	8640 	989
f 1070 	8642 	1058
f 5981 	5979 	5971
f 5977 	5275 	5284
f 5977 	5978 	5276
f 5977 	5994 	5978
f 71 	9079 	74
f 6488 	5979 	5277
f 5980 	5279 	5979
f 5278 	5979 	5279
f 5268 	5280 	5981
f 5279 	5980 	5981
f 5279 	5981 	5280
f 6481 	5974 	5979
f 5980 	5979 	5981
f 5891 	5965 	5896
f 5984 	5969 	5983
f 5984 	5896 	5966
f 5989 	5283 	5282
f 5988 	5284 	5281
f 5983 	6054 	5982
f 5986 	5987 	1931
f 5989 	5282 	5991
f 5988 	5994 	5284
f 5994 	5977 	5284
f 11612 	4725 	11613
f 5988 	11261 	5989
f 5988 	5991 	5994
f 6588 	5978 	5991
f 5989 	5991 	5988
f 5994 	5991 	5978
f 12222 	12285 	5992
f 5992 	5993 	12222
f 6054 	12222 	5990
f 5276 	5978 	6588
f 5286 	8038 	8041
f 8043 	5287 	5121
f 8038 	5286 	5287
f 5996 	5290 	5122
f 11478 	11477 	4437
f 5941 	5932 	6223
f 5898 	5937 	6000
f 5975 	5932 	5941
f 5134 	5755 	5303
f 5303 	6059 	5304
f 8662 	8660 	5976
f 5999 	5998 	5975
f 5999 	5975 	5976
f 11598 	4447 	11599
f 5998 	5898 	6000
f 9217 	8718 	2202
f 5311 	5310 	6063
f 9217 	2202 	2000
f 5997 	5999 	5976
f 5309 	6064 	5310
f 5311 	6063 	5312
f 6000 	5937 	5932
f 6000 	5932 	5975
f 2174 	2233 	8750
f 5998 	6000 	5975
f 6079 	6078 	5315
f 6079 	5315 	5317
f 4447 	11598 	4479
f 6123 	6125 	5898
f 6002 	6001 	5898
f 4716 	11617 	4717
f 6021 	5955 	5958
f 6237 	3316 	6387
f 6123 	5898 	6122
f 619 	6387 	3316
f 6001 	6002 	6127
f 5995 	1915 	5987
f 6003 	5959 	6004
f 5878 	5879 	6006
f 6035 	6032 	5898
f 6013 	6014 	5898
f 6002 	5898 	6014
f 6001 	6122 	5898
f 9097 	1044 	9098
f 6008 	6010 	6009
f 6003 	6007 	5959
f 6009 	6014 	6013
f 6019 	5898 	6017
f 6013 	5898 	6019
f 5968 	6030 	5960
f 6019 	6017 	6008
f 6019 	6008 	6009
f 5968 	6025 	6030
f 6016 	5878 	6018
f 5885 	5878 	6015
f 6015 	5878 	6016
f 6011 	6018 	5878
f 6013 	6019 	6009
f 6022 	5955 	6021
f 5955 	6022 	6025
f 1240 	6026 	6007
f 1918 	5995 	6023
f 5959 	6007 	6021
f 6026 	6021 	6007
f 6034 	1240 	6031
f 6028 	1240 	6027
f 6034 	6027 	1240
f 6026 	1240 	6028
f 6026 	6028 	6021
f 6009 	6127 	6014
f 6021 	6028 	6022
f 6029 	6010 	6008
f 6027 	6022 	6028
f 6030 	5908 	5930
f 5908 	6030 	5909
f 6030 	6025 	5909
f 1240 	5987 	5986
f 6031 	1240 	5911
f 5911 	6025 	6031
f 6033 	6046 	6029
f 1315 	1316 	5986
f 9117 	77 	78
f 6022 	6031 	6025
f 6008 	6033 	6029
f 6025 	5911 	5909
f 6032 	6033 	6008
f 2030 	6039 	5985
f 6017 	5898 	6032
f 5985 	1929 	2030
f 6017 	6032 	6008
f 6021 	5958 	5959
f 1914 	5987 	1915
f 6023 	1917 	1918
f 6023 	6024 	1917
f 1919 	1917 	6024
f 6034 	6031 	6022
f 6027 	6034 	6022
f 9079 	71 	65
f 5898 	13090 	6035
f 1927 	5985 	1926
f 5986 	1926 	5985
f 5930 	5960 	6030
f 1929 	5985 	1927
f 6032 	6035 	6033
f 5986 	1931 	1932
f 6037 	6036 	6038
f 6037 	6038 	6033
f 6007 	6003 	1240
f 9085 	9086 	64
f 1914 	1931 	5987
f 6003 	6004 	1240
f 5858 	5859 	1240
f 9082 	9119 	62
f 68 	62 	9119
f 1240 	6004 	5858
f 1926 	5986 	1932
f 6039 	2030 	2026
f 76 	9087 	64
f 2033 	2034 	6042
f 6035 	6037 	6033
f 79 	9118 	78
f 2033 	6042 	2027
f 6039 	2027 	6042
f 6041 	6040 	5465
f 6036 	6043 	6038
f 9087 	76 	9088
f 7237 	8049 	2034
f 9281 	83 	9119
f 68 	9119 	83
f 6040 	6044 	5466
f 6045 	5472 	5473
f 5473 	6044 	6045
f 9093 	9092 	1036
f 9093 	1036 	1033
f 1035 	9092 	1038
f 1555 	6041 	5465
f 6033 	6038 	6046
f 8816 	8811 	2219
f 1240 	5995 	5987
f 6041 	6047 	6040
f 6041 	6048 	6047
f 6036 	6037 	13090
f 6037 	6035 	13090
f 6049 	6044 	6040
f 6043 	6036 	13090
f 6047 	6049 	6040
f 6098 	6099 	5898
f 9101 	9100 	1043
f 6048 	6091 	6047
f 9098 	1046 	9102
f 5986 	1244 	1240
f 1030 	9077 	1047
f 8823 	2233 	2232
f 5986 	1307 	1315
f 5986 	1316 	1282
f 1244 	5986 	1282
f 9097 	9101 	1044
f 1043 	1044 	9101
f 1310 	5986 	5985
f 1052 	1041 	9103
f 6045 	6044 	6068
f 5320 	5290 	5996
f 6052 	6790 	6042
f 6051 	12868 	6053
f 6020 	6016 	6018
f 5990 	5982 	6054
f 6006 	6005 	6055
f 6054 	6055 	6005
f 6076 	5325 	5324
f 6076 	6081 	5325
f 6005 	12222 	6054
f 5993 	5990 	12222
f 6012 	6011 	5878
f 6056 	6061 	6062
f 5331 	5145 	5799
f 6062 	6057 	6056
f 5338 	5331 	6118
f 5331 	6120 	6118
f 5338 	6118 	5370
f 5307 	6058 	5308
f 6059 	5303 	5755
f 6059 	5305 	5304
f 6059 	6058 	5305
f 5306 	5305 	6058
f 5306 	6058 	5307
f 5748 	5131 	6085
f 5891 	5927 	5965
f 6063 	5310 	6064
f 5312 	6063 	6065
f 6065 	5313 	5312
f 5750 	5138 	6065
f 6063 	6064 	6058
f 5992 	8459 	5993
f 5750 	6065 	6059
f 5755 	5750 	6059
f 6059 	6065 	6063
f 6045 	6068 	6071
f 6068 	6083 	6071
f 6045 	6071 	6066
f 6049 	6068 	6044
f 6066 	6075 	6067
f 6071 	6075 	6066
f 12247 	9275 	9279
f 11818 	8484 	6055
f 6054 	11820 	6055
f 6058 	6059 	6063
f 6085 	5996 	5748
f 6060 	6129 	6050
f 5330 	6064 	5309
f 489 	495 	6015
f 6067 	6075 	6111
f 6076 	6077 	6078
f 6076 	6078 	6079
f 6079 	6058 	6080
f 6080 	6081 	6079
f 6076 	6079 	6081
f 5314 	5315 	6078
f 6016 	490 	6015
f 491 	6018 	6011
f 6078 	6077 	6082
f 6077 	5996 	6085
f 6067 	6111 	5491
f 6082 	5318 	6078
f 491 	493 	6018
f 5314 	6078 	5318
f 6075 	6071 	6112
f 6082 	6077 	6085
f 6083 	6112 	6071
f 5316 	5319 	6085
f 6082 	6085 	5319
f 12188 	9221 	9223
f 6049 	6087 	6068
f 6068 	6087 	6083
f 6955 	1310 	6956
f 5985 	6964 	1310
f 6096 	6103 	6087
f 5819 	6083 	6087
f 2869 	6088 	6048
f 6073 	6074 	6089
f 6084 	6090 	6086
f 6088 	6091 	6048
f 6100 	6258 	5898
f 6090 	6093 	6092
f 6093 	6094 	6092
f 2896 	5549 	6095
f 6047 	6096 	6049
f 6050 	6086 	6090
f 2869 	2887 	6088
f 6097 	6091 	6088
f 6050 	6090 	6092
f 6095 	6097 	6088
f 6060 	6101 	5898
f 6100 	5898 	6099
f 6099 	6098 	6092
f 6099 	6092 	6094
f 9227 	12236 	12235
f 9227 	12235 	9226
f 6088 	2887 	6095
f 9227 	9232 	12236
f 6095 	2887 	2896
f 9231 	12243 	12242
f 5597 	6097 	6095
f 12244 	9230 	9271
f 6099 	6094 	6100
f 6098 	5898 	6101
f 6060 	6050 	6101
f 6050 	6092 	6101
f 5624 	6102 	6097
f 6098 	6101 	6092
f 6104 	5927 	5891
f 5597 	5624 	6097
f 5891 	5892 	6105
f 5906 	12295 	5901
f 5903 	12297 	5906
f 5893 	5901 	6105
f 6091 	6096 	6047
f 6116 	6117 	6104
f 5927 	6104 	5929
f 6087 	6049 	6096
f 6091 	6097 	6102
f 6091 	6102 	6096
f 6102 	6103 	6096
f 6103 	5819 	6087
f 6249 	6258 	6094
f 5318 	6082 	5319
f 5728 	6103 	6102
f 6058 	6079 	5308
f 5317 	5308 	6079
f 5961 	5819 	6103
f 6106 	6115 	6107
f 6064 	6080 	6058
f 6060 	5898 	6129
f 5869 	5919 	6108
f 5882 	6108 	5919
f 6077 	5320 	5996
f 6109 	6086 	6110
f 6077 	6076 	5322
f 6077 	5322 	5320
f 5322 	6076 	5324
f 6110 	6086 	6050
f 6104 	5891 	6105
f 6075 	6112 	6108
f 5327 	5325 	6081
f 5894 	5892 	5891
f 6081 	6080 	5328
f 6081 	5328 	5327
f 6113 	6114 	6109
f 6111 	5517 	5491
f 6064 	5330 	6080
f 5328 	6080 	5330
f 6117 	5929 	6104
f 6115 	6116 	6104
f 6075 	6108 	6111
f 6257 	6256 	6119
f 5882 	5517 	6111
f 5799 	6120 	5331
f 6111 	6108 	5882
f 5799 	5802 	6120
f 6119 	6118 	6121
f 6120 	6121 	6118
f 5335 	6119 	6121
f 5334 	5335 	6121
f 6110 	6113 	6109
f 6083 	5819 	5884
f 6104 	6107 	6115
f 6083 	5884 	6112
f 6122 	6113 	6123
f 6110 	6123 	6113
f 5335 	5332 	6119
f 6129 	5898 	6125
f 6123 	6110 	6125
f 6121 	6120 	5802
f 5146 	5334 	5802
f 6121 	5802 	5334
f 6204 	5352 	5805
f 6113 	6127 	6114
f 6129 	6125 	6110
f 6050 	6129 	6110
f 6001 	6113 	6122
f 6230 	5343 	5342
f 6001 	6127 	6113
f 6231 	5345 	5344
f 6231 	5344 	6230
f 5343 	6230 	5344
f 6231 	5364 	5345
f 7191 	6128 	6126
f 6002 	6014 	6127
f 6084 	6086 	6132
f 5353 	6204 	5354
f 6204 	6203 	5354
f 6109 	6132 	6086
f 6206 	5827 	5356
f 7193 	6131 	6130
f 6136 	6137 	6135
f 6210 	5358 	5357
f 6130 	6133 	7202
f 6134 	6136 	6135
f 5358 	6210 	5360
f 6212 	5360 	6210
f 6138 	6134 	6139
f 6138 	6142 	6134
f 6134 	6142 	6136
f 6124 	6126 	6140
f 6139 	6132 	6138
f 5363 	6206 	5356
f 6138 	6114 	6142
f 6128 	6143 	6126
f 5366 	6254 	5367
f 6208 	5357 	5367
f 6119 	5332 	5368
f 6146 	8552 	6074
f 6143 	6140 	6126
f 7951 	7954 	6070
f 7952 	7951 	6070
f 6141 	6143 	6128
f 8501 	8503 	6073
f 6131 	6124 	6140
f 6140 	6143 	6156
f 8511 	8514 	6073
f 8506 	8511 	6073
f 8507 	8506 	6073
f 8503 	8507 	6073
f 5869 	6108 	6112
f 5884 	5869 	6112
f 5882 	4571 	5517
f 4338 	9026 	4285
f 6152 	9026 	4338
f 6131 	6150 	6130
f 6152 	6157 	9026
f 6151 	6150 	6131
f 4338 	4331 	6152
f 6153 	6143 	6141
f 6158 	9026 	6157
f 6155 	6153 	6141
f 4334 	6154 	4331
f 6153 	6156 	6143
f 6165 	6159 	9026
f 6131 	6140 	6151
f 6157 	6152 	4331
f 6154 	6157 	4331
f 6151 	6140 	6156
f 6153 	6290 	6156
f 6154 	6158 	6157
f 6156 	6291 	6151
f 6163 	6173 	6162
f 6162 	6173 	6161
f 6161 	6173 	5729
f 9226 	12235 	12241
f 12229 	9273 	12230
f 6185 	9026 	6159
f 11671 	11669 	4800
f 9274 	9237 	12231
f 6165 	6158 	6154
f 6165 	6154 	6160
f 12231 	12230 	9274
f 6159 	6165 	6160
f 12232 	9237 	12233
f 6166 	6183 	6167
f 12246 	9275 	12247
f 6168 	6167 	5724
f 6168 	5724 	5725
f 12246 	12245 	9275
f 6168 	5725 	6170
f 12249 	9277 	79
f 6171 	5726 	6172
f 6193 	6191 	9026
f 6192 	6190 	9026
f 6190 	6221 	9026
f 9026 	6185 	6188
f 6158 	6165 	9026
f 6172 	5736 	6173
f 6176 	6174 	6175
f 6164 	6161 	5729
f 5922 	6177 	6178
f 5922 	5923 	6177
f 6179 	5926 	6180
f 5926 	5928 	6180
f 5935 	6183 	6182
f 6183 	5935 	6167
f 5724 	6167 	5935
f 6175 	6184 	6176
f 9090 	1032 	9354
f 6159 	6160 	6185
f 6174 	6185 	6160
f 9099 	9409 	1026
f 4334 	6186 	6154
f 6178 	6358 	5920
f 6186 	6160 	6154
f 6185 	6174 	6188
f 6176 	6188 	6174
f 8745 	8742 	2197
f 6191 	6176 	6192
f 6184 	6192 	6176
f 6190 	6192 	6184
f 6193 	6188 	6176
f 6191 	6193 	6176
f 8719 	2177 	2176
f 8742 	8720 	2185
f 2167 	8736 	2168
f 2179 	2177 	8738
f 2179 	8738 	2182
f 8740 	2182 	8738
f 8741 	8747 	2183
f 2195 	2183 	8747
f 2196 	8746 	2197
f 6197 	6196 	4392
f 4392 	6239 	6197
f 8744 	8743 	2188
f 8747 	8744 	2195
f 2188 	2195 	8744
f 8741 	2183 	2169
f 8750 	2169 	2174
f 8823 	8750 	2233
f 5396 	6286 	5378
f 8748 	8806 	2168
f 5397 	6293 	5398
f 5379 	6294 	5397
f 5398 	6293 	5420
f 9352 	1023 	1022
f 5347 	6201 	5348
f 6201 	5347 	5351
f 9354 	1024 	9352
f 1023 	9352 	1024
f 6202 	5350 	5355
f 6202 	5355 	6203
f 6202 	5351 	5350
f 5351 	6202 	6201
f 5355 	5354 	6203
f 5352 	6204 	5353
f 5147 	5805 	5352
f 6187 	6132 	6139
f 6187 	6084 	6132
f 6210 	5357 	6208
f 5360 	6212 	5361
f 6206 	5363 	6212
f 6211 	6214 	6209
f 6136 	6579 	6137
f 8826 	8816 	2237
f 6109 	6138 	6132
f 6109 	6114 	6138
f 6084 	6216 	6090
f 6191 	6192 	9026
f 8811 	8810 	2216
f 2217 	2216 	8810
f 8819 	8812 	2225
f 6221 	6217 	9026
f 6217 	6224 	1240
f 6218 	6220 	6222
f 1240 	9026 	6217
f 2216 	2219 	8811
f 6217 	6221 	6219
f 2214 	2222 	8817
f 6222 	6223 	6218
f 2155 	8818 	2222
f 6190 	6184 	6221
f 6219 	6221 	6184
f 6216 	6220 	6093
f 6219 	6225 	6224
f 2217 	8810 	2224
f 6093 	6090 	6216
f 6219 	6224 	6217
f 2224 	8820 	2225
f 1240 	6224 	6226
f 5361 	6212 	5363
f 6155 	6215 	6153
f 8827 	2236 	8806
f 6211 	6213 	6214
f 6214 	11082 	6209
f 6208 	6201 	6210
f 6202 	6210 	6201
f 2204 	8806 	2236
f 6212 	6210 	6202
f 6202 	6203 	6212
f 6206 	6212 	6203
f 6206 	6203 	5827
f 5805 	5828 	6204
f 6207 	6227 	9120
f 6204 	5827 	6203
f 6225 	6226 	6224
f 6205 	11082 	6207
f 5185 	6229 	5342
f 6213 	11082 	6214
f 5342 	6229 	6230
f 6207 	11087 	6227
f 6233 	11267 	6232
f 6228 	6227 	11285
f 12113 	9459 	12238
f 6235 	6226 	6225
f 6241 	4376 	6243
f 4387 	6244 	6243
f 6238 	4543 	4537
f 4387 	4383 	6244
f 6245 	6244 	4383
f 4383 	4384 	6245
f 6303 	4384 	6248
f 6246 	4384 	6303
f 6248 	4385 	6306
f 4386 	6306 	4385
f 4386 	6234 	6306
f 6240 	6239 	4393
f 6240 	4393 	6242
f 4392 	4393 	6239
f 4376 	6241 	6242
f 6238 	6186 	4543
f 6245 	6246 	6247
f 6160 	6186 	6238
f 6218 	6093 	6220
f 5933 	5937 	5898
f 6255 	5898 	6258
f 6186 	4547 	4543
f 6186 	4334 	4547
f 6255 	5933 	5898
f 4537 	6250 	6238
f 6094 	6218 	6249
f 6175 	6174 	6250
f 6238 	6250 	6174
f 6280 	6230 	6229
f 6250 	6251 	6175
f 6174 	6160 	6238
f 6218 	6094 	6093
f 6231 	6252 	5364
f 5365 	5364 	6252
f 6252 	5383 	5365
f 6249 	6218 	6223
f 6254 	6208 	5367
f 6223 	5932 	6249
f 6251 	4564 	4582
f 6118 	6119 	6256
f 6257 	6201 	6254
f 6256 	6257 	6254
f 6255 	6249 	5933
f 5932 	5933 	6249
f 6253 	6251 	4582
f 6257 	6119 	5368
f 5369 	6257 	5368
f 6259 	6251 	6253
f 6100 	6094 	6258
f 6255 	6258 	6249
f 6253 	6260 	6259
f 6251 	6250 	4564
f 6225 	6219 	6260
f 6260 	6219 	6259
f 6251 	6259 	6175
f 6270 	6225 	6260
f 6259 	6184 	6175
f 6219 	6184 	6259
f 5940 	5941 	6261
f 6270 	6260 	4609
f 6261 	5941 	6262
f 6222 	6262 	6223
f 6188 	6193 	9026
f 5941 	6223 	6262
f 6226 	6235 	1240
f 8857 	2004 	2003
f 8856 	2005 	2004
f 6235 	6266 	1240
f 6266 	6267 	1240
f 2021 	8859 	2007
f 6262 	6263 	6261
f 5910 	1240 	6265
f 2015 	8864 	2003
f 8857 	2003 	8864
f 2012 	8862 	2015
f 2016 	8869 	2017
f 2019 	8865 	2020
f 2019 	2018 	8867
f 2017 	8868 	2018
f 8867 	2018 	8868
f 5910 	6265 	5909
f 6266 	6276 	6267
f 8863 	2011 	8861
f 6268 	6275 	6216
f 8894 	8870 	2158
f 6216 	6084 	6268
f 6268 	6084 	6187
f 5925 	5907 	6270
f 6276 	6270 	5907
f 5925 	6270 	4609
f 8885 	2154 	2153
f 6264 	6265 	1240
f 6274 	6275 	6271
f 8881 	8880 	2143
f 5909 	6265 	6273
f 6264 	6273 	6265
f 6271 	6275 	6272
f 6264 	6267 	6273
f 6275 	6268 	6272
f 5908 	6273 	5907
f 6273 	6276 	5907
f 6275 	6220 	6216
f 6273 	5908 	5909
f 6225 	6270 	6276
f 6273 	6267 	6276
f 6235 	6225 	6276
f 6266 	6235 	6276
f 6269 	6274 	6271
f 6277 	6274 	6269
f 5369 	5348 	6257
f 6201 	6257 	5348
f 8877 	2157 	2140
f 6208 	6254 	6201
f 6275 	6274 	6220
f 5370 	6256 	5371
f 6263 	6262 	6277
f 5370 	6118 	6256
f 2141 	8859 	2021
f 6222 	6274 	6277
f 6256 	6254 	5373
f 6256 	5373 	5371
f 2134 	2218 	8871
f 6254 	5366 	5373
f 6220 	6274 	6222
f 6262 	6222 	6277
f 5376 	6280 	5377
f 2139 	8878 	2140
f 5214 	5377 	5889
f 6280 	5889 	5377
f 6135 	6281 	6134
f 2137 	8876 	2138
f 5375 	6280 	5376
f 6285 	6187 	6284
f 5390 	6289 	5375
f 6282 	8208 	6317
f 8884 	2154 	8885
f 6231 	6230 	6280
f 6284 	6396 	6285
f 6280 	6289 	6231
f 6290 	6291 	6156
f 6286 	6287 	6288
f 11620 	10787 	10789
f 6268 	6187 	6285
f 5381 	5383 	6287
f 5383 	6252 	6287
f 6139 	6281 	6284
f 5381 	6287 	5380
f 5394 	6298 	5395
f 5395 	6288 	5387
f 6288 	6287 	6289
f 6231 	6289 	6252
f 6284 	6187 	6139
f 6289 	5389 	6288
f 5387 	6288 	5389
f 6139 	6134 	6281
f 6133 	6130 	6150
f 5389 	6289 	5390
f 6280 	5375 	6289
f 6287 	6252 	6289
f 6284 	6395 	6396
f 6215 	6290 	6153
f 5396 	5380 	6286
f 6287 	6286 	5380
f 6292 	6150 	6151
f 6294 	5378 	6286
f 6150 	6297 	6133
f 6286 	6298 	6294
f 6293 	6294 	6295
f 6293 	6295 	6296
f 6292 	6297 	6150
f 2144 	8880 	2153
f 5378 	6294 	5379
f 6151 	6291 	6292
f 5391 	6296 	6295
f 5391 	6295 	5392
f 6295 	6294 	6298
f 8881 	2143 	2152
f 6298 	5393 	6295
f 5392 	6295 	5393
f 8882 	2146 	2145
f 6297 	6299 	6133
f 5393 	6298 	5394
f 6288 	6298 	6286
f 6300 	6301 	6292
f 8888 	2151 	2150
f 6288 	5395 	6298
f 8888 	8882 	2151
f 2145 	2151 	8882
f 5374 	6296 	5391
f 11934 	10797 	11933
f 8895 	2157 	8877
f 6292 	6301 	6297
f 2157 	8895 	2158
f 8894 	2158 	8895
f 6302 	6299 	6297
f 6293 	5397 	6294
f 6324 	5401 	5917
f 5401 	6324 	5403
f 6325 	5403 	6324
f 6325 	5412 	5403
f 6301 	6302 	6297
f 11842 	11843 	10803
f 6290 	6215 	8831
f 10803 	10798 	11842
f 5408 	6319 	5409
f 10803 	11843 	11837
f 6319 	6321 	5409
f 6291 	6300 	6292
f 6319 	5408 	5410
f 9212 	1983 	8720
f 5413 	6326 	5414
f 5415 	6327 	5416
f 6327 	5938 	5416
f 6331 	5419 	5418
f 5418 	5417 	6329
f 6279 	6304 	6278
f 5422 	5266 	6335
f 5957 	6335 	5266
f 5422 	6335 	5570
f 6305 	6278 	6304
f 6304 	6307 	6305
f 6308 	6305 	6309
f 6307 	6309 	6305
f 5427 	5426 	6341
f 6342 	6341 	5426
f 6309 	6310 	6308
f 5429 	6342 	5426
f 6342 	5429 	5431
f 6340 	5432 	5427
f 6340 	5427 	6341
f 5432 	6340 	5433
f 6331 	5425 	5419
f 5505 	6344 	5502
f 6316 	6283 	6282
f 6318 	5404 	5931
f 5404 	6318 	5405
f 5405 	6318 	5406
f 8259 	6317 	8208
f 5374 	5406 	6296
f 6318 	6296 	5406
f 6282 	6317 	6316
f 6320 	6279 	6283
f 5411 	5409 	6321
f 6316 	6320 	6283
f 6320 	6304 	6279
f 5411 	6321 	5242
f 6319 	6318 	6321
f 6321 	6318 	5936
f 5931 	5936 	6318
f 6322 	7203 	6314
f 6296 	6318 	6319
f 6314 	7206 	6315
f 6329 	5417 	5412
f 6317 	8259 	6323
f 5414 	6326 	6327
f 5414 	6327 	5415
f 5246 	5416 	5938
f 5917 	5938 	6324
f 6372 	6373 	6307
f 6326 	6325 	6327
f 6315 	6313 	7238
f 6325 	6324 	6327
f 6317 	6328 	6316
f 7238 	7245 	6315
f 9248 	5944 	6525
f 6325 	6329 	5412
f 6316 	6328 	6330
f 6525 	6658 	9248
f 6325 	6326 	6329
f 6331 	6368 	6367
f 6314 	6900 	6322
f 5418 	6329 	6331
f 6330 	6320 	6316
f 5420 	6332 	5410
f 6319 	5410 	6332
f 6323 	6328 	6317
f 6293 	6296 	6332
f 6296 	6319 	6332
f 6333 	6313 	7198
f 6293 	6332 	5420
f 5424 	6368 	5413
f 5956 	6470 	6335
f 5957 	5956 	6335
f 2116 	2119 	6338
f 6337 	6338 	2119
f 6336 	2116 	6338
f 6339 	6340 	6341
f 6342 	6344 	6341
f 6343 	6364 	6342
f 6339 	6341 	6344
f 6337 	2119 	6345
f 2119 	2142 	6345
f 6346 	6345 	2142
f 5425 	6343 	5430
f 2142 	2127 	6348
f 6347 	6348 	2127
f 5431 	6343 	6342
f 6346 	2142 	6348
f 5430 	6343 	5431
f 2129 	2170 	6349
f 6328 	6323 	6334
f 6352 	6351 	6354
f 6353 	6330 	6328
f 6354 	3248 	6355
f 3250 	6356 	6355
f 6334 	6353 	6328
f 3254 	5920 	6358
f 6359 	6304 	6320
f 6307 	6304 	6359
f 6336 	6385 	2116
f 6359 	6320 	6330
f 6323 	6361 	6334
f 5433 	6340 	6339
f 6339 	6344 	5504
f 6339 	5504 	5433
f 6331 	6367 	6343
f 6343 	5425 	6331
f 6330 	6375 	6359
f 5504 	6344 	5505
f 6330 	6353 	6375
f 6364 	6343 	6367
f 6359 	6372 	6307
f 6359 	6375 	6372
f 5503 	6364 	5506
f 6344 	6342 	6364
f 5502 	6364 	5503
f 6344 	6364 	5502
f 5506 	6364 	6367
f 5506 	6367 	5507
f 6368 	5509 	6367
f 5507 	6367 	5509
f 5509 	6368 	5424
f 6326 	5413 	6368
f 6326 	6368 	6329
f 6331 	6329 	6368
f 6362 	6363 	11913
f 6362 	11913 	6371
f 6363 	6365 	11913
f 6375 	6399 	6372
f 6372 	6404 	6373
f 6399 	6404 	6372
f 6307 	6373 	6309
f 5515 	7904 	5510
f 6374 	6310 	6309
f 7847 	5527 	5526
f 7847 	7849 	5527
f 11956 	11958 	6365
f 6373 	6374 	6309
f 6374 	6370 	6310
f 6376 	483 	6378
f 485 	6379 	6378
f 492 	6380 	6379
f 492 	6381 	6380
f 6383 	507 	6382
f 498 	6382 	507
f 6381 	507 	6383
f 6281 	6395 	6284
f 498 	6384 	6382
f 6384 	498 	6385
f 6135 	6393 	6281
f 514 	2116 	6385
f 6386 	6387 	621
f 619 	621 	6387
f 6272 	6268 	6285
f 621 	626 	6386
f 1614 	6391 	6388
f 1614 	1618 	6391
f 6377 	6394 	6376
f 6390 	6393 	6389
f 6395 	6281 	6393
f 6338 	6337 	6397
f 6345 	6397 	6337
f 6348 	6397 	6346
f 6345 	6346 	6397
f 6349 	6397 	6347
f 6350 	6397 	6349
f 6347 	6397 	6348
f 6351 	6397 	6350
f 6352 	6397 	6351
f 6398 	6385 	6397
f 6377 	6376 	6398
f 6380 	6398 	6379
f 6378 	6379 	6398
f 6381 	6398 	6380
f 6383 	6398 	6381
f 6382 	6398 	6383
f 6384 	6398 	6382
f 6376 	6378 	6398
f 6385 	6398 	6384
f 6135 	6389 	6393
f 6403 	6375 	6353
f 6135 	6137 	6389
f 6405 	6374 	6373
f 6390 	6429 	6393
f 6400 	6353 	6334
f 6402 	6334 	6361
f 6402 	6400 	6334
f 6401 	6402 	6361
f 11133 	12061 	11117
f 6400 	6403 	6353
f 6403 	6399 	6375
f 6336 	6338 	6397
f 6385 	6336 	6397
f 6405 	6406 	6374
f 6373 	6404 	6405
f 12059 	11136 	11122
f 11129 	12048 	12056
f 1979 	1978 	9199
f 9211 	1985 	1984
f 5566 	5271 	5964
f 5572 	5274 	5974
f 1996 	1995 	9214
f 6374 	6406 	6370
f 9208 	1977 	9214
f 2000 	9216 	9217
f 1986 	9203 	1987
f 9203 	9200 	1987
f 1979 	9199 	1988
f 6395 	6393 	6429
f 9201 	1989 	9202
f 9204 	1990 	9198
f 1975 	9198 	1990
f 9204 	1993 	1990
f 9203 	1986 	9209
f 6269 	6271 	6407
f 9211 	1984 	9212
f 1983 	9212 	1984
f 6407 	6271 	6412
f 1981 	8720 	1983
f 6411 	5868 	6409
f 6285 	6396 	6413
f 6285 	6413 	6272
f 6269 	6407 	8802
f 7198 	6313 	7206
f 6412 	6271 	6272
f 6412 	6410 	6407
f 6313 	6315 	7206
f 6416 	6420 	5868
f 6411 	6416 	5868
f 7238 	6313 	6333
f 6410 	6412 	6414
f 6430 	5868 	6420
f 6414 	6413 	6423
f 6412 	6413 	6414
f 6396 	6428 	6423
f 6396 	6395 	6428
f 6423 	6413 	6396
f 6416 	6411 	6417
f 6417 	6411 	6933
f 6411 	6409 	6933
f 9240 	6410 	9303
f 1985 	9210 	1986
f 9303 	6410 	6414
f 1977 	9208 	2000
f 9216 	2000 	9208
f 6272 	6413 	6412
f 6423 	6424 	6425
f 6482 	5574 	5575
f 5573 	6481 	5575
f 6423 	6425 	6414
f 5580 	6486 	5581
f 6485 	5581 	6486
f 6423 	6428 	6424
f 6485 	6487 	5582
f 5582 	5581 	6485
f 6395 	6429 	6428
f 6432 	6430 	6420
f 6434 	6408 	6433
f 6417 	6432 	6420
f 6417 	6420 	6416
f 6419 	7238 	6431
f 7198 	6408 	6333
f 6434 	6333 	6408
f 6433 	6431 	7238
f 6433 	7238 	6434
f 6424 	6428 	6435
f 6333 	6434 	7238
f 9311 	9198 	1974
f 6436 	6430 	6432
f 1945 	9283 	1946
f 6419 	7195 	6438
f 6439 	6621 	6441
f 6419 	6438 	7238
f 6439 	6627 	6621
f 12053 	7239 	7238
f 6426 	6427 	6458
f 6415 	6418 	12926
f 6447 	6448 	12926
f 6456 	12926 	6449
f 6441 	6621 	5868
f 6437 	6438 	6444
f 6441 	6443 	6439
f 6447 	12926 	6418
f 6446 	6452 	5868
f 6445 	6446 	5868
f 6449 	12926 	6448
f 6450 	6449 	6448
f 6451 	6446 	6445
f 7238 	6438 	6437
f 6453 	6443 	5868
f 6452 	6453 	5868
f 6450 	6448 	6421
f 6447 	6421 	6448
f 9287 	9286 	1950
f 6428 	6429 	6435
f 1952 	9288 	1953
f 6390 	6999 	6429
f 1956 	9287 	1950
f 6415 	6577 	6418
f 6421 	6447 	6418
f 6421 	6422 	6450
f 6455 	11637 	6442
f 6488 	5585 	5584
f 6456 	6449 	6450
f 6422 	6426 	6450
f 6486 	5580 	5586
f 6127 	6457 	6114
f 6456 	6462 	12926
f 6010 	6457 	6127
f 6571 	5592 	5591
f 6127 	6009 	6010
f 5593 	5592 	6571
f 6465 	12926 	6462
f 6450 	6458 	6456
f 5566 	5964 	6459
f 6460 	6459 	6461
f 6461 	6573 	6460
f 6114 	6457 	6142
f 5566 	6459 	5567
f 6462 	6456 	6458
f 5568 	5569 	6461
f 5973 	5273 	5568
f 6461 	5973 	5568
f 6465 	6466 	12926
f 6468 	6466 	6465
f 5964 	5973 	6459
f 6461 	6459 	5973
f 6469 	12926 	6466
f 6465 	6458 	6468
f 6458 	6465 	6462
f 6010 	6489 	6457
f 5570 	6335 	6470
f 6489 	6010 	6029
f 6471 	6472 	6467
f 6468 	6469 	6466
f 6450 	6426 	6458
f 6765 	9249 	6471
f 9249 	9246 	6471
f 5571 	5567 	6460
f 6459 	6460 	5567
f 6458 	6427 	6468
f 5571 	6460 	5591
f 6770 	9250 	6765
f 6571 	5591 	6460
f 6475 	5578 	5577
f 5578 	6475 	6478
f 5578 	6478 	5579
f 6476 	6484 	6479
f 6476 	6479 	6480
f 6474 	6489 	6477
f 5589 	5579 	6478
f 5974 	6481 	5572
f 5573 	5572 	6481
f 9296 	1970 	1969
f 6482 	5576 	5574
f 6479 	9251 	6480
f 6482 	5575 	6481
f 5576 	6475 	5577
f 1971 	9294 	1972
f 6475 	5576 	6482
f 7160 	7156 	6468
f 5583 	5582 	6487
f 6468 	6427 	7160
f 6488 	5584 	6487
f 5583 	6487 	5584
f 1953 	9289 	1945
f 5277 	5585 	6488
f 9284 	1947 	1946
f 6474 	6136 	6142
f 6485 	6475 	6487
f 6486 	6475 	6485
f 6475 	6482 	6487
f 6464 	6453 	6452
f 12926 	6490 	6491
f 6491 	6507 	12926
f 6457 	6474 	6142
f 9286 	9288 	1951
f 6474 	6457 	6489
f 6452 	6451 	6464
f 1951 	1950 	9286
f 6451 	6452 	6446
f 6493 	6491 	6492
f 6490 	6492 	6491
f 6477 	6495 	6483
f 6492 	6496 	6493
f 6489 	6495 	6477
f 9291 	9290 	1955
f 6492 	6497 	6496
f 6498 	6464 	6451
f 6464 	6498 	6440
f 9291 	1955 	1960
f 1967 	1966 	9298
f 6494 	6498 	6451
f 6494 	6500 	6498
f 9294 	1971 	9295
f 6494 	6501 	6500
f 6499 	6496 	6497
f 9298 	9297 	1967
f 6489 	6029 	6495
f 6440 	6439 	6464
f 6493 	6496 	6577
f 9295 	1970 	9296
f 9296 	1969 	1968
f 6580 	6496 	6499
f 9293 	1972 	9294
f 9292 	1973 	9293
f 9292 	2016 	1973
f 6499 	6581 	6582
f 6503 	6988 	6505
f 6504 	6988 	6503
f 6440 	6498 	6506
f 6499 	6582 	6580
f 6498 	6500 	6506
f 6493 	6507 	6491
f 6501 	6508 	6500
f 6510 	6529 	6509
f 6415 	6572 	6577
f 6490 	12926 	6517
f 6490 	6517 	6492
f 6515 	6519 	9349
f 6513 	9349 	6519
f 9348 	9349 	6513
f 6508 	6675 	6680
f 6527 	6528 	6517
f 6503 	9346 	6504
f 6526 	6527 	12926
f 6523 	6526 	12926
f 6516 	6484 	6476
f 6463 	6437 	6444
f 6516 	9253 	6484
f 6521 	6523 	6522
f 6476 	5942 	6516
f 6524 	6516 	5942
f 6516 	6524 	9253
f 11636 	6444 	6442
f 6521 	6526 	6523
f 5943 	6525 	5944
f 6528 	6527 	6526
f 6526 	6521 	6528
f 6512 	6511 	6502
f 11670 	6455 	6454
f 4231 	4230 	6062
f 6538 	6551 	6520
f 6527 	6517 	12926
f 6531 	6544 	6529
f 6543 	6532 	6529
f 6531 	6529 	6510
f 6511 	6509 	6529
f 6533 	6521 	6520
f 6534 	6530 	6529
f 6537 	6529 	6532
f 6535 	6529 	6537
f 6543 	6529 	6544
f 6542 	9464 	6541
f 6492 	6517 	6528
f 6536 	6529 	6535
f 6534 	6529 	6536
f 11637 	6455 	11670
f 9241 	6796 	9242
f 6533 	6528 	6521
f 6497 	6492 	6528
f 6547 	6548 	9462
f 9426 	9474 	6548
f 9474 	9462 	6548
f 6549 	9426 	6548
f 6518 	9426 	6549
f 6546 	6547 	9462
f 6554 	6463 	6553
f 6554 	12053 	6463
f 6533 	6497 	6528
f 6533 	6550 	6497
f 6365 	6366 	6552
f 11913 	6365 	6552
f 6550 	6533 	6551
f 6369 	6558 	6366
f 6533 	6520 	6551
f 10879 	6541 	10880
f 6444 	6553 	6463
f 6555 	6551 	6538
f 6555 	6556 	6551
f 6444 	11636 	6553
f 6497 	6550 	6499
f 6556 	6550 	6551
f 6557 	6554 	6553
f 6552 	6366 	6558
f 6560 	6557 	6553
f 12028 	12032 	6365
f 6557 	6560 	12053
f 6481 	5979 	6488
f 5974 	5971 	5979
f 6481 	6488 	6482
f 6488 	6487 	6482
f 6046 	6495 	6029
f 6369 	6553 	6558
f 6560 	6553 	6369
f 12029 	12028 	6365
f 11958 	12029 	6365
f 6554 	6557 	12053
f 7238 	6437 	12053
f 6463 	12053 	6437
f 12051 	12053 	6365
f 6555 	6679 	6567
f 6674 	6473 	6483
f 12926 	6507 	6572
f 6569 	6486 	5586
f 6415 	12926 	6572
f 6571 	6460 	6573
f 6571 	6573 	6574
f 6478 	6569 	6574
f 6569 	6478 	6486
f 6571 	6574 	6569
f 6846 	6568 	6570
f 7261 	7259 	6397
f 6493 	6572 	6507
f 5588 	5587 	6573
f 6574 	6573 	5587
f 6902 	6899 	6397
f 6573 	6461 	5569
f 6575 	6570 	6473
f 5588 	6573 	5569
f 6493 	6577 	6572
f 5590 	6574 	5587
f 5589 	6478 	6574
f 5589 	6574 	5590
f 6576 	6473 	6570
f 7259 	7257 	6397
f 6421 	6577 	6578
f 6137 	6579 	6568
f 6475 	6486 	6478
f 6577 	6580 	6578
f 6577 	6496 	6580
f 6578 	6422 	6421
f 6576 	6570 	6568
f 5586 	5593 	6569
f 6571 	6569 	5593
f 6846 	6570 	6862
f 6579 	6576 	6568
f 6775 	6575 	6473
f 6580 	6583 	6578
f 6582 	6583 	6580
f 6583 	6584 	6578
f 5630 	5283 	6586
f 5630 	6586 	5282
f 5631 	5632 	6588
f 6582 	6585 	6583
f 5632 	5276 	6588
f 6586 	5283 	5989
f 6584 	6422 	6578
f 5991 	5282 	6586
f 9934 	9935 	1151
f 1154 	1153 	9938
f 6601 	6598 	6584
f 6581 	6499 	6550
f 6550 	6556 	6581
f 6581 	6556 	6590
f 9261 	9260 	6831
f 9938 	9937 	1154
f 1159 	9703 	1165
f 1158 	9705 	1159
f 12038 	6398 	12040
f 6588 	6586 	6587
f 6587 	6586 	5989
f 6398 	6397 	12052
f 7239 	12052 	6397
f 5991 	6586 	6588
f 5631 	6588 	6587
f 12035 	6398 	12038
f 12031 	6398 	12033
f 6589 	6590 	6556
f 1157 	9711 	1158
f 9933 	1149 	9706
f 1151 	1150 	9934
f 9359 	6852 	6854
f 6567 	6589 	6555
f 6854 	6855 	9359
f 6567 	6594 	6589
f 9707 	1148 	1145
f 9361 	6855 	6828
f 6555 	6589 	6556
f 1162 	9708 	1147
f 6592 	6590 	6589
f 1147 	9708 	1145
f 9707 	1145 	9708
f 6593 	6582 	6581
f 9711 	1157 	9936
f 6581 	6590 	6593
f 9705 	1158 	9711
f 9937 	9936 	1155
f 10164 	1153 	1144
f 10164 	1144 	10165
f 6593 	6585 	6582
f 1155 	1154 	9937
f 9370 	9369 	6868
f 9371 	9370 	6869
f 6868 	6869 	9370
f 6178 	6177 	6591
f 9373 	6870 	6871
f 6594 	6592 	6589
f 6179 	6591 	6177
f 6180 	6591 	6179
f 6181 	6591 	6180
f 6182 	6591 	6181
f 6183 	6591 	6182
f 9373 	6871 	6873
f 6595 	6593 	6590
f 6166 	6591 	6183
f 1165 	9702 	1166
f 1169 	1168 	9836
f 6592 	6595 	6590
f 6876 	6878 	9378
f 9378 	6878 	9379
f 5634 	6909 	5627
f 9837 	1168 	1170
f 9836 	9840 	1169
f 1173 	9840 	1175
f 6981 	5638 	5637
f 6984 	6983 	5642
f 6957 	9394 	9403
f 6596 	6595 	6592
f 6593 	6597 	6585
f 6966 	9397 	6970
f 6593 	6595 	6597
f 6441 	5868 	6443
f 6453 	6464 	6443
f 6439 	6443 	6464
f 6595 	6628 	6597
f 6595 	6596 	6628
f 7081 	9438 	7075
f 6598 	6426 	6422
f 6358 	6178 	6397
f 6422 	6584 	6598
f 6599 	6427 	6426
f 6599 	6426 	6598
f 5661 	6991 	5662
f 6599 	6598 	6600
f 6598 	6601 	6600
f 6602 	6584 	6583
f 6583 	6585 	6602
f 6653 	5683 	5681
f 6584 	6602 	6601
f 6603 	6575 	6775
f 6136 	6474 	6579
f 6474 	6477 	6579
f 6643 	6642 	5670
f 6352 	6354 	6397
f 6354 	6355 	6397
f 6355 	6356 	6397
f 6356 	6357 	6397
f 6358 	6397 	6357
f 6591 	6397 	6178
f 6607 	193 	6606
f 6602 	6614 	6601
f 6609 	193 	6608
f 6610 	193 	6609
f 6611 	193 	6610
f 6607 	6608 	193
f 6062 	6061 	4231
f 4228 	4231 	6061
f 6611 	6612 	193
f 6613 	6600 	6601
f 6643 	5670 	5669
f 6613 	6601 	6614
f 5868 	6621 	6622
f 6615 	6602 	6585
f 10135 	8216 	1112
f 6597 	6615 	6585
f 6616 	193 	6612
f 1112 	1118 	10135
f 6617 	193 	6616
f 6597 	6620 	6615
f 6614 	6602 	6615
f 10149 	10147 	1123
f 6622 	6621 	6627
f 6620 	6623 	6615
f 6618 	6619 	193
f 6622 	6627 	6624
f 6615 	6623 	6614
f 6440 	6627 	6439
f 6617 	6618 	193
f 6625 	193 	6619
f 6625 	6626 	193
f 7751 	12731 	6626
f 6440 	6629 	6627
f 193 	57 	6606
f 6605 	6606 	57
f 6630 	6627 	6631
f 6629 	6631 	6627
f 10165 	1144 	10159
f 6597 	6628 	6620
f 5696 	6636 	5697
f 6635 	6659 	5697
f 6632 	6613 	6614
f 4224 	5119 	4225
f 5119 	5120 	4225
f 6614 	6623 	6632
f 6698 	6700 	6611
f 6616 	6612 	6701
f 6633 	6613 	6632
f 6705 	6619 	6618
f 6705 	6706 	6619
f 6798 	6632 	6623
f 6706 	6707 	6625
f 6807 	6633 	6632
f 7085 	9405 	7084
f 7085 	7086 	9405
f 6635 	5697 	6636
f 6688 	6689 	6605
f 6688 	6605 	6604
f 6690 	6607 	6606
f 6639 	6892 	6638
f 6903 	6892 	6639
f 6690 	6691 	6607
f 6608 	6607 	6691
f 6628 	6788 	6620
f 6693 	6694 	6609
f 6785 	6788 	6628
f 6647 	6883 	6646
f 6648 	6649 	6647
f 6645 	6646 	6821
f 6612 	6700 	6701
f 6617 	6616 	6702
f 6641 	7785 	6643
f 6657 	7785 	6640
f 6643 	7783 	6642
f 6702 	6703 	6617
f 6823 	6881 	6656
f 6644 	6823 	6656
f 6650 	6651 	7785
f 6650 	7785 	6652
f 6635 	7785 	6651
f 5943 	6658 	6525
f 6652 	7785 	6657
f 6579 	6477 	6576
f 6483 	6473 	6576
f 7354 	6600 	6613
f 6659 	6635 	6651
f 6606 	6605 	6689
f 6477 	6483 	6576
f 6421 	6418 	6577
f 6606 	6689 	6690
f 6661 	12926 	6660
f 6661 	6522 	12926
f 6610 	6609 	6694
f 6660 	6664 	6661
f 6694 	6698 	6610
f 6631 	6663 	6630
f 6660 	12926 	6665
f 6612 	6611 	6700
f 6629 	6666 	6631
f 6629 	6673 	6666
f 6660 	6665 	6667
f 6660 	6667 	6664
f 6631 	6668 	6663
f 6523 	12926 	6522
f 6575 	6662 	6862
f 6666 	6668 	6631
f 6521 	6522 	6664
f 6661 	6664 	6522
f 6669 	6664 	6667
f 6521 	6664 	6520
f 6669 	6520 	6664
f 6575 	6862 	6570
f 6624 	6627 	6630
f 6667 	6670 	6669
f 6711 	6933 	6663
f 10142 	1139 	1138
f 6671 	6672 	6670
f 6670 	6672 	6669
f 6603 	6884 	6662
f 6440 	6506 	6629
f 10143 	10142 	1137
f 1138 	1137 	10142
f 6575 	6603 	6662
f 1137 	1136 	10143
f 6720 	6670 	6667
f 10141 	1139 	10142
f 10140 	1140 	10141
f 1139 	10141 	1140
f 6775 	6473 	6674
f 1140 	10140 	10139
f 1140 	10139 	1141
f 10139 	10167 	1141
f 1136 	10144 	10143
f 6538 	6669 	6672
f 6677 	6506 	6500
f 1123 	1122 	10149
f 6671 	6681 	6672
f 1124 	1123 	10147
f 6678 	6674 	6483
f 6508 	6677 	6500
f 1124 	10147 	1125
f 10155 	1125 	10147
f 1152 	10150 	1122
f 6495 	6678 	6483
f 10154 	1126 	10155
f 1125 	10155 	1126
f 6506 	6673 	6629
f 6538 	6520 	6669
f 6673 	6506 	6677
f 10156 	1127 	10154
f 1126 	10154 	1127
f 6495 	6046 	6678
f 6680 	6677 	6508
f 6538 	6679 	6555
f 1131 	10158 	1132
f 6625 	6619 	6706
f 1132 	10159 	1144
f 9425 	9248 	6658
f 6677 	6682 	6673
f 6683 	6684 	6685
f 6680 	6682 	6677
f 10166 	10158 	1143
f 6687 	6666 	6673
f 6604 	6686 	6688
f 9425 	6683 	9430
f 6685 	9430 	6683
f 6687 	6673 	6682
f 6684 	6692 	6685
f 6609 	6608 	6693
f 6685 	6692 	9430
f 9431 	9430 	6692
f 6695 	6682 	6680
f 6691 	6693 	6608
f 6611 	6610 	6698
f 6696 	6697 	6699
f 6702 	6616 	6701
f 6699 	9432 	6696
f 6618 	6617 	6703
f 6697 	6704 	6699
f 6618 	6703 	6705
f 9433 	9432 	6704
f 6626 	6625 	6707
f 7048 	7045 	6704
f 6679 	6538 	6672
f 6672 	6681 	6679
f 6708 	6687 	6682
f 6682 	6695 	6708
f 6708 	6789 	6687
f 6681 	6710 	6679
f 6709 	6710 	6681
f 9439 	7083 	9440
f 6712 	6711 	6663
f 6679 	6710 	6567
f 6663 	6668 	6712
f 6714 	6713 	6711
f 6278 	6710 	6709
f 6279 	6278 	6709
f 6712 	6714 	6711
f 6561 	6529 	6565
f 6529 	9135 	6565
f 6562 	6529 	6561
f 6559 	6529 	6715
f 5671 	5670 	6642
f 6715 	6529 	6562
f 6716 	6529 	6559
f 6529 	6716 	6717
f 6529 	6717 	6754
f 6566 	6565 	9135
f 6563 	6564 	9135
f 6564 	6566 	9135
f 6728 	6718 	6729
f 12926 	6718 	6719
f 12926 	6719 	6665
f 6665 	6719 	6667
f 6724 	6721 	6707
f 6703 	6726 	6705
f 6705 	6726 	6706
f 6701 	6726 	6702
f 6702 	6726 	6703
f 6718 	6720 	6719
f 6667 	6719 	6720
f 6720 	6723 	6670
f 9408 	9405 	7086
f 6725 	6724 	6726
f 9408 	7086 	7087
f 5673 	6648 	6647
f 6724 	6707 	6726
f 8757 	6723 	6720
f 6646 	5674 	6647
f 6706 	6726 	6707
f 6700 	6726 	6701
f 6700 	6698 	6726
f 6698 	6694 	6726
f 6694 	6693 	6726
f 6693 	6691 	6726
f 6690 	6726 	6691
f 6690 	6689 	6726
f 6688 	6726 	6689
f 6686 	6726 	6688
f 6723 	6671 	6670
f 6727 	6671 	6723
f 6563 	6735 	6734
f 6563 	6734 	6564
f 6671 	6727 	6748
f 6727 	6749 	6748
f 6738 	6731 	6715
f 6559 	6715 	6731
f 7104 	9423 	7100
f 6562 	6732 	6715
f 12926 	6729 	6718
f 6718 	6728 	6720
f 6716 	6739 	6717
f 6655 	5679 	6656
f 6734 	6566 	6564
f 6775 	6674 	6730
f 5668 	5686 	6640
f 9446 	7112 	9447
f 6737 	12128 	6736
f 12128 	10835 	6736
f 6733 	6736 	10835
f 6738 	6732 	10835
f 6732 	6733 	10835
f 6650 	5665 	5664
f 6650 	6652 	5665
f 5666 	5665 	6652
f 6731 	6738 	10835
f 6739 	6731 	10835
f 6737 	6734 	12128
f 6561 	6733 	6562
f 6732 	6562 	6733
f 6655 	5680 	5679
f 6565 	6736 	6733
f 6565 	6733 	6561
f 6736 	6565 	6737
f 6566 	6737 	6565
f 6069 	6070 	6741
f 6738 	6715 	6732
f 6741 	6072 	6069
f 6716 	6559 	6731
f 6739 	6716 	6731
f 6740 	6717 	6739
f 12547 	12544 	12877
f 6737 	6566 	6734
f 12547 	12877 	12879
f 8713 	6749 	6727
f 6563 	12370 	6735
f 6529 	6502 	6511
f 6742 	6744 	6072
f 6748 	6681 	6671
f 6529 	6746 	6915
f 6709 	6750 	6279
f 6745 	6915 	6746
f 6742 	6743 	6744
f 6748 	6750 	6709
f 6283 	6279 	6750
f 6681 	6748 	6709
f 6742 	6751 	6747
f 6070 	6073 	6741
f 6089 	6741 	6073
f 6767 	6746 	6529
f 6754 	6767 	6529
f 5668 	6641 	5669
f 6755 	6730 	6674
f 6799 	7952 	6743
f 9450 	9449 	7123
f 5677 	6644 	5678
f 6674 	6678 	6755
f 6744 	7952 	6072
f 7124 	6886 	9451
f 5678 	6656 	5679
f 6730 	6756 	6676
f 5675 	6645 	5677
f 6758 	6761 	8049
f 7952 	6070 	6069
f 6755 	6756 	6730
f 6646 	5675 	5674
f 6678 	6757 	6755
f 6648 	5673 	5672
f 6758 	6467 	6761
f 6757 	6678 	6046
f 5673 	6647 	5674
f 6761 	6759 	8049
f 6759 	6760 	8049
f 6744 	6743 	7952
f 6069 	6072 	7952
f 6652 	6657 	5666
f 9243 	6760 	6759
f 6760 	6824 	8049
f 6877 	6799 	6742
f 5668 	6640 	6641
f 7952 	6900 	7947
f 6713 	6417 	6711
f 6656 	5678 	6644
f 6644 	5677 	6645
f 6761 	9243 	6759
f 6762 	6914 	6763
f 6748 	6749 	6750
f 6749 	6753 	6750
f 6764 	6467 	6758
f 6764 	6765 	6467
f 6645 	5675 	6646
f 6768 	6764 	8067
f 6758 	8049 	6764
f 13005 	13006 	12791
f 13005 	12791 	13007
f 8049 	8067 	6764
f 5669 	6641 	6643
f 6769 	6764 	6768
f 6471 	6467 	6765
f 13009 	12790 	13006
f 6650 	5664 	6651
f 6766 	6768 	8067
f 6283 	6750 	6753
f 6046 	6038 	6757
f 6765 	6764 	6769
f 6769 	6768 	6770
f 6768 	6766 	6770
f 6476 	6774 	6766
f 6282 	6283 	6753
f 6769 	6770 	6765
f 6804 	6767 	6754
f 6310 	6771 	6308
f 6773 	6567 	6710
f 6767 	6804 	6746
f 6773 	6594 	6567
f 6766 	6772 	6476
f 6770 	6766 	6774
f 6740 	6754 	6717
f 6278 	6773 	6710
f 6417 	6933 	6711
f 6773 	6278 	6305
f 6776 	6476 	6772
f 6594 	6773 	6308
f 6714 	6712 	6752
f 6774 	6476 	6480
f 6305 	6308 	6773
f 6772 	6766 	11467
f 6771 	6592 	6594
f 6712 	6781 	6752
f 5942 	6476 	6776
f 6771 	6594 	6308
f 8067 	11467 	6766
f 6771 	6596 	6592
f 6776 	5945 	5942
f 6310 	6783 	6771
f 6603 	6779 	6777
f 6603 	6775 	6779
f 6780 	6781 	6668
f 6782 	6778 	6777
f 5943 	5947 	6658
f 6986 	6658 	5947
f 6668 	6781 	6712
f 6783 	6596 	6771
f 6666 	6780 	6668
f 6310 	6370 	6783
f 6784 	6787 	6042
f 6779 	6782 	6777
f 6666 	6687 	6780
f 6782 	6786 	6778
f 6966 	6042 	6787
f 6785 	6628 	6596
f 6200 	6787 	6784
f 6200 	6966 	6787
f 6785 	6596 	6783
f 6687 	6789 	6780
f 6790 	6784 	6042
f 6791 	6785 	6783
f 8055 	6782 	6676
f 6370 	6791 	6783
f 8056 	8051 	6786
f 6780 	6792 	6781
f 6794 	6796 	6042
f 6052 	6042 	6796
f 6789 	6792 	6780
f 6788 	6802 	6620
f 6795 	6752 	6781
f 6788 	6785 	6830
f 6042 	8049 	6794
f 6830 	6785 	6791
f 6792 	6795 	6781
f 6806 	6802 	6788
f 6824 	6793 	8049
f 6708 	7271 	6789
f 6830 	6806 	6788
f 6797 	6795 	6792
f 6743 	6742 	6799
f 6801 	11374 	6800
f 6802 	6798 	6623
f 6802 	6623 	6620
f 6804 	6803 	10835
f 6740 	6739 	10835
f 6803 	6740 	10835
f 6802 	6805 	6798
f 6745 	6746 	6800
f 6801 	6800 	6746
f 6798 	6807 	6632
f 6746 	6804 	6801
f 6803 	6754 	6740
f 6804 	6754 	6803
f 6802 	6806 	6805
f 6654 	5680 	6655
f 6529 	6908 	6502
f 5680 	6654 	5681
f 6653 	5681 	6654
f 6502 	6988 	6504
f 6877 	6742 	6747
f 5686 	5666 	6657
f 6657 	6640 	5686
f 6659 	6651 	5695
f 6808 	6814 	6813
f 7952 	6799 	6189
f 5664 	5695 	6651
f 5695 	5697 	6659
f 6810 	6808 	6809
f 5683 	6825 	5696
f 6815 	6809 	6808
f 6817 	6816 	6808
f 6816 	6815 	6808
f 6808 	6529 	6818
f 6812 	6818 	6529
f 6818 	6817 	6808
f 6529 	6811 	6812
f 6821 	6823 	6645
f 6644 	6645 	6823
f 6655 	6656 	6881
f 6881 	6882 	6655
f 6793 	6794 	8049
f 6730 	6779 	6775
f 6914 	6762 	6722
f 6952 	6763 	6913
f 6914 	6913 	6763
f 6779 	6676 	6782
f 8483 	8481 	6827
f 6813 	6826 	6808
f 6820 	8481 	6826
f 6822 	6827 	8481
f 6834 	8487 	6819
f 6837 	8490 	6833
f 6832 	8486 	6834
f 6676 	6779 	6730
f 6798 	6839 	6807
f 12795 	13100 	3407
f 6798 	6805 	6839
f 6189 	6799 	6877
f 6189 	6877 	6923
f 6389 	6848 	6390
f 6849 	6850 	6848
f 6389 	6849 	6848
f 3480 	13151 	3415
f 6846 	6853 	6850
f 3415 	13147 	3530
f 9361 	9359 	6855
f 7634 	6807 	6839
f 6849 	6846 	6850
f 6830 	6962 	6806
f 9362 	9424 	6857
f 6849 	6568 	6846
f 9362 	6857 	6859
f 6389 	6137 	6849
f 6806 	6960 	6805
f 13099 	13096 	3482
f 6962 	6960 	6806
f 13099 	3482 	13094
f 6137 	6568 	6849
f 6862 	6864 	6853
f 6853 	6846 	6862
f 7027 	6867 	6858
f 6872 	6791 	6370
f 8535 	6867 	6856
f 6791 	6872 	6874
f 6653 	7610 	6825
f 13093 	3413 	13102
f 7265 	6636 	6825
f 6850 	7003 	6848
f 3413 	3488 	13102
f 3482 	13097 	3480
f 13095 	3480 	13097
f 9379 	6878 	6879
f 6636 	5696 	6825
f 9379 	6879 	6880
f 13101 	3488 	3407
f 3413 	13093 	13094
f 6825 	5683 	6653
f 7049 	6853 	6864
f 7013 	6864 	6662
f 6821 	6638 	6823
f 6838 	6836 	6847
f 6836 	6835 	6847
f 7084 	6847 	6835
f 6831 	7084 	6835
f 6829 	7084 	6831
f 6828 	7084 	6829
f 6855 	7084 	6828
f 6847 	6845 	6838
f 6845 	6844 	6838
f 6841 	6838 	6844
f 6842 	6841 	6844
f 6842 	6844 	6843
f 13096 	13097 	3482
f 6654 	6655 	6882
f 7017 	6923 	6877
f 6823 	6638 	6881
f 6637 	6881 	6638
f 6851 	7084 	6852
f 6854 	6852 	7084
f 6880 	7084 	6851
f 6855 	6854 	7084
f 6882 	6885 	6654
f 6662 	6864 	6862
f 6637 	6882 	6881
f 6821 	6646 	6883
f 6883 	6647 	6649
f 6903 	6639 	6649
f 6883 	6649 	6639
f 6603 	6777 	6884
f 3413 	13094 	3482
f 6879 	6878 	7084
f 7084 	6873 	6871
f 7084 	6871 	6870
f 7084 	6870 	6869
f 7084 	6869 	6868
f 7084 	6868 	6866
f 7084 	6866 	6865
f 7084 	6865 	6863
f 7084 	6863 	6861
f 7084 	6861 	6860
f 7084 	6860 	6859
f 7084 	6859 	6857
f 6639 	6638 	6821
f 6639 	6821 	6883
f 6873 	7084 	6875
f 6876 	6875 	7084
f 6878 	6876 	7084
f 6879 	7084 	6880
f 6882 	6637 	6885
f 7124 	1639 	6886
f 3488 	13103 	13102
f 6888 	6890 	6887
f 6889 	6887 	6890
f 6893 	6637 	6892
f 6890 	6896 	6889
f 6894 	6889 	6896
f 6896 	6899 	6894
f 6898 	6894 	6899
f 6899 	6902 	6898
f 6900 	6898 	6902
f 6902 	7947 	6900
f 6895 	6892 	6903
f 6897 	6892 	6895
f 6638 	6892 	6637
f 6314 	6315 	6900
f 6908 	6529 	6907
f 6894 	6898 	6315
f 13158 	3500 	3539
f 7592 	6752 	6795
f 6726 	6940 	6725
f 6941 	6725 	6940
f 13114 	13145 	3514
f 6721 	6914 	6722
f 13108 	3504 	3505
f 6724 	6945 	6721
f 6945 	6724 	6725
f 6945 	6725 	6941
f 6911 	6811 	6915
f 6529 	6915 	6811
f 6913 	6914 	6721
f 6912 	6910 	6915
f 6910 	6911 	6915
f 6622 	6624 	5868
f 6721 	6945 	6913
f 6925 	6931 	5868
f 3504 	13113 	3514
f 6926 	6921 	7055
f 6916 	6917 	7055
f 13110 	13111 	3510
f 6922 	6916 	7055
f 6925 	5868 	6624
f 6915 	6919 	6924
f 6915 	6924 	6912
f 6921 	6918 	6915
f 6918 	6919 	6915
f 3503 	13143 	3496
f 6630 	6925 	6624
f 7054 	7055 	6921
f 6915 	7054 	6921
f 3503 	3514 	13145
f 6931 	6409 	5868
f 7018 	6311 	6900
f 13143 	3503 	13145
f 6909 	6502 	6908
f 6933 	6409 	6931
f 6934 	6502 	6932
f 6932 	6502 	6909
f 6529 	6808 	6906
f 6977 	7199 	6936
f 6925 	6630 	6931
f 6933 	6931 	6630
f 6856 	6867 	7037
f 6630 	6663 	6933
f 13114 	3514 	13113
f 6417 	6713 	6432
f 7019 	7027 	6858
f 6900 	7952 	6189
f 7597 	6432 	6713
f 3505 	3511 	13109
f 13112 	13109 	3511
f 6943 	5868 	6942
f 6944 	5868 	6943
f 6913 	6945 	6952
f 6946 	6944 	6943
f 3527 	13148 	13149
f 6940 	6952 	6945
f 6941 	6940 	6945
f 6948 	6949 	6940
f 13148 	3527 	3530
f 6946 	6943 	6947
f 6942 	6947 	6943
f 6947 	6996 	6946
f 1887 	6886 	1310
f 9399 	9398 	1887
f 6950 	6940 	6949
f 6951 	6940 	6950
f 6952 	6940 	6951
f 1887 	1310 	6953
f 13161 	13156 	3541
f 6954 	6953 	1310
f 7001 	6951 	6950
f 9402 	9401 	6955
f 3551 	3496 	13144
f 13162 	13163 	3554
f 6955 	6956 	9402
f 3556 	13164 	3554
f 9403 	9402 	6956
f 6956 	1310 	6957
f 6957 	1310 	6959
f 13203 	3631 	13200
f 6956 	6957 	9403
f 6791 	6874 	6830
f 6805 	6958 	6839
f 3554 	13163 	3565
f 6963 	7634 	6839
f 13168 	3567 	13167
f 6958 	6805 	6960
f 6968 	6039 	6967
f 6406 	6872 	6370
f 6962 	6830 	6874
f 6961 	6039 	6969
f 6969 	6039 	6968
f 6959 	1310 	6964
f 6965 	5985 	6972
f 6039 	6971 	5985
f 6958 	6963 	6839
f 3565 	13165 	13166
f 9396 	9629 	6965
f 6965 	9629 	6964
f 6971 	6961 	9632
f 8937 	6962 	6874
f 6967 	6042 	6966
f 3565 	13166 	3561
f 13172 	3561 	13166
f 6042 	6967 	6039
f 13172 	13173 	3561
f 6961 	6970 	9390
f 9391 	9390 	6970
f 6970 	6961 	6969
f 6969 	6968 	6970
f 6972 	5985 	6971
f 6964 	5985 	6965
f 6039 	6961 	6971
f 9390 	9632 	6961
f 6972 	6971 	9632
f 13208 	13210 	3588
f 6968 	6967 	6970
f 6966 	6970 	6967
f 6972 	9632 	6965
f 13179 	13180 	3598
f 13181 	13176 	3597
f 4784 	5037 	6974
f 3598 	3617 	13189
f 13213 	3617 	3590
f 6975 	5037 	6976
f 9443 	9442 	6976
f 13196 	3595 	3596
f 6976 	7109 	9443
f 3598 	13189 	13179
f 7051 	7878 	7047
f 6977 	6978 	7199
f 6904 	7838 	6978
f 6905 	7838 	6904
f 6981 	6938 	6993
f 6985 	10013 	7012
f 6642 	7783 	6982
f 6984 	7711 	6983
f 3597 	3598 	13180
f 6988 	6502 	6935
f 6934 	6935 	6502
f 6987 	6505 	6988
f 9425 	6658 	6985
f 3597 	13180 	13181
f 6985 	6658 	6986
f 7035 	7878 	7042
f 6993 	7264 	6979
f 6979 	6980 	6993
f 6980 	6981 	6993
f 6991 	6979 	7264
f 6992 	6993 	6938
f 7264 	7205 	6991
f 6990 	6991 	7205
f 6989 	6990 	7205
f 6983 	6505 	6987
f 6982 	7711 	6984
f 5522 	7906 	5594
f 6872 	6406 	8937
f 6874 	6872 	8937
f 13202 	3630 	13201
f 6960 	6962 	8937
f 13203 	13204 	3631
f 13204 	13201 	3631
f 3630 	3631 	13201
f 6934 	6932 	5654
f 6958 	6960 	8937
f 13202 	13161 	3630
f 3588 	3647 	13206
f 3647 	13205 	13206
f 3588 	13206 	13208
f 3651 	10794 	11827
f 5671 	6642 	6982
f 6947 	6998 	6996
f 6997 	6994 	6952
f 6997 	6952 	6995
f 373 	189 	24
f 187 	13227 	189
f 205 	24 	221
f 154 	13224 	53
f 6995 	6952 	6951
f 6864 	7236 	7049
f 6864 	7013 	7236
f 6429 	6999 	6435
f 6999 	6390 	7000
f 384 	383 	30
f 29 	30 	383
f 7021 	6994 	6997
f 30 	31 	384
f 385 	384 	31
f 385 	31 	32
f 32 	33 	386
f 7003 	7000 	6848
f 33 	36 	387
f 388 	387 	36
f 6390 	6848 	7000
f 37 	389 	388
f 37 	388 	36
f 37 	13227 	389
f 503 	50 	504
f 49 	504 	50
f 168 	752 	49
f 7049 	7050 	6853
f 509 	154 	53
f 53 	54 	509
f 510 	56 	512
f 513 	512 	58
f 59 	499 	58
f 503 	502 	50
f 235 	785 	168
f 10288 	170 	10297
f 10297 	172 	10298
f 173 	10298 	172
f 7000 	7003 	7209
f 7007 	7002 	7008
f 175 	10298 	173
f 7009 	7002 	7007
f 10306 	10299 	176
f 7009 	6949 	7002
f 177 	10306 	176
f 10312 	177 	178
f 7009 	7007 	7004
f 10314 	10313 	180
f 7009 	7004 	7006
f 7001 	7009 	7006
f 181 	777 	10314
f 772 	773 	182
f 768 	767 	183
f 7001 	6950 	7009
f 7009 	6950 	6949
f 183 	29 	768
f 6948 	7002 	6949
f 7001 	7006 	7005
f 752 	168 	785
f 6995 	7001 	7005
f 787 	237 	919
f 7010 	6778 	6786
f 6995 	6951 	7001
f 6684 	7011 	7036
f 11521 	6948 	6940
f 7011 	6684 	7012
f 6683 	7012 	6684
f 9425 	6985 	6683
f 7012 	6683 	6985
f 6454 	7148 	7002
f 6884 	7014 	7013
f 1354 	315 	10353
f 10354 	10353 	278
f 6942 	5868 	7016
f 10354 	279 	10357
f 170 	10288 	280
f 6942 	7016 	6947
f 6923 	7017 	7018
f 276 	1235 	919
f 6877 	7044 	7017
f 1289 	1238 	291
f 291 	1238 	290
f 6900 	6923 	7018
f 1289 	291 	292
f 7017 	6311 	7018
f 7116 	7015 	6998
f 6312 	6311 	7017
f 292 	293 	1295
f 1302 	1295 	293
f 6312 	6900 	6311
f 294 	1304 	293
f 7203 	6322 	7017
f 295 	1309 	294
f 6445 	5868 	6944
f 1309 	295 	1311
f 6451 	6445 	6946
f 6944 	6946 	6445
f 297 	1314 	296
f 6946 	6494 	6451
f 1314 	297 	1317
f 6923 	6900 	6189
f 6494 	6946 	6996
f 300 	1319 	298
f 313 	1352 	300
f 6501 	6494 	6996
f 6858 	7021 	7019
f 7020 	6996 	6998
f 6858 	6994 	7021
f 7015 	7020 	6998
f 7022 	7019 	7026
f 7023 	7025 	7015
f 7015 	7025 	7020
f 7029 	7024 	6051
f 7028 	7027 	7032
f 7029 	6051 	6053
f 6124 	7031 	7184
f 7020 	6501 	6996
f 7040 	7027 	7033
f 7028 	7033 	7027
f 7032 	7030 	7028
f 7034 	7020 	7025
f 7030 	7032 	7019
f 7022 	7030 	7019
f 6995 	7022 	7026
f 6997 	6995 	7026
f 7020 	7034 	6501
f 6501 	7034 	6508
f 7027 	7019 	7032
f 7026 	7019 	7021
f 7014 	7246 	7240
f 7036 	9832 	7878
f 7026 	7021 	6997
f 6884 	7013 	6662
f 7038 	7036 	7035
f 6692 	6684 	7038
f 7036 	7038 	6684
f 7027 	7037 	6867
f 7684 	7014 	6884
f 6692 	7038 	9431
f 7046 	7878 	7045
f 7036 	7878 	7035
f 7033 	7039 	7040
f 7042 	7043 	7035
f 7051 	6697 	7043
f 7035 	7043 	6697
f 7035 	6697 	7038
f 6696 	7038 	6697
f 7013 	7014 	7240
f 7041 	7043 	7042
f 7037 	7027 	7040
f 7038 	6696 	9431
f 7045 	7878 	7069
f 7044 	6877 	6856
f 7047 	7878 	7046
f 7048 	7047 	7046
f 6856 	7037 	7044
f 7041 	7878 	7052
f 7042 	7878 	7041
f 7023 	7031 	7025
f 7031 	7053 	7025
f 7025 	7053 	7034
f 6675 	6508 	7034
f 6930 	6915 	7056
f 7054 	6915 	7060
f 7057 	6915 	7059
f 7057 	7056 	6915
f 7059 	6915 	6745
f 6929 	6915 	6930
f 6927 	6915 	6929
f 6915 	6927 	6928
f 7061 	6915 	6928
f 7061 	7060 	6915
f 6917 	6926 	7055
f 7055 	12989 	6922
f 6920 	12989 	7063
f 7058 	7065 	7067
f 7064 	7063 	12974
f 12989 	12974 	7063
f 6920 	6922 	12989
f 7058 	7062 	7068
f 7058 	7068 	7065
f 7192 	7058 	7067
f 7051 	7043 	7052
f 7067 	7065 	7039
f 7052 	7878 	7051
f 6704 	6697 	7048
f 6697 	7051 	7048
f 7048 	7051 	7047
f 7065 	7044 	7070
f 7046 	7045 	7048
f 9433 	6704 	7045
f 7041 	7052 	7043
f 7065 	7204 	7044
f 7039 	7065 	7040
f 7065 	7070 	7040
f 7069 	9434 	7045
f 7044 	7037 	7070
f 7069 	7878 	7073
f 7040 	7070 	7037
f 7074 	7110 	7033
f 7073 	7878 	7075
f 7033 	7028 	7074
f 7028 	7030 	7076
f 7074 	7028 	7076
f 6814 	7136 	6813
f 7136 	6814 	6810
f 7079 	7071 	7078
f 7077 	7078 	7071
f 7072 	7080 	7071
f 7077 	7071 	7080
f 6817 	7139 	6816
f 12868 	7071 	7079
f 6818 	7139 	6817
f 7076 	7030 	7082
f 7082 	7030 	7022
f 7081 	7878 	7083
f 7083 	9439 	7081
f 6995 	7005 	7022
f 7146 	6819 	6827
f 4784 	9440 	7083
f 7146 	6827 	6822
f 6833 	6832 	7153
f 7153 	6832 	6834
f 7082 	7022 	7005
f 7005 	7092 	7082
f 7005 	7006 	7092
f 7053 	6675 	7034
f 7031 	6124 	7193
f 6907 	6906 	5628
f 7092 	7076 	7082
f 6908 	6907 	5627
f 5628 	5627 	6907
f 7004 	7093 	7092
f 9416 	9415 	7094
f 7092 	7006 	7004
f 6904 	5595 	6905
f 5594 	6905 	5595
f 5629 	5628 	6906
f 7091 	7113 	7096
f 7159 	6891 	6840
f 7157 	13068 	6901
f 6891 	7159 	6901
f 7157 	6901 	7159
f 7096 	7148 	7091
f 6910 	7162 	7161
f 7103 	5868 	7102
f 7101 	7102 	5868
f 7106 	7103 	7102
f 7004 	7096 	7093
f 7107 	7096 	7004
f 7107 	7004 	7007
f 7166 	6916 	7172
f 7108 	7106 	7102
f 7084 	7090 	7089
f 7084 	7089 	7088
f 7084 	7088 	7087
f 7084 	7087 	7086
f 7084 	7086 	7085
f 6906 	7903 	5629
f 5627 	6909 	6908
f 7104 	7084 	7105
f 7100 	7084 	7104
f 7099 	7084 	7100
f 7098 	7084 	7099
f 7097 	7084 	7098
f 7094 	7084 	7097
f 7095 	7084 	7094
f 7090 	7084 	7095
f 6857 	7105 	7084
f 7111 	5037 	7112
f 6976 	5037 	7109
f 6974 	5037 	6975
f 5633 	6932 	5634
f 6909 	5634 	6932
f 5639 	6979 	5661
f 7109 	5037 	7111
f 7101 	7108 	7102
f 9446 	9445 	7111
f 7103 	7016 	5868
f 7121 	7117 	1639
f 7112 	1639 	7114
f 7114 	1639 	7115
f 7103 	7106 	7016
f 7114 	9447 	7112
f 7111 	7112 	9446
f 6947 	7016 	7106
f 7092 	7110 	7076
f 6910 	7161 	6911
f 7115 	1639 	7117
f 7116 	7106 	7108
f 6911 	7161 	6811
f 6947 	7106 	6998
f 7162 	6910 	6912
f 7113 	7151 	7118
f 6998 	7106 	7116
f 7117 	9448 	7115
f 9448 	9447 	7115
f 7108 	7119 	7116
f 6916 	7166 	7164
f 6916 	7164 	6917
f 9448 	7121 	9449
f 7120 	9449 	7121
f 7117 	7121 	9448
f 6922 	7172 	6916
f 7121 	1639 	7120
f 6920 	7169 	7172
f 6920 	7172 	6922
f 7122 	7015 	7116
f 7164 	6926 	6917
f 9451 	9450 	7124
f 7180 	7179 	6927
f 6927 	6929 	7180
f 9398 	9451 	6886
f 6984 	5642 	5641
f 4601 	4602 	5457
f 7165 	7072 	7125
f 7866 	7165 	7125
f 7059 	6745 	7221
f 6988 	6935 	5652
f 7096 	7113 	7118
f 7024 	7866 	7125
f 7225 	7222 	7061
f 7125 	7129 	7024
f 7059 	7221 	7057
f 7118 	7142 	7093
f 6928 	7179 	7061
f 6981 	5637 	6938
f 5660 	6938 	5637
f 4258 	8583 	4780
f 4781 	4780 	8583
f 6939 	6938 	5659
f 4323 	5457 	4602
f 5456 	4601 	5457
f 6936 	6937 	5655
f 5658 	6977 	5655
f 7165 	773 	7072
f 6939 	5659 	5656
f 6989 	6648 	5663
f 7169 	6920 	7063
f 7128 	7129 	7127
f 7129 	7125 	7127
f 7127 	7125 	7072
f 6990 	6989 	5662
f 7227 	7063 	7064
f 8037 	7230 	6024
f 7066 	7227 	7064
f 5662 	6991 	6990
f 2034 	895 	7237
f 7128 	7130 	7129
f 6936 	5655 	6977
f 6051 	7024 	7129
f 7129 	7130 	6051
f 5657 	6978 	5658
f 7136 	5119 	7135
f 5595 	6904 	5657
f 6978 	5657 	6904
f 7131 	5119 	7136
f 7132 	5119 	7131
f 7137 	5119 	7132
f 7096 	7118 	7093
f 6935 	6934 	5653
f 5654 	5653 	6934
f 5633 	5654 	6932
f 7093 	7110 	7092
f 7161 	11374 	7134
f 7133 	7134 	11374
f 8053 	11295 	7210
f 5660 	5659 	6938
f 5656 	5655 	6937
f 7110 	7093 	7142
f 7144 	7145 	9165
f 9165 	9166 	7144
f 7230 	1257 	1919
f 5119 	9165 	7145
f 6939 	5656 	6937
f 7110 	7074 	7076
f 7130 	7128 	6051
f 6051 	7128 	12868
f 7127 	12868 	7128
f 7122 	7023 	7015
f 5658 	6978 	6977
f 6991 	5661 	6979
f 7148 	7096 	7008
f 6979 	5639 	6980
f 5638 	6980 	5639
f 7107 	7008 	7096
f 7127 	7072 	7150
f 6980 	5638 	6981
f 6982 	5641 	5671
f 7107 	7007 	7008
f 7150 	7072 	7071
f 5650 	5642 	6983
f 7116 	7119 	7122
f 7071 	12868 	7150
f 7148 	7008 	7002
f 6984 	5641 	6982
f 7119 	7149 	7122
f 5650 	6983 	5651
f 6987 	5651 	6983
f 5651 	6987 	5652
f 6988 	5652 	6987
f 7039 	7033 	7110
f 5653 	5652 	6935
f 7170 	7173 	7149
f 7173 	7122 	7149
f 6469 	7174 	12926
f 7156 	6469 	6468
f 7135 	5119 	7145
f 7159 	13067 	7157
f 7158 	13067 	7159
f 7163 	11374 	7162
f 7161 	7162 	11374
f 7175 	11374 	7163
f 7181 	7177 	7156
f 7174 	7177 	12926
f 7169 	13086 	7172
f 7167 	11374 	7175
f 7168 	7171 	7217
f 7156 	7174 	6469
f 7216 	7217 	7171
f 7176 	7216 	7171
f 11324 	11325 	7866
f 7167 	7168 	11374
f 7164 	7166 	7216
f 7176 	7164 	7216
f 7166 	7172 	7216
f 7178 	12926 	7177
f 7181 	7178 	7177
f 7183 	11374 	7182
f 7174 	7156 	7177
f 7184 	6126 	6124
f 7031 	7023 	7184
f 7181 	7185 	7178
f 7185 	7186 	12926
f 7062 	7187 	7152
f 7173 	7023 	7122
f 7185 	7473 	7186
f 7473 	7185 	7181
f 7152 	7187 	7189
f 7151 	7152 	7189
f 7181 	7190 	7473
f 7187 	7118 	7189
f 7170 	7191 	7173
f 7118 	7151 	7189
f 7181 	7156 	7190
f 7156 	7160 	7190
f 7170 	7188 	7191
f 7187 	7058 	7192
f 7184 	7023 	7173
f 7187 	7062 	7058
f 7118 	7187 	7192
f 7191 	7184 	7173
f 7142 	7118 	7192
f 6126 	7184 	7191
f 7192 	7067 	7110
f 7142 	7192 	7110
f 7039 	7110 	7067
f 6454 	7091 	7148
f 7191 	7188 	6128
f 7091 	6454 	7113
f 6455 	7113 	6454
f 6455 	7151 	7113
f 6124 	6131 	7193
f 7031 	7193 	7053
f 7178 	7185 	12926
f 7151 	6455 	6442
f 7195 	7151 	6442
f 6675 	7194 	6680
f 7195 	6442 	6444
f 6444 	6438 	7195
f 7195 	6419 	6431
f 7195 	6431 	6433
f 6695 	6680 	7194
f 7195 	6433 	6408
f 5672 	5663 	6648
f 5663 	5662 	6989
f 7151 	7195 	7152
f 7196 	6675 	7053
f 6992 	6897 	6993
f 7193 	7196 	7053
f 6408 	7152 	7195
f 6649 	6648 	7197
f 7205 	7197 	6989
f 6130 	7196 	7193
f 6649 	7197 	6903
f 7201 	6992 	6939
f 7200 	7201 	6939
f 6938 	6939 	6992
f 6939 	6937 	7200
f 6937 	6936 	7199
f 7199 	7200 	6937
f 7201 	7200 	6892
f 6893 	6892 	7200
f 6408 	7198 	7152
f 7196 	7194 	6675
f 6992 	7201 	6892
f 7202 	7194 	7196
f 7200 	7199 	6893
f 7062 	7152 	7198
f 7198 	7203 	7204
f 7660 	6893 	7199
f 7050 	6850 	6853
f 6648 	6989 	7197
f 7203 	7206 	6314
f 10460 	6435 	6999
f 7204 	7068 	7198
f 7003 	7208 	7209
f 7198 	7206 	7203
f 7186 	7473 	7207
f 7062 	7198 	7068
f 7050 	7208 	7003
f 7065 	7068 	7204
f 7003 	6850 	7050
f 7207 	7514 	12926
f 7186 	7207 	12926
f 4360 	12926 	7514
f 6312 	7017 	6322
f 7017 	7204 	7203
f 7044 	7204 	7017
f 11294 	11289 	7210
f 7333 	7214 	7049
f 6887 	6889 	6315
f 6898 	6900 	6315
f 6312 	6322 	6900
f 7215 	8053 	7210
f 7049 	7214 	7050
f 7220 	11374 	7218
f 7214 	7208 	7050
f 6999 	7223 	10460
f 7225 	7179 	7168
f 7222 	7225 	7168
f 7183 	7218 	11374
f 7221 	11374 	7220
f 6800 	11374 	7221
f 7219 	8053 	7215
f 7235 	8053 	7219
f 7180 	11374 	7179
f 7168 	7179 	11374
f 11374 	7180 	7182
f 7217 	7222 	7168
f 7227 	13086 	7226
f 7226 	13086 	7169
f 7228 	13086 	7227
f 7216 	7172 	13086
f 7131 	6810 	7132
f 6809 	7132 	6810
f 11289 	11288 	7211
f 7223 	7000 	7209
f 7133 	6812 	7134
f 6811 	7134 	6812
f 7135 	7145 	6813
f 7223 	6999 	7000
f 11288 	11290 	7211
f 7136 	7135 	6813
f 6810 	7131 	7136
f 7229 	1257 	7230
f 7229 	7213 	1257
f 6815 	7137 	7132
f 6815 	7132 	6809
f 7137 	6815 	7138
f 6816 	7138 	6815
f 7139 	7138 	6816
f 6818 	7140 	7139
f 6818 	6812 	7140
f 7133 	7140 	6812
f 6811 	7161 	7134
f 7154 	6834 	7141
f 6820 	7144 	6822
f 7143 	6822 	7144
f 7144 	6820 	6826
f 7144 	6826 	7145
f 7211 	7210 	11289
f 7234 	8053 	7235
f 7049 	7236 	7333
f 7234 	7233 	8053
f 7232 	7231 	5287
f 7240 	7236 	7013
f 7244 	7245 	7243
f 7241 	7243 	7245
f 7238 	7239 	7241
f 7238 	7241 	7245
f 7160 	6427 	7242
f 7244 	7243 	7247
f 7244 	7247 	7248
f 6427 	6599 	7242
f 7240 	7405 	7332
f 7251 	7248 	7250
f 7247 	7250 	7248
f 7254 	7256 	7253
f 7252 	7253 	7256
f 7255 	7242 	6599
f 7240 	7332 	7236
f 7305 	7160 	7242
f 7246 	7490 	7405
f 7255 	7304 	7242
f 7256 	7251 	7252
f 7250 	7252 	7251
f 7254 	7253 	7257
f 7254 	7257 	7258
f 6600 	7255 	6599
f 7246 	7405 	7240
f 7258 	7257 	7259
f 7258 	7259 	7260
f 6130 	7202 	7196
f 7260 	7259 	7261
f 7260 	7261 	7263
f 7197 	7205 	6895
f 7262 	6695 	7194
f 7261 	6888 	7263
f 6887 	7263 	6888
f 7205 	7264 	6895
f 6897 	6895 	7264
f 6897 	7264 	6993
f 7194 	7202 	7262
f 6895 	6903 	7197
f 7244 	6315 	7245
f 7244 	7248 	6315
f 7248 	7251 	6315
f 7251 	7256 	6315
f 7254 	7258 	6315
f 7258 	7260 	6315
f 7263 	6887 	6315
f 7260 	7263 	6315
f 6892 	6897 	6992
f 7256 	7254 	6315
f 6695 	7262 	7270
f 6889 	6894 	6315
f 7266 	12735 	7265
f 7270 	6708 	6695
f 7265 	5564 	7266
f 7272 	7262 	7202
f 7265 	5565 	5564
f 6637 	7267 	7269
f 7268 	7269 	7267
f 7273 	7274 	6637
f 7270 	7271 	6708
f 7269 	7268 	7611
f 6885 	6637 	7269
f 7202 	6133 	7272
f 7267 	6637 	7274
f 7262 	7276 	7270
f 7272 	7276 	7262
f 7270 	7278 	7271
f 7276 	7278 	7270
f 7246 	7249 	7490
f 7237 	7344 	7277
f 5287 	7231 	7344
f 7277 	7344 	7231
f 7272 	6133 	6299
f 7233 	7232 	5287
f 8053 	7233 	5287
f 7141 	6819 	7146
f 6299 	7469 	7272
f 6822 	7143 	7146
f 7272 	7469 	7276
f 7147 	6833 	7153
f 7153 	6834 	7154
f 6819 	7141 	6834
f 6833 	7147 	6837
f 7155 	6837 	7147
f 7949 	7947 	6591
f 7145 	6826 	6813
f 7271 	7280 	7281
f 6837 	7155 	6840
f 7158 	6840 	7155
f 6840 	7158 	7159
f 7284 	2071 	7285
f 2066 	7283 	2069
f 2071 	2069 	7285
f 2072 	2071 	7284
f 6912 	7163 	7162
f 7163 	6912 	7175
f 6924 	7175 	6912
f 7288 	6797 	7281
f 7167 	6919 	7168
f 6918 	7168 	6919
f 6921 	7171 	7168
f 6921 	7168 	6918
f 7278 	7280 	7271
f 7282 	2069 	7283
f 7285 	2069 	7282
f 6792 	6789 	7281
f 7312 	2120 	7290
f 7281 	6797 	6792
f 7175 	6924 	7167
f 6919 	7167 	6924
f 2112 	7292 	7291
f 2112 	7291 	2111
f 7271 	7281 	6789
f 7171 	6921 	7176
f 6926 	7176 	6921
f 2117 	7311 	2130
f 7176 	6926 	7164
f 6928 	6927 	7179
f 6929 	7182 	7180
f 6930 	7183 	7182
f 6930 	7182 	6929
f 7288 	7295 	6797
f 7054 	7217 	7216
f 7054 	7216 	7055
f 7314 	7312 	7290
f 6930 	7056 	7183
f 7218 	7183 	7056
f 7291 	7314 	7290
f 7218 	7056 	7057
f 7218 	7057 	7220
f 7285 	7292 	7284
f 6745 	6800 	7221
f 7288 	7281 	7280
f 7060 	7222 	7054
f 7217 	7054 	7222
f 7314 	7291 	7285
f 7292 	7285 	7291
f 7060 	7061 	7222
f 6797 	7295 	7293
f 7057 	7221 	7220
f 6795 	6797 	7293
f 7225 	7061 	7179
f 7289 	7282 	7294
f 7293 	7592 	6795
f 7297 	7286 	7296
f 7216 	13086 	7055
f 7063 	7226 	7169
f 7227 	7226 	7063
f 7298 	7299 	7331
f 7301 	7331 	7299
f 7298 	7331 	7300
f 7066 	7228 	7227
f 12972 	13088 	7066
f 7286 	7302 	7296
f 7283 	7294 	7282
f 7242 	7304 	7305
f 6635 	6636 	12734
f 7265 	12735 	6636
f 12734 	6636 	12735
f 7307 	7302 	7286
f 7306 	7307 	7286
f 7300 	7331 	7287
f 7311 	7312 	7314
f 7304 	7315 	7305
f 2108 	7290 	2120
f 7314 	7340 	7311
f 7317 	7341 	7314
f 7320 	7322 	7319
f 7255 	7352 	7304
f 7334 	7331 	7318
f 7318 	7319 	7322
f 7322 	7323 	7318
f 7324 	7325 	7323
f 7318 	7323 	7325
f 7325 	7334 	7318
f 7321 	7318 	7331
f 7286 	5287 	7306
f 7327 	7306 	5287
f 7327 	5287 	7326
f 7330 	7341 	7329
f 7308 	7287 	7331
f 7236 	7332 	7333
f 7468 	7305 	7315
f 7301 	7321 	7331
f 7329 	7341 	7317
f 7336 	5287 	7335
f 2159 	2135 	7340
f 7337 	7338 	7339
f 2130 	7340 	2128
f 7337 	7339 	2164
f 7339 	7343 	2164
f 7313 	4478 	7438
f 2130 	7311 	7340
f 7340 	7314 	7341
f 7335 	5287 	7330
f 4156 	7309 	4158
f 7310 	4158 	7309
f 7336 	7328 	5287
f 7326 	5287 	7328
f 7286 	7283 	2066
f 2067 	5121 	2066
f 4478 	7313 	7316
f 7344 	7237 	7343
f 2164 	7237 	2163
f 7343 	7237 	2164
f 4478 	4193 	7438
f 7330 	5287 	7341
f 7344 	7341 	5287
f 2163 	7237 	2161
f 7345 	7342 	7625
f 7459 	7268 	7267
f 7342 	7352 	7354
f 7342 	7345 	7352
f 7354 	6633 	7342
f 2072 	7284 	3048
f 7282 	7678 	7346
f 7289 	7678 	7282
f 7284 	7683 	7349
f 7282 	7346 	7348
f 7282 	7348 	7285
f 7286 	7351 	7347
f 7286 	7347 	7283
f 7284 	7349 	3048
f 7354 	7352 	7255
f 7683 	3193 	7349
f 7304 	7352 	7353
f 2111 	7291 	7682
f 7352 	7345 	7353
f 7353 	7315 	7304
f 6633 	7354 	6613
f 7682 	7681 	3190
f 6600 	7354 	7255
f 7268 	7609 	7611
f 7644 	7274 	7273
f 7415 	7410 	7395
f 7360 	7395 	7410
f 7362 	7374 	7361
f 7374 	7375 	7361
f 7315 	7363 	7350
f 9801 	7557 	7556
f 7375 	7376 	7364
f 7353 	7363 	7315
f 7365 	7364 	7377
f 7378 	7379 	7366
f 9769 	9768 	7513
f 7368 	7382 	7369
f 7370 	7357 	7371
f 7616 	7641 	7275
f 7372 	7371 	7358
f 7369 	7385 	7370
f 7377 	7378 	7365
f 7376 	7377 	7364
f 7364 	7361 	7375
f 7366 	7365 	7378
f 7367 	7366 	7379
f 7367 	7381 	7368
f 7381 	7367 	7379
f 7382 	7368 	7381
f 7385 	7369 	7382
f 7357 	7370 	7385
f 7357 	7358 	7371
f 7389 	7363 	7353
f 7387 	7388 	7641
f 7615 	7644 	7388
f 7644 	7641 	7388
f 7390 	7615 	7388
f 7393 	7422 	7392
f 7394 	7424 	7393
f 7392 	7419 	7391
f 7395 	7396 	7415
f 7416 	7415 	7396
f 7397 	7417 	7396
f 7391 	7418 	7397
f 7345 	7389 	7353
f 7399 	7437 	7446
f 7398 	7406 	6634
f 8039 	7407 	7380
f 7403 	7450 	7404
f 8039 	6634 	7406
f 7406 	7407 	8039
f 7398 	6634 	7400
f 7358 	7359 	7372
f 7359 	7360 	7373
f 7373 	7372 	7359
f 7953 	7949 	6591
f 7960 	7958 	6591
f 9766 	7524 	9767
f 7418 	7391 	7419
f 7419 	7392 	7422
f 7420 	7425 	7421
f 7427 	7494 	7426
f 7422 	7393 	7424
f 7428 	7484 	7430
f 7426 	7494 	7428
f 7432 	7494 	7427
f 7482 	7528 	7432
f 7663 	7436 	7433
f 7668 	7663 	7433
f 7675 	7310 	7435
f 7443 	7444 	7431
f 7437 	7434 	7445
f 7445 	7446 	7437
f 7423 	7439 	7316
f 7439 	7440 	7316
f 7430 	7486 	7436
f 7663 	7675 	7436
f 7431 	7429 	7443
f 7394 	7443 	7429
f 7429 	7424 	7394
f 7417 	7397 	7418
f 7416 	7396 	7417
f 7410 	7373 	7360
f 7280 	7493 	7288
f 7441 	7423 	9216
f 7316 	9216 	7423
f 7489 	9216 	7487
f 4190 	4189 	7423
f 7442 	7408 	7404
f 7447 	7448 	7401
f 7445 	7434 	7444
f 7434 	7431 	7444
f 7446 	7447 	7399
f 7401 	7399 	7447
f 7403 	7401 	7448
f 7448 	7449 	7403
f 7449 	7450 	7403
f 7442 	7404 	7450
f 7413 	7614 	7412
f 7412 	7615 	7411
f 7453 	7470 	7452
f 7454 	7467 	7453
f 7457 	7480 	7456
f 7458 	7459 	7414
f 6825 	7609 	7414
f 7266 	7461 	7409
f 7402 	7400 	7266
f 7409 	7402 	7266
f 7427 	4471 	7432
f 7482 	7432 	4470
f 7435 	4191 	7436
f 4192 	7436 	4191
f 7425 	7420 	7350
f 7435 	7438 	4191
f 7425 	7350 	7363
f 7465 	7474 	7464
f 7466 	7527 	7465
f 7423 	4189 	7439
f 4196 	7440 	7439
f 7474 	7475 	7464
f 7468 	7350 	7521
f 7467 	7454 	7466
f 4192 	4455 	7436
f 7471 	7452 	7470
f 7315 	7350 	7468
f 7441 	4190 	7423
f 7491 	4454 	7441
f 6299 	7525 	7469
f 7455 	7456 	7472
f 7477 	7478 	7460
f 7462 	7463 	7476
f 7463 	7464 	7475
f 7475 	7476 	7463
f 7476 	7477 	7462
f 7460 	7462 	7477
f 7457 	7460 	7478
f 7478 	7479 	7457
f 7479 	7480 	7457
f 7472 	7456 	7480
f 6299 	6302 	7525
f 7483 	7526 	7482
f 7485 	7430 	7484
f 7486 	7430 	7485
f 7433 	7436 	7486
f 7488 	7493 	7280
f 7280 	7278 	7488
f 7489 	7491 	9216
f 7305 	7468 	7190
f 7491 	7441 	9216
f 7468 	7473 	7190
f 7278 	7492 	7488
f 4465 	4467 	7483
f 7481 	4467 	7507
f 6825 	7414 	7265
f 7483 	7482 	4465
f 4470 	4465 	7482
f 4471 	4470 	7432
f 7487 	4457 	7489
f 7489 	4457 	7491
f 4190 	7441 	4454
f 7190 	7160 	7305
f 9761 	7486 	7485
f 7468 	7521 	7473
f 7350 	7420 	7521
f 7484 	9762 	7485
f 9761 	7485 	9762
f 5542 	7398 	7400
f 7481 	7524 	7483
f 7402 	5544 	7400
f 7484 	7428 	7494
f 7494 	9763 	7484
f 5562 	5561 	7406
f 7492 	7278 	7276
f 7495 	7490 	7249
f 7487 	9216 	7498
f 7469 	7492 	7276
f 7279 	7502 	7495
f 7499 	9206 	7503
f 7501 	7295 	7288
f 7500 	9214 	7499
f 7498 	9216 	7500
f 7503 	9205 	7497
f 7497 	9198 	7496
f 7288 	7493 	7501
f 4035 	4162 	7496
f 7497 	7496 	4162
f 4163 	7487 	7498
f 4166 	4165 	7499
f 7249 	7279 	7495
f 7488 	7529 	7493
f 7496 	7832 	4035
f 7266 	5564 	7461
f 4162 	4170 	7497
f 7493 	7538 	7501
f 4166 	7499 	7503
f 7506 	7516 	4360
f 7509 	7506 	7505
f 7514 	7505 	4360
f 7505 	7506 	4360
f 7505 	7514 	7515
f 7505 	7515 	7509
f 7517 	7623 	4360
f 7511 	7512 	7520
f 7513 	7520 	7512
f 7520 	7522 	7511
f 7522 	7523 	7510
f 7507 	7524 	7481
f 4172 	4173 	7511
f 7516 	7517 	4360
f 7502 	7817 	7504
f 7507 	4175 	7510
f 4177 	7510 	4175
f 7509 	7516 	7506
f 7511 	7510 	4172
f 4177 	4172 	7510
f 7515 	7518 	7509
f 7507 	7510 	7523
f 7523 	7524 	7507
f 7515 	7521 	7518
f 7538 	7493 	7529
f 7502 	7279 	7817
f 7526 	7483 	7524
f 7528 	7482 	7526
f 7470 	7453 	7467
f 7527 	7466 	7454
f 7474 	7465 	7527
f 9766 	7526 	7524
f 7521 	7420 	7518
f 7533 	7534 	7549
f 7549 	7550 	7533
f 7548 	7549 	7534
f 7535 	7548 	7534
f 7536 	7545 	7535
f 7452 	7471 	7451
f 7451 	7544 	7536
f 7488 	7537 	7529
f 7494 	7432 	7528
f 7540 	7541 	7568
f 7528 	9763 	7494
f 7412 	5555 	5554
f 7414 	7413 	5550
f 7523 	9767 	7524
f 7544 	7451 	7471
f 7514 	7207 	7515
f 7581 	7578 	7831
f 7547 	7535 	7545
f 7545 	7536 	7544
f 7412 	5556 	5555
f 7473 	7515 	7207
f 7473 	7521 	7515
f 7531 	7532 	7551
f 5553 	5552 	7383
f 7551 	7558 	7531
f 7387 	7384 	5559
f 7557 	7565 	7828
f 7565 	7566 	7828
f 7555 	7828 	7566
f 7554 	7555 	7566
f 7566 	7580 	7554
f 7530 	7531 	7558
f 7564 	4180 	7552
f 7559 	7530 	7558
f 7560 	7573 	7559
f 7554 	4183 	7555
f 7561 	7572 	7560
f 4180 	4182 	7552
f 7562 	7571 	7561
f 7540 	7569 	7539
f 7380 	7407 	5551
f 7407 	7406 	5561
f 7548 	7535 	7547
f 7550 	7551 	7532
f 7532 	7533 	7550
f 5556 	7411 	5557
f 7552 	7553 	7580
f 7580 	7576 	7552
f 7553 	7554 	7580
f 7576 	7577 	7552
f 7512 	4178 	7563
f 7569 	7540 	7568
f 7570 	7539 	7569
f 7571 	7562 	7570
f 7572 	7561 	7571
f 7573 	7560 	7572
f 7530 	7559 	7573
f 7539 	7570 	7562
f 7567 	7568 	7541
f 7574 	7575 	7542
f 7543 	7574 	7542
f 7541 	7542 	7575
f 7567 	7541 	7575
f 5560 	5553 	7386
f 7383 	7386 	5553
f 4178 	4179 	7563
f 7454 	7453 	7358
f 7454 	7358 	7357
f 5552 	7384 	7383
f 7453 	7452 	7359
f 7453 	7359 	7358
f 7452 	7451 	7360
f 7452 	7360 	7359
f 5552 	5559 	7384
f 7565 	9776 	7566
f 7387 	5559 	7388
f 5558 	7388 	5559
f 7563 	7564 	7577
f 7577 	7513 	7563
f 7512 	7563 	7513
f 7480 	7375 	7374
f 7480 	7374 	7472
f 5557 	7390 	5558
f 7388 	5558 	7390
f 7479 	7376 	7375
f 7479 	7375 	7480
f 5541 	7406 	7398
f 7478 	7377 	7376
f 7478 	7376 	7479
f 5541 	7398 	5542
f 7477 	7378 	7377
f 7477 	7377 	7478
f 5545 	5544 	7402
f 7510 	7511 	7522
f 7476 	7379 	7378
f 7476 	7378 	7477
f 5542 	7400 	5544
f 7475 	7381 	7379
f 7475 	7379 	7476
f 5561 	5551 	7407
f 7474 	7382 	7381
f 7474 	7381 	7475
f 7557 	7830 	7556
f 5562 	7406 	5541
f 7409 	5545 	7402
f 7527 	7385 	7382
f 7527 	7382 	7474
f 7413 	7412 	5554
f 7527 	7454 	7357
f 7527 	7357 	7385
f 5554 	5550 	7413
f 9776 	7565 	9801
f 7390 	5557 	7411
f 7557 	9801 	7565
f 7501 	7538 	7579
f 7411 	5556 	7412
f 7564 	7552 	7577
f 5545 	7409 	5563
f 9776 	9775 	7580
f 5550 	5565 	7414
f 9776 	7580 	7566
f 7501 	7579 	7950
f 7461 	5563 	7409
f 5563 	7461 	5564
f 7578 	7556 	7827
f 7827 	7831 	7578
f 7578 	7581 	9802
f 7472 	7374 	7455
f 7362 	7455 	7374
f 7265 	7414 	5565
f 7582 	7492 	7469
f 7268 	7459 	7458
f 7525 	7582 	7469
f 7492 	7537 	7488
f 7582 	7537 	7492
f 7583 	7942 	7579
f 6430 	6436 	5868
f 7599 	4552 	7598
f 7598 	4552 	7584
f 5868 	6436 	7584
f 7598 	7584 	7585
f 7584 	6436 	7585
f 6436 	6432 	7585
f 7597 	7602 	7585
f 6714 	7586 	6713
f 7589 	7587 	7586
f 7588 	6714 	6752
f 6714 	7588 	7586
f 7588 	7589 	7586
f 7605 	7591 	7590
f 7605 	7587 	7591
f 7587 	7589 	7591
f 7592 	7588 	6752
f 7589 	7588 	7593
f 7592 	7593 	7588
f 7594 	7591 	7589
f 7593 	7594 	7589
f 7591 	7595 	7590
f 7594 	7595 	7591
f 7856 	7595 	7594
f 7595 	7861 	8063
f 7590 	7595 	8063
f 7590 	7596 	7686
f 8063 	8064 	7596
f 6432 	7597 	7585
f 7601 	4682 	7599
f 7584 	4552 	5868
f 7600 	7599 	7598
f 7585 	7600 	7598
f 7599 	7600 	7601
f 7585 	7602 	7600
f 7603 	4682 	7601
f 7600 	7604 	7601
f 7603 	7601 	7604
f 7606 	4681 	7603
f 7600 	7602 	7604
f 6713 	7586 	7597
f 7602 	7597 	7587
f 7587 	7597 	7586
f 7605 	7604 	7602
f 7587 	7605 	7602
f 7590 	7686 	7605
f 7606 	7603 	7604
f 7606 	7604 	7608
f 7604 	7605 	7686
f 7612 	4680 	7607
f 4680 	7613 	7781
f 7607 	4681 	7606
f 7606 	7608 	7607
f 6654 	7610 	6653
f 7458 	7414 	7609
f 7458 	7609 	7268
f 7611 	6825 	7610
f 6885 	7610 	6654
f 7611 	7610 	7269
f 7641 	7616 	7384
f 7383 	7384 	7616
f 7615 	7412 	7614
f 7411 	7615 	7390
f 7414 	7459 	7413
f 7386 	7858 	5560
f 7612 	7607 	7608
f 7267 	7274 	7614
f 7615 	7614 	7274
f 7604 	7686 	7608
f 7516 	7617 	7517
f 7509 	7617 	7516
f 7519 	7508 	7834
f 7674 	7673 	7309
f 7372 	7470 	7371
f 7620 	7619 	7617
f 6902 	6397 	7947
f 7620 	7617 	7509
f 7373 	7470 	7372
f 7518 	7620 	7509
f 7621 	7620 	7518
f 7361 	7456 	7455
f 7361 	7455 	7362
f 7457 	7456 	7364
f 7420 	7621 	7518
f 7620 	7622 	7619
f 7621 	7622 	7620
f 7368 	7464 	7367
f 6890 	6397 	6896
f 6899 	6896 	6397
f 6888 	6397 	6890
f 7369 	7464 	7368
f 7420 	7421 	7621
f 6591 	7947 	6397
f 7517 	7617 	7623
f 7361 	7364 	7456
f 9816 	9815 	7724
f 7365 	7460 	7457
f 7364 	7365 	7457
f 6633 	7624 	7342
f 7366 	7462 	7460
f 7366 	7460 	7365
f 7366 	7367 	7462
f 7463 	7462 	7367
f 9808 	7704 	7706
f 7464 	7463 	7367
f 9813 	7737 	7734
f 7369 	7465 	7464
f 6807 	7624 	6633
f 7465 	7369 	7466
f 7370 	7466 	7369
f 7624 	7625 	7342
f 7371 	7467 	7370
f 7466 	7370 	7467
f 7624 	7640 	7625
f 7634 	7640 	7624
f 7253 	6397 	7257
f 7252 	6397 	7253
f 7250 	6397 	7252
f 7243 	6397 	7247
f 7241 	6397 	7243
f 7239 	6397 	7241
f 7467 	7371 	7470
f 7247 	6397 	7250
f 7261 	6397 	6888
f 7373 	7471 	7470
f 7626 	6635 	7627
f 7789 	6635 	7626
f 7373 	7410 	7471
f 7625 	7628 	7345
f 7618 	7679 	4680
f 7395 	7360 	7536
f 7451 	7536 	7360
f 7624 	6807 	7634
f 7536 	7535 	7396
f 7536 	7396 	7395
f 7633 	6173 	7632
f 7535 	7534 	7397
f 7535 	7397 	7396
f 7629 	6198 	6239
f 7637 	6239 	7636
f 7534 	7533 	7391
f 7534 	7391 	7397
f 7609 	6825 	7611
f 7533 	7532 	7392
f 7533 	7392 	7391
f 7532 	7531 	7393
f 7532 	7393 	7392
f 7858 	7386 	7756
f 7531 	7530 	7394
f 7531 	7394 	7393
f 7273 	7275 	7641
f 7643 	7628 	7625
f 7616 	7756 	7386
f 7386 	7383 	7616
f 7575 	7450 	7449
f 7575 	7449 	7567
f 7273 	7641 	7644
f 7575 	7574 	7442
f 7575 	7442 	7450
f 7274 	7644 	7615
f 7636 	7748 	7639
f 7640 	7643 	7625
f 7573 	7443 	7530
f 7394 	7530 	7443
f 7573 	7572 	7444
f 7573 	7444 	7443
f 7345 	7628 	7389
f 7572 	7571 	7445
f 7572 	7445 	7444
f 6885 	7269 	7610
f 7614 	7413 	7459
f 7571 	7570 	7446
f 7571 	7446 	7445
f 7656 	7628 	7695
f 7614 	7459 	7267
f 7570 	7569 	7447
f 7570 	7447 	7446
f 7389 	7628 	7656
f 7569 	7568 	7448
f 7569 	7448 	7447
f 7647 	6637 	7646
f 7645 	7642 	7748
f 7568 	7567 	7449
f 7568 	7449 	7448
f 7695 	7628 	7643
f 7642 	7638 	7748
f 7294 	7688 	7289
f 7285 	7348 	7314
f 7634 	6963 	7640
f 6973 	7640 	6963
f 6893 	7660 	6637
f 6637 	7648 	7649
f 6637 	7649 	7650
f 7650 	7646 	6637
f 7273 	6637 	7275
f 7647 	7275 	6637
f 7707 	7643 	7640
f 3190 	7681 	7290
f 3190 	7290 	2108
f 6973 	7707 	7640
f 7290 	7681 	7291
f 7648 	7773 	7649
f 7284 	7292 	7683
f 7292 	2112 	3193
f 7653 	6591 	7655
f 7678 	7289 	7688
f 7756 	7616 	7647
f 7302 	7694 	7296
f 6166 	6167 	6591
f 7296 	7689 	7297
f 6173 	7654 	6591
f 7772 	7768 	7649
f 7653 	7651 	6591
f 7652 	6591 	7651
f 7655 	6591 	7654
f 7633 	7654 	6173
f 7662 	6637 	7661
f 7660 	7661 	6637
f 7659 	6637 	7662
f 7648 	6637 	7659
f 7632 	6173 	6163
f 7795 	7794 	7661
f 7287 	7692 	7300
f 7663 	7668 	7631
f 7669 	7698 	7667
f 7668 	7669 	7631
f 7667 	7664 	7669
f 7664 	7631 	7669
f 7692 	7298 	7300
f 7690 	7656 	7658
f 7306 	7693 	7307
f 7698 	7706 	7666
f 7666 	7667 	7698
f 7670 	6635 	7630
f 7627 	6635 	7670
f 7658 	7656 	7696
f 7693 	7694 	7307
f 7671 	7672 	7309
f 7672 	7630 	7309
f 7574 	7543 	7408
f 7294 	7283 	7347
f 6635 	7309 	7630
f 7673 	7671 	7309
f 7574 	7408 	7442
f 7696 	7656 	7695
f 7435 	7436 	7675
f 7310 	7313 	7435
f 7676 	7310 	7675
f 7438 	7435 	7313
f 7692 	7287 	7677
f 7635 	7679 	7618
f 7681 	7682 	7291
f 7680 	7421 	7425
f 7547 	7415 	7416
f 7683 	7292 	3193
f 7417 	7548 	7547
f 7417 	7547 	7416
f 7677 	7348 	7678
f 7721 	7348 	7677
f 6777 	7684 	6884
f 7678 	7688 	7677
f 7346 	7678 	7348
f 7550 	7418 	7419
f 3048 	7349 	3193
f 7422 	7550 	7419
f 7657 	7791 	7850
f 7424 	7558 	7422
f 7688 	7294 	7347
f 7667 	7666 	4127
f 7429 	7558 	7424
f 7690 	7425 	7363
f 4103 	4139 	7702
f 7690 	7680 	7425
f 4139 	4138 	7665
f 7286 	7297 	7689
f 7389 	7690 	7363
f 7691 	7301 	7299
f 4140 	7664 	7667
f 7663 	7631 	4151
f 4141 	4151 	7631
f 7691 	7733 	7301
f 4140 	4141 	7664
f 7631 	7664 	4141
f 7298 	7691 	7299
f 4151 	4154 	7663
f 7680 	7658 	7657
f 7691 	7298 	7692
f 7670 	4143 	7627
f 7389 	7656 	7690
f 7562 	7437 	7539
f 7630 	4121 	7670
f 7689 	7296 	7694
f 4121 	7630 	4120
f 7401 	7540 	7399
f 7539 	7399 	7540
f 7671 	4123 	7672
f 7351 	7286 	7689
f 7540 	7401 	7403
f 7690 	7658 	7680
f 7302 	7307 	7694
f 7542 	7541 	7404
f 7408 	7543 	7404
f 4156 	4142 	7674
f 7674 	7309 	4156
f 7310 	7676 	4158
f 7351 	7689 	7347
f 7689 	7694 	7691
f 7693 	7733 	7694
f 7691 	7692 	7689
f 7688 	7689 	7692
f 7545 	7410 	7415
f 7675 	4154 	7676
f 7688 	7347 	7689
f 9805 	9804 	7668
f 7688 	7692 	7677
f 7665 	7666 	7706
f 7695 	7643 	7707
f 7548 	7417 	7418
f 7668 	7433 	9805
f 7422 	7551 	7550
f 7695 	7710 	7696
f 7677 	7287 	7308
f 7704 	7705 	7700
f 7700 	7701 	7704
f 7701 	7702 	7704
f 7706 	7704 	7702
f 7702 	7665 	7706
f 7665 	7702 	4139
f 7429 	7559 	7558
f 4106 	4103 	7701
f 7701 	4103 	7702
f 7314 	7348 	7721
f 7311 	7726 	7727
f 7311 	7727 	7312
f 7559 	7429 	7431
f 4114 	7697 	4111
f 7312 	7727 	2120
f 4114 	7699 	7697
f 7314 	7721 	7317
f 7562 	7561 	7437
f 7709 	7703 	7696
f 7399 	7539 	7437
f 7730 	7323 	7322
f 7705 	7704 	9807
f 9808 	9807 	7704
f 7709 	7712 	7703
f 7318 	7321 	7733
f 9807 	9817 	7705
f 7403 	7541 	7540
f 7403 	7404 	7541
f 7699 	7700 	7705
f 7733 	7321 	7301
f 7542 	7404 	7543
f 7697 	7699 	7705
f 7730 	7728 	7323
f 7544 	7471 	7410
f 7327 	7693 	7306
f 7544 	7410 	7545
f 7415 	7547 	7545
f 7735 	7326 	7328
f 7715 	7723 	7714
f 7714 	7723 	7713
f 7814 	7815 	7734
f 7546 	7581 	7831
f 7317 	7741 	7329
f 7548 	7418 	7549
f 4060 	4059 	7711
f 3022 	4068 	7815
f 7713 	7815 	4068
f 7549 	7418 	7550
f 7720 	7308 	7331
f 4068 	4107 	7713
f 7714 	4107 	7715
f 7715 	4108 	7725
f 7744 	7336 	7335
f 7422 	7558 	7551
f 7744 	7735 	7336
f 7708 	7695 	7707
f 7716 	9812 	7546
f 7431 	7560 	7559
f 7677 	7308 	7720
f 7560 	7431 	7434
f 7560 	7434 	7561
f 7434 	7437 	7561
f 7724 	7713 	7723
f 7715 	7725 	7740
f 7725 	7722 	7740
f 7697 	7705 	7722
f 7708 	7710 	7695
f 4109 	7725 	4108
f 4111 	7722 	4109
f 7725 	4109 	7722
f 7696 	7710 	7709
f 7317 	7721 	7741
f 7741 	7721 	7720
f 7722 	4111 	7697
f 7677 	7720 	7721
f 3224 	3230 	7726
f 7324 	7728 	7325
f 7734 	7815 	7729
f 7729 	7815 	7724
f 7866 	11325 	7165
f 7730 	7322 	7731
f 7733 	7732 	7318
f 7319 	7318 	7732
f 7732 	7731 	7319
f 7320 	7319 	7731
f 7014 	7684 	7685
f 7320 	7731 	7322
f 7684 	7739 	7685
f 6170 	6591 	6168
f 6167 	6168 	6591
f 6169 	6591 	6170
f 6171 	6591 	6169
f 6172 	6173 	6591
f 6171 	6172 	6591
f 10281 	7866 	7863
f 7863 	7355 	10281
f 7334 	7325 	7743
f 7324 	7323 	7728
f 7249 	7246 	7685
f 6777 	6778 	7684
f 7639 	7748 	7638
f 7327 	7735 	7693
f 7246 	7014 	7685
f 7326 	7735 	7327
f 7072 	773 	772
f 7737 	7814 	7734
f 7735 	7744 	7730
f 7685 	7736 	7249
f 7730 	7731 	7735
f 7716 	7546 	7810
f 7738 	7716 	7811
f 7693 	7735 	7731
f 7731 	7732 	7693
f 7685 	7739 	7736
f 9813 	9812 	7738
f 7733 	7693 	7732
f 9813 	7738 	7737
f 7739 	7684 	6778
f 7691 	7694 	7733
f 7740 	7722 	7705
f 6778 	7010 	7739
f 7329 	7741 	7330
f 7736 	7764 	7742
f 7705 	9817 	7740
f 7740 	7723 	7715
f 7728 	7743 	7325
f 9817 	7723 	7740
f 7331 	7743 	7720
f 7334 	7743 	7331
f 7330 	7741 	7335
f 7328 	7336 	7735
f 7335 	7741 	7744
f 7629 	6239 	7637
f 7662 	7661 	7794
f 7739 	7764 	7736
f 7743 	7728 	7741
f 7744 	7741 	7728
f 7728 	7730 	7744
f 7720 	7743 	7741
f 7771 	7745 	7742
f 7275 	7647 	7616
f 7340 	7750 	3378
f 7340 	3378 	2159
f 7660 	7838 	7661
f 7647 	7646 	7758
f 7759 	7758 	7646
f 7749 	3391 	3378
f 7756 	7647 	7758
f 7746 	7339 	7338
f 7746 	7338 	7747
f 7747 	7338 	7337
f 7747 	7337 	7749
f 7764 	7771 	7742
f 7748 	6239 	6240
f 7748 	6240 	6242
f 6243 	7748 	6241
f 6242 	6241 	7748
f 6243 	6244 	7748
f 7748 	6245 	6247
f 6245 	7748 	6244
f 2164 	7749 	7337
f 7748 	7636 	6239
f 7760 	7753 	7341
f 7773 	7648 	7778
f 7750 	7340 	7753
f 7341 	7753 	7340
f 7746 	7747 	7753
f 7746 	7753 	7760
f 7650 	7767 	7646
f 7753 	7747 	7750
f 7749 	7750 	7747
f 3378 	7750 	7749
f 7756 	7758 	7857
f 7857 	7858 	7756
f 7749 	2164 	3391
f 7757 	7343 	7339
f 7757 	7339 	7746
f 7759 	7857 	7758
f 7343 	7757 	7760
f 7343 	7760 	7344
f 7752 	12731 	7751
f 7754 	12731 	7752
f 12731 	7754 	7755
f 193 	6626 	12731
f 7344 	7760 	7341
f 7746 	7760 	7757
f 2064 	4755 	2067
f 7765 	7766 	12731
f 7768 	7854 	7767
f 7650 	7768 	7767
f 12731 	7770 	8680
f 7851 	7852 	7773
f 7778 	7851 	7773
f 7772 	7649 	7773
f 7686 	7596 	7687
f 7762 	7763 	12731
f 7766 	7769 	12731
f 7618 	4680 	7781
f 7779 	7745 	7771
f 7764 	7739 	7010
f 7618 	7781 	7635
f 7782 	7613 	7612
f 7777 	7762 	12731
f 7612 	7608 	7782
f 7761 	8680 	7770
f 7763 	7765 	12731
f 7659 	7778 	7648
f 7783 	6643 	7785
f 7759 	7646 	7767
f 7782 	7635 	7781
f 7782 	7781 	7613
f 7772 	7773 	7852
f 7787 	6635 	7789
f 7650 	7649 	7768
f 7686 	7687 	7608
f 7784 	6982 	7783
f 7711 	6982 	7784
f 6635 	7787 	7788
f 6635 	7788 	7786
f 7786 	7785 	6635
f 7907 	7908 	7794
f 7792 	7839 	7790
f 7793 	7839 	7792
f 7852 	7853 	7772
f 7839 	7793 	7778
f 6905 	7906 	7795
f 7783 	4061 	7784
f 7687 	7782 	7608
f 4067 	7785 	7786
f 7787 	4070 	7788
f 4071 	7788 	4070
f 4072 	4070 	7789
f 7635 	7782 	7797
f 7791 	7796 	7846
f 4060 	7711 	4062
f 7784 	4062 	7711
f 7782 	7687 	7797
f 7786 	7788 	4067
f 4071 	4067 	7788
f 7687 	7596 	7780
f 7798 	7771 	7764
f 9095 	9092 	9059
f 9094 	9095 	9059
f 7798 	7764 	7010
f 7799 	7800 	7796
f 7797 	7780 	8218
f 7801 	6983 	7803
f 7802 	7807 	6505
f 7803 	6983 	7711
f 8317 	9056 	7805
f 7805 	7819 	8317
f 9319 	8317 	7819
f 7797 	7687 	7780
f 7804 	7805 	9056
f 9056 	6505 	7806
f 7806 	7804 	9056
f 7809 	7593 	7592
f 7703 	7657 	7658
f 7812 	7738 	7811
f 7812 	7813 	7737
f 7814 	7737 	7813
f 7713 	7724 	7815
f 7809 	7592 	7293
f 7821 	9319 	7818
f 7822 	9319 	7821
f 7593 	7816 	7594
f 7658 	7696 	7703
f 9319 	7819 	7818
f 7820 	7504 	7817
f 7823 	7809 	7293
f 7657 	7824 	7791
f 7832 	9309 	9319
f 7825 	7832 	9319
f 7824 	7657 	7703
f 7809 	7816 	7593
f 7799 	7796 	7791
f 7295 	7823 	7293
f 7829 	7557 	7828
f 7830 	7557 	7829
f 7826 	7556 	7830
f 7827 	7556 	7826
f 7737 	7738 	7812
f 7810 	7811 	7716
f 7831 	7810 	7546
f 7496 	9198 	7832
f 7833 	7816 	7809
f 7824 	7799 	7791
f 7833 	7835 	7816
f 7822 	7825 	9319
f 7820 	7508 	7504
f 9284 	9319 	9309
f 3007 	7802 	7801
f 7820 	7834 	7508
f 7703 	7712 	7824
f 7823 	7833 	7809
f 3007 	7801 	7803
f 7803 	7711 	4059
f 7717 	7799 	7824
f 12731 	7755 	7774
f 7776 	7777 	12731
f 7774 	7775 	12731
f 5539 	7793 	7792
f 7717 	7718 	7799
f 5528 	5539 	7790
f 7717 	7824 	7712
f 7946 	7835 	7833
f 7799 	7718 	7800
f 7851 	7778 	7793
f 7794 	7795 	7907
f 7906 	7907 	7795
f 7767 	7855 	7759
f 7800 	7719 	7808
f 7882 	7883 	7766
f 7662 	7794 	7836
f 6905 	7795 	7838
f 7795 	7661 	7838
f 7884 	7885 	7770
f 7719 	10343 	7808
f 7199 	6978 	7838
f 7871 	7754 	7752
f 7719 	7800 	7718
f 7950 	7823 	7295
f 7838 	7660 	7199
f 7754 	7871 	7755
f 7873 	7755 	7871
f 7659 	7839 	7778
f 7946 	7966 	7835
f 7836 	7909 	7839
f 7659 	7662 	7836
f 7659 	7836 	7839
f 7876 	7777 	7776
f 5538 	7793 	5539
f 7876 	7877 	7777
f 7792 	7790 	5539
f 5537 	7851 	5538
f 7868 	7869 	7751
f 7837 	7835 	7966
f 7846 	7844 	7841
f 7774 	7755 	7873
f 7873 	7874 	7774
f 7845 	8038 	7847
f 7849 	7847 	8038
f 7850 	7841 	7421
f 7776 	7875 	7876
f 7772 	7853 	7768
f 7854 	7768 	7853
f 7855 	7767 	7854
f 7857 	7759 	7855
f 7384 	7387 	7641
f 7804 	3014 	7805
f 7841 	7621 	7421
f 7859 	8038 	7380
f 3014 	7804 	3015
f 8038 	7845 	7842
f 7843 	8041 	7842
f 7840 	7901 	8041
f 3015 	7806 	7807
f 7421 	7680 	7850
f 7856 	7594 	7816
f 7805 	2995 	7819
f 7850 	7846 	7841
f 7848 	7849 	8038
f 7848 	8038 	7859
f 7813 	3018 	7814
f 5526 	5525 	7845
f 7932 	7933 	7860
f 7595 	7856 	7861
f 3996 	3023 	7831
f 7835 	7856 	7816
f 7856 	7837 	7861
f 3022 	7815 	3018
f 7835 	7837 	7856
f 7855 	5532 	7857
f 5532 	5531 	7857
f 7877 	7880 	7762
f 7763 	7762 	7880
f 5531 	5560 	7858
f 7882 	7766 	7765
f 7850 	7791 	7846
f 7880 	7881 	7763
f 7864 	7865 	7863
f 7355 	7863 	7865
f 7842 	5525 	7843
f 5524 	7843 	5525
f 7865 	7356 	7355
f 7842 	7845 	5525
f 5530 	5529 	7848
f 7775 	7774 	7874
f 7874 	7875 	7775
f 5037 	4784 	7878
f 7853 	5536 	5535
f 7793 	5538 	7851
f 5533 	7855 	5534
f 7769 	7766 	7883
f 7883 	7884 	7769
f 7770 	7769 	7884
f 5534 	7854 	5535
f 7761 	7770 	7885
f 5540 	7859 	5551
f 5523 	7840 	5524
f 6707 	7868 	6626
f 7752 	7751 	7869
f 7867 	7863 	7866
f 7752 	7869 	7871
f 7879 	7864 	7867
f 7889 	7872 	7870
f 7776 	7775 	7875
f 5526 	7845 	7847
f 7024 	7029 	7866
f 7762 	7777 	7877
f 7849 	7848 	5529
f 9713 	7870 	7878
f 5529 	5527 	7849
f 7765 	7881 	7882
f 5536 	7852 	5537
f 7851 	5537 	7852
f 6053 	8431 	7029
f 7765 	7763 	7881
f 7852 	5536 	7853
f 7879 	7867 	7029
f 7867 	7866 	7029
f 5037 	7878 	5038
f 7855 	5533 	5532
f 7858 	7857 	5531
f 7872 	5038 	7878
f 7870 	7872 	7878
f 7751 	6626 	7868
f 7889 	6634 	7888
f 7854 	5534 	7855
f 7876 	7875 	7893
f 7875 	7874 	7893
f 7873 	7871 	7893
f 7871 	7869 	7893
f 7869 	7868 	7893
f 7895 	7893 	7868
f 7888 	7890 	7889
f 7872 	7889 	7890
f 7874 	7873 	7893
f 5535 	7854 	7853
f 8164 	8165 	7879
f 7891 	7892 	7879
f 5038 	7872 	5046
f 7890 	5046 	7872
f 7380 	5551 	7859
f 7843 	5524 	7840
f 5049 	7894 	5048
f 7885 	7884 	7893
f 7884 	7883 	7893
f 7882 	7881 	7893
f 7881 	7880 	7893
f 7880 	7877 	7893
f 7876 	7893 	7877
f 5049 	5054 	7899
f 7883 	7882 	7893
f 7859 	5540 	7848
f 7895 	7868 	7900
f 6707 	6721 	7868
f 6722 	7900 	6721
f 5530 	7848 	5540
f 7888 	7915 	7894
f 7895 	7896 	7893
f 5087 	5048 	7894
f 5049 	7899 	7894
f 7902 	7879 	7892
f 7897 	7898 	8041
f 7901 	7897 	8041
f 7902 	7948 	7879
f 6907 	6529 	6906
f 7819 	3945 	7818
f 7903 	6906 	6808
f 7888 	7894 	7890
f 3945 	3988 	7818
f 7894 	7899 	7890
f 5046 	7890 	7899
f 7836 	7794 	7909
f 7909 	7794 	7908
f 7790 	7839 	7910
f 7909 	7910 	7839
f 7911 	7914 	7912
f 7913 	7912 	7914
f 7840 	8041 	7843
f 6808 	8041 	7898
f 7905 	6808 	7904
f 7905 	7903 	6808
f 5191 	7913 	7914
f 7897 	5511 	7898
f 5510 	7898 	5511
f 7622 	7841 	7844
f 3998 	7827 	7826
f 7826 	7830 	3998
f 5523 	7901 	7840
f 7894 	7915 	5087
f 7622 	7621 	7841
f 3999 	3998 	7830
f 5087 	7915 	7913
f 3994 	7828 	4185
f 7912 	7913 	7915
f 4036 	4035 	7832
f 5528 	7790 	7910
f 7825 	4036 	7832
f 8320 	9056 	8319
f 5184 	5186 	7914
f 7911 	5184 	7914
f 5510 	7904 	7898
f 7736 	7279 	7249
f 7279 	7736 	7742
f 7919 	8111 	7918
f 7680 	7657 	7850
f 7922 	7860 	7844
f 7742 	7817 	7279
f 8111 	7923 	7924
f 7745 	7820 	7817
f 6722 	7925 	7900
f 7900 	7868 	6721
f 7928 	7929 	7926
f 7928 	7926 	7927
f 7846 	7922 	7844
f 7930 	7931 	7940
f 7742 	7745 	7817
f 7820 	7980 	7834
f 8317 	9331 	7934
f 7937 	7834 	7981
f 7938 	7864 	7887
f 7936 	7935 	9331
f 7935 	7934 	9331
f 7939 	7936 	9331
f 7943 	7944 	7930
f 7823 	7942 	7833
f 7945 	8118 	7944
f 8118 	7930 	7944
f 7941 	7943 	7930
f 7942 	7946 	7833
f 1210 	1208 	7936
f 1213 	1210 	7939
f 7936 	7939 	1210
f 7879 	7948 	7864
f 7947 	7949 	7951
f 7947 	7951 	7952
f 7932 	7860 	7922
f 7951 	7949 	7953
f 7951 	7953 	7954
f 7954 	7953 	7955
f 7954 	7955 	7956
f 7956 	7955 	7958
f 7956 	7958 	7959
f 7957 	7932 	7922
f 7886 	7864 	7948
f 7959 	7958 	7960
f 7959 	7960 	7961
f 7950 	7295 	7501
f 7963 	7961 	7962
f 7960 	7962 	7961
f 6104 	7948 	6107
f 7962 	8502 	7963
f 7922 	7796 	7957
f 7823 	7950 	7942
f 7933 	7964 	7965
f 7956 	6073 	7954
f 6073 	6070 	7954
f 7959 	6073 	7956
f 7961 	6073 	7959
f 7963 	6073 	7961
f 8501 	6073 	7963
f 7970 	8033 	7969
f 7932 	7964 	7933
f 7846 	7796 	7922
f 7971 	7964 	7932
f 7971 	10727 	7964
f 7957 	7971 	7932
f 7972 	7946 	7942
f 7796 	7800 	7957
f 7950 	7579 	7942
f 7957 	7808 	7971
f 7583 	7972 	7942
f 7946 	7972 	7966
f 7975 	7966 	7972
f 10726 	7965 	7964
f 7983 	7974 	7937
f 7978 	7974 	7984
f 7982 	7860 	7933
f 7983 	7984 	7974
f 7966 	7973 	7976
f 7973 	7966 	7975
f 7800 	7808 	7957
f 7976 	10611 	7977
f 10611 	7976 	7973
f 7519 	7834 	7937
f 8411 	8373 	5906
f 7622 	7979 	7619
f 7622 	7844 	7979
f 7860 	7982 	7979
f 5456 	5600 	7911
f 7980 	7981 	7834
f 7979 	7844 	7860
f 7937 	7981 	7983
f 7980 	7820 	7745
f 11442 	7978 	7985
f 7978 	7984 	7985
f 8052 	7965 	8054
f 7745 	7779 	7980
f 7933 	7965 	8052
f 8516 	7985 	7984
f 4360 	7623 	7986
f 6042 	2034 	8049
f 7987 	4360 	7986
f 7987 	7989 	7988
f 7986 	7990 	7987
f 7987 	7990 	7989
f 7990 	7986 	7623
f 7990 	7623 	7617
f 7617 	7619 	7990
f 8002 	8003 	7989
f 8011 	7990 	7619
f 7989 	8019 	8002
f 7993 	8040 	6043
f 7993 	13090 	7995
f 7995 	13090 	7994
f 7997 	8655 	7996
f 7998 	8655 	7997
f 7987 	7988 	4360
f 8000 	7998 	7997
f 7994 	8042 	7995
f 8025 	8655 	7998
f 7901 	5523 	5512
f 7998 	8000 	8025
f 7999 	8001 	7992
f 8002 	8000 	7997
f 8002 	7997 	7996
f 5511 	7897 	5512
f 7996 	8655 	8003
f 8003 	8655 	7988
f 7996 	8003 	8002
f 5513 	5629 	7903
f 7992 	8001 	7991
f 5514 	7905 	5515
f 7988 	7989 	8003
f 7903 	7905 	5513
f 5518 	7910 	5519
f 7862 	7861 	8005
f 7861 	7837 	8005
f 7910 	5518 	5528
f 5519 	7909 	5520
f 7976 	8005 	7837
f 6905 	5594 	7906
f 8013 	7968 	7967
f 7977 	8005 	7976
f 7901 	5512 	7897
f 7967 	8036 	8014
f 7966 	7976 	7837
f 8028 	8025 	8000
f 8010 	8021 	7968
f 7977 	8012 	8005
f 8010 	7968 	8013
f 7904 	5515 	7905
f 5514 	5513 	7905
f 8013 	7967 	8014
f 5519 	7910 	7909
f 11362 	8016 	1240
f 8011 	7989 	7990
f 8011 	8019 	7989
f 8067 	8029 	8016
f 8012 	7999 	7992
f 8049 	8048 	8067
f 8014 	8018 	8017
f 7979 	7982 	8011
f 8011 	7982 	8019
f 7619 	7979 	8011
f 8030 	8000 	8002
f 8013 	8014 	8017
f 8010 	8013 	8017
f 8010 	8017 	8015
f 8015 	8021 	8010
f 8019 	8030 	8002
f 8021 	7970 	7969
f 7970 	8022 	8020
f 8021 	8022 	7970
f 8021 	7969 	7968
f 8213 	8021 	8015
f 8072 	8655 	8025
f 8022 	8021 	8243
f 7234 	7235 	8023
f 8032 	8028 	8000
f 8009 	6756 	6755
f 8027 	8024 	7224
f 8020 	10715 	7970
f 8024 	8016 	8029
f 6757 	8009 	6755
f 7968 	7969 	8033
f 8631 	8033 	7893
f 8027 	8016 	8024
f 6756 	8004 	6676
f 7967 	8033 	8034
f 7968 	8033 	7967
f 8631 	8632 	8033
f 8067 	8023 	8031
f 8031 	8029 	8067
f 8036 	7967 	8034
f 8004 	6756 	8035
f 8036 	8034 	6994
f 8026 	8016 	8027
f 7907 	5521 	7908
f 5520 	7908 	5521
f 7230 	8037 	7229
f 7908 	5520 	7909
f 7906 	5522 	7907
f 5521 	7907 	5522
f 8009 	8035 	6756
f 8039 	7380 	8038
f 7999 	8012 	7977
f 8035 	8006 	8004
f 8038 	5287 	8039
f 8040 	8009 	6757
f 7210 	7211 	8024
f 7212 	7213 	8027
f 8026 	8027 	7213
f 7215 	7210 	8029
f 8024 	8029 	7210
f 6038 	8040 	6757
f 8038 	7842 	8041
f 8031 	8023 	7235
f 8012 	7992 	8062
f 8009 	8042 	8035
f 8039 	7912 	6634
f 4303 	8041 	6808
f 7235 	7219 	8031
f 8035 	8008 	8006
f 7904 	6808 	7898
f 8008 	8035 	8042
f 7211 	7224 	8024
f 8009 	8040 	8042
f 7219 	7215 	8031
f 8029 	8031 	7215
f 8039 	5287 	8043
f 7212 	8027 	7224
f 7233 	7234 	8023
f 10613 	8001 	7999
f 7229 	8026 	7213
f 8026 	7229 	8037
f 8008 	8102 	8006
f 1919 	6024 	7230
f 6038 	6043 	8040
f 8016 	8026 	1240
f 8037 	6024 	1240
f 7995 	8042 	8040
f 8037 	1240 	8026
f 8048 	7231 	7232
f 8023 	8048 	7233
f 7232 	7233 	8048
f 7993 	7995 	8040
f 13090 	8050 	7994
f 8049 	7237 	7277
f 8007 	8008 	8050
f 8042 	8050 	8008
f 8048 	8049 	7277
f 8048 	7277 	7231
f 8050 	8042 	7994
f 8023 	8067 	8048
f 6786 	8051 	7010
f 11467 	11351 	6772
f 8000 	8030 	8032
f 8019 	8052 	8030
f 7982 	8052 	8019
f 8054 	8032 	8030
f 7286 	2066 	5121
f 5121 	5287 	7286
f 5950 	11239 	5948
f 6782 	8055 	6786
f 7915 	7888 	6634
f 8055 	8056 	6786
f 8012 	8062 	7862
f 8005 	8012 	7862
f 7992 	8096 	8062
f 8051 	8056 	8057
f 8004 	8055 	6676
f 8059 	8056 	8055
f 8059 	8061 	8056
f 8004 	8059 	8055
f 1240 	11367 	11362
f 8056 	8061 	8057
f 8052 	8054 	8030
f 7596 	7590 	8063
f 8057 	8086 	8221
f 7982 	7933 	8052
f 8057 	8221 	8409
f 8086 	8057 	8061
f 8046 	4303 	8047
f 8044 	4303 	8046
f 8047 	4303 	8066
f 8090 	8061 	8059
f 8087 	8073 	8045
f 8088 	8089 	8091
f 8091 	8089 	8045
f 8087 	8045 	8089
f 4303 	8045 	8073
f 8066 	4303 	8065
f 8068 	8065 	4303
f 5945 	6776 	11351
f 8059 	8006 	8090
f 8069 	8068 	4303
f 8074 	8655 	8072
f 8071 	8069 	4303
f 8071 	4303 	8070
f 8070 	4303 	8153
f 6808 	8153 	4303
f 8028 	8072 	8025
f 7798 	7010 	8051
f 8409 	8051 	8057
f 8072 	8028 	8074
f 8076 	4303 	8080
f 4360 	7988 	8655
f 8079 	4303 	8081
f 8090 	8093 	8061
f 8083 	4303 	8085
f 8004 	8006 	8059
f 8102 	8090 	8006
f 8014 	8036 	8018
f 8063 	7862 	8064
f 8084 	8085 	4303
f 7861 	7862 	8063
f 8073 	8084 	4303
f 8101 	8764 	8100
f 8062 	8058 	8064
f 8044 	8045 	4303
f 8007 	8050 	13090
f 8082 	4303 	8083
f 8081 	4303 	8082
f 8079 	8080 	4303
f 4303 	8076 	8077
f 8119 	8113 	11665
f 11665 	11667 	8119
f 7862 	8062 	8064
f 10715 	10887 	7970
f 8033 	7970 	10887
f 8086 	8061 	8093
f 8095 	8096 	7991
f 8017 	8098 	8097
f 8099 	8093 	8090
f 1170 	1213 	9839
f 8099 	8230 	8093
f 7941 	1216 	7943
f 8017 	8097 	8015
f 1217 	7943 	1216
f 8094 	8015 	8097
f 1217 	7944 	7943
f 7992 	7991 	8096
f 8090 	8102 	8099
f 7944 	1218 	7945
f 8106 	8104 	8105
f 1216 	7941 	7940
f 7940 	8154 	1195
f 7945 	1219 	9852
f 8007 	13090 	8107
f 8269 	8157 	8103
f 7917 	7931 	7930
f 7917 	7930 	7916
f 8103 	8157 	8098
f 8109 	8008 	8107
f 8007 	8107 	8008
f 8092 	8088 	8091
f 9852 	9835 	8117
f 7919 	8112 	8111
f 8102 	8115 	8099
f 8118 	7945 	8117
f 7931 	8108 	7940
f 7945 	9852 	8117
f 5969 	5966 	8436
f 8117 	7920 	7921
f 8117 	7921 	8118
f 8114 	8116 	11659
f 13128 	11659 	8116
f 8102 	8109 	8115
f 8113 	8114 	11663
f 11664 	11665 	8113
f 7921 	7916 	8118
f 7930 	8118 	7916
f 8107 	8120 	8109
f 8125 	12940 	8124
f 10118 	7923 	8111
f 8123 	8124 	12940
f 8126 	8123 	12940
f 8128 	8120 	13090
f 8120 	8107 	13090
f 7919 	7920 	8112
f 8117 	8112 	7920
f 8131 	13128 	8122
f 8122 	13128 	8121
f 8127 	8115 	8128
f 8109 	8128 	8115
f 8154 	7940 	8108
f 8455 	8454 	5990
f 7917 	8108 	7931
f 8132 	13128 	8130
f 8120 	8128 	8109
f 8166 	8338 	8134
f 8121 	13128 	8116
f 8129 	13128 	8131
f 8130 	13128 	8129
f 8134 	8324 	8135
f 8126 	12940 	8133
f 8132 	8133 	13128
f 8154 	8108 	8152
f 8455 	5990 	8456
f 8168 	8169 	8140
f 8152 	8108 	8140
f 8145 	8140 	8108
f 8145 	8168 	8140
f 8138 	8140 	8169
f 8322 	8323 	8135
f 8148 	6808 	8147
f 8147 	6808 	8144
f 8137 	8248 	8155
f 8150 	6808 	8149
f 9529 	8139 	8786
f 8103 	8110 	8533
f 7940 	7941 	7930
f 8139 	8137 	8786
f 8318 	8140 	8319
f 8138 	8319 	8140
f 8156 	8317 	7934
f 8110 	8018 	8530
f 8134 	1014 	8166
f 8135 	1016 	8134
f 8254 	8098 	8157
f 8142 	1018 	1017
f 8142 	1017 	8138
f 8110 	8103 	8098
f 1192 	1190 	8140
f 8017 	8110 	8098
f 8017 	8018 	8110
f 1183 	8138 	1017
f 8127 	8136 	8115
f 8318 	1181 	8140
f 8104 	8106 	8095
f 1196 	1195 	8154
f 10961 	10962 	8105
f 8152 	1196 	8154
f 7934 	1207 	8156
f 1192 	8140 	1181
f 8274 	8086 	8093
f 8105 	8104 	10961
f 8161 	8104 	8095
f 8163 	8145 	8162
f 8108 	8162 	8145
f 8099 	8115 	8233
f 8170 	8171 	7879
f 8178 	7879 	8165
f 8095 	7991 	8161
f 8169 	8180 	8138
f 8180 	8187 	8138
f 8142 	8138 	8187
f 1014 	1015 	8166
f 8102 	8008 	8109
f 914 	8263 	1015
f 7879 	8431 	8195
f 8442 	8188 	8431
f 8136 	13090 	8232
f 8128 	13090 	8127
f 8141 	6808 	8148
f 8149 	6808 	8141
f 1018 	8142 	8167
f 6808 	8146 	8143
f 8143 	8144 	6808
f 8168 	10004 	8174
f 8168 	8174 	8175
f 8168 	8175 	8169
f 8164 	7879 	8176
f 8173 	6808 	8172
f 8344 	8172 	8345
f 8173 	8146 	6808
f 8167 	8142 	8194
f 8313 	8286 	8177
f 8150 	8151 	6808
f 8153 	6808 	8151
f 7891 	7879 	8178
f 8165 	6115 	8178
f 8182 	8180 	8181
f 8180 	8169 	8181
f 8175 	8181 	8169
f 8183 	8184 	8179
f 8186 	8179 	8184
f 8187 	8193 	8142
f 7891 	8178 	6106
f 8190 	8187 	8189
f 8182 	8189 	8187
f 8182 	8187 	8180
f 10004 	8168 	8192
f 8168 	8145 	8192
f 8163 	8192 	8145
f 8193 	8194 	8142
f 8191 	8195 	8431
f 9995 	8194 	8197
f 8194 	8193 	8197
f 8196 	8197 	8193
f 8176 	7879 	8171
f 8058 	8062 	8096
f 8257 	8177 	8198
f 9995 	8198 	8194
f 8195 	8170 	7879
f 8193 	8187 	8196
f 8199 	8196 	8187
f 8194 	8177 	8167
f 8194 	8198 	8177
f 8108 	7917 	8162
f 8096 	8060 	8058
f 8060 	8095 	8106
f 8212 	8241 	8206
f 8209 	8213 	8094
f 8210 	8239 	8212
f 8096 	8095 	8060
f 8214 	8218 	8215
f 8217 	8216 	8220
f 8058 	8060 	8218
f 8219 	8217 	8220
f 8094 	8213 	8015
f 8218 	8060 	8215
f 8236 	8237 	8276
f 8276 	8277 	8236
f 8225 	8276 	8237
f 8240 	10143 	8239
f 8231 	8209 	8226
f 8209 	8094 	8226
f 8209 	8159 	8229
f 8224 	980 	8225
f 980 	904 	8225
f 2712 	8392 	13090
f 8232 	13090 	8249
f 8222 	1135 	8223
f 982 	8223 	1135
f 8223 	982 	8224
f 8232 	8233 	8136
f 8115 	8136 	8233
f 8204 	8205 	8227
f 10146 	8227 	8205
f 8254 	8231 	8226
f 8254 	8226 	8094
f 8223 	8224 	8241
f 8241 	8239 	8223
f 8208 	8762 	8158
f 8237 	8207 	8238
f 8206 	8238 	8207
f 8239 	10143 	10144
f 8343 	8159 	8231
f 8211 	8240 	8210
f 8239 	8210 	8240
f 8230 	8234 	8274
f 8222 	8223 	8239
f 8209 	8231 	8159
f 8099 	8233 	8230
f 8206 	8241 	8238
f 10144 	8222 	8239
f 8244 	8234 	8230
f 8229 	8213 	8209
f 8241 	8212 	8239
f 8233 	8244 	8230
f 8213 	8229 	8243
f 8227 	10142 	8240
f 8240 	8211 	8227
f 8204 	8227 	8211
f 8021 	8213 	8243
f 8238 	8241 	8224
f 8229 	8159 	8160
f 8243 	8229 	8160
f 8022 	8243 	8160
f 8326 	8244 	8249
f 8233 	8249 	8244
f 8022 	8160 	8020
f 8252 	8310 	8251
f 8253 	8158 	8155
f 8232 	8249 	8233
f 8236 	8310 	8255
f 8094 	8097 	8254
f 8248 	8253 	8155
f 8157 	8269 	8254
f 8309 	8256 	8251
f 8255 	8207 	8236
f 8254 	8097 	8098
f 8208 	8158 	8259
f 8158 	8253 	8259
f 8220 	8698 	8261
f 8267 	8260 	8698
f 8219 	8220 	8261
f 8263 	8793 	8166
f 8264 	8262 	8221
f 8221 	8086 	8264
f 8260 	8261 	8698
f 8266 	8267 	8698
f 8248 	8265 	8253
f 8698 	8268 	8270
f 8270 	8266 	8698
f 8271 	8268 	8698
f 8264 	8272 	8262
f 8271 	8698 	8282
f 8698 	8701 	8282
f 8253 	8265 	8273
f 8086 	8274 	8264
f 8280 	8310 	8279
f 8278 	8279 	8310
f 8277 	8278 	8310
f 8281 	8312 	8280
f 8228 	8215 	8106
f 8253 	8273 	8259
f 8327 	8228 	8105
f 8285 	8286 	8313
f 8167 	8177 	8286
f 8287 	8288 	8285
f 8288 	8303 	8285
f 8264 	8283 	8272
f 8105 	8228 	8106
f 849 	848 	8260
f 8274 	8283 	8264
f 6323 	8259 	8273
f 8260 	8267 	849
f 8093 	8230 	8274
f 8166 	1015 	8263
f 8283 	8274 	8234
f 8263 	914 	8282
f 7780 	8058 	8218
f 8266 	897 	8267
f 896 	8267 	897
f 7780 	8064 	8058
f 8234 	8331 	8283
f 8060 	8106 	8215
f 896 	849 	8267
f 8214 	7797 	8218
f 8270 	901 	8266
f 6361 	6323 	8273
f 902 	901 	8268
f 7780 	7596 	8064
f 8214 	7635 	7797
f 8272 	8283 	8296
f 8290 	4680 	7679
f 8280 	909 	8281
f 8278 	8277 	912
f 913 	912 	8277
f 8277 	8276 	913
f 904 	913 	8276
f 8331 	8296 	8283
f 8302 	8300 	8292
f 910 	916 	8281
f 8278 	912 	8279
f 906 	8271 	8282
f 8294 	8248 	8242
f 8292 	7679 	7635
f 8285 	918 	8286
f 8290 	7679 	8292
f 8294 	8242 	8291
f 8294 	8265 	8248
f 914 	906 	8282
f 8296 	8295 	8272
f 8292 	7635 	8214
f 8298 	8293 	8295
f 8297 	8299 	8294
f 8287 	8245 	8288
f 8246 	8288 	8245
f 8290 	8300 	4680
f 8300 	8301 	4680
f 8284 	8304 	8281
f 8309 	8310 	8280
f 8290 	8292 	8300
f 8284 	8285 	8303
f 8303 	8304 	8284
f 8312 	8281 	8304
f 8296 	8298 	8295
f 8276 	8225 	904
f 8302 	8301 	8300
f 8294 	8299 	8265
f 8288 	8246 	8303
f 8247 	8303 	8246
f 8305 	8291 	8289
f 8287 	8285 	8313
f 8307 	4680 	8306
f 8294 	8291 	8297
f 8287 	8313 	8245
f 8306 	8308 	8307
f 8291 	8305 	8297
f 8303 	8247 	8304
f 8250 	8304 	8247
f 8301 	8306 	4680
f 8308 	8306 	8302
f 8309 	8280 	8312
f 8310 	8236 	8277
f 8237 	8238 	8225
f 8224 	8225 	8238
f 8309 	8251 	8310
f 8301 	8302 	8306
f 8311 	8302 	8292
f 8252 	8255 	8310
f 8312 	8304 	8256
f 8250 	8256 	8304
f 8296 	8341 	8298
f 8292 	8214 	8311
f 8258 	8313 	8257
f 8177 	8257 	8313
f 8214 	8215 	8311
f 8314 	8273 	8265
f 8256 	8309 	8312
f 8207 	8237 	8236
f 8302 	8315 	8308
f 8265 	8299 	8314
f 8258 	8245 	8313
f 8302 	8311 	8315
f 8228 	8315 	8311
f 8319 	9056 	8318
f 8318 	9056 	8317
f 7807 	7806 	6505
f 8317 	1180 	8318
f 8273 	8314 	6361
f 8215 	8228 	8311
f 1183 	8320 	8319
f 1016 	8135 	1184
f 8328 	8307 	8308
f 8369 	8308 	8315
f 8299 	8589 	8314
f 1199 	1180 	8156
f 8328 	8329 	4680
f 8322 	8135 	8324
f 8589 	8299 	8548
f 8249 	13090 	8326
f 8327 	8315 	8228
f 8307 	8328 	4680
f 8329 	8358 	4680
f 8620 	8621 	8334
f 8973 	8606 	8704
f 8789 	8790 	8984
f 8704 	8789 	8973
f 8946 	8984 	8790
f 8231 	8254 	8339
f 8324 	8134 	8338
f 8282 	8794 	8263
f 8339 	8254 	8451
f 8325 	8135 	8323
f 8342 	8135 	8325
f 8340 	8135 	8342
f 8185 	8345 	8184
f 8344 	8345 	8185
f 8346 	8184 	8345
f 8331 	8341 	8296
f 8186 	8184 	8346
f 8343 	8231 	8339
f 8348 	8329 	8328
f 8393 	13090 	8392
f 6808 	8347 	8172
f 8345 	8172 	8347
f 8234 	8350 	8331
f 8349 	8347 	6808
f 8352 	8349 	6808
f 8365 	8358 	8348
f 8351 	8352 	6808
f 8308 	8348 	8328
f 8397 	8392 	2712
f 8350 	8357 	8331
f 8359 	8356 	12961
f 8360 	8359 	12961
f 8350 	8361 	8362
f 9557 	8200 	8201
f 8329 	8348 	8358
f 8308 	8369 	8348
f 12955 	8366 	8367
f 12955 	8367 	8363
f 8364 	12955 	8363
f 8362 	8370 	8350
f 8368 	12961 	8364
f 8354 	12961 	8368
f 8354 	8355 	12961
f 8370 	8397 	8350
f 8370 	8362 	8361
f 997 	8323 	996
f 8322 	996 	8323
f 8331 	8357 	8341
f 8322 	8324 	996
f 8348 	8371 	8365
f 8323 	997 	8325
f 8202 	8203 	8372
f 8202 	8372 	8373
f 8411 	8374 	8373
f 8202 	8373 	8374
f 8202 	8374 	8375
f 8202 	8375 	8376
f 8376 	8395 	8202
f 8202 	8377 	8378
f 8378 	8391 	8202
f 8202 	8379 	8380
f 8202 	8380 	8381
f 8202 	8381 	8382
f 8202 	8382 	8383
f 8383 	8426 	8202
f 8202 	8426 	8384
f 8202 	8384 	8385
f 8202 	8385 	8386
f 8202 	8386 	8462
f 8387 	8388 	8462
f 8388 	8389 	8462
f 8389 	8390 	8462
f 8202 	8462 	8390
f 8369 	8371 	8348
f 8327 	8369 	8315
f 992 	1000 	8330
f 8379 	8202 	8391
f 1000 	1001 	8332
f 8332 	1001 	8333
f 8234 	8244 	8350
f 1002 	8336 	8335
f 1002 	8335 	1004
f 8334 	1004 	8335
f 8326 	13090 	8393
f 1001 	1004 	8333
f 8334 	8333 	1004
f 8361 	8350 	8392
f 8393 	8392 	8350
f 8393 	8350 	8244
f 8337 	1007 	8704
f 8324 	8338 	998
f 8377 	8202 	8395
f 8392 	8397 	8370
f 8392 	8370 	8361
f 1012 	1179 	8342
f 8342 	1179 	8340
f 8325 	999 	8342
f 8326 	8393 	8244
f 1179 	1177 	8340
f 8138 	1183 	8319
f 8396 	8357 	8397
f 8357 	8350 	8397
f 8394 	8371 	8369
f 8399 	8626 	8398
f 8394 	8369 	8327
f 8341 	8357 	11954
f 8621 	8620 	8404
f 8406 	8407 	8623
f 8365 	8405 	8358
f 8623 	8408 	8414
f 8413 	8626 	8412
f 4681 	7607 	4680
f 4682 	7603 	4681
f 8418 	8649 	8417
f 8649 	8648 	8417
f 8159 	8343 	8275
f 8695 	8419 	8696
f 8420 	8696 	8419
f 8221 	8447 	8409
f 5894 	5897 	8383
f 8429 	7779 	7771
f 8427 	8428 	8430
f 8242 	8137 	8139
f 8431 	8473 	8446
f 8431 	8446 	8432
f 8431 	8432 	8433
f 8433 	8436 	8431
f 8429 	7771 	7798
f 9557 	8321 	8200
f 8137 	8242 	8248
f 8139 	8434 	8242
f 8436 	8448 	8431
f 8437 	8438 	8430
f 7879 	7029 	8431
f 8435 	8439 	7779
f 8441 	8442 	8431
f 7779 	8429 	8435
f 8440 	8441 	8431
f 8269 	8540 	8443
f 8188 	8191 	8431
f 8421 	9076 	8416
f 8435 	8445 	8439
f 11819 	8446 	8488
f 8447 	8450 	8435
f 8269 	8103 	8540
f 8448 	8440 	8431
f 8443 	8449 	8451
f 8443 	8444 	8453
f 8435 	8450 	8445
f 8443 	8453 	8449
f 8456 	8462 	8455
f 8458 	8462 	8457
f 8456 	8457 	8462
f 8459 	8462 	8458
f 8466 	8462 	8459
f 8387 	8462 	8460
f 8454 	8455 	8462
f 8462 	8467 	8454
f 8454 	8463 	8464
f 8269 	8443 	8451
f 8409 	8429 	7798
f 8254 	8269 	8451
f 8465 	8579 	6141
f 8339 	8451 	8449
f 6141 	6128 	8465
f 8051 	8409 	7798
f 5990 	5993 	8456
f 8447 	8435 	8429
f 8447 	8429 	8409
f 8460 	8462 	8466
f 8496 	8472 	8449
f 8339 	8449 	8343
f 8463 	8454 	8467
f 8449 	8468 	8343
f 5896 	5984 	8462
f 8221 	8262 	8447
f 8468 	8472 	8275
f 8425 	8422 	8696
f 8343 	8468 	8275
f 8439 	7981 	7980
f 7980 	7779 	8439
f 8480 	8482 	8473
f 413 	8473 	6053
f 8481 	8479 	6808
f 8478 	8477 	6808
f 6814 	6808 	6810
f 10258 	8648 	8474
f 6827 	6819 	8485
f 8649 	8475 	8476
f 8431 	6053 	8473
f 8353 	6808 	8477
f 8482 	8488 	8473
f 8353 	8351 	6808
f 8478 	6808 	8479
f 8480 	8473 	8484
f 6808 	6826 	8481
f 6827 	8485 	8483
f 6820 	6822 	8481
f 8484 	8482 	8480
f 8488 	8446 	8473
f 8449 	8472 	8468
f 8487 	6834 	8486
f 8486 	6832 	8489
f 8472 	8496 	8494
f 8489 	6833 	8490
f 11819 	8488 	8484
f 8484 	8488 	8482
f 8491 	8490 	6837
f 9041 	8697 	8423
f 8422 	8697 	8696
f 8262 	8450 	8447
f 8469 	10269 	8630
f 6147 	6146 	8518
f 10269 	8470 	8630
f 8496 	8453 	8551
f 8453 	8496 	8449
f 8497 	8495 	8445
f 8414 	8637 	8623
f 8494 	6145 	6144
f 7863 	7867 	7864
f 8445 	8450 	8497
f 6147 	6145 	8494
f 8649 	8476 	8695
f 8505 	7864 	8498
f 7887 	7864 	7886
f 8498 	7864 	7938
f 6074 	6073 	8518
f 8626 	8635 	8412
f 8496 	8552 	8494
f 8630 	8629 	8469
f 8499 	8500 	7983
f 8501 	7963 	8502
f 8502 	8504 	8501
f 8503 	8501 	8504
f 8508 	8509 	8507
f 8506 	8507 	8509
f 8508 	8507 	8503
f 8508 	8503 	8504
f 8510 	8511 	8506
f 8510 	8506 	8509
f 8500 	7984 	7983
f 8510 	8515 	8511
f 8514 	8511 	8515
f 8628 	8629 	8513
f 8513 	8528 	8628
f 8528 	8529 	8628
f 8519 	8518 	8514
f 8519 	8514 	8515
f 8610 	8518 	8609
f 8500 	8516 	7984
f 8320 	8531 	9056
f 8521 	9056 	8520
f 7983 	7981 	8499
f 8525 	8531 	8320
f 6145 	6147 	8518
f 6144 	6145 	8518
f 6146 	6074 	8518
f 8514 	8518 	6073
f 8518 	8610 	6144
f 8439 	8499 	7981
f 8526 	8628 	8529
f 8523 	8626 	8527
f 8527 	8626 	8526
f 8499 	8495 	8500
f 8532 	9056 	8531
f 8520 	9056 	8532
f 8495 	8499 	8445
f 8524 	8525 	8320
f 8524 	8320 	8534
f 8516 	12415 	7985
f 8543 	8533 	6858
f 8536 	8320 	8537
f 8445 	8499 	8439
f 6858 	6867 	8543
f 6837 	8493 	8492
f 8543 	6867 	8535
f 8492 	8491 	6837
f 8538 	6819 	8487
f 8485 	6819 	8538
f 6833 	8489 	6832
f 8535 	6856 	6877
f 8535 	6877 	6747
f 8428 	8437 	8430
f 8355 	8360 	12961
f 8356 	8539 	12961
f 8539 	8493 	12961
f 6837 	12961 	8493
f 6891 	12961 	6840
f 8535 	6747 	6751
f 8289 	8434 	8438
f 8535 	8546 	8541
f 8438 	8437 	8289
f 8461 	9040 	8452
f 8546 	8535 	6751
f 8434 	8291 	8242
f 8535 	8541 	8540
f 8434 	8289 	8291
f 8444 	8540 	8541
f 8542 	8535 	8540
f 8542 	8540 	8103
f 8103 	8535 	8542
f 8444 	8541 	8546
f 8540 	8444 	8443
f 9680 	8549 	8101
f 8545 	7864 	8505
f 8535 	8103 	8543
f 8103 	8533 	8543
f 8110 	8530 	8533
f 6401 	6361 	8314
f 8018 	8036 	8530
f 8546 	6072 	6741
f 8546 	6751 	6742
f 8548 	8299 	8297
f 6742 	6072 	8546
f 8783 	8544 	4768
f 8547 	8553 	7864
f 8553 	8554 	7864
f 8549 	8544 	8785
f 8545 	8547 	7864
f 8546 	6741 	8551
f 8551 	8444 	8546
f 8534 	8320 	8536
f 8135 	8340 	8320
f 6089 	6074 	8552
f 8496 	8551 	8552
f 6741 	6089 	8551
f 8512 	1078 	8513
f 8551 	6089 	8552
f 8517 	8643 	1069
f 8554 	8555 	7864
f 1069 	1078 	8517
f 1085 	8520 	8532
f 9755 	4769 	4768
f 8444 	8551 	8453
f 8555 	8556 	7864
f 8556 	8557 	7864
f 8552 	6146 	8494
f 6147 	8494 	6146
f 1163 	1060 	8521
f 1071 	1072 	8523
f 8561 	8562 	7864
f 1074 	1073 	8524
f 8557 	8559 	7864
f 1075 	1071 	8527
f 8523 	8527 	1071
f 4768 	8544 	9755
f 8513 	1077 	8528
f 1080 	8528 	1077
f 8558 	6149 	6148
f 8561 	7864 	8559
f 1080 	1081 	8528
f 8527 	8526 	1075
f 1082 	1075 	8526
f 1082 	8526 	8529
f 8531 	1084 	8532
f 1085 	8532 	1084
f 8558 	8560 	6149
f 6144 	6149 	8494
f 8560 	8494 	6149
f 6148 	8610 	8558
f 8559 	8565 	8561
f 8565 	8566 	8561
f 8566 	8570 	8561
f 8570 	8572 	8561
f 8525 	1084 	8531
f 8472 	8560 	8563
f 8472 	8563 	8564
f 1074 	8524 	8534
f 8500 	8567 	8516
f 8759 	1683 	1682
f 8567 	8500 	8495
f 8560 	8472 	8494
f 8563 	11658 	8564
f 8572 	8573 	8561
f 8560 	8558 	8610
f 8560 	8610 	8563
f 8569 	8472 	8568
f 8564 	8568 	8472
f 8450 	8596 	8497
f 6148 	6149 	8610
f 8571 	8561 	8573
f 8573 	8574 	8571
f 8465 	6128 	7188
f 8574 	8576 	8571
f 1174 	1172 	8536
f 8576 	8577 	8571
f 1177 	1174 	8537
f 8536 	8537 	1174
f 8421 	8575 	8452
f 8584 	8571 	8577
f 8452 	8578 	8461
f 8580 	8581 	8275
f 8582 	8275 	8581
f 8201 	8754 	8591
f 8655 	4260 	8583
f 8452 	8575 	8578
f 8569 	8580 	8275
f 8465 	8461 	8579
f 8578 	8579 	8461
f 9557 	8201 	9947
f 8569 	8275 	8472
f 8621 	8622 	8332
f 8627 	8526 	8626
f 8587 	8635 	8586
f 8586 	8635 	8522
f 8537 	8320 	8340
f 8575 	8585 	8590
f 8522 	1072 	8586
f 8071 	8960 	8069
f 1067 	1066 	8586
f 8580 	8569 	11657
f 8568 	11657 	8569
f 8564 	11658 	8568
f 11658 	8563 	8610
f 8548 	8297 	8550
f 8583 	1682 	4782
f 4782 	4781 	8583
f 8579 	6155 	6141
f 8592 	8593 	8159
f 8575 	8590 	8578
f 8595 	8579 	8578
f 8594 	8592 	8159
f 8578 	8590 	8595
f 8595 	6155 	8579
f 8597 	11690 	8594
f 8590 	8616 	8595
f 8159 	8597 	8594
f 8596 	8450 	8262
f 8590 	8617 	8616
f 8262 	8272 	8596
f 8293 	8599 	8598
f 8159 	8600 	8601
f 8159 	8601 	8597
f 8537 	8340 	1177
f 8159 	8603 	8600
f 8603 	8159 	8602
f 8275 	8602 	8159
f 8598 	8295 	8293
f 7864 	8562 	7865
f 8604 	8567 	8495
f 8973 	8843 	8606
f 8495 	8497 	8604
f 8601 	11690 	8597
f 8471 	8633 	8470
f 8598 	8604 	8497
f 8598 	8599 	8604
f 8602 	11693 	8603
f 8604 	8607 	8567
f 8604 	8599 	8607
f 8596 	8598 	8497
f 8605 	8275 	8582
f 8406 	8622 	8410
f 8275 	8605 	8602
f 8295 	8598 	8596
f 8272 	8295 	8596
f 8635 	8637 	8415
f 8293 	11922 	8599
f 6401 	8314 	8589
f 8590 	8585 	8617
f 8519 	8609 	8518
f 8550 	8297 	8305
f 8550 	8305 	8614
f 6149 	6144 	8610
f 8092 	8986 	8983
f 8605 	11693 	8602
f 8986 	8092 	8091
f 11692 	11691 	8603
f 8595 	8618 	6155
f 8580 	11741 	8581
f 8582 	11740 	8605
f 8581 	11740 	8582
f 8595 	8616 	8618
f 8952 	8951 	8046
f 8952 	8046 	8047
f 8332 	8333 	8621
f 8333 	8334 	8621
f 8334 	8335 	8620
f 8401 	8400 	8606
f 8620 	8606 	8400
f 8065 	8956 	8066
f 8622 	8623 	8332
f 8400 	8404 	8620
f 12534 	5721 	8634
f 8959 	8958 	8069
f 8588 	8330 	8623
f 8330 	8332 	8623
f 8588 	8623 	8587
f 8406 	8623 	8622
f 8621 	8410 	8622
f 8626 	8522 	8635
f 11657 	8568 	11658
f 8399 	8627 	8626
f 8967 	8077 	8076
f 11659 	11658 	8609
f 8517 	8512 	8630
f 8628 	8526 	8627
f 8077 	8967 	8078
f 8402 	8628 	8627
f 8402 	8627 	8399
f 8631 	7893 	7896
f 8972 	8971 	8079
f 8403 	8629 	8628
f 8403 	8628 	8402
f 8972 	8079 	8081
f 8630 	8633 	8517
f 8643 	8517 	8633
f 8975 	8974 	8082
f 7925 	6722 	6762
f 8634 	5721 	5898
f 7896 	7895 	8631
f 8632 	8631 	7895
f 8082 	8083 	8975
f 8976 	8975 	8083
f 5997 	8634 	5999
f 8630 	8470 	8633
f 8085 	8979 	8083
f 7895 	7900 	8632
f 6763 	8632 	7900
f 8980 	8085 	8084
f 8034 	8033 	8632
f 6952 	8034 	6763
f 8632 	6763 	8034
f 7925 	6762 	7900
f 6763 	7900 	6762
f 8073 	8964 	8084
f 8530 	8036 	6858
f 8983 	8982 	8088
f 8034 	6952 	6994
f 8403 	8469 	8629
f 8087 	8981 	8073
f 8036 	6994 	6858
f 8637 	8587 	8623
f 8981 	8087 	8089
f 8533 	8530 	6858
f 8635 	8587 	8637
f 8983 	8088 	8092
f 8414 	8415 	8637
f 8033 	10887 	7893
f 8987 	8114 	8113
f 8116 	8114 	8987
f 8512 	8513 	8630
f 8641 	10817 	8020
f 8679 	8676 	8641
f 8656 	8634 	8653
f 8649 	8695 	8640
f 8642 	8649 	8640
f 8695 	8696 	8647
f 8646 	8647 	8696
f 8645 	8646 	8696
f 8643 	8633 	8642
f 8648 	8649 	8642
f 8647 	8640 	8695
f 8640 	9058 	8642
f 8636 	8650 	8639
f 8020 	8160 	8641
f 8522 	8626 	8523
f 8629 	8630 	8513
f 8996 	8126 	8997
f 87 	9066 	986
f 8636 	8651 	8650
f 8652 	8634 	8686
f 8653 	8634 	8652
f 987 	988 	8644
f 8126 	8133 	8997
f 8652 	8650 	8653
f 8651 	8653 	8650
f 8654 	8655 	8583
f 8647 	989 	8640
f 8993 	8992 	8121
f 8122 	8121 	8992
f 8651 	8656 	8653
f 8996 	8124 	8123
f 8659 	8655 	8658
f 8655 	8654 	8658
f 4607 	8658 	8654
f 8996 	8123 	8126
f 8634 	8660 	8661
f 8686 	8634 	8661
f 8662 	8661 	8660
f 9000 	8131 	8992
f 8122 	8992 	8131
f 8993 	8121 	8116
f 8657 	8305 	8289
f 8289 	8437 	8657
f 5940 	8709 	8663
f 8625 	8657 	8437
f 5976 	5940 	8663
f 8664 	8608 	8624
f 8669 	10999 	8668
f 5898 	5998 	8634
f 8660 	8634 	5997
f 8668 	10999 	8667
f 5997 	5976 	8660
f 8624 	8608 	8625
f 8666 	10238 	9941
f 8657 	8625 	8611
f 8671 	10999 	8670
f 8667 	10999 	8671
f 8673 	8670 	8641
f 8672 	8673 	8641
f 8675 	8672 	8641
f 8657 	8611 	8614
f 8608 	8611 	8625
f 8674 	8675 	8641
f 8677 	8674 	8641
f 7769 	7770 	12731
f 8676 	8677 	8641
f 8614 	8305 	8657
f 8712 	8639 	8663
f 8678 	8679 	8641
f 8641 	8159 	8678
f 8682 	8678 	8159
f 8681 	8682 	8159
f 8683 	8681 	8159
f 8641 	8160 	8159
f 8619 	8585 	8612
f 8617 	8585 	8619
f 8619 	8612 	8615
f 8662 	8663 	8639
f 8639 	8650 	8662
f 8663 	8662 	5976
f 8686 	8661 	8662
f 8686 	8662 	8650
f 8652 	8686 	8650
f 8691 	9452 	8634
f 8687 	8688 	10999
f 10987 	10999 	8690
f 8669 	8687 	10999
f 8159 	8593 	8683
f 8656 	8693 	8634
f 8668 	11680 	8669
f 8667 	11681 	8668
f 9427 	9452 	8689
f 8691 	8689 	9452
f 8691 	8634 	8693
f 1070 	8643 	8642
f 8691 	8693 	8689
f 8689 	8693 	8651
f 8656 	8651 	8693
f 8132 	9002 	8133
f 9057 	1058 	8642
f 10258 	8417 	8648
f 8131 	9000 	8129
f 8644 	8645 	8696
f 9001 	8997 	8133
f 8644 	8696 	8697
f 8422 	8423 	8697
f 8618 	6215 	6155
f 9453 	9483 	8634
f 8648 	8642 	8633
f 8471 	8474 	8648
f 8633 	8471 	8648
f 8427 	8624 	8428
f 8665 	8680 	8666
f 8666 	8680 	10238
f 8694 	8624 	8427
f 8437 	8428 	8625
f 8699 	8282 	8701
f 8700 	8282 	8699
f 8938 	8701 	8698
f 8636 	8702 	8703
f 8428 	8624 	8625
f 8636 	8639 	8702
f 8583 	4258 	8654
f 4607 	8654 	4258
f 8692 	8685 	8694
f 8692 	8684 	8685
f 8687 	8669 	11680
f 8617 	8828 	8616
f 8617 	8825 	8828
f 8616 	8829 	8618
f 9383 	8689 	8651
f 8694 	8664 	8624
f 8694 	8685 	8664
f 8703 	8702 	8815
f 12351 	12192 	423
f 8821 	8712 	8710
f 8708 	8713 	8707
f 8708 	8714 	8713
f 8712 	8821 	8702
f 8709 	8715 	8710
f 8828 	8829 	8616
f 8712 	8709 	8710
f 8708 	8774 	8714
f 8715 	6261 	6263
f 8709 	6261 	8715
f 6727 	6723 	8707
f 8639 	8712 	8702
f 8713 	6727 	8707
f 8712 	8663 	8709
f 8717 	7316 	8719
f 8745 	8746 	9187
f 8742 	9183 	8720
f 8723 	8724 	8416
f 8612 	8724 	8723
f 8416 	8724 	8421
f 8416 	8424 	8723
f 8723 	8424 	8725
f 8723 	8729 	8612
f 8575 	8421 	8724
f 8575 	8724 	8585
f 8612 	8585 	8724
f 8725 	8729 	8723
f 8729 	8725 	8730
f 8730 	8726 	8731
f 1639 	8722 	8727
f 1640 	8734 	8722
f 8726 	8730 	8725
f 8705 	8781 	8728
f 8731 	8897 	8730
f 1662 	8706 	8705
f 8732 	8733 	8728
f 8732 	8728 	8734
f 8717 	8718 	7316
f 7316 	8718 	9217
f 1662 	8705 	8733
f 8728 	8733 	8705
f 8732 	8734 	8739
f 8738 	8719 	7316
f 8748 	8736 	8749
f 8739 	8733 	8732
f 8730 	8613 	8729
f 8728 	8722 	8734
f 8613 	8615 	8729
f 9186 	9187 	8746
f 8746 	8743 	9186
f 8744 	9186 	8743
f 8807 	9174 	8736
f 9180 	9181 	8741
f 9181 	9185 	8741
f 7316 	8740 	8738
f 8741 	8749 	8736
f 8827 	8748 	8823
f 8750 	8823 	8749
f 8737 	8910 	8735
f 9967 	8735 	8910
f 8714 	8721 	8713
f 8896 	8731 	8737
f 8713 	8721 	6749
f 8722 	1639 	1640
f 6749 	8721 	6753
f 8706 	1660 	1659
f 8706 	1659 	1658
f 1682 	8583 	8759
f 8751 	8755 	4260
f 8756 	6729 	8755
f 4260 	8755 	6729
f 8757 	8756 	8755
f 8752 	8757 	8755
f 8752 	8755 	8751
f 8707 	8757 	8752
f 6723 	8757 	8707
f 8752 	8708 	8707
f 6728 	6729 	8756
f 8758 	1658 	1656
f 8758 	1656 	1680
f 8757 	6728 	8756
f 6720 	6728 	8757
f 8753 	8758 	8759
f 8754 	8753 	8759
f 8714 	8777 	8761
f 8714 	8761 	8721
f 8763 	8100 	8764
f 8765 	6753 	8721
f 8765 	6282 	6753
f 8235 	8766 	8767
f 8767 	8768 	8321
f 8721 	8761 	8765
f 8762 	8765 	8761
f 8760 	8158 	8762
f 8760 	8155 	8158
f 8762 	8208 	8765
f 8765 	8208 	6282
f 8758 	8767 	8766
f 8769 	8771 	4260
f 8758 	8753 	8768
f 8771 	8772 	4260
f 8773 	8772 	8771
f 8763 	8706 	8766
f 8772 	8778 	4260
f 8758 	8768 	8767
f 8706 	8758 	8766
f 8769 	8770 	8771
f 8773 	8771 	8770
f 8770 	8774 	8773
f 8770 	8775 	8774
f 8764 	8706 	8763
f 8706 	1658 	8758
f 8775 	8777 	8774
f 8775 	8776 	8777
f 8200 	8753 	8201
f 8754 	8201 	8753
f 8776 	8780 	8777
f 8766 	8235 	8316
f 8768 	8753 	8200
f 8768 	8200 	8321
f 8767 	8321 	8235
f 8751 	4260 	8778
f 8778 	8752 	8751
f 8764 	8549 	8785
f 8778 	8772 	8773
f 8778 	8773 	8752
f 8764 	8101 	8549
f 8773 	8708 	8752
f 8766 	8316 	8763
f 8763 	8316 	8100
f 8773 	8774 	8708
f 8774 	8777 	8714
f 8758 	1683 	8759
f 8779 	8780 	8776
f 8758 	1680 	1683
f 8781 	4764 	783
f 8776 	9527 	8779
f 8781 	4768 	4769
f 8760 	8780 	8779
f 8782 	8784 	8779
f 8781 	4769 	4764
f 8782 	8786 	8784
f 8783 	8785 	8544
f 8784 	8760 	8779
f 8780 	8761 	8777
f 8780 	8762 	8761
f 8760 	8762 	8780
f 8785 	8783 	8705
f 8785 	8705 	8706
f 9008 	8143 	8146
f 8722 	783 	790
f 8705 	8783 	8781
f 8785 	8706 	8764
f 783 	8728 	8781
f 783 	8722 	8728
f 780 	8727 	790
f 8722 	790 	8727
f 9008 	9007 	8143
f 8787 	4260 	8788
f 8151 	9022 	8153
f 9017 	8150 	9019
f 8149 	9019 	8150
f 8150 	9017 	8151
f 8141 	9006 	8149
f 8947 	8944 	8791
f 8790 	8791 	8946
f 8606 	8620 	8337
f 8338 	8166 	8793
f 8794 	8282 	8700
f 8792 	8263 	8794
f 8793 	8263 	8792
f 8701 	8938 	634
f 8795 	8796 	8797
f 8759 	8787 	5494
f 8787 	8788 	5508
f 8795 	8797 	8799
f 1281 	1270 	8804
f 8803 	8798 	9108
f 634 	633 	8701
f 1263 	1254 	8798
f 8789 	638 	8790
f 8798 	8803 	1263
f 580 	634 	8938
f 8796 	8805 	8802
f 8796 	8795 	8805
f 1269 	1263 	8803
f 8803 	1270 	1269
f 8805 	6269 	8802
f 8803 	8804 	1270
f 8799 	8715 	8795
f 8790 	637 	8791
f 639 	8791 	637
f 8710 	8715 	8799
f 641 	8789 	8704
f 8795 	6263 	8805
f 8793 	1011 	8338
f 6269 	8805 	6277
f 6277 	8805 	6263
f 8806 	8748 	8827
f 8749 	8823 	8748
f 8715 	6263 	8795
f 8809 	9030 	8808
f 8808 	9030 	8807
f 8819 	8826 	8812
f 8815 	8813 	8814
f 8816 	8826 	8811
f 8817 	8818 	8923
f 8884 	8922 	8818
f 8811 	8826 	8810
f 8821 	8822 	8813
f 8810 	8826 	8820
f 8615 	8612 	8729
f 8792 	645 	8793
f 1011 	8793 	645
f 7355 	8871 	8826
f 8792 	8794 	645
f 648 	645 	8794
f 8740 	7316 	8824
f 8700 	632 	8794
f 8815 	8821 	8813
f 8823 	8824 	10281
f 8815 	8702 	8821
f 8619 	8825 	8617
f 10281 	7355 	8826
f 8827 	10281 	8826
f 8819 	8820 	8826
f 8827 	8823 	10281
f 8717 	2176 	8718
f 2175 	8718 	2176
f 8717 	8719 	2176
f 2177 	8719 	8738
f 1981 	2185 	8720
f 2175 	2202 	8718
f 8748 	2168 	8736
f 2167 	2213 	8736
f 8830 	6215 	8618
f 8829 	8830 	8618
f 8710 	8799 	8822
f 8710 	8822 	8821
f 8831 	6215 	8830
f 2185 	2197 	8742
f 8832 	6291 	6290
f 8831 	8832 	6290
f 8745 	2197 	8746
f 8832 	6300 	6291
f 2189 	8743 	2196
f 8746 	2196 	8743
f 2189 	2188 	8743
f 8844 	8802 	9215
f 9215 	8802 	6407
f 2232 	2182 	8740
f 8797 	8841 	8842
f 8749 	8741 	2169
f 8401 	8606 	8843
f 8749 	2169 	8750
f 13244 	8673 	8672
f 2204 	2168 	8806
f 8809 	8808 	2214
f 2212 	2214 	8808
f 8808 	8807 	2212
f 2213 	2212 	8807
f 8807 	8736 	2213
f 2214 	8817 	8809
f 8619 	8615 	8849
f 2219 	2237 	8816
f 8825 	8619 	8849
f 8812 	8871 	2218
f 8817 	2222 	8818
f 8820 	2224 	8810
f 8819 	2225 	8820
f 2218 	2225 	8812
f 2232 	8824 	8823
f 8824 	2232 	8740
f 13257 	13251 	8679
f 8852 	8615 	8613
f 8827 	8826 	2236
f 2237 	2236 	8826
f 8849 	8615 	8852
f 8851 	8852 	8613
f 4095 	4096 	7316
f 4184 	4095 	7316
f 8671 	8670 	11683
f 8675 	13248 	8672
f 13257 	8679 	8678
f 11687 	11686 	8681
f 8681 	8683 	11687
f 8857 	7355 	8856
f 8862 	7355 	8864
f 8856 	7355 	8855
f 8868 	9027 	8867
f 8869 	8925 	8868
f 8866 	8867 	9027
f 9027 	9036 	8866
f 8641 	10999 	10998
f 8863 	7355 	8862
f 8861 	7355 	8863
f 8861 	8859 	7355
f 8857 	8864 	7355
f 8688 	8690 	10999
f 8812 	8826 	8871
f 8874 	10987 	8873
f 8872 	8873 	10987
f 8690 	8872 	10987
f 8875 	8876 	7355
f 8876 	8871 	7355
f 8883 	8882 	9028
f 9028 	9029 	8883
f 8893 	9028 	8882
f 8882 	8888 	8893
f 8892 	8893 	8888
f 8891 	8892 	8888
f 8889 	8891 	8888
f 8886 	8883 	9029
f 9029 	8921 	8881
f 8881 	8886 	9029
f 8887 	8860 	10988
f 8895 	8877 	7355
f 8877 	8878 	7355
f 8878 	8875 	7355
f 8859 	8870 	7355
f 8894 	7355 	8870
f 8894 	8895 	7355
f 8887 	10988 	8890
f 8879 	8890 	10988
f 2004 	8857 	8856
f 2005 	8856 	8855
f 1960 	2005 	9285
f 11674 	11673 	8890
f 8731 	8896 	8897
f 8861 	2007 	8859
f 8862 	2012 	8863
f 2011 	8863 	2012
f 8890 	8879 	11674
f 8874 	11676 	8879
f 8850 	8897 	8896
f 8864 	2015 	8862
f 8868 	2017 	8869
f 2019 	8866 	8865
f 2150 	2020 	8889
f 8866 	2019 	8867
f 8735 	8901 	8902
f 8900 	8898 	10984
f 8137 	8784 	8786
f 8903 	8900 	10984
f 8155 	8760 	8784
f 8735 	8902 	8737
f 8137 	8155 	8784
f 8853 	8901 	8904
f 8858 	8905 	10984
f 8903 	10984 	8905
f 8860 	8858 	10984
f 8900 	8903 	11630
f 8737 	8902 	8896
f 2007 	8861 	2011
f 11677 	11676 	8872
f 2141 	2158 	8870
f 8613 	8730 	8897
f 8870 	8859 	2141
f 8904 	8854 	8853
f 8901 	8847 	8902
f 8847 	8848 	8902
f 8848 	8896 	8902
f 8877 	2140 	8878
f 8875 	2138 	8876
f 8899 	8906 	9106
f 11630 	9104 	8898
f 2134 	8871 	2137
f 8876 	2137 	8871
f 8901 	8735 	10220
f 8898 	8900 	11630
f 8878 	2139 	8875
f 11672 	11631 	8858
f 8901 	10220 	8904
f 8858 	8860 	11672
f 8786 	8782 	9545
f 10223 	8904 	10220
f 8873 	11676 	8874
f 8786 	9545 	9529
f 8690 	11678 	8872
f 8907 	6194 	6195
f 8906 	8907 	6195
f 8906 	6195 	6211
f 8896 	8848 	8850
f 8139 	9529 	8908
f 8851 	8613 	8897
f 8850 	8851 	8897
f 8901 	8853 	8847
f 6194 	8907 	9104
f 8907 	8906 	9104
f 8899 	9104 	8906
f 8860 	8887 	11672
f 8737 	8731 	8910
f 8910 	8731 	8726
f 8911 	4625 	1266
f 8885 	2153 	8880
f 2144 	2143 	8880
f 8912 	1276 	8804
f 8914 	7149 	8915
f 7119 	8915 	7149
f 8916 	8917 	12926
f 5868 	12926 	8917
f 5868 	5548 	12926
f 8438 	8908 	9744
f 8918 	8917 	8916
f 8908 	8438 	8434
f 8917 	8919 	5868
f 8438 	9744 	8430
f 8434 	8139 	8908
f 8427 	8909 	9749
f 6195 	6194 	9104
f 8427 	8430 	8909
f 7101 	5868 	8919
f 11630 	8903 	8905
f 8919 	7108 	7101
f 8881 	2152 	8886
f 2146 	8882 	8883
f 7108 	8919 	8918
f 8918 	8919 	8917
f 2146 	8883 	2152
f 8886 	2152 	8883
f 8915 	8918 	9060
f 8888 	2150 	8889
f 8865 	8889 	2020
f 7119 	7108 	8918
f 11985 	8893 	8892
f 8918 	8915 	7119
f 8880 	8881 	8921
f 8914 	7170 	7149
f 8818 	2155 	8884
f 2154 	8884 	2155
f 8920 	8914 	8913
f 8884 	8885 	8922
f 8923 	8818 	8922
f 8937 	6401 	8589
f 8923 	8924 	8817
f 8809 	8817 	8924
f 8924 	9030 	8809
f 9031 	8807 	9030
f 8345 	8347 	9143
f 8351 	9147 	8352
f 8347 	8349 	9143
f 9145 	9143 	8349
f 8352 	9146 	8349
f 9145 	8349 	9146
f 8945 	8833 	8834
f 8937 	6402 	6401
f 6400 	6402 	8937
f 8945 	8834 	8946
f 8835 	8946 	8834
f 8937 	6403 	6400
f 8836 	9025 	8932
f 8363 	9160 	8364
f 8937 	6399 	6403
f 8837 	8963 	8838
f 8937 	6404 	6399
f 8966 	8840 	8839
f 8929 	8928 	9034
f 9035 	9034 	8928
f 8937 	6405 	6404
f 9039 	8930 	8931
f 6406 	6405 	8937
f 8932 	9025 	8931
f 9039 	8931 	9025
f 9151 	8355 	8354
f 9155 	9152 	8359
f 8845 	8846 	8977
f 8359 	8360 	9155
f 9158 	9155 	8360
f 9158 	8360 	8355
f 8977 	8963 	8845
f 8946 	8835 	8984
f 8926 	8984 	8835
f 9151 	8354 	8368
f 8937 	7707 	6973
f 8973 	8984 	8926
f 8973 	8926 	8843
f 9159 	8368 	8364
f 8966 	8846 	8840
f 8937 	6963 	6958
f 8933 	8934 	9043
f 6973 	6963 	8937
f 9043 	9045 	8933
f 8935 	8933 	9045
f 8962 	8990 	8838
f 7708 	7707 	8937
f 7710 	8937 	7709
f 9045 	9041 	8935
f 8937 	7712 	7709
f 8937 	7717 	7712
f 9034 	8936 	8929
f 8937 	7718 	7717
f 8940 	8963 	8939
f 8937 	9306 	9316
f 8937 	9317 	9313
f 9316 	9317 	8937
f 8943 	8962 	8942
f 8942 	8962 	8940
f 8939 	8978 	8941
f 8945 	8791 	8944
f 8946 	8791 	8945
f 8984 	8973 	8789
f 8336 	8337 	8620
f 8948 	8944 	8947
f 9166 	9165 	8479
f 10356 	8937 	9313
f 8481 	9167 	8479
f 8947 	8791 	640
f 639 	640 	8791
f 582 	581 	8948
f 581 	583 	8949
f 640 	582 	8947
f 8948 	8947 	582
f 8490 	9173 	8489
f 8491 	9176 	8490
f 9173 	8490 	9176
f 590 	8943 	8942
f 8937 	8611 	8608
f 8492 	9177 	8491
f 8550 	8937 	8548
f 8941 	583 	8939
f 8589 	8548 	8937
f 592 	8939 	583
f 10345 	8937 	10344
f 592 	593 	8939
f 8937 	10346 	10344
f 590 	8942 	8940
f 8945 	8944 	8833
f 8685 	8937 	8664
f 8977 	8939 	8963
f 8944 	8948 	8968
f 8608 	8664 	8937
f 8614 	8611 	8937
f 8839 	8833 	8968
f 8550 	8614 	8937
f 8937 	10347 	10343
f 9012 	8957 	8953
f 9025 	8957 	9012
f 8957 	8990 	8953
f 8956 	4224 	8955
f 8959 	4224 	8958
f 8937 	10345 	10347
f 8954 	4224 	8952
f 8955 	4224 	8954
f 8958 	4224 	8956
f 8953 	8943 	589
f 10358 	8937 	10355
f 8960 	4224 	8959
f 8836 	8957 	9025
f 10356 	10355 	8937
f 8961 	4224 	8960
f 5119 	4224 	9021
f 8949 	8968 	8948
f 9308 	9307 	8937
f 8964 	8981 	4224
f 8980 	8964 	4224
f 8951 	8952 	4224
f 8963 	8940 	8962
f 8937 	9310 	9308
f 8962 	8838 	8963
f 8968 	8949 	8966
f 8684 	9310 	8937
f 8969 	4224 	8967
f 8839 	8968 	8966
f 8685 	8684 	8937
f 8335 	8336 	8620
f 8941 	8966 	8949
f 8937 	10352 	10346
f 8975 	4224 	8974
f 10358 	10352 	8937
f 8976 	4224 	8975
f 8978 	8939 	8977
f 8966 	8941 	8978
f 8980 	4224 	8979
f 8979 	4224 	8976
f 8951 	4224 	8950
f 8972 	8974 	4224
f 8846 	8978 	8977
f 8950 	4224 	8981
f 8983 	8985 	8982
f 8981 	8982 	8950
f 8966 	8978 	8846
f 8837 	8845 	8963
f 8970 	4224 	8965
f 8967 	4224 	8970
f 8971 	4224 	8969
f 8972 	4224 	8971
f 8986 	8985 	8983
f 8950 	8982 	8985
f 8962 	8943 	8990
f 8943 	8953 	8990
f 8836 	8927 	8957
f 8990 	8957 	8927
f 8988 	13133 	8987
f 8991 	13133 	8988
f 8989 	8987 	13133
f 8337 	8704 	8606
f 8965 	4224 	8991
f 8996 	13049 	8995
f 8997 	13049 	8996
f 8993 	13133 	8992
f 8927 	8838 	8990
f 8944 	8968 	8833
f 8998 	8999 	13133
f 8999 	9000 	13133
f 9000 	8992 	13133
f 9026 	9053 	8800
f 8994 	8995 	13049
f 9002 	13133 	9001
f 8801 	9026 	8800
f 9009 	5119 	9008
f 9007 	5119 	9011
f 9007 	9008 	5119
f 9014 	9025 	9013
f 9015 	9025 	9014
f 9018 	9035 	9016
f 9016 	9038 	9015
f 9020 	9034 	9018
f 9024 	9034 	9020
f 9004 	9130 	9005
f 9023 	9005 	9130
f 8887 	11673 	11672
f 9012 	9013 	9025
f 9111 	8911 	8912
f 9004 	551 	9003
f 9005 	553 	9004
f 8803 	9108 	8804
f 9018 	556 	9020
f 557 	9020 	556
f 9016 	558 	9018
f 8865 	8866 	9036
f 9027 	8868 	8925
f 557 	576 	9020
f 8885 	8880 	8922
f 9024 	9020 	576
f 8921 	11992 	8922
f 9130 	9272 	9023
f 8644 	9041 	9033
f 9034 	9024 	9046
f 9045 	9043 	9032
f 9035 	9018 	9034
f 9131 	55 	9023
f 9036 	8891 	8865
f 9032 	560 	561
f 9032 	561 	9033
f 8920 	7170 	8914
f 561 	987 	9033
f 8889 	8865 	8891
f 9032 	9024 	560
f 8921 	8922 	8880
f 9039 	9015 	9038
f 9025 	9015 	9039
f 11993 	9028 	11985
f 8930 	9039 	9038
f 9038 	9035 	8930
f 9045 	9033 	9041
f 8697 	9041 	8644
f 8920 	8913 	9037
f 8423 	8935 	9041
f 9024 	9032 	9044
f 9046 	9024 	9044
f 9032 	9033 	9045
f 8934 	9044 	9043
f 8920 	9042 	7188
f 9043 	9044 	9032
f 7188 	9042 	8465
f 7170 	8920 	7188
f 9044 	8934 	9046
f 8936 	9046 	8934
f 8936 	9034 	9046
f 9038 	9016 	9035
f 8928 	8930 	9035
f 8920 	9037 	9042
f 9037 	9040 	9042
f 9052 	9130 	9003
f 9048 	9049 	8698
f 9049 	9047 	8698
f 9047 	8938 	8698
f 8698 	9130 	9050
f 9051 	8698 	9050
f 9051 	9048 	8698
f 9052 	9050 	9130
f 9004 	9003 	9130
f 9042 	9040 	8461
f 9048 	476 	9049
f 9042 	8461 	8465
f 9003 	550 	9052
f 481 	480 	9049
f 478 	9050 	255
f 8798 	8800 	9053
f 8220 	12419 	8698
f 9108 	8798 	9053
f 9059 	6505 	9058
f 7801 	7802 	6505
f 9058 	6505 	9057
f 12926 	9054 	9055
f 9060 	9055 	9054
f 9057 	8642 	9058
f 9057 	6505 	9056
f 9061 	9062 	9054
f 9056 	1060 	9057
f 1058 	9057 	1060
f 9054 	9062 	9060
f 9058 	1064 	9059
f 1065 	9059 	1064
f 9174 	12027 	9175
f 1064 	9058 	8640
f 9273 	9282 	9023
f 9082 	9083 	9066
f 9062 	9064 	9060
f 9063 	9064 	9062
f 9084 	9089 	8638
f 8913 	9064 	9063
f 8638 	986 	9066
f 9063 	9067 	8913
f 9066 	87 	9065
f 9059 	1065 	8638
f 8913 	8914 	9064
f 9061 	12926 	9068
f 9061 	9068 	9062
f 986 	8638 	1065
f 9067 	9063 	9701
f 9081 	9069 	9070
f 9037 	9067 	9074
f 12926 	9055 	8916
f 9055 	9060 	8916
f 8918 	8916 	9060
f 8915 	9060 	9064
f 9123 	10453 	9128
f 9064 	8914 	8915
f 9037 	8913 	9067
f 9070 	9109 	9081
f 9074 	9075 	9073
f 9109 	9070 	9071
f 7710 	7708 	8937
f 9076 	9073 	9075
f 9040 	9037 	9074
f 9074 	9073 	9040
f 9076 	8421 	9073
f 8452 	9073 	8421
f 9129 	9124 	9077
f 9078 	9129 	9077
f 9122 	9123 	9086
f 9081 	9109 	9101
f 9109 	9110 	9100
f 9099 	9100 	9110
f 9728 	8416 	9076
f 8638 	9066 	9083
f 9728 	8424 	8416
f 9085 	9087 	9122
f 9116 	9122 	9087
f 9116 	9087 	9088
f 9117 	9115 	9088
f 9059 	8638 	9089
f 9084 	8638 	9083
f 8452 	9040 	9073
f 8899 	8898 	9104
f 9090 	9354 	9059
f 8852 	9213 	8849
f 9092 	9093 	9059
f 9093 	9091 	9059
f 9080 	9081 	9101
f 9097 	9098 	9080
f 9098 	9102 	9080
f 9124 	9080 	9102
f 9091 	9090 	9059
f 9089 	9103 	9059
f 9103 	9096 	9059
f 9094 	9059 	9096
f 9102 	1047 	9077
f 9078 	74 	9079
f 1030 	74 	9078
f 1030 	9078 	9077
f 9213 	8852 	8851
f 62 	61 	9082
f 9083 	9082 	61
f 9084 	9083 	63
f 61 	63 	9083
f 65 	64 	9086
f 9085 	64 	9087
f 11082 	6213 	9104
f 11629 	9105 	11630
f 9086 	9079 	65
f 77 	9088 	76
f 9103 	9089 	1052
f 63 	84 	9084
f 9084 	84 	9089
f 8874 	10988 	10987
f 8874 	8879 	10988
f 10984 	10988 	8860
f 1033 	1032 	9091
f 9090 	9091 	1032
f 1035 	1036 	9092
f 1033 	9091 	9093
f 9106 	10984 	8899
f 9095 	1038 	9092
f 9094 	1040 	9095
f 1038 	9095 	1040
f 9094 	9096 	1040
f 1041 	1040 	9096
f 1042 	1043 	9100
f 1046 	9098 	1044
f 1047 	9102 	1046
f 1026 	1042 	9099
f 9100 	9099 	1042
f 8898 	8899 	10984
f 9103 	1041 	9096
f 84 	1052 	9089
f 9106 	6211 	9107
f 9409 	9099 	9110
f 9429 	9346 	9428
f 9109 	9071 	9110
f 11087 	6207 	11082
f 6195 	9104 	6213
f 9116 	9088 	9115
f 9115 	9117 	9114
f 11082 	9104 	9105
f 9113 	4628 	4627
f 9118 	9114 	9117
f 9106 	8906 	6211
f 6195 	6213 	6211
f 9082 	9066 	9119
f 6205 	6207 	9120
f 9111 	9112 	8911
f 77 	9117 	9088
f 4625 	8911 	9112
f 6209 	6205 	9120
f 9117 	78 	9118
f 9111 	8912 	8804
f 9112 	4627 	4625
f 4627 	9112 	9113
f 9086 	9085 	9122
f 9079 	9086 	9123
f 9078 	9079 	9128
f 9123 	9128 	9079
f 9006 	5119 	9019
f 9010 	5119 	9006
f 9010 	9011 	5119
f 9017 	9019 	5119
f 9123 	9122 	10455
f 9100 	9101 	9109
f 9113 	9121 	900
f 9071 	9072 	9110
f 9436 	9110 	9072
f 893 	900 	9121
f 9114 	9118 	9127
f 903 	9113 	900
f 4628 	9113 	903
f 9129 	9078 	9128
f 9102 	9077 	9124
f 9272 	9273 	9023
f 9108 	9111 	8804
f 9065 	86 	9131
f 9130 	8698 	9132
f 9126 	9139 	5119
f 9017 	5119 	9022
f 9125 	9126 	5119
f 9021 	9022 	5119
f 6529 	9130 	9135
f 9138 	9134 	9137
f 9133 	9135 	9132
f 9134 	9140 	9137
f 9137 	9141 	9136
f 9142 	9136 	9141
f 9143 	5119 	9142
f 9140 	9141 	9137
f 9145 	5119 	9143
f 9136 	9142 	9139
f 5119 	9139 	9142
f 9133 	9144 	9135
f 9147 	5119 	9146
f 9146 	5119 	9145
f 9148 	5119 	9147
f 12105 	9195 	9196
f 9270 	9269 	9154
f 9158 	13067 	9155
f 9276 	9270 	9157
f 9156 	9157 	9270
f 9151 	13067 	9150
f 9161 	9162 	13060
f 13061 	13067 	9159
f 9158 	9150 	13067
f 13060 	9160 	9161
f 13060 	13061 	9159
f 9159 	9160 	13060
f 9009 	9125 	5119
f 7138 	5119 	7137
f 7139 	5119 	7138
f 8925 	9302 	12108
f 7143 	9167 	7146
f 9165 	5119 	9164
f 9148 	9164 	5119
f 7143 	7144 	9166
f 9167 	7143 	9166
f 9168 	7146 	9167
f 9168 	9169 	7146
f 12110 	12109 	9315
f 7141 	7146 	9169
f 7141 	9170 	7154
f 12110 	9314 	12104
f 9173 	7147 	9172
f 9174 	8807 	9031
f 9174 	9175 	8736
f 9175 	9180 	8736
f 8741 	8736 	9180
f 9176 	7155 	9173
f 7155 	9177 	9178
f 9171 	7154 	9170
f 9171 	9172 	7153
f 7147 	7153 	9172
f 9177 	7155 	9176
f 7147 	9173 	7155
f 8747 	8741 	9185
f 8744 	8747 	9185
f 8744 	9185 	9186
f 8742 	8745 	9187
f 9169 	9179 	7141
f 9179 	9170 	7141
f 7153 	7154 	9171
f 13067 	7158 	7155
f 7155 	9178 	13067
f 9182 	13067 	9178
f 13067 	9182 	9152
f 9152 	9155 	13067
f 8044 	8951 	8045
f 8950 	8045 	8951
f 9184 	8720 	9183
f 9188 	9189 	9210
f 9196 	9195 	9200
f 8044 	8046 	8951
f 8066 	8955 	8047
f 8954 	8047 	8955
f 8066 	8956 	8955
f 8956 	8065 	8958
f 9183 	8742 	9187
f 8068 	8958 	8065
f 8068 	8069 	8958
f 12044 	12037 	9187
f 8047 	8954 	8952
f 8960 	8071 	8961
f 8070 	8961 	8071
f 8959 	8069 	8960
f 8961 	8070 	8153
f 8091 	8045 	8950
f 8073 	8981 	8964
f 9209 	9210 	9189
f 8076 	8969 	8967
f 8078 	8967 	8970
f 9190 	9209 	9189
f 8080 	8079 	8971
f 8971 	8969 	8080
f 8076 	8080 	8969
f 8081 	8974 	8972
f 8081 	8082 	8974
f 8976 	8083 	8979
f 8979 	8085 	8980
f 8980 	8084 	8964
f 8089 	8088 	8982
f 12024 	9180 	12026
f 8089 	8982 	8981
f 9189 	12036 	9190
f 8078 	8970 	8075
f 8965 	8075 	8970
f 8985 	8091 	8950
f 8925 	8869 	9302
f 9108 	1244 	1282
f 12108 	11995 	8925
f 9108 	1282 	9111
f 9196 	9203 	9190
f 9192 	9202 	9191
f 9191 	9199 	9195
f 9210 	9211 	9188
f 8800 	8798 	1256
f 1254 	1256 	8798
f 9190 	12106 	9196
f 9199 	9200 	9195
f 8986 	8091 	8985
f 1257 	8801 	1258
f 8800 	1258 	8801
f 8113 	8988 	8987
f 1258 	8800 	1256
f 1266 	1267 	8911
f 8989 	8116 	8987
f 8119 	8991 	8988
f 8119 	8988 	8113
f 8912 	8911 	1268
f 8991 	8119 	8965
f 8075 	8965 	8119
f 9200 	9203 	9196
f 1267 	1268 	8911
f 8124 	8996 	8995
f 9202 	9192 	9201
f 9199 	9191 	9202
f 9209 	9190 	9203
f 8994 	8125 	8995
f 8124 	8995 	8125
f 1268 	1274 	8912
f 1274 	1276 	8912
f 9206 	7499 	9207
f 8998 	8130 	8999
f 8129 	8999 	8130
f 1281 	8804 	1276
f 9758 	9747 	9127
f 8116 	8989 	8993
f 9212 	9184 	9211
f 8720 	9184 	9212
f 9184 	9188 	9211
f 1307 	1310 	9121
f 8796 	8844 	8841
f 8841 	8797 	8796
f 9207 	7499 	9214
f 9214 	7500 	9208
f 9113 	1307 	9121
f 9208 	7500 	9216
f 9612 	9213 	9611
f 9758 	9327 	10473
f 9108 	9053 	1244
f 9217 	9216 	7316
f 9223 	9130 	9219
f 1315 	9112 	1316
f 9213 	8825 	8849
f 9111 	1316 	9112
f 9221 	9222 	9130
f 9213 	8828 	8825
f 1282 	1316 	9111
f 6529 	9218 	9130
f 9223 	9221 	9130
f 9219 	9130 	9218
f 7582 	7525 	9213
f 9199 	1978 	9200
f 9225 	9130 	9224
f 9220 	9224 	9130
f 7582 	9213 	7537
f 8796 	8802 	8844
f 1978 	1987 	9200
f 9222 	9220 	9130
f 1988 	9199 	9202
f 9213 	7529 	7537
f 9215 	6407 	6410
f 1988 	9202 	1989
f 6410 	9240 	9215
f 9213 	7538 	7529
f 9205 	1993 	9204
f 9233 	9234 	9270
f 9232 	9227 	9276
f 9270 	9276 	9227
f 9227 	9226 	9270
f 9235 	9236 	9269
f 9236 	9459 	9269
f 9229 	9269 	9459
f 9228 	9229 	9459
f 9130 	9225 	9237
f 9113 	9112 	1315
f 9213 	7579 	7538
f 7960 	6591 	7962
f 7955 	6591 	7958
f 7953 	6591 	7955
f 8844 	9215 	9238
f 1307 	9113 	1315
f 9218 	12185 	9219
f 9238 	9215 	9240
f 9218 	9458 	12185
f 8609 	8519 	6591
f 8519 	8515 	6591
f 6591 	8510 	8509
f 6591 	8509 	8508
f 6591 	8508 	8504
f 6591 	8504 	8502
f 6591 	8502 	7962
f 8510 	6591 	8515
f 7652 	8609 	6591
f 8841 	8844 	9239
f 7645 	7748 	9105
f 9238 	9239 	8844
f 7748 	11083 	9105
f 9906 	9121 	9905
f 7629 	11624 	6198
f 6199 	6198 	11624
f 8937 	7719 	7718
f 7583 	7579 	9213
f 11667 	11665 	6162
f 7972 	7583 	9213
f 9245 	9246 	9244
f 9213 	10612 	10611
f 9250 	9251 	9372
f 9251 	9252 	9370
f 9425 	9365 	9248
f 9248 	9367 	9247
f 9371 	9372 	9251
f 9370 	9371 	9251
f 9252 	9253 	9370
f 9368 	9369 	9253
f 9253 	9254 	9368
f 9247 	9367 	9254
f 11665 	11664 	7632
f 9213 	10613 	10612
f 7632 	6163 	11665
f 9213 	10614 	10613
f 9219 	12184 	9223
f 9001 	8133 	9002
f 9002 	8132 	8998
f 8130 	8998 	8132
f 8129 	9000 	8999
f 12244 	12243 	9230
f 7642 	11629 	7638
f 9213 	10617 	10614
f 8125 	8994 	12940
f 13049 	12940 	8994
f 9213 	10631 	10617
f 9019 	8149 	9006
f 8144 	8143 	9007
f 9213 	10822 	10631
f 12242 	12236 	9232
f 7645 	9105 	7642
f 11629 	7642 	9105
f 9104 	11630 	9105
f 9008 	8146 	9009
f 12242 	9232 	9231
f 8144 	9007 	8147
f 9011 	8147 	9007
f 7651 	11659 	8609
f 8609 	7652 	7651
f 7719 	8937 	10343
f 8147 	9011 	8148
f 9010 	8148 	9011
f 11659 	7651 	7653
f 9021 	8153 	9022
f 9214 	1995 	9207
f 12240 	12239 	9234
f 8151 	9017 	9022
f 1993 	9205 	1994
f 9206 	1994 	9205
f 9206 	9207 	1994
f 1995 	1994 	9207
f 9010 	9006 	8148
f 12241 	12240 	9233
f 9234 	9233 	12240
f 8141 	8148 	9006
f 12241 	9233 	9226
f 8146 	8173 	9009
f 9125 	9009 	8173
f 9262 	9403 	9261
f 8172 	9126 	9125
f 8172 	9125 	8173
f 9225 	12233 	9237
f 9402 	9403 	9263
f 9126 	8172 	9139
f 9132 	9135 	9130
f 9451 	9398 	9267
f 8961 	8153 	9021
f 9210 	1985 	9211
f 9268 	9339 	9451
f 8179 	8186 	9134
f 9209 	1986 	9210
f 9138 	8183 	9134
f 8179 	9134 	8183
f 9149 	9229 	9473
f 9228 	9473 	9229
f 8185 	8184 	9136
f 9137 	9136 	8184
f 8184 	8183 	9137
f 9138 	9137 	8183
f 9230 	9231 	9322
f 9322 	9323 	9230
f 9276 	9322 	9231
f 9231 	9232 	9276
f 9213 	10823 	10822
f 8185 	9136 	8344
f 9139 	8344 	9136
f 9134 	8186 	9140
f 9213 	10824 	10823
f 9140 	8186 	8346
f 9237 	9274 	9130
f 8172 	8344 	9139
f 9272 	9130 	9274
f 9282 	9280 	9131
f 8346 	9141 	9140
f 8346 	8345 	9141
f 9142 	9141 	8345
f 9131 	9023 	9282
f 7639 	11627 	7636
f 8345 	9143 	9142
f 9492 	9213 	10819
f 9272 	12230 	9273
f 9146 	8352 	9147
f 9213 	9613 	9611
f 12251 	9282 	12229
f 12232 	12231 	9237
f 8353 	9148 	8351
f 9147 	8351 	9148
f 9213 	9623 	10758
f 9148 	8353 	9164
f 8355 	9151 	9150
f 8539 	8356 	9182
f 9153 	9154 	9269
f 9213 	9617 	9613
f 9271 	9230 	9323
f 8356 	8359 	9152
f 9621 	9617 	9213
f 8355 	9150 	9158
f 9279 	9275 	9324
f 9213 	9608 	9621
f 9159 	8364 	9160
f 9162 	9161 	8366
f 8367 	8366 	9161
f 9119 	9065 	9281
f 9066 	9065 	9119
f 6306 	6234 	7748
f 6248 	6306 	7748
f 8368 	9163 	9151
f 9160 	8363 	9161
f 8367 	9161 	8363
f 9280 	9281 	9131
f 9065 	9131 	9281
f 13060 	9162 	12955
f 8366 	12955 	9162
f 9213 	8853 	8854
f 6237 	7748 	6236
f 6234 	6236 	7748
f 6303 	6248 	7748
f 6247 	6246 	7748
f 6246 	6303 	7748
f 9163 	8368 	9159
f 9118 	79 	9277
f 9213 	8854 	9608
f 9278 	12248 	9279
f 12247 	9279 	12248
f 12249 	12248 	9278
f 12249 	9278 	9277
f 8851 	8850 	9213
f 9213 	8829 	8828
f 8830 	8829 	9213
f 9213 	8831 	8830
f 9213 	8832 	8831
f 9213 	6300 	8832
f 6387 	6398 	6237
f 9213 	6301 	6300
f 6302 	6301 	9213
f 9213 	7525 	6302
f 9213 	10759 	10819
f 9213 	10757 	10759
f 9287 	9319 	9286
f 9283 	9289 	9319
f 9288 	9319 	9289
f 9290 	9319 	9287
f 9285 	9319 	9291
f 9288 	9286 	9319
f 9290 	9291 	9319
f 9293 	9301 	9292
f 9295 	9315 	9294
f 9294 	9315 	9293
f 9296 	9314 	9295
f 9297 	9318 	9296
f 9298 	9197 	9297
f 9299 	9197 	9298
f 9300 	9193 	9299
f 9301 	9302 	9292
f 8869 	9292 	9302
f 1945 	9289 	9283
f 9284 	1946 	9283
f 8855 	9285 	2005
f 8937 	9307 	9306
f 6425 	9303 	6414
f 1952 	1951 	9288
f 9289 	1953 	9288
f 9305 	8842 	9304
f 1956 	1955 	9290
f 9290 	9287 	1956
f 8841 	9239 	9304
f 9291 	1960 	9285
f 9298 	1966 	9299
f 1970 	9295 	1971
f 1968 	1967 	9297
f 8842 	8841 	9304
f 1948 	9300 	1965
f 1968 	9297 	9296
f 1966 	1965 	9299
f 9300 	9299 	1965
f 9375 	9307 	9308
f 8869 	2016 	9292
f 9309 	7832 	9311
f 9315 	9295 	9314
f 9301 	9293 	9315
f 9284 	9309 	1947
f 9309 	9311 	1947
f 1974 	1947 	9311
f 9312 	9300 	1948
f 12110 	9315 	9314
f 9238 	9240 	10468
f 9311 	7832 	9198
f 9193 	9300 	9192
f 9201 	9192 	9312
f 9194 	9299 	9193
f 9197 	9299 	9194
f 9318 	9297 	9197
f 9312 	9192 	9300
f 1975 	1974 	9198
f 1948 	1989 	9312
f 9201 	9312 	1989
f 9314 	9296 	9318
f 9318 	12104 	9314
f 9197 	12104 	9318
f 8855 	7355 	9285
f 9319 	9285 	7355
f 9284 	9283 	9319
f 9204 	7497 	9205
f 9205 	7503 	9206
f 9198 	7497 	9204
f 9330 	9328 	8813
f 9321 	9330 	8822
f 12251 	12250 	9282
f 9332 	9319 	9320
f 8822 	9330 	8813
f 9275 	9271 	9324
f 9323 	9324 	9271
f 7356 	9319 	7355
f 9277 	9127 	9118
f 9306 	9384 	9316
f 9321 	8797 	8842
f 7356 	9320 	9319
f 8799 	8797 	9321
f 9310 	9351 	9308
f 9278 	9279 	9327
f 9327 	9127 	9278
f 8822 	8799 	9321
f 9332 	9331 	9319
f 9226 	9233 	9270
f 9269 	9229 	9149
f 9269 	9149 	9153
f 9277 	9278 	9127
f 8814 	9328 	9326
f 9327 	9758 	9127
f 9332 	9320 	7356
f 9324 	9327 	9279
f 10464 	9313 	9317
f 10477 	9323 	9322
f 9328 	8814 	8813
f 9324 	10473 	9327
f 8692 	8694 	9329
f 8427 	9329 	8694
f 8427 	9749 	9329
f 8477 	9164 	8353
f 9164 	8477 	9165
f 8478 	9165 	8477
f 8478 	8479 	9165
f 9330 	9321 	9325
f 9166 	8479 	9167
f 9336 	9337 	9338
f 8483 	9168 	8481
f 9167 	8481 	9168
f 8485 	9169 	8483
f 9168 	8483 	9169
f 9321 	8842 	9325
f 9338 	8692 	9329
f 9169 	8485 	9179
f 9337 	8692 	9338
f 10758 	10757 	9213
f 9319 	9331 	8317
f 9170 	8487 	9171
f 8486 	9171 	8487
f 9171 	8486 	9172
f 8489 	9172 	8486
f 9340 	9404 	9449
f 9448 	9449 	9404
f 8489 	9173 	9172
f 9360 	9326 	9328
f 9336 	9788 	9789
f 9176 	8491 	9177
f 8493 	9178 	8492
f 9177 	8492 	9178
f 8539 	9182 	8493
f 9178 	8493 	9182
f 8487 	9170 	8538
f 9179 	8538 	9170
f 8538 	9179 	8485
f 9305 	9325 	8842
f 9344 	9333 	9456
f 9152 	9182 	8356
f 9456 	9429 	9344
f 9345 	9325 	9305
f 8961 	9021 	4224
f 9338 	9788 	9336
f 9346 	9429 	6513
f 9456 	6513 	9429
f 9348 	6513 	9456
f 9444 	6515 	9349
f 6514 	6515 	9444
f 8043 	7912 	8039
f 9110 	9436 	9409
f 9347 	9325 	9345
f 6513 	6504 	9346
f 8692 	9337 	8684
f 9336 	9351 	9337
f 9352 	6505 	9354
f 9355 	9384 	9306
f 9360 	9356 	9326
f 9359 	9256 	9358
f 9347 	9360 	9328
f 9397 	9255 	9361
f 9259 	9391 	9361
f 9260 	9387 	9259
f 9261 	9395 	9260
f 9399 	9400 	9266
f 9359 	9361 	9255
f 9330 	9325 	9347
f 7748 	6237 	6398
f 9425 	9430 	9363
f 6388 	6398 	6386
f 9328 	9330 	9347
f 9364 	9425 	9363
f 9365 	9425 	9364
f 9367 	9248 	9365
f 9430 	9431 	9363
f 9345 	10496 	9366
f 6388 	6391 	6398
f 6392 	6394 	6398
f 6377 	6398 	6394
f 9244 	9246 	9374
f 9306 	9307 	9355
f 9243 	9244 	9374
f 9374 	9376 	9243
f 9373 	9374 	9246
f 9355 	9307 	9375
f 9377 	9378 	9258
f 9241 	9242 	9379
f 10095 	9350 	9356
f 9351 	9375 	9308
f 9379 	9380 	9241
f 8043 	8041 	4303
f 7915 	6634 	7912
f 9380 	9357 	9241
f 9258 	9243 	9377
f 9356 	9360 	10093
f 9351 	9310 	9337
f 9347 	9345 	9366
f 9355 	9381 	9382
f 9360 	9347 	9366
f 9378 	9379 	9242
f 9242 	9258 	9378
f 9257 	9241 	9357
f 9358 	9257 	9357
f 7927 	7926 	6057
f 4228 	6061 	4229
f 9369 	9370 	9253
f 9368 	9254 	9367
f 9249 	9250 	9372
f 9376 	9377 	9243
f 9372 	9373 	9249
f 9246 	9249 	9373
f 13133 	8991 	4224
f 6057 	6062 	4230
f 9384 	9355 	9382
f 9449 	9450 	9339
f 9255 	9256 	9359
f 9257 	9358 	9256
f 8703 	9383 	8636
f 9387 	9260 	9386
f 9375 	9388 	9381
f 6386 	6398 	6387
f 6392 	6398 	6391
f 9385 	9260 	9395
f 9386 	9260 	9385
f 9389 	9259 	9396
f 9396 	9259 	9387
f 9391 	9259 	9390
f 9390 	9259 	9389
f 9397 	9361 	9391
f 9395 	9261 	9394
f 9264 	9265 	9401
f 9263 	9264 	9401
f 9401 	9402 	9263
f 9262 	9263 	9403
f 9394 	9261 	9403
f 9405 	9447 	9404
f 9447 	9448 	9404
f 9408 	9446 	9405
f 9101 	9097 	9080
f 9410 	9446 	9408
f 9612 	9623 	9213
f 6640 	7785 	6641
f 9059 	9354 	6505
f 9352 	9353 	6505
f 6505 	6983 	7801
f 9442 	9443 	9412
f 9576 	1 	2
f 1020 	1025 	9346
f 9412 	9413 	9441
f 9439 	9440 	9416
f 9409 	9346 	1025
f 9414 	9584 	2
f 9419 	9421 	9434
f 9353 	9352 	1022
f 9392 	9420 	9422
f 1032 	1024 	9354
f 9431 	9432 	9424
f 9383 	8703 	9422
f 9518 	876 	4765
f 1025 	1026 	9409
f 9420 	9383 	9422
f 9362 	9363 	9431
f 9452 	9453 	8634
f 9334 	9349 	9348
f 9334 	9348 	9333
f 9420 	8689 	9383
f 6518 	6514 	9444
f 6518 	9444 	9426
f 9409 	9428 	9346
f 9428 	9409 	9436
f 9381 	9355 	9375
f 9341 	9342 	9428
f 9429 	9428 	9342
f 9438 	9439 	9417
f 9418 	9419 	9437
f 9433 	9434 	9423
f 9423 	9424 	9433
f 9432 	9433 	9424
f 9424 	9362 	9431
f 9421 	9423 	9434
f 9434 	9435 	9419
f 9435 	9437 	9419
f 9437 	9438 	9418
f 9417 	9418 	9438
f 9416 	9417 	9439
f 9415 	9416 	9440
f 9440 	9441 	9415
f 9413 	9415 	9441
f 9441 	9442 	9412
f 9411 	9412 	9443
f 9410 	9411 	9443
f 9443 	9445 	9410
f 8689 	9420 	9427
f 9428 	9436 	9341
f 9072 	9341 	9436
f 9446 	9410 	9445
f 9447 	9405 	9446
f 8651 	8636 	9383
f 9339 	9340 	9449
f 9450 	9451 	9339
f 9267 	9268 	9451
f 9266 	9267 	9398
f 9398 	9399 	9266
f 9265 	9266 	9400
f 9400 	9401 	9265
f 6794 	9242 	6796
f 8853 	9213 	8847
f 6796 	9241 	6052
f 881 	882 	9493
f 9427 	9453 	9452
f 9244 	6761 	6467
f 9244 	9243 	6761
f 9444 	9349 	9343
f 9334 	9343 	9349
f 9444 	9343 	9426
f 9335 	9426 	9343
f 9333 	9348 	9456
f 9342 	9344 	9429
f 6472 	9246 	6467
f 9245 	6467 	9246
f 9218 	6529 	9458
f 9457 	9458 	6529
f 9245 	9244 	6467
f 6530 	9457 	6529
f 9495 	9476 	9461
f 9476 	9228 	9460
f 6539 	6540 	9495
f 6540 	6541 	9468
f 9468 	9495 	6540
f 6472 	6471 	9246
f 6542 	6545 	9462
f 9464 	6542 	9463
f 9462 	9463 	6542
f 9468 	6541 	9464
f 6545 	6546 	9462
f 9249 	6765 	9250
f 12096 	12185 	9458
f 9251 	9250 	6774
f 6770 	6774 	9250
f 9252 	9251 	6479
f 6774 	6480 	9251
f 9457 	6530 	12095
f 9253 	9252 	6484
f 6479 	6484 	9252
f 12095 	12097 	9457
f 9253 	6524 	9254
f 12113 	9460 	9459
f 6524 	5944 	9247
f 6524 	9247 	9254
f 9477 	9483 	9427
f 9236 	12238 	9459
f 9247 	5944 	9248
f 9464 	9463 	9467
f 9466 	9467 	9463
f 9256 	9255 	6200
f 9459 	9460 	9228
f 9336 	9388 	9351
f 6200 	6784 	9256
f 9468 	9464 	9470
f 9467 	9470 	9464
f 9388 	9375 	9351
f 9465 	9469 	9392
f 6735 	12370 	12128
f 6734 	6735 	12128
f 6784 	6790 	9256
f 9462 	9472 	9466
f 9462 	9466 	9463
f 9465 	9471 	9469
f 9257 	9256 	6790
f 9469 	9420 	9392
f 9795 	9381 	9388
f 9241 	9257 	6052
f 9336 	9789 	9388
f 9335 	9475 	9426
f 9474 	9426 	9475
f 9480 	9481 	12534
f 9269 	9270 	9234
f 9234 	9235 	9269
f 9477 	9469 	9471
f 6790 	6052 	9257
f 9476 	9478 	9228
f 9478 	9473 	9228
f 6793 	9242 	6794
f 9471 	9479 	9477
f 9258 	9242 	6793
f 12534 	8634 	9480
f 9481 	9482 	12534
f 9482 	9486 	12534
f 9316 	9384 	10489
f 9258 	6793 	6824
f 9480 	9477 	9481
f 9479 	9481 	9477
f 6824 	6760 	9258
f 10489 	9317 	9316
f 9479 	9482 	9481
f 9469 	9427 	9420
f 9483 	9480 	8634
f 9310 	8684 	9337
f 6760 	9243 	9258
f 9469 	9477 	9427
f 8561 	9694 	8562
f 4260 	9484 	8769
f 9694 	8561 	8571
f 6829 	9260 	6828
f 9259 	6828 	9260
f 9453 	9427 	9483
f 12926 	8788 	6729
f 9484 	8770 	8769
f 6829 	6831 	9260
f 9480 	9483 	9477
f 9261 	6831 	6835
f 9479 	9486 	9482
f 8775 	9485 	8776
f 9484 	4260 	9487
f 9265 	9264 	6841
f 9487 	9488 	9484
f 9484 	9488 	8770
f 9266 	9265 	6842
f 9465 	9715 	9494
f 8775 	8770 	9488
f 6843 	9267 	6842
f 9488 	9485 	8775
f 9489 	9479 	9471
f 7972 	9213 	7975
f 9471 	9465 	9494
f 6859 	9363 	9362
f 9494 	9489 	9471
f 9364 	9363 	6860
f 6859 	6860 	9363
f 9722 	9721 	9494
f 6861 	9365 	6860
f 9721 	9489 	9494
f 9367 	9365 	6863
f 9489 	9721 	12750
f 9462 	9474 	9472
f 9475 	9472 	9474
f 6865 	9368 	6863
f 9461 	6539 	9495
f 9496 	9495 	9468
f 9496 	9468 	9470
f 6866 	9369 	6865
f 9368 	6865 	9369
f 9715 	9722 	9494
f 9460 	9461 	9476
f 9476 	9495 	9478
f 9496 	9478 	9495
f 6866 	6868 	9369
f 4209 	4207 	7309
f 7313 	4215 	7316
f 9371 	6869 	6870
f 7309 	4218 	7310
f 7313 	7310 	4218
f 4184 	7316 	4187
f 8814 	9498 	8815
f 9392 	9497 	9509
f 9498 	9497 	9422
f 9497 	9392 	9422
f 8703 	8815 	9498
f 9422 	8703 	9498
f 9454 	9586 	9455
f 7917 	7916 	9499
f 9505 	9499 	7916
f 9509 	9465 	9392
f 7918 	9500 	7919
f 9326 	9638 	8814
f 9502 	7921 	9501
f 9501 	7921 	7920
f 9631 	9407 	9406
f 9622 	9631 	9406
f 10824 	9213 	9492
f 9502 	9505 	7921
f 7916 	7921 	9505
f 8814 	9638 	9498
f 9213 	7973 	7975
f 7924 	7923 	9506
f 9497 	9498 	9638
f 9497 	9508 	9509
f 7920 	7919 	9500
f 7920 	9500 	9507
f 7920 	9507 	9501
f 9487 	4260 	9491
f 9511 	9512 	7917
f 9491 	9490 	9510
f 9491 	9510 	9488
f 9407 	9631 	9503
f 9504 	9503 	9631
f 9513 	9514 	9350
f 9521 	8163 	9512
f 9512 	8163 	8162
f 8174 	9515 	8175
f 9376 	9374 	6875
f 9552 	8258 	9517
f 9517 	8257 	9516
f 6876 	9377 	6875
f 8181 	8175 	9519
f 9515 	9519 	8175
f 8189 	9520 	8190
f 9487 	9491 	9488
f 8192 	8163 	9522
f 9521 	9522 	8163
f 9485 	9488 	9510
f 9485 	9510 	9530
f 9518 	9493 	876
f 9631 	9393 	9504
f 8197 	8196 	9524
f 9523 	9524 	8196
f 8199 	9523 	8196
f 4774 	9406 	4773
f 9407 	4773 	9406
f 9455 	4790 	9454
f 4791 	9454 	4790
f 9493 	882 	876
f 9510 	9490 	9603
f 9516 	8257 	9525
f 8162 	7917 	9512
f 9499 	9511 	7917
f 10 	9493 	1
f 2 	1 	9493
f 4779 	4790 	9455
f 8205 	8204 	9526
f 4796 	9583 	4791
f 9493 	9414 	2
f 9406 	4774 	4883
f 9493 	9518 	9414
f 8779 	9527 	8782
f 9528 	9535 	8206
f 9528 	8206 	8207
f 4785 	4786 	9504
f 9503 	9504 	4786
f 4786 	4787 	9503
f 10 	957 	9493
f 957 	881 	9493
f 9531 	9532 	8210
f 8211 	8210 	9533
f 9533 	8210 	9532
f 8204 	8211 	9533
f 8204 	9533 	9526
f 9485 	9530 	9527
f 8206 	9535 	8212
f 9535 	9537 	8212
f 9531 	8212 	9537
f 9380 	6880 	6851
f 6851 	9357 	9380
f 8210 	8212 	9531
f 9530 	9598 	9538
f 9538 	9527 	9530
f 8207 	9539 	9528
f 9485 	9527 	8776
f 9542 	8246 	9541
f 9543 	8247 	9542
f 8246 	8245 	9541
f 9544 	9541 	8245
f 8246 	9542 	8247
f 8247 	9543 	8250
f 9538 	8782 	9527
f 6836 	9263 	6835
f 8245 	9552 	9544
f 9264 	9263 	6838
f 9538 	9545 	8782
f 8252 	8251 	9548
f 9547 	9548 	8251
f 9546 	9547 	8251
f 6838 	6841 	9264
f 9545 	9549 	9529
f 6841 	6842 	9265
f 9539 	8255 	9551
f 9550 	9551 	8255
f 9548 	9550 	8255
f 9548 	8255 	8252
f 9266 	6842 	9267
f 8250 	9543 	8256
f 9543 	9546 	8256
f 8251 	8256 	9546
f 9268 	9267 	6844
f 9517 	8258 	8257
f 9339 	9268 	6845
f 6844 	6845 	9268
f 8198 	9525 	8257
f 9339 	6845 	6847
f 9539 	8207 	8255
f 8245 	8258 	9552
f 9554 	8399 	9553
f 8398 	9553 	8399
f 9357 	6851 	6852
f 9357 	6852 	9358
f 9358 	6852 	9359
f 9556 	8400 	9555
f 9561 	8400 	9556
f 8400 	8401 	9555
f 9560 	9555 	8401
f 9259 	9361 	6828
f 9557 	8235 	8321
f 9554 	9558 	8402
f 9554 	8402 	8399
f 9557 	8316 	8235
f 9559 	8403 	9558
f 9558 	8403 	8402
f 9364 	6860 	9365
f 7356 	7865 	9332
f 8401 	8843 	9560
f 6861 	6863 	9365
f 9367 	6863 	9368
f 9561 	8404 	8400
f 8407 	8406 	9563
f 9562 	9563 	8406
f 8410 	9562 	8406
f 9680 	8100 	8316
f 9407 	9503 	4787
f 9557 	9680 	8316
f 9565 	8413 	9564
f 8412 	9564 	8413
f 9567 	9568 	9566
f 9534 	9536 	9569
f 9693 	9694 	9331
f 9568 	9534 	9569
f 9350 	9514 	9356
f 9559 	9570 	8403
f 9597 	9549 	9545
f 8408 	9571 	8414
f 9545 	9538 	9597
f 9571 	8415 	8414
f 9572 	8220 	8711
f 8417 	9573 	8418
f 6873 	9374 	9373
f 9536 	9540 	9569
f 6873 	6875 	9374
f 9575 	8420 	9574
f 8419 	9574 	8420
f 9576 	9578 	9577
f 9577 	9580 	26
f 8711 	8716 	9572
f 8848 	8847 	9213
f 9585 	8423 	9581
f 8423 	8422 	9581
f 9579 	9581 	8422
f 8425 	9579 	8422
f 9576 	25 	1
f 4792 	4793 	9582
f 9454 	4791 	9583
f 9576 	2 	9584
f 9583 	9586 	9454
f 9585 	8935 	8423
f 9567 	9566 	9584
f 9583 	4796 	4797
f 4797 	4792 	9583
f 9582 	9583 	4792
f 9584 	9414 	9567
f 9261 	6835 	9262
f 9262 	6835 	9263
f 8403 	9570 	8469
f 9566 	9568 	9587
f 6836 	6838 	9263
f 9569 	9587 	9568
f 9576 	9577 	25
f 9588 	9572 	8716
f 25 	9577 	26
f 8471 	8470 	9589
f 8471 	9589 	8474
f 9587 	9569 	9540
f 9578 	9580 	9577
f 9584 	9578 	9576
f 6843 	6844 	9267
f 9566 	9578 	9584
f 9591 	8476 	9590
f 8475 	9590 	8476
f 9580 	9587 	9540
f 6847 	9340 	9339
f 9213 	8850 	8848
f 6847 	7084 	9340
f 9587 	9578 	9566
f 9580 	9578 	9587
f 9615 	8835 	9593
f 8835 	8834 	9593
f 9592 	9593 	8833
f 8834 	8833 	9593
f 9639 	9592 	8833
f 4764 	4769 	9690
f 8854 	8904 	9594
f 8904 	10223 	9594
f 9596 	8836 	9595
f 9634 	8836 	9596
f 8932 	9595 	8836
f 9538 	9598 	9597
f 9414 	9518 	9690
f 9586 	9627 	9455
f 9582 	9586 	9583
f 9690 	9567 	9414
f 9606 	8837 	9600
f 8837 	8838 	9600
f 8838 	8927 	9600
f 9599 	9600 	8927
f 8839 	8840 	9602
f 9610 	9602 	8840
f 9603 	9490 	4260
f 9490 	9491 	4260
f 9616 	9560 	8843
f 9690 	9518 	4765
f 4764 	9690 	4765
f 9603 	4260 	9604
f 9607 	8846 	9606
f 8846 	8845 	9606
f 9606 	8845 	8837
f 9603 	9604 	9605
f 9603 	9605 	9510
f 8854 	9594 	9608
f 8562 	9693 	7865
f 9598 	9605 	9609
f 9607 	9610 	8846
f 9594 	9633 	9608
f 9605 	9604 	9692
f 9611 	9613 	9636
f 9609 	9614 	9598
f 9614 	9597 	9598
f 9514 	9326 	9356
f 9619 	9513 	9620
f 9608 	9633 	9621
f 4778 	9455 	9622
f 9406 	4883 	9622
f 6870 	9372 	9371
f 9623 	10923 	10917
f 9373 	9372 	6870
f 9623 	10917 	10758
f 9455 	9627 	9622
f 9376 	6875 	9377
f 9622 	4883 	4884
f 4884 	4778 	9622
f 6876 	9378 	9377
f 6880 	9380 	9379
f 6886 	1887 	9398
f 6953 	9400 	9399
f 6953 	9399 	1887
f 9626 	9631 	9625
f 6953 	6954 	9400
f 9401 	9400 	6954
f 6954 	6955 	9401
f 9626 	9628 	9631
f 9395 	9394 	6959
f 9394 	6957 	6959
f 9386 	9629 	9387
f 9631 	9622 	9625
f 9386 	9385 	9629
f 9387 	9629 	9396
f 6959 	6964 	9629
f 9631 	9628 	9630
f 9385 	9395 	9629
f 6959 	9629 	9395
f 9390 	9389 	9632
f 9616 	8926 	9615
f 9615 	8926 	8835
f 8836 	9634 	8927
f 9636 	9613 	9635
f 9513 	9508 	9514
f 8843 	8926 	9616
f 9619 	9508 	9513
f 9635 	9617 	9637
f 8840 	8846 	9610
f 9634 	9599 	8927
f 9326 	9514 	9638
f 9637 	9617 	9621
f 9514 	9508 	9638
f 9602 	9639 	8839
f 8833 	8839 	9639
f 8928 	8929 	9641
f 9640 	9641 	8929
f 9617 	9635 	9613
f 9619 	9509 	9508
f 9595 	8932 	9644
f 8932 	8931 	9644
f 8931 	8930 	9644
f 9643 	9644 	8930
f 9643 	8930 	9642
f 9637 	9621 	9633
f 9508 	9497 	9638
f 9641 	9642 	8928
f 8930 	8928 	9642
f 9647 	8934 	9646
f 8934 	8933 	9646
f 9645 	9646 	8933
f 10348 	9637 	9633
f 8933 	8935 	9645
f 9645 	8935 	9585
f 9597 	9614 	9618
f 9605 	9530 	9510
f 8936 	8934 	9648
f 9647 	9648 	8934
f 9605 	9598 	9530
f 9648 	9640 	8936
f 8929 	8936 	9640
f 9549 	9597 	9618
f 9651 	9070 	9650
f 9651 	9652 	9070
f 9069 	9649 	9070
f 9649 	9650 	9070
f 9652 	9071 	9070
f 9509 	9619 	9715
f 9341 	9072 	9653
f 9652 	9653 	9072
f 9071 	9652 	9072
f 9715 	9465 	9509
f 9657 	9334 	9656
f 9655 	9656 	9333
f 9664 	9334 	9657
f 9333 	9656 	9334
f 9654 	9655 	9333
f 9681 	9475 	9659
f 9658 	9659 	9335
f 10360 	9636 	9635
f 9663 	9342 	9662
f 9342 	9341 	9662
f 9661 	9662 	9341
f 9389 	9396 	9632
f 9396 	6965 	9632
f 9653 	9661 	9341
f 9391 	6970 	9397
f 9637 	10351 	9635
f 9335 	9343 	9658
f 9665 	9658 	9343
f 9664 	9665 	9343
f 9664 	9343 	9334
f 6966 	6200 	9397
f 9255 	9397 	6200
f 4784 	6974 	9440
f 9440 	6974 	9441
f 9342 	9663 	9344
f 9663 	9654 	9344
f 9333 	9344 	9654
f 9442 	9441 	6975
f 6974 	6975 	9441
f 6975 	6976 	9442
f 9149 	9473 	9666
f 9149 	9666 	9667
f 9669 	9153 	9668
f 9154 	9153 	9669
f 9667 	9668 	9153
f 9671 	9157 	9670
f 9156 	9670 	9157
f 9153 	9149 	9667
f 9467 	9466 	9674
f 9675 	9467 	9674
f 9673 	9674 	9466
f 9472 	9673 	9466
f 9672 	9673 	9472
f 9431 	6696 	9432
f 9675 	9676 	9467
f 9470 	9467 	9676
f 9470 	9676 	9677
f 9685 	9068 	12926
f 9061 	9054 	12926
f 6699 	6704 	9432
f 9678 	9666 	9473
f 9473 	9478 	9678
f 9433 	7045 	9434
f 9672 	9472 	9681
f 9681 	9472 	9475
f 9335 	9659 	9475
f 9679 	9063 	9062
f 9682 	9678 	9478
f 9684 	9685 	12926
f 9470 	9677 	9496
f 9677 	9686 	9496
f 9682 	9478 	9686
f 9496 	9686 	9478
f 9679 	9685 	9684
f 9684 	12926 	9687
f 8549 	9680 	9683
f 9679 	9684 	9688
f 9684 	9687 	9688
f 9683 	9755 	8549
f 9332 	7865 	9693
f 9680 	8101 	8100
f 9687 	9689 	9688
f 9331 	9332 	9693
f 8220 	9694 	8571
f 9549 	9618 	9751
f 8571 	8711 	8220
f 9604 	4260 	9692
f 8562 	9694 	9693
f 9605 	9692 	9609
f 9691 	9609 	9692
f 9630 	9393 	9631
f 9935 	9934 	9694
f 9627 	9625 	9622
f 12489 	8220 	9572
f 9691 	9695 	9609
f 9712 	4963 	9624
f 4898 	9625 	4897
f 9626 	9625 	4906
f 4898 	4906 	9625
f 4911 	9627 	4910
f 9614 	9609 	9700
f 9699 	9946 	9697
f 4911 	4897 	9627
f 9625 	9627 	4897
f 4912 	4913 	9626
f 9628 	9626 	4913
f 4912 	9626 	4906
f 9685 	9679 	9068
f 9062 	9068 	9679
f 7923 	10118 	9699
f 4916 	9628 	4913
f 9688 	9701 	9679
f 9628 	4916 	9630
f 4954 	9630 	4916
f 9688 	9704 	9701
f 10118 	8111 	9705
f 9705 	9711 	9946
f 9702 	9703 	8111
f 9567 	9725 	9755
f 9933 	9706 	9331
f 4965 	4956 	9624
f 9683 	9567 	9755
f 9707 	9331 	9706
f 9627 	9624 	4910
f 4956 	4910 	9624
f 9434 	7069 	9435
f 7073 	9435 	7069
f 9709 	9331 	9708
f 9708 	9331 	9707
f 4954 	9757 	9630
f 9704 	9710 	9701
f 9936 	9930 	9711
f 9435 	7073 	9437
f 7075 	9437 	7073
f 9826 	9393 	9757
f 9757 	9393 	9630
f 9712 	4961 	4962
f 9063 	9679 	9701
f 7075 	9438 	9437
f 4963 	9712 	4962
f 7081 	9439 	9438
f 4965 	9624 	4963
f 9660 	9619 	9620
f 9701 	9710 	9067
f 9404 	9340 	7084
f 9712 	9713 	4961
f 4966 	4961 	9713
f 9660 	9620 	10205
f 7084 	9405 	9404
f 9074 	9067 	9710
f 9737 	9714 	9716
f 7087 	9410 	9408
f 7088 	9411 	7087
f 9722 	9660 	9724
f 9725 	9567 	9690
f 9075 	9723 	9076
f 9724 	9726 	9722
f 12421 	9133 	12419
f 9715 	9619 	9660
f 9727 	9710 	9704
f 9683 	9680 	9568
f 9722 	9715 	9660
f 9075 	9710 	9727
f 12421 	9144 	9133
f 9568 	9567 	9683
f 9132 	12419 	9133
f 9726 	9721 	9722
f 9075 	9727 	9723
f 9075 	9074 	9710
f 9728 	9723 	9729
f 9413 	9412 	7090
f 7095 	7094 	9415
f 9729 	9730 	9728
f 9416 	7094 	7097
f 9076 	9723 	9728
f 12418 	9135 	9144
f 9730 	8424 	9728
f 9135 	12418 	12309
f 7099 	9419 	7098
f 9738 	9739 	9717
f 9719 	9742 	9720
f 7100 	9421 	7099
f 9660 	10205 	9724
f 9423 	7104 	7105
f 9731 	9734 	9732
f 9691 	4260 	9695
f 9700 	9609 	9695
f 9847 	9917 	9733
f 9304 	10476 	9305
f 9415 	7090 	7095
f 9733 	9916 	9735
f 9720 	9743 	9731
f 9717 	9714 	9738
f 9737 	9738 	9714
f 9739 	9740 	9717
f 9718 	9741 	9719
f 9718 	9717 	9740
f 9741 	9718 	9740
f 9742 	9719 	9741
f 9743 	9720 	9742
f 9734 	9731 	9743
f 9549 	9736 	9529
f 9737 	10051 	9738
f 9304 	9239 	10480
f 9744 	9736 	9745
f 10051 	9739 	9738
f 9736 	9744 	8908
f 9740 	10048 	9741
f 9410 	7087 	9411
f 12351 	12275 	12369
f 9412 	9411 	7089
f 9745 	9746 	9744
f 7089 	7090 	9412
f 8908 	9529 	9736
f 9748 	8909 	9746
f 10449 	9240 	9303
f 9748 	9749 	8909
f 9746 	8430 	9744
f 8909 	8430 	9746
f 9303 	6425 	10448
f 9549 	9751 	9736
f 10468 	9240 	10449
f 9754 	9750 	9748
f 10476 	10485 	9305
f 9753 	9748 	9746
f 10480 	10476 	9304
f 10048 	9742 	9741
f 9742 	10046 	9743
f 9749 	9748 	9750
f 9734 	9743 	10045
f 10046 	10045 	9743
f 9786 	9749 	9750
f 9735 	9734 	10045
f 9786 	9329 	9749
f 9618 	9773 	9751
f 9714 	10015 	9716
f 9714 	9717 	10015
f 10019 	10015 	9717
f 10019 	9717 	9718
f 4769 	9725 	9690
f 9751 	9752 	9745
f 9751 	9745 	9736
f 9732 	10026 	9731
f 9753 	9745 	9752
f 9732 	10096 	10026
f 9753 	9746 	9745
f 9582 	12673 	9586
f 4769 	9755 	9725
f 9713 	9712 	9586
f 9753 	9754 	9748
f 9680 	9557 	9534
f 9586 	9712 	9624
f 9624 	9627 	9586
f 9756 	9758 	10471
f 9747 	9115 	9114
f 8544 	8549 	9755
f 9114 	9127 	9747
f 9680 	9534 	9568
f 9763 	9807 	9762
f 9761 	9762 	9807
f 9761 	7433 	7486
f 7433 	9761 	9805
f 9904 	9907 	9534
f 9762 	7484 	9763
f 9767 	9768 	9766
f 9768 	9769 	9766
f 9769 	9775 	9766
f 9765 	9764 	9826
f 7576 	9775 	7577
f 9769 	7513 	7577
f 7520 	7513 	9768
f 9618 	9614 	9772
f 9767 	7523 	7522
f 7526 	9766 	7528
f 9763 	7528 	9766
f 9772 	9773 	9618
f 9767 	7522 	9768
f 7520 	9768 	7522
f 9773 	9752 	9751
f 9801 	9802 	9766
f 9838 	9826 	9764
f 9764 	9760 	9838
f 9759 	9838 	9760
f 9753 	9752 	9777
f 9757 	9771 	9826
f 9771 	9774 	9826
f 9774 	9770 	9826
f 9770 	9765 	9826
f 9760 	5058 	9759
f 5059 	9759 	5058
f 9777 	9754 	9753
f 4998 	9760 	4997
f 9764 	4997 	9760
f 5000 	9764 	4999
f 9765 	4999 	9764
f 4998 	5058 	9760
f 5064 	9833 	5059
f 9984 	9778 	9773
f 5002 	4999 	9765
f 9770 	5003 	9765
f 5002 	9765 	5003
f 7088 	7089 	9411
f 5004 	5005 	9757
f 9771 	9757 	5005
f 9752 	9778 	9777
f 5005 	5006 	9771
f 9754 	9777 	9779
f 7090 	9415 	9413
f 4954 	5004 	9757
f 7097 	9417 	9416
f 9752 	9773 	9778
f 5003 	9770 	5007
f 7098 	9418 	9417
f 7098 	9417 	7097
f 5008 	5007 	9774
f 9770 	9774 	5007
f 9419 	9418 	7098
f 5000 	4997 	9764
f 9419 	7099 	9421
f 7100 	9423 	9421
f 5008 	9774 	5006
f 7105 	9424 	9423
f 9771 	5006 	9774
f 7105 	6857 	9424
f 9443 	7109 	9445
f 7109 	7111 	9445
f 7114 	7115 	9447
f 7120 	7123 	9449
f 7123 	7124 	9450
f 9892 	9893 	9121
f 9786 	9750 	9787
f 9782 	9784 	5023
f 9781 	9826 	9782
f 9787 	9788 	9786
f 9786 	9788 	9338
f 9329 	9786 	9338
f 9794 	9797 	9790
f 9730 	9729 	9857
f 9823 	9723 	9727
f 9795 	9791 	9381
f 9794 	9121 	9793
f 9830 	9800 	9121
f 9797 	9793 	9796
f 9792 	9796 	9793
f 9789 	9795 	9388
f 9687 	12926 	9689
f 9797 	9794 	9793
f 9689 	9799 	9688
f 9791 	9382 	9381
f 9792 	9793 	9121
f 9798 	9799 	9689
f 9776 	9801 	9766
f 9763 	9766 	9802
f 9803 	9763 	9802
f 9775 	9776 	9766
f 9688 	9799 	9704
f 9769 	7577 	9775
f 9798 	9689 	12926
f 9801 	7556 	9802
f 7578 	9802 	7556
f 7576 	7580 	9775
f 9799 	9811 	9806
f 7546 	9803 	7581
f 9802 	7581 	9803
f 9806 	9704 	9799
f 9805 	9807 	9804
f 7669 	7668 	9804
f 9795 	9789 	9827
f 9817 	9807 	9763
f 9805 	9761 	9807
f 9808 	9809 	9807
f 9810 	9807 	9809
f 9804 	9807 	9810
f 9831 	9788 	9787
f 9804 	9810 	7669
f 7698 	7669 	9810
f 9806 	9727 	9704
f 9831 	9789 	9788
f 7706 	7698 	9809
f 9810 	9809 	7698
f 9809 	9808 	7706
f 9813 	9815 	9763
f 9754 	9814 	9750
f 9816 	9763 	9815
f 9812 	9813 	9763
f 9803 	9812 	9763
f 9817 	9763 	9816
f 9818 	9819 	9820
f 9803 	7546 	9812
f 7723 	9816 	7724
f 9811 	9821 	9806
f 7729 	7724 	9815
f 9815 	7734 	7729
f 9820 	9822 	9818
f 9823 	9806 	9821
f 9814 	9779 	9819
f 9821 	9824 	9823
f 9819 	9818 	9814
f 9754 	9779 	9814
f 9536 	9534 	9907
f 9907 	9540 	9536
f 9814 	9787 	9750
f 9784 	9782 	9826
f 9826 	9781 	9825
f 9904 	9534 	9557
f 9825 	9393 	9826
f 9792 	9800 	9796
f 9828 	9829 	9796
f 9800 	9792 	9121
f 5029 	5019 	9780
f 9785 	9780 	5019
f 9828 	9796 	9800
f 9830 	9828 	9800
f 9780 	9785 	9838
f 9785 	9783 	9838
f 9784 	9826 	9783
f 9783 	9826 	9838
f 5068 	5069 	9780
f 9831 	9818 	9822
f 5012 	5013 	9782
f 9781 	9782 	5013
f 9822 	9827 	9831
f 5015 	9783 	5014
f 9814 	9818 	9787
f 9784 	9783 	5018
f 5015 	5018 	9783
f 9121 	9794 	9790
f 9831 	9787 	9818
f 9785 	5019 	5020
f 5020 	5014 	9785
f 9783 	9785 	5014
f 9782 	5023 	5012
f 9827 	9789 	9831
f 9784 	5018 	5023
f 9781 	5013 	5025
f 9781 	5025 	9825
f 5027 	9825 	5025
f 5029 	9780 	5069
f 5027 	4326 	9825
f 4326 	9393 	9825
f 5060 	5061 	9832
f 10153 	9820 	9819
f 9759 	5059 	9833
f 9833 	5064 	5065
f 9834 	9331 	9709
f 10926 	9822 	9820
f 5065 	5060 	9833
f 9832 	9833 	5060
f 9759 	9833 	9838
f 9832 	9838 	9833
f 9837 	9839 	9331
f 4966 	9713 	5061
f 9832 	5061 	9713
f 9839 	7939 	9331
f 9836 	9837 	9331
f 9836 	9331 	9840
f 9845 	9957 	9844
f 9844 	9956 	9843
f 9843 	9953 	9842
f 9842 	9952 	9841
f 9850 	9841 	9924
f 9951 	9924 	9841
f 9952 	9951 	9841
f 9840 	9331 	9834
f 8111 	8112 	9702
f 9702 	1165 	9703
f 9691 	9692 	4260
f 9703 	1159 	9705
f 9700 	4260 	9974
f 9700 	9695 	4260
f 9823 	9727 	9806
f 9824 	9856 	9857
f 9824 	9729 	9823
f 9815 	9813 	7734
f 9823 	9729 	9723
f 9859 	9860 	9861
f 7716 	7738 	9812
f 9729 	9824 	9857
f 7723 	9817 	9816
f 9866 	9891 	9865
f 9867 	9890 	9866
f 9865 	9891 	9864
f 9864 	9891 	9863
f 9868 	9890 	9867
f 9869 	9890 	9868
f 9861 	9870 	9859
f 9873 	9874 	9875
f 9873 	9875 	9876
f 9873 	9876 	9877
f 9873 	9877 	9878
f 9873 	9878 	9879
f 9873 	9879 	9880
f 9873 	9880 	9881
f 9873 	9881 	9882
f 9873 	9882 	9883
f 9873 	9883 	9862
f 9871 	9811 	9872
f 9886 	9895 	9863
f 9885 	9886 	9863
f 12460 	9887 	9869
f 9884 	9885 	9863
f 9887 	9888 	9869
f 9888 	9889 	9869
f 9889 	9890 	9869
f 9891 	9866 	9890
f 9884 	9863 	9891
f 9811 	9871 	10413
f 9830 	9121 	9893
f 9894 	9873 	9862
f 9895 	9896 	9863
f 9862 	9863 	9896
f 9896 	9897 	9862
f 9897 	9898 	9862
f 9898 	9899 	9862
f 9899 	9900 	9862
f 9900 	9901 	9862
f 9901 	9902 	9862
f 9903 	9862 	9902
f 9894 	9862 	9903
f 9893 	9892 	9870
f 9893 	9870 	9828
f 9821 	9811 	10413
f 9862 	9499 	9863
f 9511 	9499 	9862
f 9864 	9863 	9505
f 9499 	9505 	9863
f 9505 	9502 	9865
f 9505 	9865 	9864
f 9892 	9906 	9870
f 9502 	9501 	9866
f 9502 	9866 	9865
f 9828 	9870 	9925
f 8591 	9947 	8201
f 9830 	9893 	9828
f 1310 	9942 	9121
f 9908 	9907 	9904
f 9905 	9859 	9906
f 9870 	9906 	9859
f 9909 	9908 	9904
f 9892 	9121 	9906
f 9942 	9940 	9910
f 9905 	9910 	9859
f 9851 	9959 	9975
f 9975 	9976 	9851
f 9853 	9851 	9976
f 9976 	9977 	9853
f 9854 	9853 	9977
f 1148 	9706 	1149
f 1148 	9707 	9706
f 9709 	9708 	1162
f 9915 	9914 	9983
f 9925 	9870 	9861
f 9734 	9735 	9732
f 1156 	9936 	1157
f 9916 	9732 	9735
f 9916 	9733 	9917
f 1162 	1175 	9709
f 9919 	9860 	9921
f 9918 	9917 	9847
f 9861 	9919 	9923
f 1166 	9702 	9835
f 9847 	9848 	9918
f 9834 	9709 	1175
f 9904 	9939 	9909
f 7939 	9839 	1213
f 9925 	9861 	9923
f 9907 	9908 	9931
f 9829 	9828 	9925
f 9540 	9907 	9931
f 9839 	9837 	1170
f 1173 	1169 	9840
f 41 	9926 	48
f 9861 	9860 	9919
f 9926 	10169 	48
f 9834 	1175 	9840
f 1166 	9835 	1178
f 9852 	1178 	9835
f 1178 	9852 	1219
f 9908 	9909 	9927
f 9927 	9931 	9908
f 9930 	9936 	9929
f 9936 	9937 	9929
f 9928 	9929 	9937
f 9331 	9694 	9932
f 9934 	9932 	9694
f 9926 	9931 	9927
f 9931 	9926 	41
f 9932 	9933 	9331
f 9540 	9931 	41
f 9943 	9928 	10164
f 1149 	9933 	1150
f 9932 	1150 	9933
f 9932 	9934 	1150
f 1152 	1151 	9935
f 9557 	9947 	9904
f 10150 	1152 	9935
f 9961 	1310 	9960
f 9939 	9904 	9947
f 1153 	10164 	9938
f 9905 	9121 	9910
f 1156 	1155 	9936
f 9940 	9860 	9859
f 9939 	8591 	8666
f 9696 	9697 	9929
f 9930 	9929 	9697
f 9946 	9711 	9930
f 10118 	9705 	9946
f 9909 	9939 	9941
f 9697 	9946 	9930
f 9939 	8666 	9941
f 9859 	9910 	9940
f 9696 	9929 	9928
f 9696 	9928 	9698
f 8112 	8117 	9835
f 9928 	9943 	9698
f 10129 	9698 	9943
f 8591 	9939 	9947
f 9942 	9955 	9940
f 9860 	9940 	9945
f 9945 	9950 	9965
f 9848 	9849 	9920
f 9920 	9918 	9848
f 9950 	9945 	9940
f 9961 	9954 	1310
f 9954 	9950 	9955
f 9955 	9950 	9940
f 9953 	9843 	9956
f 9956 	9844 	9957
f 9957 	9845 	9958
f 9959 	9958 	9846
f 9846 	9975 	9959
f 9798 	12926 	9911
f 9954 	9955 	1310
f 9911 	9799 	9798
f 9960 	9970 	9961
f 9911 	12926 	9872
f 9911 	9872 	9811
f 9799 	9911 	9811
f 9954 	9961 	9950
f 9962 	9963 	8726
f 8725 	9962 	8726
f 9964 	9921 	9945
f 8910 	8726 	9963
f 9962 	8725 	8424
f 9860 	9945 	9921
f 9965 	9966 	9964
f 9945 	9965 	9964
f 9968 	9962 	9730
f 9965 	9969 	9966
f 9968 	9963 	9962
f 9965 	9970 	9969
f 9730 	9962 	8424
f 9965 	9950 	9970
f 9963 	9971 	8910
f 9971 	9967 	8910
f 9970 	9973 	9969
f 9950 	9961 	9970
f 9857 	9968 	9730
f 9966 	12277 	9964
f 9963 	9968 	10189
f 10189 	9971 	9963
f 12343 	9988 	1310
f 9985 	9986 	1310
f 9846 	9958 	9845
f 9952 	9842 	9953
f 9924 	9922 	9850
f 9849 	9850 	9922
f 9922 	9920 	9849
f 9858 	9974 	4260
f 9700 	9974 	9614
f 9913 	9982 	9914
f 9977 	9978 	9854
f 9855 	9854 	9978
f 9978 	9979 	9855
f 9912 	9855 	9979
f 9979 	9980 	9912
f 9913 	9912 	9980
f 9980 	9981 	9913
f 9981 	9982 	9913
f 9983 	9914 	9982
f 9858 	9772 	9974
f 9773 	9772 	9984
f 9973 	9970 	9986
f 9985 	9973 	9986
f 9850 	10067 	9841
f 1310 	9986 	9960
f 9970 	9960 	9986
f 10067 	9842 	9841
f 9985 	1310 	9988
f 9988 	12344 	9973
f 9844 	10063 	9845
f 9507 	9867 	9501
f 9867 	9866 	9501
f 9846 	9845 	10062
f 10063 	10062 	9845
f 9868 	9867 	9500
f 9507 	9500 	9867
f 9991 	9989 	9990
f 10062 	10336 	9846
f 9992 	7918 	9989
f 8111 	9989 	7918
f 9993 	9990 	9989
f 8111 	7924 	9989
f 9993 	9989 	7924
f 9982 	10341 	9983
f 9989 	9991 	9992
f 10336 	9975 	9846
f 9990 	9869 	9991
f 9869 	9868 	9991
f 9500 	9991 	9868
f 9500 	7918 	9992
f 10336 	9976 	9975
f 7924 	9506 	9993
f 9990 	9993 	9506
f 9990 	9506 	9869
f 9500 	9992 	9991
f 9506 	12461 	9869
f 9873 	10018 	9517
f 9516 	9874 	9873
f 9516 	9873 	9517
f 9874 	9516 	9875
f 9525 	9875 	9516
f 9994 	9995 	9996
f 8197 	9996 	9995
f 9995 	9994 	8198
f 9876 	9875 	9994
f 9876 	9994 	9996
f 9524 	9876 	9996
f 9524 	9996 	8197
f 9875 	9525 	9994
f 8198 	9994 	9525
f 9876 	9524 	9877
f 9523 	9877 	9524
f 9997 	9998 	9999
f 9853 	9854 	10088
f 10000 	9998 	8190
f 8187 	8190 	9998
f 9998 	10000 	8182
f 10088 	9854 	9855
f 9998 	9997 	10001
f 8187 	9998 	8199
f 10001 	8199 	9998
f 9877 	9997 	9878
f 9999 	9878 	9997
f 9520 	10000 	8190
f 9877 	9523 	9997
f 10001 	9997 	9523
f 8199 	10001 	9523
f 9914 	10092 	9913
f 9998 	10002 	9999
f 9998 	8182 	10002
f 8181 	10002 	8182
f 9915 	10092 	9914
f 8189 	8182 	10000
f 9878 	10002 	9879
f 9999 	10002 	9878
f 9916 	10096 	9732
f 8181 	9519 	10002
f 9879 	10002 	9519
f 8189 	10000 	9520
f 9515 	9880 	9879
f 9519 	9515 	9879
f 9917 	9918 	10099
f 10003 	10004 	10005
f 10004 	10006 	8174
f 10004 	10003 	10006
f 10099 	9918 	9920
f 8192 	10005 	10004
f 9881 	9880 	10003
f 9881 	10003 	10005
f 9880 	9515 	10003
f 10006 	10003 	9515
f 8174 	10006 	9515
f 9922 	9924 	10103
f 8192 	9522 	10005
f 9881 	10005 	9522
f 9951 	10104 	9924
f 10103 	9924 	10104
f 9881 	9522 	9882
f 9521 	9882 	9522
f 10007 	10008 	10009
f 9952 	10105 	10104
f 9952 	10104 	9951
f 10010 	10007 	10011
f 10007 	10009 	10011
f 10010 	10008 	10007
f 9953 	10105 	9952
f 10009 	10008 	9882
f 9883 	9882 	10008
f 9512 	9883 	10008
f 9956 	10107 	9953
f 9512 	10010 	10011
f 9512 	10011 	9521
f 9882 	9521 	10009
f 10011 	10009 	9521
f 9957 	10107 	9956
f 10008 	10010 	9512
f 9958 	10119 	9957
f 9862 	9883 	9512
f 9862 	9512 	9511
f 9886 	9528 	9539
f 9885 	9528 	9886
f 10119 	9958 	9959
f 12460 	9526 	9887
f 9533 	9888 	9526
f 9526 	9888 	9887
f 9533 	9532 	9889
f 9533 	9889 	9888
f 9532 	9531 	9890
f 9532 	9890 	9889
f 9537 	9891 	9531
f 9531 	9891 	9890
f 9537 	9535 	9884
f 9537 	9884 	9891
f 10012 	5066 	5067
f 9885 	9884 	9528
f 9535 	9528 	9884
f 5068 	10012 	5067
f 9895 	9886 	9551
f 9539 	9551 	9886
f 9551 	9550 	9896
f 9551 	9896 	9895
f 5068 	9780 	10012
f 9897 	9896 	9548
f 9550 	9548 	9896
f 9780 	9838 	10012
f 9548 	9547 	9898
f 9548 	9898 	9897
f 9547 	9546 	9899
f 9547 	9899 	9898
f 10012 	10013 	5066
f 5082 	5066 	10013
f 9899 	9543 	9900
f 9546 	9543 	9899
f 9900 	9543 	9901
f 9542 	9901 	9543
f 10013 	10012 	9838
f 9541 	9902 	9901
f 9541 	9901 	9542
f 9902 	9544 	9903
f 9541 	9544 	9902
f 9903 	9544 	9894
f 9552 	9894 	9544
f 10016 	10017 	10018
f 10019 	10051 	10015
f 10017 	10020 	10021
f 10021 	10018 	10017
f 10017 	10016 	10020
f 9873 	9894 	10016
f 9873 	10016 	10018
f 10021 	9517 	10018
f 10020 	9517 	10021
f 9552 	9517 	10020
f 9894 	9552 	10016
f 10020 	10016 	9552
f 10044 	10045 	10026
f 10044 	10096 	10027
f 10028 	10073 	10031
f 10028 	10031 	10032
f 10028 	10032 	10033
f 10028 	10033 	10034
f 10028 	10034 	10035
f 10028 	10035 	10036
f 10028 	10036 	10037
f 10028 	10037 	10039
f 10028 	10039 	10040
f 10028 	10040 	10041
f 10028 	10041 	10042
f 10028 	10042 	10043
f 10014 	10015 	10038
f 10048 	10049 	10022
f 10023 	10024 	10047
f 10024 	10025 	10046
f 10025 	10026 	10045
f 10045 	10046 	10025
f 10046 	10047 	10024
f 10047 	10048 	10023
f 10022 	10023 	10048
f 10019 	10022 	10049
f 10049 	10050 	10019
f 10050 	10051 	10019
f 10038 	10015 	10051
f 9777 	9778 	9987
f 10030 	10055 	10029
f 10029 	10055 	10053
f 10117 	10054 	10030
f 10054 	10055 	10030
f 10056 	10052 	10055
f 10053 	10055 	10052
f 10052 	10056 	10057
f 10052 	10057 	10058
f 10052 	10058 	10059
f 10052 	10059 	10060
f 10052 	10060 	10061
f 10105 	10106 	10066
f 10065 	10066 	10106
f 10066 	10067 	10105
f 10104 	10105 	10067
f 10068 	10103 	10067
f 10069 	10102 	10068
f 10070 	10101 	10069
f 10071 	10099 	10070
f 9779 	9777 	9987
f 9985 	9988 	9973
f 10089 	10130 	10088
f 10091 	10127 	10090
f 9955 	9942 	1310
f 12395 	12354 	1310
f 780 	893 	8727
f 10098 	10027 	10096
f 742 	807 	8727
f 9121 	10097 	8727
f 10099 	10071 	10098
f 10026 	10096 	10044
f 10101 	10070 	10099
f 10102 	10069 	10101
f 10104 	10067 	10103
f 10103 	10068 	10102
f 10410 	10097 	10174
f 10074 	10031 	10073
f 10075 	10031 	10074
f 10076 	10031 	10075
f 10077 	10031 	10076
f 10079 	10031 	10077
f 10080 	10031 	10079
f 10081 	10031 	10080
f 10082 	10031 	10081
f 10083 	10031 	10082
f 10084 	10031 	10083
f 10085 	10031 	10084
f 10086 	10087 	10031
f 10087 	10108 	10031
f 10085 	10086 	10031
f 9350 	10095 	10100
f 10030 	10031 	10108
f 10030 	10108 	10109
f 10030 	10109 	10110
f 10030 	10110 	10111
f 10030 	10111 	10112
f 10030 	10112 	10113
f 10030 	10113 	10114
f 10030 	10114 	10115
f 10030 	10115 	10117
f 9835 	9702 	8112
f 9703 	9705 	8111
f 10029 	10270 	9570
f 9946 	9699 	10118
f 9559 	10030 	10029
f 9570 	9559 	10029
f 10078 	10333 	10072
f 10336 	10062 	10120
f 9558 	10031 	10030
f 9558 	10030 	9559
f 9554 	10032 	9558
f 10032 	10031 	9558
f 10107 	10116 	10064
f 10063 	10064 	10116
f 10116 	10119 	10063
f 10062 	10063 	10119
f 10119 	10120 	10062
f 10120 	10072 	10336
f 10088 	10131 	10078
f 10090 	10128 	10089
f 10064 	10065 	10107
f 10106 	10107 	10065
f 10027 	10098 	10071
f 9554 	9553 	10033
f 9554 	10033 	10032
f 10121 	10123 	10125
f 10125 	10134 	10121
f 10132 	9948 	9949
f 8626 	10121 	8398
f 10134 	8398 	10121
f 10278 	10146 	10122
f 10132 	9949 	60
f 10136 	8220 	10135
f 8626 	8413 	10121
f 10123 	10121 	8413
f 8216 	10135 	8220
f 9974 	9772 	9614
f 10034 	10033 	10123
f 10125 	10123 	10033
f 10156 	9694 	10137
f 10180 	60 	9949
f 10033 	9553 	10125
f 10138 	9694 	10136
f 9565 	10034 	10123
f 10137 	9694 	10138
f 9553 	8398 	10134
f 10125 	9553 	10134
f 10123 	8413 	9565
f 43 	42 	10132
f 10140 	10141 	10146
f 8227 	10146 	10141
f 10141 	10142 	8227
f 10143 	8240 	10142
f 9779 	9987 	10145
f 10139 	10140 	10146
f 10165 	10159 	9943
f 10035 	10034 	9564
f 9565 	9564 	10034
f 60 	43 	10132
f 10148 	10151 	10152
f 10149 	9694 	10147
f 9779 	10145 	9819
f 10132 	10169 	9948
f 9694 	10149 	10150
f 9935 	9694 	10150
f 10148 	8635 	8415
f 10132 	42 	10169
f 10152 	8412 	10148
f 8635 	10148 	8412
f 10147 	9694 	10155
f 10153 	9819 	10145
f 10095 	9356 	10093
f 10157 	9949 	9948
f 10172 	9121 	10178
f 10154 	9694 	10156
f 8220 	10136 	9694
f 10155 	9694 	10154
f 10278 	10279 	10167
f 10161 	10157 	9948
f 10162 	10160 	10163
f 10161 	10171 	9927
f 9927 	9909 	10161
f 10158 	10166 	10279
f 10166 	10167 	10279
f 10279 	9944 	10158
f 10146 	10278 	10139
f 10167 	10139 	10278
f 10159 	10158 	9944
f 11056 	11052 	10153
f 10157 	10161 	9909
f 9790 	10177 	9121
f 1118 	1134 	10136
f 10138 	10136 	1134
f 1134 	1133 	10138
f 10137 	10138 	1133
f 9948 	10169 	10171
f 1136 	1135 	10144
f 8222 	10144 	1135
f 10160 	10168 	10170
f 10171 	10161 	9948
f 10169 	9926 	10171
f 9926 	9927 	10171
f 10173 	10172 	10168
f 10173 	10168 	10175
f 10178 	10168 	10172
f 10376 	10378 	8680
f 10175 	10174 	10173
f 10178 	9121 	10177
f 9949 	10181 	10180
f 10178 	10177 	10170
f 10168 	10178 	10170
f 9949 	10157 	10179
f 10177 	9790 	10170
f 10176 	10179 	8680
f 9366 	10093 	9360
f 4260 	10187 	9858
f 10181 	9949 	10179
f 10170 	10163 	10160
f 10201 	9972 	9967
f 10187 	4260 	10185
f 10184 	10185 	4260
f 10182 	10184 	4260
f 8735 	9967 	9972
f 10163 	10170 	9797
f 10184 	9984 	10185
f 10170 	9790 	9797
f 8735 	9972 	10220
f 10183 	9984 	10184
f 10183 	10184 	10182
f 10151 	10036 	10152
f 10035 	10152 	10036
f 9564 	10152 	10035
f 10187 	9772 	9858
f 9564 	8412 	10152
f 9856 	10440 	10186
f 10148 	10188 	10151
f 10148 	8415 	10188
f 10187 	10185 	9984
f 10187 	9984 	9772
f 9857 	9856 	10186
f 10183 	9778 	9984
f 10189 	10186 	10190
f 10183 	9987 	9778
f 10037 	10036 	10188
f 10151 	10188 	10036
f 8415 	9571 	10188
f 9987 	10183 	10197
f 10190 	10191 	10189
f 10037 	10188 	9571
f 10194 	10195 	10196
f 10231 	10197 	10193
f 9857 	10186 	9968
f 10195 	10199 	10196
f 4260 	10193 	10200
f 4260 	10200 	10182
f 10186 	10189 	9968
f 10201 	10191 	10202
f 10197 	10183 	10200
f 10197 	10200 	10193
f 8623 	8407 	10195
f 10199 	10195 	8407
f 10192 	9350 	10100
f 8623 	10195 	8408
f 8408 	10195 	10204
f 10202 	10206 	10201
f 10195 	10194 	10204
f 10182 	10200 	10183
f 10198 	10203 	10205
f 10037 	10194 	10196
f 10037 	10196 	10039
f 10191 	9971 	10189
f 8407 	9563 	10199
f 10191 	10201 	9971
f 10039 	10196 	9563
f 10196 	10199 	9563
f 10203 	10207 	10205
f 10198 	9620 	10192
f 10201 	10206 	9972
f 10204 	10194 	9571
f 10037 	9571 	10194
f 8408 	10204 	9571
f 10201 	9967 	9971
f 10208 	10209 	10210
f 10208 	10211 	10209
f 10205 	9620 	10198
f 10210 	10040 	10208
f 10039 	10208 	10040
f 10039 	9563 	10208
f 9563 	9562 	10211
f 10211 	10208 	9563
f 10209 	10212 	10210
f 10190 	10501 	10191
f 10192 	9513 	9350
f 10440 	10190 	10186
f 10192 	9620 	9513
f 8404 	10212 	10209
f 8404 	10209 	8621
f 10203 	10213 	10207
f 8621 	10209 	8410
f 10211 	8410 	10209
f 10041 	10040 	10212
f 10210 	10212 	10040
f 8404 	9561 	10212
f 10041 	10212 	9561
f 9562 	8410 	10211
f 10214 	10207 	10213
f 10501 	10202 	10191
f 10042 	10041 	9556
f 9561 	9556 	10041
f 10215 	10216 	10217
f 10216 	10218 	10219
f 10215 	10218 	10216
f 10203 	10198 	11185
f 10217 	10043 	10215
f 10042 	10215 	10043
f 10219 	10218 	9555
f 9556 	9555 	10218
f 10218 	10215 	9556
f 10042 	9556 	10215
f 10222 	10216 	10219
f 10222 	10217 	10216
f 10217 	10028 	10043
f 9555 	9560 	10222
f 9555 	10222 	10219
f 10028 	10217 	9560
f 10222 	9560 	10217
f 9616 	10073 	10028
f 10028 	9560 	9616
f 10223 	10221 	10224
f 9585 	10054 	10117
f 10225 	10226 	10227
f 10226 	10228 	10227
f 10226 	10225 	10228
f 10054 	10225 	10055
f 10055 	10225 	10227
f 10221 	10387 	10224
f 10229 	10223 	10224
f 10228 	9581 	10227
f 10055 	10227 	9581
f 9581 	10228 	9585
f 9724 	10205 	10207
f 10054 	9585 	10225
f 10228 	10225 	9585
f 9579 	10056 	10055
f 9579 	10055 	9581
f 10220 	9972 	10221
f 10193 	4260 	10231
f 10220 	10221 	10223
f 10231 	4260 	10232
f 10231 	10232 	10233
f 10197 	10231 	10233
f 9594 	10223 	10229
f 10145 	10197 	10233
f 10233 	10153 	10145
f 10176 	10180 	10181
f 10176 	57 	10180
f 10145 	9987 	10197
f 10213 	11712 	10214
f 10179 	10176 	10181
f 11712 	10235 	10214
f 10233 	11056 	10153
f 8655 	11068 	4260
f 10233 	10232 	10236
f 10243 	8680 	10179
f 10243 	10179 	10157
f 9909 	9941 	10157
f 10230 	10237 	10239
f 10243 	10157 	10238
f 9941 	10238 	10157
f 10237 	8696 	8420
f 10237 	8420 	10239
f 10230 	10241 	10237
f 10240 	10242 	10234
f 8696 	10237 	8425
f 10241 	8425 	10237
f 10056 	10230 	10057
f 10057 	10230 	10239
f 10240 	10264 	10242
f 9575 	10057 	10239
f 9575 	10239 	8420
f 10056 	9579 	10230
f 10241 	10230 	9579
f 8425 	10241 	9579
f 8680 	10243 	10238
f 10234 	10242 	10235
f 9574 	10058 	10057
f 9574 	10057 	9575
f 10245 	10246 	10247
f 8695 	10246 	8419
f 10245 	8419 	10246
f 10244 	10214 	10235
f 8476 	10247 	10246
f 8476 	10246 	8695
f 10058 	10245 	10059
f 10059 	10245 	10247
f 10244 	10235 	10242
f 10058 	9574 	10245
f 8419 	10245 	9574
f 10248 	10207 	10214
f 9591 	10059 	10247
f 9591 	10247 	8476
f 9590 	10060 	10059
f 9590 	10059 	9591
f 10251 	10252 	10253
f 10252 	8649 	8418
f 10252 	8418 	10253
f 10244 	10248 	10214
f 10252 	10251 	8475
f 10252 	8475 	8649
f 10060 	10251 	10061
f 10061 	10251 	10253
f 9573 	10061 	10253
f 9573 	10253 	8418
f 10060 	9590 	10251
f 8475 	10251 	9590
f 10248 	9724 	10207
f 10244 	10261 	10248
f 10258 	10259 	10260
f 10260 	8417 	10258
f 10248 	9726 	9724
f 8474 	10265 	10258
f 10248 	10261 	9726
f 10061 	10260 	10052
f 10259 	10052 	10260
f 10262 	10244 	10242
f 10061 	9573 	10260
f 8417 	10260 	9573
f 10261 	10244 	10262
f 10242 	10264 	10262
f 10258 	10263 	10259
f 10265 	10263 	10258
f 57 	10255 	10256
f 10254 	57 	10250
f 10257 	57 	10256
f 10249 	10250 	57
f 10255 	57 	10254
f 10259 	10263 	10052
f 10053 	10052 	10263
f 1127 	10156 	10137
f 10265 	9589 	10263
f 10053 	10263 	9589
f 9589 	10265 	8474
f 10267 	57 	10266
f 10268 	10269 	10270
f 10159 	1132 	10158
f 10272 	57 	10271
f 8469 	10270 	10269
f 1131 	1143 	10158
f 10269 	10268 	8470
f 10257 	10266 	57
f 1133 	1127 	10137
f 10268 	10270 	10053
f 10029 	10053 	10270
f 9570 	10270 	8469
f 10053 	9589 	10268
f 8470 	10268 	9589
f 10167 	10166 	1142
f 1143 	1142 	10166
f 9596 	10086 	9634
f 10085 	9634 	10086
f 57 	10277 	10249
f 9596 	9595 	10087
f 9596 	10087 	10086
f 1142 	1141 	10167
f 9616 	9615 	10074
f 9616 	10074 	10073
f 10276 	57 	10275
f 9593 	10075 	9615
f 10075 	10074 	9615
f 9593 	9592 	10076
f 9593 	10076 	10075
f 10164 	10165 	9943
f 9937 	9938 	9928
f 10278 	10122 	10279
f 10124 	10279 	10122
f 10077 	10076 	9639
f 9592 	9639 	10076
f 9938 	10164 	9928
f 10079 	10077 	9602
f 9639 	9602 	10077
f 10277 	57 	10276
f 10080 	10079 	9610
f 9602 	9610 	10079
f 10133 	10129 	9944
f 9943 	9944 	10129
f 9610 	9607 	10081
f 9610 	10081 	10080
f 10124 	10133 	10279
f 9944 	10279 	10133
f 9944 	9943 	10159
f 9607 	9606 	10082
f 9607 	10082 	10081
f 8205 	10122 	10146
f 9600 	10083 	9606
f 10083 	10082 	9606
f 12165 	5160 	12796
f 9600 	9599 	10084
f 9600 	10084 	10083
f 767 	768 	10280
f 10280 	7072 	766
f 9634 	10085 	9599
f 9599 	10085 	10084
f 10108 	10087 	9644
f 9595 	9644 	10087
f 9644 	9643 	10109
f 9644 	10109 	10108
f 9642 	10110 	9643
f 10110 	10109 	9643
f 3527 	12835 	11236
f 9642 	9641 	10111
f 9642 	10111 	10110
f 9640 	10112 	10111
f 9640 	10111 	9641
f 9640 	9648 	10112
f 10113 	10112 	9648
f 4187 	7316 	4188
f 8824 	7316 	10281
f 4096 	3906 	7316
f 10281 	7316 	3906
f 3673 	3668 	10281
f 9647 	10114 	10113
f 9647 	10113 	9648
f 767 	10280 	766
f 9646 	10115 	10114
f 9646 	10114 	9647
f 7072 	772 	766
f 9645 	10117 	10115
f 9645 	10115 	9646
f 10117 	9645 	9585
f 10282 	10315 	10285
f 10285 	10323 	10284
f 10282 	10285 	10286
f 10282 	10286 	10287
f 10282 	10287 	10289
f 10282 	10289 	10290
f 10282 	10290 	10291
f 10282 	10291 	10292
f 10282 	10292 	10293
f 10282 	10293 	10294
f 10282 	10294 	10295
f 10282 	10295 	10296
f 10283 	10304 	10302
f 10302 	10304 	10301
f 10303 	10304 	10283
f 10305 	10300 	10304
f 10301 	10304 	10300
f 10300 	10305 	10307
f 10300 	10307 	10308
f 10300 	10308 	10309
f 10300 	10309 	10310
f 10300 	10310 	10311
f 10402 	10410 	10175
f 10316 	10285 	10315
f 10317 	10285 	10316
f 10318 	10285 	10317
f 10319 	10285 	10318
f 10320 	10285 	10319
f 10321 	10285 	10320
f 10322 	10285 	10321
f 10323 	10285 	10322
f 10324 	10283 	10323
f 10325 	10283 	10324
f 10326 	10283 	10325
f 10327 	10283 	10326
f 10284 	10323 	10283
f 10408 	10097 	10410
f 9594 	10229 	9633
f 10283 	10327 	10329
f 10283 	10329 	10330
f 10283 	10330 	10331
f 10283 	10331 	10332
f 10283 	10332 	10334
f 10283 	10334 	10335
f 10283 	10335 	10337
f 10283 	10337 	10338
f 10283 	10338 	10339
f 10283 	10339 	10340
f 10283 	10340 	10303
f 10128 	10090 	10127
f 10130 	10089 	10128
f 10131 	10088 	10130
f 10333 	10078 	10131
f 10336 	10072 	10333
f 10126 	10127 	10091
f 10341 	10342 	10092
f 10094 	10341 	10092
f 10091 	10092 	10342
f 10126 	10091 	10342
f 9737 	10038 	10051
f 10283 	9652 	10284
f 9653 	9652 	10283
f 9739 	10051 	10050
f 9652 	9651 	10285
f 10285 	10284 	9652
f 9740 	9739 	10049
f 10050 	10049 	9739
f 10049 	10048 	9740
f 9742 	10048 	10047
f 10047 	10046 	9742
f 10044 	9735 	10045
f 10348 	10349 	10350
f 9735 	10044 	9733
f 10027 	9733 	10044
f 10027 	10071 	9733
f 10350 	10351 	10348
f 10349 	10229 	10224
f 10038 	9737 	10014
f 9716 	10014 	9737
f 10348 	10229 	10349
f 10015 	10014 	9716
f 777 	7165 	10314
f 10019 	9718 	10022
f 9719 	10023 	9718
f 10022 	9718 	10023
f 10023 	9719 	9720
f 10023 	9720 	10024
f 10562 	10569 	10312
f 7165 	10559 	10312
f 7165 	10312 	10313
f 10313 	10314 	7165
f 9731 	10025 	9720
f 10024 	9720 	10025
f 172 	10297 	170
f 10025 	9731 	10026
f 175 	10299 	10298
f 10345 	10344 	10395
f 175 	176 	10299
f 9847 	9733 	10071
f 177 	10312 	10306
f 9848 	9847 	10070
f 10071 	10070 	9847
f 178 	10313 	10312
f 10070 	10069 	9849
f 10070 	9849 	9848
f 178 	180 	10313
f 10352 	10423 	10346
f 9850 	9849 	10068
f 10069 	10068 	9849
f 181 	10314 	180
f 10068 	10067 	9850
f 9842 	10067 	10066
f 10066 	10065 	9843
f 10066 	9843 	9842
f 10297 	10298 	10553
f 9844 	9843 	10064
f 10065 	10064 	9843
f 10551 	10553 	10298
f 10553 	10515 	10297
f 10064 	10063 	9844
f 9635 	10351 	10360
f 9981 	10126 	9982
f 10342 	9982 	10126
f 10355 	10359 	10358
f 10342 	10341 	9982
f 10464 	10462 	9313
f 10348 	10351 	9637
f 9633 	10229 	10348
f 10356 	9313 	10462
f 10328 	10362 	10361
f 9651 	9650 	10286
f 9651 	10286 	10285
f 10298 	10299 	10551
f 10286 	9650 	10287
f 9649 	10287 	9650
f 10365 	10404 	10366
f 10365 	10366 	10367
f 10357 	280 	10288
f 9976 	10336 	10333
f 10333 	10131 	9977
f 10333 	9977 	9976
f 10515 	10591 	10297
f 9978 	9977 	10130
f 10131 	10130 	9977
f 11235 	12837 	11229
f 10130 	10128 	9979
f 10130 	9979 	9978
f 9980 	9979 	10127
f 10128 	10127 	9979
f 9981 	9980 	10126
f 10127 	10126 	9980
f 9983 	10094 	9915
f 10306 	10312 	10514
f 10514 	10517 	10306
f 10350 	10364 	10351
f 10341 	10094 	9983
f 10364 	10360 	10351
f 10267 	10271 	57
f 6604 	57 	10272
f 10367 	9069 	10365
f 10371 	10368 	10176
f 10368 	10369 	10176
f 10176 	10369 	10370
f 57 	10176 	10273
f 10274 	57 	10273
f 10274 	10275 	57
f 10370 	10273 	10176
f 9129 	10404 	9124
f 10120 	9959 	10072
f 8680 	10380 	10381
f 9853 	10078 	9851
f 10072 	9851 	10078
f 10078 	9853 	10088
f 9855 	10089 	10088
f 10375 	8680 	10374
f 10206 	10221 	9972
f 10089 	9855 	9912
f 10089 	9912 	10090
f 10090 	9912 	9913
f 10090 	9913 	10091
f 10374 	8680 	10373
f 10091 	9913 	10092
f 10377 	10349 	10224
f 10379 	8680 	10378
f 10380 	8680 	10379
f 10377 	10384 	10382
f 10176 	10381 	10371
f 10092 	9915 	10094
f 10096 	9916 	9917
f 10096 	9917 	10098
f 10098 	9917 	10099
f 10382 	10386 	10377
f 10099 	9920 	10101
f 10358 	10359 	10363
f 10383 	8680 	7761
f 9922 	10102 	9920
f 10101 	9920 	10102
f 10387 	10388 	10384
f 10352 	10358 	10363
f 10365 	9081 	9080
f 10372 	8680 	10385
f 10383 	10385 	8680
f 10372 	10373 	8680
f 10376 	8680 	10375
f 10102 	9922 	10103
f 11004 	10362 	10328
f 9953 	10106 	10105
f 10377 	10387 	10384
f 10106 	9953 	10107
f 10352 	10363 	10423
f 10388 	10206 	10202
f 9957 	10116 	10107
f 10389 	10391 	10390
f 10116 	9957 	10119
f 10388 	10387 	10206
f 10119 	9959 	10120
f 10390 	10393 	10389
f 9851 	10072 	9959
f 10386 	11502 	10350
f 10349 	10377 	10386
f 9586 	12671 	9713
f 12742 	9713 	9601
f 10350 	10349 	10386
f 10224 	10387 	10377
f 10389 	10162 	10391
f 10172 	10173 	9121
f 10398 	10389 	10393
f 10206 	10387 	10221
f 11739 	10396 	10240
f 5027 	4272 	4326
f 10393 	10399 	10398
f 9069 	9081 	10365
f 10389 	10160 	10162
f 10365 	9080 	9124
f 10384 	10548 	10382
f 10365 	9124 	10404
f 10398 	10160 	10389
f 10289 	10287 	10367
f 10366 	10289 	10367
f 10174 	9121 	10173
f 10287 	9649 	10367
f 10397 	10403 	10396
f 9069 	10367 	9649
f 10404 	10405 	10366
f 5082 	10013 	4292
f 4347 	4292 	10013
f 9838 	7011 	10013
f 4347 	10013 	5947
f 9713 	12742 	6634
f 10402 	11009 	10328
f 6634 	7889 	9713
f 10398 	10399 	10175
f 9121 	10174 	10097
f 10175 	10399 	10402
f 10168 	10160 	10398
f 10175 	10168 	10398
f 10362 	10097 	10361
f 10361 	10097 	10408
f 10328 	10361 	10402
f 10408 	10402 	10361
f 10409 	9871 	12926
f 9872 	12926 	9871
f 10174 	10175 	10410
f 10406 	10416 	10414
f 10402 	10408 	10410
f 10409 	10413 	9871
f 12076 	10406 	10414
f 10413 	10415 	9821
f 10407 	10412 	10416
f 10411 	10414 	10416
f 10415 	9824 	9821
f 10412 	10411 	10416
f 10415 	9856 	9824
f 9128 	10447 	10404
f 10428 	10347 	10394
f 10394 	10345 	10395
f 9129 	9128 	10404
f 10409 	12926 	10420
f 10430 	10420 	12926
f 10393 	10390 	11012
f 10423 	10363 	10419
f 10409 	10420 	10413
f 10413 	10420 	10430
f 10418 	10406 	10422
f 10417 	10416 	10418
f 10430 	10415 	10413
f 10346 	10426 	10344
f 10381 	10176 	8680
f 10397 	10400 	10403
f 10249 	10639 	10640
f 10249 	10640 	10250
f 10424 	10416 	10425
f 10424 	10421 	10416
f 10417 	10425 	10416
f 10406 	10418 	10416
f 10396 	10429 	10240
f 10403 	10429 	10396
f 10250 	10640 	10254
f 10429 	10264 	10240
f 10642 	10255 	10641
f 10422 	10406 	10431
f 10406 	10432 	10431
f 10401 	13027 	10400
f 10435 	12926 	10433
f 10430 	12926 	10435
f 10400 	13027 	13029
f 10435 	10415 	10430
f 10434 	10432 	10406
f 10436 	10434 	10406
f 10429 	12878 	10264
f 10407 	10416 	10439
f 10273 	10634 	10274
f 10636 	10275 	10635
f 10274 	10635 	10275
f 10441 	10439 	10416
f 10441 	10416 	10443
f 10366 	10405 	10290
f 10366 	10290 	10289
f 10275 	10636 	10276
f 10404 	10446 	10405
f 10276 	10637 	10277
f 10447 	9128 	10453
f 10446 	10404 	10447
f 10638 	10639 	10277
f 10291 	10290 	10446
f 10405 	10446 	10290
f 9303 	10448 	10449
f 10649 	6686 	10272
f 6425 	10450 	10448
f 10446 	10447 	10291
f 10416 	5697 	10443
f 10444 	10443 	5697
f 10368 	10665 	10369
f 10438 	10437 	10416
f 10421 	10438 	10416
f 10392 	10423 	10419
f 10426 	10423 	10392
f 10371 	10665 	10368
f 10455 	10453 	9123
f 7808 	10428 	7971
f 10450 	6425 	6424
f 10291 	10447 	10292
f 10453 	10292 	10447
f 10454 	10455 	10456
f 10345 	10394 	10347
f 10428 	10343 	10347
f 10454 	10453 	10455
f 10456 	10293 	10454
f 10293 	10292 	10454
f 10381 	10663 	10371
f 10344 	10426 	10395
f 10453 	10454 	10292
f 10383 	10650 	10385
f 10457 	10450 	6424
f 10651 	10652 	10385
f 10455 	10458 	10459
f 10455 	10459 	10456
f 10346 	10423 	10426
f 10383 	7761 	7885
f 9122 	10458 	10455
f 9122 	9116 	10458
f 7808 	10343 	10428
f 10460 	10457 	6435
f 10456 	10459 	10294
f 10456 	10294 	10293
f 10467 	10461 	10458
f 10635 	10274 	10634
f 10459 	10458 	10461
f 10355 	10356 	10463
f 10462 	10463 	10356
f 10359 	10355 	10463
f 10459 	10461 	10295
f 10459 	10295 	10294
f 9747 	10467 	10458
f 6424 	6435 	10457
f 9756 	10467 	9747
f 9116 	9115 	10458
f 10249 	10277 	10639
f 9747 	10458 	9115
f 10641 	10254 	10640
f 10461 	10467 	10296
f 10461 	10296 	10295
f 10254 	10641 	10255
f 10467 	9756 	10282
f 10467 	10282 	10296
f 10642 	10643 	10255
f 9747 	9758 	9756
f 10643 	10644 	10256
f 9756 	10471 	10282
f 10267 	10266 	10646
f 9659 	10303 	9681
f 9658 	10304 	10303
f 9658 	10303 	9659
f 9665 	10305 	10304
f 9665 	10304 	9658
f 10644 	10645 	10257
f 9664 	10307 	10305
f 9664 	10305 	9665
f 10646 	10648 	10267
f 9657 	10308 	10307
f 9657 	10307 	9664
f 9656 	10309 	10308
f 9656 	10308 	9657
f 10648 	10649 	10271
f 9655 	10310 	10309
f 9655 	10309 	9656
f 9654 	10311 	10310
f 9654 	10310 	9655
f 9663 	10300 	10311
f 9654 	9663 	10311
f 9662 	10301 	10300
f 9662 	10300 	9663
f 6604 	10272 	6686
f 9661 	10302 	10301
f 9661 	10301 	9662
f 9661 	9653 	10302
f 10283 	10302 	9653
f 9667 	9666 	10326
f 10326 	9666 	10327
f 9666 	9678 	10327
f 10471 	10315 	10282
f 10473 	10474 	9758
f 9758 	10472 	10471
f 10471 	10472 	10316
f 10471 	10316 	10315
f 10469 	10593 	10590
f 10472 	9758 	10474
f 9323 	10473 	9324
f 10469 	10590 	10470
f 10472 	10474 	10317
f 10472 	10317 	10316
f 10473 	10475 	10474
f 10473 	9323 	10477
f 10464 	10489 	10487
f 10474 	10475 	10318
f 10474 	10318 	10317
f 10473 	10477 	10478
f 10473 	10478 	10475
f 9317 	10489 	10464
f 10479 	10480 	9239
f 9276 	10484 	9322
f 10475 	10478 	10319
f 10475 	10319 	10318
f 10478 	10477 	10482
f 9239 	9238 	10479
f 9382 	10481 	9384
f 9238 	10468 	10479
f 10478 	10482 	10320
f 10478 	10320 	10319
f 10486 	10482 	10484
f 10477 	10484 	10482
f 10487 	10483 	10464
f 10477 	9322 	10484
f 10482 	10486 	10321
f 10482 	10321 	10320
f 10483 	10462 	10464
f 10484 	10488 	10486
f 10481 	10487 	10489
f 10488 	10484 	9157
f 9276 	9157 	10484
f 10322 	10321 	10488
f 10486 	10488 	10321
f 10488 	9157 	9671
f 10488 	9671 	10322
f 9671 	9670 	10323
f 9671 	10323 	10322
f 10492 	10493 	10494
f 10493 	9270 	9154
f 10493 	9154 	10494
f 9270 	10493 	9156
f 10492 	9156 	10493
f 10324 	10323 	10494
f 9669 	10324 	10494
f 10492 	10494 	10323
f 10489 	9384 	10481
f 10494 	9154 	9669
f 10530 	10529 	10359
f 9670 	9156 	10492
f 9670 	10492 	10323
f 10325 	9669 	9668
f 10324 	9669 	10325
f 10326 	10325 	9667
f 9668 	9667 	10325
f 9678 	10329 	10327
f 10359 	10463 	10530
f 10330 	10329 	9682
f 9678 	9682 	10329
f 9686 	10331 	9682
f 10331 	10330 	9682
f 10651 	10385 	10650
f 9686 	9677 	10332
f 9686 	10332 	10331
f 10652 	10653 	10372
f 9677 	9676 	10334
f 9677 	10334 	10332
f 9675 	10335 	10334
f 9676 	9675 	10334
f 9674 	10337 	10335
f 9674 	10335 	9675
f 10440 	10465 	10466
f 10653 	10654 	10373
f 10374 	10655 	10375
f 9856 	10465 	10440
f 10375 	10655 	10376
f 10656 	10376 	10655
f 10445 	10440 	10466
f 10376 	10656 	10378
f 10660 	10661 	10379
f 10437 	10451 	10416
f 10452 	10416 	10451
f 10496 	9345 	10485
f 10415 	10465 	9856
f 10433 	10465 	10435
f 9345 	9305 	10485
f 10501 	10442 	10500
f 9366 	10496 	10495
f 10501 	10445 	10442
f 10440 	10445 	10190
f 10501 	10190 	10445
f 10500 	10202 	10501
f 10568 	10465 	10433
f 10568 	10466 	10465
f 10415 	10435 	10465
f 10502 	10503 	10504
f 10504 	10505 	10502
f 10500 	10442 	10545
f 10506 	10507 	10503
f 10436 	10406 	10519
f 10502 	10506 	10503
f 10513 	10514 	10312
f 10357 	10288 	10591
f 10299 	10306 	10517
f 10517 	10551 	10299
f 9673 	10338 	10337
f 9673 	10337 	9674
f 9672 	10339 	10338
f 9672 	10338 	9673
f 9681 	10340 	10339
f 9681 	10339 	9672
f 10303 	10340 	9681
f 10591 	10594 	10357
f 10406 	10499 	10519
f 10520 	10519 	10499
f 10487 	10895 	10901
f 10521 	10520 	10499
f 10901 	10483 	10487
f 10522 	10521 	10499
f 10526 	10561 	10525
f 10363 	10529 	10419
f 10463 	10531 	10530
f 10527 	10547 	10528
f 10532 	10543 	10525
f 10524 	10525 	10543
f 11379 	10528 	10547
f 10483 	10531 	10462
f 10462 	10531 	10463
f 10508 	10523 	10509
f 10523 	10508 	10512
f 10523 	10512 	10511
f 10516 	10499 	10511
f 10522 	10499 	10518
f 10518 	10499 	10516
f 10530 	10531 	10549
f 10535 	10523 	10536
f 10531 	10483 	10550
f 10539 	10523 	10535
f 10538 	10523 	10539
f 10570 	10572 	10466
f 10783 	10529 	10530
f 10544 	10545 	10546
f 10558 	10766 	10547
f 10533 	10542 	10547
f 10363 	10359 	10529
f 10546 	10548 	10544
f 10550 	10549 	10531
f 10540 	10537 	10499
f 10536 	10523 	10537
f 10544 	10500 	10545
f 10527 	10524 	10534
f 10548 	10384 	10544
f 10500 	10544 	10388
f 10544 	10384 	10388
f 10543 	10534 	10524
f 10534 	10533 	10527
f 10547 	10527 	10533
f 10354 	10357 	10595
f 10594 	10595 	10357
f 10541 	10540 	10499
f 10388 	10202 	10500
f 10775 	10529 	10783
f 10548 	11978 	11976
f 10775 	10419 	10529
f 10523 	10511 	10499
f 10499 	10537 	10523
f 10538 	10552 	10523
f 13252 	10553 	13253
f 10382 	10548 	11976
f 10541 	10499 	10554
f 10550 	10936 	10549
f 10555 	10554 	10499
f 10551 	13253 	10553
f 10584 	10546 	10545
f 10542 	10557 	10547
f 10442 	10583 	10545
f 10547 	10557 	10558
f 10559 	7165 	10556
f 10580 	10766 	10558
f 10445 	10560 	10442
f 10665 	10371 	10663
f 10532 	10525 	10561
f 10569 	10513 	10312
f 12926 	10568 	10433
f 10570 	10568 	12926
f 13246 	10569 	10562
f 10570 	10466 	10568
f 10466 	10560 	10445
f 11381 	7309 	10561
f 10571 	10563 	10561
f 10532 	10561 	10563
f 10572 	10575 	10560
f 10572 	10560 	10466
f 10506 	10427 	10507
f 10578 	10577 	10672
f 10576 	10738 	10577
f 10572 	10570 	12926
f 10509 	10523 	10564
f 10565 	5697 	10581
f 10523 	5697 	10564
f 11062 	10510 	10505
f 10523 	10586 	5697
f 10566 	10582 	5697
f 10582 	10581 	5697
f 10583 	10584 	10545
f 10497 	10567 	5697
f 5697 	10567 	10566
f 10504 	11062 	10505
f 10442 	10560 	10583
f 10560 	10599 	10583
f 10584 	11996 	10546
f 10595 	10598 	10354
f 11978 	10548 	10546
f 13252 	10515 	10553
f 10562 	10312 	10559
f 10562 	10559 	13246
f 10584 	10608 	10588
f 10470 	10590 	10589
f 10596 	11225 	10353
f 10598 	10596 	10353
f 10498 	10589 	10592
f 10498 	10470 	10589
f 10427 	10498 	10592
f 1354 	10353 	11225
f 1352 	1353 	11277
f 11225 	11277 	1354
f 10584 	10583 	10609
f 1353 	1354 	11277
f 10560 	10575 	10599
f 10589 	10590 	10698
f 10602 	10603 	10601
f 10603 	10604 	10601
f 10604 	10605 	10601
f 10600 	10601 	10605
f 10606 	10647 	10605
f 10607 	10647 	10606
f 10575 	10572 	12926
f 12926 	4360 	10575
f 10256 	10255 	10643
f 10599 	10575 	4360
f 10257 	10256 	10644
f 10266 	10645 	10646
f 10609 	10610 	4360
f 10271 	10267 	10648
f 10583 	10610 	10609
f 10272 	10271 	10649
f 10608 	10584 	10609
f 10583 	10599 	10610
f 10370 	10667 	10273
f 10610 	10599 	4360
f 10373 	10372 	10653
f 10372 	10385 	10652
f 10374 	10373 	10654
f 10374 	10654 	10655
f 13262 	10604 	10603
f 9213 	10611 	7973
f 10660 	10379 	10378
f 10380 	10661 	10381
f 10667 	10370 	10666
f 10615 	10616 	10618
f 10615 	10618 	10619
f 10615 	10619 	10620
f 10615 	10620 	10621
f 10615 	10621 	10622
f 10622 	10840 	10615
f 10615 	10623 	10624
f 10615 	10624 	10625
f 10615 	10625 	10626
f 10615 	10626 	10627
f 10615 	10627 	10628
f 10615 	10628 	10629
f 10615 	10629 	10630
f 10630 	10724 	10615
f 10647 	10633 	10632
f 10633 	10647 	10765
f 10615 	10632 	10633
f 10276 	10636 	10637
f 10638 	10277 	10637
f 10612 	7999 	7977
f 10612 	10613 	7999
f 10607 	10765 	10647
f 10600 	10605 	10647
f 10266 	10257 	10645
f 10579 	10521 	10578
f 10578 	10672 	10579
f 10650 	10383 	7885
f 10580 	10579 	10672
f 10672 	10766 	10580
f 10738 	10672 	10577
f 10576 	10574 	10738
f 10573 	10738 	10574
f 10672 	10677 	10766
f 10378 	10656 	10658
f 10380 	10379 	10661
f 10378 	10658 	10660
f 10663 	10381 	10661
f 13267 	10621 	13265
f 10369 	10665 	10666
f 10659 	10672 	10738
f 10369 	10666 	10370
f 10634 	10273 	10667
f 10671 	10650 	7893
f 10671 	10675 	10667
f 10669 	10672 	10662
f 10672 	10669 	10677
f 10663 	10671 	10665
f 10661 	10671 	10663
f 10660 	10671 	10661
f 10666 	10665 	10671
f 10658 	10671 	10660
f 10656 	10671 	10658
f 10655 	10671 	10656
f 10653 	10671 	10654
f 10652 	10671 	10653
f 10651 	10671 	10652
f 10650 	10671 	10651
f 7885 	7893 	10650
f 10667 	10666 	10671
f 10654 	10671 	10655
f 10667 	10675 	10673
f 10673 	10681 	10667
f 10676 	10675 	10671
f 10657 	10664 	10738
f 10664 	10659 	10738
f 10662 	10672 	10659
f 10649 	6726 	6686
f 10679 	10680 	10678
f 10682 	10681 	10674
f 10674 	10681 	10673
f 10634 	10667 	10681
f 10681 	10678 	10634
f 10638 	10637 	10680
f 6726 	10649 	10680
f 10678 	10680 	10634
f 10637 	10636 	10680
f 10635 	10680 	10636
f 10634 	10680 	10635
f 10649 	10648 	10680
f 10646 	10645 	10680
f 10645 	10644 	10680
f 10644 	10643 	10680
f 10642 	10641 	10680
f 10640 	10680 	10641
f 10639 	10680 	10640
f 10638 	10680 	10639
f 10643 	10642 	10680
f 13265 	10620 	10619
f 10648 	10646 	10680
f 10671 	7893 	10887
f 10395 	10739 	10394
f 10585 	5697 	10586
f 10552 	10668 	10523
f 10668 	10587 	10523
f 10587 	10586 	10523
f 10565 	10564 	5697
f 10597 	10687 	10593
f 11238 	10684 	11237
f 10684 	11238 	11245
f 10499 	10685 	10555
f 10686 	10685 	10499
f 10592 	10507 	10427
f 10592 	10693 	11163
f 10694 	10695 	10701
f 10592 	10589 	10693
f 10697 	10696 	10701
f 12353 	12289 	10686
f 10684 	10480 	10479
f 10507 	10592 	11163
f 10479 	10468 	10684
f 10499 	10701 	10696
f 10696 	10686 	10499
f 10468 	10449 	10684
f 10693 	10589 	10698
f 10449 	10448 	10684
f 10689 	10723 	10711
f 10691 	10694 	10700
f 10701 	10700 	10694
f 10695 	10697 	10701
f 10448 	10450 	10684
f 10698 	10590 	10690
f 10457 	10684 	10450
f 10590 	10593 	10690
f 10688 	10692 	10703
f 10457 	10460 	10684
f 10460 	7223 	10684
f 10703 	10702 	10688
f 10689 	10688 	10702
f 7223 	7209 	10684
f 10593 	10687 	10690
f 10684 	7209 	7208
f 10692 	10691 	10699
f 10699 	10703 	10692
f 7208 	7214 	10684
f 10704 	10701 	10499
f 7214 	7333 	10684
f 10705 	10687 	10597
f 10706 	10708 	10499
f 10708 	10704 	10499
f 7332 	10684 	7333
f 10707 	10706 	10499
f 7332 	7405 	10684
f 10684 	7405 	7490
f 10700 	10699 	10691
f 10709 	10689 	10702
f 7490 	7495 	10684
f 7495 	7502 	10684
f 10762 	12433 	10670
f 10710 	5697 	10670
f 10713 	5697 	10710
f 8641 	10998 	10817
f 8641 	8670 	10999
f 10717 	10887 	10716
f 10718 	10887 	10717
f 10711 	10723 	10712
f 10721 	5697 	10712
f 10713 	10719 	5697
f 10719 	10714 	5697
f 10714 	10712 	5697
f 10739 	10395 	10683
f 10739 	10727 	10394
f 10632 	10615 	10724
f 10683 	10426 	10392
f 10720 	5697 	10721
f 10395 	10426 	10683
f 10718 	10717 	10728
f 10428 	10727 	7971
f 5697 	10720 	10725
f 10729 	10718 	10728
f 10717 	10716 	10728
f 10709 	10723 	10689
f 10722 	10712 	10723
f 10721 	10712 	10722
f 10818 	10716 	10715
f 10452 	10497 	5697
f 10585 	10670 	5697
f 7964 	10727 	10726
f 10733 	12443 	10707
f 10732 	10731 	4771
f 12203 	12201 	10677
f 10573 	10565 	10736
f 10730 	10734 	10392
f 10736 	10581 	10582
f 10499 	4771 	10707
f 10733 	10707 	4771
f 10582 	10566 	10736
f 10731 	10733 	4771
f 10683 	10392 	10734
f 10573 	10736 	10738
f 10735 	10738 	10736
f 10737 	10732 	4771
f 10612 	7977 	10611
f 10726 	10744 	10764
f 10782 	10774 	10746
f 10698 	10690 	11222
f 11219 	10687 	10705
f 10746 	10737 	4771
f 10163 	10747 	10162
f 10743 	10742 	10768
f 10770 	10769 	10745
f 10745 	10746 	10770
f 4771 	10782 	10746
f 10748 	10749 	10750
f 10739 	10744 	10726
f 10726 	10727 	10739
f 10788 	10832 	10741
f 10741 	10740 	10771
f 10744 	10683 	10734
f 10755 	10752 	5697
f 10744 	10739 	10683
f 10631 	10900 	10891
f 10617 	10631 	10891
f 10756 	10755 	5697
f 10918 	10757 	10758
f 10725 	12438 	12475
f 10763 	10734 	10730
f 10730 	10392 	10419
f 10567 	10497 	10735
f 10561 	7309 	10571
f 10428 	10394 	10727
f 10763 	10761 	10734
f 10761 	10744 	10734
f 12433 	10762 	6635
f 10762 	10760 	10738
f 10571 	6635 	10735
f 10744 	10761 	10764
f 10760 	10657 	10738
f 10766 	10677 	12003
f 11997 	10766 	11998
f 10764 	7965 	10726
f 13359 	13351 	9393
f 10754 	5697 	10725
f 10754 	10753 	5697
f 10753 	10756 	5697
f 12203 	10677 	12206
f 10767 	12194 	10677
f 10735 	6635 	10738
f 10764 	10990 	8054
f 10764 	8054 	7965
f 10768 	10772 	10743
f 10990 	10761 	10985
f 10990 	10764 	10761
f 10797 	10809 	2906
f 10740 	10743 	10772
f 10771 	10740 	10772
f 10775 	10776 	10777
f 10797 	2906 	10790
f 10775 	10777 	10730
f 10742 	10745 	10769
f 10769 	10768 	10742
f 10777 	10763 	10730
f 10783 	10784 	10776
f 10778 	11830 	10785
f 10785 	10796 	10778
f 11831 	10795 	10785
f 10782 	4771 	10780
f 10781 	10780 	4771
f 10774 	10770 	10746
f 10795 	10796 	10785
f 11603 	11607 	10786
f 10775 	10783 	10776
f 10549 	10784 	10783
f 10787 	11609 	10786
f 11603 	10786 	11609
f 10787 	11620 	11609
f 10419 	10775 	10730
f 10771 	10788 	10741
f 10751 	10741 	10832
f 10752 	10751 	10832
f 10786 	11607 	10779
f 10549 	10783 	10530
f 10779 	10796 	10803
f 10778 	10796 	10779
f 10773 	10789 	10790
f 10789 	10787 	10790
f 10786 	10790 	10787
f 10784 	10549 	10936
f 10803 	10799 	10779
f 10786 	10779 	10790
f 10776 	10801 	10777
f 10798 	10803 	10796
f 10794 	10796 	10795
f 7508 	7519 	10684
f 10776 	10784 	10800
f 4203 	10796 	3865
f 3859 	3857 	10794
f 3651 	3752 	10794
f 11336 	10684 	7519
f 11336 	11337 	10684
f 10766 	2906 	10809
f 10985 	10761 	10763
f 10790 	10804 	10797
f 11339 	11341 	10684
f 12001 	12002 	11080
f 10799 	11837 	11838
f 11343 	11344 	10684
f 10776 	10800 	10801
f 10802 	10799 	11840
f 11838 	11840 	10799
f 10684 	11364 	11365
f 10798 	12006 	11841
f 11841 	11842 	10798
f 10485 	10476 	10684
f 10502 	10750 	10749
f 11921 	10805 	10802
f 11840 	11921 	10802
f 10476 	10480 	10684
f 10750 	10747 	10748
f 11837 	10799 	10803
f 11369 	11370 	10684
f 10802 	10790 	10799
f 10790 	10779 	10799
f 10807 	10749 	10806
f 10748 	10806 	10749
f 10804 	11933 	10797
f 10684 	11370 	11354
f 10805 	10790 	10802
f 10804 	10790 	10805
f 10807 	10806 	9923
f 10684 	11096 	11107
f 10806 	9925 	9923
f 11952 	11950 	10809
f 11112 	10809 	10815
f 10808 	10748 	10747
f 11112 	10766 	10809
f 10163 	10808 	10747
f 9829 	10806 	10748
f 9829 	9925 	10806
f 10812 	11100 	10811
f 11100 	10812 	11088
f 11946 	11947 	10813
f 11946 	10813 	11948
f 10814 	11948 	10813
f 10815 	10809 	11950
f 11955 	11953 	10816
f 10496 	10485 	10684
f 11944 	10810 	11947
f 10813 	11947 	10810
f 11112 	10813 	11100
f 10814 	10813 	11112
f 10810 	11100 	10813
f 10810 	10811 	11100
f 10684 	10495 	10496
f 10815 	11951 	10816
f 10817 	10818 	10715
f 8020 	10817 	10715
f 10556 	7165 	10821
f 10684 	11085 	11096
f 9492 	10820 	10824
f 10831 	7165 	10825
f 10819 	10820 	9492
f 10684 	11337 	11339
f 7165 	10826 	10827
f 10830 	10821 	7165
f 10827 	10830 	7165
f 13288 	10827 	10826
f 10684 	11341 	11343
f 10817 	10998 	11013
f 10818 	10817 	11013
f 10792 	10791 	5697
f 10791 	10833 	5697
f 10818 	10828 	10829
f 10728 	10818 	10829
f 10831 	10826 	7165
f 10818 	10728 	10716
f 10793 	10792 	5697
f 5696 	5697 	4793
f 10729 	10728 	10829
f 5697 	10752 	10832
f 10832 	10793 	5697
f 10729 	10829 	10834
f 5565 	5696 	4793
f 10833 	4793 	5697
f 10837 	10615 	10836
f 10837 	10855 	10615
f 10729 	10834 	10841
f 10835 	12128 	10839
f 10839 	10859 	10835
f 10859 	10867 	10835
f 10836 	10615 	10840
f 10842 	10846 	10845
f 10844 	10845 	10846
f 10843 	10844 	10846
f 10848 	10838 	10847
f 10850 	12089 	10852
f 10849 	10850 	10852
f 10847 	10838 	10854
f 10838 	12085 	10854
f 10853 	10854 	12085
f 10855 	10856 	10615
f 10623 	10615 	10856
f 10846 	10842 	10858
f 10857 	10858 	10842
f 10851 	10852 	12089
f 10842 	10851 	12089
f 10865 	10866 	10859
f 10861 	12095 	10860
f 10859 	10860 	10865
f 10863 	10864 	10835
f 10862 	10863 	10835
f 10868 	10862 	10835
f 10864 	10870 	10835
f 10870 	10869 	10835
f 10876 	1026 	10875
f 10878 	1026 	10877
f 10877 	1026 	10876
f 10879 	1026 	10878
f 10880 	1026 	10879
f 10882 	7165 	11077
f 10868 	10835 	10867
f 10866 	10867 	10859
f 10835 	10884 	10905
f 10882 	13292 	10872
f 10893 	10905 	10885
f 10884 	10835 	10869
f 10841 	10718 	10729
f 10834 	10886 	10841
f 10808 	9829 	10748
f 10808 	9796 	9829
f 10886 	10889 	10841
f 10800 	11027 	10801
f 10163 	9797 	10808
f 10715 	10716 	10887
f 10888 	10887 	10718
f 9797 	9796 	10808
f 10888 	10841 	10889
f 10888 	10718 	10841
f 11029 	11027 	10800
f 10955 	11029 	10800
f 10885 	10905 	10884
f 10895 	10890 	10892
f 10896 	1026 	10898
f 10873 	1026 	10899
f 10892 	10901 	10895
f 5119 	10835 	10905
f 10902 	10903 	10890
f 10898 	1026 	10894
f 10897 	1026 	10896
f 10895 	10902 	10890
f 10894 	1020 	10907
f 9791 	10903 	10902
f 10901 	10550 	10483
f 10906 	11115 	10907
f 7991 	10909 	8161
f 10902 	10895 	10481
f 6801 	6804 	11374
f 11374 	6804 	10835
f 8001 	10909 	7991
f 10838 	10910 	10911
f 10838 	10911 	10839
f 10910 	10912 	10911
f 10895 	10487 	10481
f 10839 	10911 	10960
f 9382 	9791 	10902
f 8161 	10909 	10891
f 10822 	10883 	10900
f 10902 	10481 	9382
f 10912 	10838 	10848
f 10883 	10822 	10823
f 10900 	10631 	10822
f 10921 	10845 	10844
f 10823 	10871 	10883
f 10903 	10924 	10930
f 10921 	10842 	10845
f 10912 	10848 	10847
f 10871 	10824 	10904
f 10903 	9791 	10924
f 10871 	10823 	10824
f 10924 	9791 	9795
f 10824 	10820 	10904
f 10853 	13115 	10854
f 10614 	10909 	8001
f 10942 	10892 	10941
f 10614 	10617 	10909
f 10942 	10901 	10892
f 10613 	10614 	8001
f 10942 	10550 	10901
f 10617 	10891 	10909
f 10942 	10936 	10550
f 10914 	10960 	10913
f 10960 	10911 	10913
f 10912 	10913 	10911
f 10846 	10914 	10843
f 10913 	10843 	10914
f 10838 	10912 	10910
f 10916 	10890 	10915
f 10758 	10917 	10918
f 10858 	10932 	10846
f 10890 	10903 	10915
f 10912 	10920 	10913
f 10759 	10757 	10919
f 10913 	10844 	10843
f 10913 	10920 	10921
f 10844 	10913 	10921
f 10757 	10918 	10919
f 10890 	10916 	10892
f 9827 	9822 	10922
f 10847 	10920 	10912
f 10922 	10924 	9827
f 10920 	10847 	10854
f 10924 	9795 	9827
f 10920 	13115 	10921
f 10925 	10921 	13115
f 10842 	10925 	10851
f 10927 	10923 	9612
f 10923 	9623 	9612
f 9636 	10927 	9611
f 10927 	9612 	9611
f 10921 	10925 	10842
f 10926 	10928 	10922
f 10851 	10925 	10852
f 10928 	10930 	10922
f 10925 	13115 	10931
f 10852 	10925 	10931
f 10852 	10931 	10849
f 10931 	10850 	10849
f 10926 	10922 	9822
f 10920 	10854 	13115
f 10915 	10903 	10930
f 10919 	10918 	10944
f 10924 	10922 	10930
f 10932 	10858 	10933
f 10857 	10933 	10858
f 10917 	11461 	10945
f 10914 	10846 	10932
f 10934 	10850 	10931
f 10928 	10947 	10930
f 10917 	10945 	10918
f 10749 	10506 	10502
f 10943 	10820 	10819
f 10947 	10915 	10930
f 10807 	10427 	10506
f 10948 	10947 	10928
f 10807 	10506 	10749
f 10935 	10427 	10807
f 10916 	10941 	10892
f 10807 	9923 	10935
f 10915 	10947 	10982
f 10759 	10919 	10929
f 10937 	10469 	10470
f 10819 	10759 	10929
f 10936 	10955 	10784
f 10929 	10939 	10940
f 10470 	10938 	10937
f 10498 	10427 	10935
f 10938 	10470 	10498
f 10943 	10929 	10940
f 10498 	10935 	10938
f 10944 	10939 	10919
f 10938 	10935 	9919
f 10935 	9923 	9919
f 10929 	10919 	10939
f 9921 	10937 	10938
f 10918 	10945 	10944
f 10954 	10941 	10957
f 9919 	9921 	10938
f 10954 	10942 	10941
f 10943 	10819 	10929
f 12277 	10469 	10937
f 10937 	9964 	12277
f 9921 	9964 	10937
f 10946 	10505 	10510
f 10391 	10946 	10510
f 10502 	10505 	10750
f 10946 	10750 	10505
f 10946 	10747 	10750
f 10391 	10162 	10946
f 10162 	10747 	10946
f 10949 	10943 	10940
f 10904 	10943 	10949
f 10916 	10915 	10982
f 10904 	10820 	10943
f 10955 	10936 	10954
f 10944 	11191 	10939
f 11040 	10956 	10957
f 10940 	10939 	11192
f 10391 	10510 	10953
f 10954 	10957 	10956
f 10684 	11365 	11369
f 10954 	10956 	10955
f 10871 	10904 	10958
f 10934 	12089 	10850
f 10955 	10800 	10784
f 7504 	10684 	7502
f 10891 	10900 	10981
f 10859 	10839 	10960
f 10860 	10964 	10861
f 10963 	10861 	10964
f 10936 	10942 	10954
f 10964 	10860 	10960
f 10859 	10960 	10860
f 10900 	10883 	10977
f 10964 	10960 	10914
f 10914 	10932 	10964
f 10963 	10964 	10932
f 10963 	10932 	10933
f 8327 	8105 	10962
f 10957 	10970 	11040
f 10966 	10967 	10968
f 10972 	8655 	10969
f 10969 	10965 	10970
f 10968 	10971 	10966
f 10974 	10973 	10972
f 10971 	10975 	10966
f 10973 	10978 	8655
f 10962 	10971 	10968
f 10970 	10974 	10972
f 10970 	10972 	10969
f 10970 	10976 	10974
f 10962 	10961 	10971
f 10971 	10977 	10975
f 10979 	8655 	10978
f 10865 	6534 	10866
f 10980 	10979 	10978
f 10975 	10958 	10966
f 10981 	10961 	8104
f 10977 	10971 	10961
f 10981 	10977 	10961
f 10974 	10980 	10978
f 8161 	10981 	8104
f 10974 	10978 	10973
f 10957 	10976 	10970
f 10871 	10958 	10975
f 10982 	10980 	10974
f 10871 	10975 	10883
f 10976 	10982 	10974
f 8161 	10891 	10981
f 10947 	10948 	10980
f 10982 	10947 	10980
f 10981 	10900 	10977
f 10957 	10941 	10976
f 10976 	10916 	10982
f 10916 	10976 	10941
f 1022 	10908 	9353
f 10962 	8394 	8327
f 10893 	6512 	10905
f 6505 	10908 	6503
f 10979 	10980 	10983
f 10948 	10983 	10980
f 10763 	10986 	10985
f 10986 	10763 	10777
f 11334 	10950 	10951
f 10989 	10985 	10994
f 10984 	9106 	9107
f 10959 	426 	11050
f 10989 	10990 	10985
f 10988 	10984 	10991
f 10990 	10989 	8032
f 8032 	8054 	10990
f 10991 	10984 	11048
f 10984 	11078 	10992
f 10984 	9107 	11078
f 10984 	10992 	11048
f 545 	11050 	426
f 11004 	11001 	10097
f 10994 	10995 	10993
f 10987 	10988 	10991
f 10993 	10989 	10994
f 10986 	10994 	10985
f 10989 	10993 	8028
f 11004 	10097 	10362
f 10996 	10328 	11009
f 10997 	10328 	10996
f 10989 	8028 	8032
f 11002 	10097 	11001
f 11001 	10997 	11002
f 11004 	10328 	10997
f 11005 	8655 	8074
f 11000 	11003 	10829
f 11001 	11004 	10997
f 11000 	10829 	10828
f 11005 	8074 	10993
f 10993 	8074 	8028
f 11018 	11000 	11026
f 11008 	8655 	11007
f 10995 	11008 	11007
f 11010 	11026 	11000
f 11009 	10402 	10399
f 11010 	11000 	10828
f 10995 	11007 	10993
f 11005 	10993 	11007
f 11011 	10951 	10950
f 11012 	10952 	10951
f 11010 	10828 	11006
f 10994 	11024 	10995
f 11006 	10828 	11013
f 11006 	11013 	10999
f 11011 	11012 	10951
f 10998 	10999 	11013
f 10953 	10952 	10390
f 10801 	10986 	10777
f 10391 	10953 	10390
f 11007 	8655 	11005
f 10952 	11012 	10390
f 11013 	10828 	10818
f 11021 	11022 	8655
f 11016 	11015 	11014
f 11011 	11017 	11012
f 11021 	8655 	11015
f 11019 	10987 	10991
f 11008 	10995 	11014
f 10987 	11019 	10999
f 11011 	11020 	11017
f 11019 	10991 	11025
f 11016 	11014 	10995
f 10999 	11019 	11006
f 11021 	11023 	11022
f 11017 	10393 	11012
f 11017 	10399 	10393
f 11023 	11021 	11016
f 11016 	11021 	11015
f 11020 	11009 	11017
f 10995 	11024 	11016
f 11006 	11019 	11010
f 10996 	11009 	11020
f 11019 	11025 	11026
f 11019 	11026 	11010
f 11009 	10399 	11017
f 10986 	11024 	10994
f 11016 	11027 	11023
f 11026 	11025 	11018
f 11016 	11024 	11027
f 11038 	11039 	10097
f 11037 	11038 	10097
f 11027 	11029 	11023
f 11028 	11000 	11018
f 11024 	10986 	10801
f 11030 	11031 	11032
f 11036 	11003 	11000
f 11036 	11033 	11003
f 11031 	11034 	11032
f 11024 	10801 	11027
f 11033 	10829 	11003
f 10996 	11034 	10997
f 10834 	10829 	11033
f 497 	505 	10097
f 11025 	11028 	11018
f 472 	471 	11030
f 11022 	11023 	11042
f 11032 	472 	11030
f 11031 	10997 	11034
f 11014 	8655 	11008
f 11035 	11036 	11000
f 11028 	11035 	11000
f 11039 	497 	10097
f 10965 	8655 	11046
f 11038 	11037 	11031
f 11038 	11031 	11030
f 11043 	8655 	11042
f 8655 	11022 	11042
f 11036 	11035 	11041
f 11044 	11043 	11042
f 11036 	11041 	11113
f 11036 	11113 	11033
f 11030 	11039 	11038
f 11023 	11044 	11042
f 11031 	11002 	10997
f 11023 	11029 	11044
f 11002 	11037 	10097
f 11046 	8655 	11045
f 11040 	11046 	11045
f 11037 	11002 	11031
f 11033 	11113 	10886
f 11043 	11045 	8655
f 11033 	10886 	10834
f 11045 	11043 	11044
f 11045 	11044 	11040
f 11044 	10956 	11040
f 11035 	11028 	11047
f 10956 	11044 	11029
f 11029 	10955 	10956
f 471 	497 	11030
f 11039 	11030 	497
f 10970 	10965 	11040
f 11046 	11040 	10965
f 11049 	10950 	10959
f 11049 	10959 	11050
f 11011 	10950 	11049
f 9820 	10153 	11052
f 11050 	545 	11051
f 11050 	11054 	11049
f 11048 	10992 	11055
f 11052 	10926 	9820
f 11051 	11054 	11050
f 11020 	11011 	11049
f 11055 	11060 	11053
f 10236 	4260 	11064
f 11048 	11055 	11053
f 11054 	11020 	11049
f 11048 	11053 	11057
f 11034 	11054 	11051
f 11057 	10991 	11048
f 10991 	11057 	11025
f 11051 	11032 	11034
f 11068 	8655 	11067
f 11053 	11207 	11058
f 10996 	11020 	11054
f 11056 	11059 	11052
f 10996 	11054 	11034
f 11200 	11197 	10967
f 11061 	11052 	11059
f 11051 	544 	11032
f 10967 	10966 	11200
f 11061 	10948 	10928
f 10926 	11052 	11061
f 11118 	5119 	11115
f 10928 	10926 	11061
f 11053 	11060 	11207
f 5275 	5119 	11065
f 11057 	11053 	11058
f 11064 	11063 	11056
f 5281 	5284 	11065
f 11057 	11058 	11028
f 5276 	5119 	5275
f 11059 	11068 	11067
f 11111 	5119 	11070
f 10232 	4260 	10236
f 10684 	7504 	7508
f 11063 	11068 	11059
f 11066 	11059 	11067
f 10503 	11073 	10504
f 10872 	13292 	13291
f 11025 	11057 	11028
f 11066 	11072 	11061
f 11066 	11061 	11059
f 11071 	10504 	11073
f 11058 	11207 	11047
f 11047 	11028 	11058
f 11061 	11072 	10948
f 11074 	10948 	11072
f 11076 	7165 	11125
f 11077 	7165 	11076
f 10872 	7165 	10882
f 10510 	11062 	11075
f 11059 	11056 	11063
f 11035 	11047 	11041
f 11078 	6209 	9120
f 13293 	11077 	13294
f 11064 	11056 	10236
f 10233 	10236 	11056
f 9107 	6211 	11078
f 6211 	6209 	11078
f 10510 	11075 	10953
f 11067 	8655 	11066
f 11112 	10815 	10816
f 11112 	10816 	10814
f 11078 	9120 	11079
f 11066 	8655 	11072
f 11078 	11079 	11055
f 12004 	12001 	11080
f 10992 	11078 	11055
f 11072 	8655 	11074
f 10796 	11080 	10798
f 11080 	11081 	12004
f 11055 	11079 	11060
f 11081 	11080 	10796
f 11082 	9105 	11083
f 11063 	4260 	11068
f 10504 	11139 	11062
f 11082 	11083 	11086
f 11082 	11086 	11087
f 10503 	10507 	11073
f 11091 	11092 	11090
f 11089 	11090 	11092
f 10972 	10973 	8655
f 11087 	11086 	11091
f 11087 	11091 	11090
f 10507 	11163 	11073
f 11089 	11092 	11093
f 11089 	11093 	11094
f 11093 	11097 	11094
f 11095 	11094 	11097
f 11074 	8655 	10983
f 10979 	10983 	8655
f 11084 	11100 	11088
f 11098 	11099 	11097
f 11095 	11097 	11099
f 11081 	11084 	12017
f 11101 	11102 	11098
f 11099 	11098 	11102
f 11074 	10983 	10948
f 11081 	4202 	11084
f 11105 	11106 	11104
f 11103 	11104 	11106
f 11064 	4260 	11063
f 11102 	11101 	11105
f 11102 	11105 	11104
f 10965 	10969 	8655
f 4198 	11084 	4202
f 4203 	4202 	10796
f 7309 	11084 	4199
f 10796 	4202 	11081
f 11109 	11110 	11106
f 11103 	11106 	11110
f 11281 	11110 	11109
f 11014 	11015 	8655
f 11065 	5119 	11111
f 10905 	10907 	11115
f 11117 	10766 	11112
f 6209 	11082 	6205
f 11090 	6227 	11087
f 11089 	6227 	11090
f 11094 	6227 	11089
f 11095 	6227 	11094
f 11102 	6227 	11099
f 11104 	6227 	11102
f 11103 	6227 	11104
f 11110 	6227 	11103
f 11281 	6227 	11110
f 11283 	6227 	11281
f 11099 	6227 	11095
f 11070 	5119 	11069
f 11121 	5119 	11120
f 11136 	11130 	11100
f 10684 	11223 	11237
f 11119 	11120 	11118
f 11134 	11133 	11112
f 11120 	5119 	11118
f 11069 	5119 	11121
f 12063 	12064 	11142
f 11121 	11108 	11069
f 10872 	10825 	7165
f 11249 	10684 	11245
f 13131 	4324 	4603
f 10684 	11249 	11251
f 10872 	13291 	10825
f 11111 	11135 	5631
f 10684 	11251 	11154
f 12047 	12048 	11130
f 10684 	11154 	10490
f 11131 	11121 	11128
f 11127 	11128 	11132
f 11108 	11121 	11131
f 10491 	10684 	10490
f 11132 	11128 	11121
f 13128 	4601 	13249
f 12054 	12055 	11134
f 11133 	11134 	12055
f 11070 	11135 	11111
f 10684 	10491 	10495
f 13244 	13248 	4601
f 11135 	11126 	5651
f 12056 	12054 	11134
f 5653 	5654 	11135
f 4602 	4601 	13129
f 12056 	11134 	11129
f 10953 	11138 	10952
f 12059 	12060 	11136
f 11130 	11136 	12060
f 11130 	11129 	11100
f 11075 	11138 	10953
f 4603 	4602 	13129
f 11139 	11140 	11062
f 11136 	11100 	11122
f 11140 	11141 	11075
f 11117 	11112 	11133
f 11075 	11141 	11138
f 12047 	11130 	12060
f 11075 	11062 	11140
f 11100 	11129 	11112
f 11134 	11112 	11129
f 11071 	11139 	10504
f 12074 	11117 	12062
f 11096 	11496 	11107
f 11096 	11497 	11496
f 11140 	11327 	11141
f 11161 	11160 	11148
f 11144 	11161 	11148
f 11138 	11141 	11328
f 11331 	11138 	11328
f 11172 	11173 	11149
f 11172 	11149 	11150
f 10952 	11138 	11331
f 11164 	11165 	11151
f 11152 	11151 	11165
f 11331 	10951 	10952
f 11152 	11166 	11153
f 11157 	11170 	11158
f 10495 	10491 	10093
f 11159 	11158 	11146
f 10093 	9366 	10495
f 11146 	11147 	11159
f 11160 	11159 	11147
f 11147 	11148 	11160
f 11139 	11071 	11233
f 11162 	11161 	11144
f 10093 	10491 	10095
f 10100 	11171 	10192
f 11166 	11152 	11165
f 11167 	11153 	11166
f 11168 	11155 	11167
f 11170 	11157 	11169
f 11169 	11156 	11168
f 11146 	11158 	11170
f 11156 	11169 	11157
f 11155 	11168 	11156
f 11153 	11167 	11155
f 11149 	11173 	11151
f 11164 	11151 	11173
f 11171 	10198 	10192
f 11178 	11193 	11177
f 11179 	11194 	11178
f 11177 	11190 	11176
f 11175 	11176 	11189
f 10100 	10490 	11154
f 10100 	11154 	11171
f 10958 	11200 	10966
f 11186 	11162 	11145
f 11144 	11145 	11162
f 10975 	10977 	10883
f 11185 	10198 	11171
f 10491 	10490 	10095
f 10939 	11191 	11192
f 11190 	11177 	11193
f 11193 	11178 	11194
f 11195 	11194 	11179
f 11179 	11203 	11195
f 11196 	11195 	11203
f 11203 	11204 	11196
f 11198 	11196 	11204
f 11204 	11205 	11198
f 11199 	11198 	11205
f 11114 	11041 	11217
f 11189 	11188 	11175
f 11189 	11176 	11190
f 11174 	11175 	11188
f 11188 	11187 	11174
f 11187 	11186 	11174
f 11145 	11174 	11186
f 11202 	11197 	11201
f 11113 	11041 	11114
f 11181 	11180 	11384
f 11205 	11383 	11199
f 11180 	11199 	11383
f 11383 	11384 	11180
f 11384 	11385 	11181
f 11182 	11181 	11385
f 10886 	11113 	11116
f 11200 	11201 	11197
f 10886 	11116 	10889
f 11192 	11206 	11202
f 11396 	11147 	11146
f 11060 	11079 	11270
f 11201 	11192 	11202
f 11207 	11060 	11270
f 11148 	11393 	11144
f 11145 	11144 	11392
f 11393 	11392 	11144
f 4272 	5027 	11208
f 4265 	4269 	11211
f 11172 	11428 	11173
f 11137 	5641 	11209
f 11428 	11427 	11164
f 11428 	11164 	11173
f 4261 	11211 	4259
f 11426 	11165 	11164
f 11426 	11164 	11427
f 11211 	4269 	11208
f 11166 	11165 	11426
f 11214 	11215 	11213
f 11215 	11120 	11213
f 11212 	11213 	11120
f 11119 	11212 	11120
f 4259 	11211 	4289
f 5564 	4284 	11211
f 11207 	11210 	11216
f 11047 	11207 	11216
f 11421 	11169 	11168
f 11217 	11047 	11216
f 11170 	11169 	11421
f 11041 	11047 	11217
f 11216 	11210 	11114
f 10698 	11230 	10693
f 11207 	11218 	11210
f 11230 	10698 	11222
f 11270 	11218 	11207
f 7266 	7400 	6634
f 11210 	11218 	11114
f 7912 	8043 	7911
f 11150 	11149 	11398
f 11217 	11216 	11114
f 11163 	11228 	11234
f 6056 	6057 	7926
f 11398 	11149 	11151
f 11163 	11234 	11073
f 7928 	7927 	4230
f 11114 	11375 	11376
f 11219 	11220 	10687
f 11375 	11114 	11218
f 11124 	11209 	11126
f 11123 	11124 	11126
f 11126 	11209 	5650
f 5652 	5653 	11135
f 10908 	1741 	11115
f 10100 	10095 	10490
f 11220 	10690 	10687
f 5668 	5669 	1741
f 11219 	10705 	11221
f 11137 	11115 	1741
f 10906 	10908 	11115
f 10835 	5119 	11374
f 11291 	10203 	11185
f 11111 	11224 	11065
f 5988 	5281 	11065
f 5988 	11065 	11224
f 11185 	11171 	11251
f 11220 	11222 	10690
f 11227 	11070 	11069
f 11131 	11287 	11108
f 11226 	11069 	11108
f 11221 	11515 	11219
f 13290 	13294 	11125
f 11224 	11261 	5988
f 12765 	1352 	11277
f 11069 	11226 	11227
f 11228 	11163 	10693
f 11229 	12765 	11231
f 11222 	11509 	11230
f 4330 	11239 	4333
f 4335 	11239 	4336
f 4337 	4336 	11345
f 11232 	11233 	11071
f 11071 	11073 	11232
f 10684 	11107 	11223
f 11073 	11234 	11232
f 11236 	11240 	3527
f 11240 	11241 	3527
f 4333 	11239 	4335
f 9713 	7878 	9832
f 9838 	9832 	7011
f 11230 	11228 	10693
f 11345 	4336 	11239
f 1257 	11299 	11208
f 11253 	11252 	11208
f 4266 	4265 	11211
f 6227 	6228 	11272
f 9120 	6227 	11272
f 11211 	11208 	11243
f 11242 	11211 	11243
f 11407 	11232 	11234
f 11259 	11211 	11244
f 11246 	11208 	11254
f 11401 	11151 	11152
f 11254 	11208 	11252
f 11401 	11152 	11402
f 11153 	11402 	11152
f 11155 	11404 	11153
f 11156 	11404 	11155
f 11247 	11243 	11208
f 11246 	11247 	11208
f 11250 	11211 	11242
f 11250 	11244 	11211
f 11158 	11408 	11157
f 11408 	11158 	11159
f 11259 	11258 	11211
f 11256 	5564 	11257
f 11257 	5564 	11258
f 11211 	11258 	5564
f 11260 	11256 	11351
f 11174 	11392 	11439
f 11145 	11392 	11174
f 11297 	11237 	11223
f 11439 	11175 	11174
f 11251 	11171 	11154
f 11111 	11261 	11224
f 11261 	11111 	6587
f 6587 	5989 	11261
f 11177 	11435 	11178
f 11300 	11238 	11237
f 11435 	11179 	11178
f 11262 	11115 	11302
f 11303 	11245 	11238
f 11115 	11262 	11263
f 11115 	11263 	11118
f 11179 	11470 	11203
f 11118 	11263 	11119
f 11238 	11300 	11303
f 11263 	11307 	11119
f 11300 	11237 	11297
f 11120 	11264 	11121
f 11470 	11204 	11203
f 11305 	11264 	11120
f 11268 	11124 	11123
f 11245 	11291 	11249
f 11249 	11185 	11251
f 11264 	11265 	11121
f 11266 	11320 	11267
f 11268 	11269 	11264
f 11264 	11305 	11268
f 11184 	11445 	11183
f 11123 	11269 	11268
f 6232 	11275 	6228
f 11265 	11264 	11269
f 11079 	11275 	11270
f 11079 	9120 	11272
f 11273 	3533 	11271
f 11248 	11271 	3527
f 11275 	11079 	11272
f 11270 	11275 	11267
f 11287 	11131 	11128
f 11267 	11218 	11270
f 11226 	11108 	11287
f 11135 	11070 	11227
f 11267 	11274 	11266
f 11272 	6228 	11275
f 11111 	5631 	6587
f 6233 	11274 	11267
f 11266 	11274 	11285
f 11316 	12765 	11277
f 11275 	6232 	11267
f 11265 	11269 	11278
f 11276 	11278 	11269
f 6233 	11285 	11274
f 11121 	11265 	11132
f 11278 	11132 	11265
f 5564 	11256 	11260
f 6233 	6232 	11285
f 11278 	11276 	11279
f 11276 	11280 	11279
f 11281 	11109 	11282
f 11283 	11281 	11282
f 11283 	11282 	11284
f 11279 	11127 	11278
f 11132 	11278 	11127
f 11255 	11208 	11301
f 11285 	11283 	11284
f 11285 	11284 	11286
f 11127 	11279 	11128
f 11287 	11128 	11279
f 11497 	11096 	11085
f 11253 	11208 	11255
f 11285 	6227 	11283
f 11285 	6232 	6228
f 1257 	7213 	11298
f 11227 	11287 	11280
f 11279 	11280 	11287
f 11226 	11287 	11227
f 11314 	11293 	10673
f 10674 	10673 	11293
f 11280 	11135 	11227
f 10675 	11314 	10673
f 11276 	11126 	11135
f 11292 	11223 	11107
f 11280 	11276 	11135
f 11209 	11268 	11304
f 11302 	11137 	11304
f 11209 	11304 	11137
f 11297 	11223 	11292
f 11137 	11302 	11115
f 7224 	7211 	11290
f 7213 	7212 	11298
f 11212 	11307 	11213
f 11215 	11305 	11120
f 11268 	11209 	11124
f 11126 	11276 	11123
f 11305 	11306 	11304
f 11302 	11304 	11306
f 11221 	11514 	11515
f 11298 	11296 	1257
f 11296 	11299 	1257
f 11301 	11208 	11299
f 11305 	11215 	11306
f 11214 	11306 	11215
f 11213 	11306 	11214
f 11290 	11298 	7212
f 7212 	7224 	11290
f 11294 	7210 	11295
f 11291 	11245 	11303
f 11212 	11119 	11307
f 11306 	11213 	11307
f 11249 	11291 	11185
f 11318 	11295 	8053
f 11306 	11307 	11302
f 11302 	11307 	11262
f 11230 	11509 	11513
f 11263 	11262 	11307
f 11304 	11268 	11305
f 11228 	11230 	11513
f 11319 	8053 	11308
f 11123 	11276 	11269
f 11468 	11309 	11312
f 10671 	10887 	11313
f 10671 	11313 	10676
f 11315 	11468 	11312
f 11231 	12765 	11316
f 10888 	11525 	11314
f 11317 	11314 	10675
f 11317 	10888 	11314
f 11313 	11317 	10675
f 11313 	10675 	10676
f 10887 	10888 	11317
f 10887 	11317 	11313
f 11316 	11277 	13303
f 11315 	5287 	11310
f 11309 	8053 	11312
f 11511 	11220 	11219
f 10908 	6505 	9353
f 10906 	6503 	10908
f 13303 	13302 	11316
f 5287 	11315 	8053
f 11309 	11308 	8053
f 11319 	11318 	8053
f 10905 	6502 	10907
f 6504 	10907 	6502
f 11351 	11311 	11260
f 10869 	6510 	10884
f 11311 	5287 	11260
f 11310 	5287 	11311
f 11312 	8053 	11315
f 5564 	11260 	5287
f 4755 	4225 	2067
f 11241 	11248 	3527
f 11356 	3541 	11273
f 7866 	3541 	11322
f 11359 	7866 	11322
f 11351 	11239 	5945
f 11368 	11323 	7866
f 11125 	7165 	11325
f 11323 	11324 	7866
f 11114 	11376 	11373
f 7870 	9713 	7889
f 11266 	11285 	11320
f 7911 	8043 	4303
f 1020 	9346 	10906
f 4303 	5456 	7911
f 9346 	6503 	10906
f 1240 	5830 	9393
f 2742 	9393 	5830
f 11141 	11327 	11326
f 11300 	11712 	11303
f 10885 	10884 	6511
f 1240 	4326 	4339
f 6512 	10893 	6511
f 11326 	11328 	11141
f 11328 	11330 	11331
f 10213 	11291 	11303
f 11330 	11334 	11331
f 11338 	11345 	11332
f 10884 	6509 	6511
f 10885 	6511 	10893
f 10951 	11331 	11334
f 11342 	11345 	11338
f 6513 	10894 	10907
f 6504 	6513 	10907
f 11333 	11332 	11239
f 10898 	10894 	6519
f 6519 	10894 	6513
f 6549 	10873 	6518
f 6518 	10899 	6514
f 10897 	6514 	10899
f 10897 	10896 	6514
f 6515 	6514 	10896
f 11340 	11345 	11342
f 6519 	6515 	10898
f 10896 	10898 	6515
f 11340 	1240 	11345
f 11116 	11372 	10889
f 11334 	11330 	11352
f 7519 	7937 	11336
f 4339 	11345 	1240
f 11336 	7974 	11337
f 11335 	11333 	11239
f 11345 	11239 	11332
f 11336 	7937 	7974
f 6502 	10905 	6512
f 11242 	11243 	11333
f 11332 	11333 	11243
f 11335 	11329 	11259
f 11258 	11259 	11329
f 7974 	7978 	11337
f 11258 	11329 	11257
f 11335 	11259 	11244
f 11337 	7978 	11339
f 11139 	11389 	11140
f 11342 	11338 	11254
f 11247 	11246 	11338
f 11539 	11326 	11390
f 11327 	11390 	11326
f 11243 	11247 	11332
f 11338 	11332 	11247
f 11333 	11335 	11250
f 11244 	11250 	11335
f 11327 	11140 	11389
f 11252 	11253 	11340
f 6534 	10865 	6530
f 11254 	11252 	11342
f 11340 	11342 	11252
f 11246 	11254 	11338
f 11255 	11340 	11253
f 6540 	10880 	6541
f 10950 	11334 	11346
f 11333 	11250 	11242
f 11256 	11257 	11348
f 11329 	11348 	11257
f 6539 	10881 	6540
f 11364 	10684 	11344
f 11329 	11239 	11348
f 11347 	11349 	11350
f 6541 	10879 	6542
f 11350 	892 	11347
f 11256 	11348 	11351
f 11352 	11353 	11349
f 11335 	11239 	11329
f 11348 	11239 	11351
f 6264 	1240 	6267
f 11349 	11347 	11352
f 11355 	11353 	11330
f 6547 	10875 	6548
f 11208 	8801 	1257
f 9393 	4326 	1240
f 13290 	11125 	11325
f 11330 	11328 	11355
f 11321 	3541 	11356
f 11352 	11330 	11353
f 11346 	11334 	11352
f 12095 	6530 	10865
f 11366 	7866 	11359
f 11321 	11322 	3541
f 11355 	11328 	11326
f 11319 	11360 	11419
f 10866 	6536 	10867
f 6535 	6537 	10867
f 10868 	10867 	6537
f 11361 	11357 	11294
f 11347 	11346 	11352
f 11347 	11363 	11346
f 10684 	11354 	11085
f 6537 	6532 	10868
f 426 	10959 	11363
f 11361 	8016 	11357
f 11363 	10959 	11346
f 10870 	6531 	10869
f 10959 	10950 	11346
f 13312 	13310 	11359
f 12111 	10881 	9461
f 11255 	11301 	11340
f 11349 	11536 	11535
f 11366 	11368 	7866
f 10877 	6545 	10878
f 11960 	11963 	11286
f 6545 	10877 	6546
f 11293 	11498 	10674
f 11293 	11314 	11498
f 11525 	10888 	10889
f 11372 	11541 	10889
f 10870 	10864 	6531
f 6544 	6531 	10864
f 6509 	10884 	6510
f 6510 	10869 	6531
f 10863 	10862 	6543
f 6535 	10867 	6536
f 10862 	10868 	6532
f 11364 	11486 	11365
f 10880 	6540 	10881
f 6542 	10879 	10878
f 10878 	6545 	6542
f 6536 	10866 	6534
f 11365 	11486 	11371
f 6532 	6543 	10862
f 6543 	6544 	10863
f 10864 	10863 	6544
f 11369 	11365 	11371
f 11493 	11370 	11369
f 10875 	6547 	10876
f 6546 	10876 	6547
f 10876 	6546 	10877
f 11195 	11455 	11194
f 6548 	10875 	10874
f 11455 	11195 	11196
f 6548 	10874 	6549
f 10873 	6549 	10874
f 10899 	6518 	10873
f 11354 	11494 	11085
f 11116 	11113 	11372
f 11364 	11344 	11487
f 4198 	4199 	11084
f 11372 	11747 	11744
f 11487 	11486 	11364
f 11113 	11114 	11372
f 6056 	4229 	6061
f 11143 	11142 	11100
f 11100 	11142 	11122
f 11372 	11114 	11373
f 11191 	11206 	11192
f 11804 	11373 	11376
f 12074 	12070 	11377
f 7133 	11374 	7140
f 7139 	7140 	5119
f 10949 	11201 	11200
f 11377 	11378 	10547
f 11201 	10940 	11192
f 11377 	11117 	12074
f 11374 	5119 	7140
f 10547 	10766 	11377
f 11117 	11377 	10766
f 10949 	10940 	11201
f 10439 	10525 	10524
f 3630 	3541 	7866
f 3527 	11271 	3533
f 11200 	10958 	10949
f 3630 	7866 	10281
f 10904 	10949 	10958
f 11380 	11375 	11218
f 10443 	10444 	11382
f 11378 	11379 	10547
f 10528 	10414 	10527
f 10411 	10527 	10414
f 10414 	10528 	12076
f 11349 	11535 	11350
f 10526 	10443 	11382
f 10528 	11379 	12076
f 10561 	10526 	11382
f 11349 	11353 	11536
f 11381 	11382 	12079
f 12082 	12079 	11382
f 10407 	10439 	10524
f 11381 	10561 	11382
f 10439 	10441 	10525
f 12068 	11143 	11381
f 11206 	11403 	11202
f 10525 	10441 	10526
f 10443 	10526 	10441
f 11183 	11182 	11387
f 11386 	11387 	11182
f 11385 	11386 	11182
f 11387 	11388 	11183
f 11184 	11183 	11388
f 11537 	11353 	11355
f 11386 	11476 	11387
f 11476 	11388 	11387
f 11538 	11355 	11326
f 10411 	10412 	10527
f 11205 	11460 	11383
f 11363 	11347 	892
f 11474 	11384 	11383
f 892 	908 	11363
f 10968 	10967 	11698
f 10407 	10524 	10412
f 10527 	10412 	10524
f 11475 	11445 	11388
f 11389 	11233 	11391
f 11389 	11139 	11233
f 10533 	10534 	10418
f 10431 	10432 	10542
f 8394 	10962 	10968
f 11389 	11391 	11390
f 11395 	11410 	11394
f 11394 	11411 	11393
f 11396 	11409 	11395
f 11393 	11414 	11392
f 10424 	10543 	10532
f 11327 	11389 	11390
f 10418 	10422 	10533
f 10542 	10533 	10422
f 11233 	11399 	11391
f 11400 	11428 	11398
f 10534 	10543 	10425
f 10424 	10425 	10543
f 11232 	11399 	11233
f 10534 	10417 	10418
f 11420 	11421 	11406
f 10421 	10532 	10438
f 11407 	11399 	11232
f 11409 	11396 	11408
f 11410 	11395 	11409
f 11411 	11394 	11410
f 11406 	11408 	11420
f 11414 	11393 	11411
f 11415 	9697 	11413
f 9697 	9696 	11413
f 9698 	11412 	9696
f 11412 	11413 	9696
f 11420 	11408 	11396
f 9699 	9697 	11417
f 11415 	11417 	9697
f 8016 	11362 	11358
f 8016 	11358 	11357
f 9698 	10129 	11416
f 9698 	11416 	11412
f 11407 	11234 	11512
f 11422 	9699 	11417
f 7923 	9699 	11422
f 9506 	7923 	11422
f 11397 	11398 	11418
f 11425 	11426 	11401
f 11402 	11404 	11424
f 11404 	11405 	11423
f 11405 	11406 	11421
f 11421 	11423 	11405
f 11423 	11424 	11404
f 11424 	11425 	11402
f 11401 	11402 	11425
f 11400 	11401 	11426
f 11426 	11427 	11400
f 11427 	11428 	11400
f 11418 	11398 	11428
f 11429 	11430 	8205
f 9526 	11429 	8205
f 11432 	10124 	11431
f 10124 	10122 	11431
f 10122 	8205 	11431
f 11430 	11431 	8205
f 11433 	11416 	10129
f 1240 	11340 	11367
f 11380 	11320 	6360
f 11218 	11267 	11380
f 10124 	11432 	10133
f 11432 	11433 	10133
f 10129 	10133 	11433
f 11419 	8067 	11361
f 11450 	11451 	11437
f 11437 	11438 	11450
f 11449 	11450 	11438
f 11439 	11449 	11438
f 11392 	11446 	11439
f 11339 	11442 	11341
f 11267 	11320 	11380
f 11443 	11444 	11476
f 7978 	11442 	11339
f 11445 	11475 	11444
f 11442 	11447 	11341
f 11448 	11439 	11446
f 11446 	11392 	11414
f 11452 	11453 	11435
f 11435 	11436 	11452
f 11341 	11447 	11343
f 11343 	11454 	11344
f 11285 	11286 	11963
f 11453 	11455 	11434
f 11442 	11457 	11447
f 11470 	11434 	11455
f 11361 	8067 	8016
f 11360 	8067 	11419
f 11468 	8067 	11360
f 11447 	11454 	11343
f 11458 	11469 	11456
f 11288 	11289 	11357
f 11471 	11472 	11443
f 11476 	11471 	11443
f 11459 	11460 	11458
f 11288 	11357 	11290
f 11358 	11290 	11357
f 11839 	11202 	11403
f 11451 	11452 	11436
f 11449 	11439 	11448
f 11434 	11435 	11453
f 11455 	11456 	11470
f 11436 	11437 	11451
f 11308 	11309 	11360
f 7985 	11457 	11442
f 11361 	11294 	11295
f 10421 	10424 	10532
f 11362 	11296 	11358
f 11298 	11358 	11296
f 11360 	11309 	11468
f 10532 	10437 	10438
f 10945 	11461 	11490
f 11289 	11294 	11357
f 10417 	10534 	10425
f 11299 	11296 	11362
f 10451 	10437 	10563
f 10532 	10563 	10437
f 11301 	11299 	11367
f 11362 	11367 	11299
f 10557 	10542 	10432
f 11367 	11340 	11301
f 10542 	10422 	10431
f 11290 	11358 	11298
f 10432 	10434 	10557
f 10558 	10557 	10434
f 10558 	10434 	10436
f 11318 	11361 	11295
f 10580 	10558 	10436
f 11319 	11419 	11318
f 11361 	11318 	11419
f 11308 	11360 	11319
f 11454 	11447 	11462
f 10452 	10451 	10563
f 11464 	11465 	11466
f 11447 	11457 	11462
f 10497 	10452 	10571
f 10563 	10571 	10452
f 11464 	11463 	11465
f 11310 	11311 	11467
f 10436 	10519 	10580
f 11521 	6940 	6726
f 10574 	10564 	10573
f 11440 	11474 	11459
f 11475 	11476 	11444
f 11469 	11458 	11460
f 11470 	11456 	11469
f 10360 	10364 	11466
f 11440 	11441 	11473
f 11474 	11440 	11473
f 11460 	11459 	11474
f 11472 	11473 	11441
f 11441 	11443 	11472
f 11310 	11467 	11315
f 11468 	11315 	11467
f 8067 	11468 	11467
f 11147 	11396 	11395
f 10360 	11466 	11465
f 11148 	11147 	11394
f 11395 	11394 	11147
f 11311 	11351 	11467
f 11394 	11393 	11148
f 10508 	10574 	10576
f 5950 	5945 	11239
f 11239 	4347 	5948
f 10360 	11465 	9636
f 11172 	11418 	11428
f 11461 	10923 	11463
f 5444 	5442 	7080
f 11461 	10917 	10923
f 11425 	11166 	11426
f 11463 	10927 	11465
f 11479 	5456 	11478
f 11166 	11425 	11167
f 11424 	11167 	11425
f 11423 	11168 	11167
f 11423 	11167 	11424
f 10927 	11463 	10923
f 11480 	5456 	11479
f 11168 	11423 	11421
f 10927 	9636 	11465
f 11481 	5456 	11480
f 11420 	11170 	11421
f 11483 	5456 	11482
f 11482 	5456 	11481
f 11420 	11396 	11146
f 11420 	11146 	11170
f 5442 	5443 	7077
f 11484 	5456 	11483
f 11485 	5456 	11484
f 11506 	11464 	11501
f 11418 	11172 	11397
f 11150 	11397 	11172
f 11398 	11397 	11150
f 7072 	5441 	5444
f 11398 	11151 	11400
f 11344 	11454 	11487
f 11466 	10364 	11500
f 11401 	11400 	11151
f 10576 	10577 	10511
f 11402 	11153 	11404
f 11462 	11488 	11454
f 10581 	10736 	10565
f 10516 	10511 	10577
f 11156 	11405 	11404
f 11454 	11488 	11487
f 11490 	11461 	11489
f 10578 	10518 	10577
f 10516 	10577 	10518
f 11488 	11491 	11487
f 11157 	11406 	11405
f 11157 	11405 	11156
f 11408 	11406 	11157
f 11159 	11409 	11408
f 11487 	11491 	11486
f 11464 	11489 	11463
f 10522 	10578 	10521
f 11409 	11159 	11160
f 11409 	11160 	11410
f 10518 	10578 	10522
f 11161 	11411 	11160
f 11410 	11160 	11411
f 11463 	11489 	11461
f 11411 	11161 	11162
f 11411 	11162 	11414
f 10565 	10573 	10564
f 11501 	11464 	11466
f 10509 	10574 	10508
f 11446 	11414 	11186
f 10576 	10511 	10512
f 10509 	10564 	10574
f 11175 	11439 	11438
f 11464 	11506 	11489
f 11438 	11437 	11176
f 11438 	11176 	11175
f 11177 	11176 	11436
f 11437 	11436 	11176
f 11436 	11435 	11177
f 10519 	10520 	10580
f 10579 	10580 	10520
f 11435 	11434 	11179
f 10579 	10520 	10521
f 6948 	11521 	11530
f 11527 	11528 	11521
f 11526 	11527 	11521
f 11584 	7002 	11530
f 11369 	11371 	11493
f 10576 	10512 	10508
f 11492 	10945 	11490
f 11495 	11494 	11354
f 10680 	10679 	11521
f 11506 	11523 	11489
f 10535 	10536 	10659
f 11523 	11490 	11489
f 10679 	10678 	11519
f 10662 	10659 	10537
f 10536 	10537 	10659
f 10681 	11499 	10678
f 10682 	11499 	10681
f 10535 	10659 	10664
f 10945 	11492 	10944
f 6726 	10680 	11521
f 11498 	10682 	10674
f 10662 	10537 	10540
f 11498 	11499 	10682
f 10540 	10541 	10662
f 11519 	11499 	11525
f 11498 	11314 	11499
f 11501 	11466 	11500
f 11743 	11541 	11372
f 11744 	11743 	11372
f 10539 	10664 	10538
f 10539 	10535 	10664
f 11500 	11504 	11503
f 10669 	10662 	10541
f 11503 	11501 	11500
f 10541 	10554 	10669
f 11503 	11505 	11501
f 10668 	10552 	10657
f 10664 	10657 	10538
f 10552 	10538 	10657
f 10669 	10554 	10677
f 10555 	10677 	10554
f 10555 	10685 	10677
f 11505 	11506 	11501
f 10566 	10567 	10735
f 11502 	11507 	11504
f 10735 	10736 	10566
f 10571 	10735 	10497
f 10585 	10586 	10760
f 10587 	10760 	10586
f 10587 	10668 	10657
f 10587 	10657 	10760
f 11500 	11502 	11504
f 10670 	10585 	10762
f 10760 	10762 	10585
f 12339 	10711 	10712
f 12340 	10688 	10689
f 10692 	12341 	10691
f 12340 	10689 	10711
f 10694 	10691 	12342
f 10694 	12342 	10695
f 12353 	10686 	10696
f 12378 	10706 	12382
f 12357 	10722 	10723
f 12373 	10699 	10700
f 10700 	10701 	12373
f 10704 	10708 	12374
f 10704 	12374 	10701
f 10707 	12382 	10706
f 12378 	12374 	10708
f 12378 	10708 	10706
f 10710 	10670 	12433
f 10710 	12433 	10713
f 12434 	10712 	10714
f 12434 	10714 	10719
f 12433 	12434 	10713
f 10719 	10713 	12434
f 11380 	6360 	11508
f 12443 	10733 	10731
f 11285 	6360 	11320
f 6360 	11285 	11963
f 11512 	11234 	11228
f 12444 	10751 	10752
f 12445 	10740 	10741
f 12445 	10741 	10751
f 10745 	10742 	12448
f 10745 	12448 	10746
f 10737 	12465 	10732
f 10754 	12475 	10753
f 10752 	10755 	12476
f 12476 	10755 	10756
f 10753 	12476 	10756
f 10754 	10725 	12475
f 11509 	11222 	11510
f 11510 	11220 	11511
f 11500 	10364 	11502
f 10382 	11507 	10386
f 11222 	11220 	11510
f 11507 	11502 	10386
f 7078 	4754 	4750
f 7079 	7078 	4750
f 10364 	10350 	11502
f 4754 	7078 	7077
f 11979 	11503 	11504
f 11506 	11505 	11531
f 11675 	11505 	11503
f 11540 	11206 	11518
f 12657 	12658 	6012
f 11434 	11470 	11179
f 10679 	11519 	11520
f 11520 	11521 	10679
f 4994 	12759 	12761
f 11519 	11525 	11521
f 11519 	11521 	11520
f 11204 	11470 	11469
f 7072 	5444 	7080
f 10678 	11499 	11519
f 11469 	11460 	11205
f 11469 	11205 	11204
f 11499 	11314 	11525
f 11184 	11388 	11445
f 11206 	11191 	11518
f 11492 	11522 	11518
f 8191 	8188 	5927
f 10889 	11541 	11525
f 11191 	11492 	11518
f 11522 	11490 	11523
f 11459 	11199 	11440
f 8385 	5896 	8386
f 11181 	11441 	11180
f 11440 	11180 	11441
f 8380 	8379 	5892
f 11441 	11181 	11182
f 11441 	11182 	11443
f 11182 	11183 	11443
f 11443 	11183 	11444
f 11490 	11522 	11492
f 11444 	11183 	11445
f 10944 	11492 	11191
f 11162 	11186 	11414
f 11446 	11186 	11187
f 11446 	11187 	11448
f 8391 	8378 	5893
f 11188 	11449 	11187
f 11448 	11187 	11449
f 11189 	11450 	11188
f 11449 	11188 	11450
f 11450 	11189 	11190
f 11450 	11190 	11451
f 11515 	11511 	11219
f 11193 	11452 	11190
f 11451 	11190 	11452
f 11194 	11453 	11193
f 11452 	11193 	11453
f 11453 	11194 	11455
f 8380 	5892 	8381
f 5894 	8381 	5892
f 11196 	11456 	11455
f 8372 	8203 	5903
f 11456 	11196 	11198
f 11456 	11198 	11458
f 8203 	8202 	5903
f 11458 	11198 	11199
f 11458 	11199 	11459
f 11526 	11521 	11525
f 11528 	11529 	11521
f 11529 	11530 	11521
f 11584 	11530 	11529
f 11584 	11529 	11585
f 11585 	11529 	11528
f 8372 	5903 	8373
f 11516 	12543 	11524
f 6948 	11530 	7002
f 6454 	7002 	11584
f 8382 	8381 	5894
f 11399 	11639 	11391
f 11518 	11543 	11540
f 11407 	11639 	11399
f 11512 	11639 	11407
f 11522 	11543 	11518
f 11523 	11506 	11531
f 5965 	8441 	5966
f 11809 	11820 	5970
f 11180 	11440 	11199
f 8464 	8463 	5982
f 5983 	5982 	8463
f 11386 	11471 	11476
f 11513 	11512 	11228
f 11476 	11475 	11388
f 11474 	11383 	11460
f 11384 	11474 	11473
f 11473 	11472 	11385
f 11473 	11385 	11384
f 11386 	11385 	11471
f 11472 	11471 	11385
f 5905 	8460 	5992
f 11534 	11350 	11535
f 4199 	4209 	7309
f 11381 	11143 	7309
f 898 	11350 	11534
f 11100 	11084 	7309
f 5984 	5983 	8467
f 8463 	8467 	5983
f 11100 	7309 	11143
f 6635 	10571 	7309
f 11353 	11537 	11536
f 11355 	11538 	11537
f 11326 	11539 	11538
f 11541 	11743 	11542
f 11920 	11540 	11543
f 11544 	11543 	11545
f 11403 	11206 	11540
f 11545 	11543 	11522
f 11522 	11523 	11545
f 11541 	11542 	11546
f 11532 	11541 	11546
f 11541 	11527 	11526
f 11541 	11532 	11527
f 11541 	11526 	11525
f 11639 	11390 	11391
f 12486 	10768 	10769
f 10769 	10770 	12486
f 12488 	10771 	10772
f 11513 	11509 	11639
f 12490 	10780 	12491
f 10781 	12491 	10780
f 10774 	10782 	12487
f 12490 	12487 	10782
f 11548 	11567 	11547
f 10782 	10780 	12490
f 12485 	10832 	10788
f 12488 	12485 	10771
f 11555 	11552 	11558
f 11549 	11558 	11552
f 11551 	11548 	11552
f 11558 	11559 	11554
f 11554 	11555 	11558
f 11550 	11547 	11567
f 9504 	12491 	4785
f 11556 	11561 	11653
f 11560 	11561 	11553
f 11553 	11554 	11559
f 11559 	11560 	11553
f 11556 	11553 	11561
f 11557 	11653 	11561
f 11513 	11639 	11512
f 11565 	11566 	11577
f 11566 	11562 	11577
f 11563 	11579 	11562
f 11578 	11577 	11562
f 10832 	12485 	10793
f 4793 	10833 	12528
f 11641 	11642 	11569
f 11570 	11569 	11643
f 11572 	11571 	11581
f 11581 	11573 	11572
f 11515 	11514 	11639
f 11582 	11583 	11573
f 11514 	11517 	11639
f 11575 	11574 	11583
f 11578 	11562 	11579
f 8171 	8170 	5929
f 11549 	11552 	11548
f 11567 	11548 	11551
f 11580 	11579 	11550
f 11567 	11580 	11550
f 11563 	11550 	11579
f 5927 	8195 	8191
f 5927 	5929 	8195
f 8170 	8195 	5929
f 11585 	11528 	11586
f 11587 	11586 	11528
f 11589 	5456 	11588
f 11587 	11528 	11527
f 11588 	5456 	11485
f 11532 	11587 	11527
f 11591 	5456 	11590
f 11614 	13194 	13034
f 11598 	4303 	11596
f 11599 	11600 	4303
f 11822 	11587 	11532
f 11477 	11478 	5456
f 11589 	11590 	5456
f 11591 	11592 	5456
f 11593 	5456 	11592
f 11586 	11587 	11594
f 11585 	11586 	11594
f 11598 	11599 	4303
f 11600 	11602 	4303
f 5456 	4303 	11601
f 11601 	11477 	5456
f 11606 	4303 	11604
f 11608 	4303 	11606
f 11584 	11585 	11605
f 11611 	4303 	11610
f 11610 	4303 	11608
f 11609 	11825 	11603
f 11612 	4303 	11611
f 10773 	11614 	11615
f 11617 	4303 	11616
f 11613 	4303 	11612
f 11595 	4303 	11617
f 11595 	11596 	4303
f 11613 	11616 	4303
f 11747 	11372 	11373
f 11622 	11620 	10789
f 11624 	5456 	11623
f 11623 	5456 	11621
f 11619 	11621 	5456
f 11837 	11843 	11830
f 11609 	11620 	11825
f 10779 	11607 	11597
f 11627 	4601 	11626
f 11607 	11825 	11597
f 11603 	11825 	11607
f 5893 	5892 	8379
f 8379 	8391 	5893
f 11634 	11633 	11508
f 11495 	11354 	11370
f 11370 	11493 	11495
f 11633 	11632 	11380
f 8375 	5906 	8376
f 11695 	11495 	11493
f 11380 	11508 	11633
f 11633 	11635 	6371
f 11085 	11494 	11497
f 11633 	11634 	11635
f 8377 	5901 	8378
f 5893 	8378 	5901
f 8377 	8395 	5901
f 11292 	11107 	11496
f 5901 	8395 	8376
f 8375 	8374 	5906
f 8374 	8411 	5906
f 11508 	11963 	11634
f 11760 	11292 	11496
f 11696 	11494 	11495
f 5904 	5903 	8202
f 8390 	8389 	5904
f 11756 	11497 	11638
f 8389 	8388 	5904
f 5905 	5904 	8388
f 11523 	11531 	11545
f 11577 	11576 	11565
f 11576 	11575 	11565
f 11564 	11565 	11575
f 11583 	11564 	11575
f 11574 	11573 	11583
f 11581 	11582 	11573
f 11640 	11641 	11568
f 11569 	11568 	11641
f 11642 	11643 	11569
f 11571 	11570 	11643
f 11643 	11644 	11571
f 11581 	11571 	11644
f 5905 	8388 	8387
f 5905 	8387 	8460
f 11711 	11703 	11650
f 11651 	11711 	11650
f 11713 	11711 	11651
f 11703 	11704 	11650
f 11648 	11650 	11704
f 11649 	4360 	11647
f 11645 	11647 	4360
f 11645 	4360 	11697
f 11654 	11649 	11647
f 11631 	4601 	11630
f 11497 	11756 	11496
f 11654 	11647 	11656
f 11645 	11656 	11647
f 11658 	11659 	13128
f 11638 	11497 	11494
f 11660 	8114 	11659
f 11662 	8114 	11660
f 11667 	11668 	8119
f 11638 	11494 	11696
f 11668 	11669 	8119
f 11637 	11636 	6442
f 8077 	8078 	11669
f 8078 	8075 	11669
f 4303 	8077 	11669
f 11656 	11666 	11654
f 11639 	11536 	11537
f 11604 	4303 	11671
f 11661 	11666 	11656
f 11672 	4601 	11631
f 11887 	11670 	6454
f 11537 	11538 	11639
f 11673 	4601 	11672
f 11674 	4601 	11673
f 11538 	11539 	11639
f 11677 	4601 	11676
f 11629 	11630 	4601
f 11539 	11390 	11639
f 11679 	4601 	11678
f 11676 	4601 	11674
f 11685 	11486 	11491
f 11687 	13128 	11686
f 11688 	11689 	13128
f 11685 	11491 	12426
f 11690 	13128 	11689
f 11691 	13128 	11690
f 11509 	11510 	11639
f 11675 	11654 	11666
f 11544 	11545 	11661
f 11493 	11694 	11695
f 11510 	11511 	11639
f 11666 	11661 	11531
f 11511 	11515 	11639
f 11531 	11505 	11666
f 11545 	11531 	11661
f 11505 	11675 	11666
f 11495 	11695 	11696
f 11517 	11516 	11639
f 11979 	11675 	11503
f 11685 	11371 	11486
f 11516 	11524 	11639
f 11694 	11493 	11371
f 11524 	3 	11639
f 11694 	11371 	11685
f 3 	5 	11639
f 11645 	11697 	11656
f 5 	7 	11639
f 11695 	11694 	12449
f 7 	11 	11639
f 11 	12 	11639
f 11698 	10967 	11699
f 12 	66 	11639
f 11685 	12447 	11694
f 66 	67 	11639
f 11695 	12449 	11800
f 11752 	11805 	4680
f 11749 	11750 	4680
f 8358 	8405 	4680
f 11702 	11700 	11701
f 11695 	11800 	11696
f 11701 	11700 	8365
f 75 	80 	11639
f 80 	81 	11639
f 11653 	11557 	11655
f 81 	2038 	11639
f 11652 	11646 	11655
f 11557 	11652 	11655
f 2038 	2041 	11639
f 11714 	11715 	11707
f 2041 	2043 	11639
f 11297 	11706 	11300
f 11713 	11714 	11707
f 11708 	11713 	11707
f 11291 	10213 	10203
f 11708 	11711 	11713
f 11646 	11648 	11704
f 11704 	11705 	11646
f 11705 	11655 	11646
f 11534 	11535 	11639
f 11726 	11709 	11716
f 11716 	11717 	11726
f 11717 	11718 	11726
f 11727 	11726 	11718
f 11706 	11712 	11300
f 11535 	11536 	11639
f 11753 	11754 	11721
f 11303 	11712 	10213
f 1027 	1028 	11639
f 11724 	11720 	11755
f 11720 	11721 	11755
f 11725 	11768 	11722
f 11568 	11722 	11640
f 11754 	11755 	11721
f 11723 	11753 	11721
f 1028 	1029 	11639
f 11706 	10235 	11712
f 11706 	10234 	10235
f 11710 	11707 	11715
f 1029 	1031 	11639
f 11709 	11710 	11715
f 11728 	11727 	11718
f 11715 	11716 	11709
f 1031 	1034 	11639
f 11729 	11728 	11719
f 11718 	11719 	11728
f 11719 	11761 	11729
f 1034 	1037 	11639
f 11761 	11762 	11729
f 11730 	11729 	11762
f 11733 	11765 	11734
f 11731 	11730 	11762
f 11734 	11766 	11736
f 11706 	11735 	10234
f 11736 	11758 	11737
f 11735 	11739 	10234
f 11737 	11758 	11738
f 11692 	13128 	11691
f 11693 	11740 	13128
f 11658 	13128 	11657
f 11741 	11657 	13128
f 11740 	11741 	13128
f 8075 	8119 	11669
f 11671 	4303 	11669
f 11663 	8114 	11662
f 11602 	11601 	4303
f 11625 	11626 	5456
f 11677 	11678 	4601
f 11681 	4601 	11680
f 11679 	11680 	4601
f 11593 	11618 	5456
f 11618 	11619 	5456
f 11624 	11625 	5456
f 4601 	5456 	11626
f 11628 	4601 	11627
f 11629 	4601 	11628
f 6056 	7926 	4229
f 7929 	4229 	7926
f 6057 	4230 	7927
f 11742 	11636 	11637
f 993 	994 	11639
f 994 	972 	11639
f 11670 	11911 	11637
f 972 	974 	11639
f 11804 	11747 	11373
f 11700 	11749 	8365
f 11822 	11546 	11748
f 8371 	11701 	8365
f 11698 	8371 	8394
f 10968 	11698 	8394
f 11698 	11701 	8371
f 11701 	11699 	11702
f 11744 	11746 	11745
f 11701 	11698 	11699
f 11744 	11747 	11746
f 11745 	11743 	11744
f 4360 	4680 	11805
f 8405 	11749 	4680
f 11745 	11542 	11743
f 11749 	11700 	11750
f 11752 	11750 	11700
f 8405 	8365 	11749
f 11699 	11197 	11839
f 11745 	11746 	11751
f 10967 	11197 	11699
f 11750 	11752 	4680
f 11739 	10240 	10234
f 11759 	11753 	11738
f 11723 	11738 	11753
f 11725 	11724 	11767
f 11755 	11767 	11724
f 11639 	67 	69
f 11496 	11756 	11760
f 11759 	11738 	11758
f 11762 	11763 	11731
f 11763 	11764 	11731
f 11758 	11736 	11757
f 11732 	11731 	11764
f 11733 	11732 	11764
f 11764 	11765 	11733
f 11766 	11734 	11765
f 11757 	11736 	11766
f 11768 	11725 	11767
f 11640 	11722 	11768
f 11639 	73 	75
f 11772 	11864 	11787
f 11868 	11787 	11864
f 69 	73 	11639
f 11774 	11828 	11773
f 11778 	11779 	11795
f 11794 	11795 	11779
f 11797 	11794 	11780
f 11780 	11781 	11797
f 11773 	11798 	11781
f 11297 	11292 	11735
f 11775 	11788 	11784
f 11292 	11760 	11735
f 11783 	11785 	11788
f 11785 	11784 	11788
f 11788 	11769 	11783
f 11297 	11735 	11706
f 11769 	11770 	11783
f 11771 	11772 	11787
f 11782 	11783 	11770
f 11639 	974 	11533
f 11533 	11534 	11639
f 11638 	11802 	11756
f 11756 	11796 	11760
f 11799 	11793 	11778
f 11760 	11739 	11735
f 11796 	11739 	11760
f 10396 	11739 	11796
f 11796 	10397 	10396
f 1005 	11639 	2043
f 11796 	11802 	10397
f 1005 	1027 	11639
f 11696 	11801 	11638
f 11696 	11800 	11801
f 11756 	11802 	11796
f 8373 	5903 	5906
f 11802 	11638 	11801
f 5896 	8462 	8386
f 8390 	5904 	8202
f 11748 	11542 	11745
f 5896 	8385 	8384
f 11700 	11803 	11752
f 11748 	11546 	11542
f 5896 	8384 	5897
f 11700 	11702 	11803
f 5894 	8383 	8382
f 8426 	8383 	5897
f 8426 	5897 	8384
f 5969 	8433 	8432
f 11804 	11376 	11375
f 11702 	11699 	11839
f 8433 	5969 	8436
f 11380 	11804 	11375
f 8440 	5966 	8441
f 11803 	11805 	11752
f 8442 	8441 	5965
f 11802 	11801 	11812
f 8442 	5965 	8188
f 5965 	5927 	8188
f 11800 	11807 	11801
f 11811 	11804 	11806
f 5969 	8432 	11809
f 5970 	5969 	11809
f 8446 	11809 	8432
f 11808 	11809 	8446
f 8448 	8436 	5966
f 5966 	8440 	8448
f 11810 	11804 	11811
f 5982 	5990 	8454
f 8458 	5993 	8459
f 11812 	10400 	10397
f 11806 	11815 	11811
f 5993 	8458 	8457
f 11812 	10401 	10400
f 11804 	11746 	11747
f 8457 	8456 	5993
f 11801 	11807 	11812
f 11802 	11812 	10397
f 11810 	11811 	11746
f 11804 	11810 	11746
f 11807 	10401 	11812
f 5992 	8460 	8466
f 8467 	8462 	5984
f 11811 	11813 	11814
f 8466 	8459 	5992
f 8454 	8464 	5982
f 11815 	11817 	11813
f 5878 	6006 	8473
f 8484 	8473 	6006
f 11811 	11815 	11813
f 5878 	8473 	6012
f 11746 	11811 	11814
f 11751 	11746 	11814
f 413 	6012 	8473
f 8484 	11818 	11819
f 11813 	11817 	11816
f 6006 	6055 	8484
f 11808 	8446 	11819
f 11816 	11636 	11742
f 11819 	11820 	11808
f 11809 	11808 	11820
f 11820 	11819 	11818
f 11816 	11817 	11912
f 11912 	11636 	11816
f 6054 	5970 	11820
f 11818 	6055 	11820
f 11822 	11821 	11823
f 11585 	11594 	11824
f 10773 	11615 	10789
f 11622 	10789 	11615
f 11823 	11824 	11594
f 11825 	11620 	11622
f 11615 	11614 	13034
f 11594 	11587 	11822
f 11792 	11776 	11793
f 11776 	11777 	11793
f 11777 	11778 	11793
f 10794 	11826 	11827
f 11795 	11799 	11778
f 11779 	11780 	11794
f 11830 	10778 	11829
f 10779 	11829 	10778
f 10779 	11597 	11829
f 11831 	10785 	11830
f 11917 	4360 	11918
f 11829 	11825 	11830
f 11597 	11825 	11829
f 11832 	11833 	11803
f 10795 	11831 	11834
f 11825 	11837 	11830
f 11834 	11835 	10795
f 11832 	11836 	11833
f 11835 	11834 	4481
f 11834 	11831 	4481
f 11835 	11826 	10795
f 10794 	10795 	11826
f 11827 	11826 	4481
f 10406 	12055 	11955
f 11702 	11832 	11803
f 11839 	11832 	11702
f 11403 	11836 	11832
f 11837 	11825 	11838
f 11798 	11773 	11828
f 11797 	11781 	11798
f 11775 	11784 	11774
f 11828 	11774 	11784
f 11841 	12006 	11830
f 11792 	11791 	11776
f 11789 	11859 	11791
f 11854 	11855 	11847
f 11847 	11848 	11854
f 11853 	11854 	11848
f 11790 	11859 	11789
f 11822 	11823 	11594
f 11850 	11849 	11853
f 11748 	11745 	11822
f 11546 	11822 	11532
f 11844 	11847 	11855
f 11855 	11856 	11844
f 11856 	11857 	11844
f 11845 	11844 	11857
f 11790 	11845 	11857
f 11858 	11790 	11857
f 11859 	11790 	11858
f 11860 	11791 	11859
f 11776 	11791 	11860
f 11848 	11850 	11853
f 11852 	11853 	11849
f 11851 	11852 	11849
f 11863 	11866 	11862
f 11862 	11867 	11861
f 11870 	11868 	11864
f 11861 	11870 	11864
f 11786 	11782 	11770
f 11869 	11823 	11821
f 11787 	11786 	11771
f 11770 	11771 	11786
f 11867 	11862 	11866
f 11824 	11823 	11869
f 11869 	11906 	11907
f 11871 	11866 	11874
f 11863 	11874 	11866
f 11870 	11861 	11867
f 11875 	11876 	11865
f 11879 	11878 	11876
f 11876 	11877 	11879
f 11872 	11890 	11877
f 11865 	11871 	11874
f 11873 	11890 	11872
f 11874 	11875 	11865
f 11882 	11880 	11897
f 11878 	11865 	11876
f 11879 	11877 	11890
f 11895 	11927 	11885
f 11893 	11894 	11883
f 11884 	11883 	11895
f 11883 	11882 	11893
f 11897 	11893 	11882
f 11896 	11897 	11880
f 11880 	11881 	11896
f 11881 	11891 	11896
f 11873 	11896 	11891
f 11891 	11890 	11873
f 11886 	11885 	11928
f 11928 	11929 	11888
f 11927 	11928 	11885
f 11894 	11895 	11883
f 11885 	11884 	11895
f 11821 	11822 	11900
f 11901 	11923 	11899
f 11892 	11821 	11900
f 11898 	11905 	11902
f 11902 	11905 	11903
f 11903 	11851 	11849
f 11888 	11886 	11928
f 11892 	11900 	11751
f 11900 	11822 	11745
f 11745 	11751 	11900
f 11605 	11824 	11887
f 11906 	11869 	11821
f 11892 	11906 	11821
f 11909 	11907 	11906
f 11869 	11907 	11887
f 11869 	11887 	11824
f 11907 	11911 	11670
f 11907 	11670 	11887
f 11605 	11887 	11908
f 11908 	11887 	6454
f 6454 	11584 	11908
f 11824 	11605 	11585
f 11908 	11584 	11605
f 11906 	11892 	11909
f 11813 	11816 	11910
f 11814 	11813 	11910
f 11814 	11910 	11892
f 11892 	11751 	11814
f 11909 	11892 	11910
f 11909 	11742 	11911
f 11909 	11910 	11816
f 11909 	11816 	11742
f 11907 	11909 	11911
f 11911 	11742 	11637
f 7929 	7928 	4229
f 4230 	4229 	7928
f 11945 	6552 	6558
f 11912 	6553 	11636
f 6558 	11912 	11945
f 11912 	6558 	6553
f 6371 	11913 	11914
f 11914 	11915 	11633
f 11633 	6371 	11914
f 11804 	11914 	11806
f 11804 	11380 	11632
f 11403 	11832 	11839
f 11197 	11202 	11839
f 11917 	11833 	11916
f 11916 	11833 	11943
f 8555 	12296 	8556
f 8584 	12291 	8571
f 11805 	11918 	4360
f 11833 	11917 	11918
f 11805 	11803 	11918
f 11918 	11803 	11833
f 12286 	8566 	8565
f 11917 	11916 	4360
f 11949 	11919 	8298
f 10805 	11921 	11846
f 11926 	11922 	11919
f 11905 	11851 	11903
f 11924 	11925 	11899
f 11904 	11923 	11901
f 11889 	11930 	11904
f 11931 	11904 	11930
f 11923 	11924 	11899
f 11898 	11899 	11925
f 11905 	11898 	11925
f 11831 	11830 	12006
f 11889 	11888 	11929
f 11930 	11889 	11929
f 11923 	11904 	11931
f 11922 	8293 	11919
f 11840 	11825 	11921
f 11838 	11825 	11840
f 10766 	11932 	12132
f 12132 	12131 	10766
f 9393 	10766 	12131
f 11843 	11842 	11830
f 11842 	11841 	11830
f 11919 	8293 	8298
f 12006 	12002 	11831
f 11846 	11935 	10805
f 10804 	10805 	11935
f 11921 	11825 	11846
f 13034 	11846 	11825
f 11622 	11615 	11825
f 11933 	10804 	11935
f 11540 	11836 	11403
f 11926 	11936 	11922
f 11937 	4360 	11916
f 11937 	11938 	4360
f 11938 	11939 	4360
f 11939 	11974 	4360
f 11940 	11936 	11941
f 11942 	11939 	11938
f 11926 	11941 	11936
f 11561 	12003 	11557
f 11943 	11942 	11938
f 11943 	11938 	11937
f 12194 	11652 	12007
f 11937 	11916 	11943
f 12010 	12149 	11551
f 11551 	11552 	12010
f 11933 	11935 	13034
f 11935 	11846 	13034
f 10809 	10797 	11934
f 11933 	13034 	11934
f 11635 	11963 	6371
f 11915 	11914 	11804
f 11952 	11934 	10406
f 11632 	11633 	11915
f 11915 	11804 	11632
f 11913 	6552 	11945
f 11914 	11913 	11945
f 6362 	11963 	6363
f 11634 	11963 	11635
f 11945 	11815 	11914
f 11806 	11914 	11815
f 11950 	11951 	10815
f 11962 	6363 	11963
f 11949 	8298 	8341
f 11952 	10809 	11934
f 13034 	10406 	11934
f 11966 	8396 	2712
f 10814 	11953 	11948
f 11945 	11912 	11817
f 10814 	10816 	11953
f 11953 	11955 	12056
f 12054 	12056 	11955
f 6371 	11963 	6362
f 11815 	11945 	11817
f 8341 	11954 	11949
f 12060 	12059 	11944
f 12056 	12048 	11948
f 11948 	11953 	12056
f 8397 	2712 	8396
f 11958 	11956 	11957
f 11958 	11957 	11959
f 6363 	11962 	6365
f 11960 	11961 	11962
f 11960 	11962 	11963
f 11964 	11965 	11961
f 11962 	11961 	11965
f 11957 	11956 	11964
f 11965 	11964 	11956
f 7636 	11627 	11626
f 11967 	11966 	2712
f 11966 	11954 	8357
f 11966 	11967 	11954
f 11550 	11970 	11547
f 11971 	11547 	11970
f 11548 	11547 	11971
f 12022 	11954 	11967
f 7655 	7654 	11662
f 8396 	11966 	8357
f 12058 	2712 	12057
f 12022 	2712 	12021
f 12014 	12013 	11553
f 11554 	11553 	12013
f 12012 	12011 	11555
f 11926 	11968 	11969
f 12012 	11555 	11554
f 12012 	11554 	12013
f 12015 	12014 	11556
f 11972 	11971 	10766
f 11970 	10766 	11971
f 11972 	10766 	11997
f 12286 	12284 	8572
f 11972 	11548 	11971
f 11836 	11920 	11943
f 8573 	12284 	8574
f 11943 	11920 	11942
f 11833 	11836 	11943
f 8576 	8574 	12292
f 11540 	11920 	11836
f 11920 	11544 	11942
f 11543 	11544 	11920
f 8577 	12291 	8584
f 11656 	11973 	11661
f 11973 	11544 	11661
f 11975 	4360 	11974
f 11697 	4360 	11975
f 11973 	11975 	11974
f 11974 	11939 	11942
f 11974 	11942 	11973
f 11975 	11973 	11697
f 11656 	11697 	11973
f 12294 	8716 	12293
f 8711 	12293 	8716
f 11942 	11544 	11973
f 11977 	11507 	11976
f 11977 	11504 	11507
f 10382 	11976 	11507
f 7633 	11664 	11663
f 4794 	11604 	11671
f 11979 	11504 	11977
f 11981 	11982 	4360
f 11982 	12072 	4360
f 11983 	11982 	11981
f 12072 	11982 	11983
f 11980 	11983 	11981
f 11986 	12103 	11985
f 11983 	11980 	11987
f 11984 	11987 	11980
f 11980 	11981 	4360
f 4474 	4473 	11482
f 11990 	11991 	12103
f 11992 	12103 	11991
f 11993 	12103 	11992
f 11985 	12103 	11993
f 11995 	12103 	11986
f 12108 	12103 	11995
f 11989 	11990 	12103
f 11985 	8892 	11986
f 11984 	11988 	11994
f 11984 	11994 	11987
f 8893 	11985 	9028
f 8891 	11986 	8892
f 11978 	11996 	11983
f 8923 	8922 	11991
f 11991 	11990 	8923
f 8924 	8923 	11990
f 9027 	8925 	11995
f 11992 	8921 	9029
f 11992 	9029 	11993
f 9028 	11993 	9029
f 11991 	8922 	11992
f 11595 	4480 	11596
f 11987 	11978 	11983
f 12027 	9031 	11989
f 4716 	4480 	11595
f 11995 	9036 	9027
f 10588 	10608 	4360
f 8891 	9036 	11986
f 11995 	11986 	9036
f 4463 	4438 	11601
f 11548 	11972 	11549
f 11997 	11549 	11972
f 11549 	11997 	11558
f 12003 	12000 	10766
f 11926 	11969 	11941
f 11998 	11558 	11997
f 11968 	11926 	11919
f 11998 	10766 	11999
f 11955 	10816 	11951
f 11558 	11998 	11559
f 11999 	11559 	11998
f 11944 	11947 	12047
f 11951 	10406 	11955
f 11950 	10406 	11951
f 11952 	10406 	11950
f 11999 	10766 	12000
f 11949 	11968 	11919
f 10798 	11080 	12002
f 11559 	11999 	11560
f 12000 	11560 	11999
f 12000 	12003 	11561
f 12000 	11561 	11560
f 12007 	11557 	12003
f 10798 	12002 	12006
f 11968 	12005 	11969
f 4481 	11831 	12002
f 4481 	12002 	12001
f 11826 	11835 	4481
f 12021 	2712 	12058
f 11557 	12007 	11652
f 11081 	12017 	12008
f 11081 	12008 	12004
f 12004 	4481 	12001
f 12008 	4481 	12004
f 12012 	12225 	12011
f 12013 	12225 	12012
f 12014 	12225 	12013
f 12015 	12225 	12014
f 12215 	12217 	12015
f 12005 	11968 	12009
f 11084 	12016 	12017
f 11552 	12011 	12010
f 10810 	11944 	12018
f 10810 	12018 	10811
f 12019 	10811 	12018
f 12009 	11968 	11949
f 12047 	12060 	11944
f 11954 	12009 	11949
f 12020 	10812 	12019
f 10811 	12019 	10812
f 11552 	11555 	12011
f 12018 	11944 	12059
f 9030 	8924 	11989
f 11990 	11989 	8924
f 10812 	12020 	11088
f 12023 	11088 	12020
f 11553 	11556 	12014
f 11088 	12023 	12025
f 11556 	11653 	12015
f 12027 	12103 	12026
f 11989 	12103 	12027
f 12024 	12026 	12103
f 12103 	12105 	12024
f 12025 	12023 	4156
f 12066 	12064 	12020
f 12025 	12016 	11088
f 11084 	11088 	12016
f 12026 	9175 	12027
f 4156 	12016 	12025
f 11956 	6365 	11965
f 11965 	6365 	11962
f 11508 	6360 	11963
f 12017 	12016 	4156
f 12030 	12031 	12029
f 12028 	12029 	12031
f 12017 	4156 	12008
f 12030 	12029 	11958
f 12030 	11958 	11959
f 12032 	12028 	12031
f 12032 	12031 	12033
f 12054 	11955 	12055
f 12034 	12032 	12033
f 12034 	12033 	12035
f 12034 	12035 	12038
f 12034 	12038 	12039
f 12041 	12039 	12040
f 12038 	12040 	12039
f 12045 	12046 	12043
f 12042 	12043 	12046
f 12044 	12024 	12037
f 12106 	12036 	12024
f 11129 	11130 	12048
f 11967 	2712 	12022
f 12046 	12041 	12042
f 12040 	12042 	12041
f 12021 	12009 	12022
f 11954 	12022 	12009
f 12049 	12051 	12045
f 12049 	12045 	12043
f 12053 	12051 	12052
f 12049 	12052 	12051
f 7239 	12053 	12052
f 12050 	12059 	11122
f 12034 	6365 	12032
f 12039 	12041 	6365
f 12034 	12039 	6365
f 12041 	12046 	6365
f 12046 	12045 	6365
f 6369 	6366 	12053
f 6366 	6365 	12053
f 6560 	6369 	12053
f 12045 	12051 	6365
f 12058 	12057 	12005
f 12058 	12005 	12009
f 11947 	11946 	12047
f 12055 	12061 	11133
f 7748 	11109 	11106
f 7748 	11106 	11105
f 7748 	11105 	11101
f 7748 	11101 	11098
f 11098 	11097 	7748
f 7748 	11093 	11092
f 11091 	7748 	11092
f 11086 	7748 	11091
f 11083 	7748 	11086
f 11093 	7748 	11097
f 12057 	2712 	12067
f 12062 	11117 	12061
f 12057 	12067 	12005
f 12021 	12058 	12009
f 12061 	12055 	10406
f 12062 	12061 	10406
f 12048 	12047 	11946
f 11946 	11948 	12048
f 12050 	12066 	12018
f 12019 	12018 	12066
f 12020 	12019 	12066
f 12059 	12050 	12018
f 12074 	12062 	10406
f 11122 	11142 	12064
f 11996 	11978 	10546
f 12065 	12063 	11142
f 11994 	11977 	11987
f 12066 	12050 	11122
f 12023 	12020 	12064
f 12066 	11122 	12064
f 11979 	11977 	11994
f 4156 	12023 	12064
f 12063 	4156 	12064
f 12065 	4156 	12063
f 11978 	11987 	11976
f 12068 	12065 	11143
f 11142 	11143 	12065
f 11977 	11976 	11987
f 12065 	12068 	4156
f 12068 	12080 	4156
f 12071 	11378 	12070
f 12073 	10588 	4360
f 10608 	10609 	4360
f 11378 	11377 	12070
f 12076 	11379 	12077
f 12077 	10406 	12076
f 12077 	11379 	12071
f 11378 	12071 	11379
f 1039 	11639 	1037
f 12077 	12071 	10406
f 12070 	12074 	10406
f 12071 	12070 	10406
f 11381 	12079 	12080
f 1039 	993 	11639
f 11382 	10444 	12082
f 12075 	12081 	12153
f 12082 	10444 	5697
f 10452 	5697 	10416
f 12068 	11381 	12080
f 12080 	12079 	5697
f 12079 	12082 	5697
f 12084 	10469 	12277
f 1991 	4070 	5697
f 5697 	4156 	12080
f 12088 	12085 	12086
f 10853 	12085 	12088
f 10857 	10842 	12090
f 12089 	12090 	10842
f 12086 	12085 	12092
f 12085 	12098 	12091
f 12092 	12085 	12091
f 12093 	12091 	12098
f 9189 	9188 	12036
f 12084 	10597 	10593
f 10861 	12093 	12098
f 12096 	12097 	12098
f 10593 	10469 	12084
f 11282 	7748 	11284
f 11109 	7748 	11282
f 11284 	7748 	11286
f 9181 	9180 	12024
f 12084 	12083 	10597
f 9183 	12037 	9184
f 12044 	9186 	9185
f 9183 	9187 	12037
f 9030 	11989 	9031
f 9181 	12024 	9185
f 12044 	9185 	12024
f 12037 	12036 	9188
f 9184 	12037 	9188
f 12101 	12100 	12087
f 12027 	9174 	9031
f 12083 	12100 	10597
f 12044 	9187 	9186
f 12083 	12087 	12100
f 9175 	12026 	9180
f 10705 	12100 	12181
f 12106 	9190 	12036
f 10705 	10597 	12100
f 12103 	12110 	12102
f 12106 	12024 	12105
f 12036 	12037 	12024
f 12105 	12103 	9191
f 9192 	9191 	12103
f 12107 	12101 	12087
f 12103 	12102 	9193
f 9194 	9193 	12102
f 12087 	12290 	12107
f 9197 	9194 	12104
f 12103 	9193 	9192
f 11569 	12137 	11568
f 12136 	11568 	12137
f 9191 	9195 	12105
f 12072 	11996 	12073
f 12139 	11570 	11571
f 12072 	11983 	11996
f 12106 	12105 	9196
f 12141 	11573 	12142
f 12102 	12104 	9194
f 10588 	12073 	11996
f 10584 	10588 	11996
f 12098 	12099 	12096
f 10861 	12098 	12097
f 10861 	12097 	12095
f 10865 	10860 	12095
f 12109 	12103 	12108
f 12110 	12103 	12109
f 12104 	12102 	12110
f 12109 	12108 	9301
f 9302 	9301 	12108
f 12113 	12248 	12112
f 12111 	12112 	12248
f 11994 	11988 	12156
f 12115 	12128 	12114
f 12117 	12189 	12116
f 9301 	9315 	12109
f 12118 	12122 	12115
f 10838 	10839 	12128
f 10838 	12128 	12085
f 12115 	12121 	12128
f 12123 	12171 	12120
f 12165 	12796 	12119
f 12085 	12128 	12121
f 12122 	12121 	12115
f 12122 	12118 	12170
f 12125 	12128 	12124
f 12119 	12129 	12166
f 12128 	12127 	12124
f 12114 	12128 	12125
f 12127 	12128 	12126
f 12176 	12124 	12127
f 12131 	11565 	11564
f 12131 	12132 	11565
f 11566 	11565 	12132
f 12132 	11932 	11566
f 11562 	11566 	11932
f 11563 	11562 	11932
f 11563 	12133 	11550
f 11961 	11960 	6398
f 11577 	12145 	11576
f 12144 	11576 	12145
f 6105 	7887 	6104
f 7748 	6398 	11286
f 11578 	12146 	11577
f 12145 	11577 	12146
f 12147 	12146 	11579
f 11578 	11579 	12146
f 11580 	12147 	11579
f 11964 	11961 	6398
f 11570 	12138 	11569
f 11960 	11286 	6398
f 11572 	12140 	11571
f 12141 	11572 	11573
f 11574 	12142 	11573
f 12144 	11575 	11576
f 11959 	11957 	6398
f 12030 	11959 	6398
f 12031 	12030 	6398
f 11957 	11964 	6398
f 12148 	12147 	11580
f 7886 	6104 	7887
f 12148 	11580 	11567
f 7892 	7891 	6106
f 7892 	6106 	7902
f 6107 	7902 	6106
f 12042 	6398 	12043
f 12052 	12049 	6398
f 12049 	12043 	6398
f 12040 	6398 	12042
f 12033 	6398 	12035
f 12139 	11571 	12140
f 6105 	7938 	7887
f 12141 	12140 	11572
f 6106 	8178 	6115
f 11575 	12143 	11574
f 4755 	957 	17
f 899 	958 	4755
f 7948 	6104 	7886
f 7902 	6107 	7948
f 11564 	11583 	12130
f 12130 	9393 	12131
f 6115 	8165 	6116
f 8164 	6116 	8165
f 11564 	12130 	12131
f 8176 	6117 	8164
f 6116 	8164 	6117
f 8176 	8171 	6117
f 5929 	6117 	8171
f 11932 	10766 	12133
f 11970 	12133 	10766
f 11932 	12133 	11563
f 12135 	45 	12128
f 12128 	12275 	12135
f 11984 	11980 	4360
f 12072 	12073 	4360
f 11970 	11550 	12133
f 12138 	12225 	12137
f 12139 	12225 	12138
f 12140 	12225 	12139
f 12141 	12225 	12140
f 12142 	12225 	12141
f 12143 	12225 	12142
f 12144 	12225 	12143
f 12145 	12225 	12144
f 12146 	12225 	12145
f 12147 	12225 	12146
f 12148 	12225 	12147
f 12149 	12225 	12148
f 12010 	12225 	12149
f 11567 	11551 	12149
f 12137 	11569 	12138
f 11649 	12150 	4360
f 12139 	12138 	11570
f 12156 	11988 	4360
f 12151 	4360 	12150
f 12295 	8498 	7938
f 12142 	11574 	12143
f 12152 	12151 	12150
f 12153 	10401 	12075
f 11988 	11984 	4360
f 12143 	11575 	12144
f 12152 	12150 	11654
f 11649 	11654 	12150
f 12069 	12154 	12078
f 11567 	12149 	12148
f 12078 	12155 	12081
f 12158 	9393 	12157
f 12159 	9393 	12160
f 12078 	12154 	12155
f 12157 	11642 	11641
f 12157 	11641 	12158
f 12157 	9393 	12159
f 12160 	9393 	12161
f 12159 	11643 	11642
f 12159 	11642 	12157
f 12151 	12152 	12156
f 11994 	12156 	12152
f 12160 	11644 	11643
f 12160 	11643 	12159
f 11654 	11675 	12152
f 12161 	11581 	11644
f 12161 	11644 	12160
f 12161 	9393 	12162
f 12152 	11979 	11994
f 12162 	11582 	11581
f 12162 	11581 	12161
f 12162 	9393 	12163
f 12163 	11583 	11582
f 12163 	11582 	12162
f 11979 	12152 	11675
f 12163 	9393 	12130
f 12130 	11583 	12163
f 8505 	8498 	12295
f 12158 	12164 	9393
f 12164 	12158 	11640
f 11641 	11640 	12158
f 12295 	12297 	8505
f 12337 	12443 	12164
f 11640 	11768 	12164
f 8547 	8545 	12297
f 12296 	8553 	12297
f 8547 	12297 	8553
f 8554 	8553 	12296
f 8554 	12296 	8555
f 12215 	12015 	11653
f 4361 	12294 	4688
f 11704 	11703 	12218
f 12166 	13241 	12165
f 12218 	12217 	11704
f 12119 	12166 	12165
f 12225 	12224 	11709
f 7072 	10280 	12129
f 12166 	12129 	10280
f 12293 	12222 	5879
f 5879 	5880 	12293
f 12134 	12135 	12275
f 12167 	12116 	12189
f 12168 	12167 	12189
f 12101 	12181 	12100
f 11711 	11708 	12220
f 12094 	12120 	12171
f 12122 	12170 	12172
f 12169 	12172 	12170
f 12189 	12188 	12168
f 12188 	12184 	12168
f 12174 	12180 	12173
f 12177 	12124 	12176
f 12175 	12173 	12178
f 12179 	12178 	12173
f 12180 	12179 	12173
f 12114 	12125 	12190
f 12220 	12219 	11711
f 11652 	12194 	11646
f 10767 	11646 	12194
f 12181 	11221 	10705
f 11646 	10767 	11648
f 12201 	11648 	10767
f 12201 	11650 	11648
f 12216 	12215 	11655
f 12101 	12182 	12181
f 12101 	12228 	12182
f 12096 	12099 	12185
f 12223 	12221 	11707
f 12187 	12188 	12189
f 12189 	12190 	12187
f 12171 	12168 	12184
f 5880 	5887 	12294
f 12294 	12293 	5880
f 12191 	12190 	12125
f 11708 	12221 	12220
f 12223 	11707 	11710
f 12227 	12234 	12193
f 12190 	12191 	12186
f 12186 	12187 	12190
f 12094 	12171 	12184
f 12185 	12099 	12184
f 12094 	12184 	12099
f 12194 	12007 	10677
f 12007 	12003 	10677
f 12198 	12199 	12197
f 12199 	12211 	12197
f 12196 	12197 	12174
f 12296 	5904 	12195
f 12126 	12128 	12202
f 8556 	12296 	12195
f 12201 	10767 	10677
f 12200 	12202 	12128
f 12204 	12126 	12202
f 12195 	8557 	8556
f 11650 	12201 	12203
f 12195 	8559 	8557
f 12203 	12206 	11651
f 12203 	11651 	11650
f 12195 	12286 	8565
f 12287 	11713 	12206
f 12195 	8565 	8559
f 12174 	12197 	12211
f 12174 	12211 	12212
f 12174 	12212 	12210
f 12210 	12209 	12174
f 12174 	12209 	12213
f 12174 	12213 	12214
f 12174 	12214 	12208
f 12208 	12207 	12174
f 12174 	12207 	12180
f 12216 	12217 	12215
f 12218 	12015 	12217
f 12219 	12015 	12218
f 12220 	12015 	12219
f 12221 	12015 	12220
f 12223 	12015 	12221
f 12224 	12015 	12223
f 12225 	12015 	12224
f 12010 	12011 	12225
f 11653 	11655 	12215
f 11703 	12219 	12218
f 11655 	11705 	12216
f 12217 	12216 	11705
f 12234 	12183 	12193
f 12230 	12231 	55
f 12231 	12232 	55
f 12227 	55 	12232
f 12107 	12228 	12101
f 12233 	12234 	12227
f 12232 	12233 	12227
f 12191 	12193 	12183
f 12183 	12186 	12191
f 12236 	12113 	12235
f 12228 	12237 	12439
f 12272 	12237 	12228
f 12113 	12238 	12239
f 12113 	12239 	12240
f 12113 	12240 	12241
f 12241 	12235 	12113
f 12113 	12236 	12242
f 12113 	12242 	12243
f 12113 	12243 	12244
f 12113 	12244 	12245
f 12113 	12245 	12246
f 12113 	12246 	12247
f 12113 	12247 	12248
f 12249 	79 	12111
f 12248 	12249 	12111
f 12229 	12230 	55
f 12251 	12229 	55
f 12205 	45 	12226
f 12128 	45 	12200
f 97 	12261 	12134
f 12237 	12252 	12440
f 12254 	12257 	12258
f 12259 	12260 	12258
f 12254 	12258 	12260
f 12271 	12254 	12260
f 12255 	12134 	12261
f 12263 	12269 	12254
f 12439 	12538 	12182
f 12205 	12200 	45
f 12273 	12252 	12237
f 12107 	12272 	12228
f 12268 	12262 	12254
f 12262 	12263 	12254
f 12269 	12270 	12254
f 12267 	12268 	12254
f 12270 	12265 	12254
f 12265 	12264 	12254
f 12253 	12254 	12264
f 12271 	186 	12254
f 186 	12266 	12254
f 12266 	12267 	12254
f 86 	87 	68
f 12273 	12237 	12272
f 45 	554 	12226
f 51 	553 	45
f 12250 	12251 	55
f 61 	62 	87
f 10875 	1026 	10874
f 62 	68 	87
f 10881 	12111 	65
f 68 	83 	86
f 83 	12250 	86
f 79 	78 	12111
f 78 	77 	12111
f 77 	76 	12111
f 76 	64 	12111
f 64 	65 	12111
f 10881 	65 	71
f 10881 	71 	74
f 55 	86 	12250
f 63 	61 	986
f 87 	986 	61
f 91 	12275 	88
f 97 	12134 	12275
f 94 	97 	12275
f 94 	12275 	91
f 12252 	12273 	12274
f 91 	171 	94
f 12387 	12273 	12272
f 106 	200 	99
f 103 	105 	12275
f 102 	103 	12275
f 12667 	12252 	12274
f 12274 	12674 	12667
f 12084 	12276 	12083
f 13260 	10594 	13261
f 12084 	12277 	12276
f 12278 	12087 	12083
f 12278 	12290 	12087
f 11705 	11704 	12217
f 10605 	10604 	13262
f 11708 	11707 	12221
f 11710 	11709 	12224
f 11710 	12224 	12223
f 11703 	11711 	12219
f 88 	12275 	105
f 105 	106 	99
f 88 	105 	99
f 12280 	10677 	12279
f 12288 	10677 	12280
f 12282 	12281 	12289
f 12279 	11716 	12280
f 11715 	12280 	11716
f 12279 	10677 	12281
f 12279 	12281 	11717
f 12279 	11717 	11716
f 10677 	12289 	12281
f 109 	110 	264
f 111 	264 	110
f 265 	266 	109
f 122 	115 	111
f 12281 	12282 	11718
f 12281 	11718 	11717
f 6005 	5879 	12222
f 12282 	12283 	11719
f 12282 	11719 	11718
f 112 	102 	113
f 5905 	5992 	12284
f 11616 	4717 	11617
f 12327 	11761 	12283
f 12275 	113 	102
f 12286 	5905 	12284
f 12195 	5904 	12286
f 12206 	10677 	12287
f 12288 	12287 	10677
f 11651 	12206 	11713
f 117 	111 	115
f 119 	111 	117
f 12287 	12288 	11714
f 12287 	11714 	11713
f 127 	113 	125
f 128 	112 	113
f 12288 	12280 	11715
f 12288 	11715 	11714
f 484 	124 	113
f 128 	113 	127
f 125 	113 	124
f 165 	602 	129
f 12286 	8570 	8566
f 164 	12275 	158
f 12351 	159 	12275
f 10677 	10685 	12289
f 165 	164 	158
f 12283 	12282 	12289
f 12328 	12327 	12289
f 8572 	8570 	12286
f 164 	113 	12275
f 601 	602 	158
f 350 	129 	602
f 8573 	8572 	12284
f 158 	12275 	159
f 12276 	12278 	12083
f 12300 	11721 	11720
f 12285 	8574 	12284
f 12136 	11722 	11568
f 171 	91 	179
f 258 	191 	91
f 12292 	12293 	12291
f 12222 	12293 	12292
f 12298 	11723 	12299
f 12222 	12292 	12285
f 12285 	12292 	8574
f 8577 	8576 	12291
f 12292 	12291 	8576
f 11724 	12301 	11720
f 171 	12256 	94
f 99 	200 	100
f 184 	100 	200
f 12312 	12225 	11726
f 11709 	11726 	12225
f 179 	91 	191
f 190 	191 	258
f 8571 	12291 	8711
f 12293 	8711 	12291
f 12312 	11726 	11727
f 12314 	12313 	11728
f 11730 	11731 	12317
f 11732 	12318 	11731
f 12319 	11732 	11733
f 11734 	12320 	11733
f 12320 	11734 	12321
f 6162 	6161 	11667
f 11721 	12300 	12299
f 11721 	12299 	11723
f 12300 	11720 	12301
f 6105 	5901 	12295
f 8545 	8505 	12297
f 11727 	12313 	12312
f 7938 	6105 	12295
f 11727 	11728 	12313
f 12296 	12297 	5903
f 12295 	5906 	12297
f 12314 	11728 	11729
f 12314 	11729 	12315
f 11730 	12316 	11729
f 12315 	11729 	12316
f 12316 	11730 	12317
f 12319 	11733 	12320
f 11736 	12321 	11734
f 11737 	12322 	11736
f 12225 	12298 	12299
f 12225 	12299 	12300
f 12225 	12300 	12301
f 12225 	12301 	12303
f 12225 	12303 	12305
f 12225 	12305 	12136
f 12136 	12137 	12225
f 11722 	12136 	12305
f 12304 	12306 	12418
f 11725 	12303 	11724
f 12301 	11724 	12303
f 12307 	12418 	12306
f 12308 	12418 	12307
f 12302 	12304 	12418
f 11722 	12305 	11725
f 12303 	11725 	12305
f 12309 	12418 	12308
f 6563 	9135 	12309
f 11738 	11723 	12298
f 12311 	12302 	12418
f 12313 	12315 	12312
f 12314 	12315 	12313
f 12225 	12312 	12315
f 12225 	12315 	12316
f 12225 	12316 	12317
f 12225 	12317 	12318
f 12225 	12318 	12319
f 12225 	12319 	12320
f 12225 	12320 	12321
f 12225 	12321 	12322
f 12225 	12322 	12323
f 12298 	12225 	12323
f 174 	198 	185
f 204 	185 	198
f 106 	267 	200
f 200 	263 	198
f 190 	258 	52
f 550 	52 	258
f 12317 	11731 	12318
f 478 	255 	260
f 258 	260 	255
f 255 	550 	258
f 12319 	12318 	11732
f 468 	469 	478
f 261 	264 	111
f 265 	109 	264
f 106 	107 	266
f 12321 	11736 	12322
f 267 	106 	266
f 107 	109 	266
f 11738 	12323 	11737
f 12322 	11737 	12323
f 337 	198 	263
f 263 	200 	267
f 12298 	12323 	11738
f 273 	204 	271
f 12324 	11754 	11753
f 12324 	11753 	12325
f 275 	260 	273
f 12326 	11755 	11754
f 11754 	12324 	12326
f 337 	271 	198
f 204 	198 	271
f 342 	344 	341
f 336 	341 	344
f 11767 	11755 	12336
f 342 	269 	344
f 343 	344 	269
f 11753 	11759 	12325
f 484 	356 	346
f 352 	484 	346
f 346 	356 	269
f 343 	269 	356
f 4438 	11477 	11601
f 11719 	12283 	11761
f 119 	261 	111
f 12283 	12289 	12327
f 352 	124 	484
f 12327 	11762 	11761
f 12327 	12328 	11762
f 12328 	12289 	12329
f 12289 	12356 	12329
f 348 	603 	355
f 11763 	11762 	12329
f 12328 	12329 	11762
f 477 	478 	469
f 204 	273 	260
f 468 	260 	275
f 470 	477 	469
f 12329 	12330 	11763
f 11764 	11763 	12330
f 474 	476 	473
f 473 	477 	470
f 11765 	11764 	12331
f 12330 	12331 	11764
f 477 	473 	476
f 260 	468 	478
f 475 	476 	474
f 12331 	12332 	11765
f 11766 	11765 	12332
f 12332 	12356 	12333
f 11766 	12333 	11757
f 517 	484 	480
f 12332 	12333 	11766
f 517 	356 	484
f 475 	516 	476
f 481 	476 	516
f 480 	481 	516
f 516 	517 	480
f 625 	580 	484
f 480 	484 	580
f 11758 	11757 	12334
f 12333 	12334 	11757
f 550 	551 	52
f 553 	51 	551
f 554 	45 	553
f 52 	551 	51
f 12334 	12333 	12382
f 554 	55 	12226
f 12334 	12335 	11758
f 11759 	11758 	12335
f 12227 	12226 	55
f 12335 	12325 	11759
f 560 	557 	561
f 576 	557 	560
f 556 	988 	557
f 572 	556 	558
f 570 	556 	572
f 569 	556 	570
f 586 	556 	569
f 561 	557 	987
f 12382 	12443 	12326
f 12326 	12324 	12382
f 12336 	12443 	12337
f 12324 	12325 	12382
f 12325 	12335 	12382
f 12335 	12334 	12382
f 12356 	12382 	12333
f 12331 	12356 	12332
f 12326 	12336 	11755
f 9966 	12276 	12277
f 12337 	11768 	11767
f 11767 	12336 	12337
f 12337 	12164 	11768
f 12276 	12338 	12278
f 12340 	10711 	12339
f 4794 	4788 	11604
f 12276 	9966 	12338
f 9966 	9969 	12338
f 10688 	12340 	12341
f 12342 	10691 	12341
f 12290 	12278 	12345
f 12308 	12370 	12309
f 11617 	4716 	11595
f 12338 	12345 	12278
f 12366 	12364 	12302
f 12307 	12306 	12368
f 7637 	11626 	11625
f 12355 	12107 	12290
f 12343 	1310 	12354
f 11624 	7629 	11625
f 12372 	12311 	12310
f 12372 	12310 	12371
f 9988 	12343 	12344
f 583 	556 	592
f 11627 	7639 	11628
f 11628 	7638 	11629
f 556 	586 	587
f 556 	587 	589
f 556 	589 	590
f 556 	590 	593
f 593 	592 	556
f 556 	583 	581
f 582 	640 	556
f 640 	639 	556
f 12345 	12338 	12346
f 625 	599 	598
f 625 	598 	623
f 9969 	12346 	12338
f 599 	355 	603
f 599 	603 	598
f 601 	598 	603
f 601 	603 	602
f 165 	158 	602
f 606 	159 	631
f 12351 	631 	159
f 12348 	12347 	12345
f 623 	634 	625
f 12346 	12348 	12345
f 12344 	12348 	12346
f 9969 	9973 	12346
f 9973 	12344 	12346
f 633 	634 	623
f 634 	580 	625
f 12339 	12435 	12340
f 581 	582 	556
f 639 	637 	556
f 637 	638 	556
f 638 	641 	556
f 641 	1007 	556
f 10712 	12434 	12339
f 632 	633 	906
f 632 	906 	648
f 623 	629 	633
f 645 	648 	12350
f 10695 	12342 	12352
f 12352 	12342 	12356
f 12435 	12356 	12341
f 12372 	12366 	12311
f 12302 	12311 	12366
f 12304 	12364 	12306
f 10685 	10686 	12289
f 10697 	12352 	10696
f 12353 	10696 	12352
f 12352 	12356 	12353
f 12331 	12330 	12356
f 10695 	12352 	10697
f 12343 	12354 	12344
f 12289 	12353 	12356
f 12330 	12329 	12356
f 10688 	12341 	10692
f 12290 	12347 	12355
f 12290 	12345 	12347
f 12342 	12341 	12356
f 12341 	12340 	12435
f 12358 	12355 	12347
f 672 	12351 	659
f 651 	652 	12351
f 12349 	12358 	12347
f 11941 	11969 	12359
f 12347 	12348 	12349
f 661 	12351 	720
f 659 	12351 	661
f 651 	12351 	668
f 12359 	12360 	12361
f 12395 	12393 	12354
f 668 	12351 	672
f 12359 	12362 	12360
f 856 	672 	659
f 12355 	12272 	12107
f 12309 	12370 	6563
f 720 	12351 	718
f 718 	12351 	717
f 12364 	12366 	12192
f 660 	661 	720
f 1104 	1103 	12351
f 920 	718 	717
f 12367 	12192 	12369
f 12363 	12360 	12365
f 12362 	12365 	12360
f 12192 	12371 	12410
f 12192 	12366 	12372
f 629 	631 	846
f 12385 	11941 	12359
f 12192 	12368 	12364
f 12351 	652 	631
f 846 	631 	652
f 12192 	12351 	12369
f 12368 	12192 	12367
f 668 	784 	651
f 782 	651 	784
f 12372 	12371 	12192
f 12385 	12359 	12361
f 12304 	12302 	12364
f 789 	720 	788
f 720 	851 	788
f 12367 	12307 	12368
f 12362 	12359 	11969
f 12307 	12367 	12369
f 12307 	12369 	12308
f 12308 	12369 	12370
f 12374 	12373 	10701
f 12363 	12375 	12360
f 12376 	10702 	10703
f 12368 	12306 	12364
f 10703 	10699 	12376
f 12373 	12376 	10699
f 12377 	12380 	12418
f 12374 	12356 	12373
f 12378 	12356 	12374
f 12377 	12379 	12380
f 12310 	12311 	12418
f 12380 	12310 	12418
f 12371 	12310 	12380
f 12380 	12379 	12410
f 12401 	12358 	12349
f 12385 	12386 	12384
f 12358 	12401 	12389
f 12384 	12386 	12383
f 12272 	12355 	12387
f 12274 	12273 	12388
f 12387 	12388 	12273
f 12387 	12358 	12389
f 12384 	11940 	12385
f 12387 	12389 	12388
f 11940 	12384 	12509
f 12388 	12390 	12274
f 12385 	11940 	11941
f 12355 	12358 	12387
f 853 	788 	851
f 12385 	12361 	12386
f 688 	857 	669
f 12403 	12390 	12388
f 847 	669 	857
f 897 	901 	847
f 901 	902 	846
f 896 	847 	849
f 12389 	12403 	12388
f 659 	855 	856
f 12361 	12400 	12386
f 857 	856 	849
f 848 	849 	856
f 856 	855 	848
f 850 	848 	855
f 855 	933 	850
f 896 	897 	847
f 629 	846 	902
f 857 	849 	847
f 318 	326 	12390
f 846 	847 	901
f 902 	905 	629
f 905 	906 	629
f 12431 	12432 	1310
f 12398 	12395 	1310
f 914 	12350 	906
f 12393 	12349 	12348
f 12432 	12397 	1310
f 906 	633 	629
f 12350 	648 	906
f 12394 	12349 	12393
f 12344 	12393 	12348
f 916 	1153 	917
f 910 	1153 	916
f 909 	1153 	910
f 911 	1153 	909
f 912 	1153 	911
f 913 	1153 	912
f 904 	1153 	913
f 918 	917 	1153
f 12400 	12404 	12392
f 921 	718 	920
f 922 	718 	921
f 930 	936 	922
f 789 	660 	720
f 12396 	12069 	12381
f 932 	933 	722
f 12344 	12354 	12393
f 12396 	12154 	12069
f 12383 	12396 	12381
f 12398 	12397 	12394
f 12398 	12394 	12393
f 12383 	12399 	12396
f 13255 	10514 	13245
f 10513 	13245 	10514
f 13254 	10517 	13255
f 10514 	13255 	10517
f 10517 	13254 	10551
f 13253 	10551 	13254
f 12399 	12383 	12386
f 12395 	12398 	12393
f 12154 	12396 	12391
f 10569 	13246 	13245
f 10513 	10569 	13245
f 12399 	12391 	12396
f 12386 	12400 	12399
f 10559 	13256 	13246
f 12397 	12432 	12394
f 12399 	12392 	12391
f 11225 	10596 	13259
f 12399 	12400 	12392
f 12361 	12402 	12400
f 12349 	12394 	12401
f 12361 	12360 	12402
f 13259 	10596 	10598
f 10602 	13263 	10603
f 10601 	13263 	10602
f 12429 	12430 	1310
f 13263 	10601 	13264
f 12400 	12402 	12404
f 12389 	12401 	12405
f 339 	1310 	338
f 12401 	12425 	12405
f 12406 	12392 	12404
f 12389 	12405 	12403
f 318 	12390 	12403
f 13262 	10606 	10605
f 12407 	12409 	12404
f 12408 	12411 	12410
f 12192 	12410 	12411
f 12404 	12409 	12406
f 12380 	12410 	12371
f 12379 	12408 	12410
f 12412 	12402 	12375
f 12360 	12375 	12402
f 12375 	2712 	12412
f 10622 	10621 	13267
f 12413 	12407 	12404
f 12413 	12404 	12402
f 12412 	12413 	12402
f 10840 	10622 	13267
f 12363 	12365 	2712
f 12363 	2712 	12375
f 12414 	2712 	12365
f 12067 	2712 	12414
f 10840 	13267 	10836
f 10620 	13265 	10621
f 10625 	13270 	10626
f 13269 	10626 	13270
f 12005 	12362 	11969
f 10624 	13270 	10625
f 10624 	10623 	13270
f 12067 	12414 	12362
f 12067 	12362 	12005
f 12414 	12365 	12362
f 10627 	10626 	13269
f 12419 	12492 	4361
f 12416 	12417 	11462
f 13266 	10616 	10615
f 9132 	8698 	12419
f 12489 	12419 	8220
f 11488 	11462 	12417
f 10627 	13269 	10628
f 12422 	12417 	12416
f 13266 	10615 	10633
f 249 	250 	12192
f 12468 	12427 	12417
f 10765 	13268 	10633
f 12422 	12468 	12417
f 7985 	12415 	11457
f 11457 	12416 	11462
f 12420 	12421 	4361
f 12415 	12416 	11457
f 12420 	12377 	12418
f 12419 	4361 	12421
f 13287 	10556 	10821
f 12421 	12420 	9144
f 12416 	12423 	12422
f 11076 	13294 	11077
f 12420 	12418 	9144
f 12424 	12415 	8516
f 8516 	8567 	12424
f 248 	249 	12192
f 12423 	12416 	12415
f 13292 	10882 	13293
f 11077 	13293 	10882
f 12424 	12423 	12415
f 12403 	320 	318
f 8567 	8607 	12424
f 11076 	11125 	13294
f 12405 	320 	12403
f 13289 	10831 	10825
f 12398 	1310 	12397
f 13288 	10826 	10831
f 12429 	1310 	339
f 12401 	12394 	12425
f 11491 	12427 	12426
f 12428 	320 	12405
f 12425 	12428 	12405
f 12417 	12427 	11488
f 12431 	1310 	12430
f 12356 	12378 	12382
f 12429 	12428 	12430
f 12425 	12430 	12428
f 12443 	12382 	10707
f 12336 	12326 	12443
f 12425 	12431 	12430
f 10723 	10709 	12357
f 12376 	12357 	10702
f 10709 	10702 	12357
f 12425 	12394 	12432
f 12431 	12425 	12432
f 12357 	12376 	12435
f 12356 	12435 	12376
f 12356 	12376 	12373
f 7653 	7655 	11660
f 12428 	333 	320
f 12339 	12434 	12435
f 12435 	12434 	12433
f 12436 	10720 	10721
f 10722 	12436 	10721
f 11229 	11231 	13302
f 12181 	12437 	11221
f 10722 	12357 	12436
f 11236 	11235 	13300
f 13300 	13299 	11240
f 13300 	11240 	11236
f 10720 	12436 	12438
f 10720 	12438 	10725
f 11241 	11240 	13299
f 12438 	12436 	12435
f 12436 	12357 	12435
f 13299 	11248 	11241
f 12181 	12182 	12437
f 10738 	6635 	10762
f 11271 	13317 	11273
f 13259 	13303 	11225
f 9393 	12164 	12443
f 12440 	12439 	12237
f 12439 	12182 	12228
f 12441 	12440 	12252
f 13302 	11235 	11229
f 13300 	11235 	13302
f 10732 	12442 	10731
f 13316 	13312 	11321
f 12442 	12443 	10731
f 8658 	13131 	4361
f 11356 	11273 	13317
f 11321 	11356 	13316
f 13317 	13316 	11356
f 12443 	12442 	12493
f 13312 	11359 	11322
f 12151 	12156 	4360
f 12445 	10751 	12444
f 11488 	12427 	11491
f 10740 	12445 	12446
f 10743 	12446 	10742
f 12448 	10742 	12446
f 11694 	12447 	12449
f 12450 	12456 	12452
f 12451 	12452 	12458
f 12450 	12452 	12453
f 12450 	12453 	12454
f 12450 	12454 	12455
f 12457 	12452 	12456
f 12458 	12452 	12457
f 12459 	9869 	12458
f 12460 	9869 	12459
f 9869 	12451 	12458
f 12536 	12449 	12447
f 12461 	12462 	12463
f 10752 	12476 	12444
f 12445 	12444 	12473
f 12462 	12461 	12464
f 12463 	12451 	12461
f 9869 	12461 	12451
f 10746 	12448 	12465
f 12461 	9506 	12464
f 11422 	12464 	9506
f 12473 	12493 	12448
f 12446 	12473 	12448
f 12462 	12466 	12463
f 12462 	12467 	12466
f 12442 	10732 	12465
f 12462 	12464 	12467
f 12452 	12451 	12466
f 12463 	12466 	12451
f 10746 	12465 	10737
f 12426 	12447 	11685
f 11422 	11417 	12467
f 12452 	12466 	11417
f 12467 	11417 	12466
f 12442 	12465 	12493
f 12465 	12448 	12493
f 11422 	12467 	12464
f 10740 	12446 	10743
f 11415 	12453 	11417
f 11417 	12453 	12452
f 12469 	12470 	12471
f 12470 	12472 	12471
f 12470 	12469 	12472
f 12446 	12445 	12473
f 12474 	12426 	12427
f 12453 	12469 	12471
f 12453 	12471 	12454
f 12447 	12426 	12479
f 11415 	11413 	12472
f 12454 	12471 	11413
f 12472 	11413 	12471
f 12468 	12474 	12427
f 12453 	11415 	12469
f 12472 	12469 	11415
f 12476 	12473 	12444
f 10753 	12475 	12476
f 12478 	12480 	12477
f 12475 	12473 	12476
f 12478 	12477 	12481
f 12481 	12482 	12478
f 12536 	12447 	12479
f 12433 	6635 	12435
f 12435 	6635 	12438
f 12474 	12479 	12426
f 12480 	12455 	12477
f 12455 	12454 	12477
f 11413 	11412 	12482
f 12481 	12477 	11413
f 12454 	11413 	12477
f 12482 	12481 	11413
f 12482 	12484 	12478
f 12484 	12480 	12478
f 12480 	11416 	12450
f 12480 	12450 	12455
f 11412 	12484 	12482
f 11412 	11416 	12484
f 12480 	12484 	11416
f 12450 	11416 	11433
f 12487 	12486 	10770
f 11433 	12456 	12450
f 11433 	11432 	12457
f 11433 	12457 	12456
f 12492 	9588 	12294
f 12294 	9588 	8716
f 11431 	12458 	11432
f 12458 	12457 	11432
f 10772 	10768 	12488
f 12486 	12488 	10768
f 11431 	11430 	12459
f 11431 	12459 	12458
f 11430 	11429 	12460
f 11430 	12460 	12459
f 11429 	9526 	12460
f 12487 	10770 	10774
f 12487 	12493 	12486
f 12490 	12493 	12487
f 5162 	12798 	5160
f 12799 	5160 	12798
f 12294 	4361 	12492
f 12799 	12796 	5160
f 12489 	12492 	12419
f 6161 	6164 	11668
f 5165 	12800 	12801
f 12803 	5162 	12801
f 12800 	5165 	12802
f 12493 	12490 	12491
f 12489 	9572 	9588
f 5165 	12801 	5162
f 12803 	12798 	5162
f 9588 	12492 	12489
f 10788 	10771 	12485
f 12473 	12530 	12485
f 12485 	12488 	12473
f 12488 	12486 	12473
f 12473 	12486 	12493
f 721 	722 	933
f 718 	922 	936
f 933 	932 	965
f 962 	965 	932
f 850 	933 	965
f 962 	932 	1112
f 10406 	13034 	5721
f 904 	980 	1153
f 980 	979 	1153
f 979 	982 	1153
f 982 	1144 	1153
f 8671 	11682 	8667
f 991 	556 	992
f 1068 	1070 	556
f 1066 	1067 	556
f 990 	556 	989
f 995 	556 	990
f 988 	556 	995
f 987 	557 	988
f 991 	1066 	556
f 996 	998 	1016
f 1016 	998 	12350
f 12350 	998 	1009
f 1002 	1004 	556
f 1001 	1000 	556
f 1001 	556 	1004
f 1003 	1002 	556
f 992 	556 	1000
f 1007 	1003 	556
f 1011 	12350 	1009
f 1011 	645 	12350
f 1012 	999 	1016
f 8580 	11657 	11741
f 12483 	12474 	12468
f 11621 	6197 	11623
f 6199 	11623 	6197
f 11623 	6199 	11624
f 5762 	12816 	12820
f 12468 	12498 	12483
f 7637 	11625 	7629
f 12818 	5762 	12820
f 7633 	7632 	11664
f 11663 	7654 	7633
f 6163 	6162 	11665
f 11668 	11667 	6161
f 11669 	11668 	6164
f 11626 	7637 	7636
f 7638 	11628 	7639
f 997 	996 	1016
f 12474 	12586 	12479
f 7653 	11660 	11659
f 11663 	11662 	7654
f 11662 	11660 	7655
f 12498 	12468 	12422
f 4755 	17 	20
f 4755 	20 	7126
f 150 	7126 	20
f 12483 	12586 	12474
f 12495 	12423 	12494
f 12868 	85 	413
f 12424 	12494 	12423
f 12494 	12496 	12495
f 12423 	12495 	12422
f 12424 	8607 	12494
f 4750 	447 	7079
f 101 	12519 	413
f 12494 	12497 	12496
f 12504 	12653 	413
f 8607 	12497 	12494
f 8599 	12497 	8607
f 5640 	12825 	12823
f 5715 	12826 	5714
f 12497 	8599 	11922
f 12868 	7079 	85
f 11936 	12496 	12497
f 12500 	101 	12499
f 12648 	12649 	486
f 1015 	1014 	12350
f 1016 	12350 	1014
f 12350 	914 	1015
f 11936 	11940 	12496
f 11922 	11936 	12497
f 12503 	12501 	5864
f 6012 	413 	12653
f 12383 	12381 	12505
f 5854 	12503 	5864
f 12505 	12384 	12383
f 12422 	12495 	12498
f 12509 	12498 	12495
f 12513 	101 	12512
f 1017 	1018 	1154
f 1018 	1019 	1154
f 1153 	1154 	1019
f 1153 	1019 	918
f 12514 	101 	12513
f 12515 	101 	12514
f 12512 	101 	12511
f 1165 	1166 	1154
f 10906 	10907 	1020
f 12518 	101 	12517
f 12493 	9393 	12443
f 12519 	101 	12518
f 12493 	12491 	9393
f 10781 	4785 	12491
f 12510 	12506 	5785
f 9504 	9393 	12491
f 12523 	10791 	10792
f 12524 	413 	12522
f 12525 	413 	12524
f 10793 	12523 	10792
f 12521 	12522 	413
f 10793 	12485 	12523
f 12529 	12502 	413
f 10833 	10791 	12528
f 12523 	12528 	10791
f 12526 	413 	12525
f 12528 	12523 	12530
f 12523 	12485 	12530
f 12507 	12506 	221
f 12527 	12529 	413
f 12475 	12530 	12473
f 12516 	101 	12515
f 12511 	101 	12500
f 12507 	221 	12508
f 12475 	12531 	12532
f 12475 	12532 	12535
f 12535 	12533 	12475
f 12530 	12583 	12528
f 12531 	11772 	12532
f 11771 	12532 	11772
f 12503 	5854 	12508
f 11788 	12613 	11769
f 1020 	10894 	1025
f 10899 	1026 	10897
f 10874 	1026 	10873
f 1025 	10894 	1026
f 10881 	1046 	10880
f 1023 	1024 	10908
f 1022 	1023 	10908
f 12516 	12517 	101
f 12520 	413 	12519
f 12521 	413 	12520
f 12526 	12527 	413
f 10908 	1024 	1065
f 12551 	12511 	12500
f 74 	1030 	10881
f 12512 	12511 	12551
f 84 	63 	986
f 1032 	1065 	1024
f 10280 	12510 	5785
f 1038 	1065 	1035
f 1040 	1065 	1038
f 1041 	1065 	1040
f 12558 	12518 	12517
f 1043 	10880 	1044
f 12518 	12558 	12519
f 7993 	6043 	13090
f 12520 	12519 	12559
f 10881 	1030 	1047
f 10881 	1047 	1046
f 1044 	10880 	1046
f 1042 	10880 	1043
f 1026 	10880 	1042
f 1036 	1035 	1065
f 1052 	1065 	1041
f 1033 	1065 	1032
f 1052 	84 	1065
f 1065 	84 	986
f 1085 	1084 	1060
f 1058 	1060 	10908
f 1064 	1058 	10908
f 1033 	1036 	1065
f 1064 	10908 	1065
f 1060 	1228 	10908
f 1991 	5697 	1741
f 4067 	4071 	2014
f 12496 	12509 	12495
f 12538 	12437 	12182
f 12483 	12498 	12505
f 12509 	12505 	12498
f 12439 	12440 	12543
f 12509 	12496 	11940
f 12505 	12509 	12384
f 12437 	11517 	11514
f 11514 	11221 	12437
f 12550 	12500 	12499
f 11800 	12449 	12537
f 12538 	11516 	11517
f 5697 	5664 	1741
f 12553 	12513 	12512
f 12514 	12513 	12553
f 12437 	12538 	11517
f 12555 	12515 	12514
f 12515 	12555 	12516
f 1069 	556 	1078
f 1072 	1071 	556
f 1067 	1072 	556
f 989 	556 	1070
f 1068 	556 	1069
f 8127 	13090 	8136
f 12539 	12540 	3
f 1082 	1081 	556
f 1071 	1075 	556
f 1058 	1064 	1070
f 989 	1070 	1064
f 2712 	13090 	12795
f 12568 	12541 	12540
f 12543 	12538 	12439
f 1082 	556 	1075
f 12872 	12873 	12545
f 12440 	12539 	12543
f 1080 	556 	1081
f 1077 	556 	1080
f 1078 	556 	1077
f 12885 	12546 	12542
f 11524 	12539 	3
f 12542 	12546 	1299
f 11524 	12543 	12539
f 12876 	12877 	12544
f 12559 	12519 	12558
f 12539 	12441 	12540
f 12879 	12880 	12547
f 12563 	12524 	12522
f 10766 	12534 	2712
f 12539 	12440 	12441
f 12524 	12563 	12525
f 12565 	12525 	12563
f 12441 	12568 	12540
f 12566 	12526 	12525
f 12566 	12525 	12565
f 12567 	12527 	12526
f 12567 	12526 	12566
f 12567 	12569 	12527
f 12529 	12527 	12569
f 12529 	12569 	12502
f 12547 	1286 	12544
f 12882 	12872 	12546
f 12545 	12546 	12872
f 12502 	12570 	12504
f 12546 	12885 	12887
f 12546 	12887 	12882
f 11516 	12538 	12543
f 12553 	98 	12554
f 1299 	12546 	1286
f 12545 	1286 	12546
f 12545 	12544 	1286
f 12555 	98 	12556
f 98 	12557 	12556
f 12541 	7 	5
f 12558 	12557 	98
f 12558 	98 	12559
f 12541 	5 	12540
f 12564 	12919 	12766
f 12566 	423 	12567
f 12533 	12535 	11770
f 12533 	11770 	11769
f 12904 	12905 	12574
f 12535 	12532 	11771
f 12535 	11771 	11770
f 12575 	9582 	12576
f 1060 	1163 	1086
f 11776 	11860 	12575
f 12574 	12548 	12904
f 12682 	9582 	12575
f 12578 	12528 	12579
f 1073 	1184 	1084
f 1074 	1184 	1073
f 1060 	1086 	1085
f 1172 	1184 	1074
f 11777 	11776 	12576
f 12575 	12576 	11776
f 12576 	12528 	12577
f 12579 	12528 	12580
f 1174 	1177 	1184
f 12912 	12571 	12573
f 12571 	12808 	12573
f 11778 	11777 	12577
f 12576 	12577 	11777
f 12577 	12528 	12578
f 1179 	1012 	1016
f 12577 	12578 	11779
f 12577 	11779 	11778
f 12574 	12573 	12808
f 1177 	1179 	1184
f 1172 	1174 	1184
f 12578 	12579 	11780
f 12578 	11780 	11779
f 1183 	1181 	1060
f 1184 	1060 	1084
f 1184 	1183 	1060
f 12582 	12528 	12583
f 12580 	12528 	12582
f 12579 	12580 	11781
f 12579 	11781 	11780
f 1102 	3038 	1180
f 34 	12541 	12581
f 999 	997 	1016
f 7 	12541 	34
f 12582 	11773 	12580
f 11781 	12580 	11773
f 12568 	12581 	12541
f 1195 	1196 	1154
f 1192 	1154 	1190
f 1154 	1192 	1017
f 12475 	12583 	12530
f 1017 	1192 	1183
f 1196 	1190 	1154
f 11773 	12582 	11774
f 12583 	11774 	12582
f 34 	12584 	38
f 1016 	1184 	1179
f 12583 	12475 	12585
f 1181 	1183 	1192
f 11774 	12583 	11775
f 12585 	11775 	12583
f 34 	12581 	12584
f 1210 	1213 	1102
f 1178 	1219 	1154
f 1166 	1178 	1154
f 12584 	140 	38
f 1207 	1102 	1199
f 1208 	1102 	1207
f 12536 	12537 	12449
f 1210 	1102 	1208
f 12537 	11807 	11800
f 12570 	423 	12572
f 12569 	423 	12570
f 12192 	12697 	423
f 1170 	1168 	1102
f 12536 	12479 	12587
f 1213 	1170 	1102
f 12555 	12554 	98
f 12553 	12552 	98
f 12549 	98 	12550
f 12552 	12551 	98
f 12569 	12567 	423
f 12566 	12565 	423
f 423 	12565 	12563
f 12561 	12560 	423
f 12562 	12561 	423
f 12560 	12559 	423
f 423 	12559 	98
f 12914 	12542 	12588
f 1217 	1216 	1154
f 1195 	1154 	1216
f 1218 	1217 	1154
f 1219 	1218 	1154
f 12499 	12647 	12549
f 12550 	12499 	12549
f 1180 	1199 	1102
f 12500 	12550 	12551
f 12592 	12593 	12678
f 12512 	12551 	12552
f 12553 	12512 	12552
f 12588 	12589 	12915
f 12554 	12514 	12553
f 12687 	12678 	12595
f 12594 	12595 	12678
f 12593 	12594 	12678
f 12591 	12592 	12678
f 12514 	12554 	12555
f 12593 	12592 	11782
f 11783 	11782 	12592
f 12597 	12607 	12596
f 12602 	12603 	12604
f 12605 	12604 	12603
f 12603 	12596 	12605
f 12606 	12605 	12596
f 12556 	12516 	12555
f 12516 	12556 	12517
f 12557 	12517 	12556
f 12590 	12635 	11784
f 12632 	12622 	12601
f 12591 	12590 	11785
f 11784 	11785 	12590
f 12517 	12557 	12558
f 11785 	11783 	12591
f 12592 	12591 	11783
f 12560 	12520 	12559
f 11782 	11786 	12593
f 12594 	12593 	11786
f 12520 	12560 	12521
f 12561 	12521 	12560
f 12597 	12598 	12608
f 11786 	11787 	12594
f 12595 	12594 	11787
f 12561 	12562 	12521
f 12522 	12521 	12562
f 11787 	11868 	12595
f 12643 	12644 	12610
f 12643 	12610 	12611
f 12563 	12522 	12562
f 12585 	12475 	12613
f 12533 	12613 	12475
f 12585 	12613 	11788
f 12585 	11788 	11775
f 12636 	12637 	12612
f 12533 	11769 	12613
f 12570 	12502 	12569
f 12617 	12641 	12618
f 12572 	12504 	12570
f 12618 	12642 	12619
f 12620 	12619 	12599
f 12599 	12600 	12620
f 12678 	12621 	12623
f 12678 	12623 	12624
f 12678 	12624 	12625
f 12678 	12625 	12626
f 12678 	12626 	12627
f 12678 	12627 	12628
f 12678 	12628 	12629
f 12678 	12629 	12630
f 12678 	12630 	12631
f 12678 	12631 	12633
f 12678 	12633 	12634
f 12678 	12634 	12635
f 12678 	12635 	12590
f 12590 	12591 	12678
f 12622 	12620 	12600
f 12600 	12601 	12622
f 12563 	12562 	423
f 12625 	12624 	11790
f 12625 	11790 	11789
f 12597 	12608 	12607
f 12606 	12596 	12607
f 12601 	12602 	12632
f 12604 	12632 	12602
f 12502 	12504 	413
f 12626 	12625 	11789
f 12626 	11789 	11791
f 12627 	12626 	11791
f 12627 	11791 	11792
f 4994 	12760 	13004
f 12628 	12627 	11792
f 12628 	11792 	11793
f 12616 	12615 	12639
f 12639 	12640 	12616
f 12617 	12616 	12640
f 12641 	12617 	12640
f 12642 	12618 	12641
f 12599 	12619 	12642
f 12638 	12639 	12615
f 12615 	12614 	12638
f 12614 	12612 	12637
f 12637 	12638 	12614
f 12610 	12644 	12612
f 12636 	12612 	12644
f 11795 	11794 	12630
f 12631 	12630 	11794
f 11794 	11797 	12631
f 12633 	12631 	11797
f 11797 	11798 	12633
f 12634 	12633 	11798
f 85 	7079 	447
f 12629 	12628 	11793
f 12629 	11793 	11799
f 12601 	12843 	12602
f 11795 	12630 	12629
f 11795 	12629 	11799
f 12603 	12602 	12842
f 12843 	12842 	12602
f 12842 	12841 	12596
f 12842 	12596 	12603
f 12597 	12596 	12840
f 12841 	12840 	12596
f 12840 	12598 	12597
f 1226 	1228 	1180
f 1241 	1236 	1180
f 3042 	1180 	3038
f 12586 	12587 	12479
f 12536 	12645 	12537
f 12499 	101 	12647
f 1181 	1180 	1228
f 1224 	1226 	1180
f 1060 	1181 	1228
f 12646 	12647 	486
f 1287 	1758 	1228
f 12645 	12536 	12587
f 101 	486 	12647
f 12662 	12647 	12646
f 12662 	12549 	12647
f 12069 	12587 	12586
f 1236 	1222 	1180
f 1233 	1180 	1232
f 1241 	1180 	1346
f 1417 	1241 	1346
f 12069 	12078 	12587
f 1232 	1180 	1231
f 1222 	1224 	1180
f 12586 	12381 	12069
f 1305 	1288 	1253
f 12649 	12646 	486
f 12652 	12648 	486
f 12651 	12652 	486
f 12075 	10401 	11807
f 12587 	12078 	12645
f 1300 	1303 	1253
f 1253 	1251 	1300
f 1300 	1251 	1252
f 1300 	1252 	1250
f 1300 	1250 	1292
f 12654 	12655 	6012
f 12081 	12645 	12078
f 1248 	1222 	1247
f 1312 	1247 	1236
f 12655 	12656 	6012
f 12653 	12654 	6012
f 1224 	1261 	1226
f 1245 	1226 	1261
f 12081 	12075 	12645
f 12656 	12707 	12657
f 1243 	1253 	1288
f 12075 	11807 	12537
f 1291 	2035 	1287
f 2036 	2024 	1287
f 1757 	1758 	1287
f 12537 	12645 	12075
f 1294 	1296 	1293
f 1296 	1298 	1293
f 1297 	1298 	1296
f 1298 	1300 	1293
f 1305 	1253 	1303
f 1292 	1293 	1300
f 12658 	12657 	12707
f 2035 	1291 	1306
f 12586 	12483 	12381
f 1222 	1236 	1247
f 12483 	12505 	12381
f 1502 	2389 	1320
f 12663 	12662 	12646
f 1236 	1502 	1313
f 1313 	1312 	1236
f 1320 	1313 	1502
f 12648 	12693 	12649
f 12649 	12694 	12663
f 12649 	12663 	12646
f 9486 	12660 	12534
f 12572 	12696 	12504
f 12653 	12504 	12696
f 9486 	9479 	12661
f 12697 	12654 	12696
f 12653 	12696 	12654
f 9489 	12661 	9479
f 12697 	12699 	12654
f 1417 	1440 	1343
f 12661 	12660 	9486
f 1507 	1345 	1439
f 12650 	13301 	12702
f 12651 	12704 	12652
f 9489 	12750 	12661
f 12705 	12693 	12652
f 1346 	1421 	1417
f 1233 	1346 	1180
f 11798 	11828 	12634
f 12635 	12634 	11828
f 12635 	11828 	11784
f 12678 	11847 	12621
f 12672 	12584 	12581
f 12623 	12621 	11844
f 12623 	11844 	11845
f 12644 	12894 	12636
f 12623 	11845 	12624
f 11790 	12624 	11845
f 12893 	12637 	12636
f 12893 	12636 	12894
f 12638 	12637 	12893
f 9582 	4793 	12528
f 12665 	9582 	12664
f 12673 	9582 	12665
f 12528 	12576 	9582
f 12584 	151 	140
f 12664 	11855 	11854
f 12664 	11854 	12665
f 12889 	12641 	12640
f 12664 	9582 	12666
f 12642 	12641 	12889
f 12666 	11856 	11855
f 12666 	11855 	12664
f 12667 	12568 	12441
f 12666 	9582 	12668
f 12670 	12568 	12667
f 12668 	11857 	11856
f 12668 	11856 	12666
f 12668 	9582 	12669
f 12681 	9582 	12682
f 12667 	12441 	12252
f 12669 	11858 	11857
f 12669 	11857 	12668
f 12670 	12581 	12568
f 11851 	11905 	9601
f 9601 	9713 	12671
f 12671 	9586 	12673
f 12671 	11852 	11851
f 12671 	11851 	9601
f 12673 	11853 	11852
f 12673 	11852 	12671
f 12581 	12670 	12672
f 12673 	12665 	11853
f 11854 	11853 	12665
f 12667 	12674 	12670
f 12678 	12687 	12677
f 12676 	12677 	12687
f 12670 	12679 	12672
f 12678 	12677 	11848
f 12678 	11848 	11847
f 12674 	12679 	12670
f 11844 	12621 	11847
f 12680 	151 	12672
f 12676 	12675 	11849
f 12676 	11849 	11850
f 12676 	11850 	12677
f 11848 	12677 	11850
f 12679 	12680 	12672
f 12669 	9582 	12681
f 12610 	12856 	12611
f 12681 	11859 	11858
f 12681 	11858 	12669
f 12674 	12274 	12390
f 12612 	12856 	12610
f 12682 	11860 	11859
f 12682 	11859 	12681
f 12390 	326 	12674
f 12682 	12575 	11860
f 12679 	327 	12680
f 12684 	12683 	12438
f 12531 	12475 	12683
f 11772 	12531 	11864
f 12683 	11864 	12531
f 12475 	12438 	12683
f 12683 	12684 	11861
f 12683 	11861 	11864
f 12684 	12438 	12685
f 12684 	12685 	11862
f 12684 	11862 	11861
f 12685 	12438 	12686
f 12584 	12672 	151
f 12685 	12686 	11863
f 12685 	11863 	11862
f 12686 	12438 	12695
f 12695 	11874 	12686
f 12680 	153 	151
f 12688 	12689 	12687
f 12689 	12690 	12687
f 12687 	12690 	12691
f 12687 	12691 	12692
f 12711 	12687 	12692
f 11865 	11878 	12692
f 12711 	12692 	11878
f 12690 	12689 	11866
f 11867 	11866 	12689
f 12687 	12595 	11868
f 11868 	11870 	12687
f 12688 	12687 	11870
f 11870 	11867 	12688
f 12689 	12688 	11867
f 11866 	11871 	12690
f 12691 	12690 	11871
f 11871 	11865 	12691
f 12692 	12691 	11865
f 12705 	334 	12693
f 12694 	12693 	334
f 11863 	12686 	11874
f 12695 	12438 	12698
f 12607 	12852 	12606
f 12695 	12698 	11875
f 12695 	11875 	11874
f 12699 	12697 	12192
f 12696 	423 	12697
f 12438 	6635 	12698
f 12703 	12701 	6635
f 12852 	12607 	12608
f 12698 	12701 	11876
f 12698 	11876 	11875
f 12701 	12698 	6635
f 12701 	12703 	11877
f 12701 	11877 	11876
f 12704 	12702 	334
f 12703 	6635 	12706
f 12705 	12704 	334
f 12703 	12706 	11872
f 12703 	11872 	11877
f 12706 	6635 	12708
f 12700 	12699 	12192
f 12706 	12708 	11873
f 12706 	11873 	11872
f 12700 	12192 	12707
f 12708 	6635 	12733
f 12708 	12733 	11896
f 12708 	11896 	11873
f 12711 	11878 	11879
f 12711 	11879 	12712
f 12572 	423 	12696
f 12717 	12716 	11880
f 11881 	11880 	12716
f 12549 	12662 	98
f 334 	98 	12663
f 12662 	12663 	98
f 12717 	11880 	11882
f 11882 	11883 	12719
f 12648 	12652 	12693
f 11884 	12720 	11883
f 12719 	11883 	12720
f 12694 	12649 	12693
f 11885 	12721 	11884
f 12720 	11884 	12721
f 11886 	12723 	11885
f 12721 	11885 	12723
f 11888 	12724 	11886
f 12655 	12654 	12699
f 11888 	11889 	12725
f 12655 	12699 	12656
f 12700 	12656 	12699
f 12707 	12656 	12700
f 12712 	11879 	11890
f 12650 	12702 	12651
f 12704 	12651 	12702
f 12715 	12714 	11891
f 12705 	12652 	12704
f 12716 	12715 	11881
f 11891 	11881 	12715
f 12709 	12658 	12707
f 12709 	12710 	12658
f 12659 	12658 	12710
f 11894 	12735 	11895
f 12710 	14 	12659
f 12735 	12756 	11895
f 6012 	12656 	12657
f 12687 	12711 	12712
f 12687 	12712 	12714
f 12687 	12714 	12715
f 12687 	12715 	12716
f 12687 	12716 	12717
f 12687 	12717 	12718
f 12687 	12718 	12719
f 12687 	12719 	12720
f 12687 	12720 	12721
f 12687 	12721 	12723
f 12687 	12723 	12724
f 12687 	12724 	12725
f 12687 	12725 	12744
f 12675 	12676 	12687
f 203 	12731 	12713
f 12722 	12731 	12726
f 12727 	12731 	12728
f 11882 	12718 	12717
f 11882 	12719 	12718
f 207 	12730 	13276
f 12723 	11886 	12724
f 212 	211 	13276
f 12725 	12724 	11888
f 12730 	12729 	13276
f 12729 	12728 	13276
f 12727 	12726 	12731
f 12731 	13276 	12728
f 12744 	12725 	11889
f 325 	192 	13276
f 11890 	12714 	12712
f 12722 	12713 	12731
f 11890 	11891 	12714
f 12733 	6635 	12732
f 12732 	6635 	7303
f 11896 	12733 	11897
f 12732 	11897 	12733
f 11897 	12732 	11893
f 7303 	11893 	12732
f 7303 	6635 	12734
f 7303 	12734 	11893
f 11894 	11893 	12734
f 12734 	12735 	11894
f 12741 	11925 	11924
f 12742 	11905 	11925
f 12742 	11925 	12741
f 12742 	9601 	11905
f 12747 	12746 	11899
f 12747 	11899 	11898
f 12736 	12754 	12737
f 12745 	11901 	12746
f 11899 	12746 	11901
f 12748 	12747 	11898
f 12748 	11898 	11902
f 12749 	12748 	11902
f 12749 	11902 	11903
f 11849 	12675 	11903
f 12722 	12903 	12713
f 11901 	12745 	11904
f 12744 	11904 	12745
f 12906 	12722 	12726
f 12752 	12751 	11929
f 12727 	12907 	12726
f 12910 	12909 	12729
f 12729 	12730 	12910
f 12911 	12910 	12730
f 11928 	12752 	11929
f 207 	12911 	12730
f 12740 	6634 	12739
f 11923 	12740 	12739
f 11923 	12739 	11924
f 7775 	7776 	12731
f 12739 	6634 	12741
f 12736 	12737 	12534
f 11924 	12739 	12741
f 12741 	6634 	12742
f 12743 	12736 	12534
f 12743 	12534 	12660
f 11923 	11931 	12740
f 12744 	12745 	12687
f 12745 	12746 	12687
f 12746 	12747 	12687
f 12747 	12748 	12687
f 12748 	12749 	12687
f 12675 	12687 	12749
f 12660 	12661 	12743
f 12749 	11903 	12675
f 11889 	11904 	12744
f 12751 	12752 	6634
f 12752 	12757 	6634
f 7266 	6634 	12757
f 12757 	12756 	7266
f 11930 	11929 	12751
f 12751 	6634 	12753
f 12753 	6634 	12740
f 12751 	12753 	11930
f 11931 	11930 	12753
f 12740 	11931 	12753
f 12735 	7266 	12756
f 12750 	12755 	12754
f 11927 	11895 	12756
f 12756 	12757 	11927
f 11928 	11927 	12757
f 12757 	12752 	11928
f 12755 	12758 	12754
f 4994 	12761 	12760
f 12761 	12759 	423
f 12754 	12661 	12750
f 12758 	12737 	12754
f 12661 	12754 	12743
f 12754 	12736 	12743
f 12758 	12738 	12737
f 1430 	1437 	1425
f 1432 	1430 	1425
f 1347 	3066 	1425
f 3053 	3066 	1347
f 12755 	12797 	12758
f 1423 	1425 	1437
f 12797 	12762 	12758
f 1528 	1440 	1421
f 1437 	1434 	1421
f 1421 	1423 	1437
f 1434 	1528 	1421
f 1417 	1421 	1440
f 1344 	1343 	1440
f 12738 	12758 	12763
f 12763 	12758 	12762
f 1528 	1519 	1440
f 12762 	12764 	12763
f 1306 	1320 	2389
f 1513 	1545 	1509
f 1512 	1545 	1513
f 1545 	1439 	1509
f 1518 	1509 	1439
f 1519 	1518 	1439
f 1439 	1440 	1519
f 1535 	1531 	1517
f 1530 	1531 	1532
f 1536 	1532 	1531
f 1535 	1536 	1531
f 1545 	1507 	1439
f 1545 	1512 	1542
f 1550 	2401 	1548
f 1551 	2401 	1550
f 1553 	2398 	1551
f 1548 	1542 	1512
f 1556 	1517 	1531
f 1741 	10908 	1751
f 1228 	1751 	10908
f 1750 	1751 	1756
f 1751 	1228 	1756
f 1755 	1756 	1228
f 1755 	1228 	1754
f 1753 	1228 	1759
f 1754 	1228 	1753
f 1759 	1228 	1758
f 1750 	1756 	1775
f 1771 	1760 	1769
f 1764 	1765 	1777
f 1765 	1766 	1777
f 1766 	1802 	1777
f 1802 	1808 	1777
f 1806 	1810 	1777
f 1808 	1806 	1777
f 1767 	1769 	1764
f 1777 	1767 	1764
f 1760 	1764 	1769
f 1795 	1746 	1739
f 1748 	1796 	1743
f 1800 	1743 	1796
f 1739 	1750 	1795
f 1832 	1800 	1796
f 1775 	1776 	1813
f 1810 	1813 	1776
f 1795 	1750 	1803
f 1803 	1830 	1795
f 1823 	2094 	1818
f 1822 	2094 	1823
f 1776 	1777 	1810
f 1750 	1775 	1812
f 1812 	1803 	1750
f 1813 	1812 	1775
f 1831 	1796 	1830
f 1832 	1796 	1831
f 1796 	1795 	1830
f 1800 	1832 	1840
f 1840 	1828 	1800
f 1850 	1851 	1849
f 1849 	1851 	1848
f 1849 	1848 	1847
f 1849 	1847 	1852
f 1852 	1818 	1856
f 1849 	1852 	1856
f 1999 	2014 	1997
f 1997 	2014 	1828
f 1800 	1828 	2014
f 4060 	4062 	2977
f 2013 	4067 	1999
f 2014 	1999 	4067
f 1757 	1287 	2024
f 2032 	2036 	2031
f 2036 	1287 	2035
f 2035 	1306 	2389
f 2028 	2031 	2036
f 2032 	2022 	2036
f 2022 	2023 	2036
f 2023 	2024 	2036
f 2056 	2059 	2981
f 2028 	2981 	2057
f 2062 	2035 	2061
f 2036 	2981 	2028
f 2059 	2057 	2981
f 2981 	2094 	2056
f 2060 	2101 	2106
f 2190 	2191 	2060
f 1822 	2056 	2094
f 1856 	1818 	2094
f 2061 	2035 	2098
f 2102 	2106 	2100
f 2190 	2060 	2201
f 2100 	2106 	2101
f 2172 	2389 	2171
f 2173 	2389 	2172
f 2035 	2389 	2098
f 2166 	2171 	2389
f 2166 	2389 	2165
f 2165 	2389 	2181
f 2184 	2181 	2996
f 2095 	2060 	2198
f 2201 	2060 	2106
f 2198 	2060 	2191
f 2389 	2173 	2099
f 2389 	1502 	2393
f 2099 	2098 	2389
f 1542 	2393 	1502
f 2400 	1542 	2401
f 2393 	1542 	2400
f 1542 	1548 	2401
f 2398 	2396 	2401
f 2401 	1551 	2398
f 3445 	2398 	1554
f 12617 	12862 	12616
f 12862 	12617 	12618
f 12866 	12619 	12620
f 12866 	12620 	12622
f 1299 	1304 	12589
f 12589 	12588 	1299
f 12588 	12542 	1299
f 12765 	12766 	12920
f 12928 	12920 	12766
f 12564 	12766 	12837
f 12765 	12837 	12766
f 12917 	12589 	12765
f 12768 	12770 	12767
f 12769 	12771 	12768
f 12609 	12608 	12598
f 12772 	12771 	12769
f 12769 	12781 	12772
f 12773 	12772 	12781
f 12781 	12782 	12773
f 12774 	12773 	12782
f 12782 	12783 	12774
f 12775 	12774 	12783
f 12780 	12779 	12789
f 12598 	12767 	12609
f 12770 	12768 	12771
f 12609 	12767 	12770
f 12778 	12788 	12779
f 12783 	12784 	12775
f 12776 	12775 	12784
f 12784 	12785 	12776
f 12777 	12776 	12785
f 12785 	12786 	12777
f 12778 	12777 	12786
f 12786 	12787 	12778
f 12787 	12788 	12778
f 12789 	12779 	12788
f 12898 	12767 	12598
f 12898 	12768 	12767
f 12768 	12896 	12769
f 12788 	12997 	12789
f 12781 	12769 	12996
f 12896 	12996 	12769
f 12996 	12782 	12781
f 12771 	12772 	12901
f 12773 	12901 	12772
f 12776 	12930 	12775
f 12930 	12776 	12777
f 12778 	12932 	12777
f 12932 	12778 	12779
f 289 	5721 	13034
f 3132 	3131 	12795
f 12791 	12810 	12571
f 12791 	13006 	12790
f 13009 	13011 	12790
f 12534 	12737 	12738
f 12764 	12815 	12534
f 12763 	12764 	12534
f 12792 	9721 	9726
f 101 	413 	85
f 12750 	9721 	12792
f 12792 	12755 	12750
f 82 	12760 	98
f 423 	98 	12760
f 9726 	10261 	12792
f 12738 	12763 	12534
f 12790 	12811 	12791
f 2996 	2181 	2389
f 12796 	12759 	12119
f 2748 	2764 	2718
f 12803 	12801 	24
f 12886 	12794 	12793
f 13025 	13026 	12834
f 12800 	12802 	24
f 12801 	12800 	24
f 12802 	12832 	24
f 12832 	12831 	24
f 12827 	24 	12825
f 13031 	12806 	12804
f 12790 	12837 	12806
f 5784 	12807 	12831
f 13013 	13014 	12811
f 12810 	12811 	13014
f 12884 	12762 	12797
f 12823 	12809 	5640
f 12812 	12813 	24
f 13015 	13012 	12810
f 12814 	5647 	12809
f 13015 	12810 	13014
f 12825 	24 	12823
f 12815 	12824 	12534
f 13017 	13018 	12817
f 12817 	13019 	13017
f 12764 	12762 	12815
f 12793 	12815 	12762
f 12811 	12790 	12817
f 12832 	5733 	12831
f 12817 	12790 	12806
f 13020 	12795 	12808
f 12821 	12793 	12794
f 12805 	12812 	24
f 12798 	12803 	24
f 12813 	12819 	24
f 12819 	12818 	24
f 12818 	12820 	24
f 12820 	12816 	24
f 12816 	12814 	24
f 12814 	12809 	24
f 12823 	24 	12809
f 12794 	12822 	12821
f 12824 	12833 	12534
f 12829 	12534 	12833
f 12815 	12793 	12824
f 12827 	5714 	12826
f 12824 	12793 	12821
f 12811 	12810 	12791
f 12808 	12571 	12810
f 12864 	12534 	12828
f 12830 	12828 	12534
f 12864 	12828 	12822
f 12829 	12830 	12534
f 12829 	12821 	12830
f 12822 	12830 	12821
f 12828 	12830 	12822
f 2400 	2755 	2393
f 12804 	12834 	13026
f 12833 	12824 	12821
f 2745 	2401 	2832
f 12829 	12833 	12821
f 2751 	2764 	2749
f 2749 	2764 	2748
f 2393 	2755 	2727
f 12864 	12861 	12534
f 12802 	5733 	12832
f 12835 	12834 	12837
f 12834 	12804 	12837
f 12804 	12806 	12837
f 12790 	12564 	12837
f 2758 	2764 	2746
f 2760 	2764 	2758
f 2751 	2746 	2764
f 2761 	2764 	2760
f 2762 	2764 	2761
f 2763 	2824 	2762
f 2824 	2764 	2762
f 2823 	2764 	2824
f 2765 	2718 	2764
f 12848 	12849 	12841
f 12842 	12848 	12841
f 12843 	12847 	12842
f 12844 	12869 	12843
f 12845 	12867 	12844
f 12846 	12866 	12845
f 2394 	3463 	2395
f 12847 	12843 	12869
f 2396 	2832 	2401
f 12848 	12842 	12847
f 12839 	12840 	12853
f 2833 	2832 	2827
f 2396 	2827 	2832
f 13041 	2712 	12851
f 2828 	3518 	2835
f 2833 	2827 	2841
f 12854 	12899 	12898
f 12898 	12839 	12854
f 12851 	12850 	12838
f 2836 	2841 	2827
f 2993 	2840 	2836
f 12857 	12895 	12856
f 2977 	2978 	4060
f 12831 	12807 	24
f 12807 	12805 	24
f 12799 	12798 	24
f 12871 	12850 	12534
f 12871 	12861 	12836
f 183 	182 	12759
f 181 	180 	12759
f 12760 	12761 	423
f 12861 	12871 	12534
f 12861 	12864 	12836
f 12796 	30 	12759
f 12867 	12845 	12866
f 12862 	12863 	12889
f 7127 	7150 	12868
f 12869 	12844 	12867
f 12865 	12888 	12863
f 12822 	12836 	12864
f 413 	6053 	12868
f 12853 	12854 	12839
f 12888 	12865 	12846
f 12904 	12881 	289
f 13023 	12822 	12794
f 3008 	3007 	2982
f 12822 	13023 	12836
f 4059 	4060 	2981
f 2978 	2981 	4060
f 2094 	2981 	2978
f 12544 	12545 	12873
f 12838 	12871 	12836
f 2712 	12534 	12851
f 12885 	12542 	12883
f 12838 	12850 	12871
f 3015 	3017 	2996
f 2982 	2184 	2996
f 2997 	2998 	3014
f 2996 	2997 	3015
f 10264 	12874 	10262
f 12873 	12876 	12544
f 12875 	10261 	10262
f 3014 	3015 	2997
f 2995 	3014 	2998
f 2841 	2836 	2840
f 2993 	2995 	2840
f 2995 	2993 	3948
f 2998 	2840 	2995
f 12873 	291 	12876
f 10264 	12878 	12874
f 2009 	2977 	4062
f 12548 	12547 	12880
f 2980 	2982 	3007
f 2982 	2996 	3017
f 12877 	289 	12879
f 12876 	289 	12877
f 3007 	4059 	2980
f 2981 	2980 	4059
f 3017 	3008 	2982
f 12875 	10262 	12874
f 12881 	12548 	12880
f 12880 	12879 	289
f 3018 	3019 	3022
f 3019 	3021 	3022
f 4068 	3022 	3023
f 4107 	4068 	3023
f 3024 	3023 	3022
f 10261 	12875 	12792
f 12884 	12874 	12878
f 3032 	1180 	3030
f 1231 	1180 	3032
f 3050 	1180 	3029
f 12878 	12886 	12884
f 1408 	1203 	1102
f 3047 	1180 	3042
f 295 	294 	12916
f 12883 	12916 	293
f 3405 	3047 	3042
f 12855 	12856 	12870
f 12892 	12893 	12858
f 12859 	12860 	12891
f 12860 	12862 	12890
f 12889 	12890 	12862
f 12890 	12891 	12860
f 12866 	12846 	12865
f 12889 	12863 	12888
f 12891 	12892 	12859
f 12858 	12859 	12892
f 12857 	12858 	12893
f 12893 	12894 	12857
f 12894 	12895 	12857
f 12870 	12856 	12895
f 3029 	1180 	3047
f 3029 	3054 	3050
f 12840 	12841 	12852
f 12849 	12852 	12841
f 289 	12876 	291
f 292 	291 	12872
f 293 	292 	12887
f 12887 	12885 	293
f 294 	293 	12916
f 3030 	1180 	3050
f 3059 	3055 	3029
f 12904 	12548 	12881
f 12908 	12905 	12941
f 12790 	12918 	12564
f 12903 	12906 	12411
f 12573 	12574 	12905
f 12907 	12909 	12411
f 12905 	12908 	12573
f 5721 	8801 	10406
f 12911 	12192 	12910
f 12881 	12880 	289
f 244 	12192 	12911
f 12908 	12912 	12573
f 12905 	12904 	12941
f 289 	12941 	12904
f 5721 	12534 	8801
f 12912 	12908 	12941
f 12192 	12411 	12910
f 12909 	12910 	12411
f 12192 	244 	245
f 246 	12192 	245
f 246 	248 	12192
f 4771 	10499 	8801
f 12588 	12913 	12914
f 12906 	12907 	12411
f 243 	12411 	242
f 12588 	12915 	12913
f 12902 	12713 	12903
f 12903 	12722 	12906
f 10499 	10406 	8801
f 12906 	12726 	12907
f 12916 	12883 	12542
f 12728 	12907 	12727
f 12916 	12914 	295
f 12907 	12728 	12909
f 12542 	12914 	12916
f 12728 	12729 	12909
f 12914 	12913 	295
f 12913 	12915 	295
f 296 	295 	12915
f 12589 	12917 	12915
f 12915 	12917 	296
f 313 	2237 	314
f 12919 	12564 	12918
f 13276 	12731 	4714
f 12765 	12920 	12921
f 243 	12902 	12411
f 12766 	12919 	12924
f 12897 	12898 	12899
f 12918 	13031 	12919
f 12928 	12766 	12924
f 12901 	12896 	12900
f 12377 	13128 	12961
f 12927 	12995 	12925
f 12931 	12992 	12930
f 12930 	12993 	12929
f 12924 	2237 	12928
f 12917 	12765 	12921
f 3057 	3066 	3058
f 3056 	3066 	3057
f 3061 	3064 	3056
f 3058 	3066 	3053
f 3059 	3361 	3072
f 12937 	13128 	12939
f 12938 	12939 	13128
f 12933 	13128 	12936
f 12935 	12936 	13128
f 3063 	3064 	3061
f 3064 	3066 	3056
f 1432 	1425 	3066
f 13128 	8133 	12938
f 12937 	12935 	13128
f 12940 	12938 	8133
f 3070 	3361 	3069
f 3069 	3361 	3067
f 3067 	3357 	3068
f 12944 	13128 	12943
f 12933 	12943 	13128
f 3072 	3361 	3070
f 12946 	12922 	12923
f 12945 	13128 	12948
f 12948 	13128 	12944
f 3416 	3362 	3402
f 3404 	3077 	3079
f 12947 	13128 	12945
f 3054 	3029 	3055
f 3029 	3361 	3059
f 3222 	3445 	3220
f 1531 	3068 	3347
f 12950 	12961 	12949
f 3067 	3361 	3356
f 630 	12946 	12923
f 12958 	12961 	12957
f 13004 	630 	12923
f 12956 	12961 	12950
f 12957 	12961 	12956
f 3356 	3357 	3067
f 3357 	3358 	3068
f 3358 	3223 	3068
f 3223 	3347 	3068
f 3347 	1556 	1531
f 12959 	12961 	12958
f 3351 	3444 	3222
f 3349 	3361 	3447
f 2398 	1553 	1554
f 12952 	12961 	12960
f 12959 	12960 	12961
f 3785 	3473 	3414
f 3074 	3402 	3362
f 12954 	12961 	12953
f 12953 	12961 	12952
f 12977 	13010 	12923
f 3349 	3356 	3361
f 3471 	3467 	3361
f 3414 	3473 	3361
f 12955 	8364 	12954
f 12961 	12954 	8364
f 1186 	3411 	1102
f 12951 	12949 	12961
f 12947 	12951 	13128
f 3418 	3416 	3402
f 3404 	3042 	3402
f 3418 	3402 	3042
f 6891 	6901 	12961
f 6837 	6840 	12961
f 3042 	3404 	3405
f 3079 	3405 	3404
f 282 	281 	12946
f 6901 	12962 	12961
f 3038 	3411 	3410
f 282 	12946 	630
f 3038 	1102 	3411
f 3411 	1186 	3409
f 12964 	12961 	12963
f 12963 	12961 	12967
f 12967 	12961 	12968
f 3418 	3417 	3414
f 3418 	3414 	3416
f 12968 	12961 	12962
f 3417 	3785 	3414
f 12966 	12961 	12964
f 12969 	12974 	12966
f 3412 	3418 	3042
f 12965 	12974 	12970
f 4037 	3409 	1186
f 1203 	1185 	1102
f 12922 	12999 	13001
f 12970 	12974 	12969
f 12972 	12974 	12971
f 12961 	12966 	12974
f 12971 	12974 	12965
f 12972 	7066 	12974
f 7066 	7064 	12974
f 1554 	3220 	3445
f 12977 	12923 	12922
f 12978 	12979 	12974
f 12377 	12980 	12379
f 3455 	2395 	3463
f 3456 	2395 	3455
f 3461 	2395 	3456
f 3465 	2395 	3461
f 3502 	2828 	3465
f 12981 	12977 	12922
f 3467 	3471 	3449
f 12975 	12377 	12979
f 12973 	12984 	12983
f 3499 	3449 	3471
f 3447 	3361 	3467
f 3444 	3351 	3447
f 3445 	3222 	3444
f 12985 	12978 	12974
f 3784 	3867 	3473
f 3785 	3784 	3473
f 12986 	12974 	12987
f 12973 	12988 	12984
f 3351 	3349 	3447
f 3471 	3361 	3473
f 12896 	12897 	12900
f 12925 	12996 	12901
f 12929 	12994 	12927
f 12899 	12900 	12897
f 12852 	12853 	12840
f 3471 	3963 	3499
f 12992 	12931 	12991
f 12993 	12930 	12992
f 12994 	12929 	12993
f 12995 	12927 	12994
f 12996 	12925 	12995
f 12896 	12901 	12996
f 12931 	12932 	12991
f 12990 	12991 	12932
f 12997 	12998 	12934
f 12942 	12997 	12934
f 12932 	12934 	12998
f 12990 	12932 	12998
f 3501 	2828 	3502
f 3515 	2828 	3501
f 12642 	12846 	12599
f 12846 	12845 	12600
f 12846 	12600 	12599
f 3508 	3498 	3963
f 12601 	12600 	12844
f 12845 	12844 	12600
f 12844 	12843 	12601
f 3507 	3508 	3963
f 3498 	3499 	3963
f 12598 	12840 	12839
f 12898 	12598 	12839
f 2395 	3465 	2828
f 2828 	3515 	3518
f 3519 	2835 	3518
f 3512 	2835 	3519
f 3513 	2835 	3512
f 3516 	2835 	3513
f 3954 	2835 	3516
f 12643 	12870 	12644
f 12895 	12644 	12870
f 12895 	12894 	12644
f 12977 	12981 	12988
f 12892 	12638 	12893
f 284 	13000 	12999
f 12638 	12892 	12639
f 12891 	12639 	12892
f 12890 	12640 	12639
f 12890 	12639 	12891
f 3409 	3785 	3417
f 12640 	12890 	12889
f 3785 	3409 	3789
f 12888 	12642 	12889
f 4037 	3789 	3409
f 12642 	12888 	12846
f 281 	284 	12999
f 4017 	4018 	3782
f 3868 	3867 	3782
f 3863 	3557 	3868
f 3559 	3868 	3557
f 3867 	3784 	3782
f 3562 	3473 	3867
f 12922 	13001 	13002
f 12870 	12643 	12855
f 12611 	12855 	12643
f 3948 	3947 	2995
f 13001 	13003 	13002
f 12869 	12632 	12847
f 13000 	13001 	12999
f 2834 	2835 	3955
f 3955 	2835 	3954
f 12605 	12848 	12604
f 12847 	12604 	12848
f 12922 	13002 	12981
f 3506 	3963 	3961
f 12848 	12605 	12606
f 12848 	12606 	12849
f 12984 	12988 	13002
f 3945 	3961 	3963
f 3961 	3945 	3960
f 3988 	3945 	3963
f 3947 	3960 	3945
f 3948 	3960 	3947
f 13002 	12988 	12981
f 3506 	3507 	3963
f 12849 	12606 	12852
f 12922 	12946 	12999
f 12852 	12608 	12853
f 12999 	12946 	281
f 3963 	4021 	3988
f 12609 	12854 	12608
f 12853 	12608 	12854
f 3988 	4021 	3987
f 3996 	4106 	3023
f 12609 	12770 	12854
f 13000 	13003 	13001
f 3999 	4106 	3998
f 285 	13003 	13000
f 12856 	12855 	12611
f 3997 	4106 	3996
f 3998 	4106 	3997
f 3992 	4138 	3999
f 12612 	12857 	12856
f 4054 	1211 	4166
f 12614 	12858 	12857
f 12614 	12857 	12612
f 3788 	3793 	4014
f 3868 	3782 	4018
f 12984 	13003 	12983
f 12615 	12859 	12858
f 12615 	12858 	12614
f 4007 	4021 	4018
f 4021 	3863 	4018
f 3868 	4018 	3863
f 4007 	3990 	4021
f 12859 	12615 	12860
f 12616 	12860 	12615
f 13002 	13003 	12984
f 4007 	4006 	4036
f 12862 	12860 	12616
f 3987 	4021 	3990
f 4036 	3990 	4007
f 12618 	12863 	12862
f 4037 	3793 	3789
f 12973 	12983 	13150
f 12863 	12618 	12865
f 12619 	12865 	12618
f 4013 	4014 	3793
f 12865 	12619 	12866
f 4038 	1187 	4054
f 12866 	12622 	12867
f 1211 	4054 	1187
f 4037 	4013 	3793
f 12867 	12622 	12632
f 12867 	12632 	12869
f 12874 	12797 	12875
f 12604 	12847 	12632
f 4037 	4057 	4013
f 12792 	12875 	12755
f 12768 	12898 	12897
f 12797 	12755 	12875
f 12897 	12896 	12768
f 4006 	4013 	4057
f 12797 	12874 	12884
f 4054 	4170 	4057
f 4057 	4162 	4006
f 1211 	1214 	4165
f 12787 	12990 	12788
f 12998 	12788 	12990
f 12998 	12997 	12788
f 2013 	2006 	4061
f 2013 	4061 	4063
f 1991 	2014 	4071
f 12793 	12884 	12886
f 4072 	5697 	4070
f 12884 	12793 	12762
f 12782 	12996 	12995
f 12995 	12994 	12783
f 12995 	12783 	12782
f 12784 	12783 	12993
f 12994 	12993 	12783
f 4106 	3999 	4103
f 4114 	3023 	4115
f 4117 	4115 	3023
f 4114 	4111 	3023
f 4109 	3023 	4111
f 4108 	3023 	4109
f 4107 	3023 	4108
f 3021 	3024 	3022
f 13100 	13021 	13034
f 2006 	2009 	4061
f 4062 	4061 	2009
f 4070 	1991 	4071
f 4063 	4067 	2013
f 5086 	4994 	13004
f 4142 	4156 	4124
f 13004 	5150 	5086
f 4138 	4139 	3999
f 4127 	4138 	3994
f 4140 	4127 	3994
f 4103 	3999 	4139
f 4141 	4140 	3994
f 12923 	13008 	13004
f 12571 	13007 	12791
f 12912 	12941 	13007
f 4124 	4156 	4123
f 13004 	13008 	5150
f 12912 	13007 	12571
f 4144 	4143 	5697
f 4143 	4121 	5697
f 4144 	5697 	4145
f 4145 	5697 	4072
f 13007 	12941 	13005
f 13006 	13005 	13013
f 4121 	4120 	5697
f 4120 	4123 	5697
f 4156 	5697 	4123
f 4106 	4117 	3023
f 13008 	12923 	13010
f 4151 	4141 	3994
f 3994 	4192 	4151
f 13010 	12977 	13016
f 4154 	4158 	4146
f 4192 	4191 	4154
f 12941 	13014 	13005
f 13014 	13013 	13005
f 5152 	13008 	13010
f 4036 	4006 	4035
f 4165 	1214 	4164
f 5293 	5152 	13010
f 2000 	4164 	1214
f 4166 	1211 	4165
f 4035 	4006 	4162
f 3994 	4175 	4467
f 12808 	12810 	13012
f 13015 	12941 	13012
f 13092 	12977 	12988
f 3994 	4185 	4183
f 4182 	4180 	4183
f 3994 	4183 	4180
f 3994 	4180 	4179
f 3994 	4179 	4178
f 3994 	4178 	4173
f 3994 	4173 	4172
f 4177 	3994 	4172
f 4175 	3994 	4177
f 3994 	4138 	3992
f 4170 	4054 	4166
f 4162 	4057 	4170
f 13015 	13014 	12941
f 12811 	12817 	13018
f 4158 	4191 	4478
f 4193 	4478 	4191
f 4189 	4190 	2000
f 13019 	13011 	13017
f 4481 	4453 	4196
f 4457 	4163 	2000
f 4190 	4454 	2000
f 1977 	2000 	1214
f 12795 	13020 	13021
f 13012 	13022 	12808
f 12941 	13022 	13012
f 13020 	12808 	13022
f 13022 	12941 	13020
f 12811 	13018 	13013
f 13038 	12794 	12886
f 13021 	13020 	12941
f 13009 	13006 	13018
f 13013 	13018 	13006
f 13011 	13009 	13018
f 13018 	13017 	13011
f 12836 	13023 	13024
f 12941 	13034 	13021
f 289 	13034 	12941
f 12836 	13024 	12838
f 13028 	13025 	12834
f 13036 	13029 	13027
f 13030 	12804 	13026
f 13036 	13027 	13037
f 13031 	12804 	13030
f 13027 	10401 	12153
f 12153 	13037 	13027
f 13026 	12919 	13030
f 2237 	12919 	13026
f 13026 	13025 	2237
f 13025 	13028 	2237
f 12817 	12806 	13032
f 10403 	10400 	13029
f 13031 	13032 	12806
f 12986 	12985 	12974
f 12976 	12377 	12975
f 12980 	12377 	12982
f 12989 	12987 	12974
f 12961 	13128 	12951
f 12974 	12377 	12961
f 12974 	12979 	12377
f 12976 	12982 	12377
f 13033 	13028 	12835
f 12834 	12835 	13028
f 13030 	12919 	13031
f 2237 	13028 	13033
f 12817 	13032 	13019
f 13046 	12937 	13047
f 13011 	12918 	12790
f 13049 	13048 	12940
f 12919 	2237 	12924
f 12920 	12928 	2237
f 13011 	13032 	12918
f 13019 	13032 	13011
f 13031 	12918 	13032
f 12920 	2237 	12921
f 2237 	2217 	280
f 13035 	10429 	10403
f 13046 	13045 	12937
f 10403 	13029 	13035
f 12939 	13047 	12937
f 12938 	13048 	12939
f 13035 	12878 	10429
f 13051 	13050 	12943
f 12944 	12943 	13050
f 13035 	13029 	13038
f 13043 	13051 	12933
f 13038 	13029 	13036
f 12948 	13054 	12945
f 13054 	12948 	12944
f 13050 	13054 	12944
f 13037 	13024 	13036
f 13035 	12886 	12878
f 13035 	13038 	12886
f 13037 	13105 	13024
f 13023 	13038 	13036
f 13052 	13057 	12951
f 13024 	13023 	13036
f 13061 	13060 	12954
f 13062 	12957 	12956
f 13062 	13064 	12957
f 13038 	13023 	12794
f 13065 	13059 	12960
f 12960 	12959 	13065
f 13066 	13065 	12959
f 13066 	12959 	12958
f 12953 	13058 	12954
f 13123 	13105 	13037
f 12838 	13024 	13105
f 13074 	12968 	13068
f 13072 	12966 	12964
f 12963 	12967 	13073
f 13074 	13073 	12968
f 12967 	12968 	13073
f 12962 	13068 	12968
f 12969 	12966 	13072
f 12970 	13076 	12965
f 13076 	12970 	12969
f 12980 	12408 	12379
f 13039 	13186 	13040
f 13039 	13042 	13186
f 13088 	12972 	12971
f 7228 	7066 	13088
f 12993 	12992 	12785
f 12993 	12785 	12784
f 12786 	12785 	12991
f 12992 	12991 	12785
f 12982 	13082 	12980
f 12787 	12786 	12990
f 12991 	12990 	12786
f 12789 	12942 	12780
f 12986 	12987 	13085
f 12989 	13086 	12987
f 13085 	12987 	13086
f 12997 	12942 	12789
f 12976 	13077 	12982
f 12854 	12770 	12899
f 12420 	4361 	13131
f 12771 	12900 	12770
f 12899 	12770 	12900
f 13046 	13047 	13133
f 12900 	12771 	12901
f 9001 	13133 	13048
f 13047 	13048 	13133
f 13049 	9001 	13048
f 12773 	12925 	12901
f 13044 	13045 	13133
f 13045 	13046 	13133
f 8998 	13133 	9002
f 13043 	13044 	13133
f 8997 	9001 	13049
f 12925 	12773 	12774
f 12925 	12774 	12927
f 12775 	12929 	12774
f 12927 	12774 	12929
f 13054 	13050 	13133
f 13051 	13043 	13133
f 13050 	13051 	13133
f 12929 	12775 	12930
f 12930 	12777 	12931
f 12931 	12777 	12932
f 13055 	13067 	13063
f 13062 	13063 	13067
f 12932 	12779 	12934
f 13064 	13062 	13067
f 12934 	12779 	12780
f 12934 	12780 	12942
f 13064 	13067 	13066
f 13058 	13059 	13067
f 13059 	13065 	13067
f 13066 	13067 	13065
f 9163 	9159 	13067
f 13061 	13058 	13067
f 9151 	9163 	13067
f 12765 	11229 	12837
f 13055 	13056 	13067
f 13056 	13057 	13067
f 13052 	13133 	13057
f 7157 	13067 	13068
f 2819 	2818 	12795
f 2818 	2816 	12795
f 2712 	12795 	2816
f 2816 	2815 	2712
f 2799 	2712 	2813
f 2796 	2712 	2798
f 4459 	3994 	4460
f 4462 	4460 	3994
f 4163 	4164 	2000
f 3177 	3176 	3407
f 3136 	3133 	12795
f 3131 	2819 	12795
f 13021 	13100 	12795
f 4467 	4465 	3994
f 3994 	4465 	4470
f 3994 	4470 	4471
f 3994 	4471 	4462
f 3994 	4459 	4455
f 3994 	4455 	4192
f 4154 	4151 	4192
f 3178 	3177 	3407
f 4454 	4457 	2000
f 4158 	4154 	4191
f 4196 	4189 	4481
f 12835 	3527 	13149
f 4481 	4189 	2000
f 12835 	12837 	11236
f 11235 	11236 	12837
f 13073 	13067 	13070
f 13074 	13067 	13073
f 13069 	13070 	13067
f 13016 	12977 	13091
f 13074 	13068 	13067
f 5715 	5721 	13221
f 12411 	13072 	13067
f 13069 	13067 	13072
f 13076 	13087 	13071
f 13075 	13087 	13076
f 13075 	13072 	12411
f 5467 	13016 	13091
f 12408 	13081 	12411
f 13082 	12411 	13081
f 4158 	12008 	4156
f 4478 	12008 	4158
f 4481 	12008 	4478
f 13083 	13087 	13080
f 13088 	13087 	13085
f 13086 	13088 	13085
f 12411 	13082 	13077
f 12411 	13077 	13078
f 13079 	13087 	13078
f 13080 	13087 	13079
f 13084 	13085 	13087
f 13083 	13084 	13087
f 12411 	13078 	13087
f 13071 	13087 	13089
f 13088 	13089 	13087
f 13086 	7228 	13088
f 13087 	13075 	12411
f 13067 	13057 	13133
f 13054 	13133 	13053
f 13052 	13053 	13133
f 12943 	12933 	13051
f 13016 	5467 	13010
f 13044 	12936 	13045
f 12935 	13045 	12936
f 13010 	5467 	5293
f 12935 	12937 	13045
f 13047 	12939 	13048
f 12938 	12940 	13048
f 12936 	13044 	12933
f 13043 	12933 	13044
f 12945 	13053 	12947
f 13052 	12947 	13053
f 13053 	12945 	13054
f 12947 	13052 	12951
f 12949 	13056 	12950
f 13055 	12950 	13056
f 13056 	12949 	12951
f 13056 	12951 	13057
f 13058 	12953 	13059
f 12952 	13059 	12953
f 12955 	12954 	13060
f 12988 	13098 	13092
f 13062 	12956 	13063
f 12958 	12957 	13064
f 12973 	13098 	12988
f 13063 	12956 	13055
f 12950 	13055 	12956
f 13064 	13066 	12958
f 12952 	12960 	13059
f 13090 	5865 	12501
f 13091 	5468 	5467
f 5865 	13090 	5898
f 13061 	12954 	13058
f 12962 	6901 	13068
f 12963 	13070 	12964
f 13069 	12964 	13070
f 13091 	12977 	13092
f 3415 	13146 	13147
f 161 	12501 	12503
f 4507 	13091 	13092
f 161 	12503 	362
f 12508 	362 	12503
f 13146 	3415 	13151
f 12973 	13104 	13098
f 13153 	3530 	13147
f 289 	13220 	5721
f 13099 	13094 	13107
f 13098 	4507 	13092
f 13093 	13034 	13094
f 4507 	4508 	13091
f 3407 	13100 	13101
f 13098 	4511 	4507
f 13098 	4514 	4511
f 13034 	13114 	13094
f 13103 	13034 	13102
f 13107 	13109 	13099
f 3488 	13101 	13103
f 13102 	13034 	13093
f 13101 	13034 	13103
f 13100 	13034 	13101
f 12574 	12808 	13090
f 13039 	2712 	13042
f 13042 	2712 	13041
f 13090 	12548 	12574
f 169 	166 	13090
f 13104 	4524 	4521
f 12370 	12369 	12275
f 13104 	4521 	4445
f 12128 	12370 	12275
f 12085 	13132 	13106
f 13108 	13107 	13094
f 12795 	13090 	12808
f 13090 	12547 	12548
f 13089 	12971 	13071
f 12964 	13069 	13072
f 13070 	12963 	13073
f 13107 	13108 	3505
f 3505 	13109 	13107
f 13075 	12969 	13072
f 13097 	13096 	13112
f 13071 	12965 	13076
f 13111 	13112 	3511
f 13115 	12088 	12086
f 13113 	3504 	13108
f 13109 	13112 	13096
f 3511 	3510 	13111
f 12969 	13075 	13076
f 169 	13090 	13120
f 13077 	12976 	13078
f 12975 	13078 	12976
f 13079 	12979 	13080
f 12978 	13080 	12979
f 12085 	13106 	12098
f 12980 	13081 	12408
f 13082 	13081 	12980
f 12979 	13079 	12975
f 13078 	12975 	13079
f 12978 	12985 	13080
f 13083 	13080 	12985
f 12506 	205 	221
f 12986 	13084 	12985
f 13083 	12985 	13084
f 13084 	12986 	13085
f 13115 	13116 	10931
f 12508 	221 	362
f 13116 	12086 	12092
f 13116 	13115 	12086
f 499 	500 	13090
f 10853 	12088 	13115
f 12501 	160 	13090
f 509 	510 	13090
f 13118 	10933 	13117
f 13119 	10934 	13117
f 10931 	13116 	10934
f 13116 	13117 	10934
f 10934 	13119 	12089
f 12090 	12089 	13119
f 13119 	13117 	10933
f 10857 	12090 	13119
f 10857 	13119 	10933
f 12092 	12091 	13117
f 13116 	12092 	13117
f 5475 	303 	304
f 12506 	12510 	205
f 5474 	5476 	299
f 305 	5469 	299
f 12091 	12093 	13117
f 13118 	13117 	12093
f 13106 	13175 	13121
f 12098 	13106 	13121
f 12094 	13122 	13175
f 12096 	9457 	12097
f 167 	13224 	154
f 12093 	10861 	13118
f 10963 	13118 	10861
f 12099 	13122 	12094
f 12098 	13122 	12099
f 13120 	13090 	160
f 12096 	9458 	9457
f 13118 	10963 	10933
f 12501 	161 	160
f 13121 	13122 	12098
f 9460 	12113 	12112
f 154 	509 	13090
f 6539 	9461 	10881
f 9460 	12112 	12111
f 9460 	12111 	9461
f 154 	13090 	167
f 12115 	12114 	13127
f 13123 	12153 	12081
f 12081 	12155 	13123
f 12121 	13132 	12085
f 13123 	13037 	12153
f 13132 	12121 	12122
f 12124 	13136 	12125
f 13182 	12124 	12177
f 13082 	12982 	13077
f 12989 	7055 	13086
f 13088 	12971 	13089
f 12965 	13071 	12971
f 4552 	4682 	301
f 13133 	234 	12411
f 4553 	4552 	302
f 301 	302 	4552
f 5475 	4553 	303
f 13125 	12115 	13127
f 5476 	5475 	304
f 13171 	13125 	13126
f 13124 	13126 	13125
f 13124 	13125 	13127
f 304 	299 	5476
f 12117 	12116 	13124
f 13126 	13124 	12116
f 5474 	299 	5469
f 12115 	13125 	12118
f 4538 	306 	307
f 308 	4539 	307
f 13124 	12189 	12117
f 234 	239 	12411
f 13125 	13171 	12118
f 310 	4544 	309
f 12377 	13129 	13128
f 13106 	13132 	13130
f 13130 	13175 	13106
f 13129 	12377 	13131
f 12123 	12120 	13130
f 13130 	12120 	13175
f 12411 	13067 	13133
f 8993 	8989 	13133
f 13132 	13177 	13130
f 13177 	13132 	12122
f 13129 	13131 	13134
f 12124 	13135 	13136
f 13136 	13135 	13182
f 12124 	13182 	13135
f 12377 	12420 	13131
f 4603 	13134 	13131
f 13110 	13151 	13111
f 12126 	13137 	13138
f 12126 	13138 	12127
f 4601 	13128 	13129
f 13138 	12176 	12127
f 13137 	12126 	12204
f 12134 	13139 	13140
f 12134 	13140 	12135
f 13140 	13139 	9
f 12134 	9 	13139
f 95 	13274 	96
f 94 	12256 	95
f 13126 	12116 	12167
f 12168 	13170 	12167
f 311 	4531 	310
f 13141 	12155 	12154
f 13198 	13230 	2712
f 12154 	12391 	13141
f 12983 	13152 	13150
f 13123 	12155 	13142
f 13198 	2712 	13040
f 13142 	12155 	13141
f 12973 	13275 	13104
f 13159 	13160 	3500
f 4682 	4681 	317
f 13108 	13094 	13113
f 316 	317 	4681
f 13143 	13145 	13034
f 13145 	13114 	13034
f 13113 	13094 	13114
f 13144 	13143 	13034
f 13096 	13099 	13109
f 13112 	13111 	13097
f 13095 	13097 	13111
f 13160 	13151 	13110
f 13095 	13111 	13151
f 3480 	13095 	13151
f 13160 	13159 	13146
f 13151 	13160 	13146
f 3530 	13153 	13154
f 13154 	13153 	2237
f 13153 	13147 	2237
f 13154 	13148 	3530
f 2237 	13161 	2236
f 13154 	2237 	13148
f 13149 	13033 	12835
f 13152 	13155 	13195
f 13033 	13149 	2237
f 13148 	2237 	13149
f 3539 	13156 	13157
f 3539 	13157 	13158
f 13159 	3500 	13158
f 13157 	2237 	13158
f 12170 	12118 	13171
f 3510 	13160 	13110
f 12094 	13175 	12120
f 13147 	13146 	13159
f 3510 	3500 	13160
f 13171 	12172 	12169
f 13159 	13158 	2237
f 2237 	13147 	13159
f 3541 	3630 	13161
f 3539 	3541 	13156
f 13157 	13156 	2237
f 13156 	13161 	2237
f 13202 	2233 	13161
f 12175 	13183 	12173
f 13182 	12177 	12176
f 13162 	3554 	13164
f 13034 	13180 	13164
f 3561 	13199 	3560
f 12179 	13214 	12178
f 13165 	13163 	13179
f 13163 	13162 	13180
f 13162 	13164 	13180
f 13169 	13167 	3551
f 12125 	13136 	12191
f 13144 	13169 	3551
f 13178 	13171 	13170
f 13170 	13171 	13126
f 13144 	13034 	13169
f 13126 	12167 	13170
f 13165 	13179 	13166
f 13171 	12169 	12170
f 13166 	13189 	13172
f 13173 	13172 	13189
f 3556 	3567 	13174
f 13168 	13167 	13034
f 13167 	13169 	13034
f 13174 	13164 	3556
f 13164 	13174 	13034
f 13174 	13168 	13034
f 13122 	13121 	13175
f 13176 	13196 	3596
f 13177 	13171 	13178
f 13177 	13178 	13130
f 4603 	13129 	13134
f 13130 	13178 	12171
f 13130 	12171 	12123
f 5121 	2067 	4225
f 13171 	13177 	12172
f 3596 	3597 	13176
f 12172 	13177 	12122
f 7126 	4225 	4755
f 13170 	12168 	12171
f 13123 	13142 	13105
f 13178 	13170 	12171
f 12407 	12413 	2712
f 12409 	12407 	2712
f 4441 	4440 	11479
f 13183 	13136 	13182
f 13142 	13184 	13105
f 11479 	11478 	4441
f 4472 	11481 	11480
f 13182 	13185 	13183
f 11482 	11481 	4474
f 13142 	13186 	13184
f 12391 	12392 	13187
f 12983 	13003 	13152
f 13155 	13152 	13003
f 13003 	285 	13155
f 13217 	13155 	285
f 3617 	13188 	13189
f 3617 	13190 	13188
f 13187 	13141 	12391
f 13186 	13142 	13141
f 3581 	13193 	13194
f 13150 	13152 	13195
f 13191 	13150 	13195
f 13176 	13034 	13196
f 13181 	13034 	13176
f 13187 	13186 	13141
f 13191 	13197 	13192
f 11614 	10773 	13194
f 3581 	13194 	10773
f 13194 	13193 	13034
f 13193 	13196 	13034
f 13181 	13180 	13034
f 13179 	13163 	13180
f 13189 	13166 	13179
f 13191 	13219 	13197
f 13190 	3617 	13213
f 11596 	4480 	4479
f 13195 	13219 	13191
f 13213 	13210 	13199
f 13195 	13155 	13219
f 13200 	3560 	13199
f 13173 	13199 	3561
f 13187 	13198 	13040
f 13188 	13190 	13173
f 13218 	13279 	13192
f 3560 	13200 	3631
f 13199 	13173 	13213
f 13190 	13213 	13173
f 13203 	13200 	2233
f 13201 	13204 	2233
f 13204 	13203 	2233
f 12176 	13185 	13182
f 2233 	13202 	13201
f 13138 	13231 	13185
f 13185 	12176 	13138
f 13205 	3647 	13207
f 323 	325 	750
f 3590 	3588 	13210
f 13207 	2232 	13205
f 13211 	13212 	13209
f 13210 	13213 	3590
f 13210 	13208 	2233
f 13206 	2233 	13208
f 13211 	13215 	13212
f 13217 	321 	322
f 3647 	3651 	13207
f 321 	13217 	285
f 13136 	13183 	13223
f 13216 	2232 	13207
f 4481 	2232 	13216
f 322 	13211 	13217
f 13183 	12178 	13214
f 13188 	13173 	13189
f 13200 	13199 	13210
f 2233 	13200 	13210
f 13205 	2232 	13206
f 13225 	13124 	13226
f 12114 	12190 	13127
f 13034 	11825 	11615
f 13214 	13223 	13183
f 13215 	750 	13218
f 12178 	13183 	12175
f 13216 	3651 	11827
f 11827 	4481 	13216
f 13215 	13218 	13212
f 2236 	13161 	2233
f 2233 	13206 	2232
f 13192 	13197 	13212
f 13218 	13192 	13212
f 13224 	24 	13220
f 13221 	13220 	24
f 13221 	12826 	5715
f 324 	13215 	13211
f 322 	324 	13211
f 13209 	13217 	13211
f 12406 	12409 	2712
f 13209 	13212 	13219
f 13219 	13212 	13197
f 12392 	13230 	13187
f 12191 	13222 	12193
f 13226 	12190 	12189
f 13155 	13217 	13209
f 12184 	9219 	12185
f 12183 	9220 	12186
f 9222 	12186 	9220
f 289 	59 	13220
f 12186 	9222 	12187
f 9221 	12187 	9222
f 53 	13224 	13220
f 9221 	12188 	12187
f 12188 	9223 	12184
f 54 	53 	13220
f 13223 	13214 	13222
f 12191 	13136 	13223
f 4584 	4583 	11484
f 13127 	13226 	13124
f 12826 	13221 	24
f 12827 	12826 	24
f 13124 	13225 	12189
f 4584 	11484 	11483
f 13226 	13127 	12190
f 13224 	169 	24
f 13223 	13222 	12191
f 13225 	13226 	12189
f 37 	12796 	13227
f 37 	36 	12796
f 13227 	12796 	24
f 4604 	4606 	11589
f 11592 	4653 	11593
f 187 	389 	13227
f 13228 	12200 	13234
f 12200 	13228 	12202
f 13232 	12202 	13228
f 12202 	13232 	12204
f 4659 	11618 	11593
f 11618 	4702 	11619
f 13234 	12200 	12205
f 12796 	12799 	24
f 6197 	11621 	6196
f 11619 	6196 	11621
f 13186 	13187 	13040
f 13186 	13042 	13184
f 13041 	13184 	13042
f 12838 	13105 	13184
f 6164 	4800 	11669
f 12851 	12838 	13184
f 13041 	12851 	13184
f 11608 	4761 	11610
f 4728 	11611 	4729
f 12226 	13235 	13234
f 12226 	13234 	12205
f 13234 	13242 	13228
f 13229 	13233 	13231
f 13231 	13232 	13229
f 13228 	13242 	13232
f 11611 	4728 	11612
f 12198 	13229 	12199
f 13242 	12199 	13229
f 12211 	12199 	13242
f 4721 	11616 	4723
f 13198 	13187 	13230
f 13229 	12197 	13233
f 12196 	13233 	12197
f 12406 	13230 	12392
f 12197 	13229 	12198
f 13233 	13183 	13185
f 12413 	12412 	2712
f 13230 	12406 	2712
f 4438 	4437 	11477
f 12173 	13233 	12174
f 12174 	13233 	12196
f 13040 	2712 	13039
f 13183 	13233 	12173
f 4437 	4441 	11478
f 13232 	13231 	12204
f 12850 	12851 	12534
f 4472 	4474 	11481
f 13233 	13185 	13231
f 13137 	13231 	13138
f 13137 	12204 	13231
f 13236 	13237 	13235
f 13234 	13235 	13237
f 13237 	13247 	13234
f 13240 	13241 	13238
f 11596 	4479 	11598
f 12214 	12213 	13236
f 13237 	13236 	12213
f 4450 	11600 	4452
f 11599 	4452 	11600
f 13235 	13258 	13236
f 13239 	13236 	13258
f 4452 	11599 	4447
f 12207 	12208 	13239
f 13236 	13239 	12208
f 5156 	13240 	12119
f 12129 	12119 	13240
f 11600 	4450 	11602
f 4469 	11602 	4450
f 13239 	12180 	12207
f 4463 	11601 	4469
f 11602 	4469 	11601
f 11663 	11664 	8113
f 12214 	13236 	12208
f 13238 	5785 	5160
f 13238 	13241 	5785
f 13214 	12179 	13239
f 5159 	13241 	5156
f 2739 	9393 	2742
f 12180 	13239 	12179
f 13229 	13232 	13242
f 12166 	10280 	5785
f 13241 	12166 	5785
f 5159 	12165 	13241
f 13240 	5156 	13241
f 13244 	4601 	13243
f 13242 	13234 	13247
f 13248 	13249 	4601
f 11682 	11683 	4601
f 12211 	13242 	13247
f 12211 	13247 	12212
f 13251 	13128 	13250
f 11683 	13243 	4601
f 13254 	13268 	13253
f 13255 	13268 	13254
f 13245 	13266 	13255
f 13246 	13266 	13245
f 13256 	13266 	13246
f 13252 	13253 	13268
f 12210 	13237 	12209
f 13257 	13128 	13251
f 13250 	13128 	13249
f 11686 	13128 	11684
f 11687 	11688 	13128
f 13257 	11684 	13128
f 13237 	12210 	13247
f 12212 	13247 	12210
f 11692 	11693 	13128
f 12209 	13237 	12213
f 13256 	10559 	10556
f 11681 	11682 	4601
f 13214 	13239 	13222
f 13258 	13222 	13239
f 12193 	13222 	12227
f 13258 	12227 	13222
f 12226 	12227 	13235
f 13258 	13235 	12227
f 13268 	13262 	13252
f 9272 	9274 	12230
f 12233 	9225 	12234
f 9224 	12234 	9225
f 12183 	12234 	9220
f 10591 	13261 	10594
f 9224 	9220 	12234
f 8905 	8858 	11631
f 9271 	9275 	12245
f 13299 	13300 	13272
f 13262 	13263 	13260
f 13264 	13303 	13263
f 9231 	9230 	12243
f 13261 	13252 	13262
f 13260 	13261 	13262
f 8610 	8609 	11658
f 12244 	9271 	12245
f 13209 	13219 	13155
f 9235 	9234 	12239
f 9235 	12239 	12238
f 9235 	12238 	9236
f 13277 	13218 	750
f 83 	9281 	12250
f 9280 	12250 	9281
f 9280 	9282 	12250
f 13256 	13287 	13266
f 13268 	13255 	13266
f 9273 	12229 	9282
f 44 	12135 	13140
f 4 	12253 	28
f 13266 	13265 	10619
f 12253 	4 	12254
f 6 	12254 	4
f 9 	12255 	12261
f 12255 	9 	12134
f 171 	214 	12256
f 8688 	11678 	8690
f 12257 	6 	12258
f 13262 	13268 	10606
f 6 	12257 	12254
f 96 	12261 	97
f 13286 	13313 	13270
f 40 	16 	12268
f 11678 	8688 	11679
f 21 	12269 	12263
f 11677 	8872 	11678
f 13316 	13317 	13269
f 12269 	21 	12270
f 13316 	13269 	13313
f 21 	28 	12265
f 12135 	44 	45
f 10837 	10836 	13286
f 12270 	21 	12265
f 10623 	13286 	13270
f 35 	226 	12271
f 40 	12267 	12266
f 12267 	40 	12268
f 12262 	12268 	16
f 12253 	12264 	28
f 13273 	6 	13274
f 8 	96 	13274
f 13274 	214 	13273
f 13274 	12256 	214
f 8 	12261 	96
f 13150 	13275 	12973
f 95 	12256 	13274
f 35 	12260 	13273
f 12259 	13273 	12260
f 4704 	4525 	13275
f 12271 	12260 	35
f 13283 	4704 	13275
f 28 	44 	4
f 9 	4 	13140
f 11683 	8670 	13243
f 13243 	8673 	13244
f 9 	8 	4
f 6 	4 	8
f 8 	13274 	6
f 12258 	6 	13273
f 12258 	13273 	12259
f 13278 	13279 	13218
f 13271 	13272 	10630
f 13257 	8678 	11684
f 8678 	8682 	11684
f 4714 	8680 	4705
f 13278 	13218 	13277
f 5428 	4704 	8591
f 4704 	4707 	8591
f 4705 	8665 	8666
f 8665 	4705 	8680
f 4714 	12731 	8680
f 13278 	13277 	13276
f 13131 	8658 	4605
f 8658 	4361 	8659
f 10515 	13261 	10591
f 13276 	13277 	325
f 11631 	11630 	8905
f 13276 	13279 	13278
f 13260 	10595 	10594
f 10598 	10595 	13260
f 13252 	13261 	10515
f 11674 	8879 	11676
f 8873 	8872 	11676
f 10598 	13260 	13259
f 11277 	11225 	13303
f 13262 	10603 	13263
f 13276 	4714 	13279
f 11680 	8668 	11681
f 10600 	13264 	10601
f 13279 	13281 	13192
f 13150 	13191 	13283
f 10647 	10632 	13264
f 13191 	13282 	13283
f 10600 	10647 	13264
f 13248 	8675 	13249
f 8676 	13251 	8677
f 13250 	8677 	13251
f 13266 	10619 	10618
f 13250 	13249 	8677
f 13280 	13192 	13281
f 8674 	8677 	13249
f 13264 	10632 	13272
f 4714 	13280 	13281
f 4714 	13281 	13279
f 13192 	13282 	13191
f 13267 	13286 	10836
f 13275 	13150 	13283
f 11689 	11688 	8592
f 13283 	4707 	4704
f 8592 	8594 	11689
f 13283 	13282 	4707
f 13192 	13280 	13282
f 11740 	8581 	11741
f 13282 	13280 	4707
f 13269 	13271 	10628
f 10629 	10628 	13271
f 8887 	8890 	11673
f 10618 	10616 	13266
f 11679 	8688 	8687
f 10630 	10629 	13271
f 10724 	13272 	10632
f 250 	251 	12192
f 8687 	11680 	11679
f 10724 	10630 	13272
f 19 	18 	12192
f 8671 	11683 	11682
f 11681 	8667 	11682
f 10765 	10607 	13268
f 8673 	13243 	8670
f 13266 	10633 	13268
f 10606 	13268 	10607
f 13244 	8672 	13248
f 13004 	12760 	82
f 8674 	13249 	8675
f 13287 	13284 	13265
f 13286 	13267 	13285
f 13265 	13266 	13287
f 8676 	8679 	13251
f 13270 	13313 	13269
f 13285 	13313 	13286
f 13284 	13285 	13265
f 13267 	13265 	13285
f 11686 	11684 	8682
f 8682 	8681 	11686
f 8593 	11688 	11687
f 11687 	8683 	8593
f 8593 	8592 	11688
f 11689 	8594 	11690
f 13288 	13284 	10827
f 8600 	11691 	8601
f 11690 	8601 	11691
f 11692 	8603 	11693
f 13284 	13288 	13285
f 8600 	8603 	11691
f 4747 	445 	4748
f 8605 	11740 	11693
f 10825 	13291 	13289
f 13288 	10831 	13289
f 8754 	5428 	8591
f 8754 	8759 	5428
f 13256 	10556 	13287
f 10821 	10830 	13287
f 13284 	13287 	10830
f 4741 	448 	450
f 10827 	13284 	10830
f 5494 	5428 	8759
f 4745 	4744 	435
f 5508 	5494 	8787
f 436 	4746 	435
f 5508 	8788 	5548
f 444 	4749 	443
f 13292 	13293 	13288
f 13294 	13288 	13293
f 13288 	13289 	13292
f 13290 	13288 	13294
f 13291 	13292 	13289
f 4747 	4746 	445
f 443 	4748 	445
f 4260 	6729 	8788
f 5548 	8788 	12926
f 447 	4750 	444
f 11323 	13309 	11324
f 13290 	11325 	11324
f 4741 	4739 	448
f 13288 	13312 	13285
f 13286 	10623 	10856
f 13286 	10856 	10855
f 10855 	10837 	13286
f 13301 	486 	13298
f 12650 	486 	13301
f 13303 	13264 	13302
f 13259 	13263 	13303
f 13264 	13272 	13302
f 13260 	13263 	13259
f 13300 	13302 	13272
f 13297 	13298 	486
f 486 	12650 	12651
f 12534 	9026 	8801
f 13297 	486 	13296
f 13296 	486 	13295
f 13306 	13307 	12534
f 13330 	3232 	12534
f 13295 	13343 	13296
f 13299 	11271 	11248
f 13296 	13343 	13297
f 13317 	11271 	13299
f 13 	13301 	13298
f 13 	12702 	13301
f 11231 	11316 	13302
f 13308 	12534 	13307
f 13288 	13290 	13309
f 13288 	13309 	13310
f 13288 	13310 	13312
f 13307 	13306 	13304
f 13307 	13304 	13311
f 13290 	11324 	13309
f 11366 	11359 	13310
f 5886 	495 	496
f 13306 	13318 	13304
f 13310 	11368 	11366
f 13310 	13309 	11368
f 11323 	11368 	13309
f 486 	487 	6012
f 13307 	13311 	13308
f 13313 	13285 	13312
f 13315 	6012 	13314
f 12659 	6012 	12658
f 13317 	13299 	13269
f 13271 	13269 	13299
f 13272 	13271 	13299
f 13319 	6012 	13315
f 13306 	12534 	13318
f 11322 	11321 	13312
f 13313 	13312 	13316
f 13320 	6012 	13319
f 13314 	6012 	12659
f 13320 	13321 	6012
f 5160 	4981 	13238
f 486 	6012 	13323
f 13324 	486 	13323
f 13295 	486 	13324
f 13322 	13323 	6012
f 12659 	14 	13314
f 13314 	14 	13315
f 13308 	13329 	12534
f 13323 	72 	13324
f 13305 	13325 	13311
f 72 	13295 	13324
f 13325 	13327 	13311
f 13365 	13363 	13328
f 13326 	13328 	13363
f 13311 	13304 	13305
f 13330 	12534 	13329
f 3232 	3219 	12534
f 13329 	13308 	13311
f 13329 	13311 	13327
f 13327 	13330 	13329
f 6011 	6012 	487
f 13321 	13322 	6012
f 13328 	13326 	13331
f 489 	6015 	490
f 6011 	487 	491
f 490 	6016 	493
f 6020 	493 	6016
f 6020 	6018 	493
f 13327 	3216 	3232
f 5885 	6015 	495
f 495 	5886 	5885
f 13335 	13240 	13333
f 13336 	13240 	13335
f 3232 	13330 	13327
f 5886 	496 	335
f 11208 	4771 	8801
f 13334 	13333 	13332
f 13335 	13337 	13336
f 13466 	13467 	9393
f 13467 	13423 	9393
f 12534 	10766 	13423
f 14 	15 	13315
f 13334 	13337 	13335
f 13334 	13335 	13333
f 18 	13319 	15
f 13315 	15 	13319
f 19 	13320 	18
f 13319 	18 	13320
f 22 	13321 	19
f 13320 	19 	13321
f 13334 	13371 	13337
f 23 	13322 	22
f 13321 	22 	13322
f 13323 	13322 	70
f 23 	70 	13322
f 13323 	70 	72
f 13339 	13338 	13340
f 13238 	13363 	13364
f 13340 	13466 	9393
f 13346 	13341 	13347
f 13338 	13347 	13341
f 13338 	13339 	13347
f 13364 	13352 	13238
f 13346 	13351 	13341
f 13348 	13238 	13353
f 13349 	13238 	13348
f 13348 	13350 	13349
f 13347 	13339 	9393
f 13339 	13340 	9393
f 13353 	13238 	13352
f 13341 	13354 	13355
f 13356 	13353 	13352
f 13355 	13369 	13341
f 13356 	13350 	13348
f 13356 	13348 	13353
f 13354 	13341 	13351
f 13355 	13357 	13358
f 13354 	13357 	13355
f 13361 	13362 	9393
f 13346 	13347 	9393
f 13360 	13350 	13356
f 13351 	13359 	13354
f 13351 	13346 	9393
f 13362 	13359 	9393
f 13362 	13361 	13357
f 13362 	13357 	13354
f 13345 	334 	13
f 12702 	13 	334
f 12709 	12707 	12192
f 13363 	13238 	13326
f 13365 	13364 	13363
f 12710 	12709 	12192
f 14 	12710 	12192
f 15 	14 	12192
f 18 	15 	12192
f 13365 	13328 	13366
f 22 	19 	12192
f 23 	22 	12192
f 13364 	13365 	13352
f 13356 	13352 	13365
f 12192 	334 	70
f 13365 	13367 	13356
f 13366 	13367 	13365
f 13343 	13342 	334
f 13345 	13344 	334
f 13344 	13343 	334
f 13342 	72 	334
f 72 	70 	334
f 70 	23 	12192
f 13366 	13368 	13367
f 72 	13342 	13295
f 13367 	13360 	13356
f 13295 	13342 	13343
f 13343 	13344 	13297
f 13344 	13345 	13297
f 13298 	13297 	13345
f 13 	13298 	13345
f 13359 	13362 	13354
f 13370 	13371 	13334
f 13349 	13332 	13238
f 13333 	13238 	13332
f 13350 	13334 	13332
f 13350 	13332 	13349
f 13370 	13334 	13350
f 13360 	13370 	13350
f 13372 	13360 	13367
f 13368 	13372 	13367
f 13390 	13355 	13358
f 13360 	13373 	13370
f 13372 	13373 	13360
f 13371 	13370 	13375
f 13373 	13375 	13370
f 13361 	13374 	13357
f 13382 	13383 	9393
f 13374 	13361 	9393
f 13381 	13374 	9393
f 13373 	13372 	13376
f 13382 	9393 	13384
f 13368 	13378 	13372
f 13357 	13377 	13358
f 13378 	13376 	13372
f 13379 	13375 	13373
f 13376 	13379 	13373
f 13381 	13377 	13374
f 13357 	13374 	13377
f 13381 	9393 	13383
f 13383 	13382 	13380
f 13383 	13380 	13377
f 13376 	13491 	13379
f 393 	13404 	13379
f 13381 	13383 	13377
f 13238 	13333 	13240
f 13382 	13384 	13380
f 13386 	13391 	13240
f 13385 	13386 	13240
f 13336 	13385 	13240
f 13387 	13386 	13385
f 13336 	13337 	13385
f 13387 	13385 	13337
f 13386 	13387 	13391
f 13393 	13391 	13387
f 13389 	13388 	13371
f 13395 	13388 	13397
f 13389 	13397 	13388
f 13375 	13389 	13371
f 13392 	13240 	13391
f 13406 	13240 	13405
f 13393 	13392 	13391
f 13405 	13392 	13393
f 13369 	13355 	13390
f 13395 	13387 	13388
f 13358 	13394 	13390
f 13393 	13387 	13395
f 13387 	13337 	13388
f 13358 	13377 	13396
f 13337 	13371 	13388
f 13380 	13396 	13377
f 13396 	13398 	13394
f 13396 	13401 	13398
f 13400 	13399 	13395
f 13358 	13396 	13394
f 13397 	13400 	13395
f 13403 	13397 	13389
f 13401 	13396 	13380
f 13397 	392 	13400
f 13403 	392 	13397
f 13407 	13393 	13399
f 13393 	13395 	13399
f 392 	707 	13400
f 13398 	13401 	13402
f 13389 	13404 	13403
f 13375 	13404 	13389
f 13404 	13375 	13379
f 13404 	399 	13403
f 399 	400 	13403
f 13403 	400 	392
f 13402 	13401 	13418
f 13392 	13405 	13240
f 13407 	13406 	13405
f 13393 	13407 	13405
f 13384 	9393 	13411
f 13414 	13411 	9393
f 13415 	13416 	13240
f 13408 	13409 	13240
f 13409 	13415 	13240
f 13416 	879 	13240
f 13410 	13409 	13408
f 13409 	13410 	13415
f 13417 	13415 	13410
f 13407 	13410 	13408
f 13414 	9393 	13413
f 13407 	13408 	13406
f 13411 	13419 	13384
f 13412 	13410 	13407
f 13413 	13420 	13414
f 13399 	13412 	13407
f 13413 	1649 	13420
f 879 	880 	12129
f 13417 	13416 	13415
f 13413 	9393 	1649
f 479 	13410 	13412
f 13399 	482 	13412
f 13400 	482 	13399
f 515 	479 	13412
f 482 	515 	13412
f 13417 	13410 	479
f 1648 	1649 	9393
f 13417 	875 	871
f 13419 	13420 	13418
f 13380 	13384 	13419
f 13414 	13420 	13419
f 13411 	13414 	13419
f 707 	482 	13400
f 13418 	13420 	1632
f 13419 	13418 	13401
f 13419 	13401 	13380
f 871 	879 	13417
f 13416 	13417 	879
f 13406 	13408 	13240
f 12129 	13240 	879
f 13420 	1645 	1632
f 2916 	2913 	5441
f 13453 	13433 	13238
f 13420 	1649 	1645
f 13433 	13421 	13238
f 13331 	13238 	13422
f 13424 	13422 	13421
f 13425 	12534 	13423
f 13425 	13428 	12534
f 10766 	9393 	13423
f 13433 	13437 	13421
f 13326 	13238 	13331
f 13427 	13426 	13425
f 13427 	13425 	13423
f 13422 	13424 	13331
f 13328 	13331 	13424
f 13425 	13426 	13428
f 13424 	13431 	13328
f 13424 	13429 	13431
f 13431 	13366 	13328
f 13432 	13431 	13429
f 13442 	13432 	13429
f 13445 	13426 	13427
f 13430 	13445 	13427
f 12534 	13434 	13435
f 12534 	13435 	13436
f 13433 	13453 	13437
f 13439 	13435 	13438
f 13434 	13438 	13435
f 13422 	13238 	13421
f 13424 	13421 	13437
f 13439 	13436 	13435
f 13437 	13429 	13424
f 13434 	12534 	13441
f 13428 	13441 	12534
f 13437 	13440 	13429
f 13426 	13438 	13441
f 13426 	13441 	13428
f 13440 	13442 	13429
f 13434 	13441 	13438
f 13443 	13444 	13445
f 13444 	13446 	13445
f 13430 	13443 	13445
f 13475 	13442 	13447
f 13439 	13448 	13498
f 13450 	13452 	13238
f 13438 	13446 	13448
f 13451 	13450 	13449
f 13452 	13453 	13238
f 13452 	13454 	13453
f 13452 	13450 	13451
f 13452 	13451 	13454
f 13439 	13438 	13448
f 13446 	13426 	13445
f 13438 	13426 	13446
f 13456 	13454 	13451
f 12534 	13436 	13318
f 13436 	13439 	13318
f 13454 	13437 	13453
f 13456 	13451 	13455
f 13457 	13430 	13458
f 13454 	13456 	13440
f 13440 	13456 	13461
f 13430 	13459 	13458
f 13440 	13437 	13454
f 13456 	13455 	13460
f 13427 	13459 	13430
f 13462 	13458 	13338
f 13460 	13461 	13456
f 13461 	13442 	13440
f 13338 	13341 	13462
f 13463 	13447 	13461
f 13459 	13338 	13458
f 13461 	13447 	13442
f 13460 	13463 	13461
f 13459 	13340 	13338
f 13460 	13464 	13463
f 13462 	13341 	13369
f 13465 	13463 	13464
f 13464 	13468 	13465
f 13467 	13466 	13459
f 13427 	13467 	13459
f 13466 	13340 	13459
f 13423 	13467 	13427
f 13468 	13499 	13465
f 13458 	13472 	13457
f 13458 	13462 	13472
f 13474 	13462 	13369
f 13443 	13430 	13457
f 13470 	13378 	13368
f 13443 	13486 	13469
f 13444 	13443 	13469
f 13471 	13366 	13431
f 13431 	13432 	13471
f 13368 	13366 	13471
f 13471 	13470 	13368
f 13442 	13475 	13432
f 13462 	13474 	13472
f 13476 	13471 	13432
f 13476 	13470 	13471
f 13475 	13476 	13432
f 13475 	13477 	13476
f 13473 	13474 	13602
f 13481 	13478 	13479
f 13475 	13447 	13480
f 13483 	13481 	13482
f 13480 	13477 	13475
f 13485 	13470 	13476
f 13482 	13484 	13483
f 13484 	13486 	13457
f 13477 	13485 	13476
f 13457 	13472 	13484
f 13485 	13490 	13470
f 13484 	13472 	13483
f 13477 	13488 	13485
f 13490 	13378 	13470
f 13484 	13482 	13487
f 13477 	13495 	13488
f 13484 	13487 	13486
f 13489 	13376 	13378
f 13491 	13376 	13489
f 13489 	13378 	13490
f 13491 	393 	13379
f 13489 	13490 	13492
f 13490 	13493 	13492
f 13490 	13485 	13493
f 13488 	13493 	13485
f 13489 	13494 	13491
f 13492 	13494 	13489
f 13509 	13493 	13488
f 13510 	13492 	13493
f 13481 	13473 	13478
f 13510 	13512 	13492
f 13483 	13473 	13481
f 13474 	13473 	13483
f 403 	393 	13491
f 13472 	13474 	13483
f 13491 	13494 	403
f 13488 	13495 	13513
f 13513 	13509 	13488
f 13494 	13492 	13512
f 13495 	13477 	13480
f 13457 	13486 	13443
f 13495 	13480 	13496
f 13497 	13447 	13463
f 13439 	13498 	13304
f 13463 	13465 	13497
f 13439 	13304 	13318
f 13480 	13447 	13497
f 13500 	13497 	13465
f 13448 	13446 	13501
f 13465 	13499 	13500
f 13444 	13501 	13446
f 13502 	13448 	13501
f 13497 	13496 	13480
f 13502 	13498 	13448
f 13500 	13496 	13497
f 13498 	13305 	13304
f 13496 	13503 	13495
f 13496 	13504 	13503
f 13499 	13505 	13500
f 13496 	13500 	13504
f 13505 	13504 	13500
f 13507 	13508 	13506
f 13498 	13502 	13506
f 13493 	13509 	13510
f 13511 	403 	13494
f 13325 	13508 	3688
f 13494 	13512 	13511
f 13305 	13506 	13508
f 13513 	13495 	13503
f 13325 	13305 	13508
f 13506 	13305 	13498
f 13516 	13518 	13510
f 13507 	3694 	13508
f 13510 	13518 	13512
f 13516 	13510 	13509
f 13509 	13521 	13516
f 3740 	3694 	13507
f 770 	756 	13511
f 13520 	13513 	13503
f 13521 	13509 	13513
f 13520 	13521 	13513
f 13577 	13516 	13521
f 13523 	13517 	3775
f 13512 	13522 	13511
f 13512 	13518 	13522
f 3775 	3740 	13523
f 13581 	13520 	13503
f 13520 	13578 	13521
f 13591 	13578 	13520
f 13516 	13580 	13518
f 13515 	13524 	13519
f 13516 	13577 	13580
f 13525 	13514 	13519
f 13238 	5441 	13526
f 13526 	13449 	13238
f 13548 	13550 	5441
f 13449 	13450 	13238
f 13526 	13527 	13449
f 13451 	13449 	13527
f 13524 	13525 	13519
f 13514 	13469 	13535
f 13527 	13526 	13528
f 13525 	13469 	13514
f 13455 	13451 	13527
f 13527 	13529 	13455
f 13524 	13501 	13525
f 13524 	13502 	13501
f 13552 	13527 	13528
f 13444 	13469 	13525
f 13528 	13551 	13552
f 13501 	13444 	13525
f 13529 	13527 	13552
f 13553 	13529 	13552
f 13530 	13529 	13553
f 13502 	13524 	13531
f 13502 	13531 	13506
f 13523 	13515 	13517
f 13531 	13524 	13515
f 13455 	13529 	13532
f 13530 	13532 	13529
f 3740 	13507 	13523
f 13532 	13460 	13455
f 13464 	13532 	13533
f 13533 	13468 	13464
f 13532 	13464 	13460
f 13523 	13531 	13515
f 13531 	13523 	13507
f 13507 	13506 	13531
f 13532 	13530 	13533
f 13533 	13530 	13534
f 13469 	13486 	13535
f 13487 	13535 	13486
f 13533 	13534 	13537
f 13534 	13536 	13537
f 13555 	13514 	13535
f 13537 	13468 	13533
f 13538 	13537 	13536
f 13468 	13537 	13540
f 13537 	13538 	13540
f 13536 	13539 	13538
f 13487 	13544 	13535
f 13540 	13499 	13468
f 13541 	13543 	13542
f 13542 	13544 	13541
f 13547 	13548 	5441
f 13550 	13551 	5441
f 2773 	13547 	5441
f 13545 	13546 	13543
f 13547 	2776 	13549
f 13549 	13548 	13547
f 13551 	13528 	5441
f 13541 	13545 	13543
f 13550 	13552 	13551
f 13552 	13550 	13549
f 13548 	13549 	13550
f 13528 	13526 	5441
f 13553 	13552 	13549
f 13479 	13546 	13545
f 13549 	13554 	13553
f 13481 	13479 	13545
f 13544 	13555 	13535
f 13556 	13553 	13554
f 13544 	13487 	13541
f 13554 	13557 	13556
f 13556 	13530 	13553
f 2782 	13558 	13557
f 13482 	13545 	13541
f 13556 	13534 	13530
f 13482 	13481 	13545
f 13549 	2776 	13554
f 13541 	13487 	13482
f 13557 	13554 	2788
f 2814 	13558 	2782
f 13559 	13556 	13557
f 13559 	13534 	13556
f 13559 	13536 	13534
f 13557 	13558 	13559
f 13560 	13559 	13558
f 13536 	13559 	13560
f 13558 	13561 	13560
f 13561 	13562 	13560
f 13561 	13563 	13562
f 13560 	13539 	13536
f 13560 	13562 	13539
f 2814 	13561 	13558
f 2814 	2822 	13561
f 13517 	13515 	13564
f 13561 	2822 	13563
f 13515 	13519 	13564
f 2839 	13563 	2822
f 13499 	13565 	13505
f 13505 	13565 	13566
f 13504 	13505 	13567
f 13566 	13567 	13505
f 13568 	13540 	13538
f 13540 	13565 	13499
f 13568 	13565 	13540
f 3864 	3775 	13517
f 13519 	13514 	13569
f 13564 	13519 	13569
f 13570 	13571 	13564
f 13569 	13570 	13564
f 13567 	13581 	13504
f 13564 	13571 	13517
f 13567 	13590 	13581
f 13569 	13514 	13555
f 13572 	13538 	13539
f 13572 	13568 	13538
f 13572 	13573 	13568
f 13570 	13574 	13582
f 13572 	13575 	13573
f 13576 	13565 	13568
f 13573 	13576 	13568
f 13565 	13576 	13566
f 13576 	13573 	13587
f 13570 	13569 	13574
f 13555 	13585 	13574
f 13569 	13555 	13574
f 13576 	13589 	13566
f 13587 	13589 	13576
f 13517 	13571 	3864
f 13578 	13577 	13521
f 13579 	13522 	13518
f 13579 	13518 	13580
f 13581 	13503 	13504
f 13574 	13583 	13582
f 13570 	13582 	13584
f 13591 	13520 	13581
f 13570 	13584 	13571
f 13585 	13586 	13583
f 1414 	770 	13522
f 13579 	1414 	13522
f 13585 	13583 	13574
f 13585 	13542 	13586
f 13544 	13542 	13585
f 13544 	13585 	13555
f 13588 	13567 	13566
f 3953 	3864 	13571
f 13589 	13588 	13566
f 13571 	13584 	3953
f 13588 	13590 	13567
f 13590 	13591 	13581
f 644 	13582 	13583
f 13587 	13615 	13589
f 13591 	13590 	13625
f 13592 	13586 	13542
f 13625 	13626 	13591
f 13592 	13543 	223
f 13613 	13622 	13587
f 13622 	13615 	13587
f 13589 	13624 	13588
f 13615 	13624 	13589
f 13542 	13543 	13592
f 13588 	13623 	13590
f 13590 	13623 	13625
f 13626 	13578 	13591
f 1414 	13579 	13630
f 1676 	1414 	13632
f 1414 	13630 	13632
f 13577 	13578 	13627
f 223 	654 	13592
f 13594 	13562 	13563
f 13562 	13595 	13539
f 13595 	13572 	13539
f 13562 	13594 	13595
f 13598 	13595 	13594
f 13597 	13598 	13594
f 13597 	13600 	13598
f 13595 	13575 	13572
f 13595 	13598 	13575
f 13612 	13600 	13597
f 13575 	13598 	13601
f 13600 	13601 	13598
f 13573 	13575 	13613
f 13600 	13620 	13601
f 13473 	13602 	13593
f 13594 	13563 	13603
f 13603 	13597 	13594
f 13597 	13603 	13604
f 3114 	13605 	13606
f 13603 	13606 	13604
f 13605 	13604 	13606
f 13607 	13596 	13593
f 13609 	3118 	3194
f 3194 	3195 	13609
f 13608 	3118 	13609
f 13602 	13607 	13593
f 13605 	3118 	13608
f 13602 	13390 	13607
f 13610 	13604 	13605
f 13602 	13369 	13390
f 13608 	13610 	13605
f 13599 	13596 	13611
f 13607 	13611 	13596
f 13604 	13612 	13597
f 13604 	13610 	13612
f 13474 	13369 	13602
f 13607 	13394 	13611
f 13390 	13394 	13607
f 13563 	2839 	13603
f 13646 	13599 	13611
f 13606 	13603 	2839
f 2839 	2830 	13606
f 13398 	13646 	13611
f 13394 	13398 	13611
f 3114 	3118 	13605
f 13642 	13609 	3195
f 13593 	13478 	13473
f 13573 	13613 	13587
f 13478 	13617 	13479
f 13618 	13617 	13619
f 13601 	13613 	13575
f 13478 	13619 	13617
f 13621 	13613 	13601
f 13614 	13618 	13616
f 13613 	13621 	13622
f 13601 	13620 	13621
f 13619 	13616 	13618
f 13593 	13596 	13619
f 13619 	13596 	13616
f 13618 	13656 	13617
f 13588 	13624 	13623
f 13478 	13593 	13619
f 13596 	13599 	13616
f 13627 	13578 	13626
f 13628 	13629 	13614
f 13616 	13628 	13614
f 13630 	13579 	13631
f 13633 	13580 	13577
f 13577 	13627 	13633
f 13580 	13631 	13579
f 13634 	518 	519
f 13633 	13631 	13580
f 519 	13629 	13634
f 13632 	13630 	247
f 13629 	13635 	13634
f 247 	13636 	13632
f 13628 	13635 	13629
f 13636 	1679 	1676
f 1676 	13632 	13636
f 13636 	1799 	1679
f 13616 	13599 	13628
f 13599 	13637 	13628
f 13628 	13637 	13635
f 13609 	13642 	13639
f 13639 	13641 	13608
f 13641 	13610 	13608
f 13639 	13608 	13609
f 13643 	13612 	13610
f 13638 	13644 	13640
f 13610 	13641 	13643
f 13600 	13612 	13645
f 13645 	13612 	13643
f 13645 	13620 	13600
f 13646 	13637 	13599
f 13639 	247 	13641
f 13643 	13641 	247
f 13647 	13638 	13637
f 247 	13645 	13643
f 13646 	13647 	13637
f 13646 	13402 	13647
f 13644 	13638 	13647
f 13648 	13642 	3195
f 13644 	13647 	13650
f 13640 	13644 	1583
f 3263 	13649 	3246
f 13644 	1626 	1583
f 3195 	3245 	13648
f 3245 	13649 	13648
f 13640 	1583 	13653
f 3290 	3291 	247
f 247 	3238 	3290
f 13402 	13646 	13398
f 247 	13639 	13642
f 13650 	13647 	13402
f 13402 	13418 	13650
f 247 	13620 	13645
f 247 	13621 	13620
f 13622 	13621 	247
f 13644 	13650 	1626
f 13622 	247 	13615
f 13650 	1632 	1626
f 13418 	1632 	13650
f 13651 	228 	13634
f 228 	518 	13634
f 247 	13649 	3263
f 13635 	13651 	13634
f 3263 	3238 	247
f 13651 	13652 	228
f 247 	13624 	13615
f 247 	13623 	13624
f 13635 	13638 	13651
f 13635 	13637 	13638
f 13651 	13640 	13652
f 13627 	13626 	247
f 247 	13633 	13627
f 13638 	13640 	13651
f 1583 	1588 	13653
f 1666 	13653 	1588
f 231 	228 	13652
f 13652 	229 	231
f 13652 	13653 	229
f 229 	13653 	1666
f 13652 	13640 	13653
f 13546 	13654 	13659
f 13656 	13655 	508
f 13546 	13479 	13654
f 13617 	13656 	13654
f 13654 	13479 	13617
f 13655 	13656 	13618
f 13655 	13614 	13657
f 13618 	13614 	13655
f 13657 	519 	571
f 13657 	13629 	519
f 13629 	13657 	13614
f 13655 	511 	508
f 13657 	571 	511
f 511 	13655 	13657
f 13656 	508 	13658
f 13654 	13656 	13658
f 13658 	689 	683
f 643 	644 	13583
f 656 	13592 	654
f 656 	13586 	13592
f 13546 	13659 	223
f 13658 	13659 	13654
f 13659 	683 	677
f 677 	223 	13659
f 13658 	683 	13659
f 13546 	223 	13543
f 4637 	13584 	673
f 13584 	4637 	3953
f 673 	13584 	13582
f 673 	13582 	644
f 656 	643 	13586
f 13583 	13586 	643
f 223 	677 	654
# 27390 faces

 #end of obj_0

