# Object Export From Tinkercad Server 2015

mtllib obj.mtl

o obj_0
v -240.5411 		454.6005 		22.8345
v -240.367 		454.483 		22.622
v -240.73 		454.6005 		22.9965
v -240.3191 		454.6005 		22.6441
v -241.258 		454.428 		23.262
v -240.932 		454.217 		22.864
v -240.783 		454.454 		22.963
v -241.562 		453.974 		22.993
v -241.386 		454.193 		23.151
v -241.136 		453.997 		22.725
v -240.533 		454.245 		22.538
v -241.393 		453.797 		22.548
v -245.855 		454.434 		17.651
v -245.929 		454.6001 		17.5176
v -246.4695 		454.6001 		17.6929
v -246.0902 		454.6001 		17.5699
v -246.5884 		454.6001 		17.7451
v -244.7855 		454.6001 		17.3138
v -244.763 		454.452 		17.44
v -245.0064 		454.6001 		17.3432
v -245.319 		454.445 		17.52
v -245.3655 		454.6001 		17.3903
v -245.5616 		454.6001 		17.4346
v -245.225 		454.207 		17.779
v -243.8428 		454.6001 		17.3038
v -244.198 		454.6001 		17.2883
v -244.4323 		454.6001 		17.2983
v -244.198 		454.216 		17.682
v -244.198 		454.454 		17.414
v -244.716 		454.214 		17.706
v -243.0315 		454.6001 		17.3903
v -243.078 		454.445 		17.52
v -243.6105 		454.6001 		17.3138
v -243.249 		454.6001 		17.3614
v -243.68 		454.214 		17.706
v -243.633 		454.452 		17.44
v -243.172 		454.207 		17.779
v -241.9272 		454.6001 		17.6929
v -242.0742 		454.6001 		17.6453
v -242.541 		454.434 		17.651
v -242.4669 		454.6001 		17.5176
v -242.6557 		454.6001 		17.475
v -229.376 		452.671 		16
v -216.479 		286.798 		0.001
v -280.22 		286.798 		0.001
v -214 		442.707 		3.0971
v -214 		442.708 		6.127
v -214 		452.671 		6.124
v -214 		452.671 		3.097
v -216.479 		286.798 		0
v -280.22 		286.798 		0
v -247.8145 		272.014 		19.3532
v -248.0248 		272.014 		19.6144
v -248.1116 		272.014 		19.7228
v -248.2423 		272.014 		19.9525
v -248.3349 		272.014 		20.1144
v -248.4014 		272.014 		20.2998
v -245.9809 		272.014 		18.2578
v -246.0768 		272.014 		18.294
v -247.0133 		272.014 		18.7131
v -247.1192 		272.014 		18.7846
v -247.0239 		272.014 		18.7203
v -247.4159 		272.014 		18.992
v -247.4474 		272.014 		19.014
v -247.7492 		272.014 		19.2927
v -246.5201 		272.014 		18.4609
v -246.5744 		272.014 		18.4886
v -248.4809 		272.014 		20.5195
v -248.5038 		272.014 		20.6536
v -248.5497 		272.014 		20.9311
v -248.5486 		272.014 		21.0079
v -248.543 		272.014 		21.3414
v -248.5153 		272.014 		21.4805
v -248.5391 		272.014 		21.3606
v -248.4611 		272.014 		21.7101
v -248.4532 		272.014 		21.7436
v -248.3247 		272.014 		22.0476
v -248.2909 		272.014 		22.1277
v -248.1394 		272.014 		22.3696
v -248.064 		272.014 		22.489
v -247.9075 		272.014 		22.6721
v -247.7792 		272.014 		22.8228
v -247.634 		272.014 		22.9542
v -247.4443 		272.014 		23.126
v -247.3188 		272.014 		23.2147
v -247.0639 		272.014 		23.3953
v -246.9666 		272.014 		23.4492
v -246.6451 		272.014 		23.6271
v -246.5795 		272.014 		23.6549
v -246.1943 		272.014 		23.8188
v -246.1611 		272.014 		23.8293
v -244.8086 		272.014 		18.0199
v -244.9701 		272.014 		18.0441
v -245.4068 		272.014 		18.1104
v -245.5406 		272.014 		18.1448
v -243.7595 		272.014 		18.0114
v -244.198 		272.014 		17.9901
v -244.3725 		272.014 		17.9987
v -242.99 		272.014 		18.1104
v -243.1411 		272.014 		18.0878
v -243.5877 		272.014 		18.0199
v -242.4152 		272.014 		18.2578
v -242.5308 		272.014 		18.2281
v -241.8768 		272.014 		18.4609
v -241.9464 		272.014 		18.4347
v -241.277 		272.014 		18.7846
v -241.3827 		272.014 		18.7131
v -241.3971 		272.014 		18.7058
v -240.9155 		272.014 		19.0456
v -240.9495 		272.014 		19.014
v -240.5123 		272.014 		19.4395
v -240.5817 		272.014 		19.3532
v -240.198 		272.014 		19.8757
v -240.285 		272.014 		19.7228
v -239.9795 		272.014 		20.3418
v -240.0616 		272.014 		20.1144
v -245.6267 		272.014 		23.9896
v -245.2378 		272.014 		24.0709
v -245.2204 		272.014 		24.0746
v -244.7422 		272.014 		24.135
v -245.7172 		272.014 		23.9701
v -245.7128 		272.014 		23.9711
v -244.198 		272.014 		24.1607
v -243.7153 		272.014 		24.1401
v -244.7122 		272.014 		24.1389
v -244.2331 		272.014 		24.1593
v -243.6839 		272.014 		24.1389
v -243.1955 		272.014 		24.077
v -243.1765 		272.014 		24.0746
v -242.7695 		272.014 		23.9896
v -242.6788 		272.014 		23.9701
v -242.6742 		272.014 		23.9686
v -242.2027 		272.014 		23.8188
v -242.1666 		272.014 		23.8035
v -241.7509 		272.014 		23.6271
v -241.6787 		272.014 		23.5871
v -239.8807 		272.014 		21.4805
v -239.8531 		272.014 		21.3414
v -239.8526 		272.014 		21.3148
v -239.8464 		272.014 		20.9311
v -239.8641 		272.014 		20.8272
v -239.9157 		272.014 		20.5195
v -240.3326 		272.014 		22.489
v -240.1703 		272.014 		22.23
v -240.1061 		272.014 		22.1277
v -239.9615 		272.014 		21.7876
v -239.9428 		272.014 		21.7436
v -241.3321 		272.014 		23.3953
v -241.2248 		272.014 		23.3193
v -240.9521 		272.014 		23.126
v -240.814 		272.014 		23.0014
v -240.6173 		272.014 		22.8228
v -240.4588 		272.014 		22.6368
v -249.198 		272.014 		16.001
v -247.948 		272.16 		19.786
v -247.863 		272.336 		20.244
v -248.199 		272.129 		20.151
v -245.966 		272.057 		18.282
v -247.01 		272.02 		18.716
v -246.834 		272.239 		18.873
v -247.634 		272.189 		19.447
v -247.26 		272.216 		19.141
v -245.855 		272.274 		18.467
v -246.363 		272.258 		18.647
v -246.508 		272.041 		18.475
v -247.634 		272.365 		19.909
v -246.351 		272.611 		19.312
v -246.182 		272.454 		18.866
v -245.966 		272.627 		19.128
v -247.003 		272.416 		19.319
v -246.613 		272.437 		19.073
v -246.834 		272.702 		20.229
v -247.26 		272.546 		20.058
v -247.345 		272.391 		19.599
v -247.003 		272.57 		19.781
v -247.465 		272.521 		20.356
v -246.182 		272.847 		20.224
v -246.051 		272.758 		19.587
v -246.351 		272.741 		19.776
v -245.966 		272.862 		20.047
v -246.363 		272.83 		20.419
v -246.698 		272.592 		19.532
v -246.613 		272.723 		19.991
v -248.03 		272.306 		20.597
v -248.491 		272.061 		20.935
v -248.131 		272.274 		20.962
v -248.381 		272.096 		20.536
v -248.528 		272.026 		21.341
v -248.165 		272.242 		21.334
v -248.131 		272.21 		21.706
v -247.863 		272.148 		22.425
v -248.03 		272.179 		22.072
v -247.613 		272.381 		21.985
v -247.465 		272.354 		22.3
v -247.01 		272.68 		20.485
v -247.216 		272.633 		21.037
v -247.242 		272.608 		21.322
v -247.613 		272.494 		20.67
v -247.138 		272.657 		20.756
v -247.734 		272.437 		21.328
v -247.704 		272.466 		20.996
v -245.855 		272.926 		20.626
v -246.508 		272.812 		20.63
v -245.966 		272.913 		20.788
v -406.5 		442.892 		0
v -407.985 		442.633 		0
v -246.613 		272.792 		20.853
v -409.6 		455.3 		0
v -246.047 		272.898 		20.958
v -408.796 		442.277 		0
v -409.736 		441.555 		0
v -410.317 		440.835 		0
v -411.092 		438.301 		0
v -411.048 		438.913 		0
v -246.095 		272.883 		21.134
v -410.833 		439.786 		0
v -412.504 		438.642 		0
v -412.59 		439.237 		0
v -413.225 		439.782 		0
v -413.4 		439.801 		0
v -412.55 		438.412 		0
v -412.846 		439.599 		0
v -412.832 		438.009 		0
v -412.621 		438.251 		0
v -413.111 		437.85 		0
v -413.4 		437.801 		0
v -246.677 		272.773 		21.083
v -411.2783 		434.176 		0
v -246.698 		272.752 		21.318
v -246.112 		272.867 		21.314
v -412.527 		430.528 		0
v -412.504 		430.96 		0
v -413.031 		431.716 		0
v -413.4 		431.801 		0
v -412.653 		431.4 		0
v -412.653 		430.203 		0
v -246.095 		272.852 		21.493
v -411.4648 		430.0476 		0
v -413.225 		429.821 		0
v -413.4 		429.801 		0
v -412.556 		422.431 		0
v -412.504 		422.961 		0
v -412.55 		423.191 		0
v -413.003 		423.707 		0
v -413.003 		421.897 		0
v -413.4 		423.802 		0
v -412.747 		422.091 		0
v -413.4 		421.802 		0
v -247.01 		272.536 		22.159
v -412.0183 		417.792 		0
v -413.4 		415.803 		0
v -412.527 		414.529 		0
v -413.4 		413.803 		0
v -413.111 		413.852 		0
v -412.832 		414.011 		0
v -412.504 		414.961 		0
v -247.704 		272.409 		21.659
v -412.655 		415.383 		0
v -247.216 		272.584 		21.608
v -412.653 		414.204 		0
v -412.2033 		413.696 		0
v -247.138 		272.56 		21.888
v -412.808 		407.578 		0
v -413.085 		407.741 		0
v -413.4 		407.803 		0
v -412.527 		406.53 		0
v -412.527 		407.077 		0
v -246.834 		272.514 		22.416
v -246.047 		272.837 		21.67
v -245.855 		272.808 		22.001
v -283 		283.798 		0.001
v -283 		271.314 		0.001
v -283 		269.8 		1.515
v -246.677 		272.732 		21.552
v -246.508 		272.693 		22.005
v -245.966 		272.822 		21.84
v -246.613 		272.713 		21.782
v -407.886 		440.375 		2.51
v -407.302 		440.663 		2.51
v -246.363 		272.675 		22.216
v -406.5 		440.801 		2.51
v -246.182 		272.658 		22.411
v -406.5282 		440.7973 		3.0977
v -407.2953 		440.6653 		3.0977
v -407.3215 		440.6544 		3.0977
v -406.5 		440.801 		3.0977
v -407.8801 		440.379 		3.0977
v -407.9026 		440.3617 		3.0977
v -408.268 		440.069 		2.51
v -408.979 		438.627 		2.51
v -247.26 		272.328 		22.598
v -408.665 		439.551 		2.51
v -247.003 		272.304 		22.874
v -409 		438.301 		2.51
v -408.81 		439.258 		2.51
v -408.268 		440.069 		3.0977
v -408.9799 		438.6128 		3.0977
v -409 		438.301 		3.0977
v -408.9776 		438.634 		3.0977
v -408.816 		439.2375 		3.0977
v -408.665 		439.551 		3.0977
v -408.81 		439.258 		3.0977
v -412.653 		439.4 		0.8
v -412.504 		438.642 		0.8
v -412.504 		438.96 		0.8
v -413.4 		439.801 		0.8
v -413.056 		439.732 		0.8
v -412.653 		438.202 		0.8
v -413.197 		437.83 		0.8
v -412.879 		437.974 		0.8
v -247.634 		272.119 		22.759
v -247.345 		272.093 		23.069
v -247.003 		272.069 		23.35
v -246.698 		272.283 		23.124
v -246.351 		272.264 		23.343
v -245.966 		272.248 		23.528
v -246.613 		272.048 		23.596
v -246.182 		272.03 		23.803
v -246.351 		272.475 		22.869
v -245.966 		272.643 		22.588
v -246.051 		272.459 		23.057
v -246.613 		272.494 		22.654
v -244.763 		272.292 		18.257
v -245.394 		272.069 		18.143
v -245.319 		272.285 		18.336
v -244.801 		272.077 		18.058
v -244.198 		272.079 		18.03
v -244.198 		272.294 		18.23
v -413.4 		437.801 		0.8
v -412.527 		430.528 		0.8
v -412.504 		430.96 		0.8
v -413.225 		431.782 		0.8
v -412.653 		431.4 		0.8
v -413.4 		431.801 		0.8
v -412.653 		430.203 		0.8
v -413.167 		429.832 		0.8
v -413.003 		429.896 		0.8
v -413.4 		429.802 		0.8
v -412.901 		423.649 		0.8
v -413.111 		423.752 		0.8
v -412.5 		422.902 		0.8
v -412.517 		422.556 		0.8
v -413.4 		423.802 		0.8
v -412.725 		423.494 		0.8
v -412.595 		423.299 		0.8
v -412.725 		422.11 		0.8
v -412.978 		421.913 		0.8
v -413.4 		421.802 		0.8
v -413.4 		415.803 		0.8
v -413.111 		415.753 		0.8
v -245.363 		272.782 		19.302
v -245.72 		272.771 		19.428
v -245.113 		272.648 		18.874
v -244.986 		272.79 		19.21
v -245.551 		272.639 		18.981
v -245.225 		272.479 		18.581
v -206.908 		293.312 		0.001
v -207.065 		292.124 		0.001
v -198.084 		349.239 		21.918
v -245.716 		272.469 		18.701
v -198.084 		349.358 		22.176
v -198.084 		349.526 		22.417
v -243.801 		272.795 		19.154
v -244.198 		272.796 		19.135
v -243.737 		272.654 		18.809
v -244.66 		272.654 		18.809
v -244.596 		272.795 		19.154
v -244.198 		272.487 		18.484
v -244.198 		272.656 		18.787
v -244.716 		272.485 		18.508
v -244.845 		272.902 		19.582
v -245.155 		272.895 		19.658
v -245.448 		272.886 		19.762
v -245.72 		272.875 		19.892
v -244.931 		272.977 		20.044
v -245.155 		272.97 		20.123
v -245.363 		272.961 		20.223
v -245.551 		272.951 		20.342
v -245.716 		272.939 		20.477
v -198.429 		351.075 		20.786
v -198.429 		350.998 		20.898
v -198.429 		351.171 		20.68
v -198.345 		350.549 		20.602
v -244.448 		272.985 		19.951
v -243.872 		272.906 		19.537
v -243.949 		272.985 		19.951
v -244.198 		272.986 		19.939
v -244.525 		272.906 		19.537
v -244.198 		272.907 		19.521
v -209.138 		292.51 		2.511
v -209 		293.312 		2.511
v -209.426 		291.926 		2.511
v -211.013 		290.865 		2.511
v -210.25 		291.147 		2.511
v -244.367 		273.03 		20.389
v -244.533 		273.028 		20.413
v -209.855 		291.437 		2.511
v -244.694 		272.982 		19.986
v -244.694 		273.025 		20.452
v -511.172 		287.7 		9.598
v -514.519 		282.394 		4.342
v -514.351 		282.451 		4.342
v -514.192 		282.529 		4.342
v -515.545 		282.529 		4.342
v -515.386 		282.451 		4.342
v -515.219 		282.394 		4.342
v -515.045 		282.359 		4.342
v -514.869 		282.348 		4.342
v -514.692 		282.359 		4.342
v -516.21 		283.524 		4.342
v -516.175 		283.35 		4.342
v -516.118 		283.182 		4.342
v -516.118 		284.218 		4.342
v -516.175 		284.05 		4.342
v -516.21 		283.877 		4.342
v -516.221 		283.7 		4.342
v -515.825 		284.656 		4.342
v -515.942 		284.523 		4.342
v -516.04 		284.376 		4.342
v -516.04 		283.024 		4.342
v -515.942 		282.877 		4.342
v -515.825 		282.744 		4.342
v -515.692 		282.627 		4.342
v -515.386 		284.95 		4.342
v -515.545 		284.871 		4.342
v -515.692 		284.773 		4.342
v -514.192 		284.871 		4.342
v -514.351 		284.95 		4.342
v -514.519 		285.006 		4.342
v -514.692 		285.041 		4.342
v -514.869 		285.053 		4.342
v -515.045 		285.041 		4.342
v -515.219 		285.006 		4.342
v -513.516 		283.7 		4.342
v -513.528 		283.877 		4.342
v -513.562 		284.05 		4.342
v -513.619 		284.218 		4.342
v -513.697 		284.376 		4.342
v -513.796 		284.523 		4.342
v -513.912 		284.656 		4.342
v -514.045 		282.627 		4.342
v -513.912 		282.744 		4.342
v -513.796 		282.877 		4.342
v -513.697 		283.024 		4.342
v -513.619 		283.182 		4.342
v -513.562 		283.35 		4.342
v -513.528 		283.524 		4.342
v -472.74 		272.973 		21.641
v -472.804 		272.969 		21.681
v -514.045 		284.773 		4.342
v -511.172 		279.7 		9.598
v -511 		293 		3.0989
v -511 		293 		5.2
v -509.766 		287.7 		8.099
v -509.475 		287.7 		7.663
v -472.684 		272.977 		21.595
v -509.13 		287.7 		7.27
v -508.737 		287.7 		6.925
v -508.301 		287.7 		6.634
v -472.637 		272.981 		21.544
v -510.2682 		287.7 		9.581
v -510.268 		287.7 		9.578
v -510.166 		287.7 		9.064
v -509.998 		287.7 		8.568
v -510.869 		287.7 		9.581
v -472.287 		272.894 		21.969
v -510.869 		279.7 		9.581
v -472.175 		272.902 		21.877
v -472.081 		272.911 		21.776
v -473.033 		272.871 		22.233
v -472.867 		272.873 		22.209
v -510.869 		287.7 		9.598
v -510.869 		279.7 		9.598
v -472.555 		272.881 		22.116
v -243.863 		273.028 		20.413
v -472.706 		272.877 		22.17
v -472.245 		272.765 		22.504
v -244.029 		273.03 		20.389
v -472.414 		272.887 		22.049
v -244.198 		273.031 		20.381
v -243.633 		272.292 		18.257
v -472.006 		272.92 		21.667
v -471.952 		272.93 		21.552
v -243.003 		272.069 		18.143
v -243.078 		272.285 		18.336
v -471.545 		272.808 		22.001
v -471.354 		272.837 		21.67
v -243.595 		272.077 		18.058
v -471.434 		272.822 		21.84
v -242.43 		272.057 		18.282
v -472.037 		272.773 		22.405
v -471.684 		272.795 		22.151
v -242.033 		272.258 		18.647
v -242.541 		272.274 		18.467
v -471.849 		272.784 		22.286
v -471.218 		272.658 		22.411
v -241.889 		272.041 		18.475
v -474.97 		272.248 		23.528
v -242.845 		272.639 		18.981
v -243.033 		272.782 		19.302
v -471.037 		453.383 		21.447
v -470.39 		453.532 		21.381
v -243.41 		272.79 		19.21
v -470.262 		453.556 		21.11
v -470.892 		453.401 		21.236
v -243.172 		272.479 		18.581
v -519.97 		350.384 		22.534
v -243.283 		272.648 		18.874
v -520.116 		350.286 		22.996
v -509.2 		293 		5.5
v -509.2 		293 		5.598
v -510.7 		293 		5.598
v -510.7 		293 		5.2
v -520.116 		350.611 		23.131
v -519.97 		351.179 		22.863
v -511.1 		279.7 		3.0989
v -518.746 		279.7 		3.099
v -518.746 		287.7 		3.0989
v -520.116 		350.962 		23.232
v -518.746 		279.7 		16.001
v -518.746 		287.7 		16.0009
v -510.2682 		274.066 		9.581
v -510.268 		274.066 		9.578
v -510.166 		274.066 		9.064
v -509.998 		274.066 		8.568
v -511.1 		274.066 		9.581
v -508.682 		274.066 		8.272
v -508.9 		274.066 		8.599
v -509.074 		274.066 		8.951
v -509.2 		274.066 		9.323
v -509.277 		274.066 		9.708
v -509.303 		274.066 		10.1
v -509.277 		274.066 		10.492
v -509.2 		274.066 		10.877
v -509.074 		274.066 		11.249
v -508.9 		274.066 		11.601
v -508.682 		274.066 		11.928
v -508.423 		274.066 		12.223
v -508.128 		274.066 		12.482
v -508.682 		268.814 		8.272
v -508.9 		268.814 		8.599
v -509.074 		268.814 		8.951
v -509.2 		268.814 		9.323
v -509.277 		268.814 		9.708
v -509.303 		268.814 		10.1
v -509.277 		268.814 		10.492
v -509.2 		268.814 		10.877
v -509.074 		268.814 		11.249
v -508.9 		268.814 		11.601
v -508.682 		268.814 		11.928
v -508.423 		268.814 		12.223
v -508.128 		268.814 		12.482
v -523.94 		274.9 		16.001
v -524 		275.814 		16.001
v -520.8 		275.814 		16.001
v -520.591 		274.595 		16.001
v -520.591 		274.595 		16.001
v -519 		275.814 		16.001
v -520.591 		274.595 		16.001
v -518.746 		275.8544 		16.001
v -520.591 		274.595 		16.001
v -518.932 		275.296 		16.001
v -518.746 		274.8477 		16.001
v -517 		273.814 		16.001
v -517.518 		273.882 		16.001
v -517.9614 		274.066 		16.001
v -520.153 		273.707 		16.001
v -519.5 		272.963 		16.001
v -518.677 		272.413 		16.001
v -517.74 		272.095 		16.001
v -517 		272.014 		16.001
v -521.95 		270.864 		16.001
v -522.553 		271.553 		16.001
v -523.062 		272.314 		16.001
v -523.467 		273.135 		16.001
v -523.761 		274.002 		16.001
v -470.787 		453.42 		21.014
v -518.812 		269.053 		16.001
v -519.679 		269.347 		16.001
v -517 		268.814 		16.001
v -517.914 		268.874 		16.001
v -519.97 		350.624 		22.67
v -198.345 		350.434 		20.768
v -519.97 		350.89 		22.78
v -198.345 		350.349 		20.94
v -198.429 		350.941 		21.015
v -520.116 		351.72 		23.327
v -198.429 		350.89 		21.254
v -198.429 		350.898 		21.373
v -520.116 		351.334 		23.298
v -198.345 		350.296 		21.117
v -198.429 		350.904 		21.134
v -519.97 		352.125 		22.935
v -520.116 		352.114 		23.319
v -198.345 		350.275 		21.294
v -198.429 		350.927 		21.488
v -519.97 		351.484 		22.917
v -519.97 		351.802 		22.942
v -198.345 		350.286 		21.47
v -520.8 		353.0863 		18.0339
v -520.702 		352.824 		18.101
v -520.8 		352.8419 		18.0151
v -198.48 		351.726 		20.874
v -520.8 		352.5149 		18.0209
v -520.8 		352.2655 		18.0259
v -198.48 		351.669 		20.923
v -198.48 		351.621 		20.976
v -520.485 		353.273 		18.396
v -520.485 		352.769 		18.358
v -198.429 		351.414 		20.496
v -520.702 		352.263 		18.111
v -520.702 		353.902 		18.236
v -520.8 		354.1726 		18.2181
v -520.8 		353.9504 		18.1543
v -520.8 		353.642 		18.0995
v -520.8 		353.4064 		18.0578
v -198.429 		351.285 		20.583
v -520.702 		353.373 		18.142
v -520.485 		354.215 		18.614
v -520.485 		353.758 		18.482
v -520.288 		353.994 		18.892
v -520.288 		352.705 		18.664
v -207.842 		290.539 		0.001
v -210.312 		288.877 		0.001
v -209.204 		289.336 		0.001
v -208.264 		290.058 		0.001
v -211.5 		288.721 		0.001
v -520.288 		353.586 		18.774
v -211.5 		290.812 		2.511
v -520.288 		353.153 		18.698
v -520.116 		354.065 		19.343
v -207.802 		278.655 		1.183
v -207.836 		278.828 		1.183
v -207.848 		279.004 		1.183
v -207.836 		279.18 		1.183
v -520.116 		353.39 		19.107
v -207.802 		279.354 		1.183
v -207.745 		279.521 		1.183
v -520.116 		353.018 		19.042
v -207.667 		279.679 		1.183
v -520.116 		353.741 		19.208
v -207.014 		280.252 		1.182
v -519.97 		352.867 		19.422
v -519.97 		352.55 		19.398
v -520.116 		352.631 		19.012
v -207.173 		280.173 		1.182
v -207.319 		280.075 		1.182
v -207.452 		279.959 		1.182
v -412.527 		414.529 		0.8
v -412.51 		414.99 		0.8
v -412.595 		415.3 		0.8
v -413.197 		413.831 		0.8
v -412.879 		413.975 		0.8
v -413.4 		413.803 		0.8
v -412.901 		415.649 		0.8
v -412.653 		414.204 		0.8
v -412.808 		407.578 		0.8
v -413.031 		407.718 		0.8
v -413.4 		407.803 		0.8
v -243.68 		272.485 		18.508
v -242.676 		272.771 		19.428
v -241.783 		272.437 		19.073
v -242.046 		272.611 		19.312
v -242.215 		272.454 		18.866
v -242.43 		272.627 		19.128
v -242.68 		272.469 		18.701
v -242.948 		272.886 		19.762
v -243.242 		272.895 		19.658
v -243.551 		272.902 		19.582
v -242.845 		272.951 		20.342
v -243.703 		273.025 		20.452
v -243.703 		272.982 		19.986
v -243.033 		272.961 		20.223
v -243.242 		272.97 		20.123
v -243.466 		272.977 		20.044
v -242.676 		272.875 		19.892
v -242.046 		272.741 		19.776
v -241.698 		272.592 		19.532
v -242.345 		272.758 		19.587
v -412.504 		406.645 		0.8
v -412.55 		407.192 		0.8
v -412.653 		406.204 		0
v -413.225 		405.822 		0
v -413.4 		405.803 		0
v -413.4 		405.803 		0.8
v -412.879 		405.976 		0.8
v -412.653 		406.204 		0.8
v -412.653 		399.403 		0.001
v -413.003 		399.709 		0.001
v -413.4 		399.804 		0.001
v -469.019 		454.117 		21.33
v -469.269 		453.939 		20.904
v -469.235 		453.971 		20.532
v -469.37 		453.907 		21.27
v -469.666 		453.775 		20.539
v -469.787 		453.719 		21.196
v -469.696 		453.747 		20.87
v -198.48 		351.94 		20.76
v -198.48 		351.863 		20.792
v -198.48 		352.189 		20.709
v -198.48 		352.104 		20.718
v -198.48 		352.021 		20.735
v -198.48 		351.791 		20.83
v -198.48 		351.582 		21.033
v -198.48 		351.535 		21.152
v -198.48 		351.553 		21.091
v -198.48 		351.527 		21.212
v -198.48 		351.546 		21.33
v -198.48 		351.572 		21.385
v -198.48 		351.608 		21.437
v -198.48 		351.531 		21.272
v -198.48 		351.653 		21.484
v -198.498 		352.176 		21.17
v -242.215 		272.847 		20.224
v -242.68 		272.939 		20.477
v -198.429 		351.14 		21.793
v -198.345 		350.329 		21.64
v -198.345 		350.405 		21.802
v -198.429 		350.978 		21.597
v -198.345 		350.51 		21.953
v -198.429 		351.049 		21.7
v -198.345 		350.988 		22.318
v -198.345 		351.192 		22.402
v -242.033 		272.83 		20.419
v -198.345 		350.644 		22.091
v -241.783 		272.723 		19.991
v -198.345 		350.804 		22.214
v -242.43 		272.862 		20.047
v -198.48 		351.708 		21.526
v -198.429 		351.248 		21.876
v -198.429 		351.372 		21.946
v -198.429 		351.51 		22.003
v -521.261 		270.261 		16.001
v -520.5 		269.752 		16.001
v -509.766 		274.066 		8.099
v -509.475 		274.066 		7.663
v -509.13 		274.066 		7.27
v -508.737 		274.066 		6.925
v -508.301 		274.066 		6.634
v -511.1 		274.066 		3.099
v -508.128 		274.066 		7.718
v -508.423 		274.066 		7.977
v -508.128 		268.814 		7.718
v -508.423 		268.814 		7.977
v -470.055 		453.821 		22.267
v -470.702 		453.621 		22.335
v -470.14 		453.666 		21.809
v -198.48 		352.247 		21.621
v -198.48 		351.771 		21.561
v -198.48 		351.995 		21.626
v -198.48 		352.078 		21.632
v -198.48 		351.84 		21.59
v -198.48 		351.915 		21.612
v -198.48 		352.163 		21.631
v -198.429 		351.66 		22.046
v -198.345 		351.413 		22.466
v -198.345 		351.647 		22.507
v -198.429 		351.818 		22.074
v -198.345 		351.889 		22.526
v -198.429 		351.982 		22.087
v -198.429 		352.15 		22.084
v -198.345 		352.137 		22.521
v -207.569 		279.826 		1.182
v -206.498 		279.004 		1.183
v -197.715 		348.723 		22.795
v -197.912 		349.098 		22.618
v -205.25 		279.521 		1.183
v -205.194 		279.354 		1.183
v -197.715 		349 		23.081
v -205.159 		279.18 		1.183
v -205.148 		279.004 		1.183
v -197.498 		348.168 		22.601
v -521.5 		275.813 		0.001
v -521.347 		274.649 		0.001
v -197.498 		348.71 		23.256
v -524 		275.813 		2.501
v -523.94 		274.9 		2.501
v -197.498 		348.406 		22.943
v -517 		271.314 		0.001
v -518.165 		271.467 		0.001
v -519.25 		271.916 		0.001
v -520.182 		272.631 		0.001
v -470.787 		453.49 		21.876
v -470.397 		453.642 		22.085
v -197.498 		349.072 		23.532
v -197.2 		348.1944 		23.1723
v -197.263 		348.478 		23.395
v -470.566 		453.51 		21.638
v -197.2 		348.4353 		23.4207
v -197.2 		348.538 		23.4989
v -469.1163 		454.6005 		22.4094
v -469.019 		454.516 		22.244
v -198.084 		349.739 		22.636
v -197.912 		349.346 		22.873
v -469.766 		454.023 		22.419
v -469.452 		454.052 		22.081
v -198.084 		349.994 		22.83
v -469.201 		454.276 		22.177
v -197.715 		349.333 		23.334
v -469.766 		453.848 		21.957
v -197.912 		349.642 		23.098
v -469.537 		453.877 		21.623
v -469.201 		454.084 		21.716
v -197.912 		349.981 		23.291
v -469.935 		453.692 		21.511
v -197.715 		349.713 		23.55
v -468.5419 		454.6004 		21.4344
v -468.5309 		454.6004 		21.4087
v -197.263 		348.865 		23.69
v -468.537 		454.588 		21.408
v -197.2 		348.8266 		23.719
v -468.622 		454.382 		20.951
v -197.2 		348.9445 		23.786
v -468.4966 		454.6004 		21.2627
v -197.715 		350.136 		23.725
v -468.435 		454.6003 		20.9608
v -468.4272 		454.6003 		20.5111
v -468.4339 		454.6003 		20.9069
v -468.74 		454.345 		21.376
v -197.498 		349.488 		23.768
v -468.909 		454.151 		20.931
v -468.872 		454.186 		20.525
v -468.582 		454.419 		20.517
v -197.263 		349.308 		23.942
v -197.498 		349.949 		23.96
v -468.9818 		454.6004 		22.2568
v -197.2 		349.275 		23.974
v -468.7788 		454.6004 		21.9393
v -197.2 		349.4055 		24.0281
v -197.263 		349.8 		24.146
v -468.7168 		454.6004 		21.8423
v -468.934 		454.31 		21.788
v -197.2 		349.7726 		24.1803
v -468.74 		454.551 		21.837
v -197.2 		349.9143 		24.2212
v -198.23 		350.384 		22.534
v -198.23 		350.624 		22.67
v -198.23 		350.89 		22.78
v -198.23 		351.179 		22.863
v -470.14 		453.997 		22.725
v -198.084 		350.286 		22.996
v -198.084 		350.611 		23.131
v -470.787 		453.776 		22.793
v -470.566 		453.974 		22.993
v -197.912 		350.358 		23.448
v -198.084 		350.962 		23.232
v -198.23 		351.484 		22.917
v -198.23 		352.125 		22.935
v -198.084 		351.334 		23.298
v -198.084 		351.72 		23.327
v -198.23 		351.802 		22.942
v -198.084 		352.114 		23.319
v -241.562 		272.239 		18.873
v -241.386 		272.02 		18.716
v -240.763 		272.189 		19.447
v -241.136 		272.216 		19.141
v -240.763 		272.365 		19.909
v -240.448 		272.16 		19.786
v -240.198 		272.129 		20.151
v -240.533 		272.336 		20.244
v -240.932 		272.521 		20.356
v -241.136 		272.546 		20.058
v -241.562 		272.702 		20.229
v -197.912 		350.766 		23.565
v -197.912 		351.198 		23.641
v -197.715 		351.079 		23.943
v -197.715 		350.594 		23.857
v -197.498 		350.449 		24.103
v -197.263 		350.334 		24.299
v -197.498 		350.978 		24.197
v -197.2 		350.3127 		24.3353
v -197.2 		350.4626 		24.3617
v -197.263 		350.898 		24.399
v -197.2 		350.8833 		24.4363
v -197.2 		351.039 		24.4483
v -197.912 		352.105 		23.667
v -197.715 		351.582 		23.981
v -197.912 		351.647 		23.676
v -197.715 		352.096 		23.971
v -197.498 		351.528 		24.239
v -197.263 		351.485 		24.444
v -197.263 		352.083 		24.432
v -197.498 		352.089 		24.228
v -197.2 		351.4769 		24.4819
v -197.2 		352.082 		24.4699
v -197.2 		351.6359 		24.4788
v -197.2 		352.2413 		24.4518
v -198.2446 		352.256 		19.456
v -198.2446 		352.256 		19.456
v -198.2446 		352.256 		19.456
v -197.715 		353.273 		18.396
v -197.715 		352.769 		18.358
v -518.746 		274.066 		3.099
v -520.897 		273.563 		0.001
v -197.498 		352.824 		18.101
v -523.062 		272.314 		2.501
v -523.467 		273.135 		2.501
v -522.553 		271.552 		2.501
v -521.95 		270.864 		2.501
v -197.263 		352.269 		17.907
v -197.498 		352.263 		18.111
v -523.761 		274.002 		2.501
v -197.263 		352.867 		17.895
v -197.2 		352.8749 		17.8571
v -197.2 		352.7161 		17.8602
v -197.2 		352.27 		17.8691
v -519.679 		269.347 		2.501
v -518.812 		269.052 		2.501
v -197.263 		354.018 		18.04
v -197.498 		353.902 		18.236
v -197.263 		353.453 		17.94
v -197.498 		353.373 		18.142
v -197.2 		354.0393 		18.0039
v -197.2 		353.8892 		17.9773
v -197.2 		353.4677 		17.9027
v -197.2 		353.312 		17.8907
v -198.23 		352.55 		19.398
v -198.2446 		352.256 		19.456
v -198.084 		353.018 		19.042
v -198.23 		352.867 		19.422
v -197.912 		353.153 		18.698
v -198.084 		352.631 		19.012
v -197.912 		352.705 		18.664
v -198.084 		354.065 		19.343
v -198.084 		353.39 		19.107
v -198.084 		353.741 		19.208
v -197.715 		354.215 		18.614
v -197.912 		353.994 		18.892
v -197.912 		353.586 		18.774
v -197.715 		353.758 		18.482
v -198.345 		353.16 		19.937
v -198.345 		352.705 		19.832
v -198.23 		353.173 		19.476
v -198.345 		352.939 		19.873
v -198.345 		352.462 		19.813
v -198.429 		353.103 		20.464
v -198.429 		352.841 		20.336
v -198.429 		352.692 		20.293
v -198.429 		352.979 		20.393
v -198.429 		352.534 		20.265
v -198.429 		352.369 		20.252
v -198.23 		354.177 		19.965
v -198.23 		353.968 		19.806
v -198.23 		353.461 		19.559
v -198.23 		353.728 		19.669
v -198.345 		353.841 		20.386
v -198.345 		353.363 		20.021
v -198.345 		353.707 		20.248
v -198.345 		353.547 		20.126
v -197.498 		354.402 		18.38
v -197.263 		355.043 		18.398
v -197.2 		355.0763 		18.366
v -197.2 		354.9455 		18.3116
v -197.263 		354.551 		18.193
v -197.2 		354.5784 		18.1587
v -197.2 		354.437 		18.1181
v -197.912 		354.71 		19.241
v -197.715 		354.638 		18.789
v -197.912 		354.37 		19.048
v -197.498 		355.279 		18.807
v -197.715 		355.019 		19.005
v -197.498 		354.864 		18.571
v -197.715 		355.351 		19.259
v -197.263 		355.873 		18.944
v -197.2 		355.9159 		18.9183
v -197.2 		355.813 		18.8401
v -197.263 		355.487 		18.649
v -197.2 		355.5251 		18.62
v -197.2 		355.4075 		18.5532
v -197.498 		355.945 		19.396
v -197.263 		356.197 		19.277
v -197.498 		355.642 		19.084
v -197.2 		356.2435 		19.2552
v -197.2 		356.1576 		19.1667
v -198.084 		354.825 		19.923
v -197.912 		355.253 		19.721
v -198.084 		354.612 		19.703
v -198.084 		354.357 		19.509
v -197.912 		355.006 		19.466
v -198.084 		355.113 		20.421
v -198.084 		354.993 		20.163
v -198.23 		354.49 		20.343
v -198.23 		354.352 		20.145
v -197.912 		355.587 		20.3
v -197.912 		355.448 		20.001
v -197.715 		356.003 		20.194
v -197.715 		355.847 		19.858
v -197.498 		356.184 		19.738
v -197.715 		355.629 		19.545
v -197.263 		356.451 		19.643
v -197.2 		356.6363 		19.9169
v -197.2 		356.5005 		19.6252
v -197.2 		356.433 		19.5282
v -197.263 		356.738 		20.445
v -197.498 		356.354 		20.105
v -197.2 		356.7908 		20.4366
v -197.2 		356.7629 		20.3274
v -197.263 		356.633 		20.034
v -197.2 		356.6846 		20.0208
v -198.48 		352.744 		20.902
v -198.48 		352.698 		20.855
v -198.48 		352.643 		20.814
v -198.48 		352.356 		20.713
v -198.48 		352.273 		20.707
v -474.555 		272.235 		23.675
v -198.48 		352.581 		20.778
v -198.48 		352.511 		20.749
v -474.72 		272.016 		23.968
v -474.2408 		272.014 		24.0709
v -474.6306 		272.014 		23.9896
v -198.48 		352.436 		20.727
v -198.48 		352.78 		20.954
v -198.429 		353.212 		20.546
v -198.48 		352.625 		21.465
v -198.48 		352.682 		21.416
v -198.48 		352.731 		21.363
v -198.48 		352.817 		21.188
v -198.48 		352.824 		21.127
v -198.48 		352.82 		21.067
v -198.48 		352.805 		21.009
v -198.48 		352.77 		21.307
v -198.48 		352.799 		21.248
v -198.429 		353.424 		20.851
v -198.429 		353.373 		20.742
v -198.345 		354.065 		20.869
v -198.429 		353.454 		20.967
v -198.345 		353.947 		20.537
v -198.429 		353.302 		20.639
v -198.345 		354.022 		20.699
v -198.429 		353.354 		21.441
v -198.429 		353.411 		21.325
v -198.429 		353.461 		21.085
v -198.345 		354.002 		21.399
v -198.345 		354.055 		21.222
v -198.429 		353.447 		21.205
v -198.345 		354.077 		21.045
v -198.48 		352.412 		21.579
v -198.48 		352.56 		21.509
v -198.48 		352.331 		21.604
v -198.429 		352.644 		21.982
v -198.48 		352.489 		21.548
v -198.429 		352.796 		21.919
v -198.429 		353.066 		21.756
v -198.429 		353.276 		21.554
v -198.429 		352.938 		21.843
v -198.429 		353.18 		21.659
v -198.429 		352.483 		22.031
v -198.429 		352.318 		22.065
v -198.345 		352.386 		22.493
v -198.345 		352.868 		22.37
v -198.345 		352.631 		22.443
v -198.345 		353.093 		22.278
v -198.345 		353.66 		21.893
v -198.345 		353.917 		21.571
v -198.23 		354.302 		21.911
v -198.345 		353.803 		21.737
v -198.345 		353.302 		22.166
v -198.345 		353.493 		22.037
v -198.23 		353.648 		22.471
v -198.23 		354.116 		22.115
v -198.23 		353.897 		22.303
v -198.23 		354.645 		20.777
v -198.23 		354.588 		20.555
v -198.084 		355.2 		20.971
v -198.084 		355.182 		20.692
v -198.23 		354.562 		21.469
v -198.084 		355.166 		21.253
v -198.23 		354.632 		21.238
v -198.23 		354.66 		21.007
v -197.912 		355.688 		20.939
v -197.912 		355.649 		21.267
v -197.715 		356.093 		20.547
v -197.912 		355.668 		20.615
v -197.715 		356.073 		21.279
v -197.715 		356.117 		20.911
v -517 		268.814 		2.501
v -520.5 		269.752 		2.501
v -517.914 		268.874 		2.501
v -521.261 		270.26 		2.501
v -462.5 		284.008 		6.184
v -462.5 		274.066 		6.187
v -462.5 		274.066 		3.0988
v -462.5 		284.007 		3.0988
v -462.5 		442.707 		3.0979
v -462.5 		442.708 		6.127
v -462.5 		452.671 		6.124
v -462.5 		452.671 		3.0978
v -198.084 		354.946 		21.809
v -462.5 		268.814 		16.001
v -198.23 		354.451 		21.695
v -458.752 		454.6 		16
v -197.912 		354.919 		22.507
v -198.084 		354.538 		22.321
v -447.5 		274.066 		6.187
v -197.912 		355.182 		22.218
v -455.002 		277.6558 		6.1859
v -455.179 		277.6678 		6.1859
v -198.084 		354.764 		22.073
v -455.352 		277.7018 		6.1859
v -455.519 		277.7588 		6.1859
v -455.678 		277.8368 		6.1859
v -455.824 		277.9348 		6.1858
v -455.957 		278.0518 		6.1858
v -456.074 		278.1837 		6.1857
v -456.172 		278.3307 		6.1857
v -456.25 		278.4897 		6.1857
v -454.826 		277.6678 		6.1859
v -453.755 		278.4897 		6.1857
v -453.833 		278.3307 		6.1857
v -453.931 		278.1837 		6.1857
v -454.048 		278.0518 		6.1858
v -454.181 		277.9348 		6.1858
v -454.327 		277.8368 		6.1859
v -454.486 		277.7588 		6.1859
v -454.653 		277.7018 		6.1859
v -474.117 		272.226 		23.782
v -474.2235 		272.014 		24.0746
v -519.97 		353.173 		19.476
v -519.855 		353.16 		19.937
v -474.7212 		272.014 		23.9701
v -474.7168 		272.014 		23.9711
v -473.202 		272.219 		23.868
v -519.855 		352.705 		19.832
v -198.084 		355.081 		21.534
v -519.855 		352.462 		19.813
v -519.855 		352.939 		19.873
v -197.912 		355.55 		21.593
v -197.715 		355.549 		22.346
v -197.912 		355.394 		21.912
v -473.202 		272.014 		24.1607
v -473.7462 		272.014 		24.135
v -473.663 		272.221 		23.847
v -473.7162 		272.014 		24.1389
v -473.237 		272.014 		24.1593
v -474.97 		272.643 		22.588
v -474.158 		272.61 		22.977
v -475.055 		272.459 		23.057
v -474.724 		272.63 		22.743
v -474.724 		272.445 		23.216
v -474.452 		272.619 		22.873
v -474.367 		272.434 		23.343
v -473.202 		272.749 		22.689
v -473.934 		272.758 		22.584
v -473.697 		272.753 		22.642
v -473.451 		272.75 		22.677
v -473.849 		272.603 		23.053
v -473.528 		272.599 		23.098
v -473.202 		272.42 		23.509
v -473.99 		272.427 		23.435
v -473.599 		272.422 		23.491
v -473.202 		272.598 		23.114
v -471.434 		272.248 		23.528
v -471.049 		272.264 		23.343
v -472.287 		272.226 		23.782
v -472.7193 		272.014 		24.1401
v -472.74 		272.221 		23.847
v -472.6878 		272.014 		24.1389
v -241.051 		272.391 		19.599
v -241.393 		272.57 		19.781
v -241.393 		272.416 		19.319
v -244.845 		273.02 		20.506
v -245.113 		273.007 		20.654
v -245.394 		272.981 		20.955
v -244.986 		273.014 		20.573
v -245.225 		272.999 		20.745
v -245.319 		272.991 		20.846
v -245.448 		272.971 		21.07
v -245.481 		272.94 		21.432
v -245.481 		272.961 		21.19
v -245.492 		272.951 		21.311
v -519.771 		353.103 		20.464
v -519.771 		352.979 		20.393
v -519.771 		352.841 		20.336
v -197.715 		355.786 		22.003
v -519.771 		352.692 		20.293
v -197.715 		355.962 		21.645
v -205.159 		278.828 		1.183
v -205.194 		278.655 		1.183
v -205.981 		280.252 		1.182
v -206.148 		280.308 		1.182
v -206.321 		280.343 		1.182
v -206.498 		280.354 		1.182
v -206.674 		280.343 		1.182
v -206.847 		280.308 		1.182
v -205.328 		279.679 		1.183
v -205.543 		279.959 		1.182
v -205.426 		279.826 		1.182
v -205.676 		280.075 		1.182
v -205.823 		280.173 		1.182
v -199.278 		271.656 		0.001
v -200.413 		271.352 		0.001
v -201 		271.314 		0.001
v -201 		268.814 		2.501
v -199.188 		269.052 		2.501
v -200.086 		268.874 		2.501
v -207.014 		277.757 		1.183
v -207.173 		277.835 		1.183
v -207.319 		277.933 		1.183
v -207.452 		278.05 		1.183
v -207.569 		278.182 		1.183
v -207.667 		278.329 		1.183
v -207.745 		278.488 		1.183
v -206.498 		277.654 		1.183
v -206.674 		277.666 		1.183
v -206.847 		277.7 		1.183
v -205.981 		277.757 		1.183
v -206.148 		277.7 		1.183
v -206.321 		277.666 		1.183
v -205.25 		278.488 		1.183
v -205.328 		278.329 		1.183
v -205.426 		278.182 		1.183
v -205.543 		278.05 		1.183
v -205.676 		277.933 		1.183
v -205.823 		277.835 		1.183
v -519.771 		352.534 		20.265
v -519.771 		352.369 		20.252
v -519.97 		354.177 		19.965
v -519.97 		353.968 		19.806
v -519.97 		353.461 		19.559
v -519.97 		353.728 		19.669
v -519.855 		353.841 		20.386
v -519.855 		353.707 		20.248
v -519.855 		353.363 		20.021
v -519.855 		353.547 		20.126
v -520.8 		354.6693 		18.3875
v -520.702 		354.402 		18.38
v -520.8 		354.4641 		18.302
v -520.702 		355.279 		18.807
v -520.8 		355.1238 		18.6035
v -520.8 		354.9387 		18.4989
v -520.485 		354.638 		18.789
v -520.702 		354.864 		18.571
v -520.288 		354.71 		19.241
v -520.485 		355.019 		19.005
v -520.288 		354.37 		19.048
v -520.702 		355.945 		19.396
v -520.8 		356.0501 		19.3464
v -520.8 		355.8734 		19.1645
v -520.8 		355.7383 		19.0256
v -520.8 		355.5267 		18.8641
v -520.8 		355.3658 		18.7411
v -520.485 		355.351 		19.259
v -520.702 		355.642 		19.084
v -520.8 		356.2953 		19.6984
v -520.8 		356.156 		19.499
v -197.498 		355.858 		22.454
v -520.702 		356.184 		19.738
v -197.498 		356.309 		21.688
v -520.485 		355.629 		19.545
v -197.498 		356.117 		22.079
v -520.288 		355.587 		20.3
v -520.485 		356.003 		20.194
v -520.485 		355.847 		19.858
v -197.2 		356.2229 		22.4496
v -198.23 		352.77 		22.833
v -198.23 		353.08 		22.739
v -198.23 		352.45 		22.899
v -197.912 		353.016 		23.522
v -198.084 		352.899 		23.195
v -198.084 		353.276 		23.08
v -198.084 		352.51 		23.275
v -198.23 		353.374 		22.617
v -198.084 		353.635 		22.932
v -198.084 		353.968 		22.754
v -197.912 		353.454 		23.388
v -197.912 		354.258 		23.01
v -198.084 		354.271 		22.549
v -197.715 		354.077 		23.467
v -197.912 		353.87 		23.217
v -197.912 		352.564 		23.615
v -197.715 		353.119 		23.809
v -197.715 		352.611 		23.914
v -197.498 		352.651 		24.165
v -197.263 		353.274 		24.243
v -197.498 		353.205 		24.051
v -197.2 		352.8458 		24.3696
v -197.263 		352.683 		24.365
v -197.2 		352.6888 		24.4018
v -197.715 		353.61 		23.659
v -197.498 		353.742 		23.887
v -197.498 		354.251 		23.677
v -197.2 		353.2867 		24.2786
v -197.2 		353.4386 		24.2323
v -197.263 		353.846 		24.069
v -197.2 		353.8653 		24.1025
v -197.2 		354.0099 		24.0428
v -197.912 		354.609 		22.772
v -197.715 		354.512 		23.235
v -197.715 		355.254 		22.67
v -197.498 		354.726 		23.424
v -197.498 		355.156 		23.132
v -197.715 		354.906 		22.968
v -197.2 		355.0494 		23.5201
v -197.498 		355.536 		22.807
v -197.263 		356.104 		22.54
v -197.263 		355.76 		22.917
v -197.2 		355.8014 		22.9371
v -197.2 		355.8929 		22.837
v -197.2 		356.1495 		22.5557
v -456.307 		278.6567 		6.1856
v -456.341 		278.8297 		6.1856
v -456.353 		279.0057 		6.1855
v -456.344 		279.1377 		6.1855
v -456.341 		279.182 		6.1854
v -456.3155 		279.3125 		6.1854
v -456.307 		279.3557 		6.1854
v -456.25 		279.5227 		6.1853
v -456.172 		279.6808 		6.1853
v -456.074 		279.8278 		6.1853
v -455.957 		279.9608 		6.1852
v -455.824 		280.0768 		6.1852
v -455.678 		280.1747 		6.1852
v -455.519 		280.2538 		6.1851
v -455.352 		280.3098 		6.1851
v -455.179 		280.3448 		6.1851
v -455.002 		280.3557 		6.1851
v -454.826 		280.3448 		6.1851
v -454.653 		280.3098 		6.1851
v -454.486 		280.2538 		6.1851
v -454.327 		280.1747 		6.1852
v -454.181 		280.0768 		6.1852
v -454.048 		279.9608 		6.1852
v -453.931 		279.8278 		6.1853
v -453.833 		279.6808 		6.1853
v -453.755 		279.5227 		6.1853
v -453.698 		279.3557 		6.1854
v -453.6725 		279.2253 		6.1854
v -453.664 		279.182 		6.1854
v -453.655 		279.05 		6.1855
v -453.652 		279.0057 		6.1855
v -453.664 		278.8297 		6.1856
v -453.698 		278.6567 		6.1856
v -447.5 		284.008 		6.184
v -447.5 		452.671 		6.124
v -455.002 		446.3607 		6.1259
v -455.179 		446.3727 		6.1259
v -455.3087 		446.3983 		6.1259
v -455.352 		446.4067 		6.1259
v -455.4772 		446.4495 		6.1259
v -455.519 		446.4637 		6.1259
v -454.486 		446.4637 		6.1259
v -454.6112 		446.421 		6.1259
v -454.653 		446.4067 		6.1259
v -454.7827 		446.3813 		6.1259
v -454.826 		446.3727 		6.1259
v -455.678 		446.5417 		6.1258
v -455.824 		446.6397 		6.1258
v -455.957 		446.7567 		6.1258
v -456.074 		446.8888 		6.1257
v -456.172 		447.0357 		6.1257
v -456.25 		447.1948 		6.1257
v -456.307 		447.3618 		6.1256
v -456.341 		447.5348 		6.1256
v -456.353 		447.7108 		6.1255
v -456.341 		447.8867 		6.1254
v -456.307 		448.0608 		6.1254
v -456.25 		448.2278 		6.1253
v -456.172 		448.3857 		6.1253
v -456.074 		448.5327 		6.1253
v -455.957 		448.6657 		6.1252
v -455.824 		448.7817 		6.1252
v -455.678 		448.8798 		6.1251
v -455.519 		448.9578 		6.1251
v -455.352 		449.0147 		6.1251
v -455.179 		449.0497 		6.1251
v -455.002 		449.0608 		6.1251
v -454.826 		449.0497 		6.1251
v -453.833 		448.3857 		6.1253
v -453.755 		448.2278 		6.1253
v -453.698 		448.0608 		6.1254
v -453.664 		447.8867 		6.1254
v -453.652 		447.7108 		6.1255
v -453.664 		447.5348 		6.1256
v -453.698 		447.3618 		6.1256
v -453.755 		447.1948 		6.1257
v -453.833 		447.0357 		6.1257
v -453.931 		446.8888 		6.1257
v -454.048 		446.7567 		6.1258
v -454.181 		446.6397 		6.1258
v -454.327 		446.5417 		6.1258
v -454.653 		449.0147 		6.1251
v -454.486 		448.9578 		6.1251
v -454.327 		448.8798 		6.1251
v -454.181 		448.7817 		6.1252
v -454.048 		448.6657 		6.1252
v -412.852 		399.618 		0.801
v -413.031 		399.719 		0.801
v -413.4 		399.804 		0.801
v -412.527 		398.53 		0.001
v -412.527 		399.078 		0.001
v -412.51 		398.991 		0.801
v -412.595 		399.301 		0.801
v -412.55 		398.415 		0.801
v -413.4 		397.804 		0.001
v -412.653 		398.205 		0.001
v -413.003 		397.898 		0.001
v -413.003 		397.898 		0.801
v -413.4 		397.804 		0.801
v -412.731 		398.117 		0.801
v -447.5 		452.671 		3.0978
v -447.5 		442.707 		3.0978
v -412.527 		391.804 		0.001
v -412.653 		391.403 		0.001
v -412.905 		391.645 		0.001
v -413.4 		391.804 		0.001
v -413.003 		391.71 		0.801
v -412.653 		391.403 		0.801
v -413.4 		391.804 		0.801
v -412.527 		390.531 		0.001
v -412.653 		390.206 		0.001
v -412.504 		390.646 		0.801
v -412.504 		390.963 		0.801
v -412.653 		390.206 		0.801
v -412.764 		390.068 		0.001
v -413.4 		389.805 		0.001
v -413.049 		389.895 		0.001
v -244.851 		273.001 		21.309
v -244.845 		273.007 		21.248
v -412.808 		390.029 		0.801
v -413.4 		389.805 		0.801
v -244.801 		272.986 		21.489
v -413.003 		389.899 		0.801
v -244.763 		273.022 		21.075
v -244.801 		273.017 		21.13
v -412.5314 		385.024 		0.001
v -244.829 		273.012 		21.188
v -412.533 		383.092 		0.001
v -412.527 		383.079 		0.801
v -412.653 		383.404 		0.801
v -413.085 		383.742 		0.001
v -413.4 		383.805 		0.001
v -412.747 		383.517 		0.001
v -413.4 		383.805 		0.801
v -412.808 		383.58 		0.801
v -413.003 		383.71 		0.801
v -412.5312 		382.5595 		0.001
v -412.51 		382.617 		0.001
v -413.4 		381.805 		0.001
v -412.66 		382.21 		0.001
v -412.901 		381.958 		0.001
v -412.504 		382.646 		0.801
v -412.55 		382.416 		0.801
v -412.901 		381.958 		0.801
v -413.4 		381.805 		0.801
v -412.725 		382.113 		0.801
v -470.397 		453.797 		22.548
v -470.614 		454.6005 		23.5094
v -470.262 		454.428 		23.262
v -470.2077 		454.6005 		23.3072
v -470.049 		454.6005 		23.2032
v -470.787 		454.406 		23.515
v -471.037 		453.955 		23.22
v -470.892 		454.172 		23.392
v -470.39 		454.193 		23.151
v -470.7368 		454.6006 		23.5707
v -469.787 		454.454 		22.963
v -469.7335 		454.6005 		22.9965
v -469.3225 		454.6005 		22.6441
v -469.5441 		454.6005 		22.8345
v -469.935 		454.217 		22.864
v -469.537 		454.245 		22.538
v -469.37 		454.483 		22.622
v -474.322 		454.445 		17.52
v -474.3685 		454.6001 		17.3903
v -474.565 		454.6001 		17.4346
v -474.933 		454.6001 		17.5176
v -475.0942 		454.6001 		17.5699
v -474.859 		454.434 		17.651
v -474.228 		454.207 		17.779
v -473.202 		454.6001 		17.2883
v -473.7895 		454.6001 		17.3138
v -473.767 		454.452 		17.44
v -473.4363 		454.6001 		17.2983
v -474.01 		454.6001 		17.3432
v -473.202 		454.216 		17.682
v -473.202 		454.454 		17.414
v -473.72 		454.214 		17.706
v -472.081 		454.445 		17.52
v -472.6145 		454.6001 		17.3138
v -472.2524 		454.6001 		17.3614
v -472.8468 		454.6001 		17.3038
v -472.684 		454.214 		17.706
v -472.637 		454.452 		17.44
v -472.175 		454.207 		17.779
v -471.0774 		454.6001 		17.6453
v -471.545 		454.434 		17.651
v -471.4709 		454.6001 		17.5176
v -472.0345 		454.6001 		17.3903
v -471.6594 		454.6001 		17.475
v -470.9305 		454.6001 		17.6929
v -476.7648 		454.6002 		18.4132
v -475.9813 		454.6001 		17.9161
v -476.4507 		454.6002 		18.1832
v -476.0565 		454.6001 		17.9589
v -476.481 		454.6002 		18.2053
v -477.2296 		454.6002 		18.8453
v -477.5258 		454.6002 		19.228
v -477.4483 		454.6002 		19.1276
v -477.7514 		454.6003 		19.6378
v -477.664 		454.6003 		19.4791
v -477.903 		454.6003 		20.0677
v -477.8249 		454.6003 		19.8454
v -477.9285 		454.6003 		20.2237
v -244.845 		272.996 		21.371
v -213.5 		271.314 		0.001
v -213.5 		283.798 		0.001
v -244.829 		272.991 		21.431
v -213.5 		269.8 		1.515
v -453.931 		448.5327 		6.1253
v -447.5 		442.708 		6.127
v -472.1796 		272.014 		24.0746
v -472.1985 		272.014 		24.077
v -471.849 		272.235 		23.675
v -244.283 		273.041 		20.844
v -244.525 		273.036 		20.903
v -520.288 		355.006 		19.466
v -520.288 		355.448 		20.001
v -244.367 		273.04 		20.856
v -520.288 		355.253 		19.721
v -244.448 		273.039 		20.876
v -520.116 		355.113 		20.421
v -520.116 		354.993 		20.163
v -244.596 		273.033 		20.937
v -520.116 		354.825 		19.923
v -244.66 		273.03 		20.978
v -243.801 		273.033 		20.937
v -243.737 		273.03 		20.978
v -244.113 		273.041 		20.844
v -243.872 		273.036 		20.903
v -519.97 		354.49 		20.343
v -244.029 		273.04 		20.856
v -520.116 		354.612 		19.703
v -520.116 		354.357 		19.509
v -471.684 		272.016 		23.968
v -471.7733 		272.014 		23.9896
v -471.6828 		272.014 		23.9701
v -471.6782 		272.014 		23.9686
v -471.218 		272.03 		23.803
v -519.97 		354.352 		20.145
v -471.2057 		272.014 		23.8188
v -471.1697 		272.014 		23.8035
v -243.949 		273.039 		20.876
v -199.041 		442.707 		3.0971
v -199.041 		442.708 		6.127
v -244.198 		273.042 		20.84
v -209.9579 		440.2639 		3.0971
v -209.978 		440.2841 		3.0971
v -209.6051 		439.916 		3.0971
v -209.6193 		439.9406 		3.0971
v -210.4034 		440.5412 		3.0971
v -211.4583 		440.7927 		3.0971
v -210.3788 		440.527 		3.0971
v -211.5 		440.801 		3.0971
v -244.716 		273.026 		21.024
v -209.3287 		439.5382 		3.0971
v -209 		438.301 		3.0971
v -209.19 		439.258 		3.0971
v -199.041 		421.888 		3.0972
v -197.263 		355.355 		23.264
v -197.2 		355.3918 		23.2881
v -197.2 		355.4993 		23.1959
v -197.263 		354.896 		23.575
v -197.263 		354.39 		23.845
v -197.2 		354.4156 		23.8757
v -197.2 		354.9275 		23.6027
v -197.2 		354.55 		23.8041
v -197.498 		356.452 		20.49
v -197.263 		356.765 		20.868
v -197.498 		356.478 		20.887
v -209.8497 		291.4417 		3.0979
v -210.25 		291.147 		3.0979
v -209.8722 		291.4244 		3.0979
v -197.2 		356.8181 		20.8647
v -197.2 		356.811 		20.7522
v -211.006 		290.8664 		3.0979
v -472.706 		272.753 		22.642
v -210.2762 		291.1362 		3.0979
v -472.469 		272.758 		22.584
v -209.4393 		291.9094 		3.0979
v -209.422 		291.9319 		3.0979
v -209.1466 		292.4905 		3.0979
v -209.1357 		292.5168 		3.0979
v -197.498 		356.43 		21.289
v -209 		293.312 		3.0979
v -209.0037 		293.2838 		3.0979
v -211.4718 		290.8157 		3.0979
v -211.5 		290.812 		3.0979
v -197.263 		356.714 		21.297
v -199.041 		284.007 		3.0979
v -197.2 		356.7663 		21.2983
v -197.2 		356.7801 		21.1847
v -197.263 		356.38 		22.14
v -244.198 		273.018 		21.309
v -472.875 		272.599 		23.098
v -472.952 		272.75 		22.677
v -197.2 		356.4288 		22.1512
v -197.2 		356.4829 		22.0404
v -197.263 		356.585 		21.723
v -197.2 		356.6358 		21.7294
v -197.2 		356.6701 		21.6161
v -194.239 		274.002 		16.001
v -194.533 		273.135 		16.001
v -196.05 		270.864 		16.001
v -194 		275.814 		16.001
v -194.06 		274.9 		16.001
v -195.447 		271.553 		16.001
v -194.938 		272.314 		16.001
v -520.8 		356.5713 		20.4712
v -520.8 		356.5141 		20.2468
v -520.8 		356.4703 		20.0754
v -520.8 		356.3712 		19.8614
v -520.702 		356.354 		20.105
v -519.72 		352.744 		20.902
v -519.72 		352.698 		20.855
v -519.72 		352.643 		20.814
v -519.72 		352.581 		20.778
v -519.72 		352.511 		20.749
v -519.72 		352.436 		20.727
v -519.72 		352.356 		20.713
v -519.72 		352.273 		20.707
v -519.72 		352.78 		20.954
v -519.771 		353.212 		20.546
v -519.72 		352.625 		21.465
v -519.72 		352.682 		21.416
v -519.72 		352.731 		21.363
v -519.72 		352.77 		21.307
v -519.72 		352.799 		21.248
v -244.763 		272.981 		21.544
v -519.72 		352.817 		21.188
v -519.72 		352.824 		21.127
v -519.72 		352.82 		21.067
v -519.72 		352.805 		21.009
v -245.225 		272.902 		21.877
v -245.113 		272.894 		21.969
v -519.855 		354.065 		20.869
v -245.448 		272.93 		21.552
v -519.771 		353.454 		20.967
v -245.394 		272.92 		21.667
v -519.771 		353.424 		20.851
v -519.855 		354.022 		20.699
v -519.771 		353.373 		20.742
v -519.855 		353.947 		20.537
v -472.804 		272.422 		23.491
v -472.555 		272.603 		23.053
v -472.245 		272.61 		22.977
v -519.771 		353.302 		20.639
v -472.414 		272.427 		23.435
v -519.855 		354.055 		21.222
v -471.68 		272.63 		22.743
v -519.771 		353.354 		21.441
v -471.434 		272.643 		22.588
v -519.771 		353.411 		21.325
v -519.855 		354.002 		21.399
v -472.037 		272.434 		23.343
v -471.68 		272.445 		23.216
v -519.771 		353.447 		21.205
v -471.952 		272.619 		22.873
v -519.855 		354.077 		21.045
v -519.771 		353.461 		21.085
v -196.5 		275.813 		0.001
v -194.06 		274.9 		2.501
v -194 		275.813 		2.501
v -195.447 		271.552 		2.501
v -519.72 		352.331 		21.604
v -196.05 		270.864 		2.501
v -194.239 		274.002 		2.501
v -194.533 		273.135 		2.501
v -519.72 		352.412 		21.579
v -519.771 		352.644 		21.982
v -519.72 		352.489 		21.548
v -194.938 		272.314 		2.501
v -519.72 		352.56 		21.509
v -199 		275.814 		30.001
v -197.2 		275.814 		30.001
v -197.329 		274.831 		30.001
v -198.687 		272.8 		30.001
v -197.709 		273.914 		30.001
v -519.771 		352.796 		21.919
v -519.771 		353.066 		21.756
v -519.771 		353.276 		21.554
v -519.771 		352.938 		21.843
v -197.2 		275.814 		16.001
v -197.409 		274.595 		16.001
v -519.771 		353.18 		21.659
v -198.893 		272.661 		16.001
v -198.149 		273.314 		16.001
v -197.709 		273.914 		16.001
v -197.5 		269.752 		16.001
v -198.321 		269.347 		16.001
v -196.739 		270.261 		16.001
v -198.261 		272.243 		0.001
v -196.843 		274.091 		0.001
v -197.624 		272.853 		0.001
v -196.739 		270.26 		2.501
v -197.5 		269.752 		2.501
v -198.321 		269.347 		2.501
v -199 		450.801 		30
v -519.855 		352.868 		22.37
v -199 		450.8 		16
v -199 		413.5 		21.598
v -199 		417.2025 		30.0002
v -199 		414.5058 		27.3036
v -199 		366.225 		29.932
v -519.771 		352.483 		22.031
v -519.771 		352.318 		22.065
v -199 		366.2371 		30.0005
v -519.855 		352.631 		22.443
v -519.855 		353.093 		22.278
v -199 		275.814 		16.001
v -201 		268.814 		16.001
v -199.041 		275.5751 		30.001
v -201 		273.814 		30.001
v -200.117 		274.024 		30.001
v -200.0543 		274.066 		30.001
v -199.041 		274.066 		30.001
v -201 		272.014 		30.001
v -200.504 		272.047 		30.001
v -199.546 		272.304 		30.001
v -519.855 		352.386 		22.493
v -200.3585 		452.671 		30
v -200.364 		452.674 		30
v -199.546 		454.311 		30
v -200.26 		454.52 		30
v -199.041 		452.671 		30
v -200.3574 		452.671 		29.8037
v -519.97 		354.302 		21.911
v -519.855 		353.66 		21.893
v -199.041 		451.1719 		30
v -519.855 		353.917 		21.571
v -199.041 		451.1719 		29.3488
v -471.349 		272.459 		23.057
v -455.352 		446.405 		1.124
v -245.319 		272.911 		21.776
v -471.049 		272.475 		22.869
v -455.002 		446.359 		1.124
v -455.179 		446.371 		1.124
v -470.14 		272.216 		19.141
v -454.653 		446.405 		1.124
v -244.845 		272.881 		22.116
v -470.566 		272.239 		18.873
v -454.826 		446.371 		1.124
v -471.037 		272.258 		18.647
v -245.716 		272.795 		22.151
v -470.39 		272.02 		18.716
v -470.2808 		272.014 		18.7846
v -245.363 		272.773 		22.405
v -244.986 		272.887 		22.049
v -470.3867 		272.014 		18.7131
v -470.4011 		272.014 		18.7058
v -470.892 		272.041 		18.475
v -470.8799 		272.014 		18.4609
v -470.9495 		272.014 		18.4347
v -245.551 		272.784 		22.286
v -469.5163 		272.014 		19.4395
v -469.766 		272.189 		19.447
v -469.5855 		272.014 		19.3532
v -469.9185 		272.014 		19.0456
v -469.9526 		272.014 		19.014
v -245.155 		272.765 		22.504
v -469.537 		272.336 		20.244
v -469.201 		272.129 		20.151
v -469.452 		272.16 		19.786
v -469.766 		272.365 		19.909
v -244.716 		272.977 		21.595
v -244.596 		272.969 		21.681
v -244.66 		272.973 		21.641
v -244.283 		272.961 		21.774
v -244.367 		272.962 		21.762
v -469.0651 		272.014 		20.1144
v -469.201 		272.014 		19.8757
v -469.2884 		272.014 		19.7228
v -470.397 		272.416 		19.319
v -244.525 		272.966 		21.715
v -244.448 		272.964 		21.743
v -244.198 		272.961 		21.778
v -243.801 		272.969 		21.681
v -243.872 		272.966 		21.715
v -244.113 		272.961 		21.774
v -244.029 		272.962 		21.762
v -243.949 		272.964 		21.743
v -243.737 		272.973 		21.641
v -244.029 		272.871 		22.233
v -243.863 		272.873 		22.209
v -244.694 		272.877 		22.17
v -244.533 		272.873 		22.209
v -519.855 		353.803 		21.737
v -519.855 		353.302 		22.166
v -519.97 		353.648 		22.471
v -519.97 		353.897 		22.303
v -519.97 		354.116 		22.115
v -519.855 		353.493 		22.037
v -520.485 		356.073 		21.279
v -520.485 		356.093 		20.547
v -520.288 		355.688 		20.939
v -520.485 		356.117 		20.911
v -454.486 		446.462 		1.123
v -455.519 		446.462 		1.123
v -520.288 		355.649 		21.267
v -520.288 		355.668 		20.615
v -520.288 		354.919 		22.507
v -520.288 		355.182 		22.218
v -470.787 		272.437 		19.073
v -471.037 		272.83 		20.419
v -520.8 		355.9606 		22.4899
v -520.8 		356.2267 		22.1044
v -520.702 		356.117 		22.079
v -520.8 		356.1116 		22.2712
v -520.8 		356.3386 		21.8765
v -520.702 		356.309 		21.688
v -520.485 		355.549 		22.346
v -520.702 		355.858 		22.454
v -520.485 		355.786 		22.003
v -520.288 		355.394 		21.912
v -520.288 		355.55 		21.593
v -520.485 		355.962 		21.645
v -520.116 		355.166 		21.253
v -520.116 		355.2 		20.971
v -519.97 		354.562 		21.469
v -519.97 		354.66 		21.007
v -520.116 		355.182 		20.692
v -519.97 		354.588 		20.555
v -519.97 		354.632 		21.238
v -519.97 		354.645 		20.777
v -520.116 		354.538 		22.321
v -520.116 		354.764 		22.073
v -520.116 		354.946 		21.809
v -520.116 		355.081 		21.534
v -519.97 		354.451 		21.695
v -520.485 		354.077 		23.467
v -455.678 		446.54 		1.123
v -520.288 		353.016 		23.522
v -455.824 		446.638 		1.123
v -455.957 		446.755 		1.123
v -520.288 		353.454 		23.388
v -456.074 		446.887 		1.123
v -456.172 		447.034 		1.123
v -456.25 		447.193 		1.123
v -456.307 		447.36 		1.123
v -456.353 		447.709 		1.123
v -456.341 		447.885 		1.123
v -456.307 		448.059 		1.123
v -456.25 		448.226 		1.123
v -456.172 		448.384 		1.123
v -520.288 		353.87 		23.217
v -455.002 		447.709 		1.123
v -520.288 		354.258 		23.01
v -520.8 		353.2338 		24.1311
v -520.8 		352.9873 		24.1819
v -520.702 		352.651 		24.165
v -520.8 		352.4141 		24.2763
v -520.8 		352.6643 		24.2484
v -520.485 		353.119 		23.809
v -520.702 		353.205 		24.051
v -520.288 		352.564 		23.615
v -456.341 		447.533 		1.123
v -520.485 		352.611 		23.914
v -456.074 		448.531 		1.123
v -455.957 		448.664 		1.123
v -455.824 		448.78 		1.123
v -455.678 		448.878 		1.123
v -455.519 		448.956 		1.123
v -455.352 		449.013 		1.123
v -455.179 		449.048 		1.123
v -455.002 		449.059 		1.123
v -520.8 		353.5468 		24.0355
v -454.826 		449.048 		1.123
v -520.8 		353.7854 		23.9629
v -520.8 		354.0821 		23.8405
v -520.702 		354.251 		23.677
v -453.833 		448.384 		1.123
v -453.755 		448.226 		1.123
v -453.698 		448.059 		1.123
v -453.664 		447.885 		1.123
v -453.652 		447.709 		1.123
v -453.664 		447.533 		1.123
v -520.702 		353.742 		23.887
v -453.698 		447.36 		1.123
v -453.755 		447.193 		1.123
v -453.833 		447.034 		1.123
v -453.931 		446.887 		1.123
v -454.048 		446.755 		1.123
v -454.181 		446.638 		1.123
v -454.327 		446.54 		1.123
v -520.485 		353.61 		23.659
v -520.116 		352.51 		23.275
v -520.116 		353.276 		23.08
v -519.97 		352.77 		22.833
v -520.116 		352.899 		23.195
v -454.653 		449.013 		1.123
v -454.486 		448.956 		1.123
v -454.327 		448.878 		1.123
v -454.181 		448.78 		1.123
v -454.048 		448.664 		1.123
v -453.931 		448.531 		1.123
v -519.97 		353.08 		22.739
v -519.97 		352.45 		22.899
v -520.116 		353.968 		22.754
v -520.116 		354.271 		22.549
v -519.97 		353.374 		22.617
v -520.116 		353.635 		22.932
v -520.8 		354.7969 		23.487
v -520.8 		355.0476 		23.3167
v -520.702 		355.156 		23.132
v -520.8 		355.239 		23.187
v -520.485 		354.512 		23.235
v -520.702 		354.726 		23.424
v -520.485 		355.254 		22.67
v -520.288 		354.609 		22.772
v -520.485 		354.906 		22.968
v -520.8 		355.6294 		22.8529
v -520.702 		355.536 		22.807
v -520.8 		355.4605 		22.9976
v -520.8 		355.8171 		22.6471
v -520.8 		354.309 		23.7471
v -520.8 		354.5859 		23.5996
v -520.8 		356.5484 		21.2923
v -520.702 		356.43 		21.289
v -520.8 		356.4946 		21.47
v -520.8 		356.5977 		20.8791
v -520.702 		356.478 		20.887
v -520.8 		356.5764 		21.058
v -520.8 		356.5825 		20.6476
v -520.702 		356.452 		20.49
v -520.8 		356.4241 		21.7026
v -477.7 		343.5132 		3.0985
v -477.7 		347.651 		3.099
v -477.7 		347.651 		6.5
v -477.7 		339.651 		6.5
v -477.7 		339.651 		3.0985
v -513.2 		347.651 		6.5
v -513.2 		347.651 		3.099
v -513.2 		344.3635 		3.0986
v -513.2 		339.651 		3.0986
v -513.2 		339.651 		6.5
v -506.969 		342.718 		6.5
v -507.127 		342.797 		6.5
v -507.274 		342.895 		6.5
v -507.407 		343.012 		6.5
v -507.523 		343.145 		6.5
v -507.622 		343.292 		6.5
v -507.7 		343.45 		6.5
v -507.757 		343.618 		6.5
v -507.791 		343.791 		6.5
v -507.803 		343.968 		6.5
v -506.452 		342.616 		6.5
v -506.628 		342.627 		6.5
v -506.802 		342.662 		6.5
v -505.936 		342.718 		6.5
v -506.103 		342.662 		6.5
v -506.276 		342.627 		6.5
v -505.102 		343.968 		6.5
v -505.114 		343.791 		6.5
v -505.148 		343.618 		6.5
v -505.205 		343.45 		6.5
v -505.283 		343.292 		6.5
v -505.381 		343.145 		6.5
v -505.497 		343.012 		6.5
v -505.63 		342.895 		6.5
v -505.777 		342.797 		6.5
v -507.791 		344.145 		6.5
v -507.757 		344.318 		6.5
v -507.7 		344.486 		6.5
v -507.622 		344.644 		6.5
v -507.523 		344.791 		6.5
v -507.407 		344.924 		6.5
v -507.274 		345.041 		6.5
v -507.127 		345.139 		6.5
v -506.969 		345.218 		6.5
v -506.802 		345.274 		6.5
v -506.628 		345.309 		6.5
v -506.452 		345.321 		6.5
v -506.276 		345.309 		6.5
v -506.103 		345.274 		6.5
v -505.936 		345.218 		6.5
v -505.777 		345.139 		6.5
v -505.63 		345.041 		6.5
v -505.497 		344.924 		6.5
v -505.381 		344.791 		6.5
v -505.283 		344.644 		6.5
v -505.205 		344.486 		6.5
v -505.148 		344.318 		6.5
v -505.114 		344.145 		6.5
v -507.803 		347.651 		6.5
v -485.503 		343.012 		6.5
v -485.619 		343.145 		6.5
v -485.376 		342.616 		6.5
v -485.717 		343.292 		6.5
v -485.795 		343.45 		6.5
v -485.852 		343.618 		6.5
v -485.887 		343.791 		6.5
v -485.898 		343.968 		6.5
v -484.548 		342.616 		6.5
v -484.724 		342.627 		6.5
v -484.897 		342.662 		6.5
v -485.065 		342.718 		6.5
v -485.223 		342.797 		6.5
v -485.37 		342.895 		6.5
v -484.372 		342.627 		6.5
v -483.378 		343.292 		6.5
v -483.477 		343.145 		6.5
v -483.593 		343.012 		6.5
v -483.726 		342.895 		6.5
v -483.873 		342.797 		6.5
v -484.031 		342.718 		6.5
v -206.498 		446.3607 		6.1259
v -484.198 		342.662 		6.5
v -206.674 		446.3727 		6.1259
v -206.8037 		446.3983 		6.1259
v -206.847 		446.4067 		6.1259
v -483.198 		343.968 		6.5
v -483.209 		343.791 		6.5
v -483.244 		343.618 		6.5
v -483.3 		343.45 		6.5
v -206.9722 		446.4495 		6.1259
v -207.014 		446.4637 		6.1259
v -485.887 		344.145 		6.5
v -485.852 		344.318 		6.5
v -485.795 		344.486 		6.5
v -485.717 		344.644 		6.5
v -205.981 		446.4637 		6.1259
v -485.619 		344.791 		6.5
v -485.503 		344.924 		6.5
v -206.1062 		446.421 		6.1259
v -206.148 		446.4067 		6.1259
v -485.37 		345.041 		6.5
v -206.2777 		446.3813 		6.1259
v -485.223 		345.139 		6.5
v -485.065 		345.218 		6.5
v -206.321 		446.3727 		6.1259
v -484.897 		345.274 		6.5
v -484.724 		345.309 		6.5
v -484.548 		345.321 		6.5
v -484.372 		345.309 		6.5
v -207.173 		446.5417 		6.1258
v -484.198 		345.274 		6.5
v -484.031 		345.218 		6.5
v -207.319 		446.6397 		6.1258
v -483.873 		345.139 		6.5
v -483.726 		345.041 		6.5
v -207.452 		446.7567 		6.1258
v -483.593 		344.924 		6.5
v -207.569 		446.8888 		6.1257
v -483.477 		344.791 		6.5
v -483.378 		344.644 		6.5
v -207.667 		447.0357 		6.1257
v -483.3 		344.486 		6.5
v -207.745 		447.1948 		6.1257
v -483.244 		344.318 		6.5
v -207.802 		447.3618 		6.1256
v -483.209 		344.145 		6.5
v -207.836 		447.5348 		6.1256
v -207.848 		447.7108 		6.1255
v -207.836 		447.8867 		6.1254
v -207.802 		448.0608 		6.1254
v -207.745 		448.2278 		6.1253
v -207.667 		448.3857 		6.1253
v -207.569 		448.5327 		6.1253
v -207.452 		448.6657 		6.1252
v -507.757 		344.318 		3.0986
v -507.7736 		344.2335 		3.0986
v -507.7 		344.486 		3.0986
v -507.622 		344.644 		3.0986
v -507.523 		344.791 		3.0986
v -507.407 		344.924 		3.0987
v -507.274 		345.041 		3.0987
v -507.127 		345.139 		3.0987
v -506.969 		345.218 		3.0987
v -506.802 		345.274 		3.0987
v -506.628 		345.309 		3.0987
v -506.452 		345.321 		3.0987
v -506.276 		345.309 		3.0987
v -506.103 		345.274 		3.0987
v -505.936 		345.218 		3.0987
v -505.777 		345.139 		3.0987
v -505.63 		345.041 		3.0987
v -505.497 		344.924 		3.0987
v -505.381 		344.791 		3.0986
v -505.283 		344.644 		3.0986
v -505.205 		344.486 		3.0986
v -505.148 		344.318 		3.0986
v -505.1189 		344.17 		3.0986
v -505.102 		347.651 		3.099
v -485.887 		343.791 		3.0985
v -485.8704 		343.7089 		3.0985
v -485.898 		343.968 		3.0985
v -483.198 		343.968 		3.0985
v -483.209 		343.791 		3.0985
v -483.2383 		343.6459 		3.0985
v -485.887 		344.145 		3.0986
v -485.852 		344.318 		3.0986
v -485.795 		344.486 		3.0986
v -485.717 		344.644 		3.0986
v -485.619 		344.791 		3.0986
v -485.503 		344.924 		3.0987
v -485.37 		345.041 		3.0987
v -485.223 		345.139 		3.0987
v -485.065 		345.218 		3.0987
v -484.897 		345.274 		3.0987
v -484.724 		345.309 		3.0987
v -484.548 		345.321 		3.0987
v -484.372 		345.309 		3.0987
v -484.198 		345.274 		3.0987
v -484.031 		345.218 		3.0987
v -483.873 		345.139 		3.0987
v -483.726 		345.041 		3.0987
v -483.593 		344.924 		3.0987
v -483.477 		344.791 		3.0986
v -483.378 		344.644 		3.0986
v -483.3 		344.486 		3.0986
v -483.244 		344.318 		3.0986
v -483.209 		344.145 		3.0986
v -509.6 		336.092 		6.1
v -509.702 		336.244 		6.1
v -509.823 		336.382 		6.1
v -509.519 		335.927 		6.1
v -510.813 		336.792 		6.1
v -510.995 		336.78 		6.1
v -511.175 		336.744 		6.1
v -511.349 		336.685 		6.1
v -511.513 		336.604 		6.1
v -511.665 		336.502 		6.1
v -511.803 		336.382 		6.1
v -511.923 		336.244 		6.1
v -509.96 		336.502 		6.1
v -510.113 		336.604 		6.1
v -510.277 		336.685 		6.1
v -510.45 		336.744 		6.1
v -510.63 		336.78 		6.1
v -512.025 		336.092 		6.1
v -512.106 		335.927 		6.1
v -509.413 		335.392 		6.1
v -509.425 		335.574 		6.1
v -509.46 		335.754 		6.1
v -509.823 		334.402 		6.1
v -509.702 		334.539 		6.1
v -509.6 		334.692 		6.1
v -509.519 		334.856 		6.1
v -509.46 		335.029 		6.1
v -509.425 		335.209 		6.1
v -510.995 		334.004 		6.1
v -510.813 		333.992 		6.1
v -510.63 		334.004 		6.1
v -510.45 		334.039 		6.1
v -510.277 		334.098 		6.1
v -510.113 		334.179 		6.1
v -509.96 		334.281 		6.1
v -511.923 		334.539 		6.1
v -511.803 		334.402 		6.1
v -511.665 		334.281 		6.1
v -511.513 		334.179 		6.1
v -511.349 		334.098 		6.1
v -511.175 		334.039 		6.1
v -512.201 		335.209 		6.1
v -512.165 		335.029 		6.1
v -512.106 		334.856 		6.1
v -512.025 		334.692 		6.1
v -512.165 		335.754 		6.1
v -512.201 		335.574 		6.1
v -512.213 		335.392 		6.1
v -476.8717 		454.6002 		18.4942
v -476.8607 		454.6002 		18.4858
v -477.1794 		454.6002 		18.7962
v -477.873 		454.6004 		21.4087
v -477.8777 		454.6004 		21.3892
v -477.9758 		454.6003 		20.5111
v -477.9681 		454.6003 		20.9608
v -477.9741 		454.6003 		20.61
v -477.9071 		454.6004 		21.2627
v -477.9602 		454.6004 		20.9998
v -509.519 		335.927 		3.0986
v -509.6 		336.092 		3.0986
v -509.702 		336.244 		3.0986
v -509.823 		336.382 		3.0986
v -509.96 		336.502 		3.0986
v -510.113 		336.604 		3.0986
v -510.277 		336.685 		3.0986
v -510.45 		336.744 		3.0986
v -510.63 		336.78 		3.0986
v -510.813 		336.792 		3.0986
v -510.995 		336.78 		3.0986
v -511.175 		336.744 		3.0986
v -511.349 		336.685 		3.0986
v -511.513 		336.604 		3.0986
v -511.665 		336.502 		3.0986
v -511.803 		336.382 		3.0986
v -511.923 		336.244 		3.0986
v -512.025 		336.092 		3.0986
v -512.106 		335.927 		3.0986
v -509.823 		334.402 		3.0986
v -509.702 		334.539 		3.0986
v -509.6 		334.692 		3.0986
v -509.519 		334.856 		3.0986
v -201 		452.801 		30
v -509.46 		335.029 		3.0986
v -201 		454.601 		30
v -509.425 		335.209 		3.0986
v -509.413 		335.392 		3.0986
v -509.425 		335.574 		3.0986
v -509.46 		335.754 		3.0986
v -510.63 		334.004 		3.0986
v -510.813 		333.992 		3.0986
v -510.45 		334.039 		3.0986
v -510.277 		334.098 		3.0986
v -510.113 		334.179 		3.0986
v -509.96 		334.281 		3.0986
v -511.923 		334.539 		3.0986
v -511.803 		334.402 		3.0986
v -511.665 		334.281 		3.0986
v -511.513 		334.179 		3.0986
v -511.349 		334.098 		3.0986
v -511.175 		334.039 		3.0986
v -510.995 		334.004 		3.0986
v -512.165 		335.754 		3.0986
v -512.201 		335.574 		3.0986
v -512.213 		335.392 		3.0986
v -512.201 		335.209 		3.0986
v -512.165 		335.029 		3.0986
v -512.106 		334.856 		3.0986
v -512.025 		334.692 		3.0986
v -478.919 		335.927 		6.1
v -479 		336.092 		6.1
v -479.102 		336.244 		6.1
v -479.223 		336.382 		6.1
v -480.213 		336.792 		6.1
v -480.395 		336.78 		6.1
v -480.575 		336.744 		6.1
v -480.749 		336.685 		6.1
v -480.913 		336.604 		6.1
v -481.065 		336.502 		6.1
v -481.203 		336.382 		6.1
v -479.36 		336.502 		6.1
v -479.513 		336.604 		6.1
v -479.677 		336.685 		6.1
v -479.85 		336.744 		6.1
v -480.03 		336.78 		6.1
v -481.323 		336.244 		6.1
v -481.425 		336.092 		6.1
v -481.506 		335.927 		6.1
v -478.813 		335.392 		6.1
v -478.825 		335.574 		6.1
v -478.86 		335.754 		6.1
v -479.223 		334.402 		6.1
v -479.102 		334.539 		6.1
v -479 		334.692 		6.1
v -478.919 		334.856 		6.1
v -478.86 		335.029 		6.1
v -478.825 		335.209 		6.1
v -480.395 		334.004 		6.1
v -480.213 		333.992 		6.1
v -480.03 		334.004 		6.1
v -479.85 		334.039 		6.1
v -479.677 		334.098 		6.1
v -479.513 		334.179 		6.1
v -479.36 		334.281 		6.1
v -481.203 		334.402 		6.1
v -481.065 		334.281 		6.1
v -480.913 		334.179 		6.1
v -480.749 		334.098 		6.1
v -480.575 		334.039 		6.1
v -481.565 		335.029 		6.1
v -481.506 		334.856 		6.1
v -481.425 		334.692 		6.1
v -481.323 		334.539 		6.1
v -481.565 		335.754 		6.1
v -481.601 		335.574 		6.1
v -481.613 		335.392 		6.1
v -481.601 		335.209 		6.1
v -200.086 		457.74 		16
v -199.188 		457.561 		16
v -478.919 		335.927 		3.0985
v -199.323 		454.201 		16
v -479 		336.092 		3.0985
v -479.102 		336.244 		3.0985
v -479.223 		336.382 		3.0985
v -200.26 		454.519 		16
v -479.36 		336.502 		3.0985
v -200.3194 		452.671 		16
v -479.513 		336.604 		3.0985
v -200.358 		452.69 		16
v -479.677 		336.685 		3.0985
v -479.85 		336.744 		3.0985
v -480.03 		336.78 		3.0985
v -480.213 		336.792 		3.0985
v -480.395 		336.78 		3.0985
v -480.575 		336.744 		3.0985
v -480.749 		336.685 		3.0985
v -480.913 		336.604 		3.0985
v -481.065 		336.502 		3.0985
v -481.203 		336.382 		3.0985
v -481.323 		336.244 		3.0985
v -481.425 		336.092 		3.0985
v -481.506 		335.927 		3.0985
v -479.223 		334.402 		3.0985
v -479.102 		334.539 		3.0985
v -479 		334.692 		3.0985
v -478.919 		334.856 		3.0985
v -199.041 		451.1123 		16
v -478.86 		335.029 		3.0985
v -478.825 		335.209 		3.0985
v -478.813 		335.392 		3.0985
v -478.825 		335.574 		3.0985
v -478.86 		335.754 		3.0985
v -480.03 		334.004 		3.0985
v -480.213 		333.992 		3.0985
v -479.85 		334.039 		3.0985
v -479.677 		334.098 		3.0985
v -479.513 		334.179 		3.0985
v -479.36 		334.281 		3.0985
v -481.203 		334.402 		3.0985
v -199.041 		450.7487 		16
v -481.065 		334.281 		3.0985
v -480.913 		334.179 		3.0985
v -480.749 		334.098 		3.0985
v -480.575 		334.039 		3.0985
v -480.395 		334.004 		3.0985
v -481.565 		335.754 		3.0985
v -481.601 		335.574 		3.0985
v -201 		457.8 		16
v -481.613 		335.392 		3.0985
v -481.601 		335.209 		3.0985
v -481.565 		335.029 		3.0985
v -201 		454.6 		16
v -481.506 		334.856 		3.0985
v -481.425 		334.692 		3.0985
v -201 		452.8 		16
v -481.323 		334.539 		3.0985
v -200.739 		452.783 		16
v -507.803 		339.651 		3.0986
v -207.319 		448.7817 		6.1252
v -207.173 		448.8798 		6.1251
v -207.014 		448.9578 		6.1251
v -205.328 		448.3857 		6.1253
v -205.25 		448.2278 		6.1253
v -205.194 		448.0608 		6.1254
v -205.159 		447.8867 		6.1254
v -205.148 		447.7108 		6.1255
v -205.159 		447.5348 		6.1256
v -205.194 		447.3618 		6.1256
v -205.25 		447.1948 		6.1257
v -205.328 		447.0357 		6.1257
v -205.426 		446.8888 		6.1257
v -205.543 		446.7567 		6.1258
v -205.676 		446.6397 		6.1258
v -205.823 		446.5417 		6.1258
v -206.847 		449.0147 		6.1251
v -206.674 		449.0497 		6.1251
v -206.498 		449.0608 		6.1251
v -206.321 		449.0497 		6.1251
v -206.148 		449.0147 		6.1251
v -205.981 		448.9578 		6.1251
v -205.823 		448.8798 		6.1251
v -205.676 		448.7817 		6.1252
v -205.543 		448.6657 		6.1252
v -205.426 		448.5327 		6.1253
v -213.5 		283.798 		0
v -213.5 		269.8 		0
v -249.198 		454.601 		30
v -247.761 		454.6002 		18.4132
v -246.9773 		454.6001 		17.9161
v -247.4476 		454.6002 		18.1832
v -247.0525 		454.6001 		17.9589
v -247.478 		454.6002 		18.2053
v -247.8677 		454.6002 		18.4942
v -247.8567 		454.6002 		18.4858
v -248.2266 		454.6002 		18.8453
v -248.1763 		454.6002 		18.7962
v -248.5218 		454.6002 		19.228
v -248.4445 		454.6002 		19.1276
v -248.7475 		454.6003 		19.6378
v -248.66 		454.6003 		19.4791
v -248.8996 		454.6003 		20.0677
v -248.8209 		454.6003 		19.8454
v -248.9255 		454.6003 		20.2237
v -248.8691 		454.6004 		21.4087
v -248.8736 		454.6004 		21.3892
v -248.9034 		454.6004 		21.2627
v -248.9728 		454.6003 		20.5111
v -248.965 		454.6003 		20.9608
v -248.9709 		454.6003 		20.61
v -248.9572 		454.6004 		20.9998
v -248.6832 		454.6004 		21.8423
v -248.7159 		454.6004 		21.7662
v -248.4182 		454.6004 		22.2568
v -248.4982 		454.6004 		22.1318
v -248.2213 		454.6005 		22.4809
v -248.0775 		454.6005 		22.6441
v -247.885 		454.6005 		22.8086
v -247.6665 		454.6005 		22.9965
v -247.1923 		454.6005 		23.3072
v -247.4931 		454.6005 		23.1102
v -247.0474 		454.6005 		23.3796
v -246.6632 		454.6006 		23.5707
v -246.0881 		454.6006 		23.781
v -246.5499 		454.6006 		23.612
v -246.0068 		454.6006 		23.8014
v -240.6352 		454.6002 		18.4132
v -240.9494 		454.6002 		18.1832
v -241.4187 		454.6001 		17.9161
v -240.9911 		454.6002 		18.1594
v -241.5162 		454.6001 		17.8733
v -239.8742 		454.6002 		19.228
v -239.796 		454.6003 		19.3699
v -240.1704 		454.6002 		18.8453
v -240.1167 		454.6002 		18.9149
v -240.5283 		454.6002 		18.4942
v -240.5162 		454.6002 		18.506
v -412.5115 		376.832 		0.001
v -412.517 		375.051 		0.001
v -412.901 		375.652 		0.001
v -413.4 		375.806 		0.001
v -412.55 		375.194 		0.801
v -413.031 		375.721 		0.801
v -413.4 		375.806 		0.801
v -412.653 		375.405 		0.801
v -412.504 		374.647 		0.001
v -412.666 		374.215 		0.001
v -413.4 		373.806 		0.001
v -413.003 		373.9 		0.001
v -412.504 		374.647 		0.801
v -412.55 		374.417 		0.801
v -413.003 		373.9 		0.801
v -413.4 		373.806 		0.801
v -412.808 		374.031 		0.801
v -455.824 		277.933 		1.183
v -455.957 		278.05 		1.183
v -456.074 		278.182 		1.183
v -456.172 		278.329 		1.183
v -456.25 		278.488 		1.183
v -455.002 		277.654 		1.183
v -455.179 		277.666 		1.183
v -455.352 		277.7 		1.183
v -412.505 		366.85 		0.001
v -412.66 		367.401 		0.001
v -412.927 		367.666 		0.001
v -413.4 		367.806 		0.001
v -412.519 		367.082 		0.801
v -413.4 		367.806 		0.801
v -413.056 		367.738 		0.801
v -412.725 		367.498 		0.801
v -412.557 		366.42 		0.001
v -455.519 		277.757 		1.183
v -455.678 		277.835 		1.183
v -454.826 		277.666 		1.183
v -453.755 		278.488 		1.183
v -453.833 		278.329 		1.183
v -453.931 		278.182 		1.183
v -454.048 		278.05 		1.183
v -454.181 		277.933 		1.183
v -454.327 		277.835 		1.183
v -477.6872 		454.6004 		21.8423
v -477.7197 		454.6004 		21.7662
v -454.486 		277.757 		1.183
v -477.4215 		454.6004 		22.2568
v -477.5015 		454.6004 		22.1318
v -454.653 		277.7 		1.183
v -477.2248 		454.6005 		22.4809
v -456.307 		278.655 		1.183
v -456.341 		278.828 		1.183
v -456.353 		279.004 		1.183
v -456.341 		279.18 		1.183
v -456.307 		279.354 		1.183
v -456.25 		279.521 		1.183
v -477.0809 		454.6005 		22.6441
v -476.67 		454.6005 		22.9965
v -476.889 		454.6005 		22.8086
v -455.002 		279.004 		1.183
v -456.172 		279.679 		1.183
v -455.824 		280.075 		1.182
v -413.4 		365.806 		0.001
v -413.111 		365.856 		0.001
v -412.725 		366.114 		0.001
v -412.527 		366.533 		0.801
v -413.4 		365.806 		0.801
v -413.031 		365.891 		0.801
v -412.653 		366.207 		0.801
v -239.6486 		454.6003 		19.6378
v -239.497 		454.6003 		20.0677
v -239.4461 		454.6003 		20.3775
v -239.5703 		454.6003 		19.8603
v -245.478 		454.6006 		23.9346
v -244.844 		454.6006 		24.0269
v -245.4234 		454.6006 		23.9427
v -244.367 		272.871 		22.233
v -244.8051 		454.6006 		24.0288
v -408.979 		292.986 		2.511
v -408.574 		291.926 		2.511
v -244.1659 		454.6006 		24.0572
v -470.14 		272.546 		20.058
v -470.566 		272.702 		20.229
v -407.457 		291.002 		2.511
v -244.198 		454.6006 		24.0588
v -243.5521 		454.6006 		24.0269
v -470.787 		272.723 		19.991
v -242.918 		454.6006 		23.9346
v -243.5122 		454.6006 		24.021
v -242.8608 		454.6006 		23.9202
v -470.702 		272.592 		19.532
v -409 		293.312 		2.511
v -242.308 		454.6006 		23.781
v -241.7336 		454.6006 		23.5707
v -242.2212 		454.6006 		23.7493
v -409 		293.312 		3.0985
v -408.268 		291.544 		2.511
v -239.9785 		454.6004 		22.2568
v -240.1129 		454.6005 		22.4094
v -469.935 		272.521 		20.356
v -239.7128 		454.6004 		21.8423
v -239.7749 		454.6004 		21.9393
v -408.9799 		293.0002 		3.0986
v -408.9739 		292.9653 		3.0986
v -408.9653 		292.9458 		3.0986
v -470.055 		272.391 		19.599
v -470.397 		272.57 		19.781
v -408.268 		291.544 		3.0986
v -408.2455 		291.5267 		3.0986
v -408.2327 		291.5204 		3.0986
v -407.457 		291.002 		3.0986
v -408.5607 		291.9094 		3.0986
v -408.578 		291.9319 		3.0986
v -468.9829 		272.014 		20.3418
v -239.5269 		454.6004 		21.4087
v -239.5379 		454.6004 		21.4344
v -244.198 		272.871 		22.241
v -239.4929 		454.6004 		21.2627
v -469.269 		272.274 		20.962
v -239.4319 		454.6003 		20.9608
v -469.37 		272.306 		20.597
v -239.4242 		454.6003 		20.5111
v -239.4309 		454.6003 		20.9069
v -243.003 		272.981 		20.955
v -469.235 		272.242 		21.334
v -241.2037 		454.6005 		23.3072
v -241.6107 		454.6005 		23.5094
v -243.172 		272.999 		20.745
v -241.045 		454.6005 		23.2032
v -243.283 		273.007 		20.654
v -469.019 		272.096 		20.536
v -243.551 		273.02 		20.506
v -243.078 		272.991 		20.846
v -469.787 		272.381 		21.985
v -469.537 		272.148 		22.425
v -469.935 		272.354 		22.3
v -469.269 		272.21 		21.706
v -469.336 		272.014 		22.489
v -469.1736 		272.014 		22.23
v -469.37 		272.179 		22.072
v -469.1091 		272.014 		22.1277
v -470.787 		272.792 		20.853
v -470.158 		272.608 		21.322
v -470.702 		272.752 		21.318
v -470.723 		272.773 		21.083
v -470.39 		272.68 		20.485
v -470.892 		272.812 		20.63
v -470.184 		272.633 		21.037
v -470.262 		272.657 		20.756
v -469.666 		272.437 		21.328
v -469.787 		272.494 		20.67
v -469.696 		272.466 		20.996
v -470.723 		272.732 		21.552
v -243.41 		273.014 		20.573
v -470.566 		272.514 		22.416
v -471.037 		272.675 		22.216
v -470.39 		272.536 		22.159
v -470.892 		272.693 		22.005
v -243.546 		273.001 		21.309
v -470.787 		272.713 		21.782
v -243.595 		272.986 		21.489
v -470.184 		272.584 		21.608
v -243.568 		272.991 		21.431
v -243.68 		273.026 		21.024
v -243.633 		273.022 		21.075
v -470.262 		272.56 		21.888
v -243.551 		272.996 		21.371
v -469.696 		272.409 		21.659
v -243.551 		273.007 		21.248
v -468.872 		272.026 		21.341
v -243.568 		273.012 		21.188
v -468.8847 		272.014 		21.4805
v -468.857 		272.014 		21.3414
v -468.8566 		272.014 		21.3148
v -468.909 		272.061 		20.935
v -243.595 		273.017 		21.13
v -468.8503 		272.014 		20.9311
v -468.868 		272.014 		20.8272
v -468.9191 		272.014 		20.5195
v -468.9654 		272.014 		21.7876
v -468.9468 		272.014 		21.7436
v -470.397 		272.304 		22.874
v -242.915 		272.94 		21.432
v -242.915 		272.961 		21.19
v -242.948 		272.971 		21.07
v -470.702 		272.283 		23.124
v -470.055 		272.093 		23.069
v -470.14 		272.328 		22.598
v -470.397 		272.069 		23.35
v -470.3361 		272.014 		23.3953
v -470.2285 		272.014 		23.3193
v -469.766 		272.119 		22.759
v -469.9557 		272.014 		23.126
v -469.818 		272.014 		23.0014
v -469.6208 		272.014 		22.8228
v -469.4618 		272.014 		22.6368
v -470.787 		272.048 		23.596
v -470.7549 		272.014 		23.6271
v -470.6827 		272.014 		23.5871
v -470.787 		272.494 		22.654
v -475.136 		268.814 		2.501
v -475.136 		272.014 		16.001
v -455.957 		279.959 		1.182
v -474.269 		279.7 		3.0988
v -474.269 		287.7 		3.0988
v -456.074 		279.826 		1.182
v -477.2463 		272.014 		19.9525
v -477.3384 		272.014 		20.1144
v -477.4048 		272.014 		20.2998
v -454.826 		280.343 		1.182
v -455.002 		280.354 		1.182
v -455.179 		280.343 		1.182
v -455.352 		280.308 		1.182
v -455.519 		280.252 		1.182
v -455.678 		280.173 		1.182
v -476.4189 		272.014 		18.992
v -476.4505 		272.014 		19.014
v -476.7532 		272.014 		19.2927
v -476.8183 		272.014 		19.3532
v -453.755 		279.521 		1.183
v -453.698 		279.354 		1.183
v -453.664 		279.18 		1.183
v -453.652 		279.004 		1.183
v -453.664 		278.828 		1.183
v -453.698 		278.655 		1.183
v -476.123 		272.014 		18.7846
v -475.5232 		272.014 		18.4609
v -475.5775 		272.014 		18.4886
v -476.0173 		272.014 		18.7131
v -476.0279 		272.014 		18.7203
v -477.0278 		272.014 		19.6144
v -477.115 		272.014 		19.7228
v -453.833 		279.679 		1.183
v -477.4843 		272.014 		20.5195
v -477.5071 		272.014 		20.6536
v -477.5536 		272.014 		20.9311
v -477.5524 		272.014 		21.0079
v -477.5469 		272.014 		21.3414
v -454.048 		279.959 		1.182
v -453.931 		279.826 		1.182
v -477.5193 		272.014 		21.4805
v -477.5431 		272.014 		21.3606
v -477.4651 		272.014 		21.7101
v -477.4572 		272.014 		21.7436
v -477.3279 		272.014 		22.0476
v -477.2939 		272.014 		22.1277
v -477.1424 		272.014 		22.3696
v -477.0674 		272.014 		22.489
v -476.9115 		272.014 		22.6721
v -476.7827 		272.014 		22.8228
v -476.637 		272.014 		22.9542
v -476.4479 		272.014 		23.126
v -476.3228 		272.014 		23.2147
v -476.0679 		272.014 		23.3953
v -475.9706 		272.014 		23.4492
v -475.6491 		272.014 		23.6271
v -475.5835 		272.014 		23.6549
v -475.1973 		272.014 		23.8188
v -475.1642 		272.014 		23.8293
v -478.3922 		282.3554 		16.88
v -478.445 		282.359 		16.88
v -478.619 		282.394 		16.88
v -478.7359 		282.4339 		16.88
v -478.786 		282.4507 		16.88
v -478.8973 		282.5053 		16.88
v -478.945 		282.529 		16.88
v -477.592 		282.529 		16.88
v -476.1963 		454.6005 		23.3072
v -476.4964 		454.6005 		23.1102
v -477.7033 		282.4744 		16.88
v -477.751 		282.4507 		16.88
v -477.8686 		282.4108 		16.88
v -477.919 		282.394 		16.88
v -478.092 		282.359 		16.88
v -478.269 		282.3477 		16.88
v -478.2159 		282.3513 		16.88
v -479.342 		282.877 		16.88
v -479.44 		283.024 		16.88
v -479.518 		283.182 		16.88
v -479.575 		283.35 		16.88
v -479.5995 		283.4718 		16.88
v -479.61 		283.5237 		16.88
v -479.6177 		283.6469 		16.88
v -479.621 		283.7 		16.88
v -479.6133 		283.8239 		16.88
v -479.61 		283.8767 		16.88
v -479.5855 		283.9978 		16.88
v -479.575 		284.05 		16.88
v -479.518 		284.218 		16.88
v -479.44 		284.376 		16.88
v -479.342 		284.523 		16.88
v -479.092 		282.627 		16.88
v -479.225 		282.744 		16.88
v -479.225 		284.656 		16.88
v -476.0515 		454.6005 		23.3796
v -477.312 		284.656 		16.88
v -477.196 		284.523 		16.88
v -477.196 		282.877 		16.88
v -477.312 		282.744 		16.88
v -477.445 		282.627 		16.88
v -477.097 		284.376 		16.88
v -477.019 		284.218 		16.88
v -476.962 		284.05 		16.88
v -476.9382 		283.9289 		16.88
v -476.928 		283.8767 		16.88
v -476.9196 		283.7528 		16.88
v -476.916 		283.7 		16.88
v -475.6664 		454.6006 		23.5707
v -476.9244 		283.5768 		16.88
v -476.928 		283.5237 		16.88
v -476.9518 		283.4019 		16.88
v -476.962 		283.35 		16.88
v -475.5529 		454.6006 		23.612
v -477.019 		283.182 		16.88
v -477.097 		283.024 		16.88
v -479.092 		284.773 		16.88
v -478.945 		284.871 		16.88
v -478.8337 		284.9263 		16.88
v -478.786 		284.9497 		16.88
v -475.4727 		454.6001 		17.6929
v -478.6691 		284.9889 		16.88
v -478.619 		285.006 		16.88
v -478.445 		285.041 		16.88
v -478.3218 		285.0494 		16.88
v -478.269 		285.0527 		16.88
v -475.5917 		454.6001 		17.7451
v -478.1451 		285.0443 		16.88
v -478.092 		285.041 		16.88
v -477.919 		285.006 		16.88
v -477.8014 		284.9668 		16.88
v -477.751 		284.9497 		16.88
v -477.6397 		284.8944 		16.88
v -477.592 		284.871 		16.88
v -477.445 		284.773 		16.88
v -481.917 		287.7 		16.88
v -481.917 		279.7 		16.88
v -475.838 		454.399 		18.057
v -475.185 		454.183 		18.064
v -475.367 		454.418 		17.831
v -475.617 		454.165 		18.271
v -476.264 		454.376 		18.325
v -477.202 		454.562 		18.858
v -477.782 		454.456 		20.084
v -477.202 		454.289 		19.334
v -477.47 		454.528 		19.247
v -477.664 		454.493 		19.658
v -407.4295 		290.9947 		3.0986
v -408.305 		289.094 		0.001
v -407.099 		288.76 		0.001
v -408.796 		289.336 		0.001
v -406.5 		288.721 		0.001
v -477.384 		454.256 		19.72
v -477.495 		454.221 		20.119
v -406.5 		290.812 		2.511
v -406.5142 		290.813 		3.0986
v -406.5 		290.812 		3.0986
v -476.867 		454.593 		18.497
v -477.202 		272.129 		20.151
v -476.637 		272.189 		19.447
v -454.181 		280.075 		1.182
v -454.327 		280.173 		1.182
v -454.486 		280.252 		1.182
v -454.653 		280.308 		1.182
v -447.5 		284.007 		3.0987
v -411.092 		293.312 		0.001
v -409.764 		290.085 		0.001
v -410.935 		292.124 		0.001
v -410.73 		291.531 		0.001
v -410.158 		290.539 		0.001
v -476.349 		454.12 		18.797
v -476.637 		454.349 		18.631
v -476.637 		454.093 		19.107
v -476.952 		454.32 		18.969
v -432.1827 		325.1163 		0.001
v -432.1827 		319.4837 		0.001
v -432.9976 		324.3 		0.898
v -432.996 		324.3 		0.8963
v -432.996 		324.3 		1.299
v -432.996 		320.3 		0.8963
v -432.9976 		320.3 		0.898
v -432.996 		320.3 		1.299
v -447.5 		274.066 		3.0988
v -524 		450.8 		16
v -524 		450.8 		2.5
v -487 		268.814 		7.098
v -487.392 		268.814 		7.123
v -487.777 		268.814 		7.2
v -488.149 		268.814 		7.326
v -488.501 		268.814 		7.5
v -488.828 		268.814 		7.718
v -489.123 		268.814 		7.977
v -484.877 		268.814 		7.977
v -485.172 		268.814 		7.718
v -485.499 		268.814 		7.5
v -485.851 		268.814 		7.326
v -486.223 		268.814 		7.2
v -486.608 		268.814 		7.123
v -489.382 		268.814 		8.272
v -489.6 		268.814 		8.599
v -489.774 		268.814 		8.951
v -489.9 		268.814 		9.323
v -476.264 		453.885 		19.268
v -489.977 		268.814 		9.708
v -490.003 		268.814 		10.1
v -489.977 		268.814 		10.492
v -489.9 		268.814 		10.877
v -476.867 		454.064 		19.441
v -489.774 		268.814 		11.249
v -489.6 		268.814 		11.601
v -489.382 		268.814 		11.928
v -489.123 		268.814 		12.223
v -488.828 		268.814 		12.482
v -488.501 		268.814 		12.7
v -488.149 		268.814 		12.874
v -487.777 		268.814 		13
v -484.877 		268.814 		12.223
v -484.618 		268.814 		11.928
v -484.4 		268.814 		11.601
v -484.226 		268.814 		11.249
v -484.1 		268.814 		10.877
v -484.023 		268.814 		10.492
v -483.998 		268.814 		10.1
v -476.007 		454.144 		18.517
v -484.023 		268.814 		9.708
v -484.1 		268.814 		9.323
v -484.226 		268.814 		8.951
v -484.4 		268.814 		8.599
v -484.618 		268.814 		8.272
v -475.354 		453.949 		18.523
v -487.392 		268.814 		13.077
v -487 		268.814 		13.103
v -475.702 		453.93 		18.742
v -486.608 		268.814 		13.077
v -486.223 		268.814 		13
v -485.851 		268.814 		12.874
v -485.499 		268.814 		12.7
v -476.007 		453.909 		18.992
v -485.172 		268.814 		12.482
v -491.52 		268.814 		3.0989
v -475.354 		453.737 		18.998
v -496.6 		268.814 		7.098
v -496.992 		268.814 		7.123
v -497.377 		268.814 		7.2
v -475.617 		453.719 		19.213
v -497.749 		268.814 		7.326
v -498.101 		268.814 		7.5
v -498.428 		268.814 		7.718
v -498.723 		268.814 		7.977
v -494.477 		268.814 		7.977
v -494.772 		268.814 		7.718
v -495.099 		268.814 		7.5
v -495.451 		268.814 		7.326
v -495.823 		268.814 		7.2
v -496.208 		268.814 		7.123
v -498.982 		268.814 		8.272
v -499.2 		268.814 		8.599
v -499.374 		268.814 		8.951
v -499.5 		268.814 		9.323
v -475.185 		453.554 		19.455
v -499.577 		268.814 		9.708
v -499.602 		268.814 		10.1
v -499.577 		268.814 		10.492
v -499.5 		268.814 		10.877
v -499.374 		268.814 		11.249
v -499.2 		268.814 		11.601
v -498.982 		268.814 		11.928
v -498.723 		268.814 		12.223
v -475.838 		453.698 		19.451
v -498.428 		268.814 		12.482
v -498.101 		268.814 		12.7
v -497.749 		268.814 		12.874
v -497.377 		268.814 		13
v -496.992 		268.814 		13.077
v -496.6 		268.814 		13.103
v -496.208 		268.814 		13.077
v -495.823 		268.814 		13
v -494.477 		268.814 		12.223
v -494.218 		268.814 		11.928
v -494 		268.814 		11.601
v -493.826 		268.814 		11.249
v -493.7 		268.814 		10.877
v -493.623 		268.814 		10.492
v -493.597 		268.814 		10.1
v -493.623 		268.814 		9.708
v -493.7 		268.814 		9.323
v -493.826 		268.814 		8.951
v -494 		268.814 		8.599
v -494.218 		268.814 		8.272
v -495.451 		268.814 		12.874
v -477.033 		454.034 		19.794
v -495.099 		268.814 		12.7
v -494.772 		268.814 		12.482
v -477.135 		454.003 		20.16
v -493.597 		268.814 		16.001
v -499.602 		268.814 		3.099
v -506.3 		268.814 		7.098
v -506.692 		268.814 		7.123
v -507.077 		268.814 		7.2
v -507.449 		268.814 		7.326
v -507.801 		268.814 		7.5
v -504.177 		268.814 		7.977
v -504.472 		268.814 		7.718
v -504.799 		268.814 		7.5
v -505.151 		268.814 		7.326
v -505.523 		268.814 		7.2
v -505.908 		268.814 		7.123
v -504.177 		268.814 		12.223
v -503.918 		268.814 		11.928
v -503.7 		268.814 		11.601
v -503.526 		268.814 		11.249
v -503.4 		268.814 		10.877
v -503.323 		268.814 		10.492
v -503.298 		268.814 		10.1
v -503.323 		268.814 		9.708
v -503.4 		268.814 		9.323
v -503.526 		268.814 		8.951
v -503.7 		268.814 		8.599
v -503.918 		268.814 		8.272
v -507.801 		268.814 		12.7
v -507.449 		268.814 		12.874
v -507.077 		268.814 		13
v -506.692 		268.814 		13.077
v -506.3 		268.814 		13.103
v -505.908 		268.814 		13.077
v -505.523 		268.814 		13
v -505.151 		268.814 		12.874
v -504.799 		268.814 		12.7
v -504.472 		268.814 		12.482
v -503.298 		268.814 		16.001
v -244.736 		454.6001 		16.9
v -246.834 		454.399 		18.057
v -247.26 		454.376 		18.325
v -246.363 		454.418 		17.831
v -246.613 		454.165 		18.271
v -245.966 		453.965 		18.339
v -246.182 		454.183 		18.064
v -247.863 		454.593 		18.497
v -247.948 		454.32 		18.969
v -248.199 		454.562 		18.858
v -248.199 		454.289 		19.334
v -248.466 		454.528 		19.247
v -247.863 		454.064 		19.441
v -248.381 		454.256 		19.72
v -248.66 		454.493 		19.658
v -248.778 		454.456 		20.084
v -248.131 		454.003 		20.16
v -248.491 		454.221 		20.119
v -248.03 		454.034 		19.794
v -199.041 		450.1543 		16
v -200.0577 		274.066 		28.4372
v -200.0323 		274.066 		19.8631
v -199.041 		275.5751 		21.2192
v -199.041 		284.008 		6.184
v -199.041 		275.8857 		16.001
v -199.041 		275.5017 		16.001
v -200.235 		273.966 		16.001
v -200.0324 		274.066 		16.001
v -199.781 		272.223 		16.001
v -201 		272.014 		16.001
v -201 		273.814 		16.001
v -242.904 		272.951 		21.311
v -242.43 		272.913 		20.788
v -242.541 		272.926 		20.626
v -241.783 		272.792 		20.853
v -242.35 		272.898 		20.958
v -241.889 		272.812 		20.63
v -242.301 		272.852 		21.493
v -242.285 		272.867 		21.314
v -241.698 		272.752 		21.318
v -242.301 		272.883 		21.134
v -241.72 		272.773 		21.083
v -476.468 		453.859 		19.566
v -243.633 		272.981 		21.544
v -476.707 		453.804 		20.207
v -476.617 		453.832 		19.881
v -476.22 		453.629 		20.259
v -476.142 		453.653 		19.978
v -475.511 		453.519 		19.862
v -476.014 		453.676 		19.707
v -475.617 		453.5 		20.084
v -475.367 		453.537 		19.651
v -475.68 		453.48 		20.314
v -477.821 		454.419 		20.517
v -477.867 		454.588 		21.408
v -477.782 		454.382 		20.951
v -477.384 		454.117 		21.33
v -477.664 		454.345 		21.376
v -477.532 		454.186 		20.525
v -477.495 		454.151 		20.931
v -477.664 		454.551 		21.837
v -477.384 		454.516 		22.244
v -477.47 		454.31 		21.788
v -477.202 		454.276 		22.177
v -477.202 		454.084 		21.716
v -477.169 		453.971 		20.532
v -476.737 		453.775 		20.539
v -477.135 		453.939 		20.904
v -477.033 		453.907 		21.27
v -476.246 		453.604 		20.544
v -476.22 		453.58 		20.83
v -476.707 		453.747 		20.87
v -476.617 		453.719 		21.196
v -476.142 		453.556 		21.11
v -475.702 		453.46 		20.549
v -243.283 		272.894 		21.969
v -243.68 		272.977 		21.595
v -243.003 		272.92 		21.667
v -518.299 		455.08 		0
v -517 		455.3 		0
v -242.948 		272.93 		21.552
v -520.182 		453.982 		0
v -519.25 		454.697 		0
v -521.5 		450.8 		0
v -521.347 		451.964 		0
v -520.897 		453.05 		0
v -519.405 		438.304 		0
v -519.347 		439.4 		0
v -519.496 		438.96 		0
v -518.6 		439.801 		0
v -518.997 		439.706 		0
v -243.172 		272.902 		21.877
v -519.192 		439.576 		0
v -243.078 		272.911 		21.776
v -518.889 		437.85 		0
v -518.6 		437.801 		0
v -519.473 		430.528 		0
v -519.347 		430.203 		0
v -519.099 		431.648 		0
v -519.415 		431.271 		0
v -518.6 		431.801 		0
v -519.496 		430.96 		0
v -520.6315 		431.801 		0
v -518.997 		429.896 		0
v -518.6 		429.801 		0
v -520.3655 		425.984 		0
v -243.551 		272.881 		22.116
v -519.405 		422.305 		0
v -519.483 		422.556 		0
v -518.997 		423.707 		0
v -519.405 		423.299 		0
v -519.483 		423.048 		0
v -518.6 		423.802 		0
v -520.1783 		421.888 		0
v -518.889 		421.852 		0
v -518.6 		421.802 		0
v -243.703 		272.877 		22.17
v -519.473 		414.529 		0
v -519.327 		414.182 		0
v -518.994 		413.904 		0
v -518.6 		413.803 		0
v -243.242 		272.765 		22.504
v -518.994 		415.701 		0
v -519.275 		415.495 		0
v -519.496 		414.961 		0
v -519.8087 		413.803 		0
v -518.6 		415.803 		0
v -476.264 		272.216 		19.141
v -518.6 		407.803 		0
v -519.275 		407.495 		0
v -519.496 		406.962 		0
v -468.202 		272.014 		30.001
v -518.932 		275.296 		30.001
v -519 		275.814 		30.001
v -518.746 		274.9516 		30.001
v -520.8 		275.814 		30.001
v -520.671 		274.831 		30.001
v -517 		273.814 		30.001
v -517.8538 		274.066 		30.001
v -517.641 		273.924 		30.001
v -518.746 		274.066 		30.001
v -520.291 		273.914 		30.001
v -519.687 		273.127 		30.001
v -518.9 		272.523 		30.001
v -517.984 		272.144 		30.001
v -517 		272.014 		30.001
v -475.511 		272.041 		18.475
v -475.367 		272.258 		18.647
v -468.202 		454.601 		30
v -469.6389 		454.6002 		18.4132
v -476.014 		272.02 		18.716
v -469.9525 		454.6002 		18.1832
v -470.4227 		454.6001 		17.9161
v -469.9943 		454.6002 		18.1594
v -475.838 		272.239 		18.873
v -470.5201 		454.6001 		17.8733
v -469.1734 		454.6002 		18.8453
v -469.1198 		454.6002 		18.9149
v -469.5323 		454.6002 		18.4942
v -469.5202 		454.6002 		18.506
v -476.867 		272.336 		20.244
v -476.637 		272.365 		19.909
v -468.5004 		454.6003 		20.0677
v -468.4494 		454.6003 		20.3775
v -476.952 		272.16 		19.786
v -468.6526 		454.6003 		19.6378
v -468.5738 		454.6003 		19.8603
v -468.8782 		454.6002 		19.228
v -468.8 		454.6003 		19.3699
v -475.354 		272.611 		19.312
v -475.185 		272.454 		18.866
v -475.092 		454.6006 		23.781
v -474.482 		454.6006 		23.9346
v -475.0108 		454.6006 		23.8014
v -474.4273 		454.6006 		23.9427
v -473.1699 		454.6006 		24.0572
v -473.8479 		454.6006 		24.0269
v -473.202 		454.6006 		24.0588
v -473.8091 		454.6006 		24.0288
v -472.556 		454.6006 		24.0269
v -472.5162 		454.6006 		24.021
v -471.922 		454.6006 		23.9346
v -471.312 		454.6006 		23.781
v -471.8648 		454.6006 		23.9202
v -471.2252 		454.6006 		23.7493
v -199.188 		269.053 		16.001
v -200.086 		268.874 		16.001
v -199.041 		274.066 		6.187
v -207.014 		277.7588 		6.1859
v -207.173 		277.8368 		6.1859
v -207.319 		277.9348 		6.1858
v -207.452 		278.0518 		6.1858
v -207.569 		278.1837 		6.1857
v -207.667 		278.3307 		6.1857
v -207.745 		278.4897 		6.1857
v -206.498 		277.6558 		6.1859
v -206.674 		277.6678 		6.1859
v -206.847 		277.7018 		6.1859
v -205.25 		278.4897 		6.1857
v -205.328 		278.3307 		6.1857
v -205.426 		278.1837 		6.1857
v -205.543 		278.0518 		6.1858
v -205.676 		277.9348 		6.1858
v -205.823 		277.8368 		6.1859
v -205.981 		277.7588 		6.1859
v -206.148 		277.7018 		6.1859
v -206.321 		277.6678 		6.1859
v -207.802 		278.6567 		6.1856
v -207.836 		278.8297 		6.1856
v -207.848 		279.0057 		6.1855
v -207.839 		279.1377 		6.1855
v -207.836 		279.182 		6.1854
v -207.8105 		279.3125 		6.1854
v -207.802 		279.3557 		6.1854
v -207.745 		279.5227 		6.1853
v -207.667 		279.6808 		6.1853
v -207.569 		279.8278 		6.1853
v -207.452 		279.9608 		6.1852
v -207.319 		280.0768 		6.1852
v -207.173 		280.1747 		6.1852
v -207.014 		280.2538 		6.1851
v -205.25 		279.5227 		6.1853
v -205.194 		279.3557 		6.1854
v -205.1678 		279.2253 		6.1854
v -205.159 		279.182 		6.1854
v -205.1508 		279.05 		6.1855
v -205.148 		279.0057 		6.1855
v -205.159 		278.8297 		6.1856
v -205.194 		278.6567 		6.1856
v -206.847 		280.3098 		6.1851
v -206.674 		280.3448 		6.1851
v -206.498 		280.3557 		6.1851
v -206.321 		280.3448 		6.1851
v -206.148 		280.3098 		6.1851
v -205.981 		280.2538 		6.1851
v -205.823 		280.1747 		6.1852
v -205.676 		280.0768 		6.1852
v -205.543 		279.9608 		6.1852
v -205.426 		279.8278 		6.1853
v -205.328 		279.6808 		6.1853
v -199.041 		452.671 		6.124
v -200.086 		457.74 		2.5
v -200.413 		455.261 		0
v -199.557 		455.052 		0
v -199.188 		457.561 		2.5
v -201 		457.799 		2.5
v -201 		455.3 		0
v -211.5 		442.892 		0
v -210.312 		442.736 		0
v -209.719 		442.531 		0
v -247.003 		454.144 		18.517
v -247.634 		454.349 		18.631
v -247.003 		453.909 		18.992
v -247.345 		454.12 		18.797
v -247.26 		453.885 		19.268
v -247.634 		454.093 		19.107
v -246.834 		453.698 		19.451
v -246.698 		453.93 		18.742
v -246.051 		453.754 		18.809
v -246.351 		453.949 		18.523
v -246.351 		453.737 		18.998
v -246.613 		453.719 		19.213
v -245.966 		453.569 		19.279
v -246.182 		453.554 		19.455
v -247.465 		453.859 		19.566
v -247.138 		453.653 		19.978
v -247.613 		453.832 		19.881
v -247.216 		453.629 		20.259
v -247.704 		453.804 		20.207
v -247.01 		453.676 		19.707
v -246.508 		453.519 		19.862
v -246.613 		453.5 		20.084
v -245.855 		453.405 		19.865
v -246.363 		453.537 		19.651
v -246.095 		453.361 		20.373
v -246.677 		453.48 		20.314
v -245.966 		453.391 		20.027
v -246.047 		453.376 		20.197
v -248.863 		454.588 		21.408
v -248.778 		454.382 		20.951
v -248.818 		454.419 		20.517
v -248.165 		453.971 		20.532
v -248.528 		454.186 		20.525
v -248.491 		454.151 		20.931
v -248.131 		453.939 		20.904
v -476.007 		272.416 		19.319
v -475.617 		272.437 		19.073
v -476.264 		272.546 		20.058
v -476.349 		272.391 		19.599
v -476.468 		272.521 		20.356
v -475.185 		272.847 		20.224
v -475.354 		272.741 		19.776
v -475.838 		272.702 		20.229
v -475.367 		272.83 		20.419
v -475.702 		272.592 		19.532
v -475.617 		272.723 		19.991
v -476.007 		272.57 		19.781
v -477.495 		272.061 		20.935
v -477.384 		272.096 		20.536
v -477.532 		272.026 		21.341
v -477.033 		272.306 		20.597
v -477.135 		272.274 		20.962
v -477.169 		272.242 		21.334
v -476.617 		272.381 		21.985
v -477.135 		272.21 		21.706
v -476.867 		272.148 		22.425
v -476.468 		272.354 		22.3
v -477.033 		272.179 		22.072
v -476.246 		272.608 		21.322
v -476.22 		272.633 		21.037
v -476.737 		272.437 		21.328
v -476.617 		272.494 		20.67
v -476.707 		272.466 		20.996
v -475.511 		272.812 		20.63
v -475.617 		272.792 		20.853
v -475.702 		272.752 		21.318
v -476.014 		272.68 		20.485
v -243.033 		272.773 		22.405
v -243.41 		272.887 		22.049
v -242.845 		272.784 		22.286
v -242.541 		272.808 		22.001
v -242.35 		272.837 		21.67
v -241.889 		272.693 		22.005
v -242.43 		272.822 		21.84
v -241.72 		272.732 		21.552
v -241.783 		272.713 		21.782
v -242.68 		272.795 		22.151
v -242.215 		272.658 		22.411
v -242.033 		272.675 		22.216
v -245.551 		272.235 		23.675
v -245.716 		272.016 		23.968
v -245.113 		272.226 		23.782
v -244.198 		272.219 		23.868
v -507.757 		344.318 		3.0986
v -507.7 		344.486 		3.0986
v -507.622 		344.644 		3.0986
v -507.523 		344.791 		3.0986
v -507.407 		344.924 		3.0986
v -507.274 		345.041 		3.0986
v -507.127 		345.139 		3.0986
v -506.969 		345.218 		3.0986
v -506.802 		345.274 		3.0986
v -506.628 		345.309 		3.0986
v -506.452 		345.321 		3.0986
v -506.276 		345.309 		3.0986
v -506.103 		345.274 		3.0986
v -505.936 		345.218 		3.0986
v -505.777 		345.139 		3.0986
v -505.63 		345.041 		3.0986
v -505.497 		344.924 		3.0986
v -505.381 		344.791 		3.0986
v -505.283 		344.644 		3.0986
v -505.205 		344.486 		3.0986
v -505.148 		344.318 		3.0986
v -485.887 		343.791 		3.0985
v -485.898 		343.968 		3.0985
v -483.198 		343.968 		3.0985
v -483.209 		343.791 		3.0985
v -485.887 		344.145 		3.0985
v -485.852 		344.318 		3.0985
v -485.795 		344.486 		3.0985
v -485.717 		344.644 		3.0985
v -485.619 		344.791 		3.0985
v -485.503 		344.924 		3.0985
v -485.37 		345.041 		3.0985
v -485.223 		345.139 		3.0985
v -485.065 		345.218 		3.0985
v -484.897 		345.274 		3.0985
v -484.724 		345.309 		3.0985
v -484.548 		345.321 		3.0985
v -484.372 		345.309 		3.0985
v -484.198 		345.274 		3.0985
v -484.031 		345.218 		3.0985
v -483.873 		345.139 		3.0985
v -483.726 		345.041 		3.0985
v -483.593 		344.924 		3.0985
v -483.477 		344.791 		3.0985
v -483.378 		344.644 		3.0985
v -483.3 		344.486 		3.0985
v -483.244 		344.318 		3.0985
v -483.209 		344.145 		3.0985
v -478.798 		331.302 		3.0986
v -475.511 		453.401 		21.236
v -243.737 		272.221 		23.847
v -476.014 		453.532 		21.381
v -475.367 		453.383 		21.447
v -244.66 		272.221 		23.847
v -245.72 		272.63 		22.743
v -245.155 		272.61 		22.977
v -244.931 		272.758 		22.584
v -244.845 		272.603 		23.053
v -245.72 		272.445 		23.216
v -245.448 		272.619 		22.873
v -245.363 		272.434 		23.343
v -244.986 		272.427 		23.435
v -244.198 		272.749 		22.689
v -244.694 		272.753 		22.642
v -243.949 		272.75 		22.677
v -244.448 		272.75 		22.677
v -243.872 		272.599 		23.098
v -244.525 		272.599 		23.098
v -244.198 		272.42 		23.509
v -244.596 		272.422 		23.491
v -244.198 		272.598 		23.114
v -243.801 		272.422 		23.491
v -242.43 		272.248 		23.528
v -242.046 		272.264 		23.343
v -241.698 		272.283 		23.124
v -243.283 		272.226 		23.782
v -242.845 		272.235 		23.675
v -475.68 		453.44 		20.783
v -475.617 		453.42 		21.014
v -476.637 		454.023 		22.419
v -476.637 		453.848 		21.957
v -476.952 		454.052 		22.081
v -476.468 		453.692 		21.511
v -476.867 		453.877 		21.623
v -476.349 		453.821 		22.267
v -512.2 		331.302 		3.0987
v -518.746 		327.68 		3.0987
v -506.969 		342.718 		1.498
v -507.127 		342.797 		1.498
v -507.274 		342.895 		1.498
v -507.407 		343.012 		1.498
v -507.523 		343.145 		1.498
v -507.622 		343.292 		1.498
v -507.7 		343.45 		1.498
v -507.757 		343.618 		1.498
v -507.791 		343.791 		1.498
v -507.803 		343.968 		1.498
v -506.452 		342.616 		1.498
v -506.628 		342.627 		1.498
v -506.802 		342.662 		1.498
v -505.936 		342.718 		1.498
v -506.103 		342.662 		1.498
v -506.276 		342.627 		1.498
v -505.102 		343.968 		1.498
v -505.114 		343.791 		1.498
v -505.148 		343.618 		1.498
v -505.205 		343.45 		1.498
v -505.283 		343.292 		1.498
v -505.381 		343.145 		1.498
v -505.497 		343.012 		1.498
v -505.63 		342.895 		1.498
v -505.777 		342.797 		1.498
v -507.791 		344.145 		1.498
v -507.757 		344.318 		1.498
v -507.7 		344.486 		1.498
v -507.622 		344.644 		1.498
v -507.523 		344.791 		1.498
v -507.407 		344.924 		1.498
v -507.274 		345.041 		1.498
v -507.127 		345.139 		1.498
v -506.969 		345.218 		1.498
v -506.802 		345.274 		1.498
v -506.628 		345.309 		1.498
v -506.452 		345.321 		1.498
v -506.276 		345.309 		1.498
v -506.103 		345.274 		1.498
v -505.936 		345.218 		1.498
v -505.777 		345.139 		1.498
v -505.63 		345.041 		1.498
v -505.497 		344.924 		1.498
v -505.381 		344.791 		1.498
v -505.283 		344.644 		1.498
v -505.205 		344.486 		1.498
v -505.148 		344.318 		1.498
v -505.114 		344.145 		1.498
v -485.503 		343.012 		1.498
v -485.619 		343.145 		1.498
v -485.717 		343.292 		1.498
v -485.795 		343.45 		1.498
v -485.852 		343.618 		1.498
v -485.887 		343.791 		1.498
v -485.898 		343.968 		1.498
v -484.548 		342.616 		1.498
v -484.724 		342.627 		1.498
v -484.897 		342.662 		1.498
v -485.065 		342.718 		1.498
v -485.223 		342.797 		1.498
v -485.37 		342.895 		1.498
v -483.378 		343.292 		1.498
v -483.477 		343.145 		1.498
v -483.593 		343.012 		1.498
v -483.726 		342.895 		1.498
v -483.873 		342.797 		1.498
v -484.031 		342.718 		1.498
v -484.198 		342.662 		1.498
v -484.372 		342.627 		1.498
v -476.264 		453.666 		21.809
v -475.702 		453.621 		22.335
v -475.838 		453.51 		21.638
v -475.617 		453.49 		21.876
v -476.007 		453.642 		22.085
v -475.185 		453.366 		21.642
v -475.354 		453.471 		22.091
v -476.867 		454.245 		22.538
v -477.033 		454.483 		22.622
v -476.468 		454.217 		22.864
v -476.617 		454.454 		22.963
v -476.264 		453.997 		22.725
v -475.354 		453.602 		22.554
v -476.007 		453.797 		22.548
v -475.617 		453.776 		22.793
v -475.838 		453.974 		22.993
v -475.185 		453.758 		23.001
v -476.142 		454.428 		23.262
v -476.014 		454.193 		23.151
v -475.511 		454.172 		23.392
v -475.617 		454.406 		23.515
v -475.367 		453.955 		23.22
v -517 		452.801 		30
v -517.389 		452.758 		30
v -517 		454.601 		30
v -518.454 		454.311 		30
v -518.746 		452.671 		30
v -517.5354 		452.671 		30
v -519.313 		453.815 		30
v -520.015 		453.114 		30
v -519 		450.801 		30
v -518.746 		451.6795 		30
v -518.89 		451.442 		30
v -248.381 		454.117 		21.33
v -248.66 		454.345 		21.376
v -248.03 		453.907 		21.27
v -248.66 		454.551 		21.837
v -248.381 		454.516 		22.244
v -248.466 		454.31 		21.788
v -241.783 		272.048 		23.596
v -247.948 		454.052 		22.081
v -248.199 		454.276 		22.177
v -242.68 		272.016 		23.968
v -242.215 		272.03 		23.803
v -247.863 		453.877 		21.623
v -248.199 		454.084 		21.716
v -243.703 		272.753 		22.642
v -243.466 		272.758 		22.584
v -247.734 		453.775 		20.539
v -247.613 		453.719 		21.196
v -243.551 		272.603 		23.053
v -247.216 		453.58 		20.83
v -247.704 		453.747 		20.87
v -243.033 		272.434 		23.343
v -243.242 		272.61 		22.977
v -247.138 		453.556 		21.11
v -242.948 		272.619 		22.873
v -247.242 		453.604 		20.544
v -243.41 		272.427 		23.435
v -247.01 		453.532 		21.381
v -242.676 		272.63 		22.743
v -246.698 		453.46 		20.549
v -242.43 		272.643 		22.588
v -242.676 		272.445 		23.216
v -246.112 		453.345 		20.553
v -242.046 		272.475 		22.869
v -246.677 		453.44 		20.783
v -246.047 		453.315 		20.909
v -242.345 		272.459 		23.057
v -246.095 		453.33 		20.732
v -241.783 		272.494 		22.654
v -246.613 		453.42 		21.014
v -246.508 		453.401 		21.236
v -240.265 		272.274 		20.962
v -246.363 		453.383 		21.447
v -240.367 		272.306 		20.597
v -245.966 		453.3 		21.079
v -239.868 		272.026 		21.341
v -240.231 		272.242 		21.334
v -239.905 		272.061 		20.935
v -245.855 		453.286 		21.24
v -283 		283.798 		0
v -473.4983 		454.6001 		16.9
v -283 		269.8 		0
v -216.479 		266.8 		4.855
v -216.479 		266.8 		0
v -233.472 		266.8 		0
v -280.22 		266.8 		4.855
v -280.22 		266.8 		0
v -196.5 		450.8 		0
v -197.43 		453.539 		0
v -196.843 		452.522 		0
v -198.261 		454.37 		0
v -198.095 		438.304 		0
v -198.004 		438.96 		0
v -198.153 		439.4 		0
v -198.503 		439.706 		0
v -198.01 		438.613 		0
v -198.9 		439.801 		0
v -198.9 		437.801 		0
v -198.208 		430.134 		0
v -198.225 		431.494 		0
v -198.478 		431.69 		0
v -198.027 		430.528 		0
v -198.028 		431.045 		0
v -198.9 		431.801 		0
v -198.697 		429.83 		0
v -197.216 		430.0416 		0
v -198.9 		429.801 		0
v -198.121 		423.352 		0
v -198.503 		423.707 		0
v -198.503 		421.897 		0
v -198.247 		422.091 		0
v -198.056 		422.431 		0
v -198.027 		423.076 		0
v -198.9 		423.802 		0
v -483.198 		343.968 		1.498
v -198.9 		421.802 		0
v -197.5002 		421.802 		0
v -483.209 		343.791 		1.498
v -483.244 		343.618 		1.498
v -198.725 		415.783 		0
v -198.9 		415.803 		0
v -483.3 		343.45 		1.498
v -198.085 		415.272 		0
v -485.887 		344.145 		1.498
v -198.332 		414.011 		0
v -198.153 		414.204 		0
v -485.852 		344.318 		1.498
v -198.004 		414.961 		0
v -198.027 		414.529 		0
v -485.795 		344.486 		1.498
v -198.611 		413.852 		0
v -485.717 		344.644 		1.498
v -485.619 		344.791 		1.498
v -485.503 		344.924 		1.498
v -198.396 		415.632 		0
v -485.37 		345.041 		1.498
v -198.9 		413.803 		0
v -485.223 		345.139 		1.498
v -485.065 		345.218 		1.498
v -484.897 		345.274 		1.498
v -484.724 		345.309 		1.498
v -197.9211 		409.6 		0
v -198.308 		407.578 		0
v -484.548 		345.321 		1.498
v -484.372 		345.309 		1.498
v -198.9 		407.803 		0
v -484.198 		345.274 		1.498
v -198.585 		407.741 		0
v -484.031 		345.218 		1.498
v -198.027 		407.077 		0
v -483.873 		345.139 		1.498
v -483.726 		345.041 		1.498
v -198.027 		406.53 		0
v -483.593 		344.924 		1.498
v -483.477 		344.791 		1.498
v -483.378 		344.644 		1.498
v -475.68 		272.773 		21.083
v -476.142 		272.657 		20.756
v -483.3 		344.486 		1.498
v -483.244 		344.318 		1.498
v -476.707 		272.409 		21.659
v -483.209 		344.145 		1.498
v -476.22 		272.584 		21.608
v -475.68 		272.732 		21.552
v -475.511 		272.693 		22.005
v -475.185 		272.658 		22.411
v -478.798 		331.3991 		1.699
v -478.798 		331.302 		1.7961
v -478.798 		327.68 		1.699
v -477.1009 		333.0962 		0.001
v -476.142 		272.56 		21.888
v -512.2 		331.399 		1.699
v -513.898 		333.0962 		0.001
v -475.617 		272.713 		21.782
v -512.2 		331.302 		1.7961
v -476.014 		272.536 		22.159
v -475.367 		272.675 		22.216
v -475.838 		272.514 		22.416
v -474.72 		454.197 		17.899
v -474.117 		453.987 		18.085
v -476.637 		272.119 		22.759
v -476.264 		272.328 		22.598
v -474.97 		453.965 		18.339
v -474.555 		453.977 		18.192
v -476.349 		272.093 		23.069
v -476.007 		272.304 		22.874
v -473.663 		453.992 		18.02
v -475.354 		272.264 		23.343
v -473.202 		453.793 		18.357
v -476.007 		272.069 		23.35
v -473.202 		453.994 		17.998
v -475.702 		272.283 		23.124
v -473.599 		453.791 		18.376
v -475.617 		272.048 		23.596
v -473.99 		453.786 		18.432
v -475.185 		272.03 		23.803
v -475.055 		453.754 		18.809
v -474.158 		453.603 		18.889
v -474.367 		453.778 		18.524
v -474.452 		453.594 		18.993
v -474.724 		453.767 		18.65
v -247.345 		453.821 		22.267
v -247.634 		454.023 		22.419
v -474.724 		453.583 		19.124
v -247.465 		453.692 		21.511
v -474.158 		453.448 		19.362
v -247.634 		453.848 		21.957
v -474.97 		453.569 		19.279
v -473.202 		453.615 		18.753
v -246.834 		453.51 		21.638
v -247.26 		453.666 		21.809
v -473.849 		453.609 		18.814
v -247.003 		453.642 		22.085
v -473.451 		453.463 		19.19
v -473.528 		453.613 		18.768
v -246.698 		453.621 		22.335
v -473.697 		453.46 		19.225
v -246.613 		453.49 		21.876
v -246.051 		453.455 		22.279
v -473.202 		453.464 		19.178
v -475.354 		272.475 		22.869
v -475.617 		272.494 		22.654
v -473.934 		453.455 		19.283
v -474.859 		453.405 		19.865
v -474.367 		453.439 		19.462
v -474.117 		453.319 		19.898
v -474.555 		453.429 		19.581
v -474.72 		453.417 		19.716
v -475.099 		453.361 		20.373
v -474.228 		453.311 		19.989
v -474.322 		453.302 		20.091
v -474.97 		453.391 		20.027
v -475.05 		453.376 		20.197
v -474.397 		453.293 		20.2
v -474.452 		453.283 		20.315
v -474.485 		453.272 		20.434
v -473.697 		453.336 		19.696
v -473.849 		453.331 		19.75
v -206.847 		446.405 		1.124
v -206.498 		446.359 		1.124
v -206.674 		446.371 		1.124
v -206.148 		446.405 		1.124
v -206.321 		446.371 		1.124
v -205.981 		446.462 		1.123
v -207.014 		446.462 		1.123
v -207.173 		446.54 		1.123
v -207.319 		446.638 		1.123
v -207.452 		446.755 		1.123
v -207.569 		446.887 		1.123
v -207.667 		447.034 		1.123
v -207.745 		447.193 		1.123
v -207.802 		447.36 		1.123
v -207.836 		447.533 		1.123
v -207.848 		447.709 		1.123
v -207.836 		447.885 		1.123
v -207.802 		448.059 		1.123
v -207.745 		448.226 		1.123
v -207.667 		448.384 		1.123
v -207.569 		448.531 		1.123
v -207.452 		448.664 		1.123
v -207.319 		448.78 		1.123
v -207.173 		448.878 		1.123
v -207.014 		448.956 		1.123
v -205.194 		447.36 		1.123
v -205.25 		447.193 		1.123
v -205.328 		447.034 		1.123
v -205.426 		446.887 		1.123
v -205.543 		446.755 		1.123
v -205.676 		446.638 		1.123
v -205.823 		446.54 		1.123
v -206.498 		447.709 		1.123
v -205.328 		448.384 		1.123
v -205.25 		448.226 		1.123
v -205.194 		448.059 		1.123
v -205.159 		447.885 		1.123
v -205.148 		447.709 		1.123
v -205.159 		447.533 		1.123
v -206.847 		449.013 		1.123
v -206.674 		449.048 		1.123
v -206.498 		449.059 		1.123
v -206.321 		449.048 		1.123
v -206.148 		449.013 		1.123
v -205.981 		448.956 		1.123
v -205.823 		448.878 		1.123
v -205.676 		448.78 		1.123
v -205.543 		448.664 		1.123
v -205.426 		448.531 		1.123
v -207.842 		441.074 		0
v -208.264 		441.555 		0
v -205.95 		438.412 		0
v -205.996 		438.96 		0
v -205.899 		439.295 		0
v -205.1 		439.801 		0
v -205.692 		439.576 		0
v -206.908 		438.301 		0
v -206.952 		438.913 		0
v -207.065 		439.489 		0
v -205.847 		438.202 		0
v -205.389 		437.85 		0
v -205.1 		437.801 		0
v -206.788 		434.176 		0
v -205.996 		430.96 		0
v -205.969 		430.468 		0
v -205.798 		430.147 		0
v -205.1 		431.801 		0
v -205.55 		431.681 		0
v -205.814 		431.449 		0
v -205.494 		429.903 		0
v -205.1 		429.801 		0
v -206.5496 		425.984 		0
v -205.915 		423.271 		0
v -205.599 		423.649 		0
v -246.182 		453.366 		21.642
v -205.1 		423.802 		0
v -205.798 		422.148 		0
v -205.494 		421.904 		0
v -246.351 		453.471 		22.091
v -205.969 		422.469 		0
v -205.996 		422.961 		0
v -206.4304 		421.888 		0
v -205.1 		421.802 		0
v -205.1 		415.803 		0
v -205.847 		414.204 		0
v -205.497 		413.897 		0
v -205.973 		414.529 		0
v -205.915 		415.272 		0
v -245.966 		453.351 		21.819
v -205.599 		415.649 		0
v -205.1 		413.803 		0
v -205.996 		414.961 		0
v -206.192 		413.696 		0
v -205.497 		407.709 		0
v -205.692 		407.578 		0
v -205.1 		407.803 		0
v -205.899 		407.297 		0
v -205.996 		406.962 		0
v -216.089 		286.772 		0
v -216.079 		284.818 		0
v -216.572 		285.107 		0
v -214.116 		285.624 		0
v -213.899 		285.298 		0
v -213.726 		284.946 		0
v -215.708 		286.696 		0
v -215.339 		286.57 		0
v -214.989 		286.396 		0
v -214.666 		286.178 		0
v -214.379 		285.925 		0
v -214.997 		282.75 		0
v -215.432 		284.164 		0
v -215.75 		284.558 		0
v -215.02 		283.083 		0
v -215.191 		283.726 		0
v -213.601 		284.574 		0
v -220.267 		285.301 		0
v -220.267 		285.3 		0
v -217.23 		285.279 		0
v -217.548 		285.301 		0
v -214.997 		270.848 		0
v -213.601 		269.024 		0
v -213.726 		268.652 		0
v -213.899 		268.3 		0
v -214.116 		267.974 		0
v -214.373 		267.679 		0
v -214.666 		267.42 		0
v -214.989 		267.202 		0
v -215.084 		270.188 		0
v -216.572 		268.491 		0
v -215.972 		268.845 		0
v -215.745 		269.045 		0
v -215.191 		269.872 		0
v -217.052 		268.352 		0
v -215.339 		267.028 		0
v -215.708 		266.902 		0
v -216.089 		266.826 		0
v -217.548 		268.298 		0
v -227.839 		268.297 		0
v -227.839 		268.298 		0
v -233.472 		286.72 		0
v -232.003 		282.75 		0
v -229.452 		285.3 		0
v -231.863 		283.568 		0
v -231.981 		283.068 		0
v -231.475 		284.302 		0
v -231.661 		284.025 		0
v -231.004 		284.773 		0
v -229.785 		285.278 		0
v -230.112 		285.214 		0
v -230.727 		284.959 		0
v -236.048 		285.301 		0
v -233.497 		282.75 		0
v -233.638 		283.568 		0
v -234.25 		284.558 		0
v -234.773 		284.959 		0
v -235.072 		285.107 		0
v -235.388 		285.214 		0
v -238.766 		285.301 		0
v -238.766 		285.3 		0
v -233.497 		270.848 		0
v -233.519 		270.53 		0
v -232.003 		270.848 		0
v -231.98 		270.515 		0
v -229.452 		268.297 		0
v -229.77 		268.319 		0
v -230.112 		268.384 		0
v -230.428 		268.491 		0
v -231.863 		270.03 		0
v -231.661 		269.573 		0
v -231.475 		269.296 		0
v -231.004 		268.825 		0
v -230.727 		268.639 		0
v -233.691 		269.872 		0
v -517.6242 		452.671 		24.6106
v -520.8 		450.801 		30
v -491.52 		311.5042 		0.001
v -520.511 		452.255 		30
v -520.719 		451.54 		30
v -477.1009 		311.5042 		0.001
v -477.1009 		325.1163 		0.001
v -477.1009 		319.4837 		0.001
v -481.7 		298.7 		13
v -481.7 		296.7 		13
v -481.7 		296.7 		5.2
v -481.7 		298.7 		3.0987
v -482.7 		298.7 		14
v -483.7 		298.7 		9.2
v -484.7 		298.7 		9.2
v -483.7 		298.7 		8.2
v -484.7 		298.7 		8.2
v -488.7 		298.7 		9.2
v -489.7 		298.7 		9.2
v -488.7 		298.7 		8.2
v -489.7 		298.7 		8.2
v -490.7 		298.7 		14
v -482.7 		296.7 		14
v -490.7 		296.7 		14
v -482 		295.103 		11.9
v -482 		296.7 		11.9
v -483.5 		295.103 		11.9
v -483.5 		296.7 		11.9
v -484.7 		296.7 		9.2
v -483.7 		296.7 		9.2
v -483.7 		296.7 		8.2
v -484.7 		296.7 		8.2
v -489.9 		295.103 		11.9
v -489.9 		296.7 		11.9
v -489.7 		296.7 		9.2
v -488.7 		296.7 		9.2
v -488.7 		296.7 		8.2
v -489.7 		296.7 		8.2
v -518.746 		451.7683 		17.2405
v -483.5 		295.103 		5.598
v -483.5 		296.7 		5.5
v -482 		295.103 		5.598
v -489.9 		296.7 		5.5
v -482 		296.7 		5.2
v -489.9 		295.103 		5.598
v -491.5 		298.7 		13.2
v -516.0391 		452.671 		16
v -491.4 		295.103 		11.9
v -491.4 		296.7 		11.9
v -491.5 		296.7 		13.2
v -517 		457.8 		16
v -517.914 		457.74 		16
v -518.812 		457.561 		16
v -491.4 		295.103 		5.598
v -519.679 		457.267 		16
v -491.4 		296.7 		5.2
v -517 		454.6 		16
v -517.74 		454.519 		16
v -478.919 		307.327 		6.1
v -517 		452.8 		16
v -479 		307.492 		6.1
v -479.102 		307.644 		6.1
v -479.223 		307.782 		6.1
v -480.213 		308.192 		6.1
v -480.395 		308.18 		6.1
v -480.575 		308.144 		6.1
v -480.749 		308.085 		6.1
v -480.913 		308.004 		6.1
v -481.065 		307.902 		6.1
v -481.203 		307.782 		6.1
v -479.36 		307.902 		6.1
v -479.513 		308.004 		6.1
v -479.677 		308.085 		6.1
v -479.85 		308.144 		6.1
v -480.03 		308.18 		6.1
v -516.9127 		452.671 		16
v -481.323 		307.644 		6.1
v -481.425 		307.492 		6.1
v -481.506 		307.327 		6.1
v -517.518 		452.732 		16
v -478.813 		306.792 		6.1
v -478.825 		306.974 		6.1
v -478.86 		307.154 		6.1
v -479.223 		305.802 		6.1
v -479.102 		305.939 		6.1
v -479 		306.092 		6.1
v -478.919 		306.256 		6.1
v -478.86 		306.429 		6.1
v -478.825 		306.609 		6.1
v -517.4765 		452.671 		16
v -517.665 		452.671 		16
v -480.395 		305.404 		6.1
v -480.213 		305.392 		6.1
v -480.03 		305.404 		6.1
v -479.85 		305.439 		6.1
v -479.677 		305.498 		6.1
v -479.513 		305.579 		6.1
v -479.36 		305.681 		6.1
v -481.203 		305.802 		6.1
v -481.065 		305.681 		6.1
v -480.913 		305.579 		6.1
v -480.749 		305.498 		6.1
v -480.575 		305.439 		6.1
v -481.565 		306.429 		6.1
v -481.506 		306.256 		6.1
v -481.425 		306.092 		6.1
v -481.323 		305.939 		6.1
v -481.565 		307.154 		6.1
v -481.601 		306.974 		6.1
v -481.613 		306.792 		6.1
v -481.601 		306.609 		6.1
v -518.677 		454.201 		16
v -519.5 		453.651 		16
v -520.153 		452.907 		16
v -478.919 		307.327 		3.0987
v -479 		307.492 		3.0987
v -479.102 		307.644 		3.0987
v -479.223 		307.782 		3.0987
v -479.36 		307.902 		3.0987
v -479.513 		308.004 		3.0987
v -479.677 		308.085 		3.0987
v -479.85 		308.144 		3.0987
v -480.03 		308.18 		3.0987
v -480.213 		308.192 		3.0987
v -480.395 		308.18 		3.0987
v -480.575 		308.144 		3.0987
v -480.749 		308.085 		3.0987
v -480.913 		308.004 		3.0987
v -481.065 		307.902 		3.0987
v -481.203 		307.782 		3.0987
v -481.323 		307.644 		3.0987
v -481.425 		307.492 		3.0987
v -481.506 		307.327 		3.0987
v -479.223 		305.802 		3.0987
v -479.102 		305.939 		3.0987
v -479 		306.092 		3.0987
v -478.919 		306.256 		3.0987
v -478.86 		306.429 		3.0987
v -478.825 		306.609 		3.0987
v -478.813 		306.792 		3.0987
v -478.825 		306.974 		3.0987
v -478.86 		307.154 		3.0987
v -480.03 		305.404 		3.0987
v -480.213 		305.392 		3.0987
v -479.85 		305.439 		3.0987
v -479.677 		305.498 		3.0987
v -479.513 		305.579 		3.0987
v -479.36 		305.681 		3.0987
v -481.203 		305.802 		3.0987
v -481.065 		305.681 		3.0987
v -480.913 		305.579 		3.0987
v -480.749 		305.498 		3.0987
v -480.575 		305.439 		3.0987
v -480.395 		305.404 		3.0987
v -481.565 		307.154 		3.0987
v -481.601 		306.974 		3.0987
v -481.613 		306.792 		3.0987
v -481.601 		306.609 		3.0987
v -481.565 		306.429 		3.0987
v -481.506 		306.256 		3.0987
v -481.425 		306.092 		3.0987
v -481.323 		305.939 		3.0987
v -478.798 		313.298 		3.0987
v -491.52 		313.298 		3.0987
v -247.863 		454.245 		22.538
v -248.03 		454.483 		22.622
v -247.613 		454.454 		22.963
v -247.138 		454.428 		23.262
v -247.26 		453.997 		22.725
v -247.465 		454.217 		22.864
v -478.798 		313.2013 		1.699
v -478.798 		313.298 		1.7957
v -247.01 		454.193 		23.151
v -477.9974 		324.3 		0.898
v -478.3983 		324.3 		1.299
v -478.3983 		320.3 		1.299
v -477.9974 		320.3 		0.898
v -247.003 		453.797 		22.548
v -474.41 		272.014 		18.1104
v -474.5436 		272.014 		18.1448
v -474.9848 		272.014 		18.2578
v -475.0808 		272.014 		18.294
v -473.202 		272.014 		17.9901
v -473.3763 		272.014 		17.9987
v -473.8123 		272.014 		18.0199
v -473.9741 		272.014 		18.0441
v -472.1441 		272.014 		18.0878
v -472.5914 		272.014 		18.0199
v -472.7635 		272.014 		18.0114
v -471.4193 		272.014 		18.2578
v -471.5348 		272.014 		18.2281
v -471.9933 		272.014 		18.1104
v -518.746 		451.7663 		16
v -518.932 		451.318 		16
v -518.746 		451.0507 		16
v -519 		450.8 		16
v -521.261 		456.353 		16
v -520.5 		456.862 		16
v -522.553 		455.061 		16
v -521.95 		455.75 		16
v -523.94 		451.714 		16
v -523.761 		452.612 		16
v -523.467 		453.479 		16
v -523.062 		454.3 		16
v -520.511 		452.254 		16
v -520.671 		451.784 		16
v -520.8 		450.8 		16
v -518.746 		450.4363 		16
v -517 		457.799 		2.5
v -519.679 		457.267 		2.5
v -517.914 		457.74 		2.5
v -518.812 		457.561 		2.5
v -518.746 		452.671 		3.098
v -520.5 		456.862 		2.5
v -521.261 		456.353 		2.5
v -521.95 		455.749 		2.5
v -522.553 		455.061 		2.5
v -523.761 		452.612 		2.5
v -523.467 		453.479 		2.5
v -523.94 		451.714 		2.5
v -523.062 		454.3 		2.5
v -246.834 		453.974 		22.993
v -240.016 		272.096 		20.536
v -240.932 		272.354 		22.3
v -240.783 		272.381 		21.985
v -246.351 		453.602 		22.554
v -245.966 		453.586 		22.739
v -240.533 		272.148 		22.425
v -240.265 		272.21 		21.706
v -246.508 		454.172 		23.392
v -246.613 		454.406 		23.515
v -240.367 		272.179 		22.072
v -246.363 		453.955 		23.22
v -241.154 		272.608 		21.322
v -246.613 		453.776 		22.793
v -241.258 		272.657 		20.756
v -245.855 		453.939 		23.4
v -241.386 		272.68 		20.485
v -240.663 		272.437 		21.328
v -241.18 		272.633 		21.037
v -246.182 		453.758 		23.001
v -240.783 		272.494 		20.67
v -246.047 		454.389 		23.715
v -245.966 		454.155 		23.584
v -240.693 		272.466 		20.996
v -245.716 		454.197 		17.899
v -245.113 		453.987 		18.085
v -241.562 		272.514 		22.416
v -241.386 		272.536 		22.159
v -244.986 		453.786 		18.432
v -245.551 		453.977 		18.192
v -473.99 		453.325 		19.818
v -473.202 		453.342 		19.626
v -473.371 		453.341 		19.634
v -244.66 		453.992 		18.02
v -234.245 		269.045 		0
v -236.048 		268.298 		0
v -235.715 		268.32 		0
v -235.072 		268.491 		0
v -234.773 		268.639 		0
v -277.34 		268.297 		0
v -277.34 		268.298 		0
v -280.22 		286.785 		0
v -473.537 		453.339 		19.657
v -280.411 		286.772 		0
v -278.952 		285.3 		0
v -279.612 		285.214 		0
v -280.291 		284.903 		0
v -280.528 		284.753 		0
v -282.601 		285.298 		0
v -282.384 		285.624 		0
v -282.127 		285.919 		0
v -281.834 		286.178 		0
v -281.511 		286.396 		0
v -281.161 		286.57 		0
v -280.792 		286.696 		0
v -241.258 		272.56 		21.888
v -240.693 		272.409 		21.659
v -241.18 		272.584 		21.608
v -473.72 		453.236 		20.272
v -241.393 		272.304 		22.874
v -473.805 		453.227 		20.378
v -473.832 		453.222 		20.436
v -241.051 		272.093 		23.069
v -240.763 		272.119 		22.759
v -241.136 		272.328 		22.598
v -473.663 		453.24 		20.226
v -241.393 		272.069 		23.35
v -473.767 		453.231 		20.323
v -205.95 		438.412 		0.8
v -205.996 		438.96 		0.8
v -205.899 		439.295 		0.8
v -205.648 		439.615 		0.8
v -205.55 		439.68 		0.8
v -205.217 		439.793 		0.8
v -205.1 		439.801 		0.8
v -209.624 		439.946 		2.51
v -209.335 		439.551 		2.51
v -209.978 		440.284 		2.51
v -211.5 		440.801 		2.51
v -210.397 		440.538 		2.51
v -209.19 		439.258 		2.51
v -281.503 		282.75 		0
v -281.309 		283.726 		0
v -281.481 		283.068 		0
v -280.912 		284.359 		0
v -282.899 		284.574 		0
v -282.774 		284.946 		0
v -209 		438.301 		2.51
v -281.503 		270.848 		0
v -279.612 		268.384 		0
v -278.952 		268.297 		0
v -280.366 		268.732 		0
v -279.928 		268.491 		0
v -280.22 		266.813 		0
v -280.411 		266.826 		0
v -281.416 		270.188 		0
v -281.309 		269.872 		0
v -281.068 		269.434 		0
v -280.75 		269.04 		0
v -280.792 		266.902 		0
v -281.161 		267.028 		0
v -281.511 		267.202 		0
v -281.834 		267.42 		0
v -282.127 		267.679 		0
v -282.384 		267.974 		0
v -282.601 		268.3 		0
v -282.774 		268.652 		0
v -205.1 		437.801 		0.8
v -205.389 		437.851 		0.8
v -205.847 		438.202 		0.8
v -205.775 		431.494 		0.8
v -205.972 		431.045 		0.8
v -205.996 		430.643 		0.8
v -205.494 		431.7 		0.8
v -205.95 		430.413 		0.8
v -205.1 		431.801 		0.8
v -282.899 		269.024 		0
v -194 		450.8 		16
v -194 		450.8 		2.5
v -216.089 		286.772 		0.001
v -473.528 		453.246 		20.151
v -473.451 		453.249 		20.124
v -196.05 		455.75 		16
v -195.447 		455.061 		16
v -194.533 		453.479 		16
v -194.239 		452.612 		16
v -473.599 		453.243 		20.185
v -194.938 		454.3 		16
v -194.06 		451.714 		16
v -473.202 		453.252 		20.088
v -205.692 		430.026 		0.8
v -205.1 		429.802 		0.8
v -205.415 		429.864 		0.8
v -473.287 		453.251 		20.092
v -205.692 		422.027 		0.8
v -205.95 		422.413 		0.8
v -205.956 		423.162 		0.8
v -205.769 		423.489 		0.8
v -205.497 		423.707 		0.8
v -205.275 		423.783 		0.8
v -205.1 		423.802 		0.8
v -205.1 		421.802 		0.8
v -205.469 		421.887 		0.8
v -243.801 		453.791 		18.376
v -243.737 		453.992 		18.02
v -244.198 		453.994 		17.998
v -244.596 		453.791 		18.376
v -205.1 		415.803 		0.8
v -205.217 		415.795 		0.8
v -244.198 		453.793 		18.357
v -244.845 		453.609 		18.814
v -245.155 		453.603 		18.889
v -245.363 		453.778 		18.524
v -205.1 		413.803 		0.8
v -205.497 		413.897 		0.8
v -205.847 		414.204 		0.8
v -205.973 		414.529 		0.8
v -205.956 		415.162 		0.8
v -205.769 		415.49 		0.8
v -205.55 		415.682 		0.8
v -245.448 		453.594 		18.993
v -245.72 		453.767 		18.65
v -245.72 		453.583 		19.124
v -244.931 		453.455 		19.283
v -245.155 		453.448 		19.362
v -205.389 		407.754 		0.8
v -205.1 		407.803 		0.8
v -205.983 		406.557 		0
v -205.973 		406.53 		0.8
v -205.996 		406.962 		0.8
v -205.905 		407.3 		0.8
v -205.775 		407.495 		0.8
v -205.1 		405.803 		0
v -205.497 		405.898 		0
v -205.86 		406.231 		0
v -205.1 		405.803 		0.8
v -205.469 		405.888 		0.8
v -205.692 		406.028 		0.8
v -205.847 		406.204 		0.8
v -474.269 		287.7 		16.88
v -474.269 		279.7 		16.88
v -473.371 		453.25 		20.104
v -473.117 		453.251 		20.092
v -474.397 		272.069 		18.143
v -474.322 		272.285 		18.336
v -474.97 		272.057 		18.282
v -473.767 		272.292 		18.257
v -473.202 		272.079 		18.03
v -473.202 		272.294 		18.23
v -473.805 		272.077 		18.058
v -474.859 		272.274 		18.467
v -474.367 		272.782 		19.302
v -474.724 		272.771 		19.428
v -474.117 		272.648 		18.874
v -474.555 		272.639 		18.981
v -474.228 		272.479 		18.581
v -474.97 		272.627 		19.128
v -474.72 		272.469 		18.701
v -473.202 		272.796 		19.135
v -473.663 		272.654 		18.809
v -473.599 		272.795 		19.154
v -473.99 		272.79 		19.21
v -473.202 		272.487 		18.484
v -473.202 		272.656 		18.787
v -473.72 		272.485 		18.508
v -474.158 		272.895 		19.658
v -474.452 		272.886 		19.762
v -474.452 		272.886 		19.762
v -474.724 		272.875 		19.892
v -474.452 		272.886 		19.762
v -474.452 		272.886 		19.762
v -475.055 		272.758 		19.587
v -474.158 		272.97 		20.123
v -474.367 		272.961 		20.223
v -474.555 		272.951 		20.342
v -474.72 		272.939 		20.477
v -474.97 		272.862 		20.047
v -473.451 		272.985 		19.951
v -473.202 		272.907 		19.521
v -473.202 		272.986 		19.939
v -473.528 		272.906 		19.537
v -473.849 		272.902 		19.582
v -473.371 		273.03 		20.389
v -473.537 		273.028 		20.413
v -473.202 		273.031 		20.381
v -473.697 		272.982 		19.986
v -473.697 		273.025 		20.452
v -473.934 		272.977 		20.044
v -472.081 		272.285 		18.336
v -472.637 		272.292 		18.257
v -472.599 		272.077 		18.058
v -472.006 		272.069 		18.143
v -214 		284.008 		6.184
v -216.7046 		285.1519 		2.098
v -216.572 		285.107 		2.098
v -216.3142 		284.9559 		2.098
v -215.9389 		284.7068 		2.098
v -216.8418 		285.1787 		2.098
v -471.434 		272.057 		18.282
v -216.1604 		284.8772 		2.098
v -214.764 		286.522 		3.098
v -214.764 		286.522 		3.098
v -471.545 		272.274 		18.467
v -472.804 		272.795 		19.154
v -472.414 		272.79 		19.21
v -214.998 		282.7642 		2.098
v -215.191 		283.726 		2.098
v -215.0918 		283.3528 		2.098
v -215.0054 		282.8692 		2.098
v -215.5633 		284.3272 		2.098
v -215.471 		284.2219 		2.098
v -215.3309 		283.9802 		2.098
v -472.175 		272.479 		18.581
v -472.287 		272.648 		18.874
v -215.7479 		284.5559 		2.098
v -472.74 		272.654 		18.809
v -215.0187 		283.0624 		2.098
v -472.684 		272.485 		18.508
v -214.998 		282.9805 		3.098
v -214.764 		282.8497 		3.098
v -471.68 		272.771 		19.428
v -214 		284.007 		3.098
v -471.049 		272.611 		19.312
v -471.849 		272.639 		18.981
v -214.116 		285.624 		0.001
v -214.379 		285.925 		0.001
v -472.037 		272.782 		19.302
v -196.05 		455.749 		2.5
v -195.447 		455.061 		2.5
v -471.218 		272.454 		18.866
v -471.434 		272.627 		19.128
v -471.684 		272.469 		18.701
v -194.533 		453.479 		2.5
v -194.938 		454.3 		2.5
v -194.239 		452.612 		2.5
v -194.06 		451.714 		2.5
v -472.952 		272.985 		19.951
v -472.245 		272.895 		19.658
v -472.875 		272.906 		19.537
v -197.709 		452.701 		30
v -197.985 		453.114 		30
v -198.687 		453.815 		30
v -478.445 		282.359 		4.342
v -478.269 		282.348 		4.342
v -478.619 		282.394 		4.342
v -478.786 		282.451 		4.342
v -197.2 		450.801 		30
v -214.116 		285.624 		0.001
v -197.233 		451.297 		30
v -197.329 		451.784 		30
v -214.379 		285.925 		0.001
v -214.666 		286.178 		0.001
v -214.989 		286.396 		0.001
v -215.339 		286.57 		0.001
v -215.708 		286.696 		0.001
v -213.726 		284.946 		0.001
v -213.899 		285.298 		0.001
v -472.555 		272.902 		19.582
v -472.867 		273.028 		20.413
v -472.245 		272.97 		20.123
v -472.706 		273.025 		20.452
v -472.706 		272.982 		19.986
v -473.033 		273.03 		20.389
v -472.469 		272.977 		20.044
v -197.5 		456.862 		16
v -196.739 		456.353 		16
v -198.321 		457.267 		16
v -471.68 		272.875 		19.892
v -198.149 		453.3 		16
v -198.687 		453.815 		16
v -471.049 		272.741 		19.776
v -197.2 		450.8 		16
v -478.945 		282.529 		4.342
v -471.952 		272.886 		19.762
v -477.592 		282.529 		4.342
v -477.751 		282.451 		4.342
v -477.919 		282.394 		4.342
v -478.092 		282.359 		4.342
v -471.349 		272.758 		19.587
v -479.342 		282.877 		4.342
v -479.44 		283.024 		4.342
v -479.518 		283.182 		4.342
v -479.575 		283.35 		4.342
v -471.684 		272.939 		20.477
v -472.287 		453.987 		18.085
v -471.218 		272.847 		20.224
v -471.849 		272.951 		20.342
v -472.037 		272.961 		20.223
v -472.414 		453.786 		18.432
v -472.804 		453.791 		18.376
v -472.74 		453.992 		18.02
v -471.434 		272.862 		20.047
v -474.117 		273.007 		20.654
v -471.684 		454.197 		17.899
v -471.434 		453.965 		18.339
v -471.218 		454.183 		18.064
v -474.397 		272.981 		20.955
v -474.228 		272.999 		20.745
v -471.849 		453.977 		18.192
v -474.859 		272.926 		20.626
v -474.322 		272.991 		20.846
v -472.245 		453.448 		19.362
v -474.97 		272.913 		20.788
v -472.245 		453.603 		18.889
v -244.198 		453.615 		18.753
v -475.05 		272.898 		20.958
v -472.706 		453.46 		19.225
v -472.555 		453.609 		18.814
v -472.875 		453.613 		18.768
v -479.61 		283.524 		4.342
v -243.872 		453.613 		18.768
v -479.621 		283.7 		4.342
v -479.61 		283.877 		4.342
v -479.575 		284.05 		4.342
v -479.518 		284.218 		4.342
v -244.448 		453.463 		19.19
v -244.525 		453.613 		18.768
v -479.44 		284.376 		4.342
v -479.342 		284.523 		4.342
v -244.694 		453.46 		19.225
v -479.092 		282.627 		4.342
v -479.225 		282.744 		4.342
v -479.225 		284.656 		4.342
v -477.312 		284.656 		4.342
v -243.949 		453.463 		19.19
v -477.196 		284.523 		4.342
v -477.196 		282.877 		4.342
v -477.312 		282.744 		4.342
v -477.445 		282.627 		4.342
v -244.198 		453.464 		19.178
v -477.097 		284.376 		4.342
v -477.019 		284.218 		4.342
v -476.962 		284.05 		4.342
v -476.928 		283.877 		4.342
v -476.916 		283.7 		4.342
v -476.928 		283.524 		4.342
v -476.962 		283.35 		4.342
v -477.019 		283.182 		4.342
v -477.097 		283.024 		4.342
v -479.092 		284.773 		4.342
v -478.945 		284.871 		4.342
v -478.786 		284.95 		4.342
v -478.619 		285.006 		4.342
v -478.445 		285.041 		4.342
v -478.269 		285.053 		4.342
v -478.092 		285.041 		4.342
v -197.329 		451.784 		16
v -474.452 		272.971 		21.07
v -474.485 		272.94 		21.432
v -475.099 		272.883 		21.134
v -474.485 		272.961 		21.19
v -475.115 		272.867 		21.314
v -474.496 		272.951 		21.311
v -475.099 		272.852 		21.493
v -473.849 		273.02 		20.506
v -473.663 		273.03 		20.978
v -473.99 		273.014 		20.573
v -473.117 		273.041 		20.844
v -473.287 		273.041 		20.844
v -473.528 		273.036 		20.903
v -473.202 		273.042 		20.84
v -473.371 		273.04 		20.856
v -473.451 		273.039 		20.876
v -473.599 		273.033 		20.937
v -473.72 		273.026 		21.024
v -473.832 		273.012 		21.188
v -473.767 		273.022 		21.075
v -473.805 		273.017 		21.13
v -473.849 		273.007 		21.248
v -473.854 		273.001 		21.309
v -473.849 		272.996 		21.371
v -473.832 		272.991 		21.431
v -205.769 		399.491 		0.001
v -205.497 		399.709 		0.001
v -205.1 		399.804 		0.001
v -205.769 		399.491 		0.801
v -205.444 		399.735 		0.801
v -205.1 		399.804 		0.801
v -205.95 		399.193 		0.001
v -205.996 		398.645 		0.001
v -477.919 		285.006 		4.342
v -477.751 		284.95 		4.342
v -477.592 		284.871 		4.342
v -477.445 		284.773 		4.342
v -205.973 		398.53 		0.801
v -205.956 		399.164 		0.801
v -205.497 		397.898 		0.001
v -205.692 		398.029 		0.001
v -205.899 		398.31 		0.001
v -205.1 		397.804 		0.001
v -205.1 		397.804 		0.801
v -205.389 		397.854 		0.801
v -205.692 		398.029 		0.801
v -205.847 		398.205 		0.801
v -197.599 		452.477 		16
v -214.997 		282.7501 		0.001
v -214.997 		282.75 		0.001
v -214.998 		282.7642 		0.25
v -214.998 		282.7645 		0.001
v -213.601 		284.5739 		0.001
v -213.601 		284.574 		0.001
v -213.5 		283.798 		0.001
v -205.795 		391.439 		0.001
v -205.497 		391.71 		0.001
v -205.1 		391.804 		0.001
v -205.95 		391.193 		0.801
v -205.692 		391.58 		0.801
v -205.415 		391.742 		0.801
v -205.1 		391.804 		0.801
v -197.5 		456.862 		2.5
v -196.739 		456.353 		2.5
v -205.996 		390.963 		0.001
v -205.996 		390.6911 		0.001
v -205.847 		390.206 		0.001
v -206 		390.704 		0.001
v -198.321 		457.267 		2.5
v -205.847 		390.206 		0.801
v -205.973 		390.531 		0.801
v -205.996 		390.963 		0.801
v -205.497 		389.899 		0.001
v -205.1 		389.805 		0.001
v -205.1 		389.805 		0.801
v -205.389 		389.854 		0.801
v -205.621 		389.977 		0.801
v -205.997 		385.024 		0.001
v -205.847 		383.404 		0.001
v -205.1 		383.805 		0.001
v -205.595 		383.645 		0.001
v -205.814 		383.453 		0.801
v -205.444 		383.737 		0.801
v -205.1 		383.805 		0.801
v -205.9973 		382.9137 		0.001
v -205.9974 		382.6968 		0.001
v -206 		382.905 		0.001
v -205.84 		382.21 		0.001
v -205.599 		381.958 		0.001
v -206 		382.705 		0.001
v -205.621 		381.978 		0.801
v -205.847 		382.206 		0.801
v -205.95 		382.416 		0.801
v -205.996 		382.964 		0.801
v -205.1 		381.805 		0.001
v -205.1 		381.805 		0.801
v -205.389 		381.855 		0.801
v -205.9985 		375.808 		0.001
v -205.687 		375.575 		0.001
v -205.1 		375.806 		0.001
v -205.55 		375.685 		0.801
v -205.217 		375.798 		0.801
v -205.1 		375.806 		0.801
v -205.9987 		374.792 		0.001
v -205.905 		375.303 		0.001
v -205.996 		374.964 		0.001
v -205.996 		374.964 		0.801
v -205.879 		375.356 		0.801
v -205.692 		374.031 		0.001
v -205.497 		373.9 		0.001
v -205.1 		373.806 		0.001
v -205.1 		373.806 		0.801
v -205.389 		373.855 		0.801
v -205.775 		374.114 		0.801
v -205.9987 		374.7009 		0.001
v -206 		374.706 		0.001
v -205.899 		374.312 		0.001
v -205.983 		374.56 		0.801
v -205.9997 		368.64 		0.001
v -205.1 		367.806 		0.001
v -205.386 		367.749 		0.001
v -205.497 		367.712 		0.801
v -205.1 		367.806 		0.801
v -206 		366.706 		0.001
v -206 		366.9061 		0.001
v -205.905 		367.303 		0.001
v -205.712 		367.559 		0.001
v -206 		366.906 		0.001
v -205.996 		366.648 		0.801
v -205.956 		367.166 		0.801
v -205.769 		367.493 		0.801
v -205.905 		366.309 		0.001
v -205.775 		366.114 		0.001
v -205.389 		365.856 		0.001
v -205.1 		365.806 		0.001
v -205.1 		365.806 		0.801
v -205.505 		365.918 		0.801
v -205.847 		366.207 		0.801
v -198.05 		439.189 		0.8
v -198.095 		438.304 		0.8
v -198.308 		439.576 		0.8
v -198.503 		439.706 		0.8
v -198.9 		439.801 		0.8
v -198.004 		438.96 		0.8
v -198.017 		438.555 		0.8
v -472.469 		453.455 		19.283
v -472.952 		453.463 		19.19
v -471.218 		453.554 		19.455
v -244.845 		453.331 		19.75
v -244.986 		453.325 		19.818
v -245.363 		453.439 		19.462
v -471.68 		453.583 		19.124
v -245.551 		453.429 		19.581
v -471.434 		453.569 		19.279
v -245.716 		453.417 		19.716
v -471.952 		453.594 		18.993
v -245.113 		453.319 		19.898
v -471.049 		453.949 		18.523
v -245.319 		453.302 		20.091
v -472.037 		453.778 		18.524
v -471.049 		453.737 		18.998
v -245.394 		453.293 		20.2
v -471.349 		453.754 		18.809
v -245.448 		453.283 		20.315
v -471.68 		453.767 		18.65
v -245.481 		453.272 		20.434
v -472.287 		453.319 		19.898
v -472.414 		453.325 		19.818
v -245.225 		453.311 		19.989
v -472.706 		453.336 		19.696
v -472.867 		453.339 		19.657
v -473.033 		453.341 		19.634
v -244.801 		453.227 		20.378
v -472.555 		453.331 		19.75
v -244.829 		453.222 		20.436
v -244.763 		453.231 		20.323
v -472.599 		453.227 		20.378
v -472.637 		453.231 		20.323
v -244.367 		453.341 		19.634
v -473.033 		453.25 		20.104
v -472.952 		453.249 		20.124
v -472.74 		453.24 		20.226
v -472.804 		453.243 		20.185
v -472.875 		453.246 		20.151
v -472.684 		453.236 		20.272
v -220.267 		285.3 		2.098
v -220.267 		285.301 		2.098
v -217.548 		285.301 		2.098
v -472.081 		453.302 		20.091
v -519.405 		439.298 		0.8
v -220.0504 		285.803 		3.098
v -519.496 		438.642 		0.8
v -518.889 		439.751 		0.8
v -518.6 		439.801 		0.8
v -519.483 		439.047 		0.8
v -519.099 		439.648 		0.8
v -518.889 		437.851 		0.8
v -519.121 		437.974 		0.8
v -518.6 		437.801 		0.8
v -519.347 		438.202 		0.8
v -198.503 		437.895 		0.8
v -198.9 		437.801 		0.8
v -519.473 		430.528 		0.8
v -519.347 		430.203 		0.8
v -519.275 		431.494 		0.8
v -518.944 		431.733 		0.8
v -518.6 		431.801 		0.8
v -198.379 		431.629 		0.8
v -198.153 		430.203 		0.8
v -198.004 		430.643 		0.8
v -198.153 		431.4 		0.8
v -198.027 		431.075 		0.8
v -198.697 		431.773 		0.8
v -198.9 		431.801 		0.8
v -198.503 		429.896 		0.8
v -198.9 		429.802 		0.8
v -197.2 		417.2025 		30.0002
v -197.2 		413.5 		21.598
v -197.2 		414.5058 		27.3036
v -217.3634 		285.2882 		2.098
v -217.2237 		285.2786 		2.098
v -221.3374 		286.522 		3.098
v -214.997 		271.314 		0.001
v -214.998 		271.314 		0.001
v -214.997 		270.848 		0.467
v -214.998 		270.8332 		0.4818
v -214.998 		270.8332 		2.098
v -215.0045 		270.736 		2.098
v -215.0551 		270.3529 		2.098
v -214.998 		274.066 		3.098
v -214.998 		270.8332 		5
v -214.998 		272.798 		5
v -214.998 		270.8332 		3.098
v -215.0412 		270.4315 		3.098
v -215.0081 		270.6826 		3.098
v -215.015 		270.581 		5
v -214 		274.066 		3.098
v -214.998 		274.066 		6.003
v -214 		274.066 		6.187
v -214.998 		272.798 		6.003
v -213.6716 		268.814 		6.869
v -213.726 		268.652 		6.707
v -213.899 		268.3 		6.355
v -214.373 		267.679 		5.734
v -214.666 		267.42 		5.475
v -214.989 		267.202 		5.257
v -214.116 		267.974 		6.029
v -215.996 		268.825 		5
v -215.084 		270.188 		5
v -216.572 		268.491 		5
v -217.052 		268.352 		5
v -215.191 		269.872 		4.397
v -215.525 		269.296 		5
v -215.273 		269.707 		5
v -216.089 		266.826 		4.881
v -215.708 		266.902 		4.957
v -215.339 		267.028 		5.083
v -217.548 		268.298 		5
v -213.5818 		269.1537 		2.1613
v -213.6716 		268.814 		2.501
v -213.601 		269.024 		2.291
v -215.084 		270.188 		2.098
v -215.191 		269.872 		2.098
v -215.4807 		269.4396 		2.098
v -215.8503 		268.9527 		2.098
v -215.9821 		268.8366 		2.098
v -216.3303 		268.6311 		2.098
v -216.572 		268.491 		2.098
v -217.052 		268.352 		2.098
v -217.052 		268.352 		3.098
v -216.572 		268.491 		3.098
v -216.2151 		268.6979 		3.098
v -215.9869 		268.8326 		3.098
v -215.9005 		268.9087 		3.098
v -215.3547 		269.6277 		3.098
v -215.191 		269.872 		3.098
v -215.084 		270.188 		3.098
v -215.6527 		269.1503 		2.098
v -215.547 		269.3228 		2.098
v -215.6087 		269.2005 		3.098
v -215.4525 		269.4552 		3.098
v -213.5018 		269.7729 		1.5421
v -473.805 		272.986 		21.489
v -244.533 		453.339 		19.657
v -244.694 		453.336 		19.696
v -243.863 		453.339 		19.657
v -244.029 		453.341 		19.634
v -473.202 		273.018 		21.309
v -244.198 		453.342 		19.626
v -244.448 		453.249 		20.124
v -244.716 		453.236 		20.272
v -244.283 		453.251 		20.092
v -244.367 		453.25 		20.104
v -244.525 		453.246 		20.151
v -244.66 		453.24 		20.226
v -244.596 		453.243 		20.185
v -243.737 		453.24 		20.226
v -243.801 		453.243 		20.185
v -244.198 		453.252 		20.088
v -244.029 		453.25 		20.104
v -243.949 		453.249 		20.124
v -244.113 		453.251 		20.092
v -243.872 		453.246 		20.151
v -243.283 		453.987 		18.085
v -242.845 		453.977 		18.192
v -243.41 		453.786 		18.432
v -241.783 		454.165 		18.271
v -242.215 		454.183 		18.064
v -242.033 		454.418 		17.831
v -242.68 		454.197 		17.899
v -242.43 		453.965 		18.339
v -472.571 		453.222 		20.436
v -472.175 		453.311 		19.989
v -471.545 		453.405 		19.865
v -471.849 		453.429 		19.581
v -472.037 		453.439 		19.462
v -471.684 		453.417 		19.716
v -217.548 		268.298 		2.098
v -217.548 		268.298 		3.098
v -227.839 		268.298 		2.098
v -227.839 		268.298 		3.098
v -227.839 		268.298 		5
v -227.839 		268.297 		2.098
v -227.839 		268.297 		3.098
v -227.839 		268.297 		5
v -471.305 		453.361 		20.373
v -471.434 		453.391 		20.027
v -232.003 		282.75 		2.098
v -231.9955 		282.862 		2.098
v -231.9142 		283.3368 		2.098
v -231.8852 		283.5017 		2.098
v -471.919 		453.272 		20.434
v -231.8064 		283.7035 		2.098
v -231.6891 		283.9688 		2.098
v -231.5829 		284.1412 		2.098
v -231.475 		284.302 		2.098
v -231.3189 		284.4635 		2.098
v -231.0455 		284.7369 		2.098
v -230.7275 		284.9203 		2.098
v -230.2098 		285.1762 		2.098
v -230.02 		285.2134 		2.098
v -229.452 		285.3 		2.098
v -471.952 		453.283 		20.315
v -471.354 		453.376 		20.197
v -231.9827 		283.0466 		2.098
v -472.006 		453.293 		20.2
v -229.6453 		285.2872 		2.098
v -470.14 		454.376 		18.325
v -470.566 		454.399 		18.057
v -519.5 		430.901 		0.8
v -470.787 		454.165 		18.271
v -471.037 		454.418 		17.831
v -518.6 		429.802 		0.8
v -518.889 		429.851 		0.8
v -519.236 		430.065 		0.8
v -470.055 		454.12 		18.797
v -470.397 		454.144 		18.517
v -470.14 		453.885 		19.268
v -470.702 		453.93 		18.742
v -470.566 		453.698 		19.451
v -470.787 		453.719 		19.213
v -470.397 		453.909 		18.992
v -469.201 		454.562 		18.858
v -469.537 		454.593 		18.497
v -519.121 		421.975 		0.8
v -519.347 		422.203 		0.8
v -518.889 		423.752 		0.8
v -519.099 		423.649 		0.8
v -519.34 		423.397 		0.8
v -519.5 		422.902 		0.8
v -518.6 		423.802 		0.8
v -469.537 		454.064 		19.441
v -469.201 		454.289 		19.334
v -469.452 		454.32 		18.969
v -469.766 		454.349 		18.631
v -469.766 		454.093 		19.107
v -470.184 		453.629 		20.259
v -470.787 		453.5 		20.084
v -470.262 		453.653 		19.978
v -470.39 		453.676 		19.707
v -475.05 		272.837 		21.67
v -470.723 		453.48 		20.314
v -474.859 		272.808 		22.001
v -474.97 		272.822 		21.84
v -474.452 		272.93 		21.552
v -474.228 		272.902 		21.877
v -474.117 		272.894 		21.969
v -243.033 		453.778 		18.524
v -474.397 		272.92 		21.667
v -474.322 		272.911 		21.776
v -243.242 		453.448 		19.362
v -242.948 		453.594 		18.993
v -474.367 		272.773 		22.405
v -243.242 		453.603 		18.889
v -243.703 		453.46 		19.225
v -243.551 		453.609 		18.814
v -474.72 		272.795 		22.151
v -243.466 		453.455 		19.283
v -474.555 		272.784 		22.286
v -474.158 		272.765 		22.504
v -473.767 		272.981 		21.544
v -241.783 		453.719 		19.213
v -473.663 		272.973 		21.641
v -241.698 		453.93 		18.742
v -473.72 		272.977 		21.595
v -242.046 		453.949 		18.523
v -242.215 		453.554 		19.455
v -242.046 		453.737 		18.998
v -242.676 		453.583 		19.124
v -242.345 		453.754 		18.809
v -473.202 		272.961 		21.778
v -242.676 		453.767 		18.65
v -473.599 		272.969 		21.681
v -473.287 		272.961 		21.774
v -242.43 		453.569 		19.279
v -473.371 		272.962 		21.762
v -473.117 		272.961 		21.774
v -242.845 		453.429 		19.581
v -243.033 		453.439 		19.462
v -473.528 		272.966 		21.715
v -473.451 		272.964 		21.743
v -243.283 		453.319 		19.898
v -243.41 		453.325 		19.818
v -243.703 		453.336 		19.696
v -470.892 		453.519 		19.862
v -198.401 		423.649 		0.8
v -198.611 		423.752 		0.8
v -198.503 		421.897 		0.8
v -230.5667 		285.0282 		2.098
v -198.225 		422.11 		0.8
v -198.095 		423.299 		0.8
v -471.037 		453.537 		19.651
v -198.01 		422.99 		0.8
v -198.017 		422.556 		0.8
v -469.019 		454.256 		19.72
v -236.048 		285.301 		2.098
v -235.388 		285.214 		2.098
v -235.2046 		285.1519 		2.098
v -234.9465 		285.0449 		2.098
v -234.773 		284.959 		2.098
v -233.8927 		283.9813 		2.098
v -233.8004 		283.876 		2.098
v -233.7223 		283.7598 		2.098
v -233.6153 		283.5017 		2.098
v -233.586 		283.3297 		2.098
v -233.497 		282.75 		2.098
v -198.9 		423.802 		0.8
v -233.5041 		282.8549 		2.098
v -234.5515 		284.7886 		2.098
v -469.269 		454.003 		20.16
v -469.787 		453.832 		19.881
v -234.2479 		284.5559 		2.098
v -469.37 		454.034 		19.794
v -469.935 		453.859 		19.566
v -473.99 		272.887 		22.049
v -473.849 		272.881 		22.116
v -518.889 		421.852 		0.8
v -518.6 		421.802 		0.8
v -473.537 		272.873 		22.209
v -198.9 		421.802 		0.8
v -238.766 		285.3 		2.098
v -238.766 		285.301 		2.098
v -473.697 		272.877 		22.17
v -232.003 		272.798 		5
v -232.003 		270.848 		5
v -231.948 		270.351 		5
v -473.371 		272.871 		22.233
v -198.9 		415.803 		0.8
v -473.202 		272.871 		22.241
v -198.783 		415.795 		0.8
v -472.875 		273.036 		20.903
v -472.804 		273.033 		20.937
v -472.74 		273.03 		20.978
v -473.033 		273.04 		20.856
v -472.952 		273.039 		20.876
v -472.081 		272.991 		20.846
v -472.175 		272.999 		20.745
v -472.287 		273.007 		20.654
v -472.555 		273.02 		20.506
v -472.414 		273.014 		20.573
v -472.599 		273.017 		21.13
v -472.684 		273.026 		21.024
v -472.637 		273.022 		21.075
v -472.599 		272.986 		21.489
v -472.549 		273.001 		21.309
v -472.555 		272.996 		21.371
v -472.571 		272.991 		21.431
v -472.555 		273.007 		21.248
v -472.571 		273.012 		21.188
v -472.006 		272.981 		20.955
v -471.434 		272.913 		20.788
v -471.545 		272.926 		20.626
v -471.354 		272.898 		20.958
v -471.919 		272.94 		21.432
v -471.919 		272.961 		21.19
v -471.952 		272.971 		21.07
v -471.305 		272.852 		21.493
v -471.288 		272.867 		21.314
v -471.908 		272.951 		21.311
v -471.305 		272.883 		21.134
v -472.875 		272.966 		21.715
v -243.551 		453.331 		19.75
v -243.595 		453.227 		20.378
v -469.696 		453.804 		20.207
v -468.622 		454.456 		20.084
v -468.74 		454.493 		19.658
v -468.934 		454.528 		19.247
v -468.909 		454.221 		20.119
v -475.05 		453.315 		20.909
v -474.496 		453.262 		20.555
v -475.115 		453.345 		20.553
v -474.485 		453.252 		20.677
v -475.099 		453.33 		20.732
v -474.452 		453.241 		20.796
v -474.397 		453.231 		20.911
v -474.97 		453.3 		21.079
v -474.72 		453.273 		21.39
v -474.322 		453.222 		21.02
v -474.859 		453.286 		21.24
v -474.228 		453.213 		21.122
v -474.117 		453.205 		21.213
v -473.849 		453.217 		20.496
v -473.854 		453.211 		20.557
v -473.849 		453.206 		20.618
v -473.805 		453.196 		20.737
v -473.663 		453.183 		20.889
v -473.832 		453.201 		20.678
v -481.7 		293 		5.2
v -481.7 		293 		3.0988
v -481.917 		279.7 		9.598
v -482.1 		279.7 		9.581
v -481.917 		287.7 		9.598
v -473.72 		453.187 		20.843
v -482.1 		274.066 		9.581
v -482.269 		287.7 		9.581
v -482.269 		287.7 		9.598
v -490.466 		287.7 		8.099
v -490.175 		287.7 		7.663
v -489.83 		287.7 		7.27
v -473.767 		453.191 		20.792
v -489.437 		287.7 		6.925
v -489.001 		287.7 		6.634
v -488.532 		287.7 		6.402
v -488.036 		287.7 		6.234
v -487.522 		287.7 		6.132
v -487 		287.7 		6.098
v -486.478 		287.7 		6.132
v -485.964 		287.7 		6.234
v -485.468 		287.7 		6.402
v -484.999 		287.7 		6.634
v -484.563 		287.7 		6.925
v -484.17 		287.7 		7.27
v -483.825 		287.7 		7.663
v -483.534 		287.7 		8.099
v -490.9682 		287.7 		9.581
v -490.968 		287.7 		9.578
v -490.866 		287.7 		9.064
v -490.698 		287.7 		8.568
v -483.302 		287.7 		8.568
v -483.134 		287.7 		9.064
v -233.497 		272.798 		5
v -233.497 		270.848 		5
v -233.52 		270.515 		5
v -233.497 		270.848 		2.098
v -233.5054 		270.727 		3.098
v -233.497 		270.848 		3.098
v -233.497 		272.798 		3.098
v -233.5098 		270.6634 		2.098
v -198.01 		414.99 		0.8
v -198.379 		413.975 		0.8
v -198.153 		414.204 		0.8
v -198.027 		414.529 		0.8
v -198.441 		415.667 		0.8
v -198.095 		415.3 		0.8
v -233.5194 		270.5237 		2.098
v -233.5196 		270.5207 		3.098
v -231.9666 		270.4462 		2.098
v -231.9897 		270.6547 		2.098
v -232.003 		270.848 		2.098
v -232.003 		272.798 		3.098
v -232.003 		270.848 		3.098
v -231.9942 		270.7213 		3.098
v -231.9602 		270.4134 		3.098
v -198.697 		413.831 		0.8
v -198.9 		413.803 		0.8
v -519.347 		414.204 		0.8
v -229.452 		268.297 		5
v -230.112 		268.384 		5
v -473.033 		272.962 		21.762
v -231.809 		269.872 		5
v -231.475 		269.296 		5
v -230.727 		268.639 		5
v -472.952 		272.964 		21.743
v -233.584 		270.188 		5
v -234.245 		269.045 		5
v -234.025 		269.296 		5
v -233.773 		269.707 		5
v -236.048 		268.298 		5
v -234.923 		268.565 		5
v -235.388 		268.384 		5
v -234.496 		268.825 		5
v -229.452 		268.297 		2.098
v -229.6366 		268.3098 		2.098
v -229.9135 		268.3463 		2.098
v -230.112 		268.384 		2.098
v -230.2954 		268.4461 		2.098
v -231.0409 		268.9147 		2.098
v -231.2016 		269.0226 		2.098
v -231.475 		269.296 		2.098
v -231.5829 		269.4568 		2.098
v -231.7231 		269.6985 		2.098
v -231.8403 		269.9637 		2.098
v -231.8987 		270.1647 		2.098
v -231.9157 		270.2289 		3.098
v -231.8295 		269.9321 		3.098
v -231.7527 		269.7583 		3.098
v -231.5458 		269.4014 		3.098
v -231.475 		269.296 		3.098
v -231.2958 		269.1168 		3.098
v -231.1905 		269.0461 		3.098
v -230.2322 		268.4247 		3.098
v -230.112 		268.384 		3.098
v -229.9819 		268.3593 		3.098
v -229.573 		268.3054 		3.098
v -229.452 		268.297 		3.098
v -198.531 		407.718 		0.8
v -198.308 		407.578 		0.8
v -198.9 		407.803 		0.8
v -198.153 		406.204 		0
v -230.727 		268.639 		2.098
v -230.5535 		268.5531 		2.098
v -230.727 		268.639 		3.098
v -230.6133 		268.5827 		3.098
v -473.202 		453.194 		20.558
v -198.05 		407.192 		0.8
v -198.153 		406.204 		0.8
v -198.379 		405.976 		0.8
v -198.004 		406.645 		0.8
v -198.725 		405.822 		0
v -198.9 		405.803 		0
v -198.9 		405.803 		0.8
v -243.68 		453.236 		20.272
v -243.568 		453.222 		20.436
v -243.633 		453.231 		20.323
v -242.915 		453.272 		20.434
v -242.948 		453.283 		20.315
v -243.003 		453.293 		20.2
v -243.078 		453.302 		20.091
v -473.599 		453.179 		20.929
v -243.172 		453.311 		19.989
v -473.451 		453.174 		20.99
v -241.889 		453.519 		19.862
v -242.541 		453.405 		19.865
v -473.528 		453.176 		20.963
v -242.033 		453.537 		19.651
v -473.99 		453.198 		21.293
v -473.849 		453.193 		21.361
v -242.68 		453.417 		19.716
v -241.783 		453.5 		20.084
v -242.301 		453.361 		20.373
v -241.72 		453.48 		20.314
v -473.697 		453.188 		21.415
v -242.43 		453.391 		20.027
v -519.473 		414.529 		0.8
v -519.192 		414.028 		0.8
v -518.6 		413.803 		0.8
v -518.969 		413.888 		0.8
v -519.275 		415.495 		0.8
v -519.443 		415.189 		0.8
v -518.889 		415.753 		0.8
v -242.35 		453.376 		20.197
v -518.6 		415.803 		0.8
v -241.136 		454.376 		18.325
v -241.562 		454.399 		18.057
v -233.6192 		270.1418 		2.098
v -233.6461 		270.0046 		2.098
v -233.7254 		269.8028 		2.098
v -233.8311 		269.6303 		2.098
v -233.9235 		269.525 		2.098
v -234.6568 		268.717 		2.098
v -234.8359 		268.6079 		2.098
v -235.0095 		268.5221 		2.098
v -235.3827 		268.4228 		2.098
v -235.8547 		268.3108 		2.098
v -236.048 		268.298 		2.098
v -236.048 		268.298 		3.098
v -235.9213 		268.3064 		3.098
v -235.2243 		268.4718 		3.098
v -234.9797 		268.5369 		3.098
v -234.8659 		268.5931 		3.098
v -234.6014 		268.7542 		3.098
v -234.0343 		269.3596 		3.098
v -233.8979 		269.5151 		3.098
v -233.7418 		269.7698 		3.098
v -233.6247 		270.0678 		3.098
v -233.5851 		270.2704 		3.098
v -240.763 		454.349 		18.631
v -234.245 		269.045 		2.098
v -234.3503 		268.9527 		2.098
v -234.245 		269.045 		3.098
v -234.4005 		268.9087 		3.098
v -240.763 		454.093 		19.107
v -241.393 		454.144 		18.517
v -235.5778 		268.3469 		2.098
v -235.5124 		268.3596 		3.098
v -241.136 		453.885 		19.268
v -241.051 		454.12 		18.797
v -241.562 		453.698 		19.451
v -241.393 		453.909 		18.992
v -277.34 		268.298 		2.098
v -277.34 		268.297 		2.098
v -239.93 		454.528 		19.247
v -277.34 		268.297 		3.098
v -277.34 		268.298 		3.098
v -240.198 		454.562 		18.858
v -277.34 		268.298 		5
v -277.34 		268.297 		5
v -240.198 		454.289 		19.334
v -240.533 		454.593 		18.497
v -280.22 		286.785 		0.001
v -280.411 		286.772 		0.001
v -280.411 		286.772 		0.001
v -240.533 		454.064 		19.441
v -240.448 		454.32 		18.969
v -280.411 		286.772 		0.001
v -280.5645 		284.7207 		2.098
v -280.5179 		284.7614 		2.098
v -280.3804 		284.8484 		2.098
v -280.1387 		284.9886 		2.098
v -280.0061 		285.0335 		2.098
v -278.994 		285.2975 		2.098
v -278.952 		285.3 		2.098
v -279.612 		285.214 		2.098
v -279.377 		285.2476 		2.098
v -240.932 		453.859 		19.566
v -241.18 		453.629 		20.259
v -240.693 		453.804 		20.207
v -240.783 		453.832 		19.881
v -282.003 		285.803 		3.0982
v -282.003 		285.803 		3.096
v -281.764 		285.803 		3.096
v -281.764 		285.803 		3.098
v -281.3828 		283.4285 		2.098
v -281.3539 		283.5934 		2.098
v -281.309 		283.726 		2.098
v -281.1014 		284.057 		2.098
v -280.8151 		284.4677 		2.098
v -280.7874 		284.492 		2.098
v -241.258 		453.653 		19.978
v -483.032 		287.7 		9.578
v -483.0318 		287.7 		9.581
v -281.4827 		283.0466 		2.098
v -281.503 		282.75 		2.098
v -281.4955 		282.862 		2.098
v -482.269 		279.7 		9.581
v -482.269 		279.7 		9.598
v -490.9682 		274.066 		9.581
v -281.0165 		284.2188 		2.098
v -483.0318 		274.066 		9.581
v -490.466 		274.066 		8.099
v -280.8461 		284.4404 		2.098
v -490.175 		274.066 		7.663
v -489.83 		274.066 		7.27
v -489.437 		274.066 		6.925
v -489.001 		274.066 		6.634
v -488.532 		274.066 		6.402
v -488.036 		274.066 		6.234
v -487.522 		274.066 		6.132
v -486.478 		274.066 		6.132
v -487 		274.066 		6.098
v -485.964 		274.066 		6.234
v -485.468 		274.066 		6.402
v -484.999 		274.066 		6.634
v -484.563 		274.066 		6.925
v -282.601 		285.298 		0.001
v -484.17 		274.066 		7.27
v -281.834 		286.178 		0.001
v -282.127 		285.919 		0.001
v -483.825 		274.066 		7.663
v -282.384 		285.624 		0.001
v -483.534 		274.066 		8.099
v -280.792 		286.696 		0.001
v -281.161 		286.57 		0.001
v -281.511 		286.396 		0.001
v -490.968 		274.066 		9.578
v -490.866 		274.066 		9.064
v -490.698 		274.066 		8.568
v -483.302 		274.066 		8.568
v -483.134 		274.066 		9.064
v -483.032 		274.066 		9.578
v -282.774 		284.946 		0.001
v -282.899 		284.574 		0.001
v -281.503 		270.848 		2.098
v -281.503 		272.798 		3.098
v -281.503 		270.848 		3.098
v -281.503 		272.798 		5
v -281.503 		270.848 		5
v -282.003 		274.066 		3.0983
v -282.003 		272.798 		3.096
v -281.764 		272.798 		3.096
v -281.764 		272.798 		3.098
v -282.003 		274.066 		6.003
v -282.003 		272.798 		6.003
v -282.601 		268.3 		6.355
v -518.775 		407.784 		0.8
v -518.6 		407.803 		0.8
v -518.997 		407.709 		0.8
v -519.473 		406.53 		0
v -482 		293 		5.598
v -483.5 		293 		5.598
v -483.5 		293 		5.5
v -482 		293 		5.2
v -489.9 		293 		5.5
v -489.9 		293 		5.598
v -482.1 		279.7 		3.0989
v -482.1 		274.066 		3.0989
v -491.4 		293 		5.598
v -491.4 		293 		5.2
v -519.45 		407.192 		0.8
v -519.292 		407.471 		0.8
v -519.473 		406.53 		0.8
v -487.392 		274.066 		7.123
v -487 		274.066 		7.098
v -487.777 		274.066 		7.2
v -519.496 		406.962 		0.8
v -488.149 		274.066 		7.326
v -488.501 		274.066 		7.5
v -488.828 		274.066 		7.718
v -489.123 		274.066 		7.977
v -518.6 		405.803 		0
v -519.099 		405.957 		0
v -484.877 		274.066 		7.977
v -198.153 		399.403 		0.001
v -519.292 		406.136 		0
v -198.503 		399.709 		0.001
v -198.9 		399.804 		0.001
v -198.352 		399.618 		0.801
v -198.531 		399.719 		0.801
v -198.9 		399.804 		0.801
v -519.347 		406.204 		0.8
v -519.081 		405.958 		0.8
v -518.6 		405.803 		0.8
v -198.027 		398.53 		0.001
v -198.027 		399.078 		0.001
v -519.347 		399.403 		0.001
v -519.095 		399.644 		0.001
v -518.6 		399.804 		0.001
v -519.314 		399.452 		0.801
v -518.944 		399.735 		0.801
v -518.6 		399.804 		0.801
v -279.285 		268.32 		5
v -519.496 		398.963 		0.001
v -279.612 		268.384 		5
v -278.952 		268.297 		5
v -279.928 		268.491 		4.397
v -519.473 		398.53 		0.001
v -280.227 		268.639 		5
v -280.22 		266.813 		4.868
v -280.411 		266.826 		4.881
v -281.416 		270.188 		5
v -281.309 		269.872 		5
v -280.755 		269.045 		5
v -280.975 		269.296 		5
v -282.384 		267.974 		6.029
v -280.792 		266.902 		4.957
v -281.161 		267.028 		5.083
v -282.127 		267.679 		5.734
v -281.511 		267.202 		5.257
v -281.834 		267.42 		5.475
v -282.774 		268.652 		6.707
v -282.8284 		268.814 		6.869
v -278.952 		268.297 		2.098
v -279.0917 		268.3066 		2.098
v -279.4748 		268.3571 		2.098
v -279.612 		268.384 		2.098
v -280.157 		268.617 		2.098
v -280.3077 		268.693 		2.098
v -280.5292 		268.8633 		2.098
v -280.2799 		268.6744 		3.098
v -280.0574 		268.5622 		3.098
v -279.612 		268.384 		3.098
v -279.4094 		268.3444 		3.098
v -279.1583 		268.3112 		3.098
v -278.952 		268.297 		3.098
v -279.928 		268.491 		2.098
v -279.928 		268.491 		3.098
v -281.1691 		269.6178 		2.098
v -281.309 		269.872 		2.098
v -281.416 		270.188 		2.098
v -280.7521 		269.0421 		2.098
v -280.9367 		269.2708 		2.098
v -281.416 		270.188 		3.098
v -281.309 		269.872 		3.098
v -281.2173 		269.7054 		3.098
v -280.8741 		269.193 		3.098
v -280.7531 		269.0431 		3.098
v -280.607 		268.9259 		3.098
v -281.029 		269.3761 		2.098
v -281.0104 		269.3485 		3.098
v -282.9977 		269.765 		1.55
v -282.9177 		269.1434 		2.1716
v -282.8284 		268.814 		2.501
v -282.899 		269.024 		2.291
v -198.095 		399.301 		0.801
v -519.45 		398.415 		0.801
v -198.01 		398.991 		0.801
v -519.496 		398.963 		0.801
v -198.05 		398.415 		0.801
v -198.027 		397.312 		0.001
v -519.347 		398.205 		0.001
v -518.889 		397.854 		0.001
v -518.6 		397.804 		0.001
v -198.503 		397.898 		0.001
v -198.153 		398.205 		0.001
v -198.503 		397.898 		0.801
v -198.231 		398.117 		0.801
v -519.292 		398.136 		0.801
v -518.6 		397.804 		0.801
v -519.073 		397.944 		0.801
v -198.9 		397.804 		0.001
v -198.9 		397.804 		0.801
v -197.2 		376.832 		16.0004
v -198.153 		391.403 		0.001
v -198.405 		391.645 		0.001
v -198.9 		391.804 		0.001
v -198.503 		391.71 		0.801
v -198.153 		391.403 		0.801
v -198.9 		391.804 		0.801
v -198.027 		390.531 		0.001
v -198.264 		390.068 		0.001
v -198.153 		390.206 		0.001
v -198.549 		389.895 		0.001
v -198.308 		390.029 		0.801
v -198.153 		390.206 		0.801
v -198.004 		390.646 		0.801
v -198.004 		390.963 		0.801
v -519.437 		391.22 		0.001
v -519.4415 		391.804 		0.001
v -198.503 		389.899 		0.801
v -519.275 		391.497 		0.001
v -518.994 		391.703 		0.001
v -198.9 		389.805 		0.001
v -518.6 		391.804 		0.001
v -198.9 		389.805 		0.801
v -519.236 		391.541 		0.801
v -519.45 		391.193 		0.801
v -518.915 		391.742 		0.801
v -518.6 		391.804 		0.801
v -198.033 		383.092 		0.001
v -519.4391 		390.3995 		0.001
v -519.5 		390.704 		0.001
v -519.437 		390.389 		0.001
v -519.275 		390.112 		0.001
v -518.994 		389.906 		0.001
v -518.6 		389.805 		0.001
v -241.386 		453.676 		19.707
v -519.192 		390.029 		0.801
v -518.889 		389.854 		0.801
v -519.347 		390.206 		0.801
v -518.6 		389.805 		0.801
v -519.496 		390.963 		0.801
v -239.905 		454.221 		20.119
v -239.618 		454.456 		20.084
v -240.016 		454.256 		19.72
v -239.736 		454.493 		19.658
v -519.4561 		383.805 		0.001
v -519.4581 		383.0313 		0.001
v -518.6 		383.805 		0.001
v -519.327 		383.426 		0.001
v -519.45 		383.194 		0.801
v -519.236 		383.541 		0.801
v -518.997 		383.71 		0.801
v -518.6 		383.805 		0.801
v -240.265 		454.003 		20.16
v -519.4608 		381.952 		0.001
v -519.4592 		382.5788 		0.001
v -519.34 		382.21 		0.001
v -240.367 		454.034 		19.794
v -519.099 		381.958 		0.001
v -519.5 		382.905 		0.001
v -519.5 		382.705 		0.001
v -519.121 		381.978 		0.801
v -519.45 		382.416 		0.801
v -519.347 		382.206 		0.801
v -519.496 		382.964 		0.801
v -245.492 		453.262 		20.555
v -518.6 		381.805 		0.001
v -518.889 		381.855 		0.801
v -518.6 		381.805 		0.801
v -245.481 		453.252 		20.677
v -245.448 		453.241 		20.796
v -245.394 		453.231 		20.911
v -473.537 		453.185 		21.454
v -473.202 		453.171 		21.026
v -518.6 		375.806 		0.001
v -519.05 		375.685 		0.801
v -518.717 		375.798 		0.801
v -518.6 		375.806 		0.801
v -473.371 		453.172 		21.01
v -519.4786 		375.0288 		0.001
v -519.496 		374.964 		0.001
v -473.287 		453.171 		21.022
v -519.187 		375.575 		0.001
v -519.405 		375.303 		0.001
v -473.371 		453.183 		21.477
v -519.379 		375.356 		0.801
v -519.496 		374.964 		0.801
v -198.585 		383.742 		0.001
v -198.247 		383.517 		0.001
v -519.022 		373.917 		0.001
v -518.6 		373.806 		0.001
v -198.503 		383.71 		0.801
v -198.308 		383.58 		0.801
v -518.944 		373.874 		0.801
v -198.153 		383.404 		0.801
v -198.027 		383.079 		0.801
v -518.6 		373.806 		0.801
v -519.4797 		374.6175 		0.001
v -519.5 		374.706 		0.001
v -519.415 		374.336 		0.001
v -519.275 		374.114 		0.001
v -198.9 		383.805 		0.001
v -198.9 		383.805 		0.801
v -519.347 		374.207 		0.801
v -485.172 		274.066 		7.718
v -485.499 		274.066 		7.5
v -485.851 		274.066 		7.326
v -486.223 		274.066 		7.2
v -486.608 		274.066 		7.123
v -489.382 		274.066 		8.272
v -489.6 		274.066 		8.599
v -489.774 		274.066 		8.951
v -519.4951 		368.64 		0.001
v -489.9 		274.066 		9.323
v -489.977 		274.066 		9.708
v -490.003 		274.066 		10.1
v -489.977 		274.066 		10.492
v -489.9 		274.066 		10.877
v -489.774 		274.066 		11.249
v -489.6 		274.066 		11.601
v -489.382 		274.066 		11.928
v -489.123 		274.066 		12.223
v -488.828 		274.066 		12.482
v -488.501 		274.066 		12.7
v -488.149 		274.066 		12.874
v -487.777 		274.066 		13
v -484.877 		274.066 		12.223
v -518.889 		367.757 		0.001
v -519.099 		367.653 		0.001
v -518.6 		367.806 		0.001
v -519.099 		367.653 		0.801
v -518.944 		367.738 		0.801
v -518.6 		367.806 		0.801
v -519.5 		366.706 		0.001
v -519.4995 		366.9109 		0.001
v -519.5 		366.906 		0.001
v -519.34 		367.401 		0.001
v -519.481 		367.081 		0.001
v -519.34 		367.401 		0.801
v -519.49 		366.994 		0.801
v -519.399 		366.313 		0.001
v -519.192 		366.031 		0.001
v -518.997 		365.901 		0.001
v -518.6 		365.806 		0.001
v -519.473 		366.533 		0.801
v -519.347 		366.207 		0.801
v -518.6 		365.806 		0.801
v -518.915 		365.869 		0.801
v -519.192 		366.031 		0.801
v -520.8 		347.208 		30.0006
v -520.8 		348.1243 		20.2346
v -520.8 		348.013 		20.4625
v -520.8 		349.112 		19.1524
v -520.8 		348.8911 		19.3418
v -520.8 		350.042 		18.5924
v -520.8 		349.5547 		18.8524
v -520.8 		349.7657 		18.7399
v -520.8 		349.3034 		19.0227
v -520.8 		348.7222 		19.4865
v -520.8 		348.3904 		19.8491
v -520.8 		348.5339 		19.6923
v -520.8 		348.2394 		20.0678
v -520.8 		351.1176 		18.2085
v -520.8 		350.5662 		18.3765
v -520.8 		350.8052 		18.3035
v -520.8 		351.6871 		18.0906
v -520.8 		351.9373 		18.0627
v -520.8 		351.3641 		18.1576
v -520.8 		347.9279 		20.6364
v -520.8 		347.8036 		21.0477
v -520.8 		347.8574 		20.8696
v -520.8 		347.7539 		21.4599
v -520.8 		347.7756 		21.2814
v -520.8 		347.7797 		21.8678
v -520.8 		347.7685 		21.6914
v -520.8 		347.8812 		22.2636
v -520.8 		347.8374 		22.0922
v -520.8 		347.9803 		22.4776
v -520.8 		348.0562 		22.641
v -484.618 		274.066 		11.928
v -484.4 		274.066 		11.601
v -484.226 		274.066 		11.249
v -484.1 		274.066 		10.877
v -198.0286 		381.805 		0.001
v -198.0312 		382.5595 		0.001
v -484.023 		274.066 		10.492
v -483.998 		274.066 		10.1
v -198.01 		382.617 		0.001
v -484.023 		274.066 		9.708
v -198.9 		381.805 		0.001
v -198.401 		381.958 		0.001
v -484.1 		274.066 		9.323
v -198.16 		382.21 		0.001
v -484.226 		274.066 		8.951
v -484.4 		274.066 		8.599
v -198.05 		382.416 		0.801
v -198.225 		382.113 		0.801
v -484.618 		274.066 		8.272
v -198.004 		382.646 		0.801
v -198.401 		381.958 		0.801
v -198.9 		381.805 		0.801
v -487.392 		274.066 		13.077
v -487 		274.066 		13.103
v -486.608 		274.066 		13.077
v -486.223 		274.066 		13
v -485.851 		274.066 		12.874
v -485.499 		274.066 		12.7
v -485.172 		274.066 		12.482
v -473.202 		453.182 		21.485
v -473.117 		453.171 		21.022
v -474.724 		453.338 		21.974
v -474.555 		453.262 		21.525
v -474.97 		453.351 		21.819
v -474.367 		453.252 		21.643
v -474.158 		453.243 		21.743
v -474.724 		453.441 		22.438
v -475.055 		453.455 		22.279
v -474.452 		453.326 		22.105
v -474.158 		453.317 		22.209
v -473.202 		453.306 		22.345
v -473.849 		453.311 		22.284
v -473.202 		453.227 		21.928
v -473.934 		453.236 		21.823
v -473.528 		453.307 		22.33
v -513.898 		311.5042 		0.001
v -473.697 		453.231 		21.881
v -492.3 		298.7 		14
v -493.3 		298.7 		9.2
v -494.3 		298.7 		9.2
v -493.3 		298.7 		8.2
v -494.3 		298.7 		8.2
v -473.451 		453.228 		21.916
v -498.3 		298.7 		9.2
v -499.3 		298.7 		9.2
v -498.3 		298.7 		8.2
v -499.3 		298.7 		8.2
v -500.3 		298.7 		14
v -492.3 		296.7 		14
v -500.3 		296.7 		14
v -493.1 		295.102 		11.9
v -493.1 		296.7 		11.9
v -491.6 		295.102 		11.9
v -491.6 		296.7 		11.9
v -494.3 		296.7 		9.2
v -493.3 		296.7 		9.2
v -474.322 		453.928 		23.53
v -493.3 		296.7 		8.2
v -494.3 		296.7 		8.2
v -474.859 		453.939 		23.4
v -499.5 		295.102 		11.9
v -499.5 		296.7 		11.9
v -499.3 		296.7 		9.2
v -498.3 		296.7 		9.2
v -474.228 		453.734 		23.285
v -498.3 		296.7 		8.2
v -499.3 		296.7 		8.2
v -501 		295.102 		11.9
v -501 		296.7 		11.9
v -474.97 		453.586 		22.739
v -474.555 		453.574 		22.886
v -493.1 		295.102 		5.598
v -474.72 		453.744 		23.165
v -493.1 		296.7 		5.5
v -491.6 		295.102 		5.598
v -499.5 		296.7 		5.5
v -491.6 		296.7 		5.2
v -499.5 		295.102 		5.598
v -501 		295.102 		5.598
v -197.2 		366.2371 		30.0005
v -197.2 		366.225 		29.932
v -198.017 		375.051 		0.001
v -198.16 		375.4 		0.001
v -198.506 		375.704 		0.001
v -198.531 		375.721 		0.801
v -198.308 		375.581 		0.801
v -198.05 		375.194 		0.801
v -198.9 		375.806 		0.001
v -198.9 		375.806 		0.801
v -198.004 		374.647 		0.001
v -198.503 		373.9 		0.001
v -198.166 		374.215 		0.001
v -198.503 		373.9 		0.801
v -198.308 		374.031 		0.801
v -198.004 		374.647 		0.801
v -198.05 		374.417 		0.801
v -198.9 		373.806 		0.001
v -198.9 		373.806 		0.801
v -198.005 		366.85 		0.001
v -198.16 		367.401 		0.001
v -198.427 		367.666 		0.001
v -198.9 		367.806 		0.001
v -198.9 		367.806 		0.801
v -198.556 		367.738 		0.801
v -198.225 		367.498 		0.801
v -198.019 		367.082 		0.801
v -198.9 		365.806 		0.001
v -198.401 		365.96 		0.001
v -198.095 		366.309 		0.001
v -198.153 		366.207 		0.801
v -198.531 		365.891 		0.801
v -198.027 		366.533 		0.801
v -198.9 		365.806 		0.801
v -197.2 		348.1284 		19.8894
v -197.2 		347.9225 		20.1878
v -197.2 		347.8681 		20.2986
v -197.2 		348.9592 		19.0516
v -197.2 		348.8517 		19.1438
v -197.2 		348.5496 		19.4027
v -197.2 		349.9356 		18.464
v -197.2 		349.8012 		18.5356
v -197.2 		349.4238 		18.7371
v -197.2 		349.3016 		18.8196
v -197.2 		348.4584 		19.5028
v -197.2 		348.2018 		19.7833
v -197.2 		351.0653 		18.0604
v -197.2 		350.9131 		18.1069
v -197.2 		350.4857 		18.2375
v -197.2 		350.3414 		18.2969
v -197.2 		352.1107 		17.8872
v -197.2 		351.6631 		17.9372
v -197.2 		351.5062 		17.9694
v -197.2 		347.7159 		20.6096
v -197.2 		347.6816 		20.7229
v -197.2 		347.5854 		21.0415
v -197.2 		347.5717 		21.1553
v -197.2 		347.5329 		21.4746
v -197.2 		347.5403 		21.5868
v -197.2 		347.5604 		21.9024
v -197.2 		347.5883 		22.0116
v -197.2 		347.6667 		22.3182
v -197.2 		347.7147 		22.4221
v -197.2 		347.8505 		22.7145
v -197.2 		347.9183 		22.8116
v -197.2 		348.1085 		23.0838
v -244.845 		453.217 		20.496
v -244.851 		453.211 		20.557
v -244.845 		453.206 		20.618
v -244.801 		453.196 		20.737
v -244.763 		453.191 		20.792
v -244.829 		453.201 		20.678
v -245.716 		453.273 		21.39
v -245.319 		453.222 		21.02
v -244.986 		453.198 		21.293
v -244.845 		453.193 		21.361
v -245.225 		453.213 		21.122
v -245.113 		453.205 		21.213
v -244.66 		453.183 		20.889
v -244.596 		453.179 		20.929
v -244.448 		453.174 		20.99
v -244.716 		453.187 		20.843
v -244.525 		453.176 		20.963
v -244.198 		453.194 		20.558
v -520.8 		348.3013 		22.9926
v -520.8 		348.195 		22.8404
v -501 		296.7 		5.2
v -511 		296.7 		13
v -511 		298.7 		13
v -511 		296.7 		5.2
v -511 		298.7 		3.0988
v -520.8 		348.6133 		23.314
v -520.8 		348.4785 		23.1751
v -501.15 		298.7 		13.15
v -520.8 		348.8243 		23.4749
v -503 		298.7 		9.2
v -503 		298.7 		8.2
v -474.367 		453.43 		22.565
v -502 		298.7 		14
v -504 		298.7 		9.2
v -504 		298.7 		8.2
v -474.117 		453.564 		22.992
v -508 		298.7 		9.2
v -509 		298.7 		9.2
v -508 		298.7 		8.2
v -509 		298.7 		8.2
v -510 		298.7 		14
v -502 		296.7 		14
v -520.8 		348.9857 		23.5979
v -510 		296.7 		14
v -475.05 		454.389 		23.715
v -502.8 		295.103 		11.9
v -502.8 		296.7 		11.9
v -501.3 		295.103 		11.9
v -501.3 		296.7 		11.9
v -520.8 		349.4129 		23.8406
v -520.8 		349.2282 		23.7355
v -520.8 		349.8869 		24.0376
v -520.8 		349.6817 		23.9525
v -520.8 		350.1783 		24.1209
v -501.15 		296.7 		13.15
v -503 		296.7 		9.2
v -503 		296.7 		8.2
v -474.97 		454.155 		23.584
v -474.452 		454.376 		23.861
v -520.8 		350.401 		24.1847
v -520.8 		350.9446 		24.2812
v -520.8 		350.7094 		24.2395
v -474.397 		454.143 		23.724
v -504 		296.7 		9.2
v -520.8 		351.5101 		24.3245
v -520.8 		351.2653 		24.3057
v -504 		296.7 		8.2
v -520.8 		352.0865 		24.3131
v -520.8 		351.8371 		24.3181
v -510.7 		295.103 		11.9
v -510.7 		296.7 		11.9
v -473.202 		453.725 		23.382
v -509.2 		295.103 		11.9
v -509.2 		296.7 		11.9
v -473.663 		453.559 		23.057
v -473.72 		453.727 		23.358
v -473.99 		453.423 		22.657
v -473.202 		453.557 		23.079
v -473.599 		453.418 		22.713
v -473.202 		453.416 		22.731
v -473.202 		454.366 		23.98
v -473.805 		454.136 		23.808
v -473.832 		454.369 		23.95
v -473.202 		453.919 		23.636
v -473.767 		453.921 		23.61
v -473.202 		454.133 		23.837
v -472.952 		453.174 		20.99
v -472.684 		453.187 		20.843
v -472.599 		453.196 		20.737
v -472.875 		453.176 		20.963
v -472.74 		453.183 		20.889
v -472.804 		453.179 		20.929
v -472.637 		453.191 		20.792
v -472.571 		453.201 		20.678
v -472.555 		453.206 		20.618
v -472.555 		453.217 		20.496
v -472.549 		453.211 		20.557
v -473.033 		453.183 		21.477
v -472.867 		453.185 		21.454
v -473.033 		453.172 		21.01
v -472.706 		453.188 		21.415
v -472.555 		453.193 		21.361
v -520.702 		350.1 		18.662
v -520.702 		349.626 		18.915
v -520.702 		349.195 		19.207
v -520.288 		350.094 		19.329
v -520.485 		349.84 		19.104
v -520.485 		349.445 		19.371
v -520.485 		349.098 		19.669
v -520.702 		348.816 		19.532
v -520.702 		348.493 		19.885
v -520.485 		348.565 		20.337
v -520.702 		348.234 		20.26
v -520.288 		349.169 		20.121
v -520.485 		348.802 		19.993
v -520.288 		348.958 		20.427
v -520.288 		349.432 		19.832
v -520.288 		349.742 		19.567
v -520.116 		350.081 		19.79
v -520.116 		349.587 		20.267
v -520.116 		349.814 		20.018
v -519.97 		350.05 		20.428
v -509 		296.7 		9.2
v -508 		296.7 		9.2
v -508 		296.7 		8.2
v -509 		296.7 		8.2
v -510.7 		295.103 		5.598
v -510.7 		296.7 		5.2
v -502.8 		295.103 		5.598
v -502.8 		296.7 		5.5
v -501.3 		295.103 		5.598
v -509.2 		296.7 		5.5
v -501.3 		296.7 		5.2
v -509.2 		295.103 		5.598
v -509.6 		307.492 		6.1
v -509.702 		307.644 		6.1
v -509.823 		307.782 		6.1
v -509.519 		307.327 		6.1
v -510.813 		308.192 		6.1
v -510.995 		308.18 		6.1
v -511.175 		308.144 		6.1
v -511.349 		308.085 		6.1
v -511.513 		308.004 		6.1
v -511.665 		307.902 		6.1
v -511.803 		307.782 		6.1
v -511.923 		307.644 		6.1
v -509.96 		307.902 		6.1
v -510.113 		308.004 		6.1
v -510.277 		308.085 		6.1
v -510.45 		308.144 		6.1
v -510.63 		308.18 		6.1
v -512.025 		307.492 		6.1
v -512.106 		307.327 		6.1
v -509.413 		306.792 		6.1
v -509.425 		306.974 		6.1
v -509.46 		307.154 		6.1
v -509.823 		305.802 		6.1
v -509.702 		305.939 		6.1
v -509.6 		306.092 		6.1
v -509.519 		306.256 		6.1
v -509.46 		306.429 		6.1
v -509.425 		306.609 		6.1
v -510.995 		305.404 		6.1
v -510.813 		305.392 		6.1
v -510.63 		305.404 		6.1
v -510.45 		305.439 		6.1
v -510.277 		305.498 		6.1
v -510.113 		305.579 		6.1
v -509.96 		305.681 		6.1
v -511.923 		305.939 		6.1
v -511.803 		305.802 		6.1
v -511.665 		305.681 		6.1
v -511.513 		305.579 		6.1
v -511.349 		305.498 		6.1
v -511.175 		305.439 		6.1
v -512.201 		306.609 		6.1
v -512.165 		306.429 		6.1
v -512.106 		306.256 		6.1
v -512.025 		306.092 		6.1
v -512.165 		307.154 		6.1
v -512.201 		306.974 		6.1
v -512.213 		306.792 		6.1
v -509.519 		307.327 		3.0988
v -509.6 		307.492 		3.0988
v -509.702 		307.644 		3.0988
v -509.823 		307.782 		3.0988
v -509.96 		307.902 		3.0988
v -510.113 		308.004 		3.0988
v -510.277 		308.085 		3.0988
v -510.45 		308.144 		3.0988
v -510.63 		308.18 		3.0988
v -510.813 		308.192 		3.0988
v -510.995 		308.18 		3.0988
v -511.175 		308.144 		3.0988
v -511.349 		308.085 		3.0988
v -511.513 		308.004 		3.0988
v -511.665 		307.902 		3.0988
v -511.803 		307.782 		3.0988
v -511.923 		307.644 		3.0988
v -512.025 		307.492 		3.0988
v -512.106 		307.327 		3.0988
v -509.823 		305.802 		3.0988
v -509.702 		305.939 		3.0988
v -509.6 		306.092 		3.0988
v -509.519 		306.256 		3.0988
v -509.46 		306.429 		3.0988
v -509.425 		306.609 		3.0988
v -509.413 		306.792 		3.0988
v -509.425 		306.974 		3.0988
v -509.46 		307.154 		3.0988
v -510.63 		305.404 		3.0988
v -510.813 		305.392 		3.0988
v -510.45 		305.439 		3.0988
v -510.277 		305.498 		3.0988
v -510.113 		305.579 		3.0988
v -509.96 		305.681 		3.0988
v -511.923 		305.939 		3.0988
v -511.803 		305.802 		3.0988
v -511.665 		305.681 		3.0988
v -511.513 		305.579 		3.0988
v -511.349 		305.498 		3.0988
v -511.175 		305.439 		3.0988
v -510.995 		305.404 		3.0988
v -512.165 		307.154 		3.0988
v -512.201 		306.974 		3.0988
v -512.213 		306.792 		3.0988
v -512.201 		306.609 		3.0988
v -512.165 		306.429 		3.0988
v -512.106 		306.256 		3.0988
v -512.025 		306.092 		3.0988
v -512.2 		313.298 		3.0988
v -512.2 		313.2014 		1.699
v -512.2 		313.298 		1.7957
v -491.7 		274.066 		16.001
v -501.4 		274.066 		16.001
v -500.066 		287.7 		8.099
v -499.775 		287.7 		7.663
v -496.6 		287.7 		6.098
v -496.078 		287.7 		6.132
v -499.43 		287.7 		7.27
v -499.037 		287.7 		6.925
v -498.601 		287.7 		6.634
v -498.132 		287.7 		6.402
v -197.263 		347.971 		20.199
v -197.263 		348.996 		19.076
v -197.263 		348.591 		19.423
v -197.912 		350.094 		19.329
v -197.715 		349.84 		19.104
v -197.715 		349.445 		19.371
v -197.498 		350.1 		18.662
v -197.498 		349.626 		18.915
v -197.263 		349.961 		18.495
v -197.263 		349.455 		18.765
v -197.498 		349.195 		19.207
v -520.702 		351.146 		18.289
v -520.485 		352.255 		18.368
v -197.912 		349.169 		20.121
v -520.702 		351.7 		18.174
v -197.715 		349.098 		19.669
v -197.715 		348.802 		19.993
v -197.715 		348.565 		20.337
v -520.485 		351.74 		18.426
v -520.702 		350.61 		18.452
v -520.485 		350.274 		18.873
v -520.288 		350.897 		18.951
v -520.485 		350.741 		18.68
v -520.288 		350.481 		19.122
v -520.288 		352.247 		18.672
v -520.288 		351.788 		18.724
v -520.288 		351.335 		18.817
v -520.485 		351.233 		18.53
v -520.116 		352.237 		19.02
v -520.116 		351.842 		19.064
v -472.081 		453.222 		21.02
v -497.636 		287.7 		6.234
v -497.122 		287.7 		6.132
v -495.564 		287.7 		6.234
v -495.068 		287.7 		6.402
v -494.599 		287.7 		6.634
v -494.163 		287.7 		6.925
v -493.77 		287.7 		7.27
v -520.116 		350.717 		19.407
v -493.425 		287.7 		7.663
v -493.134 		287.7 		8.099
v -500.5682 		287.7 		9.581
v -500.568 		287.7 		9.578
v -500.466 		287.7 		9.064
v -500.298 		287.7 		8.568
v -492.902 		287.7 		8.568
v -519.97 		352.226 		19.404
v -492.734 		287.7 		9.064
v -492.632 		287.7 		9.578
v -492.6318 		287.7 		9.581
v -520.116 		351.452 		19.144
v -500.5682 		274.066 		9.581
v -492.6318 		274.066 		9.581
v -520.116 		351.075 		19.259
v -197.912 		348.958 		20.427
v -519.97 		351.901 		19.44
v -520.116 		350.383 		19.585
v -197.498 		348.816 		19.532
v -519.97 		350.977 		19.722
v -519.97 		350.703 		19.868
v -519.97 		350.236 		20.224
v -197.498 		348.493 		19.885
v -519.855 		351.049 		20.173
v -197.498 		348.234 		20.26
v -519.855 		350.859 		20.302
v -519.97 		350.455 		20.036
v -519.855 		350.691 		20.446
v -197.263 		348.247 		19.799
v -198.084 		350.081 		19.79
v -519.97 		351.272 		19.601
v -198.23 		350.05 		20.428
v -197.912 		349.742 		19.567
v -243.949 		453.174 		20.99
v -243.872 		453.176 		20.963
v -198.084 		349.814 		20.018
v -198.084 		349.587 		20.267
v -197.912 		349.432 		19.832
v -243.737 		453.183 		20.889
v -243.801 		453.179 		20.929
v -472.414 		453.198 		21.293
v -472.287 		453.205 		21.213
v -472.175 		453.213 		21.122
v -244.533 		453.185 		21.454
v -471.354 		453.315 		20.909
v -244.694 		453.188 		21.415
v -471.288 		453.345 		20.553
v -244.367 		453.172 		21.01
v -472.006 		453.231 		20.911
v -244.283 		453.171 		21.022
v -471.952 		453.241 		20.796
v -244.367 		453.183 		21.477
v -471.919 		453.252 		20.677
v -471.305 		453.33 		20.732
v -471.908 		453.262 		20.555
v -244.029 		453.183 		21.477
v -243.863 		453.185 		21.454
v -244.198 		453.171 		21.026
v -471.434 		453.3 		21.079
v -471.684 		453.273 		21.39
v -244.198 		453.182 		21.485
v -471.545 		453.286 		21.24
v -244.113 		453.171 		21.022
v -244.029 		453.172 		21.01
v -245.72 		453.338 		21.974
v -245.551 		453.262 		21.525
v -472.555 		453.311 		22.284
v -245.363 		453.252 		21.643
v -244.931 		453.236 		21.823
v -472.875 		453.307 		22.33
v -472.706 		453.231 		21.881
v -472.469 		453.236 		21.823
v -245.155 		453.243 		21.743
v -472.245 		453.317 		22.209
v -500.066 		274.066 		8.099
v -499.775 		274.066 		7.663
v -496.078 		274.066 		6.132
v -496.6 		274.066 		6.098
v -472.952 		453.228 		21.916
v -499.43 		274.066 		7.27
v -499.037 		274.066 		6.925
v -498.601 		274.066 		6.634
v -498.132 		274.066 		6.402
v -497.636 		274.066 		6.234
v -497.122 		274.066 		6.132
v -495.564 		274.066 		6.234
v -495.068 		274.066 		6.402
v -494.599 		274.066 		6.634
v -494.163 		274.066 		6.925
v -493.77 		274.066 		7.27
v -493.425 		274.066 		7.663
v -493.134 		274.066 		8.099
v -197.498 		351.146 		18.289
v -500.568 		274.066 		9.578
v -500.466 		274.066 		9.064
v -500.298 		274.066 		8.568
v -197.263 		351.078 		18.096
v -492.902 		274.066 		8.568
v -492.734 		274.066 		9.064
v -492.632 		274.066 		9.578
v -197.263 		350.505 		18.271
v -197.715 		352.255 		18.368
v -197.715 		351.74 		18.426
v -197.498 		351.7 		18.174
v -197.263 		351.669 		17.974
v -198.084 		350.717 		19.407
v -197.912 		350.897 		18.951
v -198.084 		351.075 		19.259
v -197.715 		350.741 		18.68
v -197.715 		350.274 		18.873
v -197.912 		350.481 		19.122
v -197.498 		350.61 		18.452
v -491.6 		293 		5.598
v -493.1 		293 		5.598
v -493.1 		293 		5.5
v -491.6 		293 		5.2
v -499.5 		293 		5.5
v -499.5 		293 		5.598
v -501 		293 		5.598
v -501 		293 		5.2
v -491.7 		287.7 		3.0988
v -198.084 		352.237 		19.02
v -198.23 		352.226 		19.404
v -506.3 		287.7 		6.098
v -505.778 		287.7 		6.132
v -505.264 		287.7 		6.234
v -504.768 		287.7 		6.402
v -504.299 		287.7 		6.634
v -198.23 		351.901 		19.44
v -503.863 		287.7 		6.925
v -503.47 		287.7 		7.27
v -503.125 		287.7 		7.663
v -502.834 		287.7 		8.099
v -507.832 		287.7 		6.402
v -507.336 		287.7 		6.234
v -506.822 		287.7 		6.132
v -502.602 		287.7 		8.568
v -245.72 		453.441 		22.438
v -502.434 		287.7 		9.064
v -502.332 		287.7 		9.578
v -502.298 		287.7 		9.581
v -502.3318 		287.7 		9.581
v -245.448 		453.326 		22.105
v -502.3318 		274.066 		9.581
v -245.155 		453.317 		22.209
v -244.845 		453.311 		22.284
v -505.778 		274.066 		6.132
v -506.3 		274.066 		6.098
v -505.264 		274.066 		6.234
v -504.768 		274.066 		6.402
v -504.299 		274.066 		6.634
v -503.863 		274.066 		6.925
v -503.47 		274.066 		7.27
v -503.125 		274.066 		7.663
v -502.834 		274.066 		8.099
v -507.832 		274.066 		6.402
v -507.336 		274.066 		6.234
v -506.822 		274.066 		6.132
v -502.602 		274.066 		8.568
v -502.434 		274.066 		9.064
v -502.332 		274.066 		9.578
v -519.855 		352.214 		19.818
v -519.855 		351.966 		19.846
v -519.97 		351.581 		19.506
v -244.198 		453.306 		22.345
v -244.198 		453.227 		21.928
v -243.872 		453.307 		22.33
v -244.525 		453.307 		22.33
v -243.949 		453.228 		21.916
v -501.3 		293 		5.598
v -502.8 		293 		5.598
v -502.8 		293 		5.5
v -244.694 		453.231 		21.881
v -501.3 		293 		5.2
v -244.448 		453.228 		21.916
v -501.4 		287.7 		3.0989
v -496.992 		274.066 		7.123
v -496.6 		274.066 		7.098
v -497.377 		274.066 		7.2
v -497.749 		274.066 		7.326
v -498.101 		274.066 		7.5
v -498.428 		274.066 		7.718
v -498.723 		274.066 		7.977
v -494.477 		274.066 		7.977
v -494.772 		274.066 		7.718
v -495.099 		274.066 		7.5
v -495.451 		274.066 		7.326
v -519.855 		351.721 		19.897
v -495.823 		274.066 		7.2
v -496.208 		274.066 		7.123
v -498.982 		274.066 		8.272
v -499.2 		274.066 		8.599
v -519.855 		351.484 		19.969
v -499.374 		274.066 		8.951
v -499.5 		274.066 		9.323
v -499.577 		274.066 		9.708
v -499.602 		274.066 		10.1
v -499.577 		274.066 		10.492
v -499.5 		274.066 		10.877
v -519.771 		352.202 		20.256
v -499.374 		274.066 		11.249
v -499.2 		274.066 		11.601
v -498.982 		274.066 		11.928
v -519.771 		352.034 		20.274
v -498.723 		274.066 		12.223
v -498.428 		274.066 		12.482
v -498.101 		274.066 		12.7
v -519.771 		351.868 		20.309
v -497.749 		274.066 		12.874
v -497.377 		274.066 		13
v -496.992 		274.066 		13.077
v -496.6 		274.066 		13.103
v -496.208 		274.066 		13.077
v -495.823 		274.066 		13
v -494.477 		274.066 		12.223
v -494.218 		274.066 		11.928
v -519.855 		351.258 		20.062
v -494 		274.066 		11.601
v -493.826 		274.066 		11.249
v -493.7 		274.066 		10.877
v -493.623 		274.066 		10.492
v -493.597 		274.066 		10.1
v -493.623 		274.066 		9.708
v -493.7 		274.066 		9.323
v -493.826 		274.066 		8.951
v -494 		274.066 		8.599
v -494.218 		274.066 		8.272
v -495.451 		274.066 		12.874
v -495.099 		274.066 		12.7
v -494.772 		274.066 		12.482
v -519.771 		351.708 		20.357
v -519.771 		351.555 		20.42
v -506.692 		274.066 		7.123
v -506.3 		274.066 		7.098
v -507.077 		274.066 		7.2
v -507.449 		274.066 		7.326
v -507.801 		274.066 		7.5
v -520.702 		348.043 		20.651
v -504.177 		274.066 		7.977
v -504.472 		274.066 		7.718
v -504.799 		274.066 		7.5
v -505.151 		274.066 		7.326
v -505.523 		274.066 		7.2
v -505.908 		274.066 		7.123
v -504.177 		274.066 		12.223
v -503.918 		274.066 		11.928
v -503.7 		274.066 		11.601
v -520.702 		347.922 		21.051
v -503.526 		274.066 		11.249
v -503.4 		274.066 		10.877
v -503.323 		274.066 		10.492
v -503.298 		274.066 		10.1
v -503.323 		274.066 		9.708
v -520.702 		347.874 		21.452
v -503.4 		274.066 		9.323
v -503.526 		274.066 		8.951
v -503.7 		274.066 		8.599
v -503.918 		274.066 		8.272
v -507.801 		274.066 		12.7
v -507.449 		274.066 		12.874
v -507.077 		274.066 		13
v -506.692 		274.066 		13.077
v -520.702 		347.998 		22.234
v -506.3 		274.066 		13.103
v -505.908 		274.066 		13.077
v -505.523 		274.066 		13
v -505.151 		274.066 		12.874
v -504.799 		274.066 		12.7
v -504.472 		274.066 		12.482
v -520.702 		347.899 		21.849
v -245.319 		453.928 		23.53
v -245.225 		453.734 		23.285
v -245.551 		453.574 		22.886
v -245.716 		453.744 		23.165
v -520.485 		348.279 		21.06
v -520.485 		348.389 		20.694
v -245.363 		453.43 		22.565
v -244.986 		453.423 		22.657
v -245.113 		453.564 		22.992
v -520.485 		348.235 		21.428
v -472.245 		453.243 		21.743
v -520.288 		348.801 		20.746
v -471.68 		453.441 		22.438
v -520.288 		348.702 		21.072
v -520.288 		348.663 		21.4
v -471.952 		453.326 		22.105
v -520.485 		348.348 		22.145
v -471.68 		453.338 		21.974
v -471.349 		453.455 		22.279
v -520.288 		348.684 		21.724
v -520.485 		348.258 		21.792
v -471.049 		453.471 		22.091
v -471.218 		453.366 		21.642
v -520.288 		348.903 		22.338
v -520.485 		348.504 		22.481
v -472.037 		453.252 		21.643
v -471.434 		453.351 		21.819
v -520.288 		348.764 		22.039
v -471.849 		453.262 		21.525
v -520.116 		349.152 		21.368
v -472.175 		453.734 		23.285
v -472.081 		453.928 		23.53
v -520.116 		349.27 		20.805
v -519.97 		349.9 		20.645
v -520.116 		349.405 		20.53
v -472.74 		453.559 		23.057
v -472.684 		453.727 		23.358
v -519.97 		349.789 		20.87
v -519.97 		349.72 		21.101
v -520.116 		349.185 		21.086
v -472.804 		453.418 		22.713
v -472.414 		453.423 		22.657
v -472.287 		453.564 		22.992
v -519.97 		349.692 		21.333
v -197.912 		352.247 		18.672
v -520.116 		349.239 		21.918
v -197.912 		351.788 		18.724
v -198.084 		351.842 		19.064
v -520.116 		349.526 		22.417
v -197.912 		351.335 		18.817
v -198.084 		351.452 		19.144
v -519.97 		349.707 		21.562
v -520.116 		349.169 		21.647
v -520.116 		349.358 		22.176
v -197.715 		351.233 		18.53
v -519.97 		350.175 		22.374
v -519.97 		349.763 		21.784
v -198.23 		350.977 		19.722
v -519.97 		349.862 		21.996
v -198.084 		350.383 		19.585
v -198.23 		350.703 		19.868
v -519.97 		349.999 		22.194
v -245.448 		454.376 		23.861
v -519.771 		351.171 		20.68
v -244.801 		454.136 		23.808
v -244.829 		454.369 		23.95
v -519.771 		351.075 		20.786
v -519.855 		350.549 		20.602
v -519.855 		350.434 		20.768
v -519.855 		350.349 		20.94
v -519.771 		350.998 		20.898
v -519.855 		350.296 		21.117
v -519.771 		350.941 		21.015
v -519.771 		350.89 		21.254
v -519.855 		350.275 		21.294
v -519.771 		350.898 		21.373
v -519.855 		350.286 		21.47
v -519.771 		350.904 		21.134
v -519.771 		350.927 		21.488
v -519.771 		351.414 		20.496
v -519.72 		351.726 		20.874
v -519.771 		351.285 		20.583
v -519.72 		351.669 		20.923
v -519.72 		351.621 		20.976
v -472.599 		454.136 		23.808
v -472.571 		454.369 		23.95
v -472.637 		453.921 		23.61
v -471.545 		453.939 		23.4
v -245.394 		454.143 		23.724
v -471.218 		453.758 		23.001
v -244.763 		453.921 		23.61
v -244.198 		453.725 		23.382
v -471.849 		453.574 		22.886
v -471.684 		453.744 		23.165
v -243.737 		453.559 		23.057
v -244.66 		453.559 		23.057
v -244.716 		453.727 		23.358
v -243.801 		453.418 		22.713
v -244.596 		453.418 		22.713
v -244.198 		453.557 		23.079
v -519.72 		352.189 		20.709
v -244.198 		453.416 		22.731
v -519.72 		352.104 		20.718
v -519.72 		352.021 		20.735
v -244.198 		454.366 		23.98
v -519.72 		351.94 		20.76
v -519.72 		351.863 		20.792
v -519.72 		351.791 		20.83
v -244.198 		453.919 		23.636
v -518.869 		279.7 		16.88
v -518.869 		287.7 		16.88
v -244.198 		454.133 		23.837
v -514.9922 		282.3554 		16.88
v -515.045 		282.359 		16.88
v -515.219 		282.394 		16.88
v -515.3359 		282.4339 		16.88
v -515.386 		282.4507 		16.88
v -515.4973 		282.5053 		16.88
v -515.545 		282.529 		16.88
v -514.192 		282.529 		16.88
v -514.3033 		282.4744 		16.88
v -514.351 		282.4507 		16.88
v -514.4686 		282.4108 		16.88
v -514.519 		282.394 		16.88
v -514.692 		282.359 		16.88
v -514.869 		282.3477 		16.88
v -514.8159 		282.3513 		16.88
v -516.118 		283.182 		16.88
v -516.175 		283.35 		16.88
v -516.1995 		283.4718 		16.88
v -516.21 		283.5237 		16.88
v -516.2177 		283.6469 		16.88
v -516.221 		283.7 		16.88
v -519.72 		351.582 		21.033
v -516.2133 		283.8239 		16.88
v -516.21 		283.8767 		16.88
v -519.72 		351.553 		21.091
v -516.1855 		283.9978 		16.88
v -516.175 		284.05 		16.88
v -516.118 		284.218 		16.88
v -198.345 		350.859 		20.302
v -519.72 		351.535 		21.152
v -515.692 		282.627 		16.88
v -515.825 		282.744 		16.88
v -515.942 		282.877 		16.88
v -519.72 		351.527 		21.212
v -516.04 		283.024 		16.88
v -516.04 		284.376 		16.88
v -515.942 		284.523 		16.88
v -515.825 		284.656 		16.88
v -515.692 		284.773 		16.88
v -515.545 		284.871 		16.88
v -515.4337 		284.9263 		16.88
v -515.386 		284.9497 		16.88
v -198.345 		351.049 		20.173
v -515.2691 		284.9889 		16.88
v -515.219 		285.006 		16.88
v -515.045 		285.041 		16.88
v -514.9218 		285.0494 		16.88
v -514.869 		285.0527 		16.88
v -198.23 		350.455 		20.036
v -519.72 		351.531 		21.272
v -514.7451 		285.0443 		16.88
v -514.692 		285.041 		16.88
v -514.519 		285.006 		16.88
v -514.4014 		284.9668 		16.88
v -514.351 		284.9497 		16.88
v -519.72 		351.546 		21.33
v -198.23 		350.236 		20.224
v -514.2397 		284.8944 		16.88
v -514.192 		284.871 		16.88
v -198.345 		350.691 		20.446
v -519.72 		351.572 		21.385
v -513.912 		284.656 		16.88
v -513.796 		284.523 		16.88
v -513.697 		284.376 		16.88
v -513.619 		284.218 		16.88
v -519.72 		351.608 		21.437
v -513.562 		284.05 		16.88
v -513.5382 		283.9289 		16.88
v -513.528 		283.8767 		16.88
v -519.72 		351.653 		21.484
v -513.5196 		283.7528 		16.88
v -513.516 		283.7 		16.88
v -513.5244 		283.5768 		16.88
v -513.528 		283.5237 		16.88
v -198.345 		352.214 		19.818
v -198.345 		351.966 		19.846
v -198.345 		351.721 		19.897
v -198.23 		351.581 		19.506
v -198.23 		351.272 		19.601
v -198.429 		352.202 		20.256
v -198.429 		351.868 		20.309
v -198.429 		351.555 		20.42
v -198.429 		352.034 		20.274
v -198.345 		351.484 		19.969
v -198.429 		351.708 		20.357
v -198.345 		351.258 		20.062
v -197.498 		348.043 		20.651
v -197.263 		347.767 		20.616
v -197.498 		347.874 		21.452
v -197.263 		347.638 		21.043
v -197.498 		347.922 		21.051
v -197.263 		347.586 		21.471
v -197.498 		347.998 		22.234
v -197.498 		347.899 		21.849
v -197.263 		347.613 		21.894
v -197.263 		347.718 		22.305
v -472.037 		453.43 		22.565
v -471.434 		453.586 		22.739
v -471.049 		453.602 		22.554
v -471.952 		454.376 		23.861
v -472.006 		454.143 		23.724
v -471.434 		454.155 		23.584
v -471.354 		454.389 		23.715
v -470.723 		453.44 		20.783
v -470.184 		453.58 		20.83
v -470.702 		453.46 		20.549
v -470.158 		453.604 		20.544
v -513.5518 		283.4019 		16.88
v -513.562 		283.35 		16.88
v -513.619 		283.182 		16.88
v -513.697 		283.024 		16.88
v -513.796 		282.877 		16.88
v -513.912 		282.744 		16.88
v -514.045 		282.627 		16.88
v -514.045 		284.773 		16.88
v -511.172 		287.7 		16.88
v -511.172 		279.7 		16.88
v -243.68 		453.187 		20.843
v -243.595 		453.196 		20.737
v -243.568 		453.201 		20.678
v -197.263 		347.9 		22.697
v -243.551 		453.206 		20.618
v -243.551 		453.217 		20.496
v -197.263 		348.155 		23.062
v -243.633 		453.191 		20.792
v -198.084 		349.152 		21.368
v -197.912 		348.801 		20.746
v -243.546 		453.211 		20.557
v -197.912 		348.663 		21.4
v -242.948 		453.241 		20.796
v -197.715 		348.279 		21.06
v -197.912 		348.702 		21.072
v -197.715 		348.235 		21.428
v -197.715 		348.389 		20.694
v -198.23 		349.9 		20.645
v -198.23 		349.72 		21.101
v -198.084 		349.405 		20.53
v -198.084 		349.27 		20.805
v -198.23 		349.789 		20.87
v -198.084 		349.185 		21.086
v -198.23 		349.692 		21.333
v -519.702 		352.176 		21.17
v -197.912 		348.684 		21.724
v -198.084 		349.169 		21.647
v -197.912 		348.903 		22.338
v -197.715 		348.258 		21.792
v -197.912 		348.764 		22.039
v -197.715 		348.504 		22.481
v -197.715 		348.348 		22.145
v -198.23 		349.707 		21.562
v -198.23 		349.862 		21.996
v -198.23 		350.175 		22.374
v -198.23 		349.763 		21.784
v -198.23 		349.999 		22.194
v -242.915 		453.252 		20.677
v -243.003 		453.231 		20.911
v -242.904 		453.262 		20.555
v -243.703 		453.188 		21.415
v -243.551 		453.193 		21.361
v -243.078 		453.222 		21.02
v -243.41 		453.198 		21.293
v -243.283 		453.205 		21.213
v -519.855 		350.329 		21.64
v -519.855 		350.405 		21.802
v -519.855 		350.51 		21.953
v -519.771 		350.978 		21.597
v -519.771 		351.14 		21.793
v -519.771 		351.049 		21.7
v -518.746 		274.8477 		16.981
v -517.9636 		274.066 		17.4187
v -518.869 		287.7 		16.0009
v -518.869 		279.7 		16.001
v -519.855 		350.644 		22.091
v -519.855 		351.192 		22.402
v -519.855 		350.804 		22.214
v -519.855 		350.988 		22.318
v -519.771 		351.51 		22.003
v -519.72 		351.708 		21.526
v -519.771 		351.248 		21.876
v -519.771 		351.372 		21.946
v -519.72 		352.247 		21.621
v -519.72 		351.771 		21.561
v -519.72 		351.84 		21.59
v -519.72 		351.915 		21.612
v -519.72 		351.995 		21.626
v -519.72 		352.078 		21.632
v -519.72 		352.163 		21.631
v -519.855 		351.647 		22.507
v -511.1 		279.7 		9.581
v -519.771 		351.66 		22.046
v -519.855 		351.413 		22.466
v -243.172 		453.213 		21.122
v -241.72 		453.44 		20.783
v -241.698 		453.46 		20.549
v -519.855 		351.889 		22.526
v -519.855 		352.137 		22.521
v -242.35 		453.315 		20.909
v -519.771 		351.818 		22.074
v -242.285 		453.345 		20.553
v -519.771 		352.15 		22.084
v -519.771 		351.982 		22.087
v -242.301 		453.33 		20.732
v -520.702 		348.168 		22.601
v -520.485 		348.723 		22.795
v -520.702 		348.406 		22.943
v -242.68 		453.273 		21.39
v -242.033 		453.383 		21.447
v -520.288 		349.098 		22.618
v -242.43 		453.3 		21.079
v -241.889 		453.401 		21.236
v -520.702 		348.71 		23.256
v -241.783 		453.42 		21.014
v -520.485 		349 		23.081
v -242.541 		453.286 		21.24
v -520.702 		349.072 		23.532
v -520.485 		349.333 		23.334
v -243.703 		453.231 		21.881
v -520.485 		349.713 		23.55
v -243.466 		453.236 		21.823
v -243.033 		453.252 		21.643
v -520.288 		349.642 		23.098
v -520.288 		349.346 		22.873
v -243.242 		453.243 		21.743
v -520.288 		349.981 		23.291
v -242.845 		453.262 		21.525
v -243.551 		453.311 		22.284
v -243.242 		453.317 		22.209
v -242.948 		453.326 		22.105
v -241.698 		453.621 		22.335
v -242.676 		453.441 		22.438
v -242.046 		453.471 		22.091
v -520.702 		349.488 		23.768
v -520.485 		350.136 		23.725
v -520.702 		349.949 		23.96
v -520.116 		349.739 		22.636
v -520.116 		349.994 		22.83
v -520.288 		350.358 		23.448
v -520.288 		350.766 		23.565
v -520.485 		350.594 		23.857
v -520.288 		351.198 		23.641
v -520.485 		351.079 		23.943
v -520.702 		350.449 		24.103
v -520.702 		350.978 		24.197
v -520.485 		351.582 		23.981
v -520.485 		352.096 		23.971
v -520.288 		351.647 		23.676
v -520.288 		352.105 		23.667
v -520.702 		352.089 		24.228
v -520.702 		351.528 		24.239
v -241.783 		453.49 		21.876
v -242.676 		453.338 		21.974
v -242.345 		453.455 		22.279
v -242.215 		453.366 		21.642
v -242.43 		453.351 		21.819
v -243.68 		453.727 		23.358
v -243.172 		453.734 		23.285
v -243.078 		453.928 		23.53
v -242.845 		453.574 		22.886
v -243.41 		453.423 		22.657
v -243.283 		453.564 		22.992
v -243.033 		453.43 		22.565
v -242.948 		454.376 		23.861
v -243.595 		454.136 		23.808
v -243.568 		454.369 		23.95
v -243.633 		453.921 		23.61
v -243.003 		454.143 		23.724
v -242.43 		453.586 		22.739
v -242.046 		453.602 		22.554
v -241.889 		454.172 		23.392
v -241.783 		454.406 		23.515
v -242.033 		453.955 		23.22
v -242.68 		453.744 		23.165
v -242.541 		453.939 		23.4
v -242.215 		453.758 		23.001
v -241.783 		453.776 		22.793
v -242.35 		454.389 		23.715
v -242.43 		454.155 		23.584
v -240.693 		453.747 		20.87
v -240.663 		453.775 		20.539
v -241.386 		453.532 		21.381
v -241.258 		453.556 		21.11
v -240.783 		453.719 		21.196
v -241.18 		453.58 		20.83
v -241.154 		453.604 		20.544
v -239.618 		454.382 		20.951
v -239.736 		454.345 		21.376
v -239.868 		454.186 		20.525
v -240.367 		453.907 		21.27
v -240.016 		454.117 		21.33
v -240.265 		453.939 		20.904
v -239.905 		454.151 		20.931
v -240.231 		453.971 		20.532
v -241.051 		453.821 		22.267
v -240.763 		454.023 		22.419
v -240.763 		453.848 		21.957
v -241.393 		453.642 		22.085
v -241.136 		453.666 		21.809
v -240.932 		453.692 		21.511
v -241.562 		453.51 		21.638
v -240.016 		454.516 		22.244
v -240.198 		454.276 		22.177
v -239.736 		454.551 		21.837
v -240.448 		454.052 		22.081
v -240.198 		454.084 		21.716
v -239.93 		454.31 		21.788
v -240.533 		453.877 		21.623
v -239.533 		454.588 		21.408
v -239.579 		454.419 		20.517
# 6671 vertices

g group_0_8768998

usemtl color_8768998
s 0

f 2 	7 	1
f 3 	1 	7
f 5 	7 	6
f 7 	2 	11
f 6 	7 	11
f 9 	5 	6
f 9 	6 	10
f 8 	9 	10
f 8 	10 	12
f 10 	6656 	12
f 16 	13 	14
f 2942 	13 	2939
f 20 	21 	19
f 20 	19 	18
f 22 	21 	20
f 23 	13 	21
f 23 	21 	22
f 13 	23 	14
f 24 	19 	21
f 18 	19 	27
f 29 	36 	25
f 26 	29 	25
f 19 	29 	27
f 26 	27 	29
f 29 	19 	30
f 28 	29 	30
f 24 	30 	19
f 34 	32 	31
f 40 	32 	37
f 32 	35 	37
f 33 	36 	34
f 34 	36 	32
f 33 	25 	36
f 35 	32 	36
f 35 	36 	28
f 28 	36 	29
f 41 	40 	39
f 31 	32 	42
f 42 	32 	40
f 42 	40 	41
f 286 	46 	49
f 44 	45 	627
f 2757 	627 	45
f 627 	2757 	2760
f 46 	47 	48
f 46 	48 	49
f 51 	44 	50
f 51 	45 	44
f 1716 	1712 	3067
f 53 	154 	52
f 56 	3067 	55
f 55 	3067 	54
f 53 	54 	154
f 68 	3067 	57
f 69 	3067 	68
f 57 	3067 	56
f 59 	154 	58
f 62 	154 	60
f 59 	66 	154
f 61 	154 	62
f 61 	63 	154
f 65 	52 	154
f 64 	154 	63
f 64 	65 	154
f 60 	154 	67
f 66 	67 	154
f 70 	3067 	69
f 154 	54 	3067
f 3067 	70 	71
f 72 	74 	3067
f 71 	72 	3067
f 76 	3067 	75
f 78 	3067 	77
f 3067 	74 	73
f 73 	75 	3067
f 77 	3067 	76
f 80 	3067 	79
f 79 	3067 	78
f 80 	81 	3067
f 82 	83 	3067
f 82 	3067 	81
f 84 	3067 	83
f 86 	3067 	85
f 88 	3067 	87
f 87 	3067 	86
f 84 	85 	3067
f 90 	91 	3067
f 90 	3067 	89
f 89 	3067 	88
f 91 	121 	3067
f 94 	95 	154
f 95 	58 	154
f 93 	94 	154
f 92 	154 	98
f 97 	154 	96
f 98 	154 	97
f 92 	93 	154
f 154 	2965 	101
f 100 	101 	2965
f 96 	154 	101
f 99 	100 	2965
f 102 	103 	2965
f 103 	99 	2965
f 104 	105 	2965
f 105 	102 	2965
f 107 	108 	2965
f 110 	106 	2965
f 104 	2965 	108
f 106 	107 	2965
f 110 	2965 	109
f 109 	2965 	112
f 111 	112 	2965
f 111 	2965 	114
f 114 	2965 	113
f 2965 	142 	115
f 116 	113 	2965
f 115 	116 	2965
f 121 	122 	3067
f 119 	3067 	118
f 122 	117 	3067
f 117 	118 	3067
f 125 	3067 	120
f 123 	1716 	126
f 119 	120 	3067
f 3067 	125 	1716
f 127 	128 	1716
f 130 	1716 	129
f 128 	129 	1716
f 124 	127 	1716
f 126 	1716 	125
f 123 	124 	1716
f 134 	1716 	133
f 133 	1716 	132
f 135 	1716 	134
f 131 	132 	1716
f 130 	131 	1716
f 136 	1716 	135
f 141 	142 	2965
f 140 	2965 	139
f 138 	139 	2965
f 140 	141 	2965
f 137 	138 	1716
f 2965 	1716 	138
f 147 	137 	1716
f 150 	151 	1716
f 152 	1716 	151
f 153 	1716 	152
f 144 	1716 	143
f 153 	143 	1716
f 145 	146 	1716
f 144 	145 	1716
f 148 	1716 	136
f 149 	150 	1716
f 1716 	148 	149
f 146 	147 	1716
f 54 	53 	155
f 53 	161 	155
f 52 	161 	53
f 155 	55 	54
f 155 	157 	55
f 56 	55 	157
f 56 	157 	57
f 187 	157 	156
f 57 	157 	187
f 58 	95 	158
f 58 	158 	59
f 59 	158 	165
f 164 	160 	159
f 63 	61 	160
f 159 	62 	60
f 159 	160 	61
f 159 	61 	62
f 64 	63 	162
f 160 	162 	63
f 52 	65 	161
f 162 	161 	65
f 64 	162 	65
f 162 	160 	171
f 163 	164 	165
f 163 	165 	158
f 164 	159 	165
f 59 	165 	66
f 60 	67 	159
f 165 	159 	67
f 66 	165 	67
f 161 	174 	155
f 166 	155 	174
f 157 	166 	156
f 166 	157 	155
f 169 	167 	171
f 168 	169 	171
f 171 	167 	170
f 168 	160 	164
f 168 	171 	160
f 162 	171 	170
f 161 	170 	174
f 161 	162 	170
f 182 	170 	167
f 174 	170 	182
f 173 	175 	183
f 175 	174 	182
f 175 	173 	166
f 174 	175 	166
f 173 	156 	166
f 195 	176 	172
f 172 	176 	173
f 173 	176 	156
f 374 	178 	373
f 373 	178 	352
f 178 	374 	179
f 177 	181 	172
f 352 	178 	167
f 178 	179 	182
f 167 	178 	182
f 177 	183 	180
f 180 	183 	179
f 183 	177 	172
f 175 	179 	183
f 183 	172 	173
f 182 	179 	175
f 156 	184 	187
f 184 	186 	185
f 186 	188 	185
f 185 	187 	184
f 57 	187 	68
f 70 	69 	185
f 187 	185 	69
f 68 	187 	69
f 186 	189 	188
f 72 	71 	188
f 71 	185 	188
f 185 	71 	70
f 188 	74 	72
f 188 	189 	73
f 188 	73 	74
f 76 	75 	190
f 75 	189 	190
f 189 	75 	73
f 190 	77 	76
f 78 	77 	192
f 190 	192 	77
f 80 	79 	191
f 192 	191 	79
f 78 	192 	79
f 184 	176 	198
f 184 	156 	176
f 186 	184 	198
f 201 	186 	198
f 201 	189 	186
f 190 	189 	200
f 190 	200 	257
f 191 	192 	193
f 194 	191 	193
f 194 	311 	191
f 181 	195 	172
f 203 	195 	181
f 198 	176 	195
f 203 	199 	195
f 195 	199 	198
f 201 	199 	196
f 196 	197 	200
f 201 	196 	200
f 199 	201 	198
f 189 	201 	200
f 202 	203 	181
f 202 	204 	203
f 204 	207 	203
f 206 	208 	205
f 206 	210 	208
f 209 	204 	1163
f 204 	209 	207
f 207 	209 	227
f 210 	211 	208
f 219 	208 	222
f 203 	207 	199
f 222 	212 	216
f 212 	222 	208
f 199 	207 	196
f 214 	218 	216
f 213 	217 	214
f 217 	213 	221
f 222 	216 	218
f 218 	214 	217
f 211 	212 	208
f 220 	208 	219
f 228 	224 	213
f 221 	213 	224
f 227 	209 	215
f 225 	223 	228
f 223 	224 	228
f 215 	229 	227
f 228 	235 	233
f 238 	232 	228
f 215 	230 	229
f 232 	238 	231
f 234 	228 	233
f 235 	228 	232
f 236 	231 	238
f 228 	234 	226
f 226 	225 	228
f 230 	237 	274
f 239 	246 	240
f 238 	244 	236
f 239 	236 	244
f 196 	207 	227
f 227 	229 	197
f 197 	196 	227
f 243 	238 	242
f 243 	244 	238
f 238 	250 	242
f 241 	242 	250
f 247 	250 	245
f 246 	239 	244
f 247 	241 	250
f 245 	250 	248
f 258 	251 	250
f 261 	265 	255
f 257 	200 	197
f 256 	261 	252
f 258 	250 	256
f 197 	229 	259
f 261 	256 	250
f 260 	252 	261
f 259 	257 	197
f 255 	260 	261
f 259 	193 	257
f 254 	255 	265
f 254 	265 	253
f 251 	3051 	250
f 193 	259 	262
f 265 	261 	264
f 262 	249 	194
f 263 	264 	261
f 266 	267 	261
f 194 	193 	262
f 261 	267 	263
f 291 	194 	249
f 192 	257 	193
f 190 	257 	192
f 2322 	2318 	1091
f 1400 	49 	43
f 49 	1400 	286
f 2757 	271 	272
f 273 	5345 	2607
f 230 	274 	229
f 277 	237 	269
f 237 	277 	274
f 269 	275 	277
f 269 	276 	275
f 259 	229 	274
f 274 	262 	259
f 274 	277 	262
f 277 	275 	249
f 249 	262 	277
f 279 	285 	278
f 270 	280 	276
f 276 	280 	275
f 280 	270 	282
f 284 	279 	283
f 281 	283 	279
f 279 	284 	285
f 268 	275 	280
f 286 	283 	281
f 283 	286 	1400
f 275 	268 	249
f 278 	285 	287
f 280 	282 	322
f 285 	284 	1400
f 284 	283 	1400
f 268 	280 	322
f 278 	287 	288
f 1400 	288 	287
f 287 	285 	1400
f 282 	320 	319
f 80 	191 	81
f 290 	297 	294
f 289 	296 	292
f 296 	289 	288
f 301 	292 	296
f 278 	288 	289
f 288 	1400 	296
f 301 	295 	292
f 298 	294 	297
f 299 	297 	290
f 295 	300 	290
f 299 	290 	300
f 296 	1400 	301
f 300 	302 	1400
f 302 	300 	295
f 302 	301 	1400
f 302 	295 	301
f 210 	206 	278
f 205 	279 	206
f 279 	278 	206
f 278 	211 	210
f 211 	278 	289
f 214 	295 	290
f 216 	292 	295
f 205 	281 	279
f 43 	1334 	1400
f 212 	211 	289
f 213 	214 	290
f 213 	290 	294
f 212 	289 	292
f 212 	292 	216
f 295 	214 	216
f 304 	218 	217
f 305 	303 	218
f 304 	305 	218
f 306 	220 	219
f 307 	222 	303
f 304 	217 	221
f 306 	219 	307
f 307 	305 	306
f 303 	305 	307
f 304 	306 	305
f 218 	303 	222
f 222 	307 	219
f 299 	300 	1400
f 224 	308 	221
f 1390 	228 	213
f 308 	224 	223
f 309 	310 	223
f 223 	225 	309
f 309 	225 	226
f 308 	223 	310
f 304 	221 	308
f 311 	194 	291
f 291 	293 	312
f 311 	291 	312
f 293 	313 	312
f 313 	293 	314
f 82 	81 	311
f 81 	191 	311
f 311 	83 	82
f 84 	83 	312
f 311 	312 	83
f 312 	85 	84
f 86 	85 	313
f 312 	313 	85
f 86 	313 	87
f 314 	293 	322
f 314 	315 	317
f 314 	317 	313
f 88 	87 	317
f 313 	317 	87
f 317 	315 	318
f 316 	318 	315
f 318 	316 	3266
f 317 	89 	88
f 90 	89 	318
f 317 	318 	89
f 121 	91 	3266
f 318 	3266 	91
f 90 	318 	91
f 322 	282 	319
f 320 	321 	319
f 3323 	321 	320
f 249 	268 	291
f 268 	293 	291
f 322 	293 	268
f 314 	322 	319
f 319 	321 	315
f 314 	319 	315
f 316 	321 	3327
f 315 	321 	316
f 323 	324 	326
f 323 	325 	324
f 158 	324 	325
f 92 	98 	326
f 94 	93 	324
f 326 	324 	93
f 92 	326 	93
f 94 	324 	95
f 324 	158 	95
f 368 	323 	328
f 304 	308 	306
f 308 	310 	306
f 310 	309 	306
f 329 	306 	309
f 1400 	1401 	299
f 329 	309 	226
f 297 	299 	1401
f 228 	1390 	238
f 232 	231 	330
f 232 	330 	331
f 234 	233 	332
f 232 	331 	333
f 232 	333 	235
f 236 	336 	337
f 239 	336 	236
f 235 	333 	233
f 334 	234 	332
f 330 	231 	236
f 330 	236 	335
f 334 	332 	330
f 335 	334 	330
f 331 	330 	332
f 333 	331 	332
f 332 	233 	333
f 236 	337 	335
f 335 	337 	334
f 239 	338 	336
f 239 	240 	338
f 336 	334 	337
f 338 	334 	336
f 4798 	334 	338
f 240 	4798 	338
f 341 	243 	242
f 344 	339 	243
f 244 	243 	339
f 345 	344 	243
f 243 	341 	345
f 244 	340 	246
f 341 	241 	342
f 242 	241 	341
f 343 	246 	340
f 340 	244 	339
f 342 	241 	346
f 340 	339 	344
f 340 	344 	345
f 340 	345 	341
f 340 	341 	342
f 340 	342 	346
f 340 	346 	347
f 347 	348 	340
f 340 	348 	343
f 346 	241 	247
f 347 	346 	247
f 247 	245 	347
f 238 	1390 	250
f 248 	348 	347
f 245 	248 	347
f 348 	248 	3051
f 1402 	1389 	213
f 251 	350 	349
f 350 	652 	349
f 328 	323 	326
f 327 	328 	326
f 97 	96 	327
f 327 	98 	97
f 327 	326 	98
f 163 	325 	356
f 158 	325 	163
f 370 	323 	368
f 354 	351 	355
f 353 	354 	355
f 351 	352 	169
f 355 	351 	169
f 167 	169 	352
f 356 	366 	353
f 366 	356 	370
f 353 	355 	360
f 356 	353 	360
f 357 	1660 	358
f 168 	360 	355
f 168 	355 	169
f 390 	391 	358
f 370 	356 	325
f 323 	370 	325
f 163 	356 	360
f 164 	360 	168
f 163 	360 	164
f 363 	364 	369
f 365 	363 	369
f 364 	366 	369
f 364 	367 	366
f 366 	367 	353
f 367 	354 	353
f 365 	369 	368
f 366 	370 	369
f 369 	370 	368
f 371 	372 	351
f 351 	354 	371
f 352 	372 	373
f 351 	372 	352
f 179 	374 	180
f 375 	376 	373
f 373 	372 	375
f 376 	377 	374
f 373 	376 	374
f 377 	378 	180
f 374 	377 	180
f 378 	379 	177
f 180 	378 	177
f 177 	379 	181
f 181 	379 	202
f 382 	380 	383
f 387 	478 	480
f 386 	387 	389
f 387 	384 	388
f 387 	388 	389
f 384 	398 	371
f 398 	372 	371
f 357 	358 	391
f 363 	385 	364
f 386 	389 	385
f 364 	385 	389
f 388 	367 	389
f 364 	389 	367
f 367 	388 	354
f 388 	384 	371
f 354 	388 	371
f 1571 	1572 	394
f 397 	392 	626
f 480 	384 	387
f 398 	395 	396
f 398 	384 	395
f 396 	375 	398
f 396 	399 	375
f 403 	416 	402
f 404 	405 	402
f 401 	402 	405
f 401 	405 	406
f 401 	406 	407
f 401 	407 	408
f 401 	408 	409
f 412 	402 	411
f 411 	402 	410
f 414 	415 	403
f 416 	403 	415
f 410 	402 	416
f 403 	441 	417
f 403 	417 	418
f 403 	418 	419
f 403 	419 	413
f 413 	414 	403
f 420 	402 	412
f 421 	402 	420
f 422 	402 	421
f 423 	402 	422
f 404 	402 	423
f 426 	427 	425
f 424 	425 	427
f 424 	427 	428
f 424 	428 	429
f 430 	432 	429
f 431 	432 	430
f 433 	429 	432
f 424 	429 	433
f 437 	426 	436
f 438 	426 	437
f 439 	426 	438
f 435 	436 	426
f 440 	426 	439
f 434 	435 	426
f 441 	442 	417
f 442 	443 	417
f 426 	417 	443
f 443 	444 	426
f 444 	445 	426
f 445 	446 	426
f 447 	426 	446
f 434 	426 	447
f 427 	426 	450
f 440 	450 	426
f 448 	466 	449
f 455 	518 	454
f 457 	518 	455
f 458 	518 	457
f 459 	518 	458
f 6115 	518 	459
f 6116 	518 	6115
f 463 	465 	462
f 461 	462 	465
f 518 	400 	464
f 468 	466 	456
f 448 	456 	466
f 467 	461 	465
f 456 	460 	469
f 456 	469 	468
f 460 	482 	469
f 461 	522 	462
f 463 	462 	524
f 464 	525 	735
f 454 	735 	455
f 738 	458 	457
f 459 	458 	738
f 523 	524 	462
f 524 	464 	463
f 464 	735 	454
f 472 	467 	465
f 472 	473 	467
f 375 	399 	376
f 372 	398 	375
f 470 	471 	1576
f 471 	1578 	1576
f 471 	476 	1578
f 475 	386 	672
f 476 	474 	477
f 1578 	476 	477
f 478 	386 	475
f 478 	387 	386
f 477 	474 	491
f 480 	478 	1528
f 474 	479 	491
f 480 	395 	384
f 495 	466 	492
f 486 	468 	469
f 327 	488 	481
f 487 	482 	483
f 327 	481 	328
f 99 	103 	484
f 484 	100 	99
f 481 	488 	485
f 485 	488 	484
f 101 	100 	488
f 484 	488 	100
f 469 	482 	489
f 486 	469 	489
f 96 	488 	327
f 489 	482 	487
f 101 	488 	96
f 4942 	2559 	487
f 494 	485 	484
f 479 	466 	495
f 490 	484 	103
f 495 	491 	479
f 102 	490 	103
f 466 	468 	492
f 486 	492 	468
f 1649 	477 	491
f 491 	495 	1651
f 495 	492 	496
f 1651 	495 	496
f 490 	493 	494
f 492 	486 	2562
f 497 	493 	490
f 484 	490 	494
f 104 	108 	497
f 497 	105 	104
f 102 	105 	490
f 497 	490 	105
f 261 	250 	1390
f 503 	363 	365
f 6467 	504 	6468
f 503 	365 	508
f 500 	508 	499
f 508 	500 	503
f 451 	6552 	473
f 463 	464 	465
f 400 	451 	472
f 473 	472 	451
f 511 	512 	510
f 513 	510 	512
f 512 	5826 	513
f 511 	5826 	512
f 510 	513 	452
f 453 	452 	513
f 563 	893 	560
f 514 	519 	515
f 461 	467 	522
f 523 	462 	522
f 525 	464 	524
f 526 	522 	467
f 736 	735 	527
f 737 	736 	527
f 528 	527 	735
f 530 	524 	531
f 529 	528 	735
f 522 	566 	532
f 535 	566 	536
f 537 	566 	538
f 538 	566 	539
f 6240 	539 	566
f 537 	536 	566
f 533 	532 	566
f 526 	566 	522
f 532 	531 	522
f 534 	533 	566
f 535 	534 	566
f 524 	523 	531
f 522 	531 	523
f 735 	525 	529
f 530 	543 	542
f 544 	543 	530
f 534 	547 	546
f 548 	547 	534
f 540 	527 	541
f 528 	541 	527
f 529 	542 	541
f 529 	541 	528
f 542 	529 	530
f 531 	544 	530
f 545 	544 	531
f 545 	531 	532
f 533 	546 	545
f 533 	545 	532
f 546 	533 	534
f 535 	548 	534
f 548 	535 	549
f 536 	549 	535
f 537 	550 	549
f 537 	549 	536
f 550 	537 	551
f 538 	551 	537
f 539 	552 	551
f 539 	551 	538
f 539 	2925 	552
f 561 	567 	557
f 559 	557 	556
f 556 	561 	559
f 561 	556 	555
f 561 	557 	559
f 555 	553 	561
f 576 	561 	553
f 554 	553 	555
f 563 	560 	562
f 558 	562 	560
f 517 	560 	893
f 566 	565 	564
f 567 	573 	568
f 6533 	566 	893
f 733 	734 	569
f 734 	579 	569
f 569 	568 	733
f 572 	733 	568
f 526 	893 	566
f 573 	567 	574
f 576 	575 	561
f 575 	574 	561
f 567 	561 	574
f 572 	568 	573
f 577 	502 	504
f 505 	502 	577
f 577 	504 	6467
f 897 	896 	575
f 380 	381 	583
f 383 	380 	583
f 381 	586 	585
f 583 	381 	585
f 582 	509 	584
f 514 	584 	509
f 515 	584 	514
f 6537 	582 	584
f 591 	585 	586
f 585 	591 	6499
f 590 	587 	598
f 590 	598 	597
f 598 	587 	593
f 586 	592 	591
f 587 	594 	593
f 592 	588 	595
f 591 	592 	595
f 588 	589 	599
f 595 	588 	599
f 589 	717 	599
f 519 	597 	515
f 519 	590 	597
f 589 	596 	717
f 515 	597 	6551
f 597 	598 	6558
f 601 	600 	602
f 604 	601 	602
f 601 	5955 	609
f 611 	604 	605
f 604 	611 	601
f 5955 	601 	611
f 603 	606 	382
f 606 	607 	382
f 380 	382 	607
f 622 	608 	609
f 380 	607 	381
f 612 	613 	614
f 612 	1226 	613
f 615 	612 	614
f 616 	600 	618
f 601 	618 	600
f 382 	617 	603
f 618 	615 	616
f 615 	618 	612
f 618 	608 	612
f 618 	601 	609
f 609 	608 	618
f 1579 	1580 	392
f 1570 	1579 	397
f 608 	620 	612
f 397 	394 	1572
f 1580 	1581 	392
f 1582 	1585 	390
f 626 	623 	1660
f 623 	358 	1660
f 626 	1660 	625
f 4500 	4498 	1660
f 390 	358 	623
f 392 	390 	623
f 625 	624 	394
f 397 	626 	625
f 397 	625 	394
f 628 	619 	620
f 623 	626 	392
f 619 	628 	621
f 629 	624 	627
f 624 	629 	393
f 636 	621 	628
f 624 	393 	394
f 628 	620 	630
f 630 	620 	608
f 622 	630 	608
f 630 	622 	645
f 5967 	622 	609
f 3144 	3143 	633
f 641 	621 	636
f 628 	639 	636
f 639 	628 	630
f 638 	637 	764
f 632 	764 	633
f 1202 	764 	632
f 635 	764 	637
f 634 	764 	635
f 633 	764 	634
f 645 	639 	630
f 641 	636 	1118
f 643 	636 	639
f 639 	644 	643
f 260 	656 	252
f 251 	258 	350
f 3154 	3153 	647
f 258 	655 	350
f 260 	255 	653
f 763 	3152 	640
f 260 	653 	656
f 649 	650 	252
f 652 	653 	255
f 254 	253 	652
f 255 	254 	652
f 651 	258 	650
f 256 	252 	650
f 258 	256 	650
f 653 	652 	649
f 656 	653 	649
f 350 	655 	652
f 654 	349 	652
f 655 	651 	652
f 655 	258 	651
f 651 	650 	652
f 252 	656 	649
f 650 	649 	652
f 654 	652 	253
f 5111 	349 	654
f 658 	265 	264
f 264 	657 	658
f 657 	264 	263
f 659 	265 	658
f 506 	499 	508
f 508 	660 	506
f 660 	508 	365
f 506 	481 	485
f 368 	660 	365
f 506 	660 	481
f 660 	368 	328
f 660 	328 	481
f 499 	661 	500
f 663 	664 	662
f 665 	661 	499
f 663 	665 	664
f 665 	499 	666
f 664 	665 	666
f 493 	662 	664
f 493 	664 	494
f 666 	499 	506
f 666 	494 	664
f 666 	506 	485
f 494 	666 	485
f 667 	668 	500
f 661 	667 	500
f 503 	500 	668
f 668 	669 	503
f 363 	669 	385
f 363 	503 	669
f 475 	672 	671
f 671 	672 	675
f 673 	676 	670
f 673 	667 	676
f 673 	674 	667
f 674 	668 	667
f 675 	674 	2538
f 675 	2538 	671
f 674 	675 	668
f 672 	669 	675
f 668 	675 	669
f 669 	672 	385
f 385 	672 	386
f 661 	679 	676
f 667 	661 	676
f 679 	663 	677
f 665 	679 	661
f 665 	663 	679
f 678 	677 	663
f 662 	678 	663
f 263 	681 	657
f 681 	685 	657
f 658 	657 	685
f 659 	658 	685
f 263 	267 	681
f 261 	1390 	266
f 680 	681 	267
f 680 	267 	266
f 686 	682 	683
f 1409 	1402 	213
f 686 	683 	685
f 684 	685 	683
f 680 	266 	687
f 687 	266 	682
f 687 	685 	680
f 686 	685 	687
f 682 	686 	687
f 680 	685 	681
f 684 	5275 	685
f 266 	1390 	688
f 684 	683 	690
f 682 	266 	688
f 689 	683 	682
f 683 	689 	690
f 1387 	1388 	690
f 689 	1387 	690
f 682 	688 	689
f 691 	692 	694
f 694 	692 	697
f 694 	697 	696
f 695 	692 	693
f 697 	692 	695
f 694 	696 	802
f 6468 	696 	697
f 699 	703 	610
f 703 	603 	617
f 610 	703 	617
f 607 	704 	381
f 586 	381 	704
f 586 	704 	706
f 706 	705 	592
f 592 	586 	706
f 705 	588 	592
f 705 	707 	588
f 707 	589 	588
f 589 	707 	711
f 596 	711 	708
f 596 	589 	711
f 708 	709 	719
f 596 	708 	719
f 706 	713 	705
f 1017 	713 	1018
f 1012 	713 	1000
f 1002 	713 	1006
f 1011 	713 	1003
f 1003 	713 	1004
f 1004 	713 	700
f 700 	713 	701
f 701 	713 	702
f 702 	713 	698
f 698 	713 	699
f 699 	713 	703
f 703 	713 	603
f 603 	713 	606
f 606 	713 	607
f 607 	713 	704
f 704 	713 	706
f 705 	713 	707
f 707 	713 	711
f 711 	713 	708
f 708 	713 	709
f 709 	713 	710
f 710 	713 	712
f 749 	713 	752
f 752 	713 	753
f 753 	713 	750
f 750 	713 	751
f 751 	713 	754
f 713 	748 	754
f 713 	1039 	748
f 713 	1037 	1039
f 713 	1041 	1037
f 1041 	713 	1038
f 713 	1014 	1038
f 1015 	1014 	713
f 1015 	713 	1016
f 713 	1021 	1016
f 717 	596 	718
f 596 	719 	718
f 719 	720 	718
f 719 	721 	720
f 717 	718 	6514
f 718 	720 	6517
f 716 	725 	721
f 720 	721 	725
f 720 	725 	6515
f 724 	714 	726
f 730 	727 	716
f 726 	714 	677
f 725 	716 	727
f 715 	728 	714
f 727 	730 	722
f 728 	715 	670
f 836 	725 	727
f 676 	728 	670
f 728 	677 	714
f 727 	722 	837
f 676 	679 	728
f 836 	727 	837
f 728 	679 	677
f 722 	723 	838
f 837 	722 	838
f 838 	723 	839
f 713 	729 	712
f 709 	710 	721
f 719 	709 	721
f 716 	721 	710
f 710 	712 	716
f 730 	712 	729
f 716 	712 	730
f 730 	729 	731
f 722 	730 	731
f 579 	578 	569
f 570 	569 	578
f 578 	581 	570
f 571 	570 	581
f 580 	571 	581
f 455 	735 	736
f 736 	737 	455
f 457 	455 	737
f 457 	737 	738
f 459 	738 	739
f 526 	6552 	740
f 527 	742 	737
f 739 	738 	741
f 742 	741 	737
f 741 	6218 	739
f 738 	737 	741
f 530 	529 	524
f 524 	529 	525
f 740 	893 	526
f 743 	6218 	741
f 743 	741 	744
f 742 	744 	741
f 742 	527 	744
f 540 	744 	527
f 776 	777 	553
f 776 	553 	554
f 745 	747 	784
f 745 	800 	747
f 729 	713 	749
f 729 	749 	731
f 749 	732 	731
f 732 	749 	752
f 732 	752 	755
f 753 	755 	752
f 753 	750 	758
f 755 	753 	758
f 751 	761 	760
f 751 	754 	761
f 722 	731 	723
f 723 	731 	732
f 756 	732 	755
f 723 	732 	756
f 755 	757 	756
f 757 	755 	758
f 839 	723 	756
f 756 	757 	847
f 750 	751 	760
f 758 	750 	760
f 759 	757 	758
f 758 	760 	759
f 760 	762 	759
f 760 	761 	762
f 761 	1049 	762
f 848 	759 	762
f 640 	638 	764
f 1208 	764 	1203
f 763 	764 	648
f 1200 	764 	1201
f 1180 	764 	1179
f 1181 	764 	1180
f 1182 	764 	1181
f 1183 	764 	1182
f 1184 	764 	1183
f 642 	764 	1184
f 646 	764 	642
f 647 	764 	646
f 648 	764 	647
f 1187 	764 	1185
f 1201 	764 	1202
f 1177 	771 	764
f 764 	1187 	1186
f 764 	1186 	1188
f 769 	766 	794
f 640 	764 	763
f 766 	769 	765
f 765 	769 	775
f 576 	897 	575
f 775 	778 	765
f 785 	775 	769
f 773 	774 	902
f 774 	897 	902
f 773 	902 	777
f 776 	773 	777
f 893 	740 	517
f 520 	560 	517
f 782 	3840 	781
f 894 	3840 	782
f 6273 	746 	783
f 746 	784 	783
f 784 	747 	788
f 775 	785 	809
f 783 	784 	788
f 502 	788 	747
f 775 	787 	778
f 787 	775 	809
f 789 	786 	787
f 783 	788 	501
f 505 	788 	502
f 787 	809 	790
f 505 	501 	788
f 789 	787 	790
f 792 	791 	826
f 798 	792 	832
f 766 	361 	362
f 794 	362 	793
f 794 	766 	362
f 793 	801 	794
f 793 	797 	801
f 832 	803 	798
f 801 	797 	804
f 769 	794 	799
f 795 	796 	800
f 800 	745 	795
f 800 	796 	802
f 794 	801 	799
f 798 	803 	796
f 796 	803 	802
f 803 	691 	694
f 802 	803 	694
f 800 	802 	805
f 747 	800 	805
f 785 	769 	799
f 805 	802 	696
f 801 	806 	799
f 804 	806 	801
f 808 	810 	807
f 809 	811 	790
f 809 	824 	813
f 811 	809 	813
f 804 	815 	806
f 814 	810 	808
f 845 	815 	804
f 810 	814 	812
f 816 	812 	814
f 818 	812 	816
f 806 	815 	825
f 691 	803 	832
f 819 	810 	812
f 799 	820 	785
f 819 	691 	832
f 799 	806 	820
f 819 	812 	821
f 825 	820 	806
f 821 	691 	819
f 812 	822 	821
f 817 	823 	818
f 820 	824 	785
f 818 	823 	812
f 809 	785 	824
f 812 	823 	822
f 830 	820 	825
f 691 	821 	692
f 821 	822 	693
f 693 	692 	821
f 869 	830 	825
f 827 	813 	824
f 824 	829 	827
f 828 	792 	826
f 820 	830 	824
f 810 	834 	807
f 833 	829 	830
f 824 	830 	829
f 828 	834 	792
f 831 	834 	828
f 830 	869 	835
f 792 	834 	832
f 833 	830 	835
f 834 	819 	832
f 725 	836 	6515
f 831 	807 	834
f 834 	810 	819
f 6515 	836 	797
f 836 	837 	841
f 841 	797 	836
f 837 	838 	842
f 841 	837 	842
f 838 	839 	846
f 842 	838 	846
f 797 	841 	804
f 841 	842 	845
f 804 	841 	845
f 842 	864 	845
f 849 	846 	839
f 845 	864 	867
f 847 	839 	756
f 759 	851 	757
f 851 	759 	848
f 839 	847 	849
f 847 	850 	849
f 757 	851 	847
f 847 	851 	850
f 851 	848 	852
f 850 	851 	852
f 848 	1261 	852
f 678 	726 	677
f 662 	493 	853
f 497 	853 	493
f 853 	497 	854
f 110 	856 	106
f 106 	854 	107
f 107 	854 	108
f 854 	497 	108
f 662 	853 	1160
f 109 	855 	856
f 109 	856 	110
f 856 	853 	854
f 854 	106 	856
f 111 	855 	112
f 112 	855 	109
f 855 	857 	1158
f 855 	1158 	856
f 855 	858 	857
f 113 	858 	114
f 111 	858 	855
f 114 	858 	111
f 860 	858 	859
f 860 	857 	858
f 115 	859 	116
f 113 	116 	859
f 113 	859 	858
f 862 	4075 	863
f 863 	1159 	862
f 726 	863 	724
f 863 	726 	1159
f 678 	1159 	726
f 850 	852 	876
f 846 	864 	842
f 864 	846 	865
f 815 	845 	867
f 864 	865 	866
f 866 	865 	877
f 868 	825 	815
f 867 	864 	866
f 815 	867 	868
f 866 	870 	867
f 867 	870 	868
f 825 	868 	869
f 868 	873 	869
f 868 	870 	873
f 880 	881 	870
f 871 	835 	869
f 869 	872 	871
f 874 	872 	873
f 869 	873 	872
f 873 	881 	875
f 874 	873 	875
f 849 	865 	846
f 849 	850 	878
f 849 	878 	865
f 850 	876 	878
f 865 	878 	877
f 876 	879 	878
f 878 	879 	877
f 1272 	879 	876
f 877 	880 	866
f 880 	870 	866
f 883 	880 	877
f 883 	877 	879
f 870 	881 	873
f 880 	882 	881
f 880 	883 	882
f 884 	875 	881
f 885 	886 	882
f 881 	882 	886
f 884 	881 	886
f 885 	882 	887
f 887 	882 	1277
f 888 	889 	890
f 1076 	780 	779
f 516 	517 	740
f 774 	3840 	894
f 780 	781 	3840
f 773 	3840 	774
f 892 	895 	891
f 774 	894 	896
f 774 	896 	897
f 892 	901 	895
f 898 	899 	572
f 572 	573 	898
f 899 	898 	894
f 895 	900 	903
f 899 	894 	782
f 573 	574 	896
f 900 	895 	901
f 574 	575 	896
f 898 	573 	896
f 897 	576 	902
f 896 	894 	898
f 899 	1079 	733
f 899 	733 	572
f 902 	576 	777
f 553 	777 	576
f 905 	903 	900
f 905 	900 	906
f 1079 	899 	782
f 904 	903 	905
f 907 	908 	578
f 578 	908 	581
f 891 	895 	912
f 910 	911 	909
f 910 	912 	911
f 912 	895 	903
f 912 	903 	911
f 914 	909 	911
f 914 	911 	915
f 913 	909 	914
f 915 	911 	916
f 916 	911 	903
f 916 	903 	904
f 890 	918 	888
f 920 	932 	917
f 933 	920 	919
f 920 	917 	922
f 919 	920 	922
f 922 	917 	6103
f 6104 	917 	890
f 6103 	917 	6104
f 923 	922 	6296
f 921 	892 	891
f 919 	923 	921
f 923 	919 	922
f 923 	892 	921
f 924 	926 	928
f 926 	925 	929
f 921 	925 	919
f 921 	929 	925
f 926 	929 	928
f 929 	921 	891
f 928 	930 	927
f 930 	928 	929
f 929 	891 	930
f 930 	910 	927
f 891 	912 	930
f 912 	910 	930
f 888 	918 	889
f 6438 	935 	941
f 933 	931 	934
f 934 	932 	920
f 920 	933 	934
f 935 	917 	932
f 918 	6438 	889
f 935 	6438 	918
f 890 	917 	918
f 917 	935 	918
f 925 	933 	919
f 936 	939 	947
f 939 	937 	931
f 939 	931 	947
f 937 	938 	934
f 931 	937 	934
f 932 	934 	938
f 938 	1011 	940
f 940 	932 	938
f 940 	935 	932
f 941 	935 	940
f 6443 	6438 	941
f 944 	931 	933
f 942 	943 	978
f 978 	943 	924
f 945 	924 	943
f 945 	944 	926
f 924 	945 	926
f 926 	944 	925
f 933 	925 	944
f 947 	949 	936
f 948 	942 	946
f 948 	943 	942
f 948 	949 	943
f 949 	947 	945
f 943 	949 	945
f 944 	945 	947
f 947 	931 	944
f 927 	910 	950
f 909 	950 	910
f 951 	953 	952
f 954 	950 	909
f 953 	951 	954
f 953 	954 	955
f 954 	909 	956
f 913 	956 	909
f 956 	955 	954
f 924 	928 	959
f 958 	957 	959
f 958 	959 	927
f 927 	959 	928
f 961 	957 	958
f 961 	958 	962
f 960 	961 	962
f 958 	950 	962
f 950 	958 	927
f 951 	967 	960
f 962 	951 	960
f 962 	950 	954
f 962 	954 	951
f 952 	969 	951
f 960 	963 	961
f 964 	966 	965
f 966 	964 	967
f 966 	967 	968
f 967 	951 	969
f 968 	967 	969
f 972 	963 	960
f 970 	964 	971
f 964 	970 	972
f 972 	960 	967
f 967 	964 	972
f 974 	971 	964
f 974 	964 	965
f 973 	971 	974
f 983 	942 	977
f 983 	977 	975
f 977 	942 	978
f 977 	957 	979
f 957 	977 	978
f 978 	959 	957
f 978 	924 	959
f 975 	979 	976
f 979 	975 	977
f 979 	963 	976
f 957 	961 	979
f 963 	979 	961
f 981 	980 	1063
f 981 	1063 	982
f 982 	975 	981
f 983 	1027 	946
f 1027 	983 	982
f 983 	946 	942
f 982 	983 	975
f 985 	980 	981
f 984 	980 	985
f 976 	981 	975
f 981 	976 	985
f 987 	984 	985
f 986 	984 	987
f 985 	989 	987
f 989 	985 	976
f 989 	976 	963
f 988 	986 	987
f 987 	970 	988
f 989 	970 	987
f 989 	963 	972
f 972 	970 	989
f 971 	988 	970
f 973 	993 	971
f 971 	990 	988
f 991 	998 	990
f 991 	990 	992
f 992 	990 	993
f 990 	971 	993
f 988 	995 	986
f 995 	990 	998
f 995 	988 	990
f 1574 	994 	996
f 994 	997 	996
f 997 	994 	998
f 997 	998 	999
f 999 	998 	991
f 498 	1005 	1008
f 1006 	1007 	937
f 1005 	1009 	1010
f 1005 	1010 	1008
f 1007 	938 	937
f 938 	1007 	1011
f 1011 	1003 	940
f 941 	1003 	1004
f 940 	1003 	941
f 1013 	1000 	1001
f 1002 	936 	1001
f 1013 	1001 	936
f 936 	1002 	939
f 1002 	1006 	939
f 1006 	937 	939
f 949 	1013 	936
f 713 	1019 	1018
f 1019 	713 	1020
f 713 	1012 	1020
f 1001 	1000 	713
f 713 	1002 	1001
f 1007 	1006 	713
f 1007 	713 	1011
f 713 	1022 	1021
f 1022 	713 	1017
f 1031 	1017 	1035
f 1017 	1031 	1022
f 1020 	1023 	1019
f 1020 	1024 	1023
f 1024 	1020 	1012
f 1012 	1000 	1028
f 1028 	1000 	1013
f 1027 	1023 	1024
f 946 	1027 	1024
f 1012 	1028 	1024
f 1028 	946 	1024
f 1028 	948 	946
f 1028 	1013 	948
f 1013 	949 	948
f 1029 	1026 	1023
f 1026 	1029 	1025
f 1029 	1023 	1027
f 1027 	982 	1029
f 982 	1063 	1029
f 1030 	1016 	1021
f 1031 	1030 	1021
f 1031 	1021 	1022
f 1032 	1017 	1018
f 1017 	1032 	1035
f 1019 	1026 	1018
f 1026 	1019 	1023
f 1033 	1030 	1031
f 1031 	1034 	1033
f 1034 	1031 	1035
f 1036 	1032 	1025
f 1026 	1032 	1018
f 1025 	1032 	1026
f 1036 	1035 	1032
f 1035 	1036 	1034
f 1062 	1036 	1025
f 748 	1047 	1048
f 748 	1039 	1047
f 1039 	1037 	1040
f 1037 	1042 	1040
f 1037 	1041 	1042
f 1014 	1043 	1038
f 748 	1048 	754
f 1048 	761 	754
f 1040 	1042 	1052
f 1041 	1038 	1045
f 1042 	1041 	1045
f 1014 	1015 	1046
f 1046 	1015 	1044
f 1044 	1015 	1016
f 1038 	1043 	1045
f 1014 	1046 	1043
f 1053 	1043 	1046
f 1030 	1054 	1044
f 1039 	1040 	1047
f 1048 	1047 	1051
f 1048 	1051 	1049
f 1047 	1050 	1051
f 1047 	1040 	1050
f 1052 	1050 	1040
f 761 	1048 	1049
f 1255 	1049 	1051
f 1052 	1057 	1059
f 1045 	1043 	1058
f 1053 	1058 	1043
f 1030 	1044 	1016
f 1033 	1054 	1030
f 1056 	1046 	1044
f 1053 	1046 	1056
f 1056 	1044 	1054
f 1055 	1053 	1056
f 1042 	1057 	1052
f 1057 	1042 	1045
f 1058 	1057 	1045
f 1060 	1058 	1053
f 1055 	1060 	1053
f 1061 	1057 	1058
f 1057 	1061 	1059
f 1061 	1058 	1060
f 1025 	1063 	1062
f 1063 	1025 	1029
f 980 	1062 	1063
f 1065 	1062 	980
f 984 	1065 	980
f 1069 	1068 	1034
f 1069 	1034 	1036
f 1068 	1033 	1034
f 1033 	1068 	1066
f 1067 	1066 	1068
f 1067 	1068 	1064
f 1069 	1036 	1062
f 1069 	1064 	1068
f 1069 	1062 	1065
f 1064 	1069 	1065
f 1070 	1067 	1064
f 1064 	1065 	1073
f 1064 	1073 	1070
f 984 	1073 	1065
f 1071 	1067 	1070
f 1071 	1070 	1075
f 1074 	1071 	1075
f 1070 	1072 	1075
f 1072 	1070 	1073
f 986 	1073 	984
f 1073 	986 	1072
f 908 	907 	781
f 578 	579 	907
f 1074 	1075 	1569
f 907 	1077 	781
f 1078 	1076 	580
f 1078 	580 	581
f 1567 	1075 	1072
f 581 	908 	1078
f 1569 	1075 	1567
f 781 	780 	908
f 986 	995 	1072
f 1078 	780 	1076
f 1077 	907 	734
f 579 	734 	907
f 780 	1078 	908
f 1066 	1090 	1054
f 1079 	782 	1077
f 1066 	1054 	1033
f 1077 	734 	1079
f 1061 	1060 	1093
f 1077 	782 	781
f 733 	1079 	734
f 1080 	1083 	1081
f 1082 	1081 	1083
f 1084 	1085 	1086
f 1084 	1086 	1087
f 1090 	1056 	1054
f 1055 	1056 	1090
f 1088 	1055 	1090
f 2318 	3888 	1091
f 1066 	1124 	1090
f 1124 	1066 	1067
f 154 	2608 	1089
f 1093 	1095 	1092
f 1099 	1081 	1097
f 1060 	1098 	1093
f 1100 	1081 	1099
f 1098 	1060 	1055
f 1088 	1098 	1055
f 1081 	1100 	1101
f 1102 	1081 	1101
f 1093 	1098 	1095
f 1103 	1081 	1102
f 1105 	1081 	1104
f 1081 	1094 	1096
f 1096 	1097 	1081
f 1109 	1094 	1108
f 644 	639 	645
f 1110 	1094 	1109
f 1111 	1094 	1110
f 1094 	1111 	1112
f 1115 	1094 	1114
f 1107 	1096 	1094
f 1125 	643 	644
f 1117 	1009 	1116
f 1005 	1116 	1009
f 1116 	1131 	1117
f 643 	1118 	636
f 1008 	1010 	1121
f 1120 	1008 	1121
f 1088 	1127 	1129
f 1118 	1123 	1126
f 1090 	1124 	1088
f 1123 	1118 	643
f 1127 	1088 	1124
f 1071 	1124 	1067
f 1125 	1123 	643
f 1128 	1092 	1095
f 1092 	1128 	1289
f 1098 	1088 	1129
f 1071 	1127 	1124
f 1098 	1129 	1095
f 1132 	1116 	1149
f 1130 	1122 	1155
f 1133 	1131 	1132
f 1116 	1132 	1131
f 1130 	1134 	1122
f 1132 	1122 	1134
f 1133 	1132 	1134
f 1135 	1138 	1137
f 1138 	1139 	1137
f 1138 	4838 	1140
f 1138 	1140 	1139
f 1136 	1141 	1140
f 1139 	1140 	1141
f 1137 	1139 	498
f 1005 	498 	1139
f 1139 	1141 	1005
f 1005 	1141 	1116
f 1143 	1146 	1136
f 1143 	1144 	1146
f 1145 	1144 	4904
f 1144 	1145 	1147
f 1146 	1144 	1147
f 1145 	1142 	1151
f 1145 	1151 	1147
f 1146 	1149 	1136
f 1149 	1141 	1136
f 1146 	1147 	1150
f 1149 	1146 	1150
f 1147 	1148 	1150
f 1147 	1151 	1148
f 1141 	1149 	1116
f 1149 	1150 	1132
f 1150 	1148 	1122
f 1122 	1132 	1150
f 2603 	1538 	1152
f 1148 	1156 	1122
f 1157 	1155 	1156
f 1122 	1156 	1155
f 857 	861 	862
f 857 	860 	861
f 857 	862 	1158
f 1158 	862 	1159
f 1160 	1159 	678
f 1158 	1159 	1160
f 1160 	678 	662
f 1158 	1160 	856
f 856 	1160 	853
f 376 	399 	1161
f 376 	1161 	377
f 1164 	377 	1161
f 1164 	1162 	378
f 377 	1164 	378
f 1162 	379 	378
f 1165 	379 	1162
f 1165 	202 	379
f 202 	1165 	1166
f 1166 	1163 	204
f 1166 	204 	202
f 1167 	209 	1163
f 209 	1167 	215
f 1167 	1169 	215
f 215 	1169 	230
f 1170 	1417 	1168
f 230 	1169 	1170
f 237 	1170 	1168
f 230 	1170 	237
f 1176 	1127 	1074
f 1074 	1127 	1071
f 1223 	1173 	1172
f 1095 	1174 	1128
f 1174 	1095 	1129
f 1128 	1174 	1250
f 1119 	1175 	1173
f 1175 	1119 	1126
f 1176 	1129 	1127
f 1129 	1176 	1174
f 1126 	1123 	1215
f 1215 	1175 	1126
f 1185 	764 	767
f 768 	767 	764
f 770 	768 	764
f 1206 	1214 	764
f 1178 	1177 	764
f 771 	770 	764
f 764 	1189 	1179
f 764 	1188 	1189
f 3144 	633 	634
f 3148 	635 	637
f 3151 	3150 	640
f 640 	3152 	3151
f 3152 	763 	648
f 3154 	647 	646
f 3156 	3155 	642
f 3165 	3156 	1184
f 1179 	3170 	1180
f 3171 	1179 	1189
f 1188 	3172 	1189
f 1187 	3174 	1186
f 642 	1184 	3156
f 1184 	1183 	3165
f 1181 	3168 	1182
f 1180 	3169 	1181
f 3175 	3174 	1185
f 1192 	4500 	1191
f 1191 	1190 	1195
f 1192 	1191 	1193
f 1191 	1195 	1193
f 1194 	1195 	1190
f 625 	1660 	624
f 1193 	1508 	1192
f 1205 	764 	1196
f 1199 	1198 	764
f 1198 	1197 	764
f 1196 	764 	1197
f 1208 	1207 	764
f 1206 	764 	1207
f 1199 	764 	1200
f 1204 	764 	1205
f 1203 	764 	1204
f 1212 	764 	1213
f 1214 	1213 	764
f 1211 	764 	1212
f 1210 	764 	1211
f 1209 	764 	1210
f 1178 	764 	1209
f 3125 	3124 	1197
f 1216 	1123 	1125
f 1123 	1216 	1215
f 1125 	6181 	1216
f 1173 	1617 	1172
f 1618 	1173 	1175
f 1617 	1173 	1618
f 1175 	1215 	1619
f 1219 	1220 	631
f 1219 	631 	641
f 1118 	1219 	641
f 1217 	1218 	1224
f 1223 	1218 	1220
f 1220 	1219 	1119
f 1126 	1219 	1118
f 1119 	1219 	1126
f 1218 	1223 	1224
f 1217 	1224 	1222
f 1224 	1171 	1222
f 1224 	1223 	1172
f 1171 	1224 	1172
f 1223 	1220 	1119
f 1173 	1223 	1119
f 1225 	1226 	1232
f 1226 	1225 	1227
f 613 	1226 	1227
f 620 	1226 	612
f 1230 	1225 	1232
f 1228 	1231 	1234
f 1232 	1229 	1230
f 1229 	1232 	1228
f 1231 	1228 	1232
f 619 	1232 	1226
f 1231 	1232 	619
f 1226 	620 	619
f 1234 	1231 	1235
f 1233 	1234 	1235
f 621 	1231 	619
f 1231 	621 	1235
f 631 	1233 	1235
f 641 	1235 	621
f 631 	1235 	641
f 1238 	1236 	1237
f 1240 	1228 	1243
f 1240 	1243 	1239
f 1241 	1228 	1240
f 1228 	1241 	1229
f 1236 	1242 	1249
f 1243 	1238 	1239
f 1238 	1243 	1236
f 1242 	1236 	1243
f 1234 	1243 	1228
f 1242 	1243 	1234
f 1233 	1242 	1234
f 1236 	1247 	1245
f 1244 	1245 	1247
f 1236 	1245 	1237
f 1250 	1246 	1128
f 1247 	1611 	1244
f 1250 	1174 	1248
f 1248 	1174 	1176
f 1236 	1249 	1247
f 1253 	1247 	1249
f 1592 	1246 	1250
f 1255 	1257 	1049
f 1253 	1249 	1519
f 1050 	1256 	1051
f 1051 	1256 	1255
f 1255 	1256 	1260
f 1256 	1262 	1263
f 1260 	1256 	1263
f 1049 	1257 	762
f 762 	1257 	848
f 848 	1257 	1261
f 1255 	1259 	1257
f 1259 	1255 	1260
f 1259 	1265 	1258
f 1259 	1260 	1265
f 1259 	1261 	1257
f 1261 	1259 	1258
f 852 	1261 	1270
f 1050 	1262 	1256
f 1052 	1262 	1050
f 1059 	1262 	1052
f 1262 	1264 	1263
f 1264 	1262 	1059
f 1059 	1061 	1267
f 1266 	1263 	1264
f 1264 	1287 	1266
f 1059 	1267 	1264
f 1267 	1287 	1264
f 1267 	1092 	1287
f 1093 	1267 	1061
f 1267 	1093 	1092
f 1265 	1268 	1279
f 1263 	1269 	1260
f 1260 	1269 	1265
f 1269 	1263 	1266
f 1265 	1269 	1268
f 1258 	1270 	1261
f 852 	1270 	876
f 1271 	1270 	1258
f 1258 	1279 	1271
f 1272 	876 	1270
f 883 	879 	1273
f 1271 	1272 	1270
f 1272 	1271 	1275
f 1273 	879 	1272
f 1272 	1275 	1273
f 1280 	1275 	1271
f 1273 	1274 	1277
f 1273 	1275 	1274
f 1275 	1280 	1284
f 1273 	1277 	883
f 1282 	1276 	1274
f 883 	1277 	882
f 1277 	1274 	1276
f 1276 	1278 	1277
f 1277 	1278 	887
f 1258 	1265 	1279
f 1280 	1271 	1279
f 1279 	1281 	1280
f 1279 	1268 	1281
f 1563 	1281 	1562
f 1290 	1281 	1268
f 1562 	1281 	1290
f 1274 	1283 	1282
f 1274 	1275 	1284
f 1285 	1283 	1284
f 1284 	1283 	1274
f 1285 	1284 	1286
f 1288 	1269 	1266
f 1269 	1288 	1268
f 1292 	1266 	1287
f 1288 	1266 	1292
f 1092 	1289 	1287
f 1290 	1268 	1288
f 1288 	1291 	1290
f 1292 	1287 	1289
f 1291 	1288 	1292
f 1290 	1291 	1559
f 1292 	1289 	1294
f 1246 	1289 	1128
f 1246 	1294 	1289
f 1292 	1294 	1291
f 1296 	1291 	1294
f 1294 	1246 	1295
f 1296 	1294 	1295
f 1246 	1592 	1295
f 1298 	1295 	1299
f 1302 	1081 	1301
f 1304 	1080 	1303
f 1309 	1080 	1308
f 1310 	1080 	1309
f 1311 	1080 	1310
f 1312 	1080 	1311
f 1307 	1308 	1080
f 1313 	1080 	1312
f 1314 	1080 	1313
f 1315 	1080 	1314
f 1317 	1333 	1316
f 1317 	1318 	1333
f 1319 	1333 	1318
f 1320 	1333 	1319
f 1321 	1333 	1320
f 1322 	1333 	1321
f 1323 	1333 	1322
f 1324 	1333 	1323
f 1325 	1333 	1324
f 1326 	1333 	1325
f 1326 	1327 	1333
f 1329 	1330 	1333
f 1332 	1094 	1331
f 1080 	1316 	1333
f 1328 	1333 	1327
f 1315 	1316 	1080
f 1094 	1333 	1330
f 1331 	1094 	1330
f 1108 	1094 	1332
f 1113 	1094 	1112
f 1328 	1329 	1333
f 1113 	1114 	1094
f 1115 	1107 	1094
f 1103 	1104 	1081
f 1300 	1081 	1106
f 1105 	1106 	1081
f 1300 	1301 	1081
f 1303 	1080 	1302
f 1305 	1080 	1304
f 1306 	1080 	1305
f 1307 	1080 	1306
f 1081 	1302 	1080
f 43 	3884 	1334
f 1340 	1085 	1339
f 1346 	1085 	1340
f 1349 	1085 	1348
f 1350 	1085 	1349
f 1351 	1085 	1350
f 1342 	1510 	1341
f 1343 	1510 	1342
f 1345 	1510 	1344
f 1344 	1510 	1343
f 1085 	1510 	1335
f 1336 	1085 	1335
f 1348 	1085 	1347
f 1346 	1347 	1085
f 1352 	1085 	1351
f 1085 	1352 	1353
f 1085 	1353 	1354
f 1358 	1086 	1357
f 1362 	1086 	1361
f 1358 	1359 	1086
f 1363 	1086 	1362
f 1086 	1359 	1360
f 1364 	1086 	1363
f 1365 	1086 	1364
f 1334 	1086 	1366
f 1360 	1361 	1086
f 1381 	1334 	1367
f 1370 	1334 	1369
f 1371 	1334 	1370
f 1369 	1334 	1368
f 1372 	1334 	1371
f 1379 	1510 	1378
f 1380 	1510 	1379
f 1341 	1510 	1380
f 689 	688 	1386
f 1386 	1387 	689
f 688 	1392 	1386
f 1387 	1398 	1388
f 1399 	1393 	1389
f 688 	1390 	1392
f 1390 	1389 	1391
f 1391 	1389 	1393
f 1392 	1390 	1391
f 1386 	1398 	1387
f 1386 	1392 	1391
f 1393 	1386 	1391
f 1386 	1393 	1399
f 1390 	213 	1389
f 1395 	1389 	1402
f 1396 	1395 	1402
f 1394 	1398 	1396
f 1397 	1396 	1398
f 1389 	1395 	1399
f 1399 	1397 	1386
f 1398 	1386 	1397
f 1395 	1397 	1399
f 1395 	1396 	1397
f 1396 	1402 	1394
f 1394 	1402 	1404
f 298 	297 	1401
f 3036 	234 	334
f 654 	253 	5111
f 298 	2498 	294
f 1402 	1403 	1404
f 1405 	1394 	1404
f 1406 	1404 	1407
f 1407 	1404 	1403
f 1403 	1412 	1407
f 1408 	1406 	1412
f 1407 	1412 	1406
f 1406 	1408 	1405
f 1404 	1406 	1405
f 1402 	1409 	1403
f 1409 	1425 	1410
f 1411 	1403 	1409
f 1411 	1412 	1403
f 1411 	1409 	1413
f 1413 	1409 	1410
f 1408 	1411 	1413
f 1411 	1408 	1412
f 1168 	269 	237
f 2415 	2407 	213
f 1425 	1409 	213
f 1410 	1425 	1414
f 1420 	1408 	1422
f 1419 	1422 	1408
f 1419 	1410 	1414
f 1419 	1408 	1413
f 1419 	1413 	1410
f 1416 	1419 	1414
f 1416 	1422 	1419
f 1415 	1420 	1416
f 1166 	1165 	1554
f 1416 	1420 	1422
f 1163 	1166 	1423
f 5393 	1405 	1408
f 1163 	1423 	1424
f 1167 	1163 	1424
f 2498 	2771 	294
f 1416 	1425 	1415
f 1416 	1414 	1425
f 1426 	1167 	1424
f 1425 	1427 	1432
f 1427 	1425 	213
f 213 	2432 	2415
f 1427 	1437 	1428
f 1427 	1428 	1429
f 1428 	1433 	1429
f 1434 	1429 	1433
f 1432 	1430 	1425
f 1431 	5413 	1425
f 1430 	1431 	1425
f 1433 	1431 	1430
f 1432 	1427 	1429
f 1435 	1430 	1434
f 1429 	1434 	1432
f 1432 	1434 	1430
f 1435 	1434 	1433
f 1433 	1430 	1435
f 1427 	213 	1436
f 1436 	213 	2407
f 1436 	1437 	1427
f 1440 	2407 	1438
f 1439 	1436 	2407
f 1440 	1439 	2407
f 1441 	1428 	1437
f 1441 	1437 	1442
f 1443 	1438 	1444
f 1442 	1437 	1436
f 1442 	1436 	1439
f 1444 	1433 	1443
f 1445 	1443 	1433
f 1428 	1441 	1433
f 1441 	1442 	1433
f 1445 	1433 	1442
f 1445 	1442 	1439
f 1439 	1443 	1445
f 1440 	1438 	1443
f 1439 	1440 	1443
f 844 	840 	1446
f 843 	844 	1446
f 840 	745 	1446
f 795 	745 	840
f 843 	1446 	746
f 1446 	745 	784
f 784 	746 	1446
f 1448 	1451 	1447
f 1449 	1448 	1447
f 1456 	1448 	1450
f 1450 	1448 	1449
f 1451 	1448 	1454
f 1451 	1454 	1453
f 1454 	1448 	1460
f 1453 	844 	1452
f 1454 	844 	1453
f 840 	1454 	1460
f 840 	844 	1454
f 1452 	843 	6341
f 1452 	844 	843
f 1447 	1451 	1455
f 6466 	1451 	1453
f 1457 	1456 	1450
f 1459 	1456 	1457
f 792 	1462 	791
f 1458 	791 	1462
f 1460 	1448 	1456
f 1456 	1461 	1460
f 1458 	1462 	1459
f 1459 	1462 	1456
f 1456 	1462 	1461
f 1462 	792 	798
f 1461 	1462 	798
f 795 	1460 	1461
f 1460 	795 	840
f 1461 	796 	795
f 1461 	798 	796
f 1465 	1463 	1464
f 1465 	1468 	1463
f 1466 	1468 	1465
f 3605 	1463 	1468
f 1466 	1467 	1468
f 1471 	1472 	1473
f 1472 	1476 	1473
f 1474 	1463 	1472
f 1474 	1472 	1471
f 1464 	1463 	1474
f 1470 	1473 	1476
f 1476 	1472 	1477
f 1475 	1476 	1477
f 1469 	1472 	1463
f 3613 	1475 	1477
f 1477 	1472 	1469
f 1480 	1478 	1488
f 1476 	1481 	1470
f 1484 	1486 	1478
f 1478 	1482 	1484
f 1479 	1483 	1480
f 1480 	1483 	1478
f 1483 	1479 	1481
f 1482 	1478 	1483
f 1483 	1475 	1482
f 1476 	1483 	1481
f 1475 	1483 	1476
f 1487 	1486 	1485
f 1478 	1489 	1488
f 1478 	1486 	1489
f 1489 	1486 	1487
f 1086 	1334 	3884
f 1492 	3894 	1494
f 1493 	3894 	1495
f 1501 	3894 	1503
f 1426 	1418 	1169
f 1167 	1426 	1169
f 1418 	1417 	1170
f 1169 	1418 	1170
f 1168 	1417 	1504
f 1505 	1506 	4500
f 1505 	1192 	1508
f 629 	627 	2760
f 1384 	1334 	1383
f 1368 	1334 	1509
f 1385 	1509 	1334
f 1384 	1385 	1334
f 1366 	1367 	1334
f 1383 	1334 	1382
f 1382 	1334 	1381
f 1365 	1366 	1086
f 1338 	1085 	1337
f 1337 	1085 	1336
f 1339 	1085 	1338
f 1345 	1335 	1510
f 1373 	1510 	1372
f 1374 	1510 	1373
f 1376 	1510 	1375
f 1375 	1510 	1374
f 1377 	1510 	1376
f 1378 	1510 	1377
f 1334 	1372 	1510
f 1355 	1086 	1354
f 1356 	1086 	1355
f 1356 	1357 	1086
f 1085 	1354 	1086
f 3036 	3031 	234
f 3064 	3056 	265
f 248 	250 	3051
f 3025 	3015 	220
f 240 	246 	3040
f 226 	234 	3031
f 3181 	208 	4046
f 3015 	4046 	208
f 394 	393 	1577
f 397 	1572 	1570
f 1575 	1577 	393
f 394 	1577 	1571
f 392 	397 	1579
f 2762 	1587 	2760
f 1511 	1512 	1154
f 1156 	1154 	1512
f 1157 	1156 	1512
f 1154 	1513 	1534
f 1534 	1535 	1154
f 1511 	1154 	1535
f 3166 	3165 	1183
f 1513 	1538 	1534
f 3167 	3166 	1182
f 1513 	1152 	1538
f 3168 	1181 	3169
f 3171 	1189 	3172
f 3125 	1197 	1198
f 3127 	3126 	1199
f 1200 	3128 	3127
f 1200 	3127 	1199
f 1203 	1204 	3131
f 1516 	1249 	1242
f 1516 	1519 	1249
f 1233 	1516 	1242
f 395 	1545 	1514
f 1252 	1517 	1251
f 480 	1545 	395
f 1517 	1252 	1253
f 1517 	1253 	1519
f 395 	1514 	396
f 1522 	1251 	1517
f 396 	1514 	1518
f 396 	1518 	399
f 399 	1518 	1520
f 1520 	1515 	1161
f 399 	1520 	1161
f 1515 	1164 	1161
f 1522 	1521 	1251
f 1517 	1524 	1522
f 1515 	1523 	1164
f 1524 	1517 	1519
f 1162 	1164 	1523
f 1519 	1516 	1532
f 1162 	1523 	1525
f 1162 	1525 	1165
f 1525 	1554 	1165
f 1530 	1521 	1522
f 1519 	1532 	1524
f 1532 	1217 	1524
f 1527 	1526 	2560
f 1532 	1218 	1217
f 1533 	1516 	1233
f 1516 	1533 	1532
f 1533 	1233 	631
f 1532 	1533 	1218
f 1533 	631 	1220
f 1218 	1533 	1220
f 1535 	1534 	1536
f 1534 	1537 	1536
f 1539 	1522 	1524
f 1522 	1539 	1530
f 1539 	1524 	1217
f 1539 	1221 	1530
f 1537 	1534 	1538
f 1537 	1538 	1540
f 1539 	1217 	1222
f 2604 	1541 	2603
f 1538 	2603 	1541
f 1540 	1538 	1541
f 1203 	3131 	1208
f 629 	2760 	1587
f 1542 	671 	1529
f 1542 	1531 	475
f 671 	1542 	475
f 1531 	1528 	478
f 478 	475 	1531
f 480 	1528 	1545
f 1543 	1552 	1547
f 1549 	1543 	1546
f 1552 	1543 	1550
f 1543 	46 	1551
f 1553 	1551 	46
f 1551 	1550 	1543
f 1547 	1546 	1543
f 1555 	1543 	1548
f 1549 	1548 	1543
f 1555 	1557 	1543
f 1556 	1543 	1557
f 1554 	1423 	1166
f 1543 	1556 	1558
f 1296 	1295 	1298
f 1297 	1296 	1298
f 1254 	1295 	1592
f 1299 	1295 	1254
f 1559 	1291 	1296
f 1560 	1293 	1559
f 1559 	1561 	1560
f 1297 	1561 	1296
f 1559 	1296 	1561
f 1280 	1281 	1563
f 1563 	1284 	1280
f 1559 	1562 	1290
f 1564 	1286 	1563
f 1284 	1563 	1286
f 1565 	1566 	1562
f 1563 	1562 	1566
f 1564 	1563 	1566
f 1293 	1562 	1559
f 1565 	1562 	1293
f 1558 	1556 	1584
f 1584 	1585 	1589
f 1569 	1567 	994
f 629 	1586 	393
f 1568 	1569 	994
f 994 	1567 	998
f 1567 	1072 	995
f 998 	1567 	995
f 1571 	1589 	1572
f 1574 	1568 	994
f 1589 	1570 	1572
f 1573 	1568 	1574
f 1595 	470 	1576
f 1583 	1176 	1074
f 1577 	1589 	1571
f 1575 	1589 	1577
f 1569 	1583 	1074
f 1581 	1582 	390
f 1581 	1580 	1589
f 390 	392 	1581
f 1248 	1176 	1583
f 1580 	1579 	1589
f 1585 	1584 	391
f 1585 	1582 	1589
f 391 	390 	1585
f 1558 	1584 	1589
f 1582 	1581 	1589
f 1579 	1570 	1589
f 1583 	1568 	1588
f 1575 	393 	1586
f 629 	1587 	1586
f 1583 	1569 	1568
f 1590 	1600 	1588
f 1586 	4299 	1575
f 2762 	5184 	1587
f 1588 	1568 	1591
f 1591 	1568 	1573
f 1590 	1588 	1591
f 1588 	1598 	1248
f 1594 	1151 	1142
f 1777 	1593 	1776
f 1588 	1248 	1583
f 1596 	1254 	1592
f 1592 	1597 	1596
f 1780 	1593 	1777
f 1598 	1250 	1248
f 1250 	1598 	1592
f 2565 	1593 	2575
f 2979 	1593 	2567
f 1597 	1592 	1598
f 1597 	1598 	1599
f 1599 	1598 	1600
f 3012 	1593 	2979
f 1598 	1588 	1600
f 2567 	1593 	2569
f 2569 	1593 	2573
f 2573 	1593 	2565
f 2575 	1593 	2577
f 2577 	1593 	2582
f 1593 	1542 	1529
f 1221 	1539 	1222
f 2571 	1593 	2570
f 1526 	1593 	1529
f 1247 	1612 	1611
f 1612 	1609 	1610
f 1527 	1593 	1526
f 1528 	1531 	1593
f 1253 	1252 	1612
f 1542 	1593 	1531
f 1610 	1611 	1612
f 1593 	1520 	1518
f 1253 	1612 	1247
f 1593 	1545 	1528
f 1514 	1593 	1518
f 1545 	1593 	1514
f 1523 	1593 	1525
f 1515 	1593 	1523
f 1520 	1593 	1515
f 1554 	1593 	1423
f 1525 	1593 	1554
f 1423 	1593 	1424
f 1424 	1593 	1426
f 1417 	1593 	1504
f 1426 	1593 	1418
f 1418 	1593 	1417
f 1175 	1619 	1618
f 1593 	1507 	1504
f 1215 	1620 	1619
f 1593 	1764 	1628
f 1620 	1215 	1216
f 1507 	1593 	1421
f 1421 	1593 	1628
f 6181 	6352 	1216
f 1620 	1216 	6352
f 1764 	1593 	1766
f 1765 	1593 	1773
f 1766 	1593 	1765
f 1768 	1593 	1767
f 1774 	1593 	1768
f 2571 	2582 	1593
f 1527 	2570 	1593
f 1613 	1621 	1641
f 1646 	1614 	1613
f 1614 	1646 	1622
f 1622 	1615 	1614
f 1171 	1622 	1222
f 1615 	1622 	1171
f 1616 	1171 	1172
f 1616 	1615 	1171
f 1617 	1616 	1172
f 1593 	1774 	1773
f 1593 	1780 	1779
f 1625 	1680 	1626
f 1507 	1636 	1504
f 1421 	1638 	1507
f 1638 	1636 	1507
f 1628 	1764 	1633
f 1633 	1764 	1634
f 1168 	1504 	1636
f 1636 	269 	1168
f 1642 	1530 	1221
f 276 	269 	1636
f 1635 	1639 	1637
f 1594 	1142 	1595
f 1595 	1576 	1644
f 1639 	1635 	1640
f 1640 	1641 	1639
f 1594 	1595 	1644
f 1576 	1578 	1645
f 1821 	1642 	1640
f 1642 	1821 	1530
f 1641 	1640 	1642
f 1642 	1221 	1646
f 1641 	1642 	1646
f 1151 	1594 	1643
f 1148 	1151 	1643
f 1221 	1222 	1622
f 1221 	1622 	1646
f 1644 	1576 	1645
f 1632 	1631 	1639
f 1637 	1639 	1631
f 1621 	1639 	1641
f 1632 	1639 	1621
f 1646 	1613 	1641
f 1156 	1148 	1643
f 1643 	1154 	1156
f 1594 	1647 	1643
f 1644 	1647 	1594
f 1643 	1647 	1154
f 1513 	1154 	1647
f 491 	1651 	1649
f 1644 	1654 	1647
f 1645 	1654 	1644
f 1654 	1645 	1655
f 1729 	1653 	1652
f 477 	1657 	1578
f 1653 	1648 	1656
f 1578 	1657 	1645
f 1370 	1871 	1872
f 1657 	477 	1649
f 1652 	1653 	1656
f 1645 	1657 	1655
f 1873 	1371 	1872
f 1370 	1872 	1371
f 1874 	1372 	1873
f 1734 	1649 	1651
f 1878 	1375 	1877
f 1879 	1376 	1878
f 1635 	1637 	1658
f 1513 	1647 	1654
f 1654 	1655 	1152
f 1380 	1883 	1341
f 1513 	1654 	1152
f 1152 	1655 	1153
f 1627 	1650 	1652
f 1626 	1650 	1627
f 1603 	1606 	1686
f 1601 	1683 	1602
f 1683 	1687 	1602
f 1604 	1682 	1605
f 1652 	1656 	1629
f 1652 	1629 	1627
f 1666 	1601 	1602
f 1656 	1630 	1629
f 1648 	1659 	1656
f 1659 	1648 	1658
f 1659 	1658 	1637
f 1630 	1656 	1659
f 1631 	1630 	1659
f 1666 	1605 	1601
f 1659 	1637 	1631
f 1660 	1662 	1661
f 1605 	1662 	1604
f 1605 	1661 	1662
f 1605 	1666 	1661
f 1692 	1661 	1666
f 1667 	1666 	1602
f 1692 	1660 	1661
f 1663 	1606 	1603
f 1603 	1665 	1663
f 1669 	1678 	1670
f 1668 	1669 	1670
f 1606 	1663 	1671
f 1671 	1607 	1606
f 1671 	1667 	1607
f 1602 	1607 	1667
f 1686 	1677 	1676
f 1674 	1675 	1682
f 1660 	1692 	4500
f 1505 	4500 	1192
f 1678 	1672 	1670
f 1675 	1683 	1682
f 1681 	1672 	1678
f 1681 	1679 	1623
f 4176 	5367 	1604
f 1677 	1683 	1675
f 1672 	1681 	1623
f 1623 	1679 	1624
f 1683 	1605 	1682
f 1601 	1605 	1683
f 1684 	1624 	1679
f 1676 	1685 	1686
f 1680 	1625 	1684
f 1687 	1677 	1686
f 1683 	1677 	1687
f 1624 	1684 	1625
f 1607 	1602 	1687
f 1686 	1606 	1687
f 1680 	1650 	1626
f 1606 	1607 	1687
f 1685 	1690 	1686
f 1665 	1603 	1690
f 3128 	1200 	1201
f 1603 	1686 	1690
f 1191 	4500 	1190
f 1692 	1693 	4500
f 1693 	1691 	4500
f 1691 	1190 	4500
f 1693 	1663 	1665
f 1213 	3138 	1212
f 1665 	1694 	1693
f 1214 	3139 	1213
f 1693 	1694 	1691
f 1206 	3140 	1214
f 1207 	3141 	1206
f 3141 	1207 	3142
f 1693 	1692 	1663
f 1663 	1692 	1671
f 1691 	1696 	1190
f 1692 	1667 	1671
f 1692 	1666 	1667
f 635 	3146 	634
f 1691 	1694 	1695
f 1689 	1696 	1688
f 1695 	1688 	1696
f 1665 	1690 	1694
f 1690 	1688 	1694
f 1688 	1695 	1694
f 3121 	1194 	1696
f 3121 	1696 	1689
f 3155 	3154 	646
f 1695 	1696 	1691
f 646 	642 	3155
f 1194 	1190 	1696
f 3175 	1185 	3157
f 768 	3158 	767
f 771 	3161 	770
f 1700 	1702 	1699
f 1702 	1701 	1699
f 1697 	1699 	1701
f 1699 	1709 	1700
f 1703 	1700 	1709
f 1709 	1673 	1703
f 1706 	1703 	1673
f 1707 	1698 	1669
f 1704 	1707 	1669
f 1678 	1669 	1698
f 1698 	1708 	1678
f 1708 	1787 	1681
f 1678 	1708 	1681
f 1713 	1712 	1717
f 1716 	1717 	1712
f 1679 	1681 	1787
f 1714 	1713 	1676
f 1718 	1676 	1713
f 1718 	1713 	1717
f 1715 	1714 	1676
f 1719 	6559 	593
f 1722 	1723 	1721
f 1721 	1720 	1722
f 1724 	1722 	1720
f 1719 	1704 	1705
f 1722 	1724 	4340
f 1719 	1707 	1704
f 1705 	1704 	1664
f 1725 	1720 	1721
f 1704 	1668 	1664
f 1704 	1669 	1668
f 1720 	1725 	1724
f 4345 	4347 	1697
f 1728 	1730 	1697
f 1729 	1726 	1828
f 1653 	1729 	1828
f 1728 	1724 	1730
f 1892 	1384 	1891
f 1638 	1421 	1733
f 1893 	1385 	1892
f 1731 	1657 	1649
f 1894 	1509 	1893
f 1657 	1731 	1655
f 1638 	276 	1636
f 1731 	1649 	1734
f 1731 	1153 	1655
f 1638 	270 	276
f 1628 	1733 	1421
f 1797 	1339 	1732
f 1733 	1628 	1633
f 1733 	270 	1638
f 2606 	1734 	1651
f 1741 	1344 	1738
f 1772 	1740 	1737
f 1633 	1743 	1733
f 1733 	1743 	270
f 1744 	1737 	1740
f 1753 	1743 	1633
f 1744 	1745 	1737
f 1634 	1747 	1746
f 1745 	1744 	1748
f 1744 	1749 	1748
f 1750 	1740 	1742
f 1740 	1750 	1744
f 1751 	1749 	1750
f 1744 	1750 	1749
f 1752 	1751 	1750
f 270 	1743 	282
f 1743 	320 	282
f 1634 	1753 	1633
f 1753 	1634 	1746
f 1753 	320 	1743
f 1754 	1755 	1756
f 1753 	1746 	3323
f 1755 	1757 	1756
f 320 	1753 	3323
f 1758 	1757 	1737
f 1755 	1737 	1757
f 1739 	1759 	1747
f 1747 	1759 	1746
f 1758 	1737 	1745
f 1760 	1762 	1761
f 1762 	1760 	1763
f 2512 	1755 	1763
f 2512 	1737 	1755
f 1769 	2520 	1761
f 1770 	1761 	1762
f 1770 	1762 	1771
f 1769 	1761 	1770
f 1766 	1634 	1764
f 1771 	1762 	1754
f 1762 	1763 	1755
f 1754 	1762 	1755
f 1765 	1747 	1766
f 1766 	1747 	1634
f 1765 	1739 	1747
f 1765 	1773 	1739
f 1183 	1182 	3166
f 1784 	1739 	1773
f 1773 	1774 	1784
f 1774 	1768 	1785
f 1187 	1185 	3174
f 1784 	1774 	1785
f 1204 	1205 	3132
f 3124 	3133 	1196
f 1779 	1778 	1593
f 1210 	3135 	1209
f 1593 	1778 	1775
f 1212 	3137 	1211
f 1208 	3131 	3142
f 1776 	1593 	1781
f 1781 	1593 	3012
f 635 	3147 	3146
f 3147 	635 	3148
f 1775 	1767 	1593
f 770 	3159 	768
f 3160 	770 	3161
f 1780 	3052 	1779
f 1182 	3168 	3167
f 1780 	1777 	3042
f 3052 	1780 	3042
f 1186 	3173 	1188
f 767 	3157 	1185
f 3011 	1776 	1781
f 1767 	1775 	2523
f 1775 	1782 	2523
f 1778 	1782 	1775
f 1778 	1783 	1782
f 1779 	1783 	1778
f 3052 	1783 	1779
f 3172 	1188 	3173
f 3126 	3125 	1198
f 1198 	1199 	3126
f 1204 	3132 	3131
f 1178 	1209 	3134
f 3135 	1210 	3136
f 3138 	1213 	3139
f 1214 	3140 	3139
f 1680 	1684 	1727
f 1786 	1726 	1729
f 1680 	1727 	1786
f 1786 	1729 	1650
f 1680 	1786 	1650
f 1729 	1652 	1650
f 3153 	3152 	648
f 648 	647 	3153
f 3158 	768 	3159
f 3159 	770 	3160
f 3162 	3161 	771
f 1177 	3163 	771
f 3162 	771 	3163
f 1178 	3164 	1177
f 1788 	1791 	1787
f 47 	46 	1544
f 1543 	1544 	46
f 1789 	1791 	1788
f 1727 	1791 	1789
f 1790 	1789 	1898
f 1727 	1789 	1790
f 1790 	1726 	1786
f 1727 	1790 	1786
f 1787 	1791 	1679
f 1791 	1727 	1684
f 1679 	1791 	1684
f 1792 	1794 	1798
f 1794 	1792 	1795
f 1795 	1793 	1799
f 1794 	1795 	1799
f 1799 	1793 	1251
f 1251 	1793 	1252
f 1798 	1794 	1817
f 1350 	1349 	1836
f 1351 	1350 	1837
f 1836 	1837 	1350
f 1799 	1820 	1794
f 1521 	1799 	1251
f 1740 	1772 	1802
f 1740 	1802 	1742
f 1825 	1800 	1801
f 1805 	1806 	1807
f 1806 	1811 	1807
f 1808 	1809 	1806
f 1808 	1806 	1805
f 1804 	1811 	1913
f 1804 	1807 	1811
f 1811 	1806 	1812
f 1810 	1811 	1812
f 1806 	1809 	1815
f 1812 	1806 	1815
f 1792 	1815 	1809
f 1810 	1812 	1813
f 1813 	1801 	1810
f 1812 	1814 	1813
f 1812 	1815 	1814
f 1798 	1815 	1792
f 1798 	1814 	1815
f 1813 	1814 	1827
f 1814 	1816 	1827
f 1816 	1814 	1798
f 1817 	1816 	1798
f 1820 	1817 	1794
f 1822 	1827 	1816
f 1827 	1822 	1818
f 1819 	1816 	1817
f 1819 	1822 	1816
f 1820 	1821 	1823
f 1521 	1820 	1799
f 1820 	1521 	1821
f 1530 	1821 	1521
f 1648 	1653 	1818
f 1648 	1818 	1822
f 1658 	1822 	1819
f 1648 	1822 	1658
f 1635 	1658 	1819
f 1817 	1823 	1819
f 1823 	1817 	1820
f 1823 	1635 	1819
f 1823 	1821 	1640
f 1635 	1823 	1640
f 1800 	1825 	1824
f 1801 	1826 	1825
f 1813 	1826 	1801
f 1826 	1813 	1827
f 1898 	1824 	1790
f 1824 	1825 	1726
f 1726 	1790 	1824
f 1825 	1826 	1828
f 1828 	1726 	1825
f 1826 	1827 	1818
f 1818 	1828 	1826
f 1352 	1351 	1838
f 1837 	1838 	1351
f 1845 	1797 	1732
f 1653 	1828 	1818
f 1353 	1352 	1855
f 1354 	1353 	1839
f 1354 	1839 	1840
f 1831 	1834 	1886
f 1357 	1356 	1842
f 1358 	1357 	1843
f 1842 	1843 	1357
f 1358 	1843 	1857
f 1844 	1900 	1834
f 1829 	1846 	1844
f 1865 	1853 	1847
f 1849 	6611 	1850
f 1848 	1849 	1851
f 1851 	1849 	1850
f 1847 	1853 	1848
f 1848 	1853 	1849
f 1849 	1853 	1852
f 1856 	1852 	1831
f 1856 	1831 	1854
f 1735 	1845 	1736
f 1736 	1845 	1732
f 1738 	1845 	1741
f 1845 	1735 	1741
f 1852 	1856 	1849
f 1364 	1363 	1862
f 1365 	1364 	1863
f 1862 	1863 	1364
f 1365 	1863 	1864
f 1914 	1869 	1868
f 1865 	1876 	1853
f 1867 	1876 	1865
f 1867 	1868 	1876
f 1869 	1876 	1868
f 1876 	1884 	1853
f 1829 	1876 	1869
f 1883 	1380 	1882
f 1884 	1876 	1829
f 1852 	1834 	1831
f 1884 	1852 	1853
f 1834 	1852 	1884
f 1884 	1829 	1844
f 1834 	1884 	1844
f 1854 	1831 	1888
f 1854 	1888 	1885
f 1888 	1831 	1886
f 1885 	1888 	1887
f 1888 	1886 	1895
f 1887 	1888 	1895
f 1796 	1341 	1883
f 1796 	1845 	1738
f 1383 	1890 	1891
f 1698 	1707 	1887
f 1838 	1837 	1845
f 1837 	1836 	1845
f 1836 	1835 	1845
f 1835 	1833 	1845
f 1833 	1832 	1845
f 1832 	1830 	1845
f 1797 	1845 	1830
f 1887 	1895 	1698
f 1855 	1845 	1839
f 1857 	1843 	1845
f 1843 	1842 	1845
f 1842 	1841 	1845
f 1840 	1845 	1841
f 1839 	1845 	1840
f 1796 	1883 	1845
f 1899 	1708 	1895
f 1882 	1881 	1845
f 1838 	1845 	1855
f 1698 	1895 	1708
f 1857 	1845 	1858
f 1859 	1858 	1845
f 1859 	1845 	1860
f 1864 	1845 	1866
f 1863 	1845 	1864
f 1870 	1894 	1845
f 1862 	1845 	1863
f 1861 	1845 	1862
f 1860 	1845 	1861
f 1887 	1896 	1885
f 1885 	1896 	594
f 593 	594 	1896
f 1896 	1887 	1707
f 1871 	1845 	1872
f 1870 	1845 	1871
f 1872 	1845 	1873
f 1881 	1880 	1845
f 1882 	1845 	1883
f 1873 	1845 	1874
f 1880 	1879 	1845
f 1879 	1878 	1845
f 1878 	1877 	1845
f 1875 	1845 	1877
f 1874 	1845 	1875
f 1896 	1707 	1719
f 593 	1896 	1719
f 1893 	1845 	1894
f 1892 	1845 	1893
f 1891 	1845 	1892
f 1890 	1845 	1891
f 1866 	1845 	1889
f 1889 	1845 	1890
f 1886 	1834 	1900
f 343 	348 	4816
f 1844 	1897 	1900
f 343 	4816 	246
f 1846 	1897 	1844
f 5287 	659 	685
f 1846 	1898 	1897
f 3064 	265 	659
f 1886 	1899 	1895
f 1899 	1886 	1900
f 5111 	253 	3056
f 1900 	1897 	1788
f 1897 	1898 	1789
f 5287 	685 	5275
f 1788 	1897 	1789
f 5295 	1388 	5363
f 1398 	5363 	1388
f 1388 	5295 	690
f 1708 	1899 	1787
f 1899 	1900 	1788
f 1787 	1899 	1788
f 1903 	1906 	1902
f 1904 	1903 	1902
f 1901 	1906 	1915
f 1901 	1902 	1906
f 1906 	1903 	1909
f 1905 	1906 	1909
f 1903 	1907 	1909
f 1904 	1912 	1903
f 1903 	1911 	1907
f 1846 	1829 	1905
f 1905 	1908 	1846
f 1905 	1909 	1908
f 1909 	1907 	1800
f 1908 	1909 	1800
f 1800 	1907 	1801
f 1810 	1907 	1911
f 1801 	1907 	1810
f 1824 	1908 	1800
f 1910 	1911 	1912
f 1911 	1903 	1912
f 1913 	1911 	1910
f 1911 	1913 	1811
f 1810 	1911 	1811
f 1914 	1915 	1869
f 1906 	1869 	1915
f 1869 	1905 	1829
f 1905 	1869 	1906
f 1846 	1908 	1898
f 1824 	1898 	1908
f 1916 	1917 	1918
f 1919 	1920 	1921
f 1921 	1920 	1917
f 1921 	1917 	1916
f 1922 	1923 	1920
f 1922 	1920 	1919
f 1608 	1923 	1922
f 1792 	1809 	1917
f 1917 	1920 	1795
f 1792 	1917 	1795
f 1793 	1795 	1920
f 1612 	1923 	1609
f 1608 	1609 	1923
f 1923 	1793 	1920
f 1923 	1252 	1793
f 1252 	1923 	1612
f 1924 	1809 	1808
f 1918 	1917 	1809
f 1918 	1809 	1924
f 1926 	1927 	1925
f 1928 	1925 	1927
f 1925 	1928 	1929
f 1930 	1931 	1932
f 1933 	1934 	1932
f 1930 	1932 	1934
f 1936 	1934 	1935
f 1940 	1934 	1939
f 1941 	1934 	1940
f 1939 	1934 	1938
f 1943 	1944 	1934
f 1942 	1943 	1934
f 1930 	1934 	1944
f 1935 	1934 	1947
f 1946 	1947 	1934
f 1945 	1934 	1950
f 1986 	1984 	1954
f 1948 	1986 	1959
f 1962 	1930 	1961
f 1963 	1930 	1962
f 1964 	1930 	1963
f 1965 	1930 	1964
f 1966 	1930 	1965
f 1967 	1983 	1966
f 1968 	1983 	1967
f 1970 	1983 	1969
f 1969 	1983 	1968
f 1971 	1983 	1970
f 1973 	1983 	1972
f 1974 	1983 	1973
f 1974 	1975 	1983
f 1951 	1952 	1990
f 1991 	2016 	1951
f 1952 	1953 	1990
f 1988 	1989 	1953
f 1987 	1988 	1954
f 1971 	1972 	1983
f 1990 	1991 	1951
f 1989 	1990 	1953
f 1930 	1966 	1983
f 2016 	2017 	1981
f 1980 	1981 	2017
f 2017 	2018 	1980
f 1979 	1980 	2018
f 2018 	2019 	1979
f 1978 	1979 	2019
f 1996 	1986 	1995
f 1997 	1986 	1996
f 1984 	1986 	1997
f 1994 	1995 	1986
f 1992 	1928 	1998
f 2001 	1928 	2000
f 2003 	1928 	2002
f 1998 	1928 	2006
f 2013 	1928 	2012
f 1928 	2013 	1999
f 1999 	2000 	1928
f 2001 	2002 	1928
f 1928 	2003 	2004
f 2022 	1983 	2021
f 1983 	1975 	2021
f 2027 	1983 	2025
f 2022 	2025 	1983
f 2028 	1983 	2027
f 2030 	1983 	2028
f 2031 	1983 	2030
f 2032 	1927 	2031
f 2035 	1927 	2033
f 2032 	2033 	1927
f 2036 	1927 	2035
f 2039 	1927 	2038
f 2041 	1927 	2039
f 2036 	2038 	1927
f 2043 	1927 	2041
f 2044 	1927 	2043
f 2046 	1927 	2044
f 2048 	1927 	2046
f 2010 	1927 	2050
f 2050 	1927 	2048
f 1983 	2031 	1927
f 2011 	1928 	2010
f 2012 	1928 	2011
f 1927 	2010 	1928
f 1977 	1978 	2021
f 2019 	2021 	1978
f 1976 	1977 	2021
f 1975 	1976 	2021
f 1981 	1982 	2016
f 1982 	1951 	2016
f 1953 	1954 	1988
f 1985 	1987 	1954
f 1984 	1985 	1954
f 1986 	1954 	1955
f 1986 	1955 	1956
f 1956 	1957 	1986
f 1986 	1957 	1958
f 2004 	2006 	1928
f 1928 	1992 	1993
f 1994 	1986 	1993
f 1928 	1993 	1986
f 1958 	1959 	1986
f 1986 	1948 	1928
f 1946 	1934 	1945
f 1937 	1934 	1936
f 1938 	1934 	1937
f 1948 	1949 	1928
f 1949 	1950 	1928
f 1928 	1950 	1934
f 1960 	1961 	1930
f 1944 	1960 	1930
f 1941 	1942 	1934
f 2060 	1932 	2059
f 2061 	2059 	1931
f 1932 	1931 	2059
f 2063 	2062 	1931
f 2062 	2061 	1931
f 2064 	1931 	2065
f 2066 	1931 	2067
f 2067 	1931 	2068
f 2069 	2068 	2082
f 2070 	2082 	2071
f 2073 	2082 	2074
f 2075 	2074 	2082
f 2076 	2075 	2082
f 2082 	2091 	2077
f 2079 	2078 	2091
f 2078 	2077 	2091
f 2077 	2076 	2082
f 2082 	2073 	2072
f 2082 	2072 	2071
f 2070 	2069 	2082
f 2082 	2068 	1931
f 2084 	2081 	2083
f 2091 	2090 	2080
f 2093 	2092 	2082
f 2094 	2082 	2095
f 2094 	2093 	2082
f 2096 	2082 	2097
f 2097 	2082 	2098
f 2098 	2082 	2099
f 2100 	1926 	2101
f 2103 	1926 	2104
f 2107 	1926 	2108
f 2109 	2108 	1926
f 1926 	1925 	2110
f 2110 	2109 	1926
f 2107 	2106 	1926
f 2106 	2105 	1926
f 2105 	2104 	1926
f 1926 	2103 	2102
f 1926 	2102 	2101
f 2100 	2099 	1926
f 2096 	2095 	2082
f 1926 	2099 	2082
f 1925 	2088 	2087
f 1925 	2087 	2086
f 1925 	2086 	2111
f 2111 	2110 	1925
f 2092 	2091 	2082
f 2090 	2089 	2080
f 2081 	2080 	2089
f 2085 	2081 	2089
f 2085 	2083 	2081
f 2080 	2079 	2091
f 2066 	2065 	1931
f 2064 	2063 	1931
f 2114 	2134 	2113
f 2113 	2134 	2112
f 2119 	2120 	2125
f 2120 	2121 	2125
f 2124 	2125 	2121
f 2114 	2124 	2121
f 2122 	2114 	2121
f 2123 	2114 	2122
f 2129 	2114 	2123
f 2118 	2119 	2125
f 2126 	2127 	2118
f 2125 	2126 	2118
f 2117 	2118 	2127
f 2116 	2117 	2127
f 2116 	2127 	2128
f 2154 	2114 	2153
f 2112 	2134 	2115
f 2115 	2134 	2133
f 2133 	2134 	2132
f 2135 	2139 	2134
f 2132 	2134 	2131
f 2136 	2139 	2135
f 2137 	2139 	2136
f 2138 	2139 	2137
f 2131 	2134 	2139
f 2142 	2114 	2141
f 2143 	2114 	2142
f 2144 	2114 	2143
f 2145 	2114 	2144
f 2146 	2114 	2145
f 2134 	2114 	2146
f 2140 	2141 	2114
f 2129 	2130 	2114
f 2147 	2148 	2114
f 2148 	2149 	2114
f 2149 	2150 	2114
f 2150 	2151 	2114
f 2151 	2152 	2114
f 2140 	2114 	2152
f 2155 	2114 	2154
f 2156 	2114 	2155
f 2147 	2114 	2156
f 2130 	2157 	2114
f 2157 	2158 	2114
f 2158 	2159 	2114
f 2153 	2114 	2159
f 2115 	2170 	2112
f 2112 	2171 	2113
f 2172 	2113 	2171
f 2113 	2172 	2114
f 2173 	2114 	2172
f 2126 	2177 	2127
f 2177 	2178 	2127
f 2120 	2184 	2121
f 1502 	3894 	1501
f 1499 	1500 	3894
f 2122 	2121 	2185
f 2184 	2185 	2121
f 2185 	2186 	2122
f 1497 	3894 	1500
f 1496 	3894 	1498
f 1497 	1498 	3894
f 2134 	2189 	2135
f 2136 	2135 	2190
f 1499 	3894 	1502
f 2138 	2194 	2139
f 2131 	2139 	2196
f 2132 	2198 	2133
f 2160 	3894 	2162
f 2115 	2133 	2199
f 2142 	2200 	2143
f 3894 	2160 	2161
f 2144 	2143 	2202
f 1491 	3894 	2161
f 2145 	2204 	2146
f 2150 	2209 	2151
f 1721 	2279 	1725
f 2152 	2151 	2210
f 2130 	2213 	2157
f 2213 	2214 	2157
f 2155 	2219 	2156
f 2164 	2168 	3449
f 2219 	2206 	2156
f 2170 	2115 	2199
f 2171 	2112 	2170
f 2124 	2114 	2173
f 2173 	2174 	2124
f 2124 	2174 	2125
f 2175 	2125 	2174
f 2126 	2125 	2176
f 2175 	2176 	2125
f 2126 	2176 	2177
f 2128 	2127 	2178
f 2178 	2179 	2128
f 2116 	2128 	2179
f 2179 	2180 	2116
f 2117 	2116 	2180
f 2118 	2117 	2181
f 2180 	2181 	2117
f 2181 	2182 	2118
f 2119 	2118 	2182
f 2120 	2119 	2183
f 2182 	2183 	2119
f 2120 	2183 	2184
f 2123 	2122 	2186
f 2129 	2123 	2187
f 2186 	2187 	2123
f 2130 	2129 	2188
f 2187 	2188 	2129
f 2189 	2134 	2205
f 2190 	2135 	2189
f 2136 	2190 	2191
f 2191 	2192 	2137
f 2191 	2137 	2136
f 1723 	2193 	1721
f 2137 	2192 	2138
f 2194 	2138 	2192
f 1723 	2195 	2193
f 2196 	2139 	2194
f 2131 	2196 	2197
f 2131 	2197 	2132
f 2198 	2132 	2197
f 2199 	2133 	2198
f 2200 	2142 	2201
f 2141 	2201 	2142
f 2202 	2143 	2200
f 2144 	2202 	2203
f 2144 	2203 	2145
f 2204 	2145 	2203
f 2275 	2322 	1723
f 2205 	2146 	2204
f 2134 	2146 	2205
f 2147 	2156 	2206
f 2148 	2147 	2207
f 2206 	2207 	2147
f 2207 	2208 	2148
f 2149 	2148 	2208
f 2150 	2149 	2209
f 2208 	2209 	2149
f 2210 	2151 	2209
f 2152 	2210 	2211
f 2211 	2212 	2140
f 2211 	2140 	2152
f 2140 	2212 	2141
f 2201 	2141 	2212
f 2130 	2188 	2213
f 2158 	2157 	2214
f 2214 	2215 	2158
f 2159 	2158 	2215
f 2153 	2159 	2216
f 2215 	2216 	2159
f 2154 	2153 	2217
f 2216 	2217 	2153
f 2217 	2218 	2154
f 2155 	2154 	2218
f 2155 	2218 	2219
f 2222 	2242 	2221
f 2223 	2242 	2222
f 2221 	2242 	2220
f 2227 	2228 	2232
f 2228 	2229 	2232
f 2231 	2232 	2229
f 2223 	2231 	2229
f 2230 	2223 	2229
f 2226 	2227 	2232
f 2232 	2233 	2226
f 2233 	2234 	2226
f 2225 	2226 	2234
f 2224 	2225 	2234
f 2224 	2234 	2235
f 1723 	1722 	2275
f 2238 	2264 	2223
f 2237 	2238 	2223
f 2220 	2242 	2241
f 2241 	2242 	2240
f 2243 	2247 	2242
f 2240 	2242 	2239
f 2244 	2247 	2243
f 2245 	2247 	2244
f 2246 	2247 	2245
f 2239 	2242 	2247
f 1725 	2279 	2277
f 1725 	2277 	1724
f 2250 	2223 	2249
f 2251 	2223 	2250
f 2252 	2223 	2251
f 2253 	2223 	2252
f 2254 	2223 	2253
f 2242 	2223 	2254
f 2248 	2249 	2223
f 2230 	2236 	2223
f 2255 	2256 	2223
f 2256 	2257 	2223
f 2257 	2258 	2223
f 2258 	2259 	2223
f 2248 	2223 	2259
f 2262 	2223 	2261
f 2263 	2223 	2262
f 2255 	2223 	2263
f 2236 	2237 	2223
f 2264 	2265 	2223
f 2261 	2223 	2260
f 2265 	2266 	2223
f 2266 	2267 	2223
f 2260 	2223 	2267
f 2241 	2302 	2220
f 2221 	2220 	2270
f 2221 	2272 	2222
f 1730 	1699 	1697
f 2222 	2273 	2223
f 2274 	2223 	2273
f 2297 	1699 	1730
f 2276 	2231 	2274
f 2223 	2274 	2231
f 2276 	2232 	2231
f 2234 	2282 	2235
f 2282 	2283 	2235
f 2228 	2288 	2229
f 2230 	2229 	2289
f 2288 	2289 	2229
f 2289 	2290 	2230
f 2236 	2291 	2237
f 2291 	2292 	2237
f 2242 	2293 	2243
f 2244 	2243 	2294
f 2246 	2298 	2247
f 2239 	2247 	2299
f 2250 	2303 	2251
f 2252 	2251 	2305
f 2253 	2307 	2254
f 2308 	2242 	2254
f 3176 	1724 	2277
f 3176 	2297 	1724
f 2325 	1721 	2193
f 2292 	2316 	2238
f 2316 	2317 	2264
f 2221 	2270 	2272
f 2273 	2222 	2272
f 2275 	1722 	2271
f 2232 	2276 	2278
f 2278 	2280 	2233
f 2278 	2233 	2232
f 2234 	2233 	2281
f 2280 	2281 	2233
f 2234 	2281 	2282
f 2224 	2235 	2283
f 2283 	2284 	2224
f 2225 	2224 	2284
f 2284 	2285 	2225
f 2226 	2225 	2285
f 2227 	2226 	2286
f 2285 	2286 	2226
f 2286 	2287 	2227
f 2228 	2227 	2287
f 2271 	2269 	2275
f 2318 	2322 	2268
f 2287 	2288 	2228
f 2279 	2327 	2277
f 2325 	2277 	2327
f 2236 	2230 	2290
f 2290 	2291 	2236
f 2238 	2237 	2292
f 43 	48 	2277
f 2294 	2243 	2293
f 2244 	2294 	2295
f 2295 	2296 	2245
f 2295 	2245 	2244
f 2245 	2296 	2246
f 2298 	2246 	2296
f 2299 	2247 	2298
f 2239 	2299 	2300
f 2239 	2300 	2240
f 2301 	2240 	2300
f 2240 	2301 	2241
f 2302 	2241 	2301
f 2270 	2220 	2302
f 2303 	2250 	2304
f 2249 	2304 	2250
f 1730 	1724 	2297
f 2305 	2251 	2303
f 2252 	2305 	2306
f 2252 	2306 	2253
f 2307 	2253 	2306
f 2308 	2254 	2307
f 2242 	2308 	2293
f 2326 	2309 	2263
f 2256 	2255 	2311
f 2309 	2311 	2255
f 2257 	2256 	2312
f 2311 	2312 	2256
f 1699 	2297 	2310
f 2312 	2313 	2258
f 2312 	2258 	2257
f 2258 	2313 	2259
f 2314 	2259 	2313
f 2314 	2315 	2248
f 2314 	2248 	2259
f 2310 	3176 	2955
f 2310 	2297 	3176
f 2248 	2315 	2249
f 2304 	2249 	2315
f 2264 	2238 	2316
f 2265 	2264 	2317
f 2317 	2319 	2265
f 2266 	2265 	2319
f 2267 	2266 	2320
f 2319 	2320 	2266
f 2260 	2267 	2321
f 2320 	2321 	2267
f 2195 	1723 	2322
f 2321 	2323 	2260
f 2261 	2260 	2323
f 2262 	2261 	2324
f 2323 	2324 	2261
f 2324 	2326 	2262
f 2263 	2262 	2326
f 2327 	2279 	1721
f 2255 	2263 	2309
f 2327 	1721 	2325
f 1934 	2328 	1928
f 1929 	1928 	2328
f 2328 	1934 	1933
f 2275 	2268 	2322
f 2269 	2268 	2275
f 1931 	1983 	2082
f 2082 	1927 	1926
f 1927 	2082 	1983
f 1983 	1931 	1930
f 2059 	1961 	2060
f 1971 	2070 	1972
f 2072 	1973 	2071
f 2076 	1977 	2075
f 2077 	1978 	2076
f 1982 	1981 	2081
f 1937 	3358 	3359
f 3705 	3706 	2346
f 3366 	1945 	1950
f 3373 	1952 	1951
f 2355 	1506 	1505
f 2355 	1505 	2356
f 1508 	2356 	1505
f 1956 	3377 	3378
f 1958 	3379 	1959
f 3183 	4137 	205
f 286 	281 	1553
f 4137 	1553 	281
f 49 	48 	43
f 1553 	46 	286
f 3447 	2193 	3084
f 2195 	2357 	2193
f 2362 	1091 	2358
f 2360 	1091 	2362
f 1091 	2360 	2361
f 2363 	2364 	1091
f 2363 	1091 	2366
f 2365 	1091 	2368
f 3084 	2381 	1091
f 2367 	1091 	2370
f 2369 	1091 	2372
f 2371 	1091 	2373
f 2372 	1091 	2371
f 2358 	1091 	2364
f 2377 	1091 	2379
f 2373 	1091 	2377
f 2379 	1091 	2378
f 2380 	1091 	2376
f 2378 	1091 	2380
f 2375 	1091 	2374
f 2376 	1091 	2375
f 2384 	3084 	2383
f 2374 	1091 	2382
f 2381 	3084 	2384
f 2382 	1091 	2381
f 2383 	3084 	2385
f 2386 	2357 	2387
f 2385 	3084 	2386
f 2388 	2387 	2357
f 2388 	2357 	2390
f 2389 	2390 	2357
f 2391 	2389 	2357
f 2393 	2357 	2395
f 2392 	2357 	2394
f 2397 	2396 	2322
f 5434 	1433 	1444
f 2406 	2322 	2405
f 2409 	2410 	2407
f 5432 	5434 	1438
f 2407 	2408 	2409
f 2410 	5432 	2407
f 2410 	2409 	2412
f 2413 	2410 	2412
f 2411 	2409 	2408
f 2409 	2411 	2414
f 2409 	2414 	2412
f 2411 	2419 	2412
f 2413 	2412 	2422
f 2412 	2414 	2411
f 2407 	2415 	2408
f 2418 	2435 	2417
f 2411 	2408 	2419
f 2419 	2408 	2415
f 2419 	2415 	2420
f 2420 	2415 	2416
f 2421 	2417 	2422
f 2422 	2412 	2421
f 2421 	2412 	2423
f 2423 	2412 	2420
f 2419 	2420 	2412
f 2423 	2420 	2416
f 2416 	2421 	2423
f 2418 	2417 	2421
f 2416 	2418 	2421
f 2416 	2434 	2418
f 2415 	2433 	2416
f 2426 	2466 	2427
f 2434 	2416 	2433
f 2432 	2433 	2415
f 2435 	2418 	2434
f 2472 	2436 	2432
f 2437 	2435 	2438
f 2434 	2433 	2439
f 2438 	2434 	2439
f 2439 	2433 	2436
f 2432 	2436 	2433
f 2439 	2436 	2438
f 2436 	2472 	2438
f 2434 	2438 	2435
f 2165 	3894 	2167
f 2167 	3894 	2166
f 2443 	2455 	2466
f 2430 	2429 	2466
f 2431 	2430 	2466
f 2429 	2443 	2466
f 2163 	2164 	3449
f 2452 	2449 	2466
f 2448 	2466 	2449
f 2455 	2452 	2466
f 2447 	2466 	2448
f 2446 	2466 	2447
f 2163 	3449 	2451
f 2450 	3449 	2454
f 2450 	2451 	3449
f 2168 	2169 	3449
f 2454 	3449 	2453
f 3449 	2456 	2453
f 1307 	1306 	2462
f 2460 	2459 	2466
f 2461 	2460 	2466
f 2459 	2458 	2466
f 2462 	2461 	2466
f 2458 	2457 	2466
f 2457 	2428 	2466
f 2428 	2427 	2466
f 2445 	2466 	2446
f 2466 	2426 	2425
f 2445 	2444 	2466
f 2425 	2424 	2466
f 2424 	2442 	2466
f 2441 	2431 	2466
f 2768 	2466 	2767
f 2769 	2466 	2768
f 2616 	2466 	2769
f 2617 	2466 	2616
f 2618 	2466 	2617
f 2619 	2466 	2618
f 2620 	2466 	2619
f 2621 	2466 	2620
f 2468 	2466 	2621
f 2609 	2466 	2468
f 2646 	2466 	2639
f 2467 	2462 	2466
f 2441 	2466 	2442
f 2444 	2631 	2466
f 2612 	2467 	2466
f 2466 	2609 	2612
f 2471 	2771 	2470
f 2432 	2771 	2440
f 2771 	2471 	2440
f 2771 	2469 	2470
f 2470 	2469 	2473
f 2470 	2473 	2474
f 2471 	2470 	2474
f 2475 	2472 	2440
f 2440 	2471 	2475
f 2432 	213 	2771
f 2432 	2440 	2472
f 2474 	2437 	2475
f 2473 	2437 	2474
f 2474 	2475 	2471
f 2472 	2475 	2437
f 2437 	2438 	2472
f 5498 	2435 	2437
f 2405 	2322 	2396
f 5393 	1408 	1420
f 2401 	2402 	2322
f 1444 	1438 	5434
f 2403 	2322 	2406
f 2437 	2473 	5498
f 2469 	5509 	2473
f 2477 	2478 	2322
f 2478 	2528 	2322
f 2402 	2476 	2322
f 2476 	2479 	2322
f 2479 	2477 	2322
f 2403 	2404 	2322
f 2404 	2401 	2322
f 298 	2502 	2498
f 1767 	2483 	1768
f 1768 	2483 	1785
f 272 	779 	2757
f 2489 	1803 	2493
f 2491 	2357 	2487
f 2498 	2485 	2771
f 2498 	2509 	2485
f 2485 	2509 	2510
f 2511 	2485 	2510
f 213 	294 	2771
f 2498 	2502 	2509
f 2499 	2195 	2501
f 2501 	2195 	2500
f 2496 	2357 	2499
f 2518 	2514 	2503
f 2506 	2488 	1763
f 2486 	2518 	2503
f 2519 	2486 	2511
f 2510 	2770 	2511
f 2509 	2770 	2510
f 1760 	2506 	1763
f 2754 	2503 	2490
f 2488 	2512 	1763
f 2489 	2513 	2488
f 2513 	2489 	2493
f 2513 	2493 	2497
f 2512 	2488 	2513
f 2519 	2518 	2486
f 2505 	2195 	2504
f 1772 	2513 	2497
f 2485 	2511 	2486
f 2504 	2195 	2508
f 1772 	2497 	1802
f 2515 	2516 	2503
f 1802 	2497 	4321
f 2517 	2490 	2516
f 2516 	2490 	2503
f 2515 	2514 	2788
f 2512 	2513 	1772
f 2770 	2788 	2519
f 1737 	2512 	1772
f 1767 	2523 	2483
f 3331 	2483 	2523
f 2528 	2529 	2322
f 2529 	2526 	2322
f 2531 	2525 	2581
f 2533 	2195 	2532
f 2531 	2581 	2576
f 2537 	2525 	2527
f 2560 	2536 	1527
f 2500 	2195 	2533
f 2538 	1526 	1529
f 1526 	2538 	2560
f 671 	2538 	1529
f 1761 	2527 	1760
f 2527 	1761 	2537
f 2968 	2530 	2969
f 2520 	2537 	1761
f 2969 	2530 	2539
f 2536 	670 	2534
f 2535 	2532 	2195
f 1 	2195 	4
f 3 	2535 	2195
f 3 	2195 	1
f 2542 	2540 	2546
f 2541 	2542 	2546
f 2540 	2543 	2546
f 2531 	2543 	2574
f 2544 	2602 	2541
f 2544 	2541 	2545
f 2545 	2541 	2546
f 2545 	2546 	2547
f 2587 	2586 	2543
f 2546 	2543 	2586
f 2547 	2546 	2586
f 2576 	2578 	2543
f 2576 	2543 	2531
f 2559 	2550 	2549
f 2551 	2548 	2555
f 2548 	2552 	2555
f 2552 	2548 	2553
f 1803 	2489 	2553
f 2550 	2554 	2549
f 2554 	2550 	2551
f 2554 	2551 	2555
f 2557 	2554 	2555
f 2555 	2552 	2506
f 2488 	2506 	2552
f 2552 	2553 	2489
f 2488 	2552 	2489
f 2558 	2554 	2557
f 2531 	2574 	2556
f 2531 	2556 	2525
f 2549 	2558 	2556
f 2558 	2549 	2554
f 2525 	2556 	2558
f 2557 	2527 	2558
f 2525 	2558 	2527
f 2527 	2557 	1760
f 2557 	2555 	2506
f 1760 	2557 	2506
f 486 	489 	2564
f 670 	715 	2534
f 670 	2536 	673
f 2560 	673 	2536
f 674 	2560 	2538
f 492 	2562 	496
f 2561 	496 	2562
f 2562 	2563 	2561
f 2560 	674 	673
f 2562 	486 	2564
f 2566 	2564 	489
f 2562 	2564 	2563
f 2566 	489 	487
f 2566 	487 	2559
f 2566 	2559 	2568
f 2566 	2568 	2572
f 2559 	2549 	2568
f 2542 	2561 	2563
f 2564 	2572 	2563
f 2572 	2564 	2566
f 2572 	2568 	2574
f 2568 	2549 	2556
f 2574 	2568 	2556
f 2542 	2563 	2540
f 2540 	2563 	2572
f 2540 	2572 	2574
f 2565 	2967 	2573
f 2540 	2574 	2543
f 2565 	2590 	2967
f 2587 	2543 	2578
f 2590 	2565 	2575
f 2575 	2577 	2591
f 2581 	2525 	2537
f 2578 	2576 	2579
f 2576 	2580 	2579
f 2577 	2530 	2591
f 2580 	2576 	2581
f 2580 	2581 	2583
f 2530 	2577 	2582
f 2581 	2584 	2583
f 2571 	2539 	2582
f 2581 	2537 	2584
f 2584 	2537 	2585
f 2537 	2520 	2585
f 2582 	2539 	2530
f 2571 	2570 	2534
f 2534 	2539 	2571
f 2536 	2570 	1527
f 2534 	2570 	2536
f 2589 	2569 	2573
f 2967 	2589 	2573
f 1153 	1731 	2592
f 2588 	2592 	1734
f 2595 	1153 	2592
f 2592 	2588 	2593
f 2588 	2598 	2593
f 2598 	2588 	2594
f 2542 	2594 	2561
f 2594 	2542 	2541
f 2603 	1153 	2595
f 2592 	2593 	2595
f 2596 	2605 	2595
f 2597 	2593 	2599
f 2595 	2593 	2597
f 2596 	2595 	2597
f 2593 	2598 	2600
f 2599 	2593 	2600
f 2598 	2594 	2541
f 2600 	2598 	2601
f 2598 	2541 	2602
f 2601 	2598 	2602
f 1153 	2603 	1152
f 2604 	2603 	2605
f 2605 	2603 	2595
f 2606 	496 	2561
f 2592 	1731 	1734
f 2606 	1651 	496
f 2588 	1734 	2606
f 2606 	2561 	2594
f 2594 	2588 	2606
f 1082 	5261 	1081
f 5261 	4979 	1081
f 5261 	1082 	2610
f 1082 	1083 	2610
f 2611 	2610 	1083
f 2615 	2640 	571
f 2621 	2620 	1312
f 1312 	1311 	2621
f 2625 	2637 	571
f 2638 	2613 	571
f 2637 	2638 	571
f 2624 	2625 	571
f 2639 	2466 	2626
f 2626 	2466 	2627
f 2628 	2627 	2466
f 2629 	2628 	2466
f 2630 	2629 	2466
f 2631 	2630 	2466
f 2635 	2608 	2634
f 2766 	2767 	2466
f 2632 	571 	2636
f 2623 	571 	2622
f 2622 	571 	2632
f 2635 	2636 	2608
f 2634 	2608 	2633
f 2613 	2614 	571
f 2614 	2615 	571
f 2623 	2624 	571
f 2643 	2644 	571
f 3081 	571 	2644
f 2642 	2643 	571
f 2641 	2642 	571
f 2640 	2641 	571
f 2648 	3081 	2644
f 2652 	3081 	2651
f 2650 	3081 	2649
f 2651 	3081 	2650
f 2648 	2647 	3081
f 2649 	3081 	2647
f 2653 	3081 	2652
f 2654 	3081 	2653
f 2655 	3081 	2654
f 2657 	3081 	2656
f 2660 	3081 	2659
f 2658 	2659 	3081
f 2655 	2656 	3081
f 2660 	2661 	3081
f 2663 	3081 	2662
f 3081 	2663 	2664
f 2657 	2658 	3081
f 2661 	2662 	3081
f 2667 	2742 	2666
f 2670 	2742 	2669
f 2671 	2742 	2670
f 2672 	2742 	2671
f 2698 	2742 	2672
f 2668 	2669 	2742
f 2677 	4239 	2676
f 2676 	4239 	2673
f 2679 	4239 	2678
f 2681 	4239 	2682
f 2666 	2742 	2681
f 2456 	3449 	2463
f 2686 	2742 	2685
f 2684 	2742 	2683
f 2687 	2688 	2742
f 2688 	2689 	2742
f 2684 	2685 	2742
f 2465 	2463 	3449
f 2689 	2690 	2742
f 2741 	2742 	2690
f 2464 	3449 	2675
f 2694 	2741 	2693
f 2695 	2741 	2694
f 2697 	2741 	2696
f 2464 	2465 	3449
f 2683 	2742 	2699
f 2698 	2699 	2742
f 2697 	2700 	2741
f 2706 	4239 	2705
f 2673 	4239 	2706
f 2708 	4238 	2707
f 2709 	4238 	2708
f 2707 	4238 	2703
f 2701 	3449 	2714
f 2711 	2712 	4238
f 2710 	2711 	4238
f 2675 	3449 	2674
f 2712 	2713 	4238
f 4239 	4238 	2713
f 2716 	4239 	2715
f 2717 	4239 	2716
f 2714 	3449 	2719
f 2718 	4239 	2717
f 2720 	4239 	2718
f 2721 	4239 	2720
f 2704 	4239 	2721
f 2705 	4239 	2704
f 2700 	2722 	2741
f 2701 	2674 	3449
f 2723 	2741 	2722
f 2724 	2741 	2723
f 2725 	2741 	2724
f 2728 	2741 	2727
f 2725 	2727 	2741
f 2729 	2741 	2728
f 1492 	2732 	3894
f 4238 	2741 	2731
f 2730 	2731 	2741
f 2734 	4238 	2733
f 2735 	4238 	2734
f 2732 	2726 	3894
f 2739 	4238 	2738
f 2738 	4238 	2737
f 4238 	2740 	2702
f 2703 	4238 	2702
f 2733 	4238 	2731
f 2736 	4238 	2735
f 2736 	2737 	4238
f 2739 	2740 	4238
f 2729 	2730 	2741
f 2709 	2710 	4238
f 2713 	2715 	4239
f 2677 	2678 	4239
f 2680 	4239 	2679
f 1493 	1494 	3894
f 2680 	2682 	4239
f 2668 	2742 	2667
f 4239 	2681 	2742
f 2686 	2687 	2742
f 2741 	2690 	2691
f 2741 	2691 	2692
f 2692 	2693 	2741
f 2695 	2696 	2741
f 1491 	1495 	3894
f 2169 	2166 	3449
f 3449 	2166 	3894
f 2165 	1503 	3894
f 1496 	2162 	3894
f 2726 	2732 	2745
f 1494 	2743 	1492
f 1491 	2777 	1495
f 2745 	2743 	2746
f 2744 	2745 	2746
f 2743 	2829 	2746
f 1494 	2747 	2743
f 2747 	1494 	1493
f 2743 	2747 	2829
f 1493 	1495 	2747
f 2777 	2747 	1495
f 2747 	2777 	2776
f 2835 	2744 	2746
f 2162 	1496 	2748
f 1498 	2748 	1496
f 1501 	2749 	1502
f 2749 	2752 	1502
f 1501 	1503 	2749
f 1497 	2751 	1498
f 1498 	2751 	2748
f 1497 	1500 	2751
f 2748 	2751 	2750
f 1500 	2752 	2751
f 1499 	2752 	1500
f 1499 	1502 	2752
f 2511 	2770 	2519
f 2514 	2515 	2503
f 2514 	2518 	2788
f 2518 	2519 	2788
f 2490 	2517 	2753
f 2517 	2516 	2788
f 2516 	2515 	2788
f 2755 	779 	2754
f 2754 	779 	2756
f 2751 	2758 	2750
f 2752 	2758 	2751
f 2757 	779 	2755
f 2755 	2754 	2490
f 2754 	2756 	2503
f 2749 	2759 	2752
f 2755 	2490 	2760
f 2759 	2758 	2752
f 2761 	2760 	2753
f 2755 	2760 	2757
f 2490 	2753 	2760
f 2994 	2759 	2749
f 2760 	2761 	2762
f 2761 	2753 	2788
f 2160 	2763 	2161
f 2161 	2763 	1491
f 2160 	2162 	2763
f 2748 	2763 	2162
f 2761 	2788 	2762
f 4975 	2742 	2741
f 2614 	2613 	2764
f 2614 	2764 	2615
f 2615 	2764 	3234
f 2615 	3234 	2640
f 4019 	3082 	2633
f 2466 	2646 	2645
f 2766 	1321 	2767
f 2766 	2466 	2645
f 2767 	1320 	2768
f 1101 	1100 	2442
f 1101 	2442 	2424
f 1103 	1102 	2425
f 1104 	1103 	2426
f 2446 	1110 	2445
f 2447 	1111 	2446
f 1308 	1307 	2467
f 1311 	1310 	2468
f 1314 	1313 	2619
f 2619 	2618 	1314
f 1317 	2617 	2616
f 2468 	2621 	1311
f 1318 	2769 	1319
f 2646 	2639 	1323
f 2626 	1325 	2639
f 2627 	1326 	2626
f 1331 	2629 	2630
f 2473 	5512 	5498
f 2781 	2771 	3843
f 2782 	2784 	4011
f 2782 	4011 	3844
f 4014 	2786 	3845
f 4012 	2784 	2787
f 1099 	2431 	2441
f 2425 	2426 	1103
f 2426 	2427 	1104
f 1110 	2446 	1111
f 1302 	1301 	2459
f 2618 	1315 	1314
f 2769 	1318 	2616
f 1320 	2767 	1321
f 2646 	1323 	2645
f 2631 	1332 	2630
f 2770 	1083 	1333
f 1080 	1333 	1083
f 1099 	1097 	2431
f 1106 	1105 	2428
f 2428 	2457 	1106
f 2444 	1108 	2631
f 1111 	2447 	1112
f 2449 	1113 	2448
f 2620 	2619 	1313
f 272 	273 	2607
f 1944 	3365 	1960
f 3381 	2060 	1960
f 2774 	779 	2773
f 779 	3843 	2773
f 2771 	2773 	3843
f 2777 	1491 	2763
f 1962 	1961 	2061
f 1962 	2061 	2062
f 2756 	779 	2772
f 2779 	2763 	2748
f 2485 	2486 	2774
f 2756 	2772 	2503
f 1965 	1964 	2064
f 2773 	2485 	2774
f 2485 	2773 	2771
f 2750 	2779 	2748
f 2774 	2486 	2775
f 2829 	2747 	2776
f 1968 	1967 	2067
f 2775 	2486 	2772
f 2486 	2503 	2772
f 2502 	2770 	2509
f 2775 	2772 	779
f 2774 	2775 	779
f 2607 	779 	272
f 2777 	2778 	2776
f 2763 	2779 	2777
f 2753 	2517 	2788
f 2777 	2779 	2778
f 2750 	2813 	2779
f 2062 	1963 	1962
f 3596 	2469 	2780
f 3844 	3596 	2780
f 2062 	2063 	1963
f 1964 	1963 	2063
f 2780 	2771 	2781
f 2063 	2064 	1964
f 1965 	2064 	2065
f 298 	1925 	2502
f 1968 	2067 	2068
f 1970 	1969 	2069
f 1971 	1970 	2070
f 2069 	2070 	1970
f 2071 	1972 	2070
f 4012 	4011 	2784
f 2784 	2782 	2783
f 2782 	2780 	2783
f 1972 	2071 	1973
f 3844 	2780 	2782
f 2073 	1974 	2072
f 2785 	2786 	2787
f 4014 	2787 	2786
f 1975 	2073 	2074
f 2781 	3845 	2786
f 2075 	1976 	2074
f 2787 	2784 	2785
f 2783 	2785 	2784
f 1977 	2076 	1978
f 2780 	2781 	2783
f 2078 	1979 	2077
f 1978 	2077 	1979
f 2079 	1980 	2078
f 1979 	2078 	1980
f 2785 	2783 	2781
f 2786 	2785 	2781
f 2080 	1981 	2079
f 1937 	3359 	1938
f 1939 	1938 	3359
f 3364 	1943 	1942
f 3364 	1944 	1943
f 3366 	1946 	1945
f 1094 	2770 	1333
f 2770 	1094 	2788
f 2507 	2508 	2195
f 4 	2195 	2505
f 1510 	1401 	1334
f 1400 	1334 	1401
f 2522 	2195 	2521
f 2524 	2521 	2195
f 2195 	2499 	2357
f 2357 	2496 	2494
f 2357 	2494 	2495
f 2357 	2495 	2492
f 2492 	2487 	2357
f 2357 	2491 	2484
f 2482 	2357 	2481
f 2484 	2481 	2357
f 2480 	2357 	2482
f 2480 	2395 	2357
f 2393 	2394 	2357
f 2391 	2357 	2392
f 2195 	2322 	2526
f 2524 	2195 	2526
f 2522 	2507 	2195
f 2365 	2366 	1091
f 2361 	2359 	1091
f 15 	1091 	17
f 2790 	554 	2789
f 2790 	776 	554
f 2795 	2845 	2794
f 2796 	2845 	2795
f 2804 	2845 	2797
f 2796 	2797 	2845
f 2799 	2607 	2798
f 2800 	2607 	2799
f 2801 	2607 	2800
f 2802 	2607 	2801
f 2890 	2891 	2807
f 2776 	2778 	2808
f 2889 	2890 	2809
f 2805 	2893 	2804
f 2809 	2810 	2889
f 2886 	2887 	2812
f 2884 	2885 	2815
f 2900 	2884 	2815
f 2779 	2813 	2778
f 2816 	2900 	2815
f 2817 	2900 	2816
f 2778 	2813 	2978
f 2819 	2900 	2818
f 2817 	2818 	2900
f 2820 	2821 	2900
f 2836 	2837 	2900
f 2821 	2836 	2900
f 2981 	2978 	2813
f 2808 	2778 	2978
f 2826 	1089 	2825
f 2825 	1089 	2824
f 2827 	2828 	1089
f 2828 	2830 	1089
f 2834 	2607 	2833
f 2833 	2607 	2832
f 2798 	2607 	2834
f 2837 	2839 	2900
f 2829 	2838 	2746
f 2835 	2746 	2838
f 2829 	2843 	2838
f 2842 	2844 	1089
f 1089 	2844 	2822
f 2823 	1089 	2822
f 2824 	1089 	2823
f 2829 	2776 	2843
f 1089 	2900 	2839
f 2840 	1089 	2839
f 2841 	1089 	2840
f 2841 	2842 	1089
f 2826 	2827 	1089
f 2607 	1089 	2830
f 2831 	2607 	2830
f 2831 	2832 	2607
f 2845 	2607 	2803
f 2808 	2843 	2776
f 2791 	2845 	2803
f 2792 	2845 	2791
f 2793 	2845 	2792
f 2793 	2794 	2845
f 2802 	2803 	2607
f 2835 	2838 	2846
f 2812 	2814 	2886
f 2814 	2815 	2886
f 2819 	2820 	2900
f 2845 	2901 	2607
f 2849 	2901 	2848
f 2847 	2848 	2901
f 2838 	2843 	2850
f 2851 	2901 	2849
f 2846 	2838 	2850
f 2852 	2901 	2851
f 2853 	2901 	2852
f 2843 	2808 	2874
f 2861 	2901 	2854
f 2853 	2854 	2901
f 2856 	2845 	2855
f 2857 	2845 	2856
f 2858 	2845 	2857
f 2859 	2860 	2845
f 2919 	2920 	2866
f 2866 	2867 	2919
f 2921 	2922 	2863
f 2846 	2850 	2865
f 2868 	2869 	2917
f 2916 	2917 	2869
f 2935 	2914 	2871
f 2873 	2935 	2872
f 2871 	2872 	2935
f 2843 	2874 	2850
f 2877 	2878 	2935
f 2873 	2875 	2935
f 2876 	2877 	2935
f 2878 	2879 	2935
f 2880 	2900 	2879
f 2850 	2874 	2987
f 2882 	2900 	2881
f 2887 	2888 	2812
f 2810 	2811 	2888
f 2891 	2892 	2807
f 2894 	2845 	2893
f 2855 	2845 	2894
f 2750 	2896 	2813
f 2758 	2896 	2750
f 2897 	2898 	2900
f 2900 	2898 	2883
f 2884 	2900 	2883
f 2885 	2886 	2815
f 2811 	2812 	2888
f 2758 	2899 	2896
f 2881 	2900 	2880
f 2882 	2895 	2900
f 2895 	2897 	2900
f 2807 	2809 	2890
f 2806 	2807 	2892
f 2805 	2806 	2892
f 2892 	2893 	2805
f 2845 	2804 	2893
f 2901 	2845 	2860
f 2888 	2889 	2810
f 2847 	2901 	2860
f 2858 	2859 	2845
f 2908 	2901 	2907
f 2909 	2901 	2908
f 2910 	2901 	2909
f 2912 	2902 	2901
f 1076 	2901 	2902
f 2870 	2871 	2916
f 2917 	2918 	2868
f 2913 	2914 	2935
f 2867 	2868 	2918
f 2920 	2921 	2864
f 2863 	2864 	2921
f 2861 	2862 	2923
f 2907 	2901 	2924
f 2923 	2924 	2901
f 2901 	2861 	2923
f 2935 	580 	2927
f 2928 	2935 	2927
f 2929 	2935 	2928
f 2913 	2935 	2934
f 2933 	2934 	2935
f 2930 	2935 	2929
f 2931 	2935 	2930
f 2935 	2931 	2932
f 2932 	2933 	2935
f 2864 	2866 	2920
f 2862 	2863 	2922
f 2922 	2923 	2862
f 2911 	2901 	2910
f 2918 	2919 	2867
f 2869 	2870 	2916
f 2915 	2916 	2871
f 2914 	2915 	2871
f 2900 	2935 	2879
f 2875 	2876 	2935
f 2911 	2912 	2901
f 1076 	2902 	2903
f 1076 	2903 	2904
f 1076 	2904 	2905
f 2906 	1076 	2905
f 1076 	2607 	2901
f 543 	544 	1076
f 542 	543 	1076
f 544 	545 	1076
f 580 	1076 	545
f 547 	580 	546
f 551 	580 	550
f 552 	2925 	580
f 2925 	2926 	580
f 2926 	2927 	580
f 545 	546 	580
f 548 	580 	547
f 580 	548 	549
f 549 	550 	580
f 551 	552 	580
f 17 	1091 	2359
f 14 	1091 	16
f 16 	1091 	15
f 22 	2936 	23
f 18 	2936 	20
f 20 	2936 	22
f 23 	2936 	14
f 27 	2936 	18
f 26 	2936 	27
f 25 	2936 	26
f 34 	31 	2936
f 33 	2936 	25
f 38 	2322 	39
f 41 	39 	2322
f 31 	42 	2322
f 2322 	2936 	31
f 42 	41 	2322
f 33 	34 	2936
f 2400 	2322 	38
f 2322 	2400 	2398
f 2398 	2399 	2322
f 2399 	2397 	2322
f 2936 	2322 	1091
f 1091 	14 	2936
f 2357 	2386 	3084
f 2370 	1091 	2369
f 2368 	1091 	2367
f 2361 	2937 	2359
f 2361 	2360 	2938
f 2362 	2938 	2360
f 2361 	2938 	2937
f 2937 	2938 	3186
f 15 	2939 	16
f 2939 	13 	16
f 2937 	17 	2359
f 15 	17 	2939
f 2937 	2939 	17
f 2940 	2939 	2937
f 2942 	2939 	2940
f 3186 	2940 	2937
f 2363 	2943 	2364
f 2366 	2945 	2943
f 2366 	2943 	2363
f 2945 	2366 	2365
f 2367 	2947 	2368
f 2368 	2947 	2945
f 2368 	2945 	2365
f 2367 	2370 	2947
f 2943 	2945 	2944
f 2945 	2946 	2944
f 2945 	2947 	2946
f 2947 	2949 	2946
f 2944 	2946 	2948
f 2370 	2950 	2947
f 2369 	2950 	2370
f 2369 	2372 	2950
f 2947 	2950 	2949
f 2372 	2951 	2950
f 2371 	2951 	2372
f 3216 	2951 	2373
f 2954 	2946 	2949
f 2946 	2954 	2948
f 2949 	2952 	2954
f 2950 	2953 	2949
f 2951 	2953 	2950
f 2949 	2953 	2952
f 3368 	1947 	1946
f 43 	2277 	2325
f 3368 	3356 	1947
f 1949 	1948 	3369
f 3374 	1953 	3373
f 1952 	3373 	1953
f 3374 	1954 	1953
f 3376 	1955 	1954
f 1955 	3376 	1956
f 1956 	3378 	1957
f 3378 	1958 	1957
f 1699 	2310 	2955
f 1959 	3380 	3369
f 3369 	1948 	1959
f 1544 	2955 	3176
f 1960 	2060 	1961
f 2059 	2061 	1961
f 2065 	1966 	1965
f 2065 	2066 	1966
f 1967 	1966 	2066
f 2066 	2067 	1967
f 2068 	1969 	1968
f 2068 	2069 	1969
f 1973 	2072 	1974
f 1974 	2073 	1975
f 1975 	2074 	1976
f 2075 	1977 	1976
f 1980 	2079 	1981
f 2080 	2081 	1981
f 2955 	1544 	1558
f 2193 	3447 	2325
f 3897 	43 	2325
f 2083 	1990 	2084
f 2960 	1709 	2955
f 1699 	2955 	1709
f 2959 	2960 	1558
f 1709 	2958 	1673
f 2012 	2011 	2088
f 2017 	2016 	2090
f 1714 	2956 	1713
f 1714 	1715 	2956
f 1718 	1717 	2964
f 1685 	1718 	2964
f 1685 	1676 	1718
f 1717 	1716 	2965
f 2110 	2048 	2109
f 2956 	2957 	1713
f 2956 	1715 	2957
f 1984 	3404 	3405
f 1711 	1673 	2958
f 1715 	1711 	2958
f 1989 	2084 	1990
f 2083 	2085 	1990
f 1991 	1990 	2085
f 1709 	2961 	2958
f 2960 	2961 	1709
f 2959 	3123 	2960
f 2962 	1712 	1713
f 1713 	2957 	2962
f 2963 	2962 	2957
f 1715 	3123 	2957
f 3121 	1689 	2964
f 2963 	2957 	3123
f 2958 	2961 	1715
f 2964 	1688 	1685
f 3122 	3121 	2964
f 3123 	1715 	2961
f 1717 	2965 	2964
f 2962 	2966 	1712
f 2001 	3419 	3420
f 2964 	2965 	3122
f 2963 	2966 	2962
f 2591 	2590 	2575
f 2012 	3545 	3548
f 2017 	2090 	2091
f 2019 	2018 	2092
f 2092 	2093 	2019
f 2021 	2019 	2093
f 2093 	2094 	2021
f 2022 	2094 	2095
f 2967 	2976 	2974
f 2530 	2968 	2591
f 2031 	2030 	2099
f 2103 	2036 	2102
f 2104 	2038 	2103
f 2041 	2105 	2106
f 715 	2539 	2534
f 2107 	2043 	2106
f 715 	2969 	2539
f 2043 	2107 	2044
f 2044 	2108 	2046
f 2046 	2109 	2048
f 2111 	2050 	2110
f 2048 	2110 	2050
f 3405 	1985 	1984
f 2971 	2591 	2968
f 1987 	1985 	3405
f 2971 	2968 	2972
f 2970 	2971 	2972
f 1993 	1992 	3412
f 724 	2968 	2969
f 1993 	3412 	3413
f 1993 	3413 	1994
f 2972 	2968 	724
f 1994 	3413 	1995
f 724 	2969 	714
f 1996 	3416 	1997
f 714 	2969 	715
f 1997 	3416 	1984
f 1998 	3424 	1992
f 2970 	2972 	4075
f 3420 	2002 	2001
f 2003 	2002 	3420
f 4075 	2972 	863
f 2972 	724 	863
f 3424 	1998 	2006
f 2050 	2111 	2010
f 2087 	2011 	2086
f 2010 	2086 	2011
f 2087 	2088 	2011
f 2589 	2974 	2973
f 2012 	3548 	2013
f 2974 	2589 	2967
f 3417 	1999 	3548
f 2013 	3548 	1999
f 2976 	2967 	2590
f 1991 	2085 	2089
f 2016 	1991 	2089
f 2089 	2090 	2016
f 2091 	2018 	2017
f 2091 	2092 	2018
f 2590 	2591 	2971
f 2094 	2022 	2021
f 2095 	2025 	2022
f 2975 	2973 	2974
f 2095 	2096 	2025
f 2027 	2025 	2096
f 2096 	2097 	2027
f 2028 	2027 	2097
f 2098 	2030 	2028
f 2097 	2098 	2028
f 2098 	2099 	2030
f 2099 	2100 	2031
f 2031 	2100 	2032
f 2032 	2100 	2033
f 2101 	2033 	2100
f 2033 	2101 	2035
f 2102 	2035 	2101
f 2036 	2035 	2102
f 2971 	2976 	2590
f 2036 	2103 	2038
f 2970 	2976 	2971
f 2038 	2104 	2039
f 2105 	2039 	2104
f 3260 	2975 	4071
f 2041 	2039 	2105
f 2041 	2106 	2043
f 2974 	2977 	2975
f 2977 	2974 	2976
f 2108 	2044 	2107
f 2970 	2977 	2976
f 2759 	2899 	2758
f 2977 	2970 	4073
f 2813 	2896 	2981
f 2896 	2899 	2980
f 2981 	2896 	2980
f 2899 	3002 	2980
f 2978 	2983 	2985
f 2981 	2983 	2978
f 2981 	2980 	2982
f 2983 	2981 	2982
f 2874 	2808 	2985
f 2808 	2978 	2985
f 2984 	2874 	2985
f 2985 	2983 	2986
f 2984 	2985 	2986
f 2983 	2982 	2988
f 2986 	2983 	2988
f 2988 	2982 	3010
f 2850 	2987 	2865
f 2987 	2874 	2984
f 2987 	2984 	3658
f 2984 	2986 	3659
f 2163 	2990 	2164
f 2164 	2990 	2168
f 1503 	2989 	2749
f 2165 	2989 	1503
f 2167 	2991 	2989
f 2167 	2989 	2165
f 2166 	2991 	2167
f 2993 	2991 	2169
f 2166 	2169 	2991
f 2169 	2168 	2993
f 2990 	2993 	2168
f 2749 	2989 	2994
f 2991 	2993 	2992
f 2992 	2993 	3000
f 2989 	2995 	2994
f 2991 	2995 	2989
f 2995 	2991 	2992
f 2163 	2451 	2990
f 2996 	2990 	2451
f 2450 	2996 	2451
f 2454 	2997 	2996
f 2454 	2996 	2450
f 2453 	2997 	2454
f 2456 	2997 	2453
f 2998 	2990 	2996
f 2990 	2998 	2993
f 2996 	2997 	2999
f 2998 	2996 	2999
f 2993 	2998 	3000
f 2899 	2759 	3001
f 2994 	3001 	2759
f 2994 	3003 	3001
f 2995 	3003 	2994
f 2899 	3001 	3002
f 2992 	3004 	2995
f 3003 	2995 	3004
f 3005 	2980 	3002
f 2980 	3005 	2982
f 3002 	3006 	3005
f 3001 	3007 	3002
f 3003 	3007 	3001
f 3002 	3007 	3006
f 3007 	3003 	3008
f 3004 	3008 	3003
f 3010 	2982 	3005
f 3007 	3009 	3006
f 3008 	3009 	3007
f 3009 	3008 	3320
f 1777 	1776 	3254
f 3011 	3254 	1776
f 2906 	743 	1076
f 540 	541 	1076
f 743 	744 	1076
f 744 	540 	1076
f 541 	542 	1076
f 208 	220 	3015
f 3012 	2979 	3029
f 253 	265 	3056
f 251 	3062 	3051
f 246 	3048 	3040
f 2979 	3013 	3029
f 2979 	2567 	3013
f 3015 	3025 	3014
f 3016 	2567 	2569
f 3018 	3025 	3017
f 3013 	2567 	3016
f 3021 	3025 	3020
f 3017 	3025 	3021
f 3014 	3025 	3018
f 2589 	3016 	2569
f 3011 	1781 	3027
f 3027 	1781 	3012
f 3029 	3027 	3012
f 3026 	3019 	3025
f 3028 	3019 	3026
f 3019 	3020 	3025
f 3024 	3019 	3023
f 3028 	3023 	3019
f 3022 	3030 	3038
f 3036 	3034 	3030
f 3029 	3256 	3027
f 3037 	3038 	3035
f 3037 	3032 	3038
f 3024 	3022 	3038
f 3035 	3038 	3034
f 3019 	3024 	3038
f 3034 	3038 	3030
f 3030 	3031 	3036
f 3039 	3041 	3033
f 3041 	3038 	3032
f 3032 	3033 	3041
f 3041 	3039 	3040
f 3048 	3041 	3040
f 3043 	3050 	3049
f 3047 	3041 	3046
f 3045 	3046 	3041
f 3044 	3049 	3047
f 3041 	3047 	3049
f 3049 	3044 	3043
f 3048 	3045 	3041
f 3051 	3062 	3050
f 3052 	3472 	1783
f 3055 	3061 	3054
f 3052 	3042 	3057
f 3054 	3061 	3053
f 3060 	3053 	3061
f 3060 	3061 	3049
f 3060 	3049 	3059
f 3058 	3059 	3049
f 3058 	3049 	3062
f 3049 	3050 	3062
f 3055 	3056 	3064
f 2623 	2622 	3063
f 3064 	3065 	3061
f 3061 	3055 	3064
f 2625 	2624 	2765
f 2624 	3063 	2765
f 3066 	3061 	3065
f 2623 	3063 	2624
f 3069 	3071 	3068
f 3070 	3068 	3077
f 3072 	3068 	3071
f 3077 	3068 	3072
f 3078 	3079 	3076
f 3077 	3078 	3076
f 3076 	3070 	3077
f 3074 	3076 	3079
f 3075 	3074 	3079
f 3079 	3080 	3075
f 3073 	3075 	3080
f 3073 	3080 	3081
f 3081 	3067 	3073
f 3449 	3447 	3084
f 2357 	3084 	2193
f 3082 	4249 	3083
f 3083 	3086 	3082
f 3106 	3090 	3083
f 3083 	3090 	3086
f 3087 	1091 	3089
f 3086 	3090 	2632
f 2622 	2632 	3090
f 3090 	3222 	3063
f 3090 	3063 	2622
f 2635 	2634 	3086
f 3082 	3086 	2634
f 2633 	3082 	2634
f 3086 	2632 	2636
f 2635 	3086 	2636
f 3094 	1091 	3085
f 2765 	3224 	3100
f 3095 	1091 	3094
f 1091 	3087 	3085
f 3097 	3096 	2764
f 3092 	1091 	3095
f 3103 	1091 	3093
f 2765 	2637 	2625
f 817 	1091 	3099
f 3100 	3097 	2764
f 2638 	2637 	3100
f 2637 	2765 	3100
f 2613 	3100 	2764
f 3104 	1091 	3103
f 2638 	3100 	2613
f 3092 	3093 	1091
f 3101 	1091 	3104
f 3102 	3098 	1091
f 3107 	2719 	3449
f 3109 	3084 	3108
f 3112 	3084 	3114
f 3113 	3114 	3084
f 3115 	3084 	3116
f 2961 	2960 	3123
f 3122 	1710 	1195
f 1690 	1685 	1688
f 1688 	2964 	1689
f 3122 	2965 	1710
f 1194 	3121 	3122
f 3122 	1195 	1194
f 3123 	4684 	2963
f 3126 	4684 	3125
f 3127 	4684 	3126
f 3128 	4684 	3127
f 3129 	4684 	3128
f 3125 	4684 	3124
f 3129 	3130 	4684
f 3138 	3123 	3137
f 3139 	3123 	3138
f 3140 	3123 	3139
f 3136 	3137 	3123
f 3141 	3142 	3123
f 4684 	3123 	3131
f 3142 	3131 	3123
f 3144 	3145 	4684
f 3143 	3144 	4684
f 3130 	3143 	4684
f 4291 	4684 	3145
f 3147 	4291 	3146
f 3148 	4291 	3147
f 3149 	4291 	3148
f 3145 	3146 	4291
f 3150 	4291 	3149
f 3152 	4291 	3151
f 3153 	4291 	3152
f 3154 	4291 	3153
f 3151 	4291 	3150
f 3155 	4291 	3154
f 3156 	4291 	3155
f 3160 	2959 	3159
f 3159 	2959 	3158
f 3158 	2959 	3157
f 3165 	4291 	3156
f 3166 	4291 	3165
f 3167 	4291 	3166
f 3168 	2959 	3167
f 3169 	2959 	3168
f 3170 	2959 	3169
f 3171 	2959 	3170
f 3172 	2959 	3171
f 3173 	2959 	3172
f 3174 	2959 	3173
f 3175 	2959 	3174
f 3157 	2959 	3175
f 4291 	3167 	2959
f 3160 	3161 	2959
f 2959 	3161 	3162
f 3163 	3123 	3162
f 3164 	3123 	3163
f 2959 	3162 	3123
f 3136 	3123 	3135
f 3164 	3134 	3123
f 3135 	3123 	3134
f 3140 	3141 	3123
f 4684 	3131 	3132
f 4684 	3132 	3133
f 3124 	4684 	3133
f 1710 	1193 	1195
f 3177 	3181 	2268
f 3180 	3177 	2268
f 2318 	2268 	3181
f 2268 	2269 	3180
f 2269 	4365 	3180
f 1543 	1558 	1544
f 3176 	2277 	48
f 2960 	2955 	1558
f 1558 	1589 	2959
f 1589 	4320 	2959
f 4291 	2959 	4320
f 1196 	1197 	3124
f 1201 	3129 	3128
f 1201 	1202 	3129
f 3130 	3129 	1202
f 3143 	3130 	632
f 3133 	3132 	1205
f 1205 	1196 	3133
f 3134 	1209 	3135
f 1211 	3136 	1210
f 3136 	1211 	3137
f 1212 	3138 	3137
f 3140 	1206 	3141
f 1208 	3142 	1207
f 1202 	632 	3130
f 632 	633 	3143
f 634 	3145 	3144
f 3145 	634 	3146
f 3149 	3148 	637
f 637 	638 	3149
f 3150 	3149 	638
f 638 	640 	3150
f 3158 	3157 	767
f 3163 	1177 	3164
f 3164 	1178 	3134
f 3169 	1180 	3170
f 3171 	3170 	1179
f 1186 	3174 	3173
f 2009 	47 	2008
f 2014 	47 	2009
f 2015 	47 	2014
f 47 	2015 	2034
f 47 	2034 	2037
f 2037 	2040 	47
f 2024 	2026 	1544
f 2023 	1544 	2020
f 2020 	1544 	2344
f 2029 	2005 	1544
f 47 	1544 	2005
f 2047 	47 	2045
f 2042 	47 	2040
f 2049 	47 	2047
f 2051 	47 	2049
f 2052 	47 	2051
f 2056 	2057 	48
f 2058 	48 	2057
f 2329 	48 	2058
f 2330 	48 	2329
f 2331 	2345 	48
f 2333 	3176 	2332
f 2335 	3176 	2334
f 2336 	3176 	2335
f 3176 	2336 	1544
f 2338 	1544 	2337
f 2339 	1544 	2338
f 2340 	1544 	2339
f 2342 	1544 	2341
f 2343 	1544 	2342
f 2344 	1544 	2343
f 2340 	2341 	1544
f 3176 	48 	2347
f 2346 	2347 	48
f 2349 	3176 	2348
f 2351 	3176 	2350
f 2349 	2350 	3176
f 3176 	2353 	2354
f 2332 	3176 	2354
f 2334 	3176 	2333
f 2330 	2331 	48
f 2348 	3176 	2347
f 2345 	2346 	48
f 2352 	3176 	2351
f 2353 	3176 	2352
f 47 	2005 	2007
f 2007 	2008 	47
f 2026 	2029 	1544
f 2024 	1544 	2023
f 2337 	1544 	2336
f 2042 	2045 	47
f 2053 	48 	2052
f 2054 	48 	2053
f 2055 	48 	2054
f 2055 	2056 	48
f 47 	2052 	48
f 3179 	3178 	3177
f 3180 	3179 	3177
f 3181 	3178 	3182
f 3177 	3178 	3181
f 3184 	3185 	4138
f 2364 	2943 	2358
f 2943 	3187 	2358
f 2362 	2358 	3187
f 2943 	2944 	3187
f 3186 	2938 	3189
f 2362 	3187 	2938
f 3187 	3189 	2938
f 3191 	3187 	2944
f 2948 	3191 	2944
f 3189 	3187 	3191
f 3186 	3189 	3188
f 3189 	3190 	3188
f 3189 	3191 	3190
f 3200 	3190 	3191
f 3188 	3190 	3192
f 2940 	3195 	2942
f 3186 	3193 	2940
f 3195 	2940 	3193
f 3188 	3193 	3186
f 2942 	3195 	2941
f 2941 	3195 	3194
f 3195 	3193 	3196
f 3194 	3195 	3196
f 3193 	3197 	3196
f 3193 	3188 	3197
f 3192 	3197 	3188
f 3194 	3196 	3198
f 3196 	3197 	3199
f 3198 	3196 	3199
f 2948 	3200 	3191
f 2954 	3202 	2948
f 2954 	2952 	3204
f 2954 	3204 	3202
f 2948 	3202 	3200
f 3200 	3202 	3201
f 3202 	3203 	3201
f 3204 	2952 	3473
f 3202 	3204 	3203
f 3205 	3192 	3190
f 3200 	3205 	3190
f 3200 	3201 	3205
f 3205 	3201 	3207
f 3197 	3192 	3209
f 3192 	3206 	3209
f 3205 	3206 	3192
f 3205 	3207 	3206
f 3203 	3211 	3201
f 3201 	3211 	3207
f 3199 	4600 	3198
f 3197 	3209 	3199
f 3199 	3209 	3208
f 3209 	3206 	3212
f 3208 	3209 	3212
f 3207 	3211 	3210
f 3207 	3213 	3206
f 3212 	3206 	3213
f 3213 	3207 	3210
f 2375 	3214 	2376
f 2374 	3214 	2375
f 3214 	3459 	2376
f 3215 	3216 	2379
f 2378 	3215 	2379
f 2380 	3215 	2378
f 2377 	3216 	2373
f 2371 	2373 	2951
f 2377 	2379 	3216
f 2953 	3217 	2952
f 2951 	3218 	2953
f 3216 	3218 	2951
f 3217 	2953 	3218
f 3218 	3220 	3217
f 3215 	3219 	3216
f 3218 	3216 	3219
f 3218 	3219 	3220
f 2952 	3217 	3473
f 1317 	2616 	1318
f 2768 	1319 	2769
f 2768 	1320 	1319
f 1325 	2626 	1326
f 1328 	1327 	2628
f 2629 	1329 	2628
f 1101 	2424 	1102
f 2424 	2425 	1102
f 2427 	1105 	1104
f 2427 	2428 	1105
f 1332 	2631 	1108
f 2445 	1109 	2444
f 2455 	1115 	2452
f 2443 	1107 	2455
f 2457 	1300 	1106
f 2457 	2458 	1300
f 2460 	1303 	2459
f 2462 	2467 	1307
f 2612 	1309 	2467
f 1310 	1309 	2609
f 2620 	1313 	1312
f 2458 	1301 	1300
f 1305 	2461 	1306
f 1304 	2460 	1305
f 2461 	2462 	1306
f 1315 	2618 	2617
f 1321 	2766 	1322
f 1326 	2627 	1327
f 1328 	2628 	1329
f 1331 	2630 	1332
f 1097 	1096 	2430
f 2429 	2430 	1096
f 2430 	2431 	1097
f 1100 	1099 	2441
f 2441 	2442 	1100
f 1115 	2455 	1107
f 1107 	2443 	1096
f 2429 	1096 	2443
f 1108 	2444 	1109
f 2445 	1110 	1109
f 2448 	1112 	2447
f 1112 	2448 	1113
f 2452 	1114 	2449
f 1113 	2449 	1114
f 1114 	2452 	1115
f 2458 	2459 	1301
f 1302 	2459 	1303
f 1303 	2460 	1304
f 2461 	1305 	2460
f 1308 	2467 	1309
f 2612 	2609 	1309
f 2609 	2468 	1310
f 2617 	1316 	1315
f 1316 	2617 	1317
f 2645 	1322 	2766
f 2645 	1323 	1322
f 2639 	1324 	1323
f 2639 	1325 	1324
f 2628 	1327 	2627
f 1330 	1329 	2629
f 1330 	2629 	1331
f 1085 	1084 	1510
f 1401 	1510 	1084
f 3888 	2318 	4046
f 1336 	1335 	1736
f 1735 	1736 	1335
f 1337 	1732 	1338
f 1732 	1337 	1736
f 1336 	1736 	1337
f 1735 	1335 	1741
f 1345 	1741 	1335
f 1346 	1340 	1830
f 1838 	1855 	1352
f 1855 	1839 	1353
f 1840 	1355 	1354
f 1356 	1355 	1841
f 1363 	1362 	1861
f 1861 	1862 	1363
f 1866 	1367 	1864
f 1367 	1866 	1381
f 1890 	1382 	1889
f 1385 	1893 	1509
f 1894 	1870 	1368
f 1338 	1732 	1339
f 1340 	1339 	1797
f 1738 	1343 	1342
f 1738 	1342 	1796
f 1341 	1796 	1342
f 1343 	1738 	1344
f 1345 	1344 	1741
f 1797 	1830 	1340
f 1830 	1832 	1346
f 1347 	1346 	1832
f 1833 	1348 	1347
f 1833 	1347 	1832
f 1833 	1835 	1348
f 1349 	1348 	1835
f 1835 	1836 	1349
f 1840 	1841 	1355
f 1841 	1842 	1356
f 1359 	1358 	1857
f 1857 	1858 	1359
f 1360 	1359 	1858
f 1859 	1361 	1360
f 1859 	1360 	1858
f 1859 	1860 	1361
f 1362 	1361 	1860
f 1860 	1861 	1362
f 1864 	1366 	1365
f 1864 	1367 	1366
f 1889 	1381 	1866
f 1871 	1369 	1870
f 1368 	1870 	1369
f 1369 	1871 	1370
f 1371 	1873 	1372
f 1875 	1373 	1874
f 1372 	1874 	1373
f 1373 	1875 	1374
f 1877 	1374 	1875
f 1877 	1375 	1374
f 1375 	1878 	1376
f 1880 	1377 	1879
f 1376 	1879 	1377
f 1377 	1880 	1378
f 1881 	1378 	1880
f 1882 	1379 	1881
f 1378 	1881 	1379
f 1882 	1380 	1379
f 3222 	3105 	3221
f 3090 	3106 	3222
f 3222 	3221 	3063
f 3063 	3221 	2765
f 3221 	3224 	2765
f 3221 	3230 	3224
f 3096 	3097 	3223
f 3225 	3096 	3223
f 3225 	3236 	3096
f 3224 	3097 	3100
f 3226 	3228 	3231
f 3226 	3229 	3228
f 3252 	3228 	3229
f 3230 	3105 	4270
f 3232 	3227 	3231
f 3223 	3231 	3228
f 3223 	3232 	3231
f 3252 	3225 	3228
f 3223 	3228 	3225
f 3105 	3230 	3221
f 3227 	3232 	3230
f 3230 	3232 	3224
f 3232 	3223 	3097
f 3224 	3232 	3097
f 3235 	3238 	2647
f 3096 	3234 	2764
f 2642 	2641 	3233
f 2641 	3234 	3233
f 2640 	3234 	2641
f 3233 	2643 	2642
f 2644 	2643 	3235
f 3233 	3235 	2643
f 3235 	2648 	2644
f 2649 	2647 	3238
f 3235 	2647 	2648
f 3240 	2650 	2649
f 2651 	2650 	3240
f 3234 	3096 	3236
f 3234 	3236 	3233
f 3236 	3237 	3233
f 3233 	3237 	3235
f 3235 	3237 	3238
f 3238 	3240 	2649
f 3239 	3241 	3243
f 3239 	3242 	3241
f 2652 	2651 	3243
f 3240 	3243 	2651
f 2654 	2653 	3241
f 3243 	3241 	2653
f 2653 	2652 	3243
f 3245 	3244 	3246
f 3225 	3247 	3236
f 3247 	3237 	3236
f 3248 	3245 	3246
f 3248 	3237 	3247
f 3248 	3246 	3238
f 3238 	3237 	3248
f 3238 	3246 	3240
f 4398 	3249 	3229
f 3229 	3249 	3252
f 3249 	3250 	3584
f 3472 	3052 	3057
f 3057 	3042 	3253
f 1777 	3254 	3042
f 3253 	3042 	3254
f 3254 	3011 	3255
f 3057 	3253 	3485
f 3254 	3255 	3253
f 3027 	3256 	3262
f 3257 	3013 	3016
f 3257 	3259 	3013
f 2973 	3016 	2589
f 2973 	3257 	3016
f 3259 	3029 	3013
f 3029 	3259 	3256
f 3258 	3256 	3259
f 3259 	3257 	3261
f 3258 	3259 	3261
f 3257 	3260 	3261
f 3260 	3257 	2973
f 2975 	3260 	2973
f 3255 	3011 	3262
f 3262 	3011 	3027
f 3487 	3253 	3255
f 3263 	3255 	3262
f 3263 	3487 	3255
f 3262 	3256 	3264
f 3258 	3264 	3256
f 3487 	3263 	3495
f 3263 	4085 	3495
f 3262 	3264 	3263
f 4085 	3263 	3264
f 3265 	316 	3327
f 316 	3265 	3266
f 3265 	118 	117
f 3265 	117 	3266
f 119 	118 	3267
f 3265 	3267 	118
f 120 	119 	3267
f 120 	3267 	3322
f 3266 	117 	122
f 121 	3266 	122
f 2108 	2109 	2046
f 2086 	2010 	2111
f 2060 	3269 	1932
f 3271 	3272 	1932
f 3274 	4050 	3273
f 3275 	4050 	3274
f 4050 	1932 	3272
f 3276 	4050 	3275
f 3278 	4050 	3277
f 3276 	3277 	4050
f 3279 	4050 	3278
f 3284 	4050 	3283
f 3283 	4050 	3282
f 3294 	3295 	3289
f 3290 	3291 	2081
f 3289 	2081 	3294
f 2084 	3290 	2081
f 3291 	3294 	2081
f 4050 	3279 	3280
f 3281 	4050 	3280
f 3282 	4050 	3281
f 3288 	3289 	3295
f 3298 	4050 	3285
f 3295 	3296 	3288
f 3299 	4050 	3298
f 3301 	4050 	3300
f 3299 	3300 	4050
f 3302 	4050 	3301
f 3303 	4050 	3302
f 1084 	4050 	3305
f 3305 	3306 	1084
f 3308 	3309 	1401
f 1401 	3310 	298
f 3315 	1925 	3314
f 1925 	298 	3314
f 3316 	1925 	3315
f 3306 	3307 	1084
f 1401 	1084 	3308
f 3309 	3310 	1401
f 3311 	298 	3310
f 3312 	3313 	298
f 3313 	3314 	298
f 3292 	1925 	3316
f 3307 	3308 	1084
f 3311 	3312 	298
f 3293 	1925 	3292
f 2088 	1925 	3293
f 1925 	1929 	2502
f 3287 	3288 	3296
f 3296 	3297 	3287
f 3286 	3287 	3297
f 3286 	3298 	3285
f 3297 	3298 	3286
f 3284 	3285 	4050
f 2303 	2304 	3317
f 1929 	2270 	2502
f 2272 	2270 	1929
f 2320 	2194 	2321
f 2300 	2299 	2502
f 2299 	2298 	2502
f 2298 	2296 	2502
f 2296 	2295 	2502
f 3317 	4000 	2502
f 2303 	3317 	2305
f 2315 	2314 	3317
f 2314 	2313 	3317
f 3354 	3317 	2313
f 2313 	2312 	3354
f 2326 	2204 	3354
f 2283 	1929 	2284
f 2274 	2273 	1929
f 2328 	2286 	1929
f 2302 	2502 	2270
f 2301 	2300 	2502
f 2302 	2301 	2502
f 2272 	1929 	2273
f 2276 	2274 	1929
f 2276 	1929 	2278
f 2278 	1929 	2280
f 2281 	2280 	1929
f 2281 	1929 	2282
f 2283 	2282 	1929
f 2284 	1929 	2285
f 2286 	2328 	2287
f 2289 	2328 	2290
f 2290 	2328 	2291
f 2288 	2328 	2289
f 2288 	2287 	2328
f 2285 	1929 	2286
f 2291 	2328 	2292
f 3006 	3346 	3005
f 3006 	3009 	3347
f 3006 	3347 	3346
f 3268 	124 	123
f 3009 	3320 	3318
f 3268 	3319 	124
f 3318 	3320 	3321
f 125 	120 	3322
f 123 	126 	3268
f 3322 	3268 	126
f 125 	3322 	126
f 1739 	3325 	1759
f 1739 	1784 	3325
f 1759 	3328 	1746
f 1759 	3325 	3324
f 3325 	3326 	3324
f 3323 	3327 	321
f 1746 	3328 	3323
f 3328 	1759 	3324
f 3323 	3328 	3327
f 3328 	3324 	3329
f 3327 	3328 	3329
f 3324 	3326 	3330
f 3329 	3324 	3330
f 3265 	3327 	3329
f 3267 	3265 	3329
f 3330 	3267 	3329
f 3330 	3338 	3322
f 3322 	3267 	3330
f 2523 	1782 	3333
f 3331 	2523 	3333
f 1785 	3332 	1784
f 3332 	3325 	1784
f 3332 	1785 	3334
f 2483 	3334 	1785
f 3325 	3332 	3326
f 3334 	2483 	3331
f 3336 	3332 	3334
f 3334 	3331 	3339
f 3331 	3335 	3339
f 3333 	3335 	3331
f 3332 	3336 	3326
f 3334 	3339 	3336
f 3338 	3326 	3336
f 3326 	3338 	3330
f 3336 	3337 	3338
f 3336 	3339 	3337
f 3335 	3340 	3339
f 3339 	3340 	3337
f 3319 	3268 	3337
f 3340 	3319 	3337
f 3319 	3340 	3344
f 3338 	3337 	3268
f 3268 	3322 	3338
f 3084 	3120 	3118
f 3464 	3341 	3342
f 3468 	3341 	3464
f 4121 	3343 	4118
f 807 	831 	1091
f 3010 	3005 	3346
f 4958 	3010 	3346
f 808 	1091 	814
f 816 	814 	1091
f 3347 	3009 	3318
f 4954 	3346 	3347
f 826 	3084 	828
f 831 	828 	3084
f 2999 	3350 	2998
f 2998 	3350 	3000
f 2999 	3348 	3350
f 2999 	2997 	3432
f 3348 	2999 	3432
f 3432 	3436 	3348
f 3000 	3352 	2992
f 3317 	2502 	2293
f 2295 	2294 	2502
f 2294 	2293 	2502
f 3352 	3000 	3349
f 3000 	3350 	3349
f 2304 	2315 	3317
f 3350 	3348 	3353
f 2306 	3317 	2307
f 2305 	3317 	2306
f 3349 	3350 	3353
f 2307 	3317 	2308
f 2308 	3317 	2293
f 2326 	3354 	2309
f 2311 	3354 	2312
f 3004 	3351 	3008
f 3004 	2992 	3352
f 2292 	2328 	2316
f 3004 	3352 	3351
f 2316 	2328 	2317
f 2317 	2328 	2319
f 3349 	3425 	3352
f 2321 	2194 	2323
f 3351 	3352 	3425
f 2311 	2309 	3354
f 2323 	2191 	2324
f 2324 	2190 	2326
f 3429 	3349 	3353
f 2200 	2201 	3354
f 1933 	1932 	3355
f 3438 	3353 	3348
f 1932 	3269 	3270
f 3270 	3271 	1932
f 3273 	4050 	3272
f 2215 	2214 	3355
f 3355 	2214 	2213
f 3355 	2213 	1933
f 3320 	3008 	3351
f 2203 	2202 	3354
f 2212 	2211 	3354
f 2211 	2210 	3354
f 2219 	3355 	2206
f 3354 	2207 	3355
f 2197 	2196 	2319
f 2179 	1933 	2180
f 2179 	2178 	2328
f 2328 	2171 	2319
f 2328 	1933 	2179
f 2199 	2319 	2170
f 2170 	2319 	2171
f 2171 	2328 	2172
f 2172 	2328 	2173
f 2173 	2328 	2174
f 2174 	2328 	2175
f 2175 	2328 	2176
f 2176 	2328 	2177
f 2177 	2328 	2178
f 2180 	1933 	2181
f 2182 	1933 	2183
f 2184 	1933 	2185
f 2185 	1933 	2186
f 2186 	1933 	2187
f 2184 	2183 	1933
f 2181 	1933 	2182
f 2213 	2188 	1933
f 2187 	1933 	2188
f 2205 	2326 	2189
f 2319 	2196 	2320
f 2189 	2326 	2190
f 2190 	2324 	2191
f 2191 	2323 	2192
f 2192 	2323 	2194
f 2194 	2320 	2196
f 2197 	2319 	2198
f 2198 	2319 	2199
f 2201 	2212 	3354
f 2200 	3354 	2202
f 2203 	3354 	2204
f 2204 	2326 	2205
f 2210 	2209 	3354
f 2206 	3355 	2207
f 2207 	3354 	2208
f 2208 	3354 	2209
f 2215 	3355 	2216
f 2216 	3355 	2217
f 2217 	3355 	2218
f 2218 	3355 	2219
f 3366 	3367 	1946
f 1946 	3367 	3368
f 1935 	1947 	3356
f 3357 	1936 	3356
f 1935 	3356 	1936
f 1937 	1936 	3358
f 3357 	3358 	1936
f 1939 	3359 	3360
f 3361 	1940 	3360
f 1939 	3360 	1940
f 3361 	3362 	1940
f 1941 	1940 	3362
f 3363 	1942 	3362
f 1941 	3362 	1942
f 3363 	3364 	1942
f 3365 	1944 	3364
f 1949 	3369 	3370
f 1949 	3370 	1950
f 3371 	1950 	3370
f 1950 	3371 	3366
f 1982 	3403 	1951
f 3373 	1951 	3372
f 3375 	1954 	3374
f 1954 	3375 	3376
f 1956 	3376 	3377
f 3379 	1958 	3378
f 3380 	1959 	3379
f 3273 	3386 	3274
f 2060 	3381 	3382
f 3385 	3272 	3384
f 3272 	3385 	3273
f 3386 	3273 	3385
f 3387 	3274 	3386
f 3388 	3275 	3387
f 3390 	3277 	3389
f 3393 	3280 	3392
f 3394 	3281 	3393
f 3282 	3395 	3283
f 3381 	1960 	3365
f 3382 	3269 	2060
f 3269 	3382 	3270
f 3383 	3270 	3382
f 3384 	3271 	3383
f 3270 	3383 	3271
f 3271 	3384 	3272
f 3274 	3387 	3275
f 3389 	3276 	3388
f 3275 	3388 	3276
f 3276 	3389 	3277
f 3391 	3278 	3390
f 3277 	3390 	3278
f 3392 	3279 	3391
f 3278 	3391 	3279
f 3392 	3280 	3279
f 3280 	3393 	3281
f 3395 	3282 	3394
f 3281 	3394 	3282
f 3396 	3283 	3395
f 3397 	3284 	3283
f 3397 	3283 	3396
f 3398 	3285 	3284
f 3398 	3284 	3397
f 3399 	3286 	3285
f 3399 	3285 	3398
f 3400 	3287 	3286
f 3400 	3286 	3399
f 3401 	3288 	3287
f 3401 	3287 	3400
f 3402 	3289 	3288
f 3402 	3288 	3401
f 3403 	1982 	2081
f 3289 	3402 	2081
f 3403 	2081 	3402
f 3372 	1951 	3403
f 3404 	1984 	3416
f 1987 	3405 	3406
f 3407 	1988 	3406
f 1987 	3406 	1988
f 1989 	1988 	3408
f 3407 	3408 	1988
f 3408 	3409 	2084
f 1989 	3408 	2084
f 3290 	2084 	3409
f 3290 	3409 	3291
f 3410 	3291 	3409
f 3291 	3410 	3294
f 3351 	3425 	3427
f 3428 	3427 	3425
f 3353 	3426 	3429
f 3353 	3438 	3426
f 3427 	3320 	3351
f 3349 	3429 	3425
f 3425 	3429 	3428
f 3429 	3426 	3431
f 3428 	3429 	3431
f 3320 	3427 	3321
f 3427 	3428 	3430
f 3321 	3427 	3430
f 5582 	3431 	3426
f 2463 	3433 	2456
f 2465 	3433 	2463
f 2464 	3435 	2465
f 2464 	2675 	3435
f 3442 	2675 	2674
f 2997 	2456 	3433
f 2997 	3433 	3432
f 3433 	3434 	3432
f 2465 	3435 	3433
f 3433 	3435 	3434
f 3432 	3434 	3436
f 3348 	3436 	3438
f 3438 	3437 	3426
f 3438 	3436 	3439
f 3434 	3440 	3436
f 3436 	3440 	3439
f 3440 	3446 	3441
f 3439 	3440 	3441
f 3437 	3438 	3439
f 3439 	3441 	5624
f 5624 	3441 	5625
f 2675 	3442 	3435
f 2701 	2714 	3445
f 2674 	2701 	3442
f 3445 	3442 	2701
f 3443 	3435 	3442
f 3435 	3443 	3434
f 3442 	3444 	3443
f 3442 	3445 	3444
f 3440 	3434 	3443
f 3443 	3444 	3446
f 3446 	3440 	3443
f 2714 	2719 	3445
f 2726 	2745 	1467
f 2743 	2745 	2732
f 2743 	2732 	1492
f 1467 	2745 	1468
f 3894 	1091 	3888
f 4644 	306 	329
f 1087 	4050 	1084
f 334 	4798 	4652
f 334 	4652 	3036
f 3025 	220 	306
f 251 	349 	3062
f 5363 	1398 	1394
f 3181 	4046 	2318
f 3884 	4050 	1086
f 329 	226 	3031
f 4798 	240 	3040
f 3452 	3448 	3450
f 3451 	3452 	3450
f 3449 	3450 	3448
f 3448 	3447 	3449
f 3450 	3453 	3451
f 3451 	3453 	3454
f 3454 	3841 	3451
f 3456 	3451 	3841
f 3457 	3456 	3841
f 3895 	3450 	3449
f 3120 	3084 	1455
f 1449 	3084 	1450
f 1455 	3084 	1447
f 1457 	3084 	1459
f 1459 	3084 	1458
f 3084 	791 	1458
f 1450 	3084 	1457
f 826 	791 	3084
f 1449 	1447 	3084
f 3118 	3119 	3084
f 3117 	3084 	3119
f 3117 	3116 	3084
f 3084 	3115 	3111
f 3111 	3113 	3084
f 3084 	3112 	3110
f 3110 	3108 	3084
f 3109 	3107 	3084
f 3449 	3084 	3107
f 3101 	3102 	1091
f 3098 	3099 	1091
f 817 	818 	1091
f 1091 	818 	816
f 3084 	1091 	831
f 808 	807 	1091
f 2726 	1467 	3894
f 3894 	1467 	1466
f 2382 	3214 	2374
f 3215 	3458 	3219
f 2380 	2376 	3459
f 2380 	3459 	3215
f 1473 	1470 	3507
f 3214 	3463 	3459
f 3458 	3215 	3459
f 1471 	1473 	3507
f 3460 	3219 	3458
f 3460 	3458 	3469
f 3344 	3483 	3345
f 3460 	3220 	3219
f 3319 	127 	124
f 129 	128 	3344
f 128 	3319 	3344
f 3460 	3474 	3220
f 127 	3319 	128
f 3344 	3345 	3467
f 3467 	130 	3344
f 129 	3344 	130
f 2381 	3461 	2382
f 2382 	3461 	3214
f 2383 	3462 	2384
f 2384 	3462 	3461
f 2384 	3461 	2381
f 2385 	3462 	2383
f 3214 	3461 	3463
f 3468 	3345 	3341
f 3470 	3459 	3463
f 3470 	3458 	3459
f 3462 	3466 	3461
f 3461 	3466 	3463
f 3463 	3466 	3465
f 130 	3467 	131
f 3467 	132 	131
f 3345 	3468 	3467
f 132 	3467 	3468
f 132 	3468 	133
f 134 	3464 	135
f 3468 	3464 	134
f 3470 	3463 	3465
f 3458 	3470 	3469
f 133 	3468 	134
f 135 	3464 	136
f 1783 	3471 	1782
f 1782 	3471 	3333
f 3472 	3471 	1783
f 3471 	3472 	3479
f 3477 	3220 	3474
f 3057 	3481 	3472
f 3057 	3485 	3481
f 3460 	3631 	3474
f 3204 	3473 	3482
f 3471 	3475 	3333
f 3204 	3482 	3203
f 3333 	3475 	3335
f 3473 	3476 	3482
f 3471 	3479 	3475
f 3217 	3477 	3473
f 3220 	3477 	3217
f 3473 	3477 	3476
f 3478 	3483 	3475
f 3474 	3480 	3477
f 3479 	3472 	3481
f 3476 	3477 	3480
f 3475 	3479 	3478
f 3488 	3478 	3479
f 3474 	3631 	3484
f 3480 	3474 	3484
f 3486 	3211 	3203
f 3481 	3488 	3479
f 3482 	3486 	3203
f 3482 	3476 	3491
f 3335 	3483 	3340
f 3486 	3482 	3491
f 3475 	3483 	3335
f 3340 	3483 	3344
f 3345 	3483 	3478
f 3480 	3484 	3497
f 3478 	3488 	3341
f 3497 	3484 	3499
f 3345 	3478 	3341
f 3631 	3636 	3484
f 3487 	3485 	3253
f 3493 	3481 	3485
f 3496 	3491 	3476
f 3486 	3489 	3211
f 3481 	3493 	3488
f 3210 	3211 	3489
f 3490 	3485 	3487
f 3494 	3486 	3491
f 3341 	3488 	3342
f 3491 	3496 	3492
f 3493 	3485 	3490
f 3342 	3488 	3493
f 3489 	5435 	5431
f 3493 	3490 	3343
f 3486 	3494 	3489
f 3494 	3491 	3492
f 3343 	3342 	3493
f 4118 	3343 	3490
f 3489 	3494 	5435
f 3487 	3495 	3490
f 3492 	3496 	3501
f 3480 	3496 	3476
f 3480 	3497 	3496
f 3499 	3484 	3636
f 3496 	3497 	3501
f 3497 	3499 	3505
f 3501 	3497 	3505
f 3499 	5706 	3505
f 3504 	3503 	3498
f 3739 	5706 	3499
f 3502 	3503 	3504
f 4060 	3498 	3500
f 3504 	3498 	4060
f 4060 	3500 	859
f 859 	3500 	860
f 137 	3502 	138
f 3501 	3505 	5707
f 139 	3502 	3504
f 139 	3504 	140
f 138 	3502 	139
f 1381 	1889 	1382
f 1471 	3507 	1474
f 1382 	1890 	1383
f 1383 	1891 	1384
f 1892 	1385 	1384
f 1509 	1894 	1368
f 271 	3506 	272
f 3508 	272 	3506
f 3508 	273 	272
f 3512 	3511 	3509
f 1479 	3507 	1481
f 3510 	3509 	3511
f 1481 	3507 	1470
f 3511 	3512 	3513
f 3514 	3715 	3516
f 3515 	3516 	3715
f 1480 	1091 	3507
f 3520 	3514 	3519
f 3523 	3514 	3521
f 3514 	3532 	3519
f 3522 	3519 	3532
f 3520 	3521 	3514
f 2000 	3418 	2001
f 3522 	3532 	3518
f 2003 	3420 	3421
f 2003 	3421 	3422
f 3530 	3524 	3527
f 3527 	3518 	3526
f 1992 	3411 	3412
f 3529 	3532 	3528
f 3525 	3528 	3532
f 3526 	3518 	3529
f 3529 	3518 	3532
f 1995 	3413 	3414
f 1995 	3414 	1996
f 3415 	1996 	3414
f 1996 	3415 	3416
f 3531 	3525 	3540
f 3532 	3540 	3525
f 3533 	3531 	3540
f 3411 	1992 	3424
f 1999 	3417 	3418
f 1999 	3418 	2000
f 3419 	2001 	3418
f 3532 	3535 	3540
f 2003 	3422 	2004
f 3532 	3543 	3539
f 3538 	3539 	3543
f 3537 	3538 	3543
f 3539 	3534 	3532
f 3535 	3532 	3534
f 3423 	2006 	3422
f 2004 	3422 	2006
f 3423 	3424 	2006
f 3292 	3316 	3541
f 3536 	3537 	3543
f 3544 	3293 	3292
f 3544 	3292 	3541
f 3543 	3546 	3536
f 3545 	2012 	2088
f 3293 	3544 	2088
f 3545 	2088 	3544
f 3561 	3546 	3543
f 3551 	3568 	3557
f 3561 	3543 	3549
f 3568 	3551 	3552
f 3555 	3554 	3568
f 3543 	3568 	3554
f 3552 	3555 	3568
f 3554 	3549 	3543
f 3563 	3557 	3568
f 3574 	3568 	3569
f 3568 	3574 	3572
f 3568 	3576 	3569
f 3579 	3576 	3568
f 3517 	3515 	3715
f 3550 	3294 	3410
f 3179 	3517 	3715
f 3178 	3179 	3715
f 3553 	3295 	3550
f 3294 	3550 	3295
f 3295 	3553 	3296
f 3556 	3296 	3553
f 3558 	3297 	3556
f 3296 	3556 	3297
f 3297 	3558 	3298
f 3559 	3298 	3558
f 3560 	3299 	3559
f 3298 	3559 	3299
f 3184 	3182 	3185
f 3562 	3300 	3560
f 3299 	3560 	3300
f 3301 	3562 	3564
f 3252 	3249 	3584
f 3301 	3564 	3302
f 3565 	3302 	3564
f 3566 	3303 	3565
f 3571 	3573 	3307
f 3245 	3250 	3583
f 3575 	3308 	3573
f 3578 	3310 	3577
f 3578 	3580 	3310
f 3311 	3310 	3580
f 3583 	3251 	3244
f 3311 	3580 	3581
f 3244 	3245 	3583
f 3300 	3562 	3301
f 3302 	3565 	3303
f 3303 	3566 	3304
f 3567 	3304 	3566
f 3304 	3567 	3305
f 3570 	3305 	3567
f 3247 	3225 	3252
f 3305 	3570 	3306
f 3571 	3306 	3570
f 3571 	3307 	3306
f 3307 	3573 	3308
f 3577 	3309 	3308
f 3577 	3308 	3575
f 3584 	3247 	3252
f 3310 	3309 	3577
f 3584 	3248 	3247
f 3245 	3584 	3250
f 3311 	3581 	3312
f 3248 	3584 	3245
f 3312 	3581 	3582
f 3312 	3582 	3313
f 3314 	3313 	3585
f 3582 	3585 	3313
f 3314 	3585 	3586
f 3314 	3586 	3315
f 3315 	3586 	3588
f 3315 	3588 	3316
f 3246 	3244 	3587
f 3590 	3589 	3251
f 3588 	3541 	3316
f 3589 	3244 	3251
f 3589 	3590 	3597
f 3587 	3244 	3589
f 3356 	3392 	3357
f 3357 	3392 	3358
f 3362 	3361 	3392
f 3363 	3362 	3392
f 3361 	3360 	3392
f 3360 	3359 	3392
f 3358 	3392 	3359
f 3589 	3597 	3239
f 3370 	3366 	3371
f 3369 	3366 	3370
f 3366 	3394 	3367
f 3368 	3392 	3356
f 3367 	3394 	3368
f 3587 	3589 	3239
f 3372 	3403 	3366
f 3369 	3380 	3366
f 3380 	3379 	3366
f 3379 	3378 	3366
f 3378 	3377 	3366
f 3377 	3376 	3366
f 3376 	3375 	3366
f 3375 	3374 	3366
f 3373 	3366 	3374
f 3372 	3366 	3373
f 3242 	3239 	3597
f 3364 	3390 	3389
f 3364 	3389 	3388
f 3364 	3388 	3387
f 3364 	3387 	3386
f 3364 	3386 	3385
f 3364 	3385 	3384
f 3364 	3384 	3383
f 3364 	3383 	3382
f 3365 	3364 	3381
f 3382 	3381 	3364
f 3366 	3396 	3395
f 3366 	3395 	3394
f 3393 	3368 	3394
f 3364 	3363 	3392
f 3391 	3364 	3392
f 3390 	3364 	3391
f 3392 	3368 	3393
f 3246 	3587 	3240
f 3243 	3587 	3239
f 3243 	3240 	3587
f 3401 	3366 	3402
f 3400 	3366 	3401
f 3399 	3366 	3400
f 3398 	3366 	3399
f 3397 	3366 	3398
f 3396 	3366 	3397
f 3403 	3402 	3366
f 3404 	3410 	3405
f 3406 	3405 	3410
f 3409 	3408 	3410
f 3408 	3407 	3410
f 3406 	3410 	3407
f 3423 	3410 	3424
f 3411 	3424 	3410
f 3422 	3410 	3423
f 3421 	3410 	3422
f 3420 	3410 	3421
f 3419 	3410 	3420
f 3418 	3410 	3419
f 3417 	3410 	3418
f 3417 	3548 	3410
f 3412 	3411 	3410
f 3404 	3416 	3410
f 3416 	3415 	3410
f 3415 	3414 	3410
f 3413 	3410 	3414
f 3412 	3410 	3413
f 3548 	3545 	3410
f 3545 	3544 	3410
f 3544 	3541 	3410
f 3588 	3410 	3541
f 3560 	3559 	3588
f 3559 	3558 	3588
f 3558 	3556 	3588
f 3556 	3553 	3588
f 3553 	3550 	3588
f 3410 	3588 	3550
f 3582 	3581 	3586
f 3581 	3580 	3586
f 3580 	3578 	3586
f 3578 	3577 	3586
f 3588 	3586 	3577
f 3588 	3577 	3575
f 3588 	3575 	3573
f 3588 	3573 	3571
f 3588 	3571 	3570
f 3588 	3570 	3567
f 3588 	3567 	3566
f 3588 	3566 	3565
f 3588 	3565 	3564
f 3588 	3564 	3562
f 3588 	3562 	3560
f 3585 	3582 	3586
f 3354 	3601 	3317
f 3594 	3593 	3595
f 4000 	3317 	3595
f 3594 	3595 	3317
f 3844 	3595 	3596
f 3593 	3596 	3595
f 3599 	3596 	3598
f 3594 	3601 	3598
f 3594 	3317 	3601
f 3590 	3600 	3597
f 3354 	5930 	3601
f 3600 	3591 	3602
f 3596 	3593 	3598
f 3594 	3598 	3593
f 3597 	3600 	3602
f 3591 	3604 	3602
f 3591 	3603 	3604
f 1487 	1091 	1489
f 1487 	1485 	1091
f 3603 	3592 	3648
f 1489 	1091 	1488
f 1091 	1480 	1488
f 1490 	3091 	1091
f 3088 	1091 	3091
f 3597 	3602 	3242
f 1490 	1091 	1485
f 3088 	3089 	1091
f 1464 	3507 	1465
f 1466 	1465 	3894
f 1474 	3507 	1464
f 3894 	1465 	3507
f 3507 	1479 	1480
f 3894 	3507 	1091
f 3897 	2325 	3447
f 3604 	3603 	3648
f 1469 	1463 	3605
f 3602 	3608 	3242
f 3605 	1468 	2744
f 2744 	1468 	2745
f 3242 	3607 	3241
f 1469 	3605 	3610
f 3606 	1469 	3610
f 3608 	3607 	3242
f 3605 	3609 	3610
f 3609 	3605 	2744
f 2835 	3609 	2744
f 2656 	2655 	3607
f 2655 	3241 	3607
f 3241 	2655 	2654
f 3607 	2657 	2656
f 3608 	3611 	3607
f 2658 	2657 	3611
f 3607 	3611 	2657
f 2658 	3611 	2659
f 3616 	3611 	3612
f 2659 	3611 	3616
f 3608 	3602 	3604
f 3647 	3614 	3618
f 3613 	1477 	3606
f 3606 	1477 	1469
f 3612 	3611 	3608
f 3617 	1482 	1475
f 3617 	1475 	3613
f 3612 	3618 	3616
f 3614 	3620 	3618
f 3617 	3613 	3619
f 3615 	3617 	3619
f 3614 	3622 	3620
f 3606 	3621 	3613
f 3619 	3613 	3621
f 2659 	3616 	2660
f 2660 	3616 	2661
f 3618 	3620 	3616
f 498 	3622 	3614
f 3622 	498 	1008
f 3606 	3610 	3625
f 2662 	2661 	3620
f 3616 	3620 	2661
f 3620 	2663 	2662
f 3627 	3625 	3610
f 2664 	2663 	3622
f 3620 	3622 	2663
f 2835 	3623 	3609
f 2665 	1008 	1120
f 2846 	3623 	2835
f 3466 	3629 	3465
f 3465 	3633 	3470
f 3625 	3626 	3624
f 3470 	3633 	3469
f 3610 	3609 	3627
f 3633 	3465 	3628
f 3627 	3609 	3623
f 3625 	3627 	3626
f 3627 	3623 	3630
f 3465 	3629 	3628
f 3626 	3627 	3630
f 2846 	3634 	3623
f 3630 	3623 	3634
f 2865 	3634 	2846
f 3460 	3469 	3631
f 3632 	3624 	3626
f 3649 	3624 	3632
f 3637 	3469 	3633
f 3633 	3628 	3639
f 3639 	3637 	3633
f 3628 	3642 	3639
f 3628 	3629 	4015
f 3642 	3628 	4015
f 3469 	3637 	3631
f 3615 	3619 	3641
f 3631 	3637 	3636
f 3637 	3644 	3636
f 3619 	3638 	3641
f 3638 	3619 	3621
f 3638 	3621 	3624
f 3637 	3639 	3644
f 3625 	3621 	3606
f 3624 	3621 	3625
f 3635 	3640 	3646
f 3636 	3644 	3739
f 3615 	3641 	3635
f 3640 	3635 	3641
f 3641 	3638 	3643
f 3640 	3641 	3643
f 3624 	3649 	3638
f 3643 	3638 	3649
f 3639 	3642 	3743
f 3644 	3639 	3743
f 3642 	3645 	3743
f 3622 	1008 	2665
f 2664 	3622 	2665
f 3647 	3648 	3592
f 1135 	3647 	3592
f 1137 	3647 	1135
f 3612 	3608 	3604
f 3648 	3612 	3604
f 3647 	3618 	3648
f 3612 	3648 	3618
f 3649 	3632 	3664
f 3647 	1137 	3614
f 498 	3614 	1137
f 2607 	1076 	779
f 2608 	2636 	571
f 2610 	4239 	4975
f 2611 	4977 	4238
f 3630 	3634 	3653
f 3654 	3634 	2865
f 3653 	3634 	3654
f 3654 	2865 	3650
f 2987 	3650 	2865
f 2987 	3658 	3650
f 3630 	3651 	3626
f 3626 	3651 	3632
f 3651 	4089 	3632
f 3651 	3630 	3653
f 3652 	3651 	3653
f 3653 	3656 	3652
f 3653 	3654 	3656
f 3657 	3654 	3650
f 3659 	2986 	3655
f 2988 	3655 	2986
f 3654 	3657 	3656
f 2984 	3659 	3658
f 3659 	3655 	3662
f 3655 	4955 	3662
f 3650 	3660 	3657
f 3658 	3660 	3650
f 3661 	3660 	3658
f 3658 	3659 	3661
f 3661 	3659 	3662
f 3657 	3660 	4119
f 3661 	3662 	4967
f 3646 	3640 	4091
f 3663 	3643 	3649
f 3649 	3664 	3663
f 2009 	2008 	3665
f 2007 	3667 	2008
f 3665 	2014 	2009
f 3668 	2024 	2023
f 2020 	3670 	2023
f 2024 	3668 	2026
f 2026 	3669 	2029
f 2029 	3669 	2005
f 3666 	2005 	3669
f 2037 	2034 	3673
f 3673 	3674 	2037
f 2040 	2037 	3674
f 2042 	2040 	3675
f 3674 	3675 	2040
f 3675 	3676 	2042
f 2047 	2045 	3677
f 3677 	3678 	2047
f 2049 	2047 	3678
f 2051 	2049 	3679
f 3678 	3679 	2049
f 3679 	3680 	2051
f 2053 	2052 	3681
f 3681 	3682 	2053
f 2054 	2053 	3682
f 2055 	2054 	3683
f 3682 	3683 	2054
f 3683 	3684 	2055
f 2056 	2055 	3684
f 3684 	3685 	2056
f 2058 	2057 	3686
f 2329 	2058 	3687
f 3686 	3687 	2058
f 3687 	3688 	2329
f 2330 	2329 	3688
f 2331 	2330 	3689
f 3688 	3689 	2330
f 3689 	3704 	2331
f 2333 	3699 	2334
f 3700 	2335 	2334
f 2337 	3703 	2338
f 2338 	3690 	2339
f 3691 	2339 	3690
f 3692 	2340 	3691
f 2339 	3691 	2340
f 2340 	3692 	2341
f 3694 	2342 	3693
f 2342 	3694 	2343
f 3695 	2344 	2343
f 3705 	2346 	2345
f 2347 	3706 	2348
f 3708 	2349 	3707
f 2348 	3707 	2349
f 3709 	2350 	3708
f 2349 	3708 	2350
f 3710 	2351 	3709
f 2350 	3709 	2351
f 3711 	2352 	3710
f 2351 	3710 	2352
f 3711 	2353 	2352
f 3666 	3667 	2005
f 3671 	2014 	3665
f 3671 	3672 	2015
f 2007 	2005 	3667
f 3665 	2008 	3667
f 3668 	2023 	3670
f 3669 	2026 	3668
f 2014 	3671 	2015
f 2034 	2015 	3672
f 2034 	3672 	3673
f 2045 	2042 	3676
f 2045 	3676 	3677
f 2052 	2051 	3680
f 2052 	3680 	3681
f 2057 	2056 	3685
f 3685 	3686 	2057
f 3690 	2338 	3703
f 2341 	3693 	2342
f 3695 	2343 	3694
f 3670 	2020 	3696
f 3667 	3697 	3665
f 2341 	3692 	3693
f 2344 	3695 	3696
f 2344 	3696 	2020
f 3697 	3668 	3670
f 3665 	3697 	3671
f 3699 	2333 	3698
f 3702 	2336 	3701
f 2336 	3702 	2337
f 3703 	2337 	3702
f 2332 	3698 	2333
f 3700 	2334 	3699
f 3701 	2335 	3700
f 3666 	3697 	3667
f 3668 	3697 	3669
f 2335 	3701 	2336
f 3697 	3666 	3669
f 2345 	2331 	3704
f 2345 	3704 	3705
f 2347 	2346 	3706
f 3707 	2348 	3706
f 3712 	2353 	3711
f 2353 	3712 	2354
f 3713 	2354 	3712
f 3698 	2332 	3713
f 2354 	3713 	2332
f 3681 	3697 	3682
f 3680 	3697 	3681
f 3679 	3678 	3697
f 3678 	3677 	3697
f 3677 	3676 	3697
f 3676 	3675 	3697
f 3675 	3674 	3697
f 3674 	3673 	3697
f 3673 	3672 	3697
f 3671 	3697 	3672
f 3684 	3697 	3685
f 3685 	3697 	3686
f 3686 	3697 	3687
f 3688 	3697 	3689
f 3687 	3697 	3688
f 3691 	3690 	3697
f 3670 	3696 	3697
f 3696 	3695 	3697
f 3695 	3694 	3697
f 3694 	3693 	3697
f 3692 	3697 	3693
f 3691 	3697 	3692
f 3680 	3679 	3697
f 3683 	3697 	3684
f 3698 	3713 	3697
f 205 	208 	3183
f 3518 	3527 	3524
f 3182 	3178 	3715
f 3182 	3715 	3185
f 3523 	3719 	3514
f 3514 	3719 	3714
f 3715 	3514 	3714
f 3723 	3714 	3720
f 3720 	3718 	3723
f 3719 	3720 	3714
f 3721 	3722 	3717
f 3717 	3723 	3718
f 3723 	3717 	3722
f 3727 	3721 	3724
f 3717 	3716 	3721
f 3716 	3724 	3721
f 3727 	3724 	3725
f 3727 	3725 	3726
f 3530 	3731 	3726
f 3540 	3735 	3533
f 3728 	3727 	3733
f 3732 	3733 	3727
f 3729 	3727 	3728
f 3730 	3736 	3729
f 3731 	3732 	3727
f 3727 	3726 	3731
f 3524 	3530 	3726
f 3734 	3736 	3730
f 3727 	3729 	3736
f 3736 	3734 	3735
f 3184 	3183 	3182
f 3736 	3735 	3540
f 3540 	3740 	3736
f 3542 	3536 	3546
f 3739 	3499 	3636
f 3738 	3736 	3740
f 3746 	3744 	3741
f 3742 	3746 	3741
f 3745 	3736 	3737
f 3746 	3736 	3745
f 3746 	3745 	3744
f 3738 	3737 	3736
f 3747 	3748 	3742
f 3743 	3645 	6046
f 3547 	3748 	3542
f 3547 	3542 	3546
f 3747 	3542 	3748
f 3568 	3572 	3755
f 3568 	3755 	3563
f 3748 	3754 	3746
f 3746 	3742 	3748
f 3644 	3753 	3739
f 3743 	3753 	3644
f 3752 	3746 	3754
f 3749 	3750 	3757
f 3746 	3752 	3756
f 3749 	3757 	3751
f 3756 	3751 	3757
f 3746 	3756 	3757
f 3572 	3760 	3755
f 3757 	3750 	3760
f 3757 	3761 	3762
f 3758 	3757 	3760
f 3759 	3757 	3758
f 3761 	3757 	3759
f 3750 	3755 	3760
f 3182 	3183 	208
f 3763 	3765 	50
f 3778 	3775 	3779
f 3763 	3769 	3765
f 3764 	3765 	3769
f 3769 	3770 	3764
f 3771 	3772 	3764
f 3776 	3764 	3772
f 3772 	3773 	3776
f 3766 	3776 	3773
f 3770 	3771 	3764
f 3767 	3768 	3775
f 3778 	2355 	3777
f 3768 	3779 	3775
f 3766 	3767 	3776
f 3775 	3776 	3767
f 2355 	3778 	3779
f 3783 	3780 	50
f 3782 	50 	3765
f 3783 	50 	3782
f 3777 	2355 	3774
f 3806 	50 	3780
f 3781 	3806 	3780
f 3812 	3804 	3806
f 2700 	4438 	2722
f 3774 	2355 	3784
f 2356 	3784 	2355
f 3786 	3795 	3785
f 3787 	3795 	3786
f 3788 	3795 	3787
f 3789 	3795 	3788
f 3790 	3795 	3789
f 3791 	3794 	3790
f 3798 	3794 	3791
f 3785 	3796 	2356
f 3792 	3784 	2356
f 3794 	3799 	3793
f 3800 	3510 	3793
f 3795 	3790 	3794
f 3797 	3793 	3510
f 3800 	3793 	3799
f 3799 	3794 	3798
f 3796 	3785 	3795
f 3792 	2356 	3796
f 3797 	3510 	3801
f 3510 	3511 	3802
f 3803 	3801 	3802
f 3510 	3802 	3801
f 51 	50 	3804
f 3810 	3804 	3809
f 3816 	3817 	3808
f 3805 	3816 	3808
f 3807 	3817 	3810
f 3813 	3804 	3812
f 3814 	3804 	3813
f 50 	3806 	3804
f 3811 	3809 	3804
f 3814 	3811 	3804
f 3821 	3815 	3804
f 51 	3804 	3822
f 3804 	3818 	3819
f 3804 	3819 	3820
f 3804 	3820 	3821
f 3815 	3822 	3804
f 3824 	3816 	3826
f 3807 	3808 	3817
f 3817 	3818 	3810
f 3804 	3810 	3818
f 3826 	3816 	3805
f 3823 	4103 	3822
f 2722 	4438 	2723
f 3825 	3824 	3827
f 3824 	3826 	3827
f 3802 	3511 	3828
f 3829 	3828 	3511
f 3833 	3837 	3832
f 3835 	3511 	3834
f 3827 	3832 	3837
f 3834 	3511 	3833
f 3829 	3511 	3830
f 3511 	3836 	3831
f 3831 	3830 	3511
f 3897 	3447 	3448
f 3452 	3838 	3448
f 3838 	3452 	3451
f 3876 	3456 	3457
f 571 	2900 	2608
f 564 	2966 	5933
f 1089 	2608 	2900
f 3456 	3876 	3451
f 3839 	3455 	3842
f 3842 	3457 	3841
f 3455 	3457 	3842
f 3845 	2781 	3843
f 3843 	779 	3840
f 3849 	3846 	3848
f 3847 	3848 	3846
f 4973 	4974 	3848
f 3850 	3846 	3851
f 3853 	3851 	3846
f 3850 	3851 	3852
f 3854 	3857 	3852
f 3857 	3855 	3852
f 3853 	3849 	3854
f 3856 	3859 	3855
f 3850 	3852 	3855
f 3883 	3859 	3856
f 3850 	3855 	3859
f 3857 	3854 	3849
f 3849 	3853 	3846
f 3450 	3895 	3949
f 3861 	3860 	3859
f 3850 	3859 	3860
f 3450 	3949 	3453
f 3860 	3865 	3847
f 3949 	3950 	3453
f 3847 	3846 	3850
f 3847 	3850 	3860
f 3950 	3454 	3453
f 3865 	3877 	3864
f 3864 	3862 	3863
f 3864 	3863 	3865
f 3864 	3877 	3862
f 3841 	3454 	3951
f 3867 	3865 	3866
f 3860 	3871 	3865
f 3868 	3865 	3867
f 3863 	3847 	3865
f 3841 	3951 	4042
f 3865 	3871 	3866
f 3869 	3878 	3868
f 3867 	3866 	3852
f 3867 	3852 	3851
f 3867 	3851 	3853
f 3867 	3853 	3868
f 3842 	4044 	3839
f 3854 	3852 	3866
f 3854 	3866 	3869
f 3868 	3853 	3854
f 3868 	3854 	3869
f 3870 	3882 	3871
f 3873 	3866 	3871
f 3861 	3871 	3860
f 3928 	3917 	3838
f 3874 	3869 	3873
f 3869 	3866 	3873
f 3872 	3873 	3871
f 3871 	3880 	3872
f 3875 	3872 	3880
f 3874 	3875 	3880
f 3883 	3861 	3859
f 3873 	3872 	3856
f 3873 	3856 	3855
f 3873 	3855 	3857
f 3873 	3857 	3874
f 3858 	3856 	3872
f 3858 	3872 	3875
f 3874 	3857 	3858
f 3874 	3858 	3875
f 3865 	3878 	3877
f 5254 	5257 	3879
f 3881 	3863 	3879
f 3862 	3879 	3863
f 3879 	3877 	5254
f 3862 	3877 	3879
f 3881 	3879 	5257
f 3880 	3871 	3882
f 3885 	3882 	3870
f 3878 	3869 	3880
f 3865 	3868 	3878
f 3869 	3874 	3880
f 3847 	3863 	3848
f 3881 	3848 	3863
f 3848 	3881 	5257
f 3848 	5257 	4973
f 3883 	5593 	5592
f 3858 	5593 	3856
f 3885 	3870 	3871
f 3885 	3871 	3886
f 3884 	43 	3897
f 3887 	3871 	3861
f 3887 	5608 	3886
f 3886 	3871 	3887
f 3887 	3861 	3883
f 5592 	3887 	3883
f 3885 	3886 	3891
f 3893 	3891 	3886
f 3891 	3882 	3885
f 3890 	3892 	3949
f 4035 	3949 	3892
f 5263 	3891 	3893
f 3895 	3449 	3894
f 3858 	3857 	3849
f 3899 	3921 	3898
f 3900 	3921 	3899
f 3898 	3921 	3896
f 3917 	3897 	3448
f 3448 	3838 	3917
f 3904 	3905 	3909
f 3905 	3906 	3909
f 3908 	3909 	3906
f 3900 	3908 	3906
f 3907 	3900 	3906
f 3903 	3904 	3909
f 3909 	3910 	3903
f 3902 	3903 	3910
f 3901 	3902 	3910
f 3901 	3910 	3911
f 3901 	3911 	3912
f 4050 	3928 	3451
f 3897 	3913 	3884
f 3916 	3945 	3900
f 3915 	3916 	3900
f 3896 	3921 	3920
f 3920 	3921 	3919
f 3922 	3926 	3921
f 3919 	3921 	3918
f 3923 	3926 	3922
f 3924 	3926 	3923
f 3925 	3926 	3924
f 3918 	3921 	3926
f 3897 	3917 	3927
f 3897 	3927 	3913
f 3917 	3928 	3927
f 3913 	3927 	4050
f 3931 	3900 	3930
f 3932 	3900 	3931
f 3933 	3900 	3932
f 3934 	3900 	3933
f 3935 	3900 	3934
f 3921 	3900 	3935
f 3929 	3930 	3900
f 3907 	3914 	3900
f 3936 	3937 	3900
f 3937 	3938 	3900
f 3938 	3939 	3900
f 3939 	3940 	3900
f 3929 	3900 	3940
f 3888 	3889 	3894
f 3949 	3895 	3890
f 3943 	3900 	3942
f 3944 	3900 	3943
f 3936 	3900 	3944
f 3914 	3915 	3900
f 3945 	3946 	3900
f 3942 	3900 	3941
f 3946 	3947 	3900
f 3947 	3948 	3900
f 3941 	3900 	3948
f 3928 	4050 	3927
f 3920 	3979 	3896
f 3898 	3896 	3952
f 3898 	3953 	3899
f 3899 	3954 	3900
f 3955 	3900 	3954
f 3956 	3908 	3955
f 3900 	3955 	3908
f 3950 	3951 	3454
f 3956 	3909 	3908
f 3911 	3960 	3912
f 3960 	3961 	3912
f 3890 	3895 	3889
f 3895 	3894 	3889
f 3949 	4035 	4034
f 3905 	3966 	3906
f 2667 	4341 	2668
f 3907 	3906 	3967
f 3966 	3967 	3906
f 4344 	2669 	4343
f 3914 	3969 	3915
f 3969 	3970 	3915
f 3921 	3971 	3922
f 3923 	3922 	3972
f 3925 	3975 	3926
f 3918 	3926 	3976
f 3931 	3980 	3932
f 3933 	3932 	3982
f 3934 	3984 	3935
f 3985 	3921 	3935
f 3987 	3937 	3936
f 2683 	4378 	2684
f 3987 	3988 	3937
f 4379 	2685 	2684
f 3970 	3992 	3916
f 3992 	3993 	3945
f 3943 	3999 	3944
f 3898 	3952 	3953
f 3954 	3899 	3953
f 4413 	2696 	2695
f 3909 	3956 	3957
f 3957 	3958 	3909
f 3910 	3909 	3958
f 3911 	3910 	3959
f 3958 	3959 	3910
f 3911 	3959 	3960
f 3901 	3912 	3961
f 3961 	3962 	3901
f 3902 	3901 	3962
f 3962 	3963 	3902
f 3903 	3902 	3963
f 3904 	3903 	3964
f 3963 	3964 	3903
f 3964 	3965 	3904
f 3905 	3904 	3965
f 2697 	4421 	2700
f 3965 	3966 	3905
f 3967 	3968 	3907
f 3914 	3907 	3968
f 3968 	3969 	3914
f 3916 	3915 	3970
f 3972 	3922 	3971
f 3923 	3972 	3973
f 3973 	3974 	3924
f 3973 	3924 	3923
f 3924 	3974 	3925
f 3975 	3925 	3974
f 3976 	3926 	3975
f 3918 	3976 	3977
f 3918 	3977 	3919
f 3978 	3919 	3977
f 3919 	3978 	3920
f 3979 	3920 	3978
f 3952 	3896 	3979
f 3980 	3931 	3981
f 3930 	3981 	3931
f 3982 	3932 	3980
f 3933 	3982 	3983
f 3933 	3983 	3934
f 3984 	3934 	3983
f 3985 	3935 	3984
f 3921 	3985 	3971
f 3936 	3944 	3986
f 3986 	3987 	3936
f 3938 	3937 	3988
f 3988 	3989 	3939
f 3988 	3939 	3938
f 3940 	3939 	3990
f 3989 	3990 	3939
f 3990 	3991 	3929
f 3990 	3929 	3940
f 3929 	3991 	3930
f 3981 	3930 	3991
f 3945 	3916 	3992
f 3946 	3945 	3993
f 3993 	3994 	3946
f 3947 	3946 	3994
f 3948 	3947 	3995
f 3994 	3995 	3947
f 3941 	3948 	3996
f 3995 	3996 	3948
f 3996 	3997 	3941
f 3942 	3941 	3997
f 2718 	4435 	2720
f 3943 	3942 	3998
f 3997 	3998 	3942
f 3943 	3998 	3999
f 4436 	4437 	2720
f 3999 	3986 	3944
f 4001 	3964 	4000
f 2770 	2502 	4000
f 3994 	3993 	4001
f 3849 	3998 	4001
f 2387 	4004 	4003
f 2387 	4003 	2386
f 3462 	4002 	3466
f 3991 	3849 	3981
f 3849 	2611 	3983
f 2770 	3975 	1083
f 2386 	4003 	2385
f 3977 	3976 	2770
f 3974 	1083 	3975
f 3825 	3827 	3837
f 3462 	2385 	4003
f 3960 	4000 	3961
f 3958 	4000 	3959
f 2770 	4000 	3952
f 3956 	3955 	4000
f 4002 	3462 	4003
f 3953 	3952 	4000
f 3954 	3953 	4000
f 3955 	3954 	4000
f 4003 	4004 	4007
f 3956 	4000 	3957
f 3957 	4000 	3958
f 3959 	4000 	3960
f 4002 	4003 	4007
f 3963 	4000 	3964
f 3961 	4000 	3962
f 3466 	4002 	3629
f 3962 	4000 	3963
f 3964 	4001 	3965
f 4006 	3629 	4002
f 3966 	4001 	3967
f 3969 	3968 	4001
f 3966 	3965 	4001
f 3967 	4001 	3968
f 3969 	4001 	3970
f 2387 	2388 	4004
f 3993 	3992 	4001
f 2389 	4005 	2390
f 3971 	1083 	3972
f 3983 	2611 	3984
f 3984 	2611 	3985
f 3982 	3849 	3983
f 3985 	2611 	3971
f 3973 	1083 	3974
f 2390 	4005 	4004
f 3972 	1083 	3973
f 2390 	4004 	2388
f 3975 	2770 	3976
f 3977 	2770 	3978
f 2391 	4068 	4005
f 2391 	4005 	2389
f 3978 	2770 	3979
f 3952 	3979 	2770
f 3981 	3849 	3980
f 3980 	3849 	3982
f 3849 	3988 	3987
f 3990 	3989 	3849
f 4004 	4005 	4010
f 3988 	3849 	3989
f 3991 	3990 	3849
f 3970 	4001 	3992
f 3994 	4001 	3995
f 3995 	4001 	3996
f 3996 	4001 	3997
f 3997 	4001 	3998
f 3987 	3986 	3849
f 3998 	3849 	3999
f 3999 	3849 	3986
f 4007 	4004 	4010
f 4002 	4007 	4006
f 3840 	4009 	4008
f 4001 	4000 	4009
f 3595 	4008 	4009
f 3595 	4009 	4000
f 3843 	3840 	4008
f 4059 	4007 	4010
f 4012 	3595 	4011
f 3844 	4011 	3595
f 4014 	3845 	4008
f 3843 	4008 	3845
f 3595 	4012 	4013
f 4013 	4014 	4008
f 3595 	4013 	4008
f 4013 	2787 	4014
f 4010 	4070 	4059
f 2787 	4013 	4012
f 4018 	2608 	4017
f 4016 	4017 	2608
f 2608 	4022 	4023
f 2633 	2608 	4019
f 4018 	4019 	2608
f 4016 	2608 	4023
f 4022 	2608 	4021
f 4026 	4020 	2608
f 4021 	2608 	4020
f 4029 	4024 	2608
f 4026 	2608 	4025
f 4025 	2608 	4024
f 1009 	3067 	1010
f 1121 	3067 	1120
f 1010 	3067 	1121
f 1120 	3081 	2665
f 1117 	3067 	1009
f 2664 	2665 	3081
f 1134 	3067 	1133
f 1133 	3067 	1131
f 3949 	4034 	3950
f 4034 	4037 	3950
f 3838 	3451 	3928
f 4031 	3455 	4033
f 3457 	3455 	4031
f 4030 	3876 	4031
f 4030 	4050 	3876
f 3451 	3876 	4050
f 4030 	4032 	4050
f 3457 	4031 	3876
f 4032 	4030 	4031
f 4033 	4045 	4032
f 4031 	4033 	4032
f 4032 	4045 	4050
f 1087 	1086 	4050
f 4036 	3950 	4037
f 4034 	4052 	4037
f 4038 	4057 	2789
f 3842 	3841 	4042
f 3842 	4042 	4043
f 4043 	4044 	3842
f 4043 	4042 	4040
f 3951 	4041 	4042
f 3950 	4036 	3951
f 4036 	4041 	3951
f 4040 	4039 	4043
f 4039 	4038 	4043
f 4044 	4043 	4038
f 2789 	4044 	4038
f 4041 	4040 	4042
f 4057 	4038 	4039
f 4035 	4052 	4034
f 3889 	4048 	3890
f 4041 	4056 	4040
f 3892 	3890 	4049
f 2790 	2789 	4057
f 4056 	4039 	4040
f 3884 	3913 	4050
f 4039 	4055 	4057
f 4035 	4051 	4052
f 4053 	4036 	4037
f 4053 	4054 	4036
f 3892 	4047 	4035
f 4058 	4036 	4054
f 4039 	4056 	4055
f 3014 	3018 	4047
f 3015 	3014 	4046
f 3014 	4048 	4046
f 4049 	3890 	4048
f 4046 	4048 	3889
f 3888 	4046 	3889
f 4049 	4048 	3014
f 4049 	3014 	4047
f 3892 	4049 	4047
f 4051 	4047 	3018
f 3018 	4052 	4051
f 4053 	4037 	4052
f 4051 	4035 	4047
f 3018 	3017 	4052
f 3021 	3020 	4056
f 4015 	3629 	4006
f 4055 	4056 	3020
f 4056 	4058 	3021
f 4006 	4072 	4015
f 3504 	141 	140
f 4007 	4059 	4006
f 141 	3504 	4060
f 141 	4060 	142
f 4060 	859 	115
f 4006 	4059 	4072
f 142 	4060 	115
f 4062 	4061 	4086
f 4061 	4065 	4123
f 4072 	4064 	4063
f 3642 	4063 	3645
f 4061 	4069 	4065
f 4069 	4062 	4066
f 2391 	2392 	4068
f 3503 	4066 	4115
f 4005 	4067 	4010
f 143 	153 	4065
f 4065 	144 	143
f 4069 	4061 	4062
f 4068 	4067 	4005
f 144 	4065 	4069
f 144 	4069 	145
f 146 	4069 	4066
f 146 	4066 	147
f 4010 	4067 	4070
f 145 	4069 	146
f 3502 	137 	4066
f 147 	4066 	137
f 3502 	4066 	3503
f 4059 	4070 	4078
f 4059 	4078 	4072
f 4077 	2977 	4073
f 4067 	4074 	4070
f 2970 	4075 	4073
f 4074 	6255 	4070
f 4072 	4063 	4015
f 4071 	4082 	4076
f 2975 	4077 	4071
f 4063 	3642 	4015
f 4077 	2975 	2977
f 4082 	4071 	4077
f 4064 	4072 	4078
f 4077 	4073 	4079
f 4082 	4077 	4079
f 4078 	4070 	6255
f 4075 	861 	4073
f 4079 	4073 	861
f 4080 	4068 	2394
f 2394 	4068 	2392
f 861 	4075 	862
f 2393 	4080 	2394
f 2393 	2395 	4080
f 3503 	4115 	4076
f 4068 	4080 	4081
f 3503 	4076 	3498
f 4068 	4081 	4067
f 4074 	4067 	4081
f 3498 	4076 	4082
f 4079 	3500 	4082
f 24 	21 	4083
f 3498 	4082 	3500
f 4083 	21 	13
f 860 	4079 	861
f 4079 	860 	3500
f 4084 	30 	24
f 4086 	3264 	3258
f 4085 	3264 	4086
f 24 	4083 	4088
f 4084 	24 	4088
f 2941 	4088 	4083
f 13 	2942 	4083
f 3261 	3260 	4116
f 2941 	4083 	2942
f 4116 	4114 	3261
f 4071 	4116 	3260
f 4061 	4085 	4086
f 3632 	4089 	3664
f 3652 	4089 	3651
f 4092 	28 	30
f 4084 	4092 	30
f 4091 	4090 	3646
f 35 	28 	4204
f 4204 	4203 	35
f 4204 	28 	4092
f 4093 	3511 	4097
f 3837 	3833 	4093
f 3836 	3511 	3835
f 4101 	4091 	3640
f 3511 	4094 	4095
f 4096 	3511 	4095
f 4096 	4097 	3511
f 4093 	3833 	3511
f 51 	3822 	4100
f 4103 	4100 	3822
f 4099 	4094 	4098
f 4098 	4094 	3511
f 4101 	3640 	3643
f 3663 	4101 	3643
f 4108 	4109 	4143
f 4180 	4101 	3663
f 3258 	4114 	4086
f 4114 	3258 	3261
f 4062 	4086 	4114
f 4114 	4115 	4062
f 4115 	4114 	4116
f 4071 	4076 	4116
f 4116 	4076 	4115
f 4066 	4062 	4115
f 3652 	3656 	4117
f 4118 	3490 	3495
f 3660 	4120 	4119
f 3661 	4120 	3660
f 3661 	4967 	4120
f 4118 	4122 	4121
f 4122 	4118 	4123
f 3652 	4124 	4089
f 4124 	3652 	4117
f 3464 	3342 	4125
f 4125 	3342 	3343
f 3343 	4121 	4125
f 4089 	4185 	3664
f 148 	136 	4125
f 3464 	4125 	136
f 4124 	4185 	4089
f 149 	4121 	150
f 4125 	4121 	149
f 148 	4125 	149
f 3657 	4126 	3656
f 3656 	4126 	4117
f 151 	4121 	4122
f 152 	151 	4122
f 4119 	4126 	3657
f 150 	4121 	151
f 4122 	153 	152
f 4065 	4122 	4123
f 4188 	4617 	4090
f 4122 	4065 	153
f 3698 	3697 	3699
f 3700 	3699 	3697
f 3700 	3697 	3701
f 3495 	4085 	4123
f 3702 	3701 	3697
f 3690 	3703 	3697
f 3702 	3697 	3703
f 3683 	3682 	3697
f 4123 	4118 	3495
f 4061 	4123 	4085
f 154 	1710 	2965
f 3711 	3697 	3712
f 3710 	3697 	3711
f 3709 	3697 	3710
f 3708 	3697 	3709
f 3707 	3697 	3708
f 3706 	3697 	3707
f 3705 	3697 	3706
f 3704 	3697 	3705
f 3689 	3697 	3704
f 3713 	3712 	3697
f 1131 	3067 	1117
f 4133 	3719 	3523
f 1512 	3067 	1157
f 3067 	1155 	1157
f 1535 	3067 	1511
f 1130 	3067 	1134
f 3715 	3714 	4134
f 1155 	3067 	1130
f 3715 	4134 	4136
f 3715 	4136 	3185
f 4128 	4133 	4127
f 4129 	4133 	4128
f 4130 	4133 	4129
f 4131 	4133 	4130
f 4132 	4133 	4131
f 4129 	4128 	3717
f 1536 	3067 	1535
f 4132 	4131 	3719
f 4133 	4132 	3719
f 4130 	3719 	4131
f 1537 	3067 	1536
f 3717 	3718 	4129
f 4130 	3720 	3719
f 3720 	4129 	3718
f 3720 	4130 	4129
f 4128 	4127 	3716
f 4128 	3716 	3717
f 1540 	3067 	1537
f 1512 	1511 	3067
f 4135 	4134 	3714
f 3723 	4135 	3714
f 4027 	154 	1752
f 1751 	1752 	154
f 4029 	2608 	4028
f 4137 	3183 	3184
f 4138 	4137 	3184
f 3185 	4136 	4138
f 1551 	4137 	4138
f 4136 	1546 	1547
f 1751 	154 	1749
f 1547 	1552 	4136
f 3722 	3721 	4139
f 1748 	1749 	154
f 1748 	154 	1745
f 3723 	4139 	4135
f 1745 	154 	1758
f 4138 	4136 	1552
f 4107 	4108 	4143
f 4106 	4143 	4109
f 4110 	4111 	4106
f 4105 	4106 	4111
f 4111 	4112 	4105
f 4112 	4113 	4105
f 4113 	4102 	4105
f 4102 	4100 	4105
f 4104 	4105 	4100
f 4103 	4104 	4100
f 3721 	4146 	4139
f 3722 	4139 	3723
f 1756 	1757 	154
f 1548 	4134 	4135
f 4140 	3506 	4142
f 4134 	1548 	1549
f 4141 	4142 	3506
f 4145 	4107 	4143
f 4136 	4134 	1546
f 4141 	4144 	4143
f 1549 	1546 	4134
f 4109 	4110 	4106
f 4145 	4143 	4144
f 3506 	4144 	4141
f 3506 	4140 	4147
f 3506 	4147 	3508
f 4154 	4155 	3508
f 4139 	4146 	1557
f 1557 	1555 	4139
f 1758 	154 	1757
f 1550 	1551 	4138
f 1552 	1550 	4138
f 4137 	1551 	1553
f 1555 	1548 	4135
f 4148 	4149 	4152
f 1771 	1754 	154
f 4146 	1556 	1557
f 4153 	4158 	4151
f 4135 	4139 	1555
f 4153 	4151 	4152
f 4151 	4148 	4152
f 4149 	4098 	4152
f 4152 	4098 	3513
f 3511 	3513 	4098
f 1754 	1756 	154
f 4165 	4175 	4156
f 4164 	4165 	4156
f 4147 	4154 	3508
f 1770 	1771 	154
f 3716 	4127 	3724
f 4158 	4159 	4150
f 1769 	1770 	154
f 4161 	4157 	4160
f 4157 	4150 	4160
f 4159 	4160 	4150
f 4162 	4157 	4161
f 4163 	4157 	4162
f 4156 	4157 	4164
f 4163 	4164 	4157
f 4150 	4151 	4158
f 3726 	3725 	4166
f 1769 	154 	2520
f 3725 	4167 	4166
f 4167 	3725 	3724
f 3721 	4478 	4510
f 4166 	4167 	4133
f 4168 	4133 	4167
f 4168 	3724 	4127
f 4127 	4133 	4168
f 3724 	4168 	4167
f 2580 	154 	2579
f 2585 	154 	2584
f 2520 	154 	2585
f 2583 	154 	2580
f 3730 	3729 	4173
f 2578 	154 	2587
f 2586 	154 	2547
f 2587 	154 	2586
f 3736 	4478 	3727
f 3721 	3727 	4478
f 2579 	154 	2578
f 3733 	4169 	4170
f 2584 	154 	2583
f 4172 	3732 	3731
f 3728 	3733 	4170
f 3530 	4659 	4174
f 3731 	3530 	4174
f 2599 	3067 	2597
f 4170 	4171 	3729
f 3729 	3728 	4170
f 2545 	154 	2544
f 4169 	3733 	3732
f 4169 	3732 	4172
f 2596 	2597 	3067
f 4173 	3729 	4171
f 2544 	3067 	2602
f 4174 	4659 	4190
f 4174 	4173 	4171
f 4174 	4171 	4170
f 4169 	4172 	4170
f 4174 	4170 	4172
f 2600 	3067 	2599
f 2601 	2602 	3067
f 3731 	4174 	4172
f 4191 	3734 	4189
f 3735 	4190 	3533
f 2604 	2605 	3067
f 4190 	3734 	4191
f 1712 	2966 	3073
f 4155 	4156 	4175
f 3508 	4155 	4175
f 1710 	154 	1089
f 5933 	2966 	2963
f 4683 	5247 	2963
f 4617 	4188 	4241
f 3073 	3067 	1712
f 44 	627 	4178
f 1589 	1575 	4299
f 3664 	4179 	3663
f 4351 	4352 	627
f 4352 	4353 	627
f 1662 	4177 	1604
f 4176 	1604 	4177
f 4180 	3663 	4179
f 4178 	3763 	50
f 4178 	50 	44
f 4178 	627 	4353
f 1673 	1711 	1674
f 1675 	1674 	1711
f 3763 	4178 	4353
f 1675 	1711 	1677
f 1676 	1677 	1715
f 1715 	1677 	1711
f 4101 	4240 	4091
f 3735 	3734 	4190
f 3664 	4185 	4179
f 4367 	4493 	4182
f 4186 	4182 	4493
f 4183 	4186 	4493
f 4181 	4367 	4182
f 4189 	3734 	3730
f 4189 	3730 	4173
f 4173 	4174 	4189
f 4191 	4189 	4174
f 4190 	4191 	4174
f 4661 	3533 	4190
f 3182 	208 	3181
f 281 	205 	4137
f 3746 	4478 	3736
f 3738 	3740 	4198
f 4199 	3740 	4892
f 3737 	3738 	4196
f 4197 	4196 	3738
f 3540 	4892 	3740
f 4194 	3741 	3744
f 4198 	4197 	3738
f 4193 	4195 	4201
f 4194 	4195 	4193
f 4196 	4200 	4195
f 4197 	4200 	4196
f 4198 	4200 	4197
f 4199 	4200 	4198
f 4193 	4201 	3742
f 3737 	4196 	4195
f 4193 	3742 	3741
f 3740 	4199 	4198
f 3741 	4194 	4193
f 3744 	4195 	4194
f 3745 	3737 	4195
f 3744 	3745 	4195
f 3721 	357 	4146
f 391 	1556 	4146
f 4201 	4195 	4200
f 4443 	2730 	4442
f 4200 	3742 	4201
f 3747 	3742 	4200
f 4480 	2736 	4479
f 3755 	4212 	3563
f 2742 	4975 	4239
f 5260 	2610 	4975
f 3757 	4478 	3746
f 4203 	4208 	4202
f 4203 	4204 	4208
f 4204 	4092 	4205
f 4207 	4206 	4212
f 4913 	4212 	4206
f 4205 	4208 	4204
f 4087 	4092 	4084
f 4218 	3748 	4207
f 4092 	4087 	4205
f 4207 	3748 	4206
f 4208 	4205 	4415
f 4216 	3752 	4217
f 4212 	3755 	3750
f 4216 	3756 	3752
f 4214 	3750 	3749
f 3749 	3751 	4214
f 4215 	4214 	3751
f 4217 	3752 	3754
f 4220 	2941 	3194
f 3750 	4213 	4212
f 4087 	4210 	4209
f 4087 	4084 	4211
f 4211 	4084 	4088
f 4207 	4212 	4213
f 4207 	4213 	4214
f 4207 	4214 	4215
f 4216 	4207 	4215
f 4217 	4207 	4216
f 4214 	4213 	3750
f 4087 	4211 	4210
f 4211 	4219 	4210
f 3748 	4218 	3754
f 4220 	4088 	2941
f 4218 	4207 	4217
f 4211 	4088 	4220
f 4211 	4220 	4219
f 4218 	4217 	3754
f 4220 	3194 	4221
f 3751 	4216 	4215
f 4219 	4220 	4221
f 3756 	4216 	3751
f 3198 	4221 	3194
f 4222 	4209 	4210
f 4223 	4210 	4219
f 4222 	4210 	4223
f 4229 	4225 	4228
f 4234 	4235 	4225
f 5073 	5086 	4225
f 3572 	5073 	4225
f 3760 	3572 	4225
f 5086 	4231 	4234
f 3762 	4478 	3757
f 4224 	3758 	3760
f 4229 	4230 	4225
f 4225 	4224 	3760
f 4224 	4230 	3758
f 3758 	4230 	3759
f 3762 	3761 	4228
f 4227 	4226 	3762
f 4224 	4225 	4230
f 3761 	4230 	4229
f 3761 	3759 	4230
f 3761 	4229 	4228
f 4227 	3762 	4228
f 4236 	4232 	4233
f 4227 	4233 	4226
f 4233 	4227 	4237
f 2596 	3067 	2605
f 4235 	4236 	4225
f 4228 	4225 	4227
f 4236 	4237 	4225
f 4227 	4225 	4237
f 4232 	4236 	4235
f 4231 	4235 	4234
f 4237 	4236 	4233
f 2600 	2601 	3067
f 1541 	2604 	3067
f 2547 	154 	2545
f 4232 	4235 	4231
f 1540 	1541 	3067
f 3081 	1120 	3067
f 3067 	2544 	154
f 4192 	4090 	4091
f 4192 	4188 	4090
f 4028 	2608 	4027
f 154 	4027 	2608
f 4239 	2610 	4238
f 2611 	4238 	2610
f 4192 	4091 	4240
f 4180 	4240 	4101
f 564 	3073 	2966
f 3082 	4244 	4249
f 4016 	4023 	4242
f 4242 	4017 	4016
f 4243 	4244 	4242
f 4018 	4017 	4244
f 4242 	4244 	4017
f 4244 	3082 	4019
f 4018 	4244 	4019
f 4247 	4245 	4248
f 4246 	4247 	4248
f 4245 	4242 	4248
f 4245 	4243 	4242
f 4020 	4026 	4246
f 4246 	4021 	4020
f 4022 	4021 	4248
f 4246 	4248 	4021
f 4248 	4242 	4023
f 4022 	4248 	4023
f 4249 	4243 	4254
f 4244 	4243 	4249
f 4250 	4251 	4255
f 4253 	4250 	4255
f 4255 	4251 	3105
f 4252 	4253 	4256
f 4254 	4252 	4256
f 4253 	3106 	4256
f 4253 	4255 	3106
f 4255 	3105 	3222
f 3222 	3106 	4255
f 4254 	4256 	4249
f 3106 	3083 	4256
f 4249 	4256 	3083
f 4302 	4257 	4262
f 4257 	4258 	4262
f 4257 	4259 	4258
f 4259 	4252 	4258
f 4259 	4260 	4252
f 4253 	4260 	4250
f 4253 	4252 	4260
f 4258 	4252 	4254
f 4258 	4254 	4263
f 4261 	4245 	4247
f 4258 	4263 	4262
f 4262 	4263 	4261
f 4261 	4263 	4245
f 4263 	4254 	4243
f 4263 	4243 	4245
f 4266 	4269 	4264
f 4267 	4265 	4271
f 4265 	4268 	4266
f 4264 	4251 	4250
f 4268 	4269 	4266
f 4269 	4265 	4267
f 4265 	4269 	4268
f 4264 	4269 	4251
f 4267 	4270 	4269
f 4270 	4251 	4269
f 4270 	4267 	3227
f 4275 	3227 	4267
f 4251 	4270 	3105
f 3230 	4270 	3227
f 4271 	4272 	4267
f 4272 	4273 	4275
f 4267 	4272 	4275
f 4273 	4274 	3226
f 4275 	4273 	3226
f 4398 	3229 	4274
f 3226 	4274 	3229
f 3231 	4275 	3226
f 3227 	4275 	3231
f 4278 	4276 	4279
f 4277 	4278 	4279
f 4276 	4284 	4280
f 4279 	4276 	4280
f 4264 	4280 	4284
f 4277 	4279 	4259
f 4257 	4277 	4259
f 4260 	4259 	4279
f 4279 	4280 	4260
f 4280 	4264 	4250
f 4260 	4280 	4250
f 4283 	4281 	4276
f 4278 	4283 	4276
f 4284 	4281 	4282
f 4284 	4276 	4281
f 4282 	4286 	4284
f 4282 	4285 	4286
f 4285 	4453 	4271
f 4453 	4272 	4271
f 4455 	4272 	4453
f 4271 	4286 	4285
f 4264 	4284 	4286
f 4266 	4286 	4265
f 4271 	4265 	4286
f 4264 	4286 	4266
f 4246 	4288 	4247
f 4288 	4289 	4287
f 4289 	4288 	4246
f 4025 	4024 	4289
f 4026 	4289 	4246
f 4025 	4289 	4026
f 4289 	4290 	4287
f 4292 	4293 	4294
f 4295 	4296 	4294
f 4292 	4294 	4296
f 1750 	4297 	1752
f 4027 	1752 	4297
f 4294 	4298 	4295
f 4029 	4028 	4290
f 4290 	4028 	4297
f 4027 	4297 	4028
f 4029 	4290 	4024
f 4290 	4289 	4024
f 1587 	4299 	1586
f 1742 	4297 	1750
f 1742 	4328 	4301
f 1742 	4301 	4297
f 4301 	4290 	4297
f 4301 	4287 	4290
f 4247 	4288 	4316
f 4302 	4337 	4257
f 4303 	4302 	4314
f 4304 	4631 	4307
f 4315 	4631 	4306
f 4308 	4309 	4631
f 4310 	4305 	4631
f 4310 	4631 	4309
f 4306 	4631 	4305
f 4314 	4302 	4262
f 4303 	4314 	4312
f 4322 	4312 	4311
f 4307 	4631 	4315
f 4314 	4262 	4261
f 4311 	4288 	4287
f 4312 	4316 	4311
f 4314 	4316 	4312
f 4261 	4316 	4314
f 4318 	4300 	4317
f 4311 	4316 	4288
f 4316 	4261 	4247
f 4317 	4675 	4318
f 4318 	4320 	4299
f 1589 	4299 	4320
f 4299 	4300 	4318
f 4369 	4321 	2497
f 4293 	4292 	3765
f 4293 	3765 	4294
f 3764 	4294 	3765
f 4295 	4298 	3764
f 3764 	4298 	4294
f 4313 	4295 	3776
f 4296 	3765 	4292
f 4666 	3782 	4296
f 4319 	4322 	4329
f 4324 	627 	4323
f 4324 	4349 	627
f 4181 	4182 	4326
f 4184 	4333 	4183
f 4322 	4319 	4325
f 4183 	4331 	4186
f 4186 	4332 	4182
f 4312 	4322 	4325
f 4176 	4177 	4187
f 4334 	4333 	4187
f 4312 	4325 	4303
f 4327 	4326 	4182
f 4328 	1802 	4321
f 4328 	4321 	4329
f 1742 	1802 	4328
f 4330 	4329 	4322
f 4329 	4330 	4328
f 4330 	4322 	4311
f 4328 	4330 	4301
f 4331 	4183 	4333
f 4311 	4287 	4330
f 4332 	4186 	4331
f 4301 	4330 	4287
f 4327 	4182 	4332
f 4334 	4177 	3514
f 4334 	4187 	4177
f 3516 	4327 	4332
f 4184 	4187 	4333
f 4337 	4335 	4277
f 4277 	4335 	4278
f 2741 	4238 	4977
f 4340 	1724 	4339
f 3773 	4324 	4323
f 3773 	4323 	3766
f 4323 	627 	4346
f 4355 	627 	4354
f 4323 	4346 	3766
f 1728 	1697 	4347
f 4347 	4348 	1728
f 4348 	4338 	1728
f 1724 	1728 	4338
f 4338 	4339 	1724
f 4350 	4351 	627
f 4349 	4350 	627
f 4349 	3773 	3772
f 4349 	3772 	4350
f 3772 	3771 	4351
f 3772 	4351 	4350
f 4349 	4324 	3773
f 4352 	3770 	3769
f 4352 	3769 	4353
f 3769 	3763 	4353
f 624 	4354 	627
f 3767 	4355 	4354
f 3767 	4354 	3768
f 4346 	627 	4355
f 3767 	3766 	4355
f 4346 	4355 	3766
f 3771 	3770 	4352
f 3771 	4352 	4351
f 4325 	4336 	4303
f 4356 	4360 	4337
f 4336 	4356 	4303
f 4302 	4356 	4337
f 4303 	4356 	4302
f 2271 	1722 	4340
f 4445 	4348 	4347
f 4337 	4277 	4257
f 4493 	4338 	4348
f 4359 	4357 	4360
f 4347 	4345 	4370
f 4357 	4335 	4360
f 4361 	4335 	4357
f 4361 	4278 	4335
f 4278 	4361 	4283
f 2271 	4340 	4368
f 1697 	1701 	4345
f 4360 	4362 	4359
f 4362 	4336 	4358
f 4662 	4370 	4345
f 4356 	4362 	4360
f 4514 	3180 	4365
f 4336 	4362 	4356
f 4363 	4514 	4365
f 4337 	4360 	4335
f 4364 	4368 	4181
f 4363 	4365 	2271
f 2269 	2271 	4365
f 4367 	4339 	4338
f 4367 	4340 	4339
f 4368 	4340 	4367
f 4493 	4445 	4183
f 4364 	4363 	4368
f 4367 	4181 	4368
f 4368 	4363 	2271
f 4366 	4319 	4377
f 4372 	4319 	4366
f 4319 	4372 	4325
f 4336 	4372 	4358
f 4336 	4325 	4372
f 2493 	4369 	2497
f 4321 	4369 	4377
f 4377 	4319 	4329
f 4329 	4321 	4377
f 1803 	2553 	4936
f 4385 	4390 	4382
f 4385 	4366 	4390
f 4383 	4388 	4387
f 4386 	4366 	4385
f 1484 	1482 	4389
f 1484 	4389 	4383
f 4366 	4386 	4372
f 4388 	4383 	4389
f 3615 	4388 	4389
f 4386 	4358 	4372
f 1803 	4384 	2493
f 3617 	4389 	1482
f 3615 	4389 	3617
f 4369 	2493 	4384
f 4382 	4390 	4384
f 4390 	4369 	4384
f 4390 	4366 	4377
f 4390 	4377 	4369
f 4797 	1486 	4392
f 4394 	4392 	4397
f 4393 	4394 	4397
f 4273 	4455 	4391
f 4392 	4383 	4397
f 1486 	1484 	4392
f 4383 	4392 	1484
f 4391 	4274 	4273
f 4391 	4396 	4274
f 4383 	4387 	4397
f 4396 	4398 	4274
f 4387 	4605 	4397
f 4396 	4399 	4398
f 4399 	4395 	4401
f 4398 	4399 	4401
f 4395 	4404 	4401
f 4388 	4407 	4387
f 4406 	4387 	4407
f 4395 	4446 	4404
f 3635 	4407 	4388
f 3635 	4388 	3615
f 4594 	4222 	4223
f 4751 	4202 	4409
f 3249 	4398 	4401
f 4401 	3250 	3249
f 4202 	4403 	4409
f 4403 	4202 	4208
f 4404 	4446 	4448
f 3250 	4401 	4404
f 4415 	4403 	4208
f 4402 	4406 	4405
f 4209 	4415 	4205
f 4404 	4448 	3583
f 4205 	4087 	4209
f 4428 	4409 	4403
f 4423 	4409 	4428
f 4403 	4414 	4428
f 4414 	4403 	4415
f 4209 	4418 	4415
f 4414 	4415 	4418
f 4472 	4471 	4232
f 4222 	4418 	4209
f 4471 	4233 	4232
f 4472 	4232 	4231
f 4734 	4423 	4428
f 4477 	4226 	4233
f 4428 	4414 	4624
f 4221 	4596 	4219
f 4473 	4231 	5281
f 4491 	4476 	4490
f 4473 	5281 	4476
f 4404 	3583 	3250
f 4466 	4446 	4395
f 4446 	4449 	4448
f 4449 	4450 	4448
f 4449 	4451 	4450
f 4451 	4447 	4452
f 4450 	4451 	4452
f 4448 	4450 	3251
f 3583 	4448 	3251
f 4450 	3590 	3251
f 3590 	4450 	4452
f 3600 	3590 	4452
f 4391 	4454 	4396
f 4463 	4396 	4454
f 4463 	4399 	4396
f 4463 	4465 	4399
f 4399 	4465 	4395
f 4458 	4455 	4453
f 4455 	4273 	4272
f 4456 	4459 	4283
f 4281 	4459 	4457
f 4283 	4459 	4281
f 4457 	4282 	4281
f 4457 	4460 	4282
f 4285 	4282 	4460
f 4461 	4285 	4460
f 4458 	4453 	4461
f 4285 	4461 	4453
f 4455 	4458 	4462
f 4455 	4462 	4391
f 4462 	4454 	4391
f 4466 	4395 	4465
f 4446 	4466 	4464
f 4446 	4464 	4449
f 4464 	4467 	4449
f 4467 	4451 	4449
f 4467 	4468 	4451
f 4451 	4468 	4447
f 4469 	4447 	4468
f 4569 	357 	3721
f 4478 	4226 	4477
f 4473 	4472 	4231
f 4475 	4472 	4473
f 4471 	4474 	4484
f 4052 	3017 	4053
f 4474 	4471 	4472
f 4041 	4058 	4056
f 5284 	4476 	5281
f 3021 	4058 	4054
f 4473 	4476 	4475
f 3021 	4054 	3017
f 2790 	4057 	3019
f 4041 	4036 	4058
f 3019 	4057 	4055
f 3019 	4055 	3020
f 4054 	4053 	3017
f 4476 	4483 	4475
f 4475 	4474 	4472
f 3762 	4226 	4478
f 4471 	4477 	4233
f 4477 	4484 	4478
f 4474 	4475 	4483
f 4474 	4483 	4484
f 4471 	4484 	4477
f 4484 	4483 	4478
f 4503 	4502 	4488
f 4488 	4502 	4485
f 4485 	4502 	4486
f 4487 	4486 	4501
f 4347 	4370 	4445
f 4490 	4476 	4489
f 4483 	4476 	4492
f 4491 	4492 	4476
f 4493 	4348 	4445
f 4487 	4483 	4492
f 4490 	4489 	4488
f 4669 	4494 	4495
f 4492 	4491 	4487
f 4490 	4486 	4491
f 4485 	4486 	4490
f 4491 	4486 	4487
f 4308 	3775 	4309
f 4485 	4490 	4488
f 4313 	3776 	4308
f 3775 	4308 	3776
f 4483 	4487 	4478
f 3764 	3776 	4295
f 4310 	4309 	3775
f 4494 	3774 	4495
f 4307 	4496 	4304
f 4669 	4497 	4494
f 4669 	4496 	4497
f 4494 	4497 	3774
f 3777 	3774 	4497
f 3777 	4497 	4496
f 4307 	4315 	4496
f 3777 	4496 	4315
f 3777 	4315 	4306
f 4305 	3778 	4306
f 3777 	4306 	3778
f 4305 	4310 	3778
f 5373 	4507 	4503
f 3775 	3778 	4310
f 624 	1660 	4499
f 4498 	4499 	1660
f 4498 	3779 	4499
f 4499 	4354 	624
f 3779 	3768 	4499
f 4354 	4499 	3768
f 4498 	4500 	2355
f 4498 	2355 	3779
f 4338 	4493 	4367
f 4504 	4505 	4520
f 5373 	4520 	4507
f 4176 	4187 	4370
f 5387 	4519 	4520
f 4184 	4183 	4445
f 4445 	4370 	4187
f 4187 	4184 	4445
f 5367 	4176 	4370
f 4508 	4363 	4364
f 4501 	4486 	4502
f 4478 	4487 	4510
f 4501 	4510 	4487
f 4506 	4520 	4505
f 4507 	4520 	4506
f 4504 	4517 	4501
f 4514 	4363 	4508
f 4507 	4506 	4503
f 4505 	4501 	4502
f 4506 	4505 	4502
f 4364 	4509 	4508
f 4364 	4181 	4509
f 4505 	4504 	4501
f 4503 	4506 	4502
f 4326 	4509 	4181
f 4509 	3517 	4508
f 4511 	3721 	4510
f 4523 	3721 	4511
f 4331 	3516 	4332
f 3515 	4326 	4327
f 4509 	4326 	3515
f 4513 	4511 	4510
f 4509 	3515 	3517
f 3516 	4334 	3514
f 4514 	4508 	3517
f 4511 	4512 	4523
f 3179 	4514 	3517
f 4515 	4516 	4522
f 4517 	4520 	4516
f 4504 	4520 	4517
f 3179 	3180 	4514
f 4512 	4516 	4515
f 4327 	3516 	3515
f 4501 	4517 	4510
f 3516 	4333 	4334
f 4515 	4522 	4512
f 4510 	4517 	4513
f 4331 	4333 	3516
f 4513 	4517 	4516
f 4512 	4511 	4516
f 4513 	4516 	4511
f 4512 	4518 	4523
f 5387 	4523 	4519
f 4518 	4519 	4523
f 4521 	4516 	4520
f 4522 	4516 	4521
f 4518 	4512 	4522
f 4519 	4521 	4520
f 4521 	4519 	4518
f 4522 	4521 	4518
f 391 	4146 	357
f 4529 	4525 	5467
f 4530 	3721 	4523
f 4530 	4523 	4524
f 4526 	4523 	4525
f 4526 	4524 	4523
f 4529 	4539 	4528
f 4529 	4528 	4525
f 4528 	4527 	4526
f 4527 	4539 	4524
f 4526 	4527 	4524
f 4525 	4528 	4526
f 4530 	4531 	3721
f 4535 	4531 	4532
f 4530 	4532 	4531
f 4534 	4543 	4533
f 4529 	4536 	4537
f 4529 	4537 	4538
f 4529 	4538 	4539
f 4527 	4528 	4539
f 4538 	4537 	4533
f 4530 	4539 	4532
f 4524 	4539 	4530
f 4536 	4533 	4537
f 4536 	4534 	4533
f 4538 	4532 	4539
f 4538 	4533 	4531
f 4538 	4531 	4535
f 4538 	4535 	4532
f 4543 	3721 	4531
f 4534 	4540 	4543
f 4531 	4533 	4543
f 4542 	4529 	4541
f 4536 	4529 	4542
f 4540 	4542 	4541
f 4542 	4540 	4534
f 4534 	4536 	4542
f 4545 	4544 	4540
f 5555 	5556 	5642
f 5643 	4557 	4548
f 5643 	4548 	5642
f 4545 	4540 	5642
f 4543 	4540 	4544
f 4548 	4557 	4547
f 4547 	4546 	4545
f 4545 	4546 	4544
f 4548 	4547 	4545
f 5642 	4548 	4545
f 4543 	4549 	3721
f 4551 	4543 	4550
f 4544 	4550 	4543
f 4549 	4543 	4551
f 4546 	4547 	4552
f 4546 	4552 	4553
f 4552 	4551 	4550
f 4553 	4552 	4550
f 4553 	4550 	4544
f 4546 	4553 	4544
f 4561 	4549 	4552
f 4551 	4552 	4549
f 4555 	4556 	4564
f 4555 	4564 	4554
f 4558 	4547 	4557
f 4559 	4547 	4558
f 4563 	4547 	4559
f 4559 	4555 	4554
f 4558 	4557 	4556
f 4558 	4556 	4555
f 4555 	4559 	4558
f 4549 	4560 	3721
f 4564 	3721 	4560
f 4549 	4561 	4560
f 4560 	4562 	4564
f 4552 	4547 	4563
f 4559 	4554 	4562
f 4563 	4559 	4562
f 4552 	4563 	4561
f 4562 	4560 	4563
f 4561 	4563 	4560
f 4562 	4554 	4564
f 4566 	4572 	4564
f 4565 	4566 	4564
f 4556 	5651 	4564
f 4568 	4567 	4566
f 4568 	4566 	4565
f 4564 	4570 	3721
f 4569 	3721 	4570
f 4571 	4564 	4572
f 4573 	4569 	4570
f 4570 	4564 	4571
f 4581 	4582 	4568
f 4568 	4574 	4575
f 4576 	4568 	4575
f 4567 	4568 	4576
f 4571 	4572 	4576
f 4576 	4575 	4571
f 4576 	4566 	4567
f 4572 	4566 	4576
f 4569 	4575 	4574
f 4571 	4575 	4570
f 4573 	4570 	4575
f 4573 	4575 	4569
f 4578 	357 	4577
f 4569 	4577 	357
f 4580 	5661 	357
f 5661 	5662 	357
f 4579 	4580 	357
f 4583 	4568 	4582
f 4574 	4568 	4583
f 4583 	4577 	4574
f 4578 	4577 	4583
f 4580 	4579 	4581
f 4582 	4581 	4579
f 4583 	4582 	4578
f 4574 	4577 	4569
f 4578 	4582 	4579
f 1556 	391 	1584
f 4578 	4579 	357
f 4662 	4345 	1701
f 3518 	4646 	4585
f 3521 	4586 	4587
f 3522 	4590 	3519
f 4589 	3519 	4590
f 4587 	4588 	3521
f 3522 	3518 	4585
f 3522 	4585 	4590
f 3520 	3519 	4584
f 3519 	4589 	4584
f 4584 	3521 	3520
f 4586 	3521 	4584
f 4646 	4647 	4588
f 4585 	4646 	4588
f 4587 	4584 	4588
f 4587 	4586 	4584
f 4589 	4588 	4584
f 3523 	3521 	4588
f 4589 	4590 	4588
f 4585 	4588 	4590
f 4588 	4133 	3523
f 3532 	3514 	5289
f 4407 	3635 	3646
f 3646 	4592 	4407
f 4591 	4402 	4405
f 2676 	4373 	4374
f 4591 	4405 	4616
f 4616 	4405 	4617
f 4221 	4598 	4596
f 4406 	4592 	4405
f 4592 	4406 	4407
f 4221 	3198 	4598
f 4617 	4405 	4592
f 4600 	3199 	3208
f 4090 	4592 	3646
f 4594 	4223 	4595
f 4219 	4596 	4223
f 4223 	4596 	4595
f 4600 	4598 	3198
f 4596 	4598 	4602
f 4599 	4597 	4761
f 4600 	3208 	4604
f 4761 	4597 	4400
f 4608 	4601 	4597
f 4604 	3208 	4607
f 3212 	4607 	3208
f 4601 	4400 	4597
f 4400 	4601 	4591
f 4591 	4601 	4402
f 4596 	4602 	4595
f 4603 	4393 	4610
f 4608 	4603 	4610
f 3212 	4609 	4607
f 4609 	3212 	3213
f 4393 	4605 	4610
f 4605 	4393 	4397
f 4611 	3213 	3210
f 4806 	4606 	4599
f 4597 	4599 	4606
f 4597 	4606 	4608
f 4604 	4607 	4618
f 4601 	4608 	4610
f 4609 	3213 	4611
f 4610 	4605 	4402
f 4402 	4601 	4610
f 4387 	4406 	4605
f 4402 	4605 	4406
f 4598 	4614 	4602
f 4600 	4614 	4598
f 4614 	4600 	4604
f 4602 	4740 	4595
f 4400 	4615 	4619
f 4615 	4400 	4591
f 4602 	4614 	4736
f 4616 	4615 	4591
f 4614 	4604 	4621
f 4736 	4614 	4621
f 4592 	4090 	4617
f 4620 	4607 	4609
f 4625 	4615 	4616
f 4609 	5700 	4620
f 5700 	4609 	4611
f 4619 	4629 	4613
f 4629 	4619 	4626
f 4607 	4620 	4618
f 4626 	4619 	4615
f 4241 	4616 	4617
f 4618 	4621 	4604
f 4734 	4428 	4624
f 4414 	4729 	4624
f 4625 	4626 	4615
f 4241 	4625 	4616
f 4613 	4629 	4628
f 3024 	3023 	4635
f 3026 	3025 	4638
f 4758 	4627 	4630
f 4635 	4640 	3024
f 4500 	1506 	2355
f 4635 	3023 	3028
f 4633 	4295 	4631
f 4633 	4665 	4295
f 4295 	4313 	4631
f 4313 	4308 	4631
f 4631 	4632 	4633
f 4632 	4631 	3781
f 4632 	3781 	3780
f 3783 	4665 	4633
f 3780 	3783 	4632
f 4633 	4632 	3783
f 4637 	4645 	3022
f 306 	4644 	4639
f 4637 	4640 	4639
f 4635 	4641 	4640
f 4639 	4640 	4638
f 3025 	4639 	4638
f 4638 	4640 	4641
f 4641 	4635 	3028
f 4641 	3028 	3026
f 4638 	4641 	3026
f 3025 	306 	4639
f 3024 	4640 	4637
f 3024 	4637 	3022
f 3030 	3022 	4642
f 4644 	329 	3031
f 4642 	3022 	4643
f 4644 	3031 	3030
f 4644 	3030 	4642
f 4642 	4639 	4644
f 4645 	4637 	4639
f 4642 	4643 	4639
f 4645 	4639 	4643
f 4645 	4643 	3022
f 5297 	3019 	3038
f 4646 	3518 	3524
f 4650 	3035 	3034
f 3524 	3726 	4647
f 4646 	3524 	4647
f 4647 	4166 	4588
f 4133 	4588 	4166
f 4647 	3726 	4166
f 3037 	4795 	3032
f 3527 	3526 	4653
f 4649 	3033 	4648
f 3032 	4648 	3033
f 3034 	3036 	4651
f 3034 	4651 	4650
f 4649 	4648 	4652
f 4655 	4657 	3529
f 4655 	3529 	3528
f 4657 	4656 	3529
f 4660 	4654 	3525
f 3528 	3525 	4654
f 3526 	4656 	4653
f 3526 	3529 	4656
f 4654 	4655 	3528
f 4654 	4660 	4655
f 4660 	4661 	4655
f 4653 	4656 	4661
f 4657 	4655 	4661
f 4658 	3530 	3527
f 4658 	3527 	4653
f 4659 	3530 	4658
f 4658 	4653 	4661
f 4656 	4657 	4661
f 4660 	3525 	3531
f 4661 	3531 	3533
f 5354 	5288 	3514
f 3531 	4661 	4660
f 4659 	4658 	4661
f 4190 	4659 	4661
f 5635 	5367 	4663
f 4663 	4370 	4664
f 5367 	4370 	4663
f 4663 	1700 	5635
f 4664 	1702 	1700
f 4664 	1700 	4663
f 1701 	1702 	4664
f 1701 	4664 	4662
f 4662 	4664 	4370
f 3532 	5289 	3543
f 3535 	3534 	4871
f 4871 	4872 	3535
f 4875 	3538 	3537
f 4873 	3537 	3536
f 3534 	3539 	4876
f 3539 	4878 	4876
f 4666 	4295 	4665
f 4296 	4295 	4666
f 3782 	4665 	3783
f 4666 	4665 	3782
f 4766 	4317 	4636
f 3765 	4296 	3782
f 4667 	1587 	5184
f 4300 	4667 	4636
f 4300 	4636 	4317
f 4300 	4299 	4667
f 4669 	4495 	4668
f 4496 	4669 	4304
f 4671 	4304 	4669
f 4673 	4787 	4672
f 4672 	4631 	4304
f 4678 	4317 	4766
f 4668 	4495 	3774
f 4320 	4318 	4682
f 3806 	3781 	4631
f 4299 	1587 	4667
f 4671 	4669 	4670
f 4668 	4670 	4669
f 4672 	4304 	4671
f 4674 	4787 	4673
f 4678 	4676 	4677
f 4678 	4677 	4675
f 4678 	4675 	4317
f 4680 	4679 	4681
f 3774 	3784 	4668
f 4670 	4668 	3784
f 4678 	4680 	4676
f 4681 	4676 	4680
f 4670 	3784 	4671
f 3784 	4673 	4671
f 4671 	4673 	4672
f 4684 	4320 	4682
f 4682 	4318 	4675
f 4703 	4909 	4681
f 4676 	4681 	4909
f 4684 	4682 	4683
f 2963 	4684 	4683
f 4675 	4683 	4682
f 4685 	4683 	4677
f 4675 	4677 	4683
f 4291 	4320 	4684
f 3788 	4692 	4689
f 3787 	3786 	4688
f 3788 	3787 	4692
f 4688 	4692 	3787
f 4687 	5303 	4688
f 4692 	5303 	4689
f 4688 	5303 	4692
f 4679 	4694 	4681
f 4681 	4694 	4699
f 4681 	4693 	4695
f 4681 	4695 	4696
f 4726 	4698 	4699
f 4693 	4681 	4698
f 4681 	4699 	4698
f 4699 	4697 	4726
f 4716 	4696 	4695
f 4693 	4717 	4695
f 4694 	4722 	4697
f 4697 	4699 	4694
f 4691 	3509 	4702
f 4690 	3509 	4691
f 4702 	3509 	4701
f 4689 	5303 	4690
f 4700 	4701 	3509
f 4703 	4681 	4696
f 3790 	3789 	4690
f 4690 	4691 	3790
f 4705 	4706 	1193
f 1710 	4686 	1193
f 1193 	4686 	4705
f 4705 	3786 	4706
f 4686 	4687 	4705
f 3786 	4705 	4687
f 4687 	4688 	3786
f 4704 	1193 	4706
f 4704 	4706 	3785
f 4709 	4773 	4708
f 4707 	4708 	4773
f 4709 	4724 	4773
f 4711 	4773 	4710
f 4712 	4773 	4711
f 4713 	4773 	4712
f 4714 	4773 	4713
f 4716 	4717 	4715
f 4718 	4719 	4717
f 4715 	4717 	4719
f 4719 	4725 	4715
f 4722 	4715 	4721
f 4679 	4715 	4722
f 4680 	4764 	4679
f 4720 	4721 	4715
f 4725 	4719 	4698
f 4694 	4679 	4722
f 4718 	4717 	4693
f 4697 	4721 	4720
f 4724 	4723 	4773
f 4710 	4773 	4723
f 4726 	4715 	4725
f 4720 	4715 	4726
f 4693 	4698 	4719
f 4698 	4726 	4725
f 4720 	4726 	4697
f 4696 	4716 	4715
f 4716 	4695 	4717
f 4693 	4719 	4718
f 3510 	3800 	3509
f 4700 	3509 	3800
f 4721 	4697 	4722
f 3799 	4701 	4700
f 3799 	3798 	4701
f 4702 	4701 	3798
f 3798 	3791 	4702
f 4689 	4690 	3789
f 4691 	4702 	3791
f 3790 	4691 	3791
f 4689 	3789 	3788
f 4727 	1193 	4704
f 2356 	4727 	3785
f 4727 	4704 	3785
f 1508 	1193 	4727
f 2356 	1508 	4727
f 4469 	4470 	4830
f 4447 	4469 	4830
f 2682 	4376 	4342
f 4594 	4730 	4222
f 4729 	4414 	4418
f 4730 	4729 	4418
f 4730 	4418 	4222
f 4730 	4594 	4739
f 4732 	4423 	4734
f 2708 	4429 	4430
f 4930 	4733 	4933
f 460 	4733 	4929
f 4929 	4733 	4932
f 4932 	4733 	4931
f 4931 	4733 	4930
f 4933 	4733 	4934
f 4934 	4733 	4926
f 2723 	4438 	4439
f 4928 	4733 	4927
f 4917 	4733 	4916
f 4918 	4733 	4917
f 4919 	4733 	4456
f 4920 	4733 	4919
f 4457 	4733 	4460
f 4456 	4733 	4459
f 4459 	4733 	4457
f 4462 	4733 	4454
f 4733 	4461 	4460
f 4458 	4733 	4462
f 4461 	4733 	4458
f 4463 	4733 	4465
f 4343 	2668 	4341
f 4454 	4733 	4463
f 4465 	4733 	4466
f 4733 	4464 	4466
f 4468 	4733 	4469
f 4371 	2671 	4344
f 4464 	4733 	4467
f 4467 	4733 	4468
f 4469 	4733 	4470
f 4733 	4850 	4846
f 4470 	4733 	4728
f 4728 	4733 	4846
f 4858 	4733 	4865
f 4848 	4733 	4858
f 4380 	2685 	4379
f 4861 	4733 	4859
f 4866 	4733 	4861
f 2693 	4411 	4412
f 2694 	2693 	4412
f 4733 	4928 	4926
f 4413 	2695 	4412
f 4733 	4918 	4927
f 4732 	4734 	4744
f 4738 	4624 	4729
f 4735 	4729 	4730
f 4737 	4734 	4624
f 4744 	4734 	4737
f 4738 	4737 	4624
f 4735 	4738 	4729
f 4735 	4730 	4739
f 4736 	4740 	4602
f 4595 	4741 	4594
f 4594 	4741 	4739
f 4740 	4741 	4595
f 4747 	4731 	4732
f 4744 	4747 	4732
f 4745 	4731 	4747
f 4203 	37 	35
f 4749 	37 	4203
f 4751 	4750 	4749
f 4749 	4202 	4751
f 4202 	4749 	4203
f 38 	39 	4754
f 40 	4754 	39
f 4754 	40 	4755
f 4753 	4754 	4755
f 4756 	4851 	4753
f 4750 	4753 	4755
f 4756 	4753 	4750
f 4749 	4750 	4755
f 4791 	4634 	4623
f 4791 	4623 	4622
f 4634 	4630 	4623
f 4759 	4758 	4634
f 4634 	4758 	4630
f 4627 	4758 	4612
f 4628 	4612 	4613
f 4627 	4612 	4628
f 4593 	4762 	4877
f 4877 	4762 	4759
f 3785 	4706 	3786
f 4593 	4760 	4762
f 4760 	4593 	4599
f 4710 	4723 	3795
f 3792 	4707 	4674
f 3792 	4674 	3784
f 4673 	3784 	4674
f 4761 	4760 	4599
f 4711 	3794 	4712
f 3793 	4712 	3794
f 3796 	3795 	4709
f 3796 	4709 	4708
f 3795 	4723 	4724
f 3795 	4724 	4709
f 4714 	4713 	3797
f 3793 	3797 	4713
f 4712 	3793 	4713
f 4711 	4710 	3794
f 3795 	3794 	4710
f 4707 	3792 	3796
f 4707 	3796 	4708
f 4700 	3800 	3799
f 4762 	4758 	4759
f 4763 	4773 	4714
f 4762 	4760 	4612
f 4715 	4679 	4764
f 4766 	4764 	4680
f 4680 	4678 	4766
f 4765 	4763 	3803
f 3801 	3803 	4763
f 4766 	4703 	4764
f 4763 	4714 	3801
f 3797 	3801 	4714
f 4612 	4758 	4762
f 4703 	4696 	4764
f 4715 	4764 	4696
f 4765 	4773 	4763
f 4760 	4761 	4613
f 4612 	4760 	4613
f 4767 	4703 	4766
f 4619 	4761 	4400
f 4768 	5047 	4765
f 5070 	4769 	4766
f 4613 	4761 	4619
f 3802 	5047 	4768
f 5070 	5032 	4769
f 3803 	3802 	4768
f 3803 	4768 	4765
f 4766 	4769 	4770
f 4766 	4770 	4767
f 4703 	4767 	4909
f 4677 	4676 	4909
f 4767 	5032 	4910
f 4767 	4770 	5032
f 4911 	4910 	5032
f 4823 	4772 	4789
f 4909 	4685 	4677
f 4772 	4823 	4870
f 4759 	4772 	4870
f 4780 	4674 	4779
f 4778 	4674 	4776
f 4778 	4779 	4674
f 4775 	4776 	4674
f 4781 	4674 	4780
f 4774 	4790 	4674
f 4782 	4674 	4781
f 4783 	4674 	4782
f 4784 	4674 	4783
f 4874 	4674 	4784
f 4785 	4674 	4874
f 4786 	4674 	4785
f 4792 	4674 	4786
f 4631 	4672 	4787
f 4773 	4774 	4674
f 4771 	4788 	4777
f 4766 	4636 	5070
f 4788 	4771 	4789
f 3806 	4631 	4787
f 4772 	4791 	4789
f 4775 	3807 	4776
f 4775 	4674 	4790
f 5025 	5069 	4636
f 4775 	4790 	3808
f 4775 	3808 	3807
f 4788 	4789 	4791
f 4774 	4773 	3805
f 4759 	4634 	4772
f 4778 	4776 	3807
f 4782 	4781 	3809
f 4791 	4772 	4634
f 4780 	4779 	3810
f 3809 	4781 	4780
f 3809 	4780 	3810
f 3810 	4779 	4778
f 3810 	4778 	3807
f 4788 	4757 	4777
f 3809 	3811 	4782
f 4783 	4782 	3811
f 4757 	4788 	4622
f 4785 	3813 	4786
f 3812 	4786 	3813
f 4787 	4674 	4792
f 4792 	4786 	3812
f 4788 	4791 	4622
f 4648 	4795 	4652
f 4651 	4652 	4795
f 3032 	4795 	4648
f 4652 	4651 	3036
f 3085 	3087 	4793
f 3035 	4650 	3037
f 4794 	3089 	3088
f 3037 	4650 	4795
f 4650 	4651 	4795
f 3089 	4794 	4793
f 3089 	4793 	3087
f 3091 	4797 	4794
f 3091 	4794 	3088
f 1490 	4797 	3091
f 1486 	4797 	1485
f 4796 	4793 	4794
f 4799 	3040 	3039
f 4794 	4394 	4796
f 3038 	3041 	5297
f 1490 	1485 	4797
f 4797 	4394 	4794
f 4394 	4797 	4392
f 4798 	3040 	4799
f 3039 	3033 	4800
f 4800 	3033 	4649
f 4393 	4796 	4394
f 4800 	4799 	3039
f 4800 	4649 	4652
f 4799 	4800 	4652
f 4798 	4799 	4652
f 4796 	4802 	4793
f 348 	4903 	4816
f 4804 	4801 	4802
f 4807 	4801 	4804
f 246 	4816 	3048
f 4603 	4802 	4796
f 4603 	4796 	4393
f 4803 	4806 	4805
f 521 	3355 	4045
f 4806 	4803 	4807
f 4807 	4804 	4606
f 4810 	3043 	4811
f 4608 	4606 	4804
f 4603 	4804 	4802
f 4608 	4804 	4603
f 4806 	4593 	4805
f 4593 	4877 	4805
f 4599 	4593 	4806
f 4806 	4807 	4606
f 3041 	3049 	5297
f 4808 	4952 	3093
f 3092 	4808 	3093
f 4809 	3095 	3094
f 3043 	3044 	4811
f 3095 	4809 	4808
f 3095 	4808 	3092
f 3045 	4813 	3046
f 4815 	3044 	3047
f 4902 	3043 	4810
f 3045 	4812 	4813
f 3047 	4814 	4815
f 4814 	3047 	3046
f 4814 	3046 	4813
f 4812 	3045 	3048
f 4903 	4902 	4816
f 4816 	4810 	4811
f 4815 	4814 	4811
f 4813 	4811 	4814
f 4812 	4811 	4813
f 4816 	4811 	4812
f 4811 	3044 	4815
f 3048 	4816 	4812
f 4808 	4809 	4820
f 4820 	4809 	4793
f 3085 	4809 	3094
f 4793 	4809 	3085
f 5034 	4862 	4733
f 4733 	4862 	4856
f 4819 	4818 	4952
f 4819 	4801 	4821
f 4819 	4808 	4820
f 456 	4733 	460
f 4820 	4801 	4819
f 4802 	4820 	4793
f 4801 	4820 	4802
f 4733 	4866 	4865
f 4818 	4821 	4817
f 4848 	4850 	4733
f 4821 	4818 	4819
f 4821 	4803 	4817
f 4821 	4801 	4807
f 4803 	4821 	4807
f 5034 	4733 	5038
f 4899 	4803 	4805
f 4825 	4899 	4805
f 4733 	4946 	5038
f 448 	4733 	456
f 4822 	4823 	4827
f 4823 	4822 	4824
f 4859 	4733 	4856
f 4452 	4447 	4826
f 4826 	4447 	4830
f 4452 	4826 	3600
f 3591 	3600 	4826
f 4829 	3591 	4826
f 3603 	4829 	4828
f 4829 	3603 	3591
f 4834 	4830 	4470
f 37 	4755 	40
f 4749 	4755 	37
f 4833 	4756 	4750
f 4830 	4829 	4826
f 4751 	4833 	4750
f 4834 	4829 	4830
f 4828 	4829 	4834
f 4834 	4835 	4828
f 4841 	4833 	4751
f 4839 	4833 	4841
f 4831 	4832 	4844
f 4838 	4844 	4832
f 3592 	3603 	4828
f 4839 	4841 	4840
f 4831 	4842 	4835
f 4828 	4835 	4842
f 4842 	4831 	4844
f 4841 	4423 	4840
f 4409 	4841 	4751
f 3592 	4828 	4842
f 4841 	4409 	4423
f 1135 	3592 	4842
f 4837 	4843 	4836
f 4843 	4837 	4839
f 4843 	4839 	4840
f 4842 	4844 	1135
f 4844 	4838 	1138
f 4843 	4840 	4731
f 1135 	4844 	1138
f 4731 	4840 	4732
f 4732 	4840 	4423
f 4838 	4845 	1140
f 1140 	4845 	1136
f 4752 	4753 	4851
f 4728 	4834 	4470
f 4728 	4846 	4835
f 4835 	4834 	4728
f 4835 	4846 	4831
f 4434 	2715 	4433
f 4846 	4850 	4831
f 4848 	4832 	4850
f 4849 	4851 	4855
f 4832 	4831 	4850
f 4857 	4851 	4756
f 4848 	4900 	4832
f 4855 	4851 	4857
f 4858 	4901 	4900
f 4853 	4849 	4855
f 4444 	2733 	4443
f 4854 	4853 	4855
f 4855 	4837 	4854
f 4857 	4756 	4833
f 4857 	4837 	4855
f 4857 	4833 	4839
f 4837 	4857 	4839
f 4847 	4860 	4852
f 2666 	4341 	2667
f 4860 	4847 	4853
f 4341 	2666 	4342
f 4854 	4860 	4853
f 4852 	4860 	4863
f 4836 	4854 	4837
f 4864 	4860 	4854
f 4374 	2677 	2676
f 4848 	4858 	4900
f 4375 	2678 	4374
f 4836 	4864 	4854
f 2679 	4375 	4376
f 2679 	4376 	2680
f 2680 	4376 	2682
f 4380 	4381 	2685
f 2686 	2685 	4381
f 4866 	4861 	4904
f 4868 	4863 	4864
f 4408 	2687 	4381
f 2686 	4381 	2687
f 4867 	4863 	4868
f 4908 	4866 	4904
f 2687 	4408 	2688
f 4861 	4859 	4912
f 4864 	4836 	4947
f 4912 	4904 	4861
f 4859 	4856 	4914
f 4836 	4869 	4947
f 2688 	4408 	2689
f 4869 	4836 	4843
f 4912 	4859 	4914
f 4785 	4874 	3813
f 3814 	3813 	4874
f 4827 	4823 	4789
f 3534 	4876 	4871
f 3808 	4790 	4774
f 3808 	4774 	3805
f 4771 	4827 	4789
f 4824 	4870 	4823
f 4787 	4792 	3806
f 4870 	4824 	4825
f 3812 	3806 	4792
f 3811 	4784 	4783
f 3537 	4873 	4875
f 4877 	4825 	4805
f 4870 	4825 	4877
f 4874 	4784 	3814
f 3811 	3814 	4784
f 4877 	4759 	4870
f 4905 	4892 	4873
f 4875 	4873 	4892
f 4875 	4892 	4872
f 4875 	4872 	4871
f 4875 	4871 	4876
f 4875 	4876 	4878
f 4875 	4878 	4879
f 4879 	4878 	3538
f 3539 	3538 	4878
f 4818 	4951 	4952
f 4882 	4883 	4881
f 4883 	4884 	4881
f 4884 	4885 	4881
f 4885 	4894 	4881
f 4881 	4886 	4887
f 4881 	4887 	4888
f 4881 	4888 	4889
f 4881 	4889 	4890
f 4890 	4893 	4881
f 3538 	4875 	4879
f 4951 	4818 	4880
f 3822 	3815 	4881
f 3540 	3535 	4872
f 4872 	4892 	3540
f 3817 	4890 	4889
f 4891 	4906 	4893
f 3824 	5009 	3816
f 4905 	3536 	3542
f 4893 	4890 	3816
f 3817 	3816 	4890
f 4886 	3817 	4887
f 4817 	4880 	4818
f 4897 	4886 	4894
f 3817 	4889 	4888
f 822 	4895 	693
f 4888 	4887 	3817
f 3543 	5289 	3568
f 3819 	4894 	4885
f 4881 	4894 	4886
f 4949 	4895 	4896
f 4843 	4731 	4869
f 4953 	4880 	4898
f 4897 	3818 	4886
f 3817 	4886 	3818
f 4902 	3051 	3050
f 4898 	4880 	4817
f 4897 	4894 	3818
f 3819 	3818 	4894
f 4895 	4898 	4896
f 4884 	4883 	3820
f 4882 	3821 	4883
f 3820 	4883 	3821
f 470 	4914 	4856
f 4882 	4881 	3815
f 4882 	3815 	3821
f 4745 	4869 	4731
f 4885 	4884 	3819
f 3820 	3819 	4884
f 5374 	5354 	3514
f 4858 	4865 	4901
f 4908 	4901 	4865
f 4905 	3542 	3747
f 3050 	3043 	4902
f 4893 	3816 	4891
f 3051 	4902 	4903
f 4865 	4866 	4908
f 3536 	4905 	4873
f 4810 	4816 	4902
f 4892 	4905 	4199
f 4200 	4199 	4905
f 5012 	5025 	4636
f 3747 	4200 	4905
f 4903 	348 	3051
f 4891 	3816 	5009
f 3826 	3805 	4773
f 349 	5111 	5117
f 4891 	5009 	4906
f 349 	5117 	3062
f 4914 	470 	1595
f 4913 	3547 	3546
f 4881 	4893 	4906
f 4907 	4881 	4906
f 3822 	4881 	4907
f 4832 	4900 	4838
f 4900 	4901 	4845
f 3823 	3822 	4907
f 3823 	4907 	4906
f 4838 	4900 	4845
f 5031 	3054 	3053
f 5031 	3053 	5109
f 3055 	3054 	5110
f 1143 	4845 	4901
f 3546 	4915 	4913
f 5113 	5114 	3059
f 5110 	3054 	5031
f 4901 	4908 	1143
f 5113 	3059 	3058
f 4908 	4904 	1144
f 4206 	3748 	3547
f 4909 	4767 	4910
f 1143 	4908 	1144
f 1145 	4904 	4912
f 4915 	5030 	4913
f 1142 	1145 	4912
f 4913 	4206 	3547
f 4914 	1595 	1142
f 4912 	4914 	1142
f 1136 	4845 	1143
f 4917 	4916 	4924
f 4924 	4925 	4917
f 4916 	4359 	4924
f 4920 	4359 	4916
f 4920 	4919 	4357
f 4359 	4920 	4357
f 4919 	4456 	4361
f 4357 	4919 	4361
f 4456 	4283 	4361
f 3552 	3551 	5015
f 4918 	4917 	4925
f 4923 	4918 	4925
f 4386 	4923 	4925
f 4358 	4925 	4924
f 4419 	4420 	2698
f 4358 	4386 	4925
f 4358 	4924 	4362
f 4362 	4924 	4359
f 4733 	4920 	4916
f 4922 	4928 	4927
f 4927 	4918 	4923
f 4923 	4922 	4927
f 448 	449 	4733
f 460 	4929 	482
f 4929 	483 	482
f 483 	4929 	4932
f 4932 	4931 	4939
f 4939 	483 	4932
f 4930 	4944 	4931
f 4928 	4921 	4926
f 4928 	4922 	4921
f 4935 	4934 	4926
f 4935 	4937 	4936
f 4921 	4935 	4926
f 4937 	4935 	4921
f 4922 	4382 	4921
f 4937 	4921 	4382
f 4922 	4923 	4385
f 4922 	4385 	4382
f 4923 	4386 	4385
f 4938 	4940 	4941
f 4938 	4936 	2553
f 2553 	2548 	4938
f 1803 	4936 	4937
f 4384 	4937 	4382
f 4384 	1803 	4937
f 4931 	4944 	4939
f 4930 	4940 	4944
f 4940 	4930 	4933
f 4940 	4933 	4941
f 4941 	4933 	4934
f 4935 	4941 	4934
f 4939 	4942 	483
f 487 	483 	4942
f 4939 	4943 	4942
f 4943 	4939 	4944
f 4944 	4940 	4945
f 4943 	4944 	4945
f 4945 	4940 	4938
f 4936 	4941 	4935
f 4936 	4938 	4941
f 2550 	4942 	4943
f 2550 	2559 	4942
f 2551 	4943 	4945
f 2550 	4943 	2551
f 2551 	4945 	2548
f 2548 	4945 	4938
f 4946 	4733 	449
f 4420 	4378 	2699
f 4746 	4869 	4745
f 4864 	4947 	4868
f 4748 	4868 	4947
f 4748 	4947 	4746
f 2702 	4422 	4424
f 4869 	4746 	4947
f 2704 	4425 	4426
f 4426 	4427 	2706
f 4898 	4817 	4899
f 4373 	2673 	4427
f 4896 	4898 	4899
f 2707 	4424 	4429
f 4899 	4817 	4803
f 2707 	4429 	2708
f 4431 	2709 	4430
f 693 	4949 	695
f 2711 	2710 	4432
f 4949 	693 	4895
f 2709 	4431 	2710
f 4433 	2712 	4432
f 695 	4949 	4822
f 4824 	4949 	4896
f 4822 	4949 	4824
f 2713 	4433 	2715
f 4896 	4899 	4825
f 4824 	4896 	4825
f 4435 	2717 	4434
f 3099 	4950 	823
f 3099 	823 	817
f 3098 	4950 	3099
f 3101 	4951 	3102
f 2704 	4437 	4425
f 3102 	4951 	4950
f 3102 	4950 	3098
f 3103 	4952 	3104
f 3104 	4952 	4951
f 3104 	4951 	3101
f 2725 	2724 	4440
f 3103 	3093 	4952
f 4953 	823 	4950
f 4440 	2724 	4439
f 2723 	4439 	2724
f 823 	4953 	822
f 4441 	2727 	4440
f 4880 	4950 	4951
f 4880 	4953 	4950
f 2728 	4441 	2729
f 4442 	2729 	4441
f 4819 	4952 	4808
f 4895 	822 	4953
f 4895 	4953 	4898
f 2735 	2734 	4479
f 4481 	2738 	4480
f 4482 	4422 	2702
f 2668 	4343 	2669
f 3010 	4956 	2988
f 2670 	2669 	4344
f 2988 	4956 	3655
f 2672 	2671 	4371
f 4956 	3010 	4958
f 2670 	4344 	2671
f 3655 	4956 	4955
f 4956 	4957 	4955
f 4371 	2698 	2672
f 4958 	3346 	4954
f 4373 	2676 	2673
f 4956 	4958 	4957
f 4375 	2679 	2678
f 2677 	4374 	2678
f 4958 	4954 	4959
f 4957 	4958 	4959
f 4954 	4960 	4959
f 4961 	4954 	3347
f 4342 	2666 	2681
f 4342 	2681 	2682
f 2699 	4378 	2683
f 4379 	2684 	4378
f 2689 	4410 	2690
f 4410 	2689 	4408
f 2692 	2691 	4411
f 4411 	2691 	4410
f 2690 	4410 	2691
f 4960 	4961 	4963
f 2692 	4411 	2693
f 4959 	4960 	4970
f 2694 	4412 	2695
f 4416 	2696 	4413
f 4416 	4417 	2696
f 2697 	2696 	4417
f 4417 	4421 	2697
f 2698 	4371 	4419
f 3318 	4961 	3347
f 2699 	2698 	4420
f 3321 	4964 	3318
f 4964 	4961 	3318
f 4424 	2703 	2702
f 4964 	3321 	4962
f 4960 	4954 	4961
f 2705 	2704 	4426
f 4426 	2706 	2705
f 2706 	4427 	2673
f 4961 	4964 	4963
f 2703 	4424 	2707
f 4964 	4962 	4965
f 2708 	4430 	2709
f 4963 	4964 	4965
f 4962 	5577 	4966
f 4432 	2710 	4431
f 4965 	4962 	4966
f 2711 	4432 	2712
f 2713 	2712 	4433
f 4434 	2716 	2715
f 2718 	2717 	4435
f 2716 	4434 	2717
f 4436 	2720 	4435
f 2721 	2720 	4437
f 2721 	4437 	2704
f 4421 	4438 	2700
f 3662 	4955 	4968
f 2725 	4440 	2727
f 2728 	2727 	4441
f 3662 	4968 	4967
f 4957 	4969 	4955
f 4955 	4969 	4968
f 4443 	2731 	2730
f 2729 	4442 	2730
f 4957 	4972 	4969
f 4959 	4972 	4957
f 2731 	4443 	2733
f 2734 	2733 	4444
f 4444 	4479 	2734
f 4960 	4963 	4985
f 4480 	2737 	2736
f 4960 	4985 	4970
f 2735 	4479 	2736
f 2737 	4480 	2738
f 4963 	4978 	4985
f 2738 	4481 	2739
f 2739 	4481 	2740
f 4482 	2740 	4481
f 2740 	4482 	2702
f 4427 	4439 	4373
f 4373 	4439 	4374
f 4344 	4343 	4421
f 4374 	4421 	4375
f 4343 	4341 	4421
f 4341 	4342 	4421
f 4342 	4376 	4421
f 4375 	4421 	4376
f 4379 	4378 	4421
f 4379 	4421 	4417
f 4379 	4417 	4416
f 4379 	4416 	4413
f 4379 	4413 	4412
f 4379 	4412 	4411
f 4379 	4411 	4410
f 4379 	4410 	4408
f 4379 	4408 	4381
f 4379 	4381 	4380
f 4429 	4424 	4425
f 4426 	4425 	4424
f 4427 	4426 	4424
f 4427 	4424 	4422
f 4422 	4482 	4427
f 4421 	4374 	4438
f 4378 	4420 	4421
f 4420 	4419 	4421
f 4419 	4371 	4421
f 4371 	4344 	4421
f 4430 	4425 	4431
f 4429 	4425 	4430
f 4431 	4425 	4432
f 4437 	4434 	4425
f 4432 	4425 	4433
f 4436 	4434 	4437
f 4435 	4434 	4436
f 4433 	4425 	4434
f 4959 	4970 	4972
f 4481 	4427 	4482
f 4480 	4427 	4481
f 4479 	4427 	4480
f 4444 	4427 	4479
f 4443 	4427 	4444
f 4442 	4427 	4443
f 4441 	4427 	4442
f 4440 	4427 	4441
f 4439 	4427 	4440
f 4438 	4374 	4439
f 3849 	3848 	4974
f 5260 	4975 	4976
f 4975 	4977 	4981
f 4977 	4975 	2741
f 6102 	5982 	4983
f 4984 	6102 	4983
f 4986 	6102 	4984
f 4987 	6102 	4986
f 4988 	6102 	4987
f 4989 	6102 	4988
f 4990 	6102 	4989
f 4997 	2611 	4996
f 4998 	2611 	4997
f 4995 	4996 	2611
f 2611 	4998 	4999
f 5001 	5991 	5000
f 5003 	4982 	5983
f 4983 	5982 	4982
f 5003 	5990 	5002
f 5004 	5005 	2611
f 4980 	2611 	5005
f 5019 	3561 	3549
f 4909 	5012 	5006
f 5006 	5012 	5007
f 5016 	5017 	3552
f 3549 	3554 	5014
f 5007 	5010 	5008
f 5112 	3055 	5110
f 3555 	5014 	3554
f 5008 	5043 	5007
f 5247 	4683 	5248
f 5019 	3549 	5014
f 4685 	4909 	5006
f 5011 	5012 	5131
f 5010 	5011 	5131
f 3555 	3552 	5017
f 5012 	5011 	5007
f 5140 	5039 	5141
f 5016 	3552 	5015
f 3837 	5120 	3825
f 5008 	5021 	5141
f 5011 	5010 	5007
f 5017 	5016 	4915
f 5018 	5014 	4915
f 5019 	5014 	5018
f 5017 	4915 	5014
f 5013 	5009 	3824
f 5015 	4915 	5016
f 3825 	5013 	3824
f 5120 	5121 	4906
f 5014 	3555 	5017
f 5010 	5131 	5021
f 3825 	5120 	5020
f 5021 	5008 	5010
f 3825 	5020 	5013
f 5015 	3551 	5029
f 5023 	5024 	5047
f 4765 	5047 	5024
f 4674 	4707 	4773
f 5024 	4773 	4765
f 3551 	3557 	5029
f 5067 	5068 	5027
f 5028 	5066 	5027
f 5026 	5069 	5025
f 4909 	4910 	5025
f 5026 	5025 	4910
f 3546 	3561 	5018
f 3826 	4773 	5024
f 5025 	5012 	4909
f 5027 	5026 	4910
f 5024 	5023 	3826
f 3827 	3826 	5023
f 5018 	4915 	3546
f 3561 	5019 	5018
f 5115 	3058 	3062
f 5015 	5029 	4915
f 5030 	4915 	5029
f 4212 	4913 	5030
f 5114 	3060 	3059
f 3557 	3563 	5029
f 3563 	4212 	5030
f 5030 	5029 	3563
f 5028 	5027 	4911
f 4910 	4911 	5027
f 3827 	5023 	5022
f 4911 	5059 	5028
f 5022 	5058 	3827
f 1703 	5635 	1700
f 4770 	4769 	5032
f 4862 	470 	4856
f 5032 	5068 	5033
f 470 	4862 	471
f 4911 	5035 	5059
f 5060 	5059 	5035
f 5061 	5060 	5035
f 5036 	5062 	5035
f 471 	4862 	5034
f 476 	471 	5034
f 5033 	5066 	5037
f 5037 	5036 	5033
f 5035 	5032 	5036
f 5033 	5036 	5032
f 4911 	5032 	5035
f 5034 	5038 	476
f 5038 	4946 	474
f 5038 	474 	476
f 4946 	449 	479
f 5046 	5136 	5044
f 479 	474 	4946
f 466 	479 	449
f 4690 	5303 	3509
f 5008 	5039 	5042
f 5008 	5042 	5041
f 5008 	5041 	5040
f 5008 	5040 	5046
f 5008 	5046 	5044
f 5045 	5008 	5044
f 5161 	5006 	5043
f 5043 	5008 	5045
f 5080 	5072 	3569
f 3572 	5071 	5073
f 5048 	5049 	5052
f 5049 	5050 	5052
f 5051 	5052 	5050
f 5047 	5048 	5052
f 5076 	5052 	5051
f 5047 	5052 	5053
f 5047 	5053 	5054
f 5047 	5054 	5055
f 5056 	5057 	5047
f 5057 	5058 	5047
f 5058 	5022 	5047
f 5022 	5023 	5047
f 5055 	5056 	5047
f 5061 	5062 	5065
f 5062 	5063 	5065
f 5060 	5061 	5065
f 5064 	5065 	5063
f 5059 	5060 	5065
f 5028 	5059 	5065
f 5065 	5077 	5028
f 5067 	5027 	5066
f 5068 	5069 	5027
f 5070 	4636 	5069
f 5027 	5069 	5026
f 5072 	3574 	3569
f 3802 	3828 	5047
f 5048 	5047 	3828
f 5048 	3828 	3829
f 5070 	5069 	5032
f 5050 	5049 	3830
f 3829 	3830 	5049
f 5033 	5068 	5067
f 5049 	5048 	3829
f 3572 	3574 	5071
f 5032 	5069 	5068
f 5051 	5050 	3830
f 5051 	3830 	3831
f 5067 	5066 	5033
f 3832 	3827 	5058
f 3832 	5058 	5057
f 5057 	5056 	3832
f 3833 	3832 	5056
f 5071 	5086 	5073
f 5072 	5086 	5071
f 3833 	5056 	5055
f 5061 	5035 	5062
f 3834 	3833 	5055
f 3834 	5055 	5054
f 3574 	5072 	5071
f 5063 	5062 	5036
f 5054 	5053 	3834
f 3835 	3834 	5053
f 5036 	5064 	5063
f 5052 	3836 	3835
f 5052 	3835 	5053
f 5036 	5065 	5064
f 5075 	5052 	5076
f 5078 	5028 	5077
f 5066 	5028 	5078
f 5052 	5075 	3836
f 5036 	5037 	5065
f 5077 	5065 	5037
f 5076 	5051 	3831
f 3568 	5289 	3579
f 3579 	5074 	5081
f 5080 	3576 	5083
f 5793 	5079 	5788
f 3576 	3579 	5083
f 5788 	5079 	5792
f 4757 	5079 	5795
f 5079 	5794 	5796
f 5083 	3579 	5081
f 5795 	5079 	5796
f 4622 	5079 	4757
f 4625 	5079 	4626
f 4628 	5079 	4627
f 4627 	5079 	4630
f 4629 	5079 	4628
f 5080 	3569 	3576
f 4626 	5079 	4629
f 4241 	5079 	4625
f 5074 	5082 	5081
f 4179 	5079 	4180
f 4192 	5079 	4188
f 5082 	5072 	5081
f 5083 	5081 	5072
f 5083 	5072 	5080
f 4188 	5079 	4241
f 4240 	5079 	4192
f 4180 	5079 	4240
f 5281 	4231 	5085
f 5079 	4179 	4185
f 4231 	5086 	5085
f 5085 	5086 	5084
f 4124 	5079 	4185
f 4968 	5079 	4967
f 5084 	5082 	5074
f 4126 	5079 	4117
f 5082 	5086 	5072
f 4234 	4225 	5086
f 5086 	5082 	5084
f 4117 	5079 	4124
f 4120 	5079 	4119
f 4119 	5079 	4126
f 4967 	5079 	4120
f 4969 	5079 	4968
f 5278 	5074 	3579
f 5084 	5074 	5280
f 5281 	5085 	5084
f 4972 	5079 	4969
f 4970 	5079 	4972
f 5094 	5079 	4971
f 5079 	4970 	4985
f 4971 	5079 	4978
f 4978 	5079 	4985
f 5444 	5079 	5096
f 5096 	5079 	5099
f 5447 	5079 	5444
f 5439 	5079 	5447
f 5575 	5079 	5439
f 5799 	5079 	5575
f 4868 	4743 	4867
f 4742 	4867 	4743
f 5079 	5787 	5792
f 4748 	4743 	4868
f 5794 	5079 	5793
f 4948 	5088 	5091
f 5105 	5091 	5090
f 5088 	5090 	5091
f 5092 	4948 	5091
f 5092 	5093 	5089
f 4948 	5092 	5089
f 5089 	5093 	5087
f 5093 	5095 	5087
f 5087 	5095 	4742
f 5095 	5103 	4867
f 4742 	5095 	4867
f 5099 	5079 	5094
f 5098 	5097 	5100
f 5100 	4852 	5103
f 5098 	5100 	5103
f 4860 	4864 	4863
f 5098 	5095 	5093
f 5103 	4852 	4863
f 5098 	5103 	5095
f 4867 	5103 	4863
f 4965 	4978 	4963
f 4965 	4971 	4978
f 4966 	5577 	5101
f 4965 	4966 	4971
f 5104 	5194 	5097
f 5101 	5094 	4966
f 4966 	5094 	4971
f 5106 	5104 	5116
f 5104 	5108 	5116
f 5102 	5107 	5096
f 5108 	5104 	5097
f 5098 	5108 	5097
f 5111 	3055 	5112
f 5111 	3056 	3055
f 5090 	6562 	5105
f 3058 	5115 	5113
f 5106 	5116 	5105
f 5112 	5115 	5111
f 5115 	5117 	5111
f 5091 	5105 	5116
f 5092 	5116 	5108
f 5115 	5112 	5110
f 5115 	5110 	5031
f 5115 	5031 	5109
f 5114 	5115 	5109
f 5113 	5115 	5114
f 5091 	5116 	5092
f 3053 	5114 	5109
f 3053 	3060 	5114
f 5098 	5093 	5108
f 5092 	5108 	5093
f 3062 	5117 	5115
f 2396 	5164 	2405
f 2397 	5118 	2396
f 5119 	2399 	2398
f 2399 	5119 	5118
f 2399 	5118 	2397
f 5078 	5037 	5066
f 3831 	3836 	5076
f 5075 	5076 	3836
f 4754 	2400 	38
f 5037 	5078 	5077
f 2398 	2400 	5119
f 5118 	5119 	4752
f 5122 	4906 	5121
f 5123 	4906 	5122
f 5020 	5120 	4906
f 5124 	5143 	4906
f 5126 	4906 	5125
f 5127 	4906 	5126
f 5128 	4906 	5127
f 5149 	4906 	5128
f 5129 	4906 	5149
f 5130 	4906 	5129
f 5118 	4752 	5148
f 4752 	5119 	4753
f 5136 	5146 	5133
f 5150 	5133 	5132
f 5134 	5135 	5133
f 5135 	5136 	5133
f 5132 	5133 	5146
f 5146 	5145 	5132
f 5145 	5137 	5132
f 5138 	5131 	5137
f 5139 	5131 	5138
f 5140 	5131 	5139
f 5141 	5131 	5140
f 2400 	4754 	5119
f 5121 	5120 	3837
f 4753 	5119 	4754
f 5008 	5141 	5039
f 5124 	4906 	5123
f 5141 	5021 	5131
f 3837 	5124 	5123
f 5040 	5041 	5137
f 5138 	5137 	5041
f 5144 	4906 	5143
f 5125 	4906 	5144
f 5131 	5132 	5137
f 5164 	2396 	5118
f 5143 	5124 	4093
f 3837 	4093 	5124
f 5040 	5137 	5145
f 5122 	5121 	3837
f 5139 	5042 	5140
f 5039 	5140 	5042
f 5129 	5149 	4095
f 5043 	5045 	5132
f 4095 	4094 	5129
f 5130 	5129 	4094
f 5131 	5043 	5132
f 4096 	4095 	5128
f 4096 	5128 	5127
f 5134 	5133 	5044
f 5148 	5142 	5118
f 5150 	5132 	5045
f 4095 	5149 	5128
f 5133 	5150 	5045
f 5133 	5045 	5044
f 5127 	5126 	4096
f 4097 	4096 	5126
f 5044 	5135 	5134
f 5146 	5136 	5046
f 5125 	5144 	4097
f 4093 	4097 	5144
f 5126 	5125 	4097
f 5152 	5142 	5148
f 5135 	5044 	5136
f 5040 	5146 	5046
f 5144 	5143 	4093
f 5145 	5146 	5040
f 5148 	4849 	5152
f 5123 	5122 	3837
f 5041 	5042 	5138
f 5139 	5138 	5042
f 1094 	5933 	5247
f 5013 	5020 	4906
f 4849 	5148 	4851
f 4099 	5155 	4094
f 5161 	5043 	5131
f 5148 	4752 	4851
f 5006 	5007 	5043
f 4686 	5303 	4687
f 3512 	3509 	5303
f 5151 	4847 	5153
f 4685 	5248 	4683
f 5248 	4685 	5006
f 5147 	5154 	5151
f 5154 	5147 	5152
f 5155 	4906 	5130
f 5009 	5013 	4906
f 4849 	5154 	5152
f 5154 	4847 	5151
f 5130 	4094 	5155
f 5154 	4853 	4847
f 5154 	4849 	4853
f 4852 	5153 	4847
f 4852 	5100 	5153
f 5156 	5317 	5155
f 4906 	5155 	5177
f 2401 	5157 	2402
f 5240 	5329 	5159
f 2404 	5160 	5157
f 2404 	5157 	2401
f 2403 	5160 	2404
f 5156 	5155 	4099
f 5156 	4099 	4098
f 5161 	5159 	5158
f 5161 	5158 	5162
f 2406 	5160 	2403
f 5131 	5012 	5159
f 5131 	5159 	5161
f 5162 	5299 	5161
f 5241 	5006 	5161
f 5157 	5160 	5169
f 5160 	5142 	5169
f 5164 	2406 	2405
f 5006 	5241 	5248
f 2406 	5164 	5160
f 1710 	5316 	4686
f 5312 	4686 	5309
f 5164 	5142 	5160
f 5142 	5164 	5118
f 5317 	5156 	4098
f 5312 	5314 	4686
f 45 	5165 	5166
f 45 	5166 	5167
f 2757 	45 	5170
f 5223 	5225 	2757
f 5167 	5170 	45
f 51 	4100 	5165
f 51 	5165 	45
f 5166 	5165 	4100
f 5166 	4100 	4102
f 5163 	5147 	5168
f 4102 	5167 	5166
f 5170 	5227 	2757
f 5157 	5169 	5163
f 4102 	5170 	5167
f 5169 	5147 	5163
f 5169 	5142 	5152
f 5173 	5176 	5172
f 5174 	5175 	5173
f 5175 	5176 	5173
f 5171 	5172 	5176
f 5198 	5176 	5155
f 5147 	5169 	5152
f 4636 	5187 	5012
f 5151 	5168 	5147
f 4103 	4906 	5177
f 5175 	5178 	5179
f 5179 	5176 	5175
f 4636 	4667 	5184
f 5182 	5183 	5194
f 5186 	5187 	5185
f 5184 	5185 	5187
f 5183 	5180 	5401
f 5194 	5183 	5401
f 5184 	5187 	4636
f 5153 	5180 	5151
f 5401 	5180 	5153
f 5190 	5191 	5189
f 5188 	5189 	5191
f 5191 	5203 	5198
f 5176 	5198 	5193
f 5192 	5193 	5198
f 5177 	5155 	5176
f 5106 	5181 	5104
f 5182 	5194 	5181
f 5159 	5012 	5239
f 5239 	5012 	5187
f 5195 	4980 	5005
f 5196 	4980 	5195
f 4980 	4977 	2611
f 4981 	4977 	4980
f 5198 	5199 	5191
f 5188 	5191 	5199
f 5197 	5188 	5199
f 4990 	4991 	6102
f 4991 	4992 	6102
f 4994 	2611 	4993
f 4995 	2611 	4994
f 4999 	5004 	2611
f 5002 	5991 	5001
f 4980 	5200 	5201
f 4980 	5201 	4981
f 5200 	4976 	5201
f 4975 	5201 	4976
f 4975 	4981 	5201
f 5206 	5198 	5203
f 5186 	5245 	5246
f 5992 	5995 	5000
f 2788 	5243 	2762
f 5196 	5204 	5200
f 5196 	5200 	4980
f 5245 	5186 	5185
f 5204 	4979 	5200
f 4976 	5200 	4979
f 5193 	5171 	5176
f 5192 	5198 	5206
f 5246 	5239 	5187
f 5246 	5187 	5186
f 4906 	4103 	3823
f 4103 	5177 	5176
f 4103 	5176 	5179
f 4105 	5175 	5174
f 5178 	5175 	4104
f 4105 	4104 	5175
f 4104 	4103 	5179
f 5178 	4104 	5179
f 5172 	4106 	5173
f 4105 	5173 	4106
f 5171 	4106 	5172
f 5173 	4105 	5174
f 5223 	2757 	5222
f 4109 	5223 	5222
f 4109 	5222 	4110
f 4109 	4108 	5225
f 4109 	5225 	5223
f 5220 	2757 	5225
f 4108 	4107 	5220
f 4108 	5220 	5225
f 5228 	2757 	5227
f 4112 	5228 	5227
f 4112 	5227 	4113
f 2757 	5228 	5229
f 4112 	4111 	5229
f 4112 	5229 	5228
f 5222 	2757 	5229
f 4111 	4110 	5222
f 4111 	5222 	5229
f 4102 	4113 	5170
f 5227 	5170 	4113
f 5188 	4141 	5189
f 4147 	4140 	5198
f 4141 	5188 	4142
f 5197 	4142 	5188
f 4140 	4142 	5199
f 5197 	5199 	4142
f 5190 	5189 	4141
f 5190 	4141 	5191
f 4143 	5191 	4141
f 4143 	5203 	5191
f 5198 	4140 	5199
f 4143 	5206 	5203
f 5192 	4143 	5193
f 4143 	4106 	5193
f 5171 	5193 	4106
f 5192 	5206 	4143
f 5236 	2757 	5220
f 5236 	5237 	2757
f 5236 	5220 	4145
f 4107 	4145 	5220
f 2757 	5237 	271
f 5237 	4144 	3506
f 5237 	3506 	271
f 4145 	4144 	5237
f 4145 	5237 	5236
f 5198 	5155 	5238
f 5321 	5155 	5317
f 5238 	5155 	5334
f 5342 	5324 	5240
f 5239 	5240 	5159
f 5240 	5239 	5241
f 5240 	5241 	5242
f 4147 	5198 	5238
f 5239 	5246 	5241
f 4147 	5238 	5334
f 5184 	2762 	5243
f 5184 	5243 	5185
f 5244 	5185 	5243
f 5231 	5002 	5230
f 5002 	5231 	5232
f 5244 	5241 	5246
f 5244 	5246 	5245
f 5185 	5244 	5245
f 5241 	5161 	5242
f 2788 	1094 	5247
f 5243 	2788 	5247
f 2963 	5247 	5933
f 5244 	5243 	5248
f 5247 	5248 	5243
f 5244 	5248 	5241
f 1710 	1089 	5316
f 4982 	5205 	5207
f 4988 	4987 	5211
f 3061 	5297 	3049
f 4988 	5211 	4989
f 5212 	4989 	5211
f 4989 	5212 	5213
f 684 	690 	5275
f 5001 	5000 	5230
f 5001 	5230 	5002
f 5234 	5004 	5233
f 5196 	5235 	5204
f 4982 	5207 	4983
f 5208 	4984 	5207
f 4983 	5207 	4984
f 4984 	5208 	4986
f 5208 	5209 	4986
f 5210 	4987 	4986
f 5210 	4986 	5209
f 3303 	3304 	4050
f 5210 	5211 	4987
f 5213 	4990 	4989
f 3064 	659 	5251
f 4991 	5215 	4992
f 5214 	4992 	5215
f 5216 	4993 	4992
f 5216 	4992 	5214
f 4993 	5216 	4994
f 5217 	4994 	5216
f 4994 	5217 	4995
f 5218 	4995 	5217
f 5219 	4996 	4995
f 5219 	4995 	5218
f 5221 	4997 	4996
f 5221 	4996 	5219
f 4997 	5221 	4998
f 5224 	4998 	5221
f 4998 	5224 	4999
f 5226 	4999 	5224
f 5251 	5287 	5250
f 659 	5287 	5251
f 3064 	5251 	5250
f 5226 	5004 	4999
f 4991 	5213 	5215
f 4990 	5213 	4991
f 5202 	5230 	5000
f 5232 	5003 	5002
f 4982 	5003 	5205
f 5232 	5205 	5003
f 5226 	5233 	5004
f 5234 	5005 	5004
f 5235 	5195 	5005
f 5234 	5235 	5005
f 5195 	5235 	5196
f 5257 	5254 	5256
f 5255 	5256 	5254
f 4974 	5256 	5258
f 5259 	5262 	5258
f 3064 	5250 	3065
f 3878 	5256 	3877
f 5255 	3877 	5256
f 3877 	5255 	5254
f 3878 	3880 	5256
f 5258 	5256 	3880
f 5270 	5266 	3066
f 3880 	3882 	5258
f 5259 	5258 	3882
f 5262 	5259 	3882
f 4993 	2611 	4992
f 2611 	6102 	4992
f 5260 	4976 	5261
f 4979 	5261 	4976
f 4973 	5257 	4974
f 5257 	5256 	4974
f 5262 	5263 	5258
f 5270 	3065 	5264
f 5262 	3891 	5263
f 3891 	5262 	3882
f 3066 	3065 	5270
f 5631 	5263 	3893
f 5265 	5264 	3065
f 5263 	4974 	5258
f 5265 	3065 	5252
f 5252 	5250 	5287
f 5252 	5287 	5265
f 5270 	5264 	5287
f 5265 	5287 	5264
f 5250 	5252 	3065
f 5271 	5210 	5272
f 5253 	3066 	5266
f 5209 	5208 	5273
f 5274 	5273 	5208
f 5477 	5476 	5205
f 5476 	5475 	5205
f 5084 	5280 	5281
f 5276 	5286 	5275
f 5280 	5074 	5278
f 5279 	5286 	5276
f 5280 	5278 	5282
f 5283 	5281 	5280
f 5284 	5281 	5283
f 5283 	5280 	5282
f 5284 	5283 	5361
f 5282 	5361 	5283
f 5279 	5253 	5285
f 5266 	5285 	5253
f 5275 	5286 	5287
f 5279 	5285 	5286
f 5285 	5266 	5286
f 5287 	5286 	5266
f 5266 	5270 	5287
f 5290 	5297 	5253
f 5297 	3061 	3066
f 5290 	5253 	5279
f 5279 	5276 	5291
f 5297 	3066 	5253
f 776 	2790 	773
f 5275 	690 	5292
f 5292 	690 	5295
f 5279 	5291 	5290
f 5290 	5291 	5293
f 5294 	5293 	5291
f 5276 	5275 	5292
f 5291 	5276 	5292
f 5294 	5291 	5292
f 5295 	5363 	5294
f 5295 	5294 	5292
f 5290 	5293 	5352
f 1394 	5357 	5363
f 5309 	4686 	5249
f 5316 	5315 	4686
f 5296 	5299 	5328
f 5329 	5328 	5299
f 5297 	5301 	5383
f 5298 	5300 	5302
f 5302 	5307 	5298
f 5296 	5298 	5307
f 5307 	5308 	5296
f 5158 	5329 	5162
f 5299 	5162 	5329
f 5249 	4164 	5309
f 5305 	5337 	5242
f 5161 	5299 	5242
f 5308 	5306 	5296
f 5305 	5242 	5296
f 5299 	5296 	5242
f 5306 	5305 	5296
f 4162 	5314 	5312
f 5314 	5313 	4686
f 5313 	5311 	4686
f 5311 	5310 	4686
f 5303 	4686 	5310
f 5304 	5303 	5310
f 2607 	5347 	1089
f 5347 	5315 	5316
f 5315 	5249 	4686
f 5330 	5321 	5320
f 5319 	5320 	5321
f 5318 	5319 	5321
f 5322 	5155 	5321
f 5335 	5155 	5323
f 5323 	5155 	5322
f 5325 	5240 	5324
f 5325 	5331 	5240
f 5327 	5240 	5326
f 5328 	5240 	5327
f 5329 	5240 	5328
f 5158 	5159 	5329
f 5296 	5328 	5327
f 5326 	5298 	5327
f 5296 	5327 	5298
f 5318 	5317 	4149
f 5331 	5300 	5326
f 5307 	5302 	5342
f 5302 	5300 	5324
f 5325 	5324 	5300
f 5317 	5318 	5321
f 5326 	5240 	5331
f 5331 	5325 	5300
f 5298 	5326 	5300
f 5317 	4098 	4149
f 5303 	4152 	3512
f 4153 	5304 	4158
f 5334 	5155 	5333
f 5333 	5155 	5332
f 5336 	5155 	5335
f 5343 	5155 	5336
f 5332 	5155 	5343
f 5240 	5337 	5338
f 5240 	5338 	5339
f 5339 	5344 	5240
f 5240 	5340 	5341
f 5240 	5341 	5342
f 5337 	5240 	5242
f 5306 	5308 	5339
f 5324 	5342 	5302
f 5305 	5306 	5337
f 5338 	5337 	5306
f 5338 	5306 	5339
f 4157 	5336 	5335
f 5341 	5340 	5307
f 5340 	5240 	5344
f 5339 	5308 	5344
f 5340 	5344 	5308
f 5340 	5308 	5307
f 5335 	5323 	4157
f 5342 	5341 	5307
f 5311 	4159 	5310
f 5309 	4163 	5312
f 5319 	5318 	4148
f 4149 	4148 	5318
f 5319 	4148 	5320
f 4151 	5330 	4148
f 5320 	4148 	5330
f 4150 	5323 	5322
f 5321 	4150 	5322
f 5330 	4151 	5321
f 4150 	5321 	4151
f 3513 	3512 	4152
f 4152 	5303 	4153
f 5304 	4153 	5303
f 5310 	4158 	5304
f 5315 	4165 	5249
f 5309 	4164 	4163
f 4154 	4147 	5334
f 4155 	4154 	5334
f 4155 	5334 	5333
f 5332 	4156 	4155
f 5332 	4155 	5333
f 5336 	4157 	4156
f 5332 	5343 	4156
f 4156 	5343 	5336
f 5323 	4150 	4157
f 4158 	5310 	4159
f 4162 	5312 	4163
f 5314 	4161 	5313
f 4160 	5313 	4161
f 5314 	4162 	4161
f 4159 	5311 	4160
f 5313 	4160 	5311
f 5316 	1089 	5347
f 4164 	5249 	4165
f 5346 	5348 	2607
f 5347 	2607 	5348
f 3508 	4175 	5345
f 5346 	5345 	4175
f 5347 	5348 	4165
f 4165 	5315 	5347
f 4175 	4165 	5348
f 5345 	5346 	2607
f 5345 	273 	3508
f 5348 	5346 	4175
f 5350 	5301 	5297
f 5351 	5289 	5288
f 5353 	5351 	5288
f 5278 	3579 	5289
f 5290 	5352 	5297
f 5289 	5349 	5278
f 5383 	3019 	5297
f 5351 	5361 	5349
f 5282 	5349 	5361
f 5352 	5293 	5363
f 5293 	5294 	5363
f 5349 	5289 	5351
f 5278 	5349 	5282
f 5352 	5350 	5297
f 5351 	5353 	5361
f 5361 	5353 	5288
f 5289 	3514 	5288
f 5355 	5383 	5301
f 5356 	5383 	5355
f 5354 	5359 	5288
f 5358 	5359 	5354
f 5359 	5360 	5361
f 5362 	5301 	5350
f 5359 	5358 	5360
f 5362 	5355 	5301
f 5357 	5356 	5363
f 5362 	5356 	5355
f 5360 	5284 	5361
f 5364 	5356 	5362
f 5359 	5361 	5288
f 5364 	5362 	5363
f 5350 	5352 	5363
f 5362 	5350 	5363
f 4503 	4488 	5365
f 5365 	5366 	5358
f 5360 	5358 	5366
f 5356 	5364 	5363
f 5366 	5284 	5360
f 5284 	5366 	4476
f 4489 	4476 	5366
f 5382 	5395 	3019
f 5366 	5365 	4489
f 4488 	4489 	5365
f 3019 	5499 	773
f 5358 	5354 	5365
f 5356 	5357 	5383
f 1394 	1405 	5357
f 3514 	1660 	5653
f 3514 	4177 	1660
f 1662 	1660 	4177
f 1415 	1425 	5413
f 5388 	5386 	5357
f 5388 	5357 	1405
f 5354 	5368 	5369
f 5456 	2417 	2435
f 5365 	5354 	4503
f 5370 	4503 	5354
f 1438 	2407 	5432
f 5369 	5370 	5354
f 5371 	5369 	5372
f 5372 	5369 	5368
f 5372 	5389 	5371
f 3304 	3305 	4050
f 5371 	5373 	5370
f 5370 	5369 	5371
f 5373 	4503 	5370
f 5644 	5549 	3514
f 3514 	5394 	5374
f 5354 	5374 	5368
f 1431 	1433 	5413
f 5394 	5454 	5376
f 5388 	1405 	5393
f 5376 	5374 	5394
f 5378 	5376 	5375
f 5379 	5376 	5378
f 5378 	5372 	5379
f 5378 	5384 	5372
f 5380 	5379 	5372
f 1420 	5405 	5393
f 5380 	5368 	5374
f 5400 	5405 	1415
f 5372 	5368 	5381
f 5380 	5372 	5381
f 5380 	5381 	5368
f 5375 	5377 	5378
f 5379 	5380 	5374
f 5395 	5411 	3019
f 5374 	5376 	5379
f 3019 	5383 	5382
f 5389 	5377 	5387
f 5378 	5377 	5384
f 5384 	5377 	5389
f 4523 	5387 	4525
f 5373 	5371 	5389
f 4520 	5373 	5389
f 5382 	5383 	5385
f 5387 	4520 	5389
f 5383 	5357 	5386
f 5385 	5383 	5386
f 5384 	5389 	5372
f 5390 	5382 	5385
f 5391 	5382 	5390
f 5390 	5385 	5386
f 5393 	5391 	5392
f 5377 	5453 	5387
f 5375 	5453 	5377
f 5392 	5390 	5386
f 5392 	5386 	5388
f 5393 	5392 	5388
f 5411 	5412 	3019
f 5395 	5382 	5396
f 5104 	5181 	5194
f 5399 	5411 	5398
f 5398 	5411 	5397
f 5395 	5397 	5411
f 1415 	5413 	5400
f 5402 	5403 	5399
f 5398 	5397 	5404
f 5402 	5399 	5398
f 5401 	5097 	5194
f 5405 	5399 	5403
f 5405 	5400 	5399
f 5402 	5398 	5404
f 5401 	5153 	5100
f 5393 	5405 	5403
f 5393 	5403 	5402
f 5393 	5402 	5404
f 5393 	5404 	5406
f 5390 	5392 	5391
f 5406 	5391 	5393
f 5396 	5382 	5406
f 5097 	5401 	5100
f 5406 	5404 	5396
f 5397 	5395 	5404
f 5396 	5404 	5395
f 1420 	1415 	5405
f 5391 	5406 	5382
f 2476 	2402 	5410
f 5157 	5410 	2402
f 5411 	5399 	5400
f 5408 	5409 	5407
f 5408 	5410 	5409
f 5163 	5410 	5157
f 5409 	5410 	5163
f 5414 	5412 	5411
f 5414 	5411 	5413
f 5400 	5413 	5411
f 5415 	5414 	5416
f 5413 	5416 	5414
f 5417 	5416 	5413
f 5423 	5407 	5409
f 5417 	5413 	5418
f 5417 	5427 	5416
f 5168 	5409 	5163
f 5418 	5427 	5417
f 5430 	5414 	5415
f 5430 	5412 	5414
f 1433 	5418 	5413
f 5418 	1433 	5434
f 5419 	5407 	5423
f 5412 	5421 	3019
f 5420 	3019 	5421
f 5419 	5182 	6655
f 5182 	5419 	5183
f 5420 	5422 	5424
f 5419 	5423 	5183
f 5421 	5422 	5420
f 5425 	5426 	5412
f 5421 	5412 	5426
f 5423 	5180 	5183
f 5409 	5168 	5423
f 5428 	5429 	5422
f 5168 	5180 	5423
f 5421 	5428 	5422
f 5426 	5428 	5421
f 5427 	5422 	5429
f 5180 	5168 	5151
f 2477 	5408 	2478
f 5427 	5424 	5422
f 5408 	6671 	2478
f 5410 	5408 	2479
f 2479 	5408 	2477
f 5415 	5416 	5427
f 5429 	5430 	5427
f 5428 	5430 	5429
f 5415 	5427 	5430
f 2476 	5410 	2479
f 5430 	5428 	5425
f 5407 	6671 	5408
f 5426 	5425 	5428
f 5412 	5430 	5425
f 4611 	3210 	5431
f 5431 	3210 	3489
f 5432 	5440 	5424
f 5432 	5424 	5433
f 5433 	5424 	5427
f 5432 	5433 	5434
f 5433 	5418 	5434
f 5427 	5418 	5433
f 5435 	3494 	5436
f 3492 	5437 	5436
f 5440 	5432 	2410
f 5462 	5443 	2422
f 5462 	2422 	5456
f 3492 	5436 	3494
f 5440 	2410 	5443
f 2413 	5443 	2410
f 5435 	5436 	5705
f 3069 	4033 	3455
f 2789 	554 	4044
f 4033 	6534 	4045
f 5420 	5424 	5440
f 2413 	2422 	5443
f 5420 	5445 	3019
f 5102 	5099 	5101
f 5099 	5094 	5101
f 5448 	5420 	5440
f 5099 	5102 	5096
f 5441 	5448 	5440
f 5443 	5442 	5440
f 5441 	5440 	5442
f 5438 	5444 	5107
f 5096 	5107 	5444
f 5438 	5447 	5444
f 5449 	5445 	5420
f 5448 	5449 	5420
f 5449 	5448 	5451
f 5438 	5450 	5447
f 5452 	5451 	5441
f 5452 	5446 	5445
f 5452 	5445 	5449
f 5449 	5451 	5452
f 5441 	5451 	5448
f 5441 	5442 	5462
f 5442 	5443 	5462
f 2417 	5456 	2422
f 5375 	5376 	5454
f 5453 	5375 	5454
f 5457 	5453 	5458
f 5454 	5458 	5453
f 5458 	5454 	5460
f 5462 	5459 	5441
f 5461 	5468 	5460
f 5462 	5455 	5459
f 5460 	5394 	5461
f 5462 	5456 	5455
f 5394 	5553 	5461
f 5445 	5463 	3019
f 5478 	3019 	5463
f 5453 	5457 	5468
f 5454 	5394 	5460
f 5463 	5445 	5464
f 5446 	5464 	5445
f 5465 	5466 	5478
f 4525 	5387 	5467
f 5467 	5387 	5453
f 5463 	5465 	5478
f 5466 	5465 	5469
f 5459 	5455 	5466
f 5466 	5469 	5459
f 5459 	5469 	5441
f 5452 	5441 	5469
f 5277 	5563 	5221
f 5446 	5452 	5464
f 5221 	5219 	5470
f 5470 	5277 	5221
f 5464 	5452 	5469
f 5465 	5463 	5469
f 5464 	5469 	5463
f 5471 	5470 	5218
f 5219 	5218 	5470
f 5218 	5217 	5472
f 5472 	5471 	5218
f 5478 	5466 	5455
f 5475 	5274 	5208
f 5208 	5207 	5475
f 5207 	5205 	5475
f 5478 	5456 	5495
f 5455 	5456 	5478
f 5477 	5231 	5479
f 5479 	5231 	5480
f 5230 	5480 	5231
f 5481 	5202 	5482
f 5483 	5933 	5484
f 2473 	5509 	5512
f 5485 	5484 	5933
f 3355 	1932 	4050
f 5486 	5485 	5933
f 5933 	5487 	5486
f 4050 	4045 	3355
f 5933 	5488 	5487
f 5488 	5933 	5489
f 5491 	5490 	5933
f 5490 	5489 	5933
f 5502 	5478 	5494
f 5493 	5494 	5478
f 5493 	5478 	5495
f 5495 	5456 	2435
f 5496 	5493 	5497
f 5496 	5494 	5493
f 5502 	5496 	5504
f 5494 	5496 	5502
f 5497 	5493 	5498
f 5496 	5497 	5512
f 5498 	5512 	5497
f 5498 	5493 	5495
f 5498 	5495 	2435
f 5478 	5500 	3019
f 5499 	3019 	5500
f 5501 	5499 	5500
f 5503 	5478 	5502
f 5500 	5478 	5503
f 5504 	5505 	5502
f 5505 	5503 	5502
f 5501 	5500 	5505
f 5503 	5505 	5500
f 5504 	5496 	5512
f 5501 	5505 	5499
f 5507 	3599 	5506
f 5499 	5506 	773
f 5508 	3599 	5507
f 5509 	3599 	5508
f 5506 	5510 	5511
f 5512 	5509 	5513
f 5514 	5506 	5511
f 5514 	5507 	5506
f 5513 	5507 	5514
f 5507 	5513 	5508
f 5514 	5504 	5513
f 5511 	5504 	5514
f 5512 	5513 	5504
f 5510 	5504 	5511
f 5505 	5504 	5510
f 5505 	5510 	5499
f 5506 	5499 	5510
f 5508 	5513 	5509
f 3019 	773 	2790
f 2469 	3596 	5509
f 2771 	2780 	2469
f 3596 	3599 	5509
f 773 	5506 	3599
f 5590 	773 	3599
f 3069 	3455 	5515
f 5519 	5518 	555
f 5522 	555 	5521
f 5522 	5520 	555
f 5518 	5523 	555
f 5521 	555 	5523
f 5524 	555 	5526
f 5519 	555 	5524
f 5525 	5526 	555
f 555 	5527 	5525
f 5530 	555 	5529
f 555 	5530 	5528
f 5531 	555 	5533
f 5532 	555 	5531
f 5520 	5529 	555
f 5534 	555 	5536
f 5534 	5517 	555
f 5516 	555 	5517
f 555 	5535 	5536
f 5538 	555 	5537
f 5538 	5535 	555
f 5540 	5537 	555
f 5539 	5540 	555
f 5542 	5539 	555
f 5543 	555 	5544
f 5458 	5460 	5468
f 5458 	5468 	5457
f 5468 	4529 	5467
f 5492 	1081 	5545
f 5468 	5467 	5453
f 5546 	5545 	1081
f 5547 	5546 	1081
f 5550 	3514 	5549
f 5394 	3514 	5550
f 5394 	5550 	5553
f 1081 	5572 	1094
f 5548 	5547 	4979
f 5552 	5551 	5204
f 5550 	5549 	5558
f 5558 	5549 	5556
f 5561 	5558 	5562
f 5553 	5561 	5564
f 5557 	5234 	5559
f 5562 	4529 	5561
f 5565 	4529 	5562
f 5566 	4529 	5565
f 4541 	4529 	5566
f 5564 	5561 	4529
f 4529 	5468 	5564
f 5564 	5468 	5461
f 5233 	5226 	5559
f 5560 	5559 	5226
f 5560 	5226 	5563
f 5553 	5564 	5461
f 5555 	5566 	5565
f 5562 	5558 	5565
f 5556 	5555 	5565
f 5568 	5933 	5569
f 5556 	5565 	5558
f 5553 	5550 	5561
f 5558 	5561 	5550
f 5570 	5933 	5571
f 5933 	1094 	5571
f 1081 	4979 	5547
f 5573 	5572 	1081
f 5571 	1094 	5572
f 5569 	5933 	5570
f 5933 	5568 	5567
f 5567 	5491 	5933
f 5557 	5554 	5234
f 5204 	5235 	5554
f 5552 	5204 	5554
f 5548 	4979 	5551
f 5492 	5573 	1081
f 5204 	5551 	4979
f 5224 	5221 	5563
f 5224 	5563 	5226
f 5233 	5559 	5234
f 5234 	5554 	5235
f 5272 	5210 	5273
f 5269 	5212 	5271
f 5213 	5212 	5267
f 5215 	5213 	5267
f 5269 	5267 	5212
f 5212 	5211 	5271
f 5210 	5271 	5211
f 5209 	5273 	5210
f 5267 	5268 	5215
f 5268 	5474 	5215
f 5214 	5215 	5474
f 5473 	5216 	5474
f 5473 	5472 	5216
f 5216 	5472 	5217
f 5214 	5474 	5216
f 5483 	5202 	5933
f 5202 	5483 	5482
f 5481 	5480 	5202
f 5205 	5232 	5477
f 5231 	5477 	5232
f 5202 	5480 	5230
f 2791 	5267 	2792
f 2792 	5267 	2793
f 5450 	5439 	5447
f 5271 	2794 	2793
f 2794 	5271 	5272
f 2794 	5272 	2795
f 2795 	5272 	2796
f 2796 	5274 	2797
f 5450 	5574 	5439
f 5470 	2799 	2798
f 2799 	5470 	2800
f 5472 	2801 	2800
f 2801 	5472 	2802
f 5797 	5575 	5574
f 2802 	5474 	2803
f 5574 	5575 	5439
f 2803 	5474 	2791
f 5476 	2805 	2804
f 5476 	2804 	5475
f 2806 	2805 	5476
f 3428 	5578 	3430
f 3428 	3431 	5578
f 5481 	2810 	2809
f 5576 	5578 	3431
f 2811 	2810 	5481
f 5483 	2812 	2811
f 2814 	2812 	5483
f 5485 	2815 	2814
f 2816 	2815 	5485
f 4962 	3321 	3430
f 5577 	4962 	3430
f 5488 	2818 	2817
f 2819 	2818 	5488
f 5490 	2820 	2819
f 2821 	2820 	5490
f 3430 	5578 	5577
f 5578 	5576 	5579
f 2822 	5545 	2823
f 5546 	2824 	5545
f 2823 	5545 	2824
f 2824 	5546 	2825
f 5577 	5578 	5579
f 2825 	5548 	2826
f 2826 	5548 	2827
f 2830 	5557 	2831
f 2831 	5557 	2832
f 5577 	5579 	5101
f 5101 	5579 	5102
f 5569 	2839 	2837
f 5576 	5580 	5579
f 5570 	2840 	2839
f 5570 	2839 	5569
f 2840 	5570 	2841
f 5571 	2841 	5570
f 2842 	2841 	5571
f 5579 	5580 	5102
f 2791 	5268 	5267
f 5269 	2793 	5267
f 5582 	3426 	3437
f 5271 	2793 	5269
f 5273 	2796 	5272
f 2796 	5273 	5274
f 2804 	2797 	5274
f 2798 	5277 	5470
f 5470 	5471 	2800
f 5581 	5582 	3437
f 2800 	5471 	5472
f 5473 	2802 	5472
f 5582 	5576 	3431
f 2802 	5473 	5474
f 5582 	5581 	5583
f 5268 	2791 	5474
f 5582 	5583 	5576
f 5475 	2804 	5274
f 5581 	5584 	5583
f 5477 	2806 	5476
f 5479 	2807 	2806
f 5479 	2806 	5477
f 2807 	5479 	2809
f 5480 	2809 	5479
f 5481 	2809 	5480
f 5482 	2811 	5481
f 5483 	2811 	5482
f 5580 	5576 	5583
f 5484 	2814 	5483
f 2814 	5484 	5485
f 5486 	2816 	5485
f 2816 	5486 	2817
f 5487 	2817 	5486
f 5488 	2817 	5487
f 5489 	2819 	5488
f 2819 	5489 	5490
f 5491 	2821 	5490
f 2822 	5492 	5545
f 5546 	5547 	2825
f 2825 	5547 	5548
f 5548 	5551 	2827
f 5552 	2828 	5551
f 2827 	5551 	2828
f 5554 	2830 	2828
f 5554 	2828 	5552
f 2830 	5554 	5557
f 5584 	5588 	5583
f 5559 	2832 	5557
f 5583 	5588 	5580
f 2832 	5559 	2833
f 5560 	2833 	5559
f 5591 	5584 	5586
f 5563 	2834 	2833
f 5563 	2833 	5560
f 5588 	5584 	5591
f 2834 	5563 	2798
f 5277 	2798 	5563
f 5567 	2836 	2821
f 5567 	2821 	5491
f 5776 	5589 	5586
f 2836 	5567 	2837
f 5568 	2837 	5567
f 5569 	2837 	5568
f 5572 	2842 	5571
f 5589 	5585 	5587
f 5573 	2844 	2842
f 5573 	2842 	5572
f 2844 	5573 	2822
f 5492 	2822 	5573
f 2610 	5260 	5261
f 1083 	3971 	2611
f 4974 	2611 	3849
f 6102 	2611 	4974
f 5580 	5588 	5107
f 5102 	5580 	5107
f 5588 	5438 	5107
f 555 	4044 	554
f 5602 	5592 	5594
f 5593 	5594 	5592
f 5588 	5591 	5438
f 3858 	5595 	5593
f 3883 	3856 	5593
f 5596 	5598 	5594
f 5591 	5450 	5438
f 5595 	3858 	3849
f 5602 	5598 	5599
f 5591 	5586 	5597
f 5589 	5597 	5586
f 5596 	5600 	5598
f 5602 	5594 	5598
f 5589 	5587 	5597
f 5601 	5729 	5599
f 5724 	5600 	3849
f 5596 	3849 	5600
f 5591 	5597 	5450
f 5727 	5599 	5729
f 5601 	5600 	5724
f 5596 	5595 	3849
f 5724 	5730 	5601
f 5574 	5597 	5587
f 5602 	5603 	5592
f 5603 	5602 	5604
f 5450 	5597 	5574
f 3887 	5603 	5606
f 5592 	5603 	3887
f 5628 	5626 	5606
f 5605 	5607 	5608
f 5605 	5608 	5606
f 5603 	5604 	5606
f 5612 	5628 	5610
f 5628 	5606 	5610
f 5606 	5608 	3887
f 5609 	5606 	5618
f 5610 	5606 	5609
f 5612 	5613 	5628
f 5610 	5609 	5594
f 5610 	5594 	5593
f 5610 	5593 	5595
f 5610 	5595 	5612
f 5596 	5594 	5609
f 5596 	5609 	5613
f 5614 	3446 	3444
f 5612 	5595 	5596
f 5612 	5596 	5613
f 5623 	5615 	5616
f 5615 	5632 	5616
f 5614 	5627 	3446
f 5618 	5606 	5616
f 5616 	5606 	5604
f 5620 	5613 	5618
f 5613 	5609 	5618
f 5614 	5611 	5619
f 5617 	5618 	5616
f 5616 	5630 	5617
f 5621 	5617 	5630
f 5621 	5630 	5620
f 5613 	5620 	5628
f 5627 	5614 	5619
f 5618 	5617 	5599
f 5618 	5599 	5598
f 5618 	5598 	5600
f 5618 	5600 	5620
f 5601 	5599 	5617
f 5601 	5617 	5621
f 5620 	5600 	5601
f 5620 	5601 	5621
f 5622 	5615 	5623
f 3437 	3439 	5624
f 5604 	5754 	5616
f 5605 	5606 	5626
f 6096 	5626 	5628
f 3446 	5627 	3441
f 5631 	5608 	5629
f 5607 	5629 	5608
f 5607 	5605 	5626
f 5607 	5626 	5629
f 3441 	5627 	5625
f 5628 	5630 	6096
f 6099 	6098 	5632
f 5630 	5616 	5632
f 5632 	5633 	6099
f 5633 	5632 	5622
f 5615 	5622 	5632
f 5628 	5620 	5630
f 5619 	5611 	5775
f 3893 	3886 	5608
f 4540 	4541 	5555
f 5566 	5555 	4541
f 5549 	5642 	5556
f 5635 	1703 	1706
f 5635 	1706 	5634
f 1682 	1604 	5367
f 5549 	5636 	5637
f 5637 	5638 	5549
f 5638 	5642 	5549
f 5639 	5638 	5640
f 5640 	5637 	5641
f 5641 	5648 	5640
f 5641 	5637 	5636
f 5637 	5640 	5638
f 4540 	5555 	5642
f 5639 	5648 	5643
f 5638 	5639 	5642
f 5642 	5639 	5643
f 5644 	3514 	5653
f 5549 	5644 	5636
f 5646 	5655 	5645
f 5656 	5645 	5655
f 5646 	5647 	5648
f 5646 	5645 	5647
f 5649 	5644 	5650
f 5650 	5644 	5646
f 5647 	5652 	5643
f 5647 	5643 	5648
f 5649 	5648 	5641
f 5639 	5640 	5648
f 5648 	5649 	5650
f 5649 	5641 	5636
f 5644 	5649 	5636
f 5646 	5648 	5650
f 5656 	5651 	5645
f 4565 	4564 	5651
f 5645 	5651 	5647
f 5647 	5651 	5652
f 4557 	5643 	5652
f 4556 	4557 	5652
f 4556 	5652 	5651
f 5653 	5654 	5644
f 5651 	5656 	4565
f 5646 	5644 	5654
f 5655 	5646 	5654
f 4568 	5657 	4581
f 5658 	5667 	5657
f 5658 	5659 	5667
f 5660 	5667 	5659
f 5653 	5666 	5660
f 5654 	5653 	5660
f 5656 	5655 	5658
f 5654 	5660 	5659
f 5656 	5657 	4565
f 4568 	4565 	5657
f 5658 	5657 	5656
f 5654 	5659 	5655
f 5659 	5658 	5655
f 1660 	357 	5662
f 1660 	5662 	5663
f 1660 	5663 	5653
f 5665 	5662 	5667
f 5661 	5667 	5662
f 4581 	5667 	4580
f 5661 	4580 	5667
f 5664 	5662 	5665
f 5666 	5664 	5665
f 5666 	5665 	5667
f 4581 	5657 	5667
f 5666 	5667 	5660
f 5663 	5662 	5664
f 5653 	5663 	5666
f 5666 	5663 	5664
f 1674 	5634 	1673
f 1706 	1673 	5634
f 5668 	5669 	1682
f 5669 	5670 	1682
f 5677 	5671 	1682
f 5671 	5672 	1682
f 5676 	1682 	5675
f 5674 	5675 	1682
f 5677 	1682 	5676
f 5673 	5678 	1682
f 5668 	1682 	5679
f 5679 	1682 	5678
f 5673 	1682 	5672
f 5682 	1682 	5681
f 5683 	1682 	5682
f 5674 	1682 	5683
f 5685 	1682 	5684
f 5680 	1682 	5686
f 5685 	5686 	1682
f 5680 	5681 	1682
f 5687 	1682 	5670
f 5687 	5688 	1682
f 5689 	1682 	5688
f 5691 	1682 	5690
f 5689 	5690 	1682
f 5692 	1674 	5691
f 5695 	5696 	1674
f 5699 	1674 	5698
f 5697 	1674 	5696
f 5697 	5698 	1674
f 789 	1674 	786
f 5699 	786 	1674
f 790 	1674 	789
f 5707 	5704 	5437
f 5701 	4611 	5431
f 4611 	5701 	5700
f 5431 	5702 	5701
f 5435 	5702 	5431
f 5705 	5702 	5435
f 5437 	5703 	5436
f 5703 	5437 	5704
f 5703 	5705 	5436
f 3739 	6047 	5706
f 5437 	3492 	3501
f 3501 	5707 	5437
f 3505 	5706 	5710
f 5707 	3505 	5710
f 5707 	5715 	5704
f 5707 	5710 	5715
f 5706 	5711 	5710
f 5710 	5711 	5712
f 5708 	5713 	5711
f 5712 	5711 	5713
f 5710 	5712 	5715
f 5717 	4741 	4740
f 6481 	5717 	6020
f 5717 	6016 	6021
f 6020 	5717 	6021
f 5631 	3893 	5608
f 5622 	5623 	5633
f 6101 	5633 	5720
f 5623 	5720 	5633
f 5718 	5719 	555
f 5723 	5721 	5722
f 5723 	5722 	5724
f 5544 	555 	5719
f 5774 	5619 	5775
f 5724 	452 	5723
f 453 	5723 	452
f 5602 	5599 	5727
f 5624 	5581 	3437
f 5624 	5625 	5731
f 5732 	5727 	5729
f 5729 	5601 	5730
f 5731 	5581 	5624
f 5732 	5729 	5733
f 5734 	5738 	5733
f 5738 	5736 	5733
f 5731 	5625 	5776
f 555 	5515 	5718
f 5730 	5724 	5734
f 5619 	5735 	5627
f 5737 	5740 	5736
f 5627 	5735 	5625
f 5732 	5733 	5736
f 5724 	5722 	5739
f 5722 	5740 	5737
f 5732 	5736 	5740
f 5738 	5724 	5739
f 5625 	5735 	5776
f 5737 	5739 	5722
f 5738 	5734 	5724
f 5581 	5731 	5584
f 5726 	5718 	5515
f 5732 	5740 	5741
f 5586 	5731 	5776
f 5728 	5725 	5515
f 5586 	5584 	5731
f 5743 	5741 	5740
f 2719 	5744 	3445
f 5745 	5746 	5828
f 3107 	5744 	2719
f 5745 	5747 	5748
f 5745 	5748 	5746
f 5742 	5728 	5515
f 5725 	5726 	5515
f 3108 	5758 	3109
f 3109 	5758 	5744
f 3109 	5744 	3107
f 5623 	5616 	5754
f 3110 	5758 	3108
f 5755 	5746 	5763
f 5741 	5743 	5746
f 5757 	3445 	5744
f 3444 	3445 	5757
f 5750 	5742 	5515
f 5751 	5752 	5515
f 5749 	5750 	5515
f 790 	811 	1674
f 811 	813 	1674
f 5752 	5749 	5515
f 5753 	5751 	5515
f 5759 	5753 	5515
f 5756 	5829 	5755
f 5623 	5754 	5748
f 5746 	5748 	5754
f 5746 	5754 	5741
f 5758 	5782 	5781
f 3444 	5757 	5614
f 5746 	5755 	5829
f 5766 	5829 	5756
f 5757 	5611 	5614
f 5744 	5762 	5757
f 5727 	5754 	5602
f 5604 	5602 	5754
f 5758 	5762 	5744
f 5761 	5515 	5760
f 5754 	5727 	5732
f 5754 	5732 	5741
f 5762 	5758 	5781
f 5755 	5763 	5729
f 5757 	5762 	5611
f 5755 	5729 	5730
f 5755 	5730 	5756
f 5759 	5515 	5761
f 5756 	5730 	5766
f 5743 	5773 	5746
f 5763 	5746 	5773
f 5762 	5784 	5611
f 5733 	5729 	5763
f 5734 	5733 	5763
f 5734 	5763 	5766
f 5768 	5515 	5767
f 5730 	5734 	5766
f 5760 	5515 	5765
f 5826 	5769 	5770
f 5769 	5772 	5773
f 5769 	5773 	5770
f 5764 	5515 	5768
f 5764 	5765 	5515
f 5772 	5833 	5773
f 6287 	5771 	6288
f 5735 	5619 	5774
f 605 	604 	555
f 555 	5532 	605
f 4044 	555 	602
f 600 	616 	4044
f 615 	614 	4044
f 613 	4044 	614
f 602 	600 	4044
f 616 	615 	4044
f 604 	602 	555
f 1227 	4044 	613
f 1225 	4044 	1227
f 1225 	1230 	4044
f 4044 	1230 	1229
f 1237 	4044 	1238
f 1239 	4044 	1240
f 1239 	1238 	4044
f 1244 	4044 	1245
f 4044 	1229 	1241
f 1610 	4044 	1611
f 1244 	1611 	4044
f 1610 	1609 	4044
f 1237 	1245 	4044
f 4044 	1609 	1608
f 1807 	3839 	1805
f 1850 	5515 	1851
f 5767 	5515 	1850
f 1848 	1851 	5515
f 5778 	5735 	5774
f 5776 	5735 	5778
f 5774 	5779 	5778
f 5771 	5777 	5775
f 5775 	5777 	5774
f 5774 	5777 	5779
f 5589 	5776 	5778
f 5589 	5778 	5585
f 5585 	5778 	5779
f 3112 	5782 	3110
f 3114 	5780 	5782
f 3114 	5782 	3112
f 3111 	5780 	3113
f 3113 	5780 	3114
f 3110 	5782 	5758
f 5784 	5762 	5781
f 5781 	5783 	5784
f 5780 	5785 	5782
f 5782 	5785 	5781
f 5781 	5785 	5783
f 5775 	5611 	5784
f 5784 	5783 	5771
f 5775 	5784 	5771
f 5079 	5789 	5791
f 4623 	5079 	4622
f 5079 	4623 	4630
f 5789 	5079 	5786
f 5079 	5799 	5786
f 5079 	5790 	5787
f 5079 	5791 	5790
f 6024 	5787 	6023
f 5787 	6024 	5792
f 4757 	5795 	4777
f 5796 	6034 	6036
f 6034 	5796 	5794
f 5795 	5796 	6036
f 5797 	5798 	5799
f 5575 	5797 	5799
f 5798 	5786 	5799
f 5798 	5800 	5786
f 5800 	5801 	5789
f 5789 	5786 	5800
f 5791 	5789 	5801
f 5801 	6022 	5791
f 5791 	6022 	5790
f 5787 	5790 	6023
f 1847 	5515 	1865
f 1915 	3839 	1901
f 1910 	3839 	1913
f 1910 	1912 	3839
f 1804 	1913 	3839
f 1915 	1914 	3839
f 1868 	3839 	1914
f 1867 	3839 	1868
f 1904 	1902 	3839
f 1912 	1904 	3839
f 1902 	1901 	3839
f 1865 	5515 	1867
f 1918 	1924 	3839
f 4044 	1919 	3839
f 1916 	1918 	3839
f 1921 	3839 	1919
f 1808 	1805 	3839
f 1804 	3839 	1807
f 1924 	1808 	3839
f 1847 	1848 	5515
f 3839 	1867 	5515
f 1608 	1922 	4044
f 1922 	1919 	4044
f 1921 	1916 	3839
f 5528 	5533 	555
f 1241 	1240 	4044
f 5543 	5541 	555
f 5541 	5542 	555
f 5516 	5527 	555
f 6219 	5812 	5517
f 5519 	5804 	5518
f 5804 	5519 	5809
f 5520 	5802 	5529
f 5522 	5803 	5802
f 5522 	5802 	5520
f 5803 	5522 	5521
f 5523 	5803 	5521
f 5518 	5804 	5523
f 5523 	5804 	5803
f 5806 	5802 	5803
f 5807 	5803 	5804
f 5806 	5803 	5807
f 5806 	5807 	5817
f 5805 	5806 	5817
f 5809 	5519 	5524
f 5525 	5810 	5526
f 5810 	5809 	5526
f 5527 	5810 	5525
f 5804 	5808 	5807
f 5809 	5808 	5804
f 5524 	5526 	5809
f 5527 	5516 	5812
f 5527 	5812 	5810
f 5516 	5517 	5812
f 5809 	5814 	5808
f 5810 	5814 	5809
f 5814 	5810 	5811
f 5810 	5812 	5811
f 5813 	5816 	5808
f 5808 	5814 	5813
f 5814 	5811 	5815
f 5813 	5814 	5815
f 5815 	5811 	6263
f 5811 	5812 	6257
f 5808 	5816 	5807
f 5817 	5807 	5816
f 5805 	5817 	5818
f 5816 	5813 	5819
f 5817 	5816 	5820
f 5817 	5820 	5818
f 5820 	5816 	5819
f 6286 	5819 	5813
f 829 	833 	1674
f 5823 	5763 	5773
f 5822 	5823 	5773
f 5766 	5763 	5823
f 827 	1674 	813
f 5824 	5766 	5823
f 5770 	5773 	5721
f 5743 	5721 	5773
f 5773 	5831 	5822
f 5825 	5822 	5831
f 829 	1674 	827
f 5723 	5770 	5721
f 5825 	5831 	5824
f 5766 	5824 	5829
f 5721 	5743 	5722
f 5740 	5722 	5743
f 833 	835 	1674
f 5823 	5822 	5737
f 5823 	5737 	5736
f 5823 	5736 	5738
f 5823 	5738 	5824
f 5739 	5737 	5822
f 5739 	5822 	5825
f 5824 	5738 	5739
f 5824 	5739 	5825
f 5826 	5827 	513
f 5827 	5826 	5770
f 5829 	5828 	5746
f 5747 	5830 	5748
f 5747 	5745 	5828
f 5747 	5828 	5830
f 5831 	510 	5829
f 875 	5634 	874
f 5748 	5830 	5832
f 5833 	511 	510
f 5833 	510 	5831
f 835 	871 	1674
f 5831 	5773 	5833
f 874 	1674 	872
f 5833 	5826 	511
f 5772 	5769 	5826
f 5772 	5826 	5833
f 872 	1674 	871
f 5723 	5827 	5770
f 5829 	5824 	5831
f 5832 	5720 	5748
f 5623 	5748 	5720
f 513 	5827 	5723
f 453 	513 	5723
f 5832 	6155 	5720
f 884 	5634 	875
f 885 	5634 	886
f 5836 	5856 	5835
f 5835 	5856 	5834
f 1674 	874 	5634
f 884 	886 	5634
f 5841 	5842 	5847
f 5842 	5843 	5847
f 5846 	5847 	5843
f 5836 	5846 	5843
f 5844 	5836 	5843
f 5845 	5836 	5844
f 5851 	5836 	5845
f 5840 	5841 	5847
f 5839 	5840 	5848
f 5847 	5848 	5840
f 5838 	5839 	5848
f 5838 	5848 	5849
f 5838 	5849 	5850
f 5876 	5836 	5875
f 5834 	5856 	5837
f 5837 	5856 	5855
f 5855 	5856 	5854
f 5857 	5861 	5856
f 5854 	5856 	5853
f 5858 	5861 	5857
f 5859 	5861 	5858
f 5860 	5861 	5859
f 5853 	5856 	5861
f 1682 	906 	5684
f 5864 	5836 	5863
f 5865 	5836 	5864
f 5866 	5836 	5865
f 5867 	5836 	5866
f 5868 	5836 	5867
f 5856 	5836 	5868
f 5862 	5863 	5836
f 5851 	5852 	5836
f 5869 	5870 	5836
f 5870 	5871 	5836
f 5871 	5872 	5836
f 5872 	5873 	5836
f 5873 	5874 	5836
f 5862 	5836 	5874
f 5877 	5836 	5876
f 5878 	5836 	5877
f 5869 	5836 	5878
f 5852 	5879 	5836
f 5879 	5880 	5836
f 5880 	5881 	5836
f 5875 	5836 	5881
f 1682 	5367 	906
f 5837 	5882 	5834
f 5834 	5883 	5835
f 5884 	5835 	5883
f 5835 	5884 	5836
f 5885 	5836 	5884
f 5848 	5889 	5849
f 5889 	5890 	5849
f 904 	5367 	916
f 915 	916 	5367
f 914 	5367 	913
f 914 	915 	5367
f 5842 	5896 	5843
f 5844 	5843 	5897
f 5896 	5897 	5843
f 952 	953 	5367
f 5897 	5898 	5844
f 955 	5367 	953
f 5856 	5901 	5857
f 956 	5367 	955
f 5858 	5857 	5902
f 952 	5367 	969
f 5860 	5905 	5861
f 956 	913 	5367
f 5853 	5861 	5906
f 5882 	5837 	5909
f 5864 	5863 	5911
f 5866 	5913 	5867
f 5867 	5914 	5868
f 5915 	5868 	5914
f 5089 	5717 	4948
f 5717 	6483 	6485
f 5088 	5717 	6486
f 5920 	5873 	5872
f 5874 	5873 	5920
f 6486 	5717 	6491
f 4948 	5717 	5088
f 5862 	5922 	5863
f 5852 	5923 	5879
f 4745 	5717 	4746
f 5923 	5924 	5879
f 4743 	5717 	4742
f 4742 	5717 	5087
f 5087 	5717 	5089
f 5877 	5929 	5878
f 4748 	5717 	4743
f 4746 	5717 	4748
f 5855 	5909 	5837
f 5883 	5834 	5882
f 4735 	4739 	5717
f 5846 	5836 	5885
f 4737 	5717 	4744
f 5885 	5886 	5846
f 4747 	5717 	4745
f 5847 	5846 	5887
f 5886 	5887 	5846
f 4744 	5717 	4747
f 5848 	5847 	5888
f 5887 	5888 	5847
f 4738 	5717 	4737
f 5848 	5888 	5889
f 4735 	5717 	4738
f 5850 	5849 	5890
f 4741 	5717 	4739
f 5890 	5891 	5850
f 5838 	5850 	5891
f 5891 	5892 	5838
f 5839 	5838 	5892
f 5840 	5839 	5893
f 5892 	5893 	5839
f 5893 	5894 	5840
f 5841 	5840 	5894
f 5842 	5841 	5895
f 5894 	5895 	5841
f 5701 	5717 	5700
f 5842 	5895 	5896
f 4736 	5717 	4740
f 5845 	5844 	5898
f 4620 	5717 	4618
f 5851 	5845 	5899
f 5898 	5899 	5845
f 4621 	5717 	4736
f 5852 	5851 	5900
f 5899 	5900 	5851
f 4618 	5717 	4621
f 5700 	5717 	4620
f 5901 	5856 	5915
f 5902 	5857 	5901
f 5702 	5717 	5701
f 5858 	5902 	5903
f 5903 	5904 	5859
f 5903 	5859 	5858
f 5859 	5904 	5860
f 5905 	5860 	5904
f 5705 	5717 	5702
f 5906 	5861 	5905
f 5853 	5906 	5907
f 5703 	5717 	5705
f 5853 	5907 	5854
f 5908 	5854 	5907
f 5713 	5717 	5712
f 5854 	5908 	5855
f 5909 	5855 	5908
f 5704 	5717 	5703
f 5712 	5717 	5715
f 5864 	5911 	5910
f 5864 	5910 	5865
f 5912 	5865 	5910
f 5913 	5866 	5912
f 5865 	5912 	5866
f 5914 	5867 	5913
f 5856 	5868 	5915
f 5869 	5878 	5916
f 5870 	5869 	5917
f 5916 	5917 	5869
f 5917 	5918 	5870
f 5871 	5870 	5918
f 5872 	5871 	5919
f 5918 	5919 	5871
f 5919 	5920 	5872
f 5874 	5920 	5921
f 5921 	5922 	5862
f 5921 	5862 	5874
f 5911 	5863 	5922
f 5852 	5900 	5923
f 5880 	5879 	5924
f 5924 	5925 	5880
f 5881 	5880 	5925
f 5875 	5881 	5926
f 5925 	5926 	5881
f 5876 	5875 	5927
f 5926 	5927 	5875
f 5927 	5928 	5876
f 5877 	5876 	5928
f 5877 	5928 	5929
f 5929 	5916 	5878
f 3355 	5930 	3354
f 452 	5724 	518
f 5924 	3355 	5925
f 518 	5925 	3355
f 5920 	5919 	5724
f 5918 	5917 	5724
f 5919 	5918 	5724
f 518 	5724 	5917
f 5901 	5915 	3849
f 3849 	5915 	5724
f 5909 	5908 	4001
f 5906 	3849 	5907
f 4001 	5907 	3849
f 5904 	3849 	5905
f 3355 	5900 	5930
f 5892 	5891 	5930
f 5891 	5890 	5930
f 5889 	5888 	5930
f 4001 	5930 	5887
f 5888 	5887 	5930
f 5882 	4001 	5883
f 5883 	4001 	5884
f 5884 	4001 	5885
f 5885 	4001 	5886
f 5886 	4001 	5887
f 5890 	5889 	5930
f 5892 	5930 	5893
f 5894 	5930 	5895
f 5895 	5930 	5896
f 5896 	5930 	5897
f 5899 	5930 	5900
f 5897 	5930 	5898
f 5893 	5930 	5894
f 5898 	5930 	5899
f 5923 	5900 	3355
f 5901 	3849 	5902
f 5903 	3849 	5904
f 5902 	3849 	5903
f 5905 	3849 	5906
f 5909 	4001 	5882
f 5907 	4001 	5908
f 5911 	5724 	5910
f 5910 	5724 	5912
f 5912 	5724 	5913
f 5913 	5724 	5914
f 5914 	5724 	5915
f 518 	5917 	5916
f 5920 	5724 	5921
f 5922 	5921 	5724
f 5911 	5922 	5724
f 5923 	3355 	5924
f 5925 	518 	5926
f 5926 	518 	5927
f 5927 	518 	5928
f 5928 	518 	5929
f 5916 	5929 	518
f 4009 	3840 	5932
f 5590 	5931 	3840
f 3598 	5931 	3599
f 5590 	3599 	5931
f 5931 	3601 	5932
f 3598 	3601 	5931
f 5932 	3601 	5930
f 5931 	5932 	3840
f 4009 	5932 	4001
f 5930 	4001 	5932
f 518 	3355 	521
f 5934 	564 	5933
f 580 	2935 	571
f 564 	5934 	566
f 2900 	571 	2935
f 6157 	6113 	5936
f 5939 	6157 	5936
f 5940 	6157 	5939
f 5941 	6157 	5940
f 5942 	6157 	5941
f 968 	5367 	966
f 966 	5367 	965
f 969 	5367 	968
f 974 	965 	5367
f 993 	973 	5367
f 973 	974 	5367
f 992 	993 	5367
f 991 	992 	5367
f 999 	991 	5367
f 997 	5367 	996
f 999 	5367 	997
f 1278 	1276 	5634
f 1282 	5634 	1276
f 1285 	5634 	1283
f 1286 	5634 	1285
f 1297 	5635 	1561
f 1561 	5635 	1560
f 1298 	5635 	1297
f 1566 	5635 	1564
f 1565 	5635 	1566
f 1293 	5635 	1565
f 1286 	1564 	5634
f 1282 	1283 	5634
f 1560 	5635 	1293
f 1574 	5367 	1573
f 996 	5367 	1574
f 5635 	1600 	1590
f 1573 	5367 	1591
f 1591 	5367 	1590
f 5635 	1599 	1600
f 1599 	5635 	1597
f 1299 	5635 	1298
f 1254 	5635 	1299
f 1596 	5635 	1254
f 5634 	1564 	5635
f 885 	887 	5634
f 887 	1278 	5634
f 1597 	5635 	1596
f 5635 	1590 	5367
f 905 	906 	5367
f 904 	905 	5367
f 5693 	1674 	5692
f 1682 	5691 	1674
f 5694 	5695 	1674
f 5693 	5694 	1674
f 5669 	5668 	5943
f 5943 	6451 	5670
f 5669 	5943 	5670
f 5674 	5683 	5951
f 5944 	5672 	5671
f 5672 	5944 	5945
f 5672 	5945 	5673
f 5678 	5673 	5945
f 5946 	5948 	5947
f 5948 	5953 	5947
f 6091 	5950 	5949
f 5947 	5950 	6091
f 5947 	5953 	5950
f 5820 	5819 	5821
f 5819 	6285 	5821
f 5949 	5950 	5952
f 5951 	5949 	5952
f 5950 	5944 	5952
f 5954 	5533 	5528
f 5962 	5530 	5529
f 5950 	5953 	5944
f 5530 	5954 	5528
f 5944 	5953 	5945
f 5954 	5530 	5962
f 5965 	5954 	5962
f 605 	5532 	611
f 5957 	611 	5532
f 5957 	5532 	5531
f 5675 	5951 	5952
f 5675 	5952 	5676
f 5674 	5951 	5675
f 5677 	5952 	5944
f 5677 	5944 	5671
f 5531 	5533 	5957
f 5676 	5952 	5677
f 5954 	5957 	5533
f 5956 	5960 	5959
f 5955 	611 	5961
f 5715 	5717 	5704
f 5961 	611 	5957
f 6029 	5717 	5714
f 5716 	5717 	5713
f 5714 	5717 	5716
f 6031 	5717 	6029
f 6039 	5717 	6031
f 6044 	5717 	6039
f 5717 	6044 	6045
f 5954 	5970 	5957
f 5965 	5970 	5954
f 5802 	5962 	5529
f 6488 	5717 	6481
f 5962 	5802 	5963
f 5806 	5963 	5802
f 5962 	5963 	5965
f 5970 	5965 	5964
f 5966 	5965 	5963
f 5964 	5965 	5966
f 5805 	5966 	5963
f 5805 	5963 	5806
f 5981 	5964 	5966
f 609 	5955 	5967
f 5967 	5955 	5968
f 5968 	5955 	5961
f 5969 	5968 	5961
f 5957 	5970 	5961
f 5969 	5961 	5970
f 5970 	5964 	5969
f 5972 	5967 	5968
f 622 	5971 	645
f 5971 	622 	5967
f 5972 	5971 	5967
f 5969 	5993 	5968
f 5974 	6157 	5942
f 5968 	5993 	5972
f 5969 	5964 	5996
f 5977 	6102 	5976
f 5993 	5969 	5996
f 5980 	6102 	5979
f 5991 	5002 	5990
f 5984 	5985 	6122
f 5936 	6113 	5935
f 645 	5971 	5989
f 5990 	5003 	5988
f 5988 	5003 	5983
f 644 	645 	5989
f 5971 	5972 	5998
f 5983 	4982 	5982
f 5975 	6157 	5974
f 6102 	5937 	5938
f 6102 	5938 	5976
f 6102 	5977 	5978
f 5978 	5979 	6102
f 6102 	5980 	5982
f 6122 	5985 	5986
f 5987 	6120 	5986
f 5996 	5964 	5981
f 5956 	5997 	5960
f 5971 	5998 	5989
f 6144 	5989 	5998
f 6145 	5998 	5972
f 6145 	6169 	5998
f 5966 	5805 	5999
f 5958 	6000 	5948
f 5966 	5999 	5981
f 5948 	6000 	5953
f 5805 	5818 	5999
f 5958 	5959 	6004
f 5958 	6004 	6000
f 5996 	5981 	6001
f 6001 	6012 	5996
f 5981 	5999 	6002
f 6001 	5981 	6002
f 6008 	5999 	5818
f 5945 	5953 	6000
f 6003 	6008 	5818
f 5820 	6003 	5818
f 5821 	6003 	5820
f 6010 	6004 	5943
f 6001 	6002 	6005
f 5960 	6006 	5959
f 5959 	6006 	6004
f 6002 	6007 	6005
f 6006 	5943 	6004
f 5999 	6008 	6002
f 6006 	6450 	6451
f 6002 	6008 	6007
f 6008 	6003 	6009
f 5943 	6006 	6451
f 6007 	6008 	6009
f 6000 	6010 	5945
f 6004 	6010 	6000
f 5679 	5678 	6010
f 5945 	6010 	5678
f 5668 	6010 	5943
f 6005 	6007 	6333
f 6010 	5668 	5679
f 6003 	6319 	6009
f 383 	6498 	6013
f 5972 	5993 	6145
f 6412 	6420 	6017
f 6483 	5717 	6482
f 6420 	6013 	6018
f 6011 	6014 	6311
f 6019 	6017 	5956
f 6017 	6420 	6018
f 6018 	5956 	6017
f 5717 	6015 	6016
f 6018 	5997 	5956
f 6045 	6015 	5717
f 6018 	6500 	5997
f 5948 	5946 	6014
f 5948 	6014 	5958
f 6011 	6019 	6014
f 6017 	6019 	6011
f 6014 	6019 	5958
f 6022 	6277 	6023
f 6022 	6023 	5790
f 5973 	5792 	6024
f 5792 	5973 	5788
f 5709 	5716 	5708
f 5708 	5716 	5713
f 5716 	5709 	5714
f 5714 	5709 	6027
f 6027 	6025 	6029
f 6029 	5714 	6027
f 6025 	6031 	6029
f 6026 	6034 	6032
f 6025 	6033 	6031
f 6033 	6039 	6031
f 6034 	6026 	6035
f 6035 	6028 	6036
f 6034 	6035 	6036
f 4777 	6028 	4771
f 5793 	6030 	6032
f 5788 	6030 	5793
f 5794 	6032 	6034
f 5793 	6032 	5794
f 6036 	6028 	4777
f 6037 	6038 	6045
f 5795 	6036 	4777
f 6044 	6037 	6045
f 6015 	6038 	6521
f 501 	6040 	6043
f 6040 	501 	505
f 6521 	6016 	6015
f 505 	6026 	6040
f 577 	6026 	505
f 6037 	6042 	6147
f 6042 	6037 	6044
f 6042 	6044 	6039
f 6033 	6042 	6039
f 6041 	5973 	6024
f 5973 	6041 	6043
f 6043 	6040 	6030
f 6015 	6045 	6038
f 6030 	5973 	6043
f 6032 	6040 	6026
f 6030 	6040 	6032
f 3743 	6046 	3753
f 5973 	6030 	5788
f 6051 	5585 	5779
f 3753 	6047 	3739
f 3753 	6046 	6049
f 6047 	3753 	6049
f 6124 	6054 	6046
f 6054 	6124 	6050
f 6051 	6292 	6048
f 5711 	5706 	6047
f 6051 	6048 	6052
f 6047 	6049 	5708
f 5711 	6047 	5708
f 6051 	6052 	6060
f 6048 	6053 	6052
f 6049 	5709 	5708
f 6046 	6054 	6049
f 6293 	6055 	6048
f 6048 	6055 	6053
f 6054 	5709 	6049
f 6027 	6054 	6050
f 5202 	5000 	5995
f 5984 	6122 	5994
f 5587 	5797 	5574
f 5585 	6060 	5587
f 6051 	6060 	5585
f 5797 	5587 	6060
f 5798 	6060 	6052
f 5798 	5797 	6060
f 6052 	6053 	5800
f 5798 	6052 	5800
f 6019 	5956 	5959
f 5958 	6019 	5959
f 6074 	6082 	6078
f 6074 	6093 	6082
f 5935 	6056 	6057
f 6078 	5681 	5680
f 5941 	6062 	6063
f 6064 	5941 	6063
f 5681 	6078 	6082
f 5681 	6082 	5682
f 5682 	6082 	5683
f 5683 	6082 	5951
f 923 	6083 	892
f 6072 	5982 	6071
f 5982 	6072 	6073
f 901 	892 	6083
f 5984 	5994 	6075
f 6083 	6084 	6085
f 901 	6083 	6085
f 6084 	6074 	6085
f 5992 	6081 	5995
f 6078 	6085 	6074
f 900 	5684 	906
f 6086 	901 	6085
f 901 	6086 	900
f 5940 	5939 	6062
f 6086 	6085 	6078
f 5941 	5940 	6062
f 5684 	900 	6086
f 5684 	6086 	5685
f 5686 	6086 	6078
f 5686 	6078 	5680
f 6059 	5937 	6066
f 5685 	6086 	5686
f 6068 	5977 	6067
f 6069 	5977 	6068
f 6089 	6087 	6092
f 5990 	6080 	6081
f 6088 	6089 	6092
f 6057 	5936 	5935
f 5936 	6057 	5939
f 6087 	5946 	6092
f 6058 	5938 	5937
f 6058 	5937 	6059
f 6067 	5938 	6058
f 5946 	6087 	6311
f 5939 	6057 	6061
f 6061 	6062 	5939
f 6311 	6014 	5946
f 6064 	5942 	5941
f 6065 	5974 	5942
f 6065 	5942 	6064
f 6066 	5975 	5974
f 6065 	6066 	5974
f 6088 	6091 	6090
f 5975 	6066 	5937
f 5976 	5938 	6067
f 5977 	5976 	6067
f 6088 	6092 	6091
f 6069 	5978 	5977
f 5978 	6069 	5979
f 6070 	5979 	6069
f 6092 	5946 	5947
f 6070 	6071 	5979
f 5980 	5979 	6071
f 6071 	5982 	5980
f 5947 	6091 	6092
f 6073 	5983 	5982
f 5984 	6075 	5985
f 6093 	6306 	6090
f 6076 	5986 	6075
f 5985 	6075 	5986
f 6077 	5987 	6076
f 5986 	6076 	5987
f 5935 	5987 	6056
f 6077 	6056 	5987
f 6306 	6093 	6074
f 6073 	6079 	5983
f 5988 	5983 	6079
f 5988 	6079 	5990
f 6080 	5990 	6079
f 6090 	6091 	5949
f 6081 	5991 	5990
f 6093 	6090 	5949
f 5991 	6081 	5992
f 6095 	6096 	6094
f 6097 	6094 	6096
f 6099 	6100 	6098
f 6098 	6100 	6101
f 5951 	6082 	5949
f 6093 	5949 	6082
f 5626 	6096 	6095
f 5626 	6095 	5629
f 5629 	6095 	6094
f 889 	6104 	890
f 6098 	6096 	5630
f 5631 	5629 	6097
f 6094 	6097 	5629
f 5630 	5632 	6098
f 6099 	5633 	6100
f 6097 	5263 	5631
f 5992 	5000 	5991
f 5975 	5937 	6157
f 6102 	6157 	5937
f 5263 	6097 	4974
f 6096 	6098 	6097
f 6098 	6101 	6097
f 452 	4974 	6101
f 5633 	6101 	6100
f 6120 	5987 	6118
f 6125 	5994 	6122
f 6104 	6299 	6103
f 6112 	6157 	6111
f 6104 	6438 	6110
f 6113 	6157 	6112
f 6114 	5935 	6113
f 6109 	6111 	6157
f 6054 	6027 	5709
f 6105 	6157 	6117
f 6117 	518 	6116
f 4064 	6119 	4063
f 5935 	6118 	5987
f 6118 	5935 	6114
f 4063 	6119 	3645
f 6121 	6122 	6120
f 6122 	6121 	6123
f 3645 	6119 	6124
f 6106 	6157 	6105
f 6106 	6107 	6157
f 6107 	6108 	6157
f 6108 	6109 	6157
f 6122 	5986 	6120
f 3645 	6124 	6046
f 6119 	6126 	6124
f 6258 	6119 	4064
f 6119 	6258 	6126
f 6123 	6125 	6122
f 6124 	6126 	6050
f 6116 	6137 	6138
f 6012 	6145 	5993
f 6139 	6116 	6138
f 6012 	5993 	5996
f 644 	6143 	1125
f 6106 	6105 	6128
f 6143 	644 	5989
f 6144 	6143 	5989
f 6169 	6144 	5998
f 6120 	6118 	6141
f 6120 	6141 	6142
f 6123 	6142 	6125
f 6129 	6128 	6105
f 6106 	6128 	6130
f 6109 	6108 	6132
f 6133 	6111 	6132
f 6113 	6135 	6114
f 6115 	459 	6137
f 459 	739 	6137
f 6139 	6117 	6116
f 6117 	6139 	6105
f 6154 	6127 	6156
f 6114 	6136 	6118
f 6140 	6118 	6136
f 6140 	6141 	6118
f 6156 	6127 	6149
f 6130 	6107 	6106
f 6147 	6149 	6146
f 6107 	6130 	6108
f 6131 	6108 	6130
f 6131 	6132 	6108
f 6109 	6132 	6111
f 6134 	6112 	6111
f 6134 	6111 	6133
f 6112 	6134 	6113
f 6135 	6113 	6134
f 6146 	6150 	6147
f 6136 	6114 	6135
f 6148 	6150 	6146
f 6580 	6150 	6148
f 6037 	6147 	6150
f 6116 	6115 	6137
f 6150 	6580 	6038
f 6129 	6105 	6139
f 6038 	6037 	6150
f 6142 	6121 	6120
f 6121 	6142 	6123
f 6151 	6152 	6153
f 6050 	6025 	6027
f 6127 	6154 	6126
f 6153 	6155 	6151
f 6126 	6154 	6050
f 510 	452 	6153
f 5829 	6153 	5828
f 6152 	5828 	6153
f 6151 	6155 	5830
f 6025 	6050 	6154
f 5830 	5828 	6152
f 5830 	6152 	6151
f 510 	6153 	5829
f 6025 	6154 	6033
f 5832 	5830 	6155
f 6101 	5720 	6155
f 518 	6117 	6157
f 6155 	452 	6101
f 6153 	452 	6155
f 6097 	6101 	4974
f 6145 	6174 	6169
f 6062 	6163 	6063
f 6162 	6063 	6163
f 6164 	6163 	6061
f 6057 	6172 	6061
f 6164 	6061 	6172
f 6012 	6001 	6198
f 1125 	6143 	6181
f 6185 	6143 	6144
f 6181 	6143 	6185
f 6165 	6071 	6166
f 6207 	6073 	6208
f 6185 	6144 	6189
f 6169 	6189 	6144
f 6070 	6069 	6166
f 6071 	6070 	6166
f 6171 	6170 	6067
f 6069 	6068 	6168
f 6167 	6166 	6069
f 6174 	6145 	6012
f 6057 	6056 	6172
f 6174 	6012 	6198
f 6177 	6176 	6076
f 6183 	5934 	6184
f 6186 	6184 	5934
f 6187 	6186 	5934
f 6188 	6187 	5934
f 6192 	6191 	5934
f 6190 	5934 	6191
f 6196 	5933 	6197
f 6199 	6197 	5933
f 6198 	6001 	6005
f 6200 	6199 	5933
f 6198 	6213 	6174
f 5933 	5995 	6201
f 6203 	6202 	5995
f 6331 	6213 	6198
f 6331 	6198 	6005
f 6331 	6005 	6333
f 6210 	6209 	5933
f 6201 	6200 	5933
f 6211 	5933 	6196
f 6210 	5933 	6211
f 6354 	6181 	6185
f 6209 	6195 	5933
f 6194 	5933 	6195
f 6194 	6193 	5933
f 5934 	5933 	6193
f 6193 	6192 	5934
f 6352 	6181 	6354
f 6189 	6355 	6185
f 5933 	5202 	5995
f 6204 	6203 	5995
f 6202 	6201 	5995
f 6354 	6185 	6355
f 6072 	6208 	6073
f 6072 	6071 	6208
f 6165 	6208 	6071
f 6212 	6169 	6174
f 6169 	6212 	6189
f 6079 	6073 	6206
f 6207 	6206 	6073
f 6080 	6079 	6206
f 6206 	6205 	6080
f 6205 	6204 	6080
f 6081 	6080 	6204
f 5995 	6081 	6204
f 6160 	6158 	6065
f 6064 	6161 	6065
f 6063 	6161 	6064
f 6066 	6065 	6158
f 6061 	6163 	6062
f 6162 	6161 	6063
f 6160 	6065 	6161
f 6059 	6066 	6158
f 6158 	6159 	6059
f 6159 	6171 	6059
f 6058 	6059 	6171
f 6058 	6171 	6067
f 6170 	6168 	6067
f 6068 	6067 	6168
f 6168 	6167 	6069
f 6212 	6174 	6213
f 6213 	6358 	6212
f 6137 	739 	6217
f 6218 	6217 	739
f 5534 	6219 	5517
f 5535 	6229 	5536
f 5536 	6229 	6219
f 5536 	6219 	5534
f 6135 	6134 	6239
f 5538 	6235 	6229
f 5538 	6229 	5535
f 5537 	6235 	5538
f 6134 	6133 	6221
f 6133 	6132 	6221
f 6222 	6221 	6132
f 5537 	5540 	6235
f 6223 	6222 	6132
f 6132 	6131 	6223
f 6226 	5934 	6227
f 6227 	5934 	6228
f 5934 	6183 	6228
f 6230 	6180 	6231
f 6219 	6229 	6256
f 6180 	6179 	6232
f 6140 	6136 	6237
f 6235 	6251 	6272
f 6240 	566 	6241
f 6244 	6251 	5542
f 6243 	6242 	566
f 6242 	6241 	566
f 5541 	6244 	5542
f 5541 	5543 	6244
f 6247 	5934 	6248
f 5539 	6251 	5540
f 5934 	6250 	6249
f 6250 	5934 	6226
f 6251 	6235 	5540
f 6249 	6248 	5934
f 5934 	6247 	6246
f 6245 	6243 	5934
f 566 	5934 	6243
f 6246 	6245 	5934
f 5539 	5542 	6251
f 6190 	6188 	5934
f 6182 	6230 	6183
f 6180 	6230 	6182
f 6179 	5994 	6232
f 6178 	6177 	5994
f 6075 	5994 	6177
f 6076 	6075 	6177
f 6125 	6232 	5994
f 6175 	6173 	6056
f 6173 	6172 	6056
f 6056 	6077 	6175
f 6179 	6178 	5994
f 6077 	6076 	6175
f 6176 	6175 	6076
f 6142 	6141 	6234
f 6125 	6142 	6234
f 6234 	6233 	6125
f 6233 	6232 	6125
f 6231 	6180 	6232
f 6228 	6183 	6230
f 6136 	6135 	6239
f 6220 	6239 	6134
f 6221 	6220 	6134
f 6236 	6234 	6141
f 6237 	6236 	6141
f 6141 	6140 	6237
f 6238 	6237 	6136
f 6239 	6238 	6136
f 6147 	6156 	6149
f 6154 	6156 	6033
f 6216 	6138 	6217
f 6225 	6224 	6130
f 6224 	6223 	6130
f 6131 	6130 	6223
f 6130 	6128 	6225
f 6128 	6129 	6225
f 6215 	6225 	6129
f 6214 	6215 	6129
f 6129 	6139 	6214
f 6139 	6138 	6214
f 6216 	6214 	6138
f 6137 	6217 	6138
f 6156 	6147 	6042
f 2847 	6158 	2848
f 2848 	6158 	2849
f 6156 	6042 	6033
f 2851 	6162 	2852
f 4081 	6252 	4074
f 2852 	6162 	2853
f 6166 	2856 	2855
f 2856 	6166 	2857
f 6253 	4074 	6252
f 6244 	5543 	6566
f 6566 	6276 	6244
f 4074 	6253 	6255
f 5544 	6566 	5543
f 5812 	6219 	6257
f 4064 	4078 	6254
f 2866 	6178 	2867
f 2867 	6178 	2868
f 6179 	2868 	6178
f 6180 	2869 	2868
f 6180 	2868 	6179
f 2870 	2869 	6180
f 4078 	6255 	6254
f 6235 	6261 	6229
f 6186 	2873 	2872
f 6255 	6253 	6260
f 6187 	2875 	2873
f 6187 	2873 	6186
f 6254 	6255 	6260
f 2876 	2875 	6187
f 6253 	6347 	6260
f 6190 	2877 	2876
f 6253 	6252 	6348
f 2878 	2877 	6190
f 6257 	6219 	6256
f 6347 	6253 	6348
f 4064 	6254 	6258
f 6263 	5811 	6257
f 6254 	6259 	6258
f 2882 	6209 	2895
f 2883 	6196 	2884
f 6254 	6260 	6259
f 6199 	2885 	2884
f 6229 	6261 	6256
f 2885 	6199 	2886
f 2886 	6201 	2887
f 5801 	5800 	6053
f 2887 	6201 	2888
f 6055 	6262 	6053
f 6256 	6261 	6266
f 6053 	6262 	5801
f 2892 	6207 	2893
f 2893 	6207 	2894
f 5801 	6262 	6022
f 2897 	2895 	6209
f 6196 	2883 	2898
f 2847 	6159 	6158
f 6160 	2849 	6158
f 6161 	2851 	2849
f 6161 	2849 	6160
f 6256 	6265 	6257
f 6257 	6265 	6263
f 6265 	6256 	6266
f 6261 	6271 	6266
f 6272 	6261 	6235
f 6244 	6268 	6251
f 6251 	6268 	6272
f 6264 	6269 	6267
f 6268 	6244 	6276
f 6264 	6270 	6269
f 6261 	6272 	6271
f 6278 	6270 	6273
f 6272 	6268 	6279
f 6274 	6273 	783
f 6271 	6272 	6279
f 6274 	783 	501
f 6055 	6267 	6262
f 6267 	6269 	6277
f 6268 	6276 	6275
f 6262 	6267 	6277
f 6269 	6280 	6277
f 6270 	6278 	6269
f 6571 	6275 	6276
f 6273 	6274 	6278
f 6269 	6278 	6280
f 6041 	6278 	6274
f 6279 	6268 	6275
f 6271 	6279 	6297
f 6274 	501 	6043
f 6041 	6274 	6043
f 6022 	6262 	6277
f 6277 	6280 	6023
f 6280 	6024 	6023
f 6263 	6284 	5815
f 6041 	6280 	6278
f 6280 	6041 	6024
f 6263 	6291 	6284
f 6265 	6291 	6263
f 6281 	6291 	6265
f 6266 	6281 	6265
f 6286 	5813 	5815
f 5777 	5771 	6287
f 6286 	5815 	6284
f 5819 	6286 	6285
f 6286 	6284 	6289
f 6285 	6286 	6289
f 6284 	6290 	6289
f 6288 	6282 	6294
f 6287 	6288 	6294
f 6282 	6344 	6294
f 6283 	6345 	6282
f 6284 	6291 	6290
f 6344 	6282 	6345
f 6292 	5777 	6287
f 6291 	6281 	6295
f 5777 	6292 	5779
f 6287 	6293 	6292
f 6290 	6291 	6295
f 6303 	6295 	6281
f 6287 	6294 	6293
f 6051 	5779 	6292
f 6292 	6293 	6048
f 6289 	6290 	6323
f 2851 	6161 	6162
f 6104 	6110 	6299
f 6326 	6290 	6295
f 6271 	6304 	6266
f 6089 	6302 	6441
f 922 	6103 	6296
f 6271 	6297 	6304
f 6103 	6298 	6296
f 6275 	6305 	6279
f 6300 	6305 	6275
f 6103 	6299 	6298
f 6299 	6301 	6298
f 6110 	6302 	6299
f 6299 	6302 	6301
f 6304 	6281 	6266
f 6281 	6304 	6303
f 6302 	6088 	6301
f 6304 	6297 	6308
f 6302 	6089 	6088
f 6303 	6304 	6308
f 6083 	923 	6296
f 6297 	6310 	6308
f 6084 	6296 	6298
f 6296 	6084 	6083
f 6279 	6305 	6297
f 6298 	6301 	6306
f 6297 	6305 	6310
f 6306 	6084 	6298
f 6305 	6300 	6313
f 6301 	6088 	6090
f 6306 	6301 	6090
f 6310 	6305 	6313
f 6084 	6306 	6074
f 6300 	6307 	6313
f 6307 	6300 	6598
f 6303 	6308 	6526
f 6442 	6309 	6087
f 6308 	6310 	6527
f 6311 	6087 	6309
f 6309 	6312 	6311
f 6311 	6312 	6011
f 6313 	6307 	6536
f 6258 	6259 	6127
f 6127 	6126 	6258
f 6319 	6003 	5821
f 6127 	6259 	6149
f 6285 	6320 	5821
f 2395 	6314 	4080
f 2480 	6314 	2395
f 6289 	6321 	6285
f 2481 	6317 	2482
f 6285 	6321 	6320
f 2482 	6317 	6314
f 2482 	6314 	2480
f 6289 	6323 	6321
f 2481 	2484 	6317
f 6356 	6317 	2484
f 4080 	6314 	6340
f 6009 	6315 	6007
f 6340 	4081 	4080
f 6318 	6315 	6009
f 6319 	5821 	6320
f 6318 	6009 	6319
f 6319 	6322 	6318
f 6319 	6320 	6322
f 6324 	6322 	6320
f 6321 	6324 	6320
f 6324 	6321 	6329
f 6318 	6335 	6315
f 6315 	6335 	6334
f 6290 	6326 	6323
f 6303 	6328 	6295
f 6295 	6328 	6326
f 6329 	6321 	6323
f 6323 	6326 	6325
f 6326 	6327 	6325
f 6326 	6328 	6327
f 6327 	6328 	6330
f 6324 	6393 	6388
f 6329 	6323 	6325
f 6324 	6329 	6393
f 6424 	6330 	6529
f 6163 	2853 	6162
f 2853 	6163 	2854
f 6164 	2854 	6163
f 6172 	2861 	6164
f 2855 	6165 	6166
f 6166 	6167 	2857
f 6168 	2858 	6167
f 2857 	6167 	2858
f 6170 	2859 	2858
f 6170 	2858 	6168
f 6331 	6333 	6332
f 2859 	6170 	2860
f 6171 	2860 	6170
f 6333 	6334 	6332
f 6159 	2847 	2860
f 6159 	2860 	6171
f 6315 	6333 	6007
f 2854 	6164 	2861
f 6173 	2862 	2861
f 6173 	2861 	6172
f 6334 	6333 	6315
f 6175 	2863 	2862
f 6175 	2862 	6173
f 6176 	2864 	2863
f 6176 	2863 	6175
f 2864 	6176 	2866
f 6177 	2866 	6176
f 6178 	2866 	6177
f 6182 	2870 	6180
f 2870 	6182 	2871
f 6183 	2871 	6182
f 2871 	6183 	2872
f 6184 	2872 	6183
f 6186 	2872 	6184
f 6188 	2876 	6187
f 6055 	6293 	6460
f 2876 	6188 	6190
f 6191 	2878 	6190
f 6337 	5780 	3111
f 2878 	6191 	2879
f 6192 	2879 	6191
f 2879 	6192 	2880
f 6193 	2880 	6192
f 3116 	6337 	3115
f 2880 	6193 	2881
f 6194 	2881 	6193
f 6195 	2882 	2881
f 6195 	2881 	6194
f 5780 	6336 	5785
f 3115 	6337 	3111
f 6195 	6209 	2882
f 6196 	6197 	2884
f 5780 	6337 	6336
f 2884 	6197 	6199
f 6199 	6200 	2886
f 2886 	6200 	6201
f 6201 	6202 	2888
f 6338 	5785 	6336
f 6203 	2889 	6202
f 2888 	6202 	2889
f 6204 	2890 	2889
f 6204 	2889 	6203
f 2890 	6204 	2891
f 6205 	2891 	6204
f 6336 	6337 	6464
f 6206 	2892 	2891
f 6206 	2891 	6205
f 6464 	6283 	6336
f 2892 	6206 	6207
f 6464 	6339 	6283
f 6208 	2894 	6207
f 6208 	2855 	2894
f 6165 	2855 	6208
f 6288 	5771 	5783
f 6210 	2897 	6209
f 5785 	6338 	5783
f 6211 	2898 	2897
f 6211 	2897 	6210
f 2898 	6211 	6196
f 6288 	5783 	6338
f 6216 	2904 	2903
f 6282 	6288 	6338
f 2904 	6216 	6217
f 2904 	6217 	2905
f 6283 	6338 	6336
f 6338 	6283 	6282
f 2905 	6217 	6218
f 2905 	6218 	2906
f 2906 	6218 	743
f 6221 	2908 	2907
f 2908 	6221 	2909
f 2910 	6224 	2911
f 2911 	6224 	2912
f 6314 	6317 	6316
f 1452 	6465 	1453
f 6227 	2914 	2913
f 6228 	2915 	6227
f 2914 	6227 	2915
f 2915 	6228 	2916
f 6283 	6339 	6345
f 6340 	6314 	6316
f 1452 	6341 	6339
f 6252 	4081 	6340
f 2920 	6236 	2921
f 2921 	6236 	2922
f 6340 	6316 	6342
f 6342 	6252 	6340
f 6241 	2926 	2925
f 6252 	6342 	6348
f 2926 	6241 	2927
f 6242 	2927 	6241
f 2928 	2927 	6242
f 6341 	6345 	6339
f 6343 	6346 	6351
f 6461 	6345 	6341
f 6346 	6343 	6618
f 6344 	6345 	6461
f 6247 	2931 	2930
f 2932 	2931 	6247
f 6249 	2933 	2932
f 2934 	2933 	6249
f 2902 	6215 	2903
f 6214 	2903 	6215
f 6348 	6343 	6351
f 6216 	2903 	6214
f 6347 	6348 	6351
f 6349 	6351 	6346
f 6346 	6622 	6349
f 2907 	6220 	6221
f 6221 	6222 	2909
f 6350 	6260 	6347
f 2909 	6222 	6223
f 2909 	6223 	2910
f 6259 	6260 	6350
f 2910 	6223 	6224
f 6347 	6353 	6350
f 6225 	2912 	6224
f 2912 	6225 	2902
f 6215 	2902 	6225
f 6318 	6385 	6335
f 6226 	2913 	6250
f 6322 	6385 	6318
f 2913 	6226 	6227
f 6349 	6353 	6351
f 6322 	6324 	6388
f 6347 	6351 	6353
f 6228 	6230 	2916
f 6353 	6349 	6148
f 6231 	2917 	6230
f 2916 	6230 	2917
f 6232 	2918 	6231
f 2917 	6231 	2918
f 6233 	2919 	6232
f 2918 	6232 	2919
f 6234 	2920 	2919
f 6234 	2919 	6233
f 2920 	6234 	6236
f 6350 	6149 	6259
f 6237 	2922 	6236
f 6350 	6146 	6149
f 2922 	6237 	2923
f 6238 	2923 	6237
f 6239 	2924 	2923
f 6239 	2923 	6238
f 2924 	6239 	2907
f 6220 	2907 	6239
f 6240 	2925 	539
f 6353 	6148 	6146
f 6241 	2925 	6240
f 6350 	6353 	6146
f 6627 	2487 	2492
f 6243 	2928 	6242
f 2491 	2487 	6356
f 2487 	6627 	6356
f 2928 	6243 	2929
f 6245 	2929 	6243
f 6189 	6357 	6355
f 6246 	2930 	2929
f 6246 	2929 	6245
f 6357 	6189 	6212
f 2930 	6246 	6247
f 2491 	6356 	2484
f 6248 	2932 	6247
f 6212 	6358 	6357
f 2932 	6248 	6249
f 6250 	2934 	6249
f 2934 	6250 	2913
f 6331 	6359 	6213
f 6317 	6356 	6363
f 4974 	452 	6102
f 6317 	6363 	6316
f 6157 	6102 	452
f 6213 	6359 	6358
f 518 	6157 	452
f 6332 	6359 	6331
f 6316 	6360 	6342
f 6368 	6361 	6367
f 6363 	6360 	6316
f 6369 	6361 	6368
f 6370 	6394 	6361
f 6366 	6367 	6361
f 6369 	6370 	6361
f 6373 	6480 	6372
f 6372 	6480 	6371
f 6343 	6342 	6360
f 6374 	6480 	6373
f 6375 	6480 	6374
f 6376 	6480 	6375
f 6361 	6480 	6377
f 6378 	6377 	6480
f 6412 	6017 	6011
f 6380 	6361 	6379
f 6382 	6383 	6361
f 6380 	6381 	6361
f 6398 	6379 	6361
f 6383 	6384 	6361
f 6362 	6361 	6384
f 6387 	6362 	6386
f 6384 	6386 	6362
f 6389 	6362 	6387
f 6390 	6362 	6389
f 6322 	6388 	6385
f 6396 	6361 	6395
f 6394 	6395 	6361
f 6325 	6397 	6329
f 6329 	6397 	6393
f 6398 	6361 	6396
f 382 	6423 	617
f 6400 	6362 	6399
f 6391 	6399 	6362
f 383 	6423 	382
f 6401 	6362 	6400
f 6403 	6362 	6402
f 6312 	6309 	6449
f 6404 	6362 	6403
f 6405 	6362 	6404
f 6401 	6402 	6362
f 6408 	6362 	6407
f 6405 	6407 	6362
f 6409 	6362 	6408
f 6406 	6312 	6449
f 6362 	6409 	6410
f 6362 	6410 	6411
f 6406 	6392 	6412
f 6327 	6413 	6325
f 6416 	6479 	6415
f 6325 	6413 	6397
f 6406 	6412 	6312
f 6413 	6327 	6419
f 6392 	6420 	6412
f 6422 	6479 	6421
f 6418 	6479 	6417
f 6330 	6419 	6327
f 617 	6423 	6392
f 6478 	6479 	6422
f 6418 	6421 	6479
f 6419 	6330 	6424
f 6427 	6479 	6426
f 6392 	6423 	6420
f 6428 	6479 	6427
f 6425 	6426 	6479
f 6432 	6479 	6431
f 6434 	6479 	6432
f 6435 	6479 	6434
f 6437 	6480 	6436
f 6423 	383 	6013
f 6013 	6420 	6423
f 6312 	6412 	6011
f 6439 	6438 	6443
f 6104 	889 	6438
f 6110 	6438 	6439
f 6439 	6440 	6441
f 6441 	6110 	6439
f 6440 	6442 	6441
f 6110 	6441 	6302
f 6089 	6441 	6442
f 6089 	6442 	6087
f 941 	1004 	6443
f 6443 	1004 	700
f 700 	6446 	6443
f 700 	701 	6446
f 6444 	6446 	701
f 6444 	701 	702
f 702 	698 	6448
f 702 	6448 	6444
f 699 	6445 	698
f 6445 	6448 	698
f 610 	6445 	699
f 6439 	6443 	6446
f 6446 	6444 	6440
f 6440 	6439 	6446
f 6447 	6440 	6444
f 6444 	6448 	6447
f 6448 	6445 	6449
f 6447 	6448 	6449
f 6406 	6445 	610
f 610 	6392 	6406
f 610 	617 	6392
f 6440 	6447 	6442
f 6447 	6449 	6309
f 6442 	6447 	6309
f 6449 	6445 	6406
f 6006 	5960 	6450
f 5687 	5670 	6451
f 6451 	6453 	5688
f 5687 	6451 	5688
f 6450 	6453 	6451
f 6454 	6453 	6450
f 5689 	5688 	6453
f 6453 	5690 	5689
f 6452 	6455 	6454
f 6454 	6455 	6453
f 5691 	5690 	6455
f 6453 	6455 	5690
f 5691 	6455 	5692
f 6457 	6456 	6459
f 6456 	6484 	6459
f 6458 	6455 	6452
f 6457 	6458 	6452
f 6459 	6458 	6457
f 5693 	5692 	6458
f 6458 	5692 	6455
f 5694 	5693 	6458
f 6462 	6341 	843
f 6341 	6462 	6461
f 6344 	6460 	6294
f 6294 	6460 	6293
f 6344 	6264 	6460
f 6344 	6461 	6264
f 6461 	6270 	6264
f 6462 	843 	746
f 6270 	6461 	6462
f 6462 	746 	6273
f 6270 	6462 	6273
f 6460 	6264 	6267
f 6267 	6055 	6460
f 3116 	6463 	6337
f 3117 	6463 	3116
f 3119 	6463 	3117
f 3118 	6466 	3119
f 1451 	3120 	1455
f 3118 	3120 	6466
f 1451 	6466 	3120
f 6464 	6337 	6463
f 6463 	6465 	6464
f 3119 	6466 	6463
f 6463 	6466 	6465
f 1453 	6465 	6466
f 6339 	6464 	6465
f 6465 	1452 	6339
f 697 	695 	6470
f 4822 	6470 	695
f 6468 	697 	6470
f 6468 	6469 	6467
f 6468 	6470 	6469
f 6470 	4822 	4827
f 6469 	6470 	4827
f 6035 	577 	6467
f 6035 	6026 	577
f 6469 	6028 	6467
f 6028 	6035 	6467
f 6028 	6469 	4771
f 4771 	6469 	4827
f 805 	502 	747
f 805 	504 	502
f 696 	504 	805
f 504 	696 	6468
f 6477 	6480 	6476
f 6371 	6480 	6477
f 6480 	6475 	6476
f 6425 	6479 	6478
f 6431 	6479 	6430
f 6414 	6479 	6411
f 6414 	6415 	6479
f 6416 	6417 	6479
f 6479 	6362 	6411
f 6428 	6430 	6479
f 6436 	6480 	6435
f 6471 	6480 	6437
f 6472 	6480 	6471
f 6473 	6480 	6472
f 6475 	6480 	6474
f 6474 	6480 	6473
f 6479 	6435 	6480
f 6364 	6361 	6377
f 6365 	6361 	6364
f 6365 	6366 	6361
f 6376 	6378 	6480
f 6381 	6382 	6361
f 6390 	6391 	6362
f 6361 	520 	6480
f 6342 	6343 	6348
f 6481 	6020 	6525
f 5695 	5694 	6459
f 6458 	6459 	5694
f 6459 	6484 	5696
f 5695 	6459 	5696
f 6484 	6456 	772
f 772 	6487 	6484
f 772 	778 	6487
f 787 	6487 	778
f 5697 	5696 	6484
f 6484 	5698 	5697
f 6486 	5090 	5088
f 5699 	5698 	6487
f 6484 	6487 	5698
f 5699 	6487 	786
f 786 	6487 	787
f 6482 	5717 	6488
f 6485 	6491 	5717
f 6489 	6506 	6492
f 6497 	5997 	6490
f 5997 	6497 	5960
f 6490 	6494 	6497
f 6490 	6495 	6494
f 6495 	6492 	6496
f 6494 	6495 	6496
f 6492 	6509 	6496
f 6497 	6450 	5960
f 6454 	6497 	6494
f 6497 	6454 	6450
f 6494 	6496 	6452
f 6454 	6494 	6452
f 6457 	6452 	6496
f 583 	6498 	383
f 6502 	6498 	583
f 585 	6502 	583
f 6502 	585 	6499
f 6513 	6504 	595
f 599 	6513 	595
f 6500 	6013 	6498
f 6018 	6013 	6500
f 6498 	6501 	6500
f 6498 	6502 	6501
f 6502 	6499 	6503
f 6501 	6502 	6503
f 6499 	6489 	6503
f 595 	6504 	591
f 591 	6504 	6499
f 6499 	6504 	6489
f 6500 	6501 	6490
f 6490 	5997 	6500
f 6501 	6503 	6495
f 6490 	6501 	6495
f 6503 	6489 	6492
f 6492 	6495 	6503
f 6504 	6507 	6489
f 6489 	6507 	6506
f 6510 	6507 	359
f 359 	6508 	6510
f 1621 	6505 	1632
f 361 	6508 	359
f 1613 	6505 	1621
f 766 	6508 	361
f 6492 	6506 	6509
f 6507 	6510 	6506
f 6512 	6506 	6510
f 6510 	6508 	6511
f 6479 	6480 	451
f 765 	6511 	6508
f 765 	6508 	766
f 3839 	5515 	3455
f 6457 	6496 	6509
f 3069 	5515 	3071
f 6457 	6509 	6456
f 6506 	6512 	6509
f 5515 	555 	3071
f 6512 	6510 	6511
f 6512 	6456 	6509
f 556 	3077 	3072
f 772 	6512 	6511
f 558 	4033 	3069
f 3069 	3068 	558
f 772 	6456 	6512
f 3068 	3070 	6532
f 778 	6511 	765
f 3070 	3076 	6532
f 772 	6511 	778
f 3075 	6533 	3074
f 6517 	6514 	718
f 6515 	6517 	720
f 3076 	893 	6532
f 565 	3075 	3073
f 6507 	6504 	6513
f 3074 	6533 	3076
f 565 	3073 	564
f 359 	6507 	6513
f 717 	6516 	599
f 6513 	599 	6516
f 717 	6514 	6516
f 6513 	6516 	359
f 6516 	6514 	361
f 556 	3072 	555
f 3072 	3071 	555
f 359 	6516 	361
f 6514 	362 	361
f 557 	567 	3077
f 3077 	556 	557
f 6514 	6517 	362
f 3077 	567 	3078
f 567 	568 	3078
f 6515 	793 	6517
f 3079 	3078 	568
f 569 	3079 	568
f 793 	362 	6517
f 3080 	3079 	569
f 569 	570 	3080
f 793 	6515 	797
f 3081 	3080 	570
f 571 	3081 	570
f 1616 	6505 	1615
f 1617 	6505 	1616
f 1618 	6505 	1617
f 6493 	6483 	6519
f 1619 	6505 	1618
f 6482 	6519 	6483
f 6518 	6485 	6493
f 1620 	6505 	1619
f 6483 	6493 	6485
f 6491 	6485 	6518
f 6352 	6505 	1620
f 6354 	6505 	6352
f 6520 	6491 	6518
f 6355 	6505 	6354
f 6357 	6505 	6355
f 6520 	6486 	6491
f 6358 	6505 	6357
f 6520 	5090 	6486
f 6359 	6505 	6358
f 6332 	6505 	6359
f 6334 	6505 	6332
f 6335 	6505 	6334
f 6385 	6505 	6335
f 6388 	6505 	6385
f 6393 	6505 	6388
f 6397 	6505 	6393
f 6413 	6505 	6397
f 6429 	6505 	6424
f 6433 	6505 	6429
f 6505 	6433 	6541
f 6505 	6546 	6547
f 6505 	6547 	6548
f 6505 	6548 	6549
f 6522 	6016 	6521
f 6505 	6549 	6550
f 6016 	6522 	6021
f 6544 	6505 	6550
f 6522 	6524 	6021
f 6524 	6020 	6021
f 1629 	6505 	1627
f 1630 	6505 	1629
f 1631 	6505 	1630
f 6505 	1631 	1632
f 1614 	6505 	1613
f 6505 	1614 	1615
f 6505 	6544 	1664
f 1668 	6505 	1664
f 1670 	6505 	1668
f 6505 	1670 	1672
f 6505 	1672 	1623
f 1623 	1624 	6505
f 6505 	1624 	1625
f 6505 	1625 	1626
f 1627 	6505 	1626
f 6419 	6505 	6413
f 6424 	6505 	6419
f 6328 	6303 	6526
f 6526 	6308 	6527
f 6528 	6527 	6310
f 6328 	6526 	6330
f 6526 	6527 	6529
f 6529 	6330 	6526
f 6527 	6528 	6531
f 6529 	6527 	6531
f 6531 	6528 	6530
f 6530 	6528 	6536
f 3068 	562 	558
f 563 	562 	6532
f 6532 	562 	3068
f 6532 	893 	563
f 565 	566 	6533
f 565 	6533 	3075
f 893 	3076 	6533
f 5590 	3840 	773
f 779 	780 	3840
f 6362 	6534 	6535
f 6362 	6535 	6361
f 6535 	520 	6361
f 6362 	6479 	521
f 400 	521 	6479
f 6362 	521 	6534
f 6313 	6528 	6310
f 6313 	6536 	6528
f 6538 	6307 	507
f 6536 	6542 	6530
f 409 	6378 	6376
f 6307 	6538 	6536
f 6538 	6542 	6536
f 507 	6539 	6538
f 582 	6539 	507
f 6537 	6539 	582
f 6538 	6543 	6542
f 6539 	6543 	6538
f 6529 	6429 	6424
f 6531 	6429 	6529
f 6530 	6433 	6531
f 6531 	6433 	6429
f 6433 	6530 	6541
f 6542 	6541 	6530
f 6542 	6545 	6541
f 6540 	6543 	6539
f 6542 	6543 	6545
f 6426 	439 	6427
f 6540 	6546 	6543
f 438 	437 	6427
f 6543 	6546 	6545
f 6546 	6540 	6547
f 6563 	6544 	6550
f 1664 	6544 	1705
f 1705 	6544 	6563
f 6505 	6541 	6545
f 6545 	6546 	6505
f 6479 	451 	400
f 4033 	558 	6534
f 6535 	6534 	558
f 558 	560 	6535
f 520 	6535 	560
f 521 	4045 	6534
f 516 	740 	6552
f 6558 	6551 	597
f 467 	6552 	526
f 516 	6552 	451
f 467 	473 	6552
f 6537 	6540 	6539
f 451 	6480 	520
f 517 	451 	520
f 516 	451 	517
f 472 	465 	400
f 464 	454 	518
f 465 	464 	400
f 6553 	6540 	6537
f 515 	6554 	584
f 521 	400 	518
f 584 	6554 	6537
f 515 	6551 	6554
f 6553 	6537 	6554
f 6554 	6551 	6561
f 6553 	6554 	6561
f 6583 	6525 	6524
f 6020 	6524 	6525
f 6555 	6481 	6525
f 6555 	6523 	6488
f 6488 	6481 	6555
f 6488 	6523 	6482
f 6482 	6523 	6519
f 6540 	6553 	6547
f 6553 	6548 	6547
f 6553 	6561 	6548
f 593 	6559 	598
f 6559 	6558 	598
f 6558 	6564 	6551
f 6551 	6564 	6561
f 6562 	6556 	6557
f 6558 	6559 	6563
f 6565 	6556 	6562
f 6562 	6557 	5105
f 6559 	1705 	6563
f 5105 	6557 	5106
f 1705 	6559 	1719
f 6561 	6549 	6548
f 6560 	6518 	6493
f 6564 	6558 	6563
f 6561 	6564 	6549
f 6518 	6560 	6565
f 6550 	6564 	6563
f 6565 	6562 	6520
f 6549 	6564 	6550
f 6518 	6565 	6520
f 5090 	6520 	6562
f 5718 	6568 	5719
f 5719 	6568 	6566
f 5719 	6566 	5544
f 5718 	5726 	6568
f 6567 	6276 	6566
f 6566 	6568 	6567
f 6276 	6567 	6571
f 6300 	6275 	6571
f 6575 	6573 	6643
f 6570 	6573 	6572
f 6585 	6571 	6567
f 6573 	6560 	6572
f 6574 	6568 	5726
f 5725 	6574 	5726
f 6575 	6560 	6573
f 5728 	6574 	5725
f 6565 	6575 	6556
f 6560 	6575 	6565
f 6568 	6574 	6576
f 6523 	6555 	6569
f 6567 	6568 	6576
f 5728 	6578 	6574
f 6572 	6577 	6570
f 6523 	6569 	6577
f 6577 	6572 	6519
f 6577 	6519 	6523
f 6493 	6572 	6560
f 6519 	6572 	6493
f 6574 	6579 	6576
f 6148 	6589 	6580
f 6578 	6579 	6574
f 6579 	6578 	6581
f 6584 	6576 	6579
f 6579 	6581 	6587
f 6584 	6579 	6587
f 6580 	6582 	6521
f 6521 	6038 	6580
f 6521 	6582 	6522
f 6576 	6585 	6567
f 6585 	6576 	6584
f 6586 	6591 	6583
f 6582 	6586 	6522
f 6585 	6584 	6599
f 6586 	6583 	6524
f 6522 	6586 	6524
f 6583 	6614 	6588
f 6583 	6588 	6525
f 6525 	6588 	6555
f 6555 	6588 	6569
f 6580 	6589 	6582
f 6589 	6590 	6582
f 6582 	6590 	6586
f 6590 	6624 	6591
f 6590 	6591 	6586
f 6591 	6614 	6583
f 6587 	509 	6584
f 6578 	5728 	5742
f 5742 	5750 	6578
f 6595 	6578 	5750
f 5749 	6595 	5750
f 5751 	6597 	5752
f 5752 	6597 	6595
f 5752 	6595 	5749
f 5751 	5753 	6597
f 6578 	6595 	6581
f 6581 	6595 	6596
f 6595 	6597 	6596
f 6300 	6571 	6598
f 6585 	6598 	6571
f 6599 	6598 	6585
f 6598 	6599 	507
f 507 	6307 	6598
f 507 	6599 	582
f 6599 	6584 	509
f 582 	6599 	509
f 6581 	6596 	6600
f 6600 	6587 	6581
f 6587 	514 	509
f 6587 	6600 	514
f 6600 	6601 	519
f 514 	6600 	519
f 519 	6601 	590
f 587 	6609 	594
f 6609 	6610 	594
f 6605 	6597 	5753
f 6602 	6597 	6605
f 6600 	6596 	6601
f 6597 	6602 	6596
f 6596 	6602 	6601
f 6602 	6603 	6601
f 6602 	6605 	6604
f 6602 	6604 	6603
f 590 	6601 	6603
f 5759 	6605 	5753
f 5760 	6606 	5761
f 5761 	6606 	6605
f 5761 	6605 	5759
f 6612 	6606 	5765
f 6604 	6605 	6606
f 6606 	6607 	6604
f 5760 	5765 	6606
f 6609 	6604 	6607
f 6609 	6603 	6604
f 6607 	6610 	6609
f 6607 	6612 	6608
f 6607 	6608 	6610
f 6611 	1856 	6608
f 6608 	1856 	1854
f 6603 	587 	590
f 587 	6603 	6609
f 6610 	6608 	1854
f 6610 	1854 	1885
f 1885 	594 	6610
f 5764 	6612 	5765
f 5767 	6611 	5768
f 5768 	6611 	6612
f 5768 	6612 	5764
f 5767 	1850 	6611
f 6607 	6606 	6612
f 6608 	6612 	6611
f 1856 	6611 	1849
f 6384 	416 	6386
f 415 	6386 	416
f 414 	413 	6390
f 425 	6403 	426
f 424 	6404 	425
f 6403 	425 	6404
f 432 	6409 	433
f 435 	6431 	436
f 447 	6436 	434
f 446 	6471 	447
f 407 	406 	6366
f 6366 	406 	6367
f 405 	6367 	406
f 6477 	441 	6371
f 402 	6372 	403
f 6375 	6374 	401
f 6378 	409 	408
f 6377 	408 	6364
f 6377 	6378 	408
f 411 	6380 	412
f 6387 	6386 	415
f 6387 	415 	6389
f 414 	6389 	415
f 414 	6390 	6389
f 6396 	422 	421
f 6400 	419 	418
f 6400 	418 	6401
f 6416 	430 	429
f 6418 	6417 	428
f 6416 	429 	6417
f 428 	6417 	429
f 427 	6421 	428
f 6592 	6613 	6594
f 6593 	6614 	6591
f 6593 	6615 	6614
f 6615 	6594 	6617
f 6614 	6615 	6617
f 6594 	6613 	6616
f 6617 	6594 	6616
f 6662 	6570 	6613
f 6573 	6570 	6662
f 6662 	6643 	6573
f 6588 	6614 	6617
f 6617 	6616 	6569
f 6617 	6569 	6588
f 6616 	6577 	6569
f 6616 	6613 	6570
f 6616 	6570 	6577
f 6360 	6618 	6343
f 6628 	6618 	6360
f 6618 	6619 	6623
f 6346 	6618 	6623
f 6619 	6621 	6623
f 6621 	6619 	6635
f 6346 	6623 	6622
f 6623 	6621 	6624
f 6593 	6624 	6621
f 6589 	6349 	6622
f 6589 	6148 	6349
f 6589 	6622 	6590
f 6623 	6624 	6622
f 6590 	6622 	6624
f 6593 	6591 	6624
f 2492 	2495 	6627
f 6625 	6627 	2495
f 2494 	6625 	2495
f 2496 	6639 	6625
f 2496 	6625 	2494
f 6356 	6626 	6363
f 6626 	6356 	6627
f 6627 	6625 	6629
f 6626 	6627 	6629
f 6628 	6363 	6626
f 6363 	6628 	6360
f 6626 	6629 	6620
f 6628 	6619 	6618
f 6628 	6626 	6620
f 6628 	6620 	6619
f 6593 	6621 	6630
f 6593 	6630 	6615
f 6630 	6631 	6615
f 6631 	6592 	6594
f 6594 	6615 	6631
f 2500 	2533 	6633
f 6633 	5 	9
f 9 	6632 	6633
f 6629 	6640 	6636
f 6634 	6632 	8
f 8 	6632 	9
f 6620 	6635 	6619
f 6636 	6620 	6629
f 6635 	6620 	6636
f 6636 	6634 	6637
f 6635 	6636 	6637
f 6634 	6638 	6637
f 8 	6638 	6634
f 6635 	6637 	6630
f 6621 	6635 	6630
f 6637 	6631 	6630
f 6638 	8 	12
f 6637 	6638 	6631
f 6638 	6592 	6631
f 6638 	12 	6592
f 2499 	6639 	2496
f 2501 	2500 	6633
f 2501 	6639 	2499
f 6640 	6625 	6639
f 6625 	6640 	6629
f 6639 	6632 	6640
f 6639 	2501 	6633
f 6639 	6633 	6632
f 6640 	6632 	6634
f 6636 	6640 	6634
f 6645 	6641 	6646
f 6647 	6641 	6642
f 6646 	6641 	6647
f 5181 	6642 	5182
f 6643 	6644 	6575
f 6556 	6575 	6644
f 6645 	6646 	6644
f 6646 	6556 	6644
f 6556 	6646 	6557
f 6647 	6642 	5181
f 6646 	6647 	6557
f 6647 	5181 	5106
f 5106 	6557 	6647
f 6649 	6648 	6654
f 6648 	6671 	6650
f 6654 	6648 	6650
f 6667 	6651 	6669
f 6654 	6652 	6649
f 6651 	6667 	6652
f 6652 	6653 	6651
f 6652 	6654 	6653
f 6654 	6650 	6655
f 6653 	6654 	6655
f 5419 	6650 	5407
f 6645 	6669 	6651
f 6651 	6653 	6641
f 6641 	6645 	6651
f 6642 	6653 	6655
f 6641 	6653 	6642
f 5182 	6642 	6655
f 6655 	6650 	5419
f 6 	6657 	10
f 6 	11 	6657
f 10 	6657 	6656
f 6657 	6658 	6656
f 6657 	6666 	6658
f 6656 	6659 	12
f 12 	6659 	6592
f 6656 	6658 	6660
f 6659 	6656 	6660
f 6658 	6661 	6660
f 6592 	6659 	6613
f 6659 	6660 	6662
f 6613 	6659 	6662
f 6660 	6661 	6643
f 6643 	6662 	6660
f 6643 	6661 	6644
f 6661 	6669 	6645
f 6644 	6661 	6645
f 2505 	6663 	2
f 2505 	2 	4
f 2504 	6663 	2505
f 2508 	6663 	2504
f 2522 	6665 	2507
f 6664 	2 	6663
f 2 	6664 	11
f 2507 	6665 	2508
f 2508 	6665 	6663
f 11 	6664 	6666
f 6657 	11 	6666
f 6664 	6667 	6666
f 6663 	6668 	6664
f 6665 	6668 	6663
f 6665 	6649 	6668
f 6664 	6668 	6667
f 6668 	6652 	6667
f 6668 	6649 	6652
f 6666 	6667 	6669
f 6666 	6669 	6658
f 6658 	6669 	6661
f 2521 	6670 	2522
f 2522 	6670 	6665
f 2524 	6670 	2521
f 6665 	6670 	6649
f 6670 	2524 	6648
f 2526 	6648 	2524
f 6649 	6670 	6648
f 2528 	6671 	2529
f 2526 	2529 	6648
f 6671 	6648 	2529
f 2528 	2478 	6671
f 5407 	6650 	6671
f 5 	6633 	2533
f 6478 	6422 	427
f 2532 	5 	2533
f 3 	7 	2535
f 6478 	450 	6425
f 2535 	7 	5
f 2535 	5 	2532
f 6426 	6425 	439
f 4 	2 	1
f 6428 	6427 	437
f 436 	6430 	437
f 6428 	437 	6430
f 435 	6432 	6431
f 6430 	436 	6431
f 447 	6437 	6436
f 6437 	447 	6471
f 6475 	6474 	443
f 6475 	443 	442
f 408 	407 	6364
f 6367 	405 	6368
f 6394 	6370 	423
f 6373 	402 	6374
f 409 	6376 	401
f 6398 	420 	6379
f 6379 	412 	6380
f 6380 	411 	6381
f 410 	6381 	411
f 6381 	410 	6382
f 416 	6384 	6383
f 416 	6383 	410
f 410 	6383 	6382
f 6390 	413 	6391
f 413 	419 	6391
f 6370 	404 	423
f 6395 	6394 	422
f 423 	422 	6394
f 6395 	422 	6396
f 421 	420 	6396
f 6398 	6396 	420
f 412 	6379 	420
f 6399 	6391 	419
f 6399 	419 	6400
f 417 	6401 	418
f 6401 	417 	426
f 403 	6371 	441
f 6402 	6401 	426
f 6402 	426 	6403
f 6405 	6404 	424
f 433 	6407 	424
f 6405 	424 	6407
f 6407 	433 	6408
f 6408 	433 	6409
f 6410 	431 	6411
f 431 	6410 	432
f 6409 	432 	6410
f 6411 	431 	6414
f 430 	6414 	431
f 6415 	6414 	430
f 6415 	430 	6416
f 6418 	428 	6421
f 6421 	427 	6422
f 440 	439 	6425
f 438 	6427 	439
f 434 	6434 	435
f 6432 	435 	6434
f 434 	6435 	6434
f 6435 	434 	6436
f 6471 	446 	6472
f 6472 	446 	6473
f 445 	6473 	446
f 6473 	445 	6474
f 444 	6474 	445
f 444 	443 	6474
f 442 	6476 	6475
f 6477 	6476 	441
f 442 	441 	6476
f 427 	450 	6478
f 440 	6425 	450
f 6365 	6364 	407
f 6365 	407 	6366
f 404 	6370 	6369
f 6368 	405 	6369
f 404 	6369 	405
f 6371 	403 	6372
f 6373 	6372 	402
f 402 	401 	6374
f 6375 	401 	6376
# 13390 faces

 #end of obj_0

